SK_ID_CURR,TARGET
100001,0.03
100005,0.07
100013,0.05
100028,0.04
100038,0.11
100042,0.11
100057,0.01
100065,0.06
100066,0.02
100067,0.12
100074,0.1
100090,0.06
100091,0.17
100092,0.19
100106,0.14
100107,0.16
100109,0.12
100117,0.04
100128,0.1
100141,0.02
100150,0.0
100168,0.01
100169,0.15
100170,0.02
100171,0.06
100172,0.13
100184,0.03
100187,0.04
100212,0.16
100222,0.06
100223,0.05
100232,0.0
100241,0.13
100245,0.01
100253,0.05
100256,0.12
100271,0.03
100278,0.2
100280,0.01
100306,0.18
100311,0.2
100312,0.04
100330,0.13
100331,0.02
100352,0.11
100358,0.08
100367,0.01
100382,0.26
100384,0.06
100385,0.07
100386,0.06
100399,0.03
100404,0.07
100416,0.05
100422,0.1
100426,0.04
100438,0.1
100444,0.14
100445,0.07
100446,0.14
100447,0.02
100450,0.06
100466,0.0
100483,0.03
100484,0.03
100494,0.09
100510,0.09
100512,0.02
100517,0.01
100548,0.08
100551,0.05
100552,0.21
100553,0.04
100561,0.17
100568,0.32
100569,0.03
100591,0.08
100592,0.03
100602,0.04
100607,0.07
100613,0.02
100617,0.12
100618,0.07
100622,0.1
100625,0.15
100677,0.23
100699,0.04
100702,0.47
100711,0.1
100729,0.18
100740,0.15
100744,0.09
100745,0.05
100747,0.12
100751,0.39
100752,0.08
100753,0.26
100754,0.16
100760,0.04
100762,0.11
100763,0.17
100765,0.03
100770,0.11
100772,0.04
100777,0.05
100791,0.02
100792,0.03
100797,0.06
100823,0.1
100826,0.03
100830,0.06
100836,0.25
100872,0.14
100910,0.05
100913,0.35
100918,0.13
100931,0.04
100952,0.06
100953,0.07
100965,0.28
100970,0.0
100982,0.11
100983,0.29
100984,0.06
100987,0.05
100997,0.06
100998,0.23
101002,0.03
101005,0.24
101008,0.18
101020,0.04
101021,0.02
101024,0.18
101025,0.18
101026,0.08
101031,0.0
101041,0.01
101051,0.03
101055,0.15
101056,0.19
101057,0.02
101064,0.1
101079,0.11
101087,0.08
101090,0.03
101092,0.14
101097,0.14
101099,0.01
101107,0.06
101118,0.05
101125,0.11
101126,0.01
101128,0.0
101136,0.23
101140,0.22
101149,0.12
101160,0.06
101169,0.29
101181,0.05
101186,0.01
101190,0.11
101193,0.08
101194,0.29
101198,0.12
101200,0.07
101204,0.02
101211,0.04
101213,0.15
101223,0.02
101225,0.02
101237,0.07
101243,0.05
101244,0.13
101258,0.06
101259,0.25
101268,0.12
101269,0.01
101271,0.06
101279,0.09
101281,0.2
101287,0.0
101292,0.04
101294,0.04
101296,0.05
101297,0.03
101299,0.17
101301,0.08
101305,0.24
101308,0.31
101318,0.01
101327,0.23
101329,0.03
101332,0.04
101337,0.05
101343,0.05
101345,0.01
101346,0.05
101353,0.03
101354,0.17
101355,0.29
101356,0.02
101362,0.07
101363,0.25
101365,0.02
101366,0.03
101367,0.17
101368,0.03
101374,0.18
101380,0.04
101383,0.02
101398,0.0
101399,0.38
101401,0.1
101412,0.1
101426,0.03
101427,0.32
101428,0.23
101429,0.15
101434,0.03
101440,0.07
101448,0.01
101449,0.06
101465,0.05
101467,0.06
101472,0.15
101478,0.21
101497,0.13
101504,0.28
101547,0.01
101548,0.1
101555,0.19
101570,0.02
101572,0.12
101578,0.07
101580,0.35
101588,0.2
101602,0.04
101610,0.12
101614,0.03
101616,0.04
101643,0.05
101644,0.05
101649,0.22
101650,0.07
101665,0.0
101667,0.07
101669,0.02
101674,0.07
101675,0.05
101678,0.12
101682,0.11
101686,0.03
101697,0.06
101700,0.41
101711,0.04
101714,0.05
101715,0.15
101728,0.09
101732,0.05
101757,0.25
101758,0.05
101759,0.01
101762,0.01
101764,0.05
101780,0.29
101784,0.03
101789,0.02
101816,0.01
101819,0.06
101827,0.0
101863,0.13
101867,0.05
101870,0.01
101873,0.16
101878,0.2
101879,0.1
101880,0.02
101887,0.03
101897,0.06
101901,0.09
101903,0.23
101920,0.1
101921,0.05
101922,0.11
101961,0.1
101962,0.05
101971,0.08
101976,0.25
102002,0.07
102005,0.04
102007,0.34
102017,0.0
102019,0.21
102029,0.03
102051,0.3
102052,0.01
102054,0.01
102062,0.06
102067,0.12
102068,0.18
102070,0.05
102090,0.17
102092,0.06
102099,0.05
102100,0.09
102112,0.08
102113,0.03
102122,0.23
102123,0.05
102125,0.08
102126,0.3
102146,0.06
102147,0.08
102151,0.05
102158,0.14
102159,0.05
102162,0.1
102165,0.04
102166,0.02
102174,0.06
102193,0.15
102198,0.02
102205,0.21
102206,0.04
102218,0.01
102221,0.04
102230,0.06
102238,0.06
102248,0.06
102252,0.32
102259,0.08
102262,0.22
102273,0.06
102286,0.08
102293,0.0
102294,0.05
102296,0.07
102298,0.16
102303,0.03
102309,0.02
102315,0.05
102340,0.04
102342,0.13
102344,0.04
102346,0.05
102347,0.05
102374,0.18
102380,0.03
102387,0.04
102393,0.05
102403,0.04
102413,0.09
102414,0.01
102415,0.08
102416,0.1
102439,0.01
102441,0.17
102443,0.03
102444,0.24
102445,0.08
102448,0.07
102449,0.15
102450,0.22
102456,0.02
102458,0.11
102459,0.09
102465,0.05
102470,0.2
102471,0.03
102475,0.09
102476,0.17
102506,0.13
102509,0.09
102519,0.07
102522,0.05
102545,0.03
102549,0.03
102562,0.06
102563,0.01
102568,0.1
102582,0.08
102592,0.05
102597,0.12
102605,0.08
102614,0.04
102617,0.05
102634,0.12
102652,0.0
102655,0.03
102671,0.03
102694,0.19
102701,0.05
102703,0.0
102704,0.01
102713,0.09
102720,0.24
102731,0.04
102733,0.03
102749,0.0
102755,0.0
102763,0.05
102770,0.05
102772,0.1
102799,0.17
102838,0.03
102854,0.02
102862,0.11
102863,0.05
102867,0.04
102868,0.03
102878,0.06
102887,0.03
102898,0.19
102904,0.1
102912,0.1
102919,0.0
102927,0.07
102932,0.07
102933,0.16
102935,0.02
102958,0.03
102969,0.09
102971,0.04
102975,0.04
102979,0.15
102982,0.05
102987,0.18
102989,0.08
102995,0.1
102996,0.16
103000,0.03
103001,0.16
103004,0.05
103010,0.0
103025,0.16
103029,0.1
103046,0.05
103056,0.05
103062,0.18
103078,0.0
103083,0.0
103092,0.05
103096,0.05
103097,0.23
103102,0.08
103112,0.15
103132,0.02
103144,0.14
103145,0.08
103146,0.03
103147,0.08
103158,0.02
103171,0.12
103173,0.08
103184,0.04
103195,0.24
103196,0.14
103206,0.02
103230,0.11
103231,0.16
103232,0.02
103239,0.2
103240,0.12
103243,0.09
103252,0.13
103258,0.1
103259,0.15
103279,0.03
103280,0.03
103286,0.0
103287,0.57
103290,0.03
103298,0.05
103315,0.02
103319,0.06
103334,0.04
103336,0.13
103345,0.03
103368,0.01
103371,0.16
103377,0.07
103398,0.0
103404,0.06
103408,0.41
103410,0.11
103418,0.05
103420,0.22
103432,0.06
103433,0.01
103436,0.01
103440,0.05
103453,0.06
103459,0.09
103460,0.04
103461,0.05
103462,0.08
103473,0.12
103474,0.02
103475,0.22
103478,0.22
103480,0.17
103484,0.06
103494,0.15
103513,0.07
103515,0.03
103516,0.26
103525,0.14
103541,0.18
103544,0.04
103562,0.24
103570,0.3
103572,0.2
103574,0.01
103575,0.06
103591,0.06
103594,0.02
103609,0.05
103613,0.05
103614,0.15
103615,0.07
103624,0.11
103625,0.12
103628,0.26
103629,0.06
103647,0.14
103648,0.13
103651,0.07
103658,0.05
103668,0.11
103669,0.03
103676,0.07
103682,0.08
103683,0.05
103689,0.04
103725,0.11
103733,0.19
103744,0.02
103762,0.06
103771,0.27
103773,0.01
103783,0.07
103784,0.06
103808,0.02
103812,0.05
103813,0.15
103814,0.06
103818,0.16
103824,0.03
103828,0.0
103830,0.53
103840,0.0
103842,0.15
103847,0.17
103848,0.11
103851,0.02
103854,0.15
103857,0.17
103861,0.01
103862,0.2
103865,0.14
103870,0.01
103876,0.02
103891,0.34
103908,0.03
103914,0.08
103918,0.05
103940,0.04
103963,0.12
103966,0.15
103971,0.11
103980,0.12
103984,0.15
103985,0.01
103998,0.32
104019,0.01
104026,0.06
104035,0.09
104044,0.14
104045,0.09
104047,0.31
104051,0.01
104058,0.11
104063,0.01
104066,0.22
104087,0.03
104089,0.05
104095,0.06
104098,0.28
104104,0.06
104110,0.3
104120,0.2
104122,0.03
104131,0.02
104132,0.1
104135,0.04
104136,0.03
104149,0.04
104150,0.05
104156,0.28
104165,0.16
104175,0.03
104179,0.06
104184,0.29
104206,0.03
104216,0.34
104230,0.14
104257,0.05
104272,0.13
104273,0.12
104278,0.0
104294,0.16
104295,0.04
104297,0.04
104298,0.07
104308,0.03
104318,0.01
104319,0.07
104320,0.11
104327,0.09
104334,0.1
104344,0.01
104350,0.0
104351,0.12
104354,0.06
104369,0.29
104376,0.09
104381,0.03
104384,0.07
104391,0.01
104394,0.04
104398,0.29
104402,0.02
104408,0.16
104409,0.05
104410,0.29
104412,0.08
104417,0.2
104424,0.13
104426,0.07
104435,0.07
104445,0.01
104458,0.04
104460,0.02
104466,0.03
104472,0.06
104473,0.15
104479,0.02
104480,0.04
104482,0.21
104499,0.02
104501,0.0
104502,0.03
104506,0.1
104510,0.0
104512,0.21
104520,0.12
104528,0.12
104529,0.01
104541,0.03
104578,0.04
104584,0.1
104588,0.11
104602,0.14
104610,0.03
104611,0.15
104618,0.12
104620,0.03
104622,0.05
104624,0.05
104625,0.08
104634,0.05
104639,0.1
104646,0.04
104647,0.02
104652,0.07
104670,0.06
104677,0.04
104685,0.23
104691,0.06
104696,0.1
104699,0.04
104712,0.06
104714,0.1
104717,0.03
104718,0.01
104740,0.06
104741,0.05
104743,0.01
104744,0.04
104747,0.16
104767,0.09
104772,0.25
104776,0.13
104779,0.01
104814,0.06
104815,0.06
104830,0.11
104831,0.21
104833,0.11
104839,0.04
104840,0.04
104860,0.08
104861,0.08
104866,0.06
104870,0.04
104877,0.08
104878,0.05
104879,0.12
104880,0.04
104899,0.01
104906,0.18
104907,0.1
104913,0.27
104916,0.11
104921,0.05
104930,0.04
104931,0.19
104936,0.0
104937,0.05
104942,0.07
104943,0.01
104969,0.11
104972,0.24
104988,0.09
105013,0.02
105015,0.01
105019,0.11
105027,0.04
105030,0.04
105035,0.16
105041,0.13
105051,0.09
105056,0.1
105067,0.43
105071,0.03
105072,0.03
105074,0.14
105091,0.08
105101,0.02
105103,0.02
105134,0.02
105139,0.04
105142,0.23
105146,0.16
105163,0.02
105168,0.15
105172,0.03
105176,0.39
105195,0.05
105196,0.17
105197,0.06
105203,0.05
105223,0.14
105227,0.19
105228,0.02
105230,0.24
105231,0.14
105239,0.09
105242,0.14
105244,0.05
105245,0.06
105248,0.1
105249,0.01
105266,0.21
105271,0.17
105276,0.01
105282,0.03
105292,0.17
105297,0.02
105332,0.13
105333,0.1
105343,0.06
105344,0.06
105345,0.09
105357,0.03
105359,0.08
105366,0.06
105367,0.16
105370,0.03
105377,0.11
105390,0.13
105399,0.02
105403,0.03
105404,0.04
105414,0.03
105417,0.03
105425,0.16
105452,0.21
105454,0.26
105456,0.02
105470,0.06
105471,0.03
105483,0.23
105493,0.14
105508,0.09
105514,0.07
105515,0.01
105528,0.24
105529,0.08
105531,0.06
105532,0.1
105558,0.02
105574,0.02
105578,0.04
105584,0.26
105595,0.08
105617,0.11
105618,0.08
105621,0.03
105625,0.06
105629,0.07
105630,0.06
105634,0.02
105635,0.03
105641,0.04
105647,0.13
105648,0.08
105655,0.09
105657,0.01
105672,0.03
105678,0.22
105682,0.08
105691,0.02
105692,0.05
105706,0.06
105712,0.05
105720,0.06
105734,0.02
105735,0.06
105736,0.19
105737,0.06
105738,0.17
105740,0.2
105744,0.09
105747,0.06
105749,0.19
105754,0.06
105758,0.05
105760,0.11
105767,0.14
105784,0.14
105791,0.04
105802,0.22
105807,0.19
105809,0.13
105816,0.07
105817,0.03
105824,0.1
105832,0.05
105856,0.02
105865,0.14
105899,0.16
105906,0.06
105916,0.08
105923,0.12
105937,0.08
105965,0.0
105966,0.14
105968,0.28
105973,0.02
105976,0.19
105978,0.11
105979,0.01
105991,0.23
105998,0.12
105999,0.04
106000,0.28
106001,0.05
106010,0.12
106011,0.1
106013,0.17
106015,0.13
106026,0.01
106032,0.02
106035,0.3
106040,0.08
106041,0.19
106044,0.03
106053,0.19
106054,0.04
106065,0.29
106081,0.1
106083,0.11
106087,0.0
106090,0.14
106101,0.07
106102,0.02
106109,0.05
106116,0.13
106150,0.03
106155,0.21
106166,0.05
106176,0.12
106189,0.01
106199,0.07
106205,0.15
106206,0.13
106211,0.08
106214,0.04
106216,0.07
106217,0.06
106225,0.1
106249,0.01
106256,0.2
106258,0.02
106261,0.02
106262,0.26
106264,0.01
106271,0.01
106276,0.03
106277,0.13
106286,0.17
106293,0.03
106295,0.06
106296,0.04
106297,0.11
106298,0.04
106311,0.03
106314,0.24
106320,0.04
106334,0.1
106346,0.11
106347,0.01
106349,0.06
106354,0.05
106360,0.03
106373,0.19
106377,0.11
106386,0.12
106387,0.08
106391,0.04
106401,0.27
106411,0.11
106413,0.39
106426,0.04
106427,0.1
106428,0.17
106434,0.05
106438,0.11
106440,0.07
106441,0.03
106452,0.11
106453,0.1
106454,0.09
106457,0.13
106484,0.03
106488,0.12
106491,0.13
106514,0.15
106527,0.2
106528,0.13
106529,0.02
106534,0.19
106550,0.23
106577,0.1
106585,0.13
106590,0.04
106607,0.03
106610,0.08
106611,0.05
106612,0.16
106624,0.06
106631,0.0
106647,0.3
106660,0.11
106674,0.05
106687,0.07
106712,0.1
106713,0.07
106717,0.07
106720,0.2
106721,0.18
106724,0.03
106735,0.11
106739,0.03
106740,0.03
106754,0.05
106760,0.27
106761,0.05
106784,0.11
106787,0.13
106797,0.0
106798,0.19
106802,0.12
106803,0.07
106804,0.29
106805,0.02
106810,0.02
106812,0.22
106813,0.03
106817,0.13
106822,0.01
106823,0.07
106827,0.1
106841,0.07
106851,0.36
106852,0.06
106853,0.21
106854,0.4
106861,0.06
106873,0.07
106877,0.04
106878,0.02
106881,0.04
106900,0.05
106906,0.1
106907,0.18
106914,0.21
106916,0.04
106924,0.03
106931,0.01
106936,0.1
106937,0.13
106938,0.08
106939,0.05
106943,0.14
106944,0.16
106967,0.02
106980,0.07
106986,0.04
106987,0.01
106990,0.05
107013,0.0
107023,0.02
107033,0.06
107037,0.15
107048,0.02
107071,0.08
107081,0.0
107113,0.13
107130,0.12
107131,0.08
107145,0.11
107156,0.1
107219,0.18
107222,0.09
107223,0.3
107232,0.05
107245,0.19
107246,0.04
107247,0.13
107256,0.02
107259,0.03
107260,0.01
107279,0.13
107280,0.04
107281,0.06
107285,0.0
107329,0.02
107337,0.21
107349,0.06
107350,0.04
107351,0.05
107359,0.1
107391,0.14
107394,0.05
107395,0.05
107406,0.0
107416,0.12
107417,0.05
107418,0.08
107419,0.06
107444,0.0
107445,0.1
107446,0.11
107460,0.18
107470,0.05
107475,0.03
107520,0.05
107526,0.16
107527,0.02
107530,0.02
107532,0.03
107534,0.18
107535,0.23
107554,0.3
107556,0.02
107559,0.11
107561,0.08
107564,0.24
107566,0.0
107571,0.05
107590,0.19
107602,0.1
107625,0.06
107626,0.45
107635,0.0
107636,0.14
107645,0.14
107652,0.3
107655,0.03
107668,0.05
107670,0.04
107677,0.0
107680,0.15
107683,0.25
107684,0.02
107691,0.07
107692,0.06
107703,0.02
107709,0.04
107710,0.22
107721,0.23
107725,0.1
107727,0.03
107739,0.01
107740,0.11
107741,0.1
107747,0.09
107765,0.37
107768,0.1
107775,0.12
107782,0.29
107790,0.08
107801,0.05
107807,0.04
107811,0.06
107817,0.04
107826,0.04
107838,0.19
107839,0.02
107843,0.07
107847,0.17
107849,0.14
107850,0.08
107867,0.04
107871,0.1
107908,0.0
107913,0.14
107927,0.01
107931,0.05
107955,0.09
107962,0.09
107977,0.05
107978,0.12
107993,0.04
108010,0.23
108016,0.02
108018,0.35
108027,0.19
108045,0.26
108069,0.13
108082,0.01
108089,0.11
108092,0.02
108106,0.05
108112,0.06
108120,0.04
108122,0.24
108135,0.14
108170,0.09
108171,0.14
108177,0.01
108180,0.15
108183,0.02
108184,0.07
108185,0.07
108192,0.06
108195,0.18
108196,0.02
108218,0.05
108219,0.15
108243,0.14
108249,0.0
108251,0.02
108274,0.12
108280,0.38
108289,0.03
108292,0.12
108295,0.03
108327,0.02
108332,0.09
108346,0.02
108349,0.09
108353,0.14
108362,0.02
108363,0.07
108377,0.43
108378,0.15
108381,0.01
108383,0.24
108390,0.06
108407,0.06
108408,0.1
108411,0.06
108412,0.12
108419,0.1
108436,0.37
108437,0.14
108438,0.02
108441,0.08
108448,0.08
108449,0.07
108466,0.02
108467,0.18
108473,0.12
108474,0.04
108476,0.13
108479,0.02
108486,0.0
108493,0.02
108501,0.04
108506,0.21
108510,0.06
108511,0.12
108514,0.02
108517,0.04
108519,0.09
108522,0.03
108548,0.25
108554,0.06
108555,0.08
108559,0.01
108562,0.06
108571,0.04
108572,0.03
108579,0.13
108583,0.01
108584,0.08
108592,0.02
108602,0.01
108609,0.03
108613,0.23
108616,0.07
108618,0.07
108620,0.03
108643,0.04
108649,0.06
108654,0.07
108655,0.02
108656,0.03
108667,0.03
108668,0.12
108682,0.11
108690,0.12
108691,0.11
108692,0.12
108695,0.06
108699,0.06
108710,0.11
108718,0.18
108739,0.39
108740,0.04
108741,0.02
108742,0.14
108763,0.0
108767,0.17
108769,0.22
108779,0.26
108788,0.05
108801,0.06
108802,0.03
108810,0.05
108811,0.04
108813,0.02
108814,0.18
108825,0.04
108826,0.13
108830,0.12
108834,0.0
108852,0.06
108887,0.15
108901,0.12
108908,0.04
108910,0.06
108920,0.15
108922,0.06
108929,0.1
108930,0.13
108937,0.29
108938,0.04
108943,0.14
108948,0.04
108953,0.03
108956,0.1
108965,0.03
108985,0.18
108986,0.25
108987,0.09
108990,0.03
108991,0.11
108993,0.18
109000,0.16
109001,0.17
109012,0.44
109014,0.05
109015,0.09
109021,0.01
109037,0.05
109042,0.13
109044,0.06
109046,0.5
109064,0.03
109084,0.01
109086,0.02
109092,0.0
109093,0.12
109100,0.16
109101,0.07
109110,0.08
109114,0.1
109126,0.41
109152,0.02
109162,0.04
109167,0.02
109168,0.13
109169,0.04
109179,0.17
109184,0.16
109191,0.15
109192,0.03
109193,0.07
109196,0.09
109206,0.11
109210,0.02
109244,0.19
109249,0.13
109273,0.01
109276,0.12
109281,0.05
109287,0.15
109297,0.23
109298,0.03
109306,0.03
109309,0.01
109321,0.28
109328,0.2
109336,0.04
109342,0.06
109346,0.02
109347,0.11
109348,0.27
109362,0.07
109363,0.01
109367,0.06
109370,0.01
109393,0.08
109405,0.05
109413,0.05
109414,0.39
109421,0.02
109427,0.09
109428,0.07
109429,0.17
109437,0.06
109443,0.02
109461,0.07
109468,0.11
109469,0.03
109471,0.18
109479,0.13
109484,0.05
109501,0.1
109505,0.02
109535,0.07
109539,0.0
109544,0.09
109545,0.02
109551,0.07
109553,0.05
109555,0.02
109561,0.15
109580,0.05
109583,0.23
109593,0.12
109604,0.05
109620,0.04
109635,0.01
109637,0.31
109638,0.04
109642,0.08
109649,0.07
109652,0.05
109656,0.01
109663,0.09
109696,0.28
109700,0.19
109709,0.19
109735,0.09
109740,0.02
109741,0.11
109749,0.06
109764,0.05
109771,0.21
109772,0.14
109773,0.27
109798,0.08
109802,0.28
109804,0.05
109813,0.02
109818,0.08
109848,0.19
109850,0.03
109851,0.06
109855,0.02
109871,0.54
109877,0.09
109883,0.01
109886,0.01
109905,0.09
109936,0.31
109950,0.14
109958,0.14
109959,0.15
109969,0.02
109971,0.02
109984,0.03
109985,0.17
109988,0.02
109992,0.1
110005,0.09
110009,0.06
110011,0.17
110014,0.12
110026,0.06
110042,0.02
110058,0.01
110069,0.08
110080,0.02
110087,0.03
110091,0.03
110094,0.03
110098,0.15
110105,0.06
110117,0.1
110136,0.09
110138,0.25
110149,0.11
110164,0.12
110202,0.11
110212,0.05
110226,0.0
110236,0.0
110249,0.01
110257,0.07
110258,0.01
110277,0.02
110282,0.13
110284,0.03
110286,0.07
110289,0.0
110304,0.03
110319,0.1
110324,0.07
110326,0.07
110335,0.26
110337,0.15
110338,0.04
110343,0.04
110345,0.07
110347,0.12
110355,0.07
110359,0.07
110360,0.12
110364,0.12
110371,0.14
110372,0.02
110376,0.08
110379,0.14
110380,0.03
110393,0.05
110401,0.27
110406,0.02
110411,0.1
110416,0.03
110420,0.05
110443,0.02
110465,0.03
110468,0.06
110469,0.07
110471,0.21
110487,0.27
110491,0.06
110504,0.04
110547,0.08
110550,0.05
110559,0.14
110578,0.21
110582,0.13
110590,0.04
110598,0.09
110601,0.36
110602,0.02
110604,0.07
110625,0.27
110626,0.16
110636,0.26
110637,0.27
110638,0.12
110646,0.1
110648,0.05
110652,0.08
110681,0.05
110682,0.07
110687,0.17
110691,0.03
110694,0.05
110695,0.03
110696,0.1
110708,0.03
110710,0.02
110717,0.11
110730,0.04
110740,0.06
110742,0.09
110747,0.06
110761,0.06
110766,0.01
110769,0.02
110774,0.03
110803,0.03
110805,0.03
110809,0.24
110827,0.25
110832,0.07
110839,0.04
110859,0.2
110861,0.05
110863,0.28
110865,0.14
110881,0.08
110889,0.03
110891,0.03
110894,0.04
110895,0.03
110907,0.18
110914,0.19
110933,0.04
110934,0.0
110937,0.01
110953,0.08
110954,0.11
110958,0.2
110970,0.07
110974,0.08
110977,0.13
110989,0.03
110993,0.32
110994,0.3
111018,0.0
111019,0.11
111030,0.05
111032,0.02
111041,0.01
111045,0.06
111048,0.05
111052,0.15
111070,0.24
111084,0.16
111091,0.03
111104,0.0
111108,0.06
111112,0.04
111127,0.03
111142,0.1
111146,0.13
111165,0.0
111168,0.02
111169,0.28
111172,0.02
111173,0.01
111174,0.14
111175,0.16
111176,0.02
111177,0.05
111180,0.03
111182,0.02
111192,0.08
111194,0.16
111196,0.03
111197,0.03
111198,0.03
111205,0.12
111207,0.04
111222,0.03
111228,0.03
111233,0.02
111256,0.0
111258,0.06
111262,0.04
111263,0.12
111267,0.04
111269,0.15
111276,0.03
111277,0.14
111279,0.09
111290,0.03
111294,0.02
111295,0.09
111315,0.25
111318,0.13
111327,0.07
111328,0.08
111332,0.17
111338,0.03
111343,0.13
111344,0.08
111345,0.44
111347,0.04
111356,0.01
111359,0.1
111367,0.05
111368,0.05
111391,0.19
111408,0.02
111412,0.09
111419,0.15
111422,0.04
111423,0.38
111439,0.02
111452,0.42
111456,0.04
111467,0.07
111478,0.17
111482,0.04
111488,0.22
111503,0.08
111510,0.02
111512,0.03
111518,0.09
111532,0.3
111537,0.03
111541,0.06
111544,0.03
111550,0.01
111554,0.18
111560,0.22
111566,0.06
111567,0.14
111592,0.03
111618,0.1
111620,0.06
111627,0.01
111641,0.22
111646,0.29
111652,0.04
111657,0.1
111664,0.09
111665,0.09
111669,0.07
111673,0.04
111687,0.03
111688,0.02
111689,0.02
111694,0.06
111695,0.09
111698,0.07
111703,0.0
111709,0.0
111712,0.01
111715,0.03
111724,0.11
111730,0.0
111747,0.11
111760,0.05
111761,0.02
111763,0.04
111776,0.02
111777,0.02
111781,0.02
111793,0.02
111804,0.33
111810,0.23
111816,0.05
111818,0.03
111830,0.17
111832,0.02
111841,0.03
111842,0.12
111843,0.12
111846,0.05
111848,0.17
111856,0.0
111857,0.01
111877,0.01
111882,0.03
111883,0.1
111891,0.06
111893,0.02
111901,0.07
111912,0.1
111913,0.01
111955,0.02
111958,0.02
111960,0.14
111967,0.07
112000,0.1
112003,0.2
112015,0.06
112019,0.52
112020,0.06
112028,0.04
112029,0.16
112031,0.06
112039,0.01
112042,0.02
112049,0.03
112052,0.06
112054,0.01
112055,0.1
112063,0.15
112070,0.08
112071,0.09
112080,0.1
112083,0.09
112085,0.05
112089,0.09
112098,0.28
112100,0.05
112105,0.09
112124,0.07
112126,0.1
112127,0.06
112128,0.02
112148,0.03
112149,0.05
112165,0.07
112170,0.06
112171,0.1
112176,0.14
112186,0.02
112199,0.07
112203,0.03
112214,0.08
112215,0.14
112216,0.1
112224,0.16
112225,0.0
112231,0.19
112234,0.09
112235,0.02
112236,0.15
112254,0.16
112265,0.11
112271,0.05
112284,0.03
112287,0.16
112295,0.22
112303,0.25
112307,0.27
112310,0.07
112312,0.16
112313,0.03
112326,0.17
112333,0.02
112334,0.06
112339,0.07
112347,0.12
112350,0.09
112356,0.21
112357,0.05
112359,0.05
112360,0.21
112371,0.13
112385,0.08
112392,0.13
112401,0.27
112405,0.06
112414,0.17
112429,0.12
112448,0.01
112467,0.1
112468,0.15
112469,0.06
112491,0.16
112500,0.11
112510,0.4
112535,0.16
112537,0.0
112551,0.14
112552,0.08
112556,0.09
112577,0.09
112590,0.07
112593,0.06
112596,0.04
112601,0.04
112604,0.09
112622,0.0
112655,0.02
112663,0.02
112667,0.0
112670,0.04
112676,0.04
112677,0.04
112679,0.04
112683,0.04
112688,0.06
112692,0.27
112696,0.18
112702,0.12
112709,0.0
112720,0.06
112735,0.02
112738,0.15
112742,0.03
112748,0.04
112749,0.01
112766,0.02
112767,0.08
112769,0.09
112771,0.08
112775,0.04
112794,0.08
112795,0.06
112796,0.03
112815,0.01
112817,0.07
112821,0.21
112822,0.08
112829,0.22
112831,0.15
112835,0.11
112838,0.07
112842,0.04
112844,0.17
112845,0.0
112846,0.0
112847,0.0
112867,0.06
112868,0.0
112874,0.01
112879,0.0
112882,0.07
112886,0.14
112895,0.12
112896,0.11
112902,0.01
112904,0.02
112917,0.32
112932,0.13
112944,0.03
112946,0.07
112947,0.05
112948,0.17
112966,0.09
112967,0.02
112971,0.03
112973,0.17
112974,0.03
112978,0.12
112988,0.02
112992,0.14
113003,0.11
113004,0.07
113007,0.25
113020,0.15
113025,0.2
113032,0.02
113042,0.09
113047,0.03
113066,0.03
113067,0.2
113071,0.05
113087,0.13
113108,0.04
113109,0.02
113123,0.03
113128,0.4
113134,0.08
113151,0.13
113175,0.33
113181,0.01
113188,0.29
113191,0.03
113193,0.25
113201,0.07
113209,0.04
113222,0.03
113248,0.03
113272,0.03
113276,0.0
113287,0.01
113302,0.08
113308,0.05
113316,0.15
113318,0.11
113320,0.03
113322,0.18
113325,0.2
113326,0.1
113332,0.08
113346,0.12
113352,0.02
113361,0.02
113362,0.02
113365,0.06
113366,0.03
113368,0.0
113382,0.02
113385,0.06
113390,0.08
113391,0.09
113393,0.09
113396,0.18
113397,0.06
113402,0.1
113403,0.06
113405,0.07
113406,0.07
113410,0.55
113413,0.03
113418,0.06
113419,0.2
113435,0.19
113438,0.08
113447,0.06
113458,0.13
113466,0.02
113475,0.06
113482,0.16
113490,0.03
113505,0.04
113508,0.13
113520,0.03
113532,0.05
113535,0.03
113549,0.05
113557,0.06
113558,0.02
113561,0.02
113566,0.01
113569,0.08
113574,0.06
113576,0.26
113577,0.05
113585,0.01
113587,0.28
113599,0.1
113601,0.04
113602,0.13
113605,0.03
113609,0.21
113611,0.07
113616,0.08
113627,0.59
113631,0.14
113643,0.1
113652,0.1
113657,0.1
113659,0.04
113672,0.08
113680,0.04
113692,0.16
113694,0.07
113695,0.26
113701,0.09
113733,0.02
113738,0.22
113740,0.09
113742,0.03
113777,0.0
113783,0.19
113788,0.13
113789,0.03
113791,0.13
113795,0.14
113799,0.13
113805,0.01
113820,0.05
113822,0.0
113824,0.02
113829,0.07
113832,0.01
113833,0.05
113841,0.08
113849,0.14
113862,0.25
113863,0.17
113864,0.04
113870,0.02
113875,0.09
113882,0.02
113887,0.1
113894,0.04
113909,0.05
113930,0.06
113936,0.03
113939,0.07
113942,0.13
113943,0.21
113945,0.15
113947,0.03
113950,0.02
113951,0.17
113957,0.07
113966,0.23
113967,0.07
113977,0.16
113984,0.07
113986,0.07
113992,0.04
113998,0.02
113999,0.29
114003,0.09
114010,0.05
114011,0.34
114032,0.04
114047,0.08
114055,0.04
114056,0.17
114064,0.18
114065,0.14
114067,0.07
114068,0.01
114075,0.07
114076,0.1
114077,0.03
114094,0.11
114095,0.0
114109,0.15
114114,0.1
114116,0.02
114127,0.02
114158,0.08
114168,0.16
114169,0.09
114171,0.05
114180,0.51
114193,0.04
114198,0.07
114201,0.05
114202,0.38
114207,0.06
114210,0.13
114221,0.1
114222,0.14
114227,0.01
114250,0.07
114253,0.05
114265,0.05
114267,0.18
114273,0.53
114280,0.2
114281,0.09
114283,0.48
114291,0.3
114310,0.28
114316,0.0
114326,0.01
114327,0.14
114339,0.11
114352,0.06
114359,0.1
114360,0.03
114382,0.15
114396,0.11
114397,0.08
114415,0.08
114425,0.05
114434,0.14
114456,0.15
114463,0.02
114469,0.0
114476,0.05
114480,0.01
114482,0.27
114492,0.07
114493,0.16
114501,0.09
114506,0.0
114510,0.07
114515,0.23
114524,0.13
114545,0.05
114546,0.0
114560,0.09
114562,0.08
114563,0.05
114566,0.06
114599,0.05
114601,0.03
114607,0.14
114612,0.09
114622,0.06
114625,0.17
114634,0.0
114635,0.03
114641,0.02
114644,0.07
114645,0.01
114651,0.04
114653,0.04
114654,0.15
114667,0.08
114668,0.19
114670,0.07
114686,0.21
114688,0.26
114690,0.14
114691,0.02
114700,0.0
114706,0.02
114740,0.01
114741,0.14
114755,0.02
114757,0.03
114767,0.1
114772,0.33
114780,0.16
114782,0.05
114791,0.01
114815,0.21
114823,0.12
114835,0.0
114838,0.03
114840,0.01
114842,0.14
114844,0.14
114850,0.15
114853,0.01
114856,0.22
114857,0.06
114858,0.19
114864,0.04
114871,0.03
114875,0.03
114879,0.08
114893,0.03
114912,0.04
114922,0.04
114930,0.02
114945,0.06
114951,0.01
114958,0.04
114962,0.07
114976,0.07
114978,0.01
114987,0.21
115002,0.01
115005,0.03
115023,0.11
115030,0.03
115033,0.12
115034,0.06
115038,0.02
115046,0.15
115049,0.05
115055,0.03
115059,0.09
115076,0.03
115078,0.11
115081,0.02
115085,0.03
115096,0.03
115101,0.01
115114,0.14
115119,0.15
115121,0.07
115122,0.02
115144,0.01
115147,0.1
115151,0.02
115172,0.04
115175,0.03
115183,0.02
115185,0.1
115197,0.17
115200,0.02
115207,0.07
115217,0.07
115230,0.12
115237,0.0
115246,0.04
115251,0.06
115269,0.05
115290,0.17
115299,0.01
115309,0.16
115310,0.05
115311,0.03
115312,0.03
115323,0.04
115324,0.03
115341,0.27
115342,0.04
115343,0.04
115350,0.12
115354,0.06
115360,0.12
115368,0.05
115373,0.07
115396,0.23
115400,0.15
115401,0.06
115404,0.03
115405,0.04
115406,0.01
115407,0.08
115412,0.12
115413,0.08
115415,0.14
115423,0.03
115427,0.16
115428,0.0
115439,0.07
115440,0.18
115447,0.12
115450,0.13
115457,0.06
115459,0.13
115463,0.06
115473,0.41
115477,0.03
115479,0.03
115480,0.07
115481,0.03
115485,0.08
115489,0.03
115495,0.01
115500,0.15
115521,0.12
115572,0.04
115580,0.02
115582,0.01
115586,0.05
115587,0.05
115588,0.03
115591,0.22
115592,0.02
115618,0.06
115619,0.17
115621,0.36
115632,0.13
115646,0.14
115658,0.08
115671,0.03
115680,0.11
115686,0.11
115688,0.08
115705,0.1
115707,0.0
115708,0.15
115726,0.25
115759,0.11
115773,0.0
115777,0.03
115778,0.2
115781,0.1
115801,0.4
115804,0.07
115810,0.1
115812,0.14
115820,0.28
115827,0.07
115831,0.04
115841,0.18
115846,0.17
115852,0.01
115857,0.02
115858,0.04
115860,0.04
115865,0.03
115867,0.13
115869,0.06
115877,0.07
115904,0.13
115913,0.06
115916,0.01
115928,0.05
115932,0.08
115933,0.03
115937,0.28
115938,0.05
115957,0.04
115958,0.02
115969,0.0
115980,0.21
115984,0.0
116006,0.09
116007,0.12
116008,0.05
116009,0.1
116011,0.01
116012,0.03
116015,0.46
116025,0.08
116047,0.08
116052,0.07
116068,0.03
116077,0.02
116084,0.04
116089,0.01
116093,0.03
116097,0.06
116102,0.07
116118,0.05
116119,0.01
116125,0.03
116128,0.04
116135,0.01
116140,0.26
116141,0.02
116142,0.04
116153,0.08
116156,0.03
116157,0.12
116167,0.03
116168,0.2
116175,0.04
116187,0.11
116189,0.15
116191,0.07
116201,0.19
116210,0.23
116213,0.04
116215,0.17
116223,0.01
116226,0.0
116228,0.03
116241,0.02
116247,0.05
116266,0.03
116276,0.21
116287,0.04
116289,0.06
116292,0.33
116306,0.05
116309,0.1
116312,0.03
116313,0.08
116335,0.04
116342,0.03
116348,0.05
116367,0.06
116380,0.1
116383,0.09
116389,0.1
116395,0.14
116397,0.06
116398,0.12
116402,0.14
116404,0.11
116406,0.03
116424,0.14
116428,0.01
116436,0.02
116440,0.02
116448,0.04
116458,0.02
116466,0.05
116469,0.03
116473,0.06
116474,0.08
116479,0.09
116480,0.04
116491,0.06
116493,0.05
116505,0.04
116511,0.05
116525,0.08
116535,0.11
116544,0.02
116546,0.04
116562,0.1
116565,0.05
116578,0.02
116579,0.1
116580,0.24
116582,0.03
116584,0.03
116586,0.08
116596,0.02
116597,0.12
116598,0.03
116604,0.33
116608,0.06
116609,0.19
116613,0.08
116614,0.17
116615,0.15
116633,0.14
116637,0.11
116643,0.02
116647,0.3
116656,0.05
116659,0.11
116662,0.08
116676,0.05
116680,0.06
116681,0.04
116683,0.23
116684,0.08
116712,0.04
116720,0.1
116726,0.09
116729,0.04
116737,0.05
116745,0.06
116747,0.09
116766,0.07
116781,0.09
116783,0.04
116787,0.01
116788,0.26
116789,0.06
116801,0.02
116803,0.05
116804,0.27
116806,0.1
116815,0.04
116817,0.14
116825,0.13
116828,0.01
116829,0.06
116853,0.24
116854,0.08
116859,0.07
116860,0.19
116865,0.08
116872,0.14
116880,0.23
116882,0.04
116893,0.15
116896,0.05
116906,0.02
116908,0.1
116925,0.02
116926,0.15
116948,0.07
116949,0.19
116955,0.09
116964,0.04
116974,0.1
116976,0.23
116990,0.01
116993,0.06
116994,0.19
116997,0.12
117003,0.09
117007,0.08
117011,0.02
117012,0.08
117019,0.01
117021,0.04
117030,0.04
117036,0.05
117043,0.03
117054,0.03
117070,0.14
117077,0.29
117087,0.05
117093,0.05
117105,0.08
117112,0.02
117129,0.33
117135,0.12
117138,0.37
117142,0.09
117148,0.29
117157,0.15
117170,0.01
117171,0.04
117172,0.13
117178,0.15
117186,0.05
117187,0.16
117193,0.31
117194,0.01
117199,0.02
117207,0.04
117211,0.07
117216,0.17
117217,0.03
117218,0.01
117219,0.1
117224,0.08
117225,0.01
117239,0.17
117242,0.08
117249,0.12
117255,0.17
117257,0.13
117272,0.09
117284,0.28
117287,0.06
117293,0.05
117298,0.39
117299,0.06
117307,0.05
117321,0.04
117323,0.17
117326,0.12
117327,0.39
117341,0.0
117350,0.04
117362,0.15
117375,0.03
117391,0.13
117392,0.04
117396,0.12
117399,0.08
117400,0.11
117402,0.1
117406,0.17
117417,0.46
117418,0.04
117425,0.09
117428,0.15
117443,0.02
117448,0.04
117449,0.0
117450,0.1
117463,0.07
117467,0.04
117478,0.07
117480,0.12
117483,0.17
117484,0.15
117495,0.19
117498,0.05
117501,0.07
117503,0.17
117520,0.13
117524,0.13
117525,0.26
117526,0.23
117527,0.12
117531,0.05
117545,0.08
117547,0.32
117557,0.04
117563,0.1
117564,0.16
117598,0.18
117599,0.13
117610,0.01
117614,0.1
117616,0.13
117623,0.02
117625,0.41
117633,0.03
117634,0.14
117639,0.13
117652,0.06
117653,0.13
117660,0.14
117661,0.0
117662,0.08
117676,0.06
117677,0.25
117681,0.01
117684,0.09
117707,0.01
117736,0.24
117737,0.05
117741,0.03
117746,0.21
117753,0.27
117755,0.06
117775,0.2
117784,0.1
117786,0.06
117791,0.03
117801,0.07
117805,0.12
117816,0.0
117824,0.11
117835,0.03
117837,0.02
117847,0.07
117853,0.09
117854,0.1
117886,0.06
117900,0.1
117920,0.44
117924,0.02
117925,0.15
117934,0.03
117957,0.05
117959,0.14
117967,0.06
117969,0.15
117981,0.03
117982,0.02
117996,0.11
118000,0.26
118018,0.06
118025,0.03
118026,0.17
118044,0.09
118045,0.21
118048,0.06
118055,0.23
118058,0.04
118060,0.15
118066,0.01
118071,0.07
118072,0.08
118082,0.03
118089,0.08
118106,0.16
118115,0.02
118127,0.38
118144,0.23
118150,0.01
118151,0.02
118157,0.31
118162,0.01
118163,0.04
118166,0.01
118181,0.01
118191,0.12
118202,0.17
118205,0.14
118214,0.04
118251,0.2
118264,0.28
118271,0.32
118272,0.01
118276,0.2
118287,0.45
118291,0.02
118292,0.07
118294,0.01
118305,0.08
118312,0.02
118319,0.02
118321,0.04
118326,0.52
118342,0.28
118343,0.03
118353,0.04
118354,0.02
118358,0.0
118359,0.09
118365,0.02
118367,0.12
118368,0.01
118371,0.05
118378,0.2
118379,0.12
118383,0.07
118386,0.12
118387,0.03
118400,0.14
118403,0.08
118428,0.1
118440,0.06
118459,0.05
118490,0.06
118491,0.1
118492,0.12
118498,0.07
118499,0.06
118509,0.01
118518,0.06
118531,0.18
118532,0.09
118546,0.0
118548,0.02
118558,0.04
118560,0.25
118561,0.04
118562,0.1
118564,0.02
118569,0.15
118578,0.11
118585,0.06
118591,0.02
118592,0.08
118594,0.09
118611,0.01
118614,0.03
118622,0.1
118641,0.03
118642,0.05
118650,0.01
118666,0.02
118696,0.12
118697,0.03
118710,0.02
118717,0.1
118720,0.05
118735,0.02
118747,0.06
118750,0.03
118789,0.04
118791,0.1
118803,0.06
118804,0.14
118806,0.22
118809,0.02
118823,0.09
118842,0.02
118871,0.36
118874,0.08
118876,0.02
118886,0.08
118888,0.17
118889,0.02
118894,0.18
118898,0.01
118905,0.27
118911,0.03
118915,0.31
118916,0.18
118925,0.04
118926,0.06
118929,0.12
118935,0.03
118947,0.04
118951,0.01
118953,0.06
118960,0.06
118973,0.08
119001,0.03
119003,0.25
119009,0.07
119011,0.02
119012,0.12
119014,0.05
119025,0.04
119047,0.11
119049,0.02
119057,0.06
119062,0.1
119064,0.02
119069,0.09
119079,0.18
119088,0.0
119091,0.28
119095,0.1
119104,0.11
119108,0.42
119109,0.02
119115,0.09
119125,0.04
119146,0.02
119148,0.01
119160,0.09
119164,0.43
119169,0.09
119179,0.06
119187,0.15
119191,0.02
119205,0.01
119207,0.13
119208,0.01
119217,0.13
119230,0.01
119232,0.07
119236,0.13
119238,0.03
119240,0.22
119250,0.09
119251,0.08
119252,0.06
119266,0.03
119267,0.01
119270,0.11
119272,0.2
119276,0.05
119281,0.04
119295,0.06
119313,0.16
119318,0.01
119321,0.2
119340,0.02
119341,0.05
119344,0.13
119348,0.05
119353,0.13
119361,0.08
119362,0.58
119376,0.22
119383,0.09
119391,0.15
119394,0.13
119395,0.14
119415,0.01
119430,0.06
119441,0.02
119454,0.14
119468,0.16
119474,0.36
119492,0.09
119496,0.1
119500,0.14
119501,0.38
119510,0.01
119518,0.05
119524,0.18
119533,0.08
119540,0.18
119553,0.02
119573,0.03
119593,0.1
119594,0.01
119595,0.15
119596,0.08
119607,0.4
119609,0.08
119616,0.06
119618,0.11
119619,0.27
119628,0.05
119630,0.02
119632,0.11
119648,0.31
119671,0.08
119675,0.07
119683,0.07
119689,0.09
119697,0.03
119698,0.36
119702,0.17
119709,0.05
119715,0.01
119718,0.05
119719,0.17
119731,0.2
119736,0.08
119745,0.15
119749,0.03
119751,0.13
119757,0.16
119761,0.18
119762,0.12
119771,0.04
119778,0.05
119784,0.01
119788,0.07
119802,0.03
119803,0.15
119806,0.06
119810,0.01
119811,0.1
119813,0.11
119820,0.11
119821,0.3
119842,0.1
119843,0.0
119844,0.07
119861,0.01
119866,0.03
119868,0.25
119875,0.1
119896,0.61
119898,0.08
119921,0.04
119922,0.08
119929,0.05
119934,0.1
119938,0.07
119947,0.06
119948,0.42
119967,0.09
119977,0.05
119980,0.01
119984,0.09
119989,0.15
119990,0.11
119994,0.12
119999,0.2
120004,0.02
120020,0.09
120030,0.02
120036,0.06
120050,0.26
120051,0.31
120053,0.06
120075,0.07
120076,0.04
120088,0.01
120099,0.04
120101,0.04
120102,0.02
120108,0.01
120145,0.17
120146,0.1
120154,0.07
120156,0.15
120165,0.18
120166,0.02
120176,0.03
120179,0.06
120182,0.02
120198,0.07
120205,0.14
120208,0.02
120214,0.0
120220,0.03
120227,0.1
120233,0.05
120240,0.02
120243,0.05
120266,0.07
120268,0.07
120280,0.09
120281,0.13
120284,0.03
120298,0.08
120304,0.03
120306,0.08
120320,0.03
120325,0.03
120326,0.02
120335,0.28
120341,0.04
120343,0.12
120388,0.04
120390,0.05
120404,0.02
120405,0.03
120408,0.3
120415,0.1
120421,0.37
120422,0.04
120433,0.21
120437,0.44
120440,0.01
120441,0.13
120449,0.07
120457,0.1
120459,0.06
120460,0.01
120463,0.09
120464,0.09
120470,0.11
120488,0.22
120535,0.07
120538,0.04
120539,0.15
120541,0.07
120562,0.04
120570,0.16
120580,0.1
120581,0.05
120591,0.49
120593,0.12
120598,0.04
120603,0.02
120607,0.19
120642,0.05
120647,0.15
120649,0.03
120664,0.02
120665,0.03
120671,0.13
120678,0.12
120679,0.03
120680,0.18
120681,0.16
120691,0.21
120696,0.07
120697,0.19
120713,0.08
120721,0.14
120725,0.12
120734,0.15
120740,0.27
120748,0.16
120755,0.09
120759,0.12
120761,0.07
120764,0.19
120770,0.13
120777,0.04
120796,0.0
120803,0.02
120809,0.11
120811,0.09
120826,0.04
120829,0.03
120832,0.06
120840,0.24
120857,0.14
120885,0.06
120891,0.03
120894,0.03
120905,0.11
120913,0.11
120914,0.01
120918,0.1
120921,0.04
120923,0.08
120927,0.18
120928,0.12
120934,0.22
120936,0.08
120942,0.05
120946,0.05
120947,0.07
120953,0.01
120955,0.08
120956,0.03
120977,0.02
120980,0.08
120981,0.05
120982,0.01
120991,0.21
121011,0.13
121013,0.03
121018,0.07
121020,0.02
121037,0.01
121038,0.02
121039,0.01
121045,0.14
121046,0.06
121059,0.15
121066,0.29
121078,0.12
121080,0.33
121081,0.16
121086,0.09
121099,0.07
121100,0.08
121107,0.18
121108,0.05
121111,0.1
121130,0.07
121131,0.06
121135,0.23
121152,0.02
121156,0.06
121160,0.04
121162,0.16
121175,0.16
121181,0.0
121186,0.08
121197,0.04
121201,0.18
121208,0.03
121215,0.1
121220,0.39
121225,0.22
121227,0.02
121228,0.18
121243,0.04
121258,0.13
121259,0.03
121265,0.01
121279,0.17
121280,0.11
121281,0.13
121283,0.01
121288,0.06
121296,0.02
121300,0.03
121308,0.1
121321,0.14
121323,0.01
121332,0.04
121334,0.12
121348,0.07
121350,0.03
121351,0.08
121363,0.02
121379,0.17
121380,0.14
121383,0.04
121387,0.13
121414,0.04
121416,0.03
121422,0.05
121423,0.07
121427,0.1
121431,0.01
121438,0.03
121460,0.11
121479,0.05
121482,0.09
121483,0.08
121488,0.14
121489,0.16
121492,0.05
121502,0.0
121503,0.04
121513,0.02
121544,0.04
121545,0.04
121546,0.03
121552,0.12
121553,0.06
121556,0.2
121557,0.04
121583,0.08
121588,0.03
121596,0.1
121597,0.1
121612,0.03
121618,0.01
121619,0.0
121621,0.04
121622,0.04
121626,0.16
121628,0.07
121630,0.29
121631,0.03
121632,0.3
121641,0.04
121695,0.15
121733,0.15
121754,0.01
121762,0.05
121765,0.04
121766,0.17
121771,0.04
121772,0.6
121778,0.13
121791,0.1
121792,0.04
121822,0.15
121825,0.14
121832,0.04
121841,0.21
121846,0.04
121850,0.05
121851,0.06
121853,0.29
121857,0.07
121862,0.07
121863,0.01
121875,0.03
121881,0.08
121896,0.22
121901,0.01
121908,0.23
121909,0.17
121916,0.13
121919,0.14
121921,0.09
121933,0.11
121947,0.08
121948,0.15
121963,0.08
121968,0.05
121970,0.09
121978,0.03
121991,0.12
121996,0.1
121997,0.58
122000,0.1
122015,0.16
122017,0.16
122027,0.14
122044,0.01
122047,0.06
122055,0.14
122065,0.06
122069,0.02
122074,0.1
122086,0.13
122089,0.08
122099,0.01
122102,0.05
122118,0.06
122124,0.05
122125,0.08
122129,0.06
122133,0.09
122135,0.09
122136,0.06
122142,0.07
122154,0.07
122158,0.15
122160,0.01
122165,0.04
122166,0.14
122170,0.05
122175,0.01
122192,0.15
122207,0.03
122210,0.15
122215,0.02
122222,0.01
122234,0.27
122235,0.1
122236,0.08
122248,0.25
122256,0.0
122257,0.03
122258,0.04
122259,0.04
122260,0.14
122264,0.03
122266,0.34
122268,0.04
122271,0.07
122283,0.02
122286,0.0
122288,0.01
122301,0.01
122313,0.08
122322,0.02
122323,0.03
122324,0.05
122336,0.07
122338,0.14
122349,0.01
122351,0.07
122354,0.06
122358,0.18
122376,0.26
122378,0.06
122387,0.0
122392,0.05
122405,0.4
122409,0.01
122411,0.13
122415,0.18
122416,0.13
122425,0.28
122452,0.05
122453,0.2
122456,0.1
122458,0.1
122465,0.07
122468,0.01
122477,0.01
122483,0.05
122517,0.21
122521,0.31
122537,0.03
122538,0.05
122552,0.16
122557,0.2
122561,0.01
122568,0.05
122573,0.12
122583,0.25
122590,0.05
122609,0.11
122617,0.01
122621,0.07
122635,0.21
122638,0.05
122639,0.04
122644,0.01
122675,0.09
122699,0.21
122703,0.1
122706,0.08
122712,0.02
122730,0.05
122731,0.02
122736,0.03
122741,0.1
122745,0.02
122751,0.21
122768,0.02
122785,0.18
122797,0.08
122812,0.12
122816,0.0
122817,0.07
122826,0.08
122838,0.18
122845,0.0
122848,0.05
122850,0.01
122856,0.0
122862,0.05
122869,0.11
122871,0.15
122874,0.29
122875,0.18
122885,0.11
122901,0.05
122902,0.04
122903,0.11
122904,0.1
122910,0.06
122921,0.13
122925,0.05
122964,0.03
122975,0.02
122977,0.08
122984,0.22
122999,0.03
123004,0.26
123009,0.07
123012,0.08
123018,0.04
123025,0.05
123037,0.0
123038,0.08
123039,0.06
123045,0.03
123046,0.01
123051,0.05
123052,0.09
123056,0.12
123061,0.04
123072,0.11
123074,0.05
123086,0.14
123087,0.03
123091,0.11
123094,0.01
123105,0.21
123110,0.09
123113,0.05
123114,0.13
123124,0.05
123131,0.05
123136,0.41
123146,0.0
123147,0.12
123155,0.28
123163,0.01
123182,0.03
123196,0.06
123200,0.04
123204,0.02
123207,0.02
123210,0.02
123215,0.12
123227,0.0
123234,0.1
123239,0.2
123249,0.23
123252,0.08
123255,0.06
123257,0.1
123260,0.03
123263,0.17
123274,0.08
123275,0.09
123276,0.03
123292,0.02
123308,0.05
123316,0.06
123328,0.05
123330,0.12
123331,0.2
123334,0.35
123343,0.04
123344,0.12
123345,0.08
123352,0.29
123356,0.02
123365,0.11
123368,0.09
123376,0.04
123381,0.04
123384,0.1
123389,0.02
123401,0.16
123419,0.0
123433,0.07
123438,0.18
123441,0.16
123456,0.13
123457,0.3
123476,0.07
123477,0.1
123489,0.22
123490,0.05
123496,0.12
123502,0.07
123503,0.33
123513,0.09
123515,0.03
123530,0.14
123532,0.05
123537,0.02
123539,0.14
123540,0.03
123546,0.05
123547,0.17
123554,0.15
123572,0.04
123574,0.3
123575,0.17
123576,0.02
123584,0.04
123586,0.02
123591,0.06
123606,0.04
123607,0.09
123615,0.1
123616,0.15
123619,0.17
123621,0.21
123622,0.02
123633,0.03
123635,0.14
123658,0.16
123659,0.02
123663,0.05
123666,0.06
123670,0.02
123678,0.01
123688,0.02
123707,0.04
123709,0.12
123720,0.04
123741,0.05
123751,0.14
123759,0.18
123765,0.09
123766,0.02
123793,0.22
123794,0.13
123809,0.23
123837,0.0
123839,0.04
123843,0.14
123851,0.23
123854,0.12
123860,0.0
123863,0.11
123879,0.11
123888,0.17
123891,0.07
123912,0.09
123942,0.05
123952,0.22
123953,0.06
123958,0.18
123966,0.0
123977,0.04
123981,0.03
124000,0.0
124023,0.09
124026,0.01
124027,0.05
124033,0.07
124053,0.03
124057,0.07
124065,0.07
124074,0.02
124079,0.08
124095,0.05
124110,0.04
124138,0.06
124167,0.17
124168,0.16
124175,0.06
124176,0.27
124181,0.11
124195,0.18
124197,0.01
124206,0.0
124225,0.0
124230,0.09
124231,0.15
124253,0.1
124257,0.14
124263,0.1
124277,0.07
124285,0.03
124289,0.02
124299,0.25
124303,0.08
124309,0.23
124316,0.07
124319,0.12
124335,0.1
124347,0.33
124359,0.08
124362,0.01
124363,0.06
124389,0.0
124390,0.11
124393,0.15
124401,0.47
124406,0.09
124407,0.02
124416,0.1
124423,0.05
124429,0.12
124431,0.11
124439,0.01
124441,0.09
124451,0.08
124454,0.04
124463,0.23
124492,0.04
124493,0.13
124503,0.04
124506,0.04
124514,0.05
124516,0.08
124519,0.1
124520,0.06
124539,0.05
124545,0.27
124546,0.22
124552,0.05
124553,0.34
124555,0.03
124575,0.01
124586,0.08
124587,0.02
124591,0.24
124595,0.03
124597,0.13
124625,0.13
124628,0.12
124647,0.26
124648,0.0
124654,0.06
124655,0.1
124656,0.06
124658,0.05
124674,0.25
124675,0.03
124686,0.03
124696,0.17
124698,0.04
124702,0.04
124704,0.05
124705,0.06
124719,0.0
124732,0.02
124734,0.2
124737,0.0
124742,0.21
124793,0.03
124816,0.23
124820,0.01
124823,0.13
124826,0.02
124829,0.04
124844,0.12
124850,0.02
124866,0.01
124868,0.02
124874,0.16
124875,0.04
124876,0.03
124887,0.12
124893,0.25
124901,0.01
124905,0.16
124906,0.19
124931,0.11
124938,0.03
124940,0.11
124947,0.09
124948,0.01
124949,0.02
124971,0.2
124974,0.06
124976,0.0
125004,0.13
125025,0.03
125029,0.14
125031,0.06
125037,0.16
125046,0.04
125052,0.04
125053,0.02
125090,0.08
125093,0.07
125100,0.06
125101,0.05
125104,0.17
125111,0.07
125133,0.03
125144,0.01
125145,0.03
125149,0.16
125157,0.03
125158,0.41
125164,0.23
125167,0.03
125170,0.03
125177,0.06
125185,0.09
125190,0.08
125196,0.13
125200,0.17
125203,0.25
125215,0.14
125221,0.03
125224,0.03
125227,0.17
125252,0.02
125256,0.05
125264,0.06
125266,0.02
125267,0.06
125268,0.41
125270,0.04
125271,0.09
125276,0.01
125290,0.05
125300,0.1
125311,0.03
125327,0.02
125338,0.02
125359,0.08
125360,0.02
125366,0.04
125373,0.12
125376,0.49
125384,0.07
125387,0.32
125388,0.04
125393,0.01
125394,0.25
125396,0.0
125397,0.02
125408,0.1
125409,0.02
125414,0.34
125423,0.05
125425,0.2
125436,0.06
125450,0.05
125465,0.03
125471,0.29
125488,0.04
125496,0.12
125500,0.38
125505,0.06
125507,0.08
125519,0.03
125521,0.36
125524,0.15
125531,0.18
125542,0.11
125552,0.05
125560,0.02
125573,0.01
125574,0.07
125576,0.03
125592,0.01
125604,0.16
125622,0.03
125628,0.1
125649,0.03
125668,0.12
125695,0.19
125698,0.02
125701,0.1
125705,0.14
125709,0.23
125713,0.01
125720,0.06
125727,0.26
125747,0.04
125752,0.03
125758,0.08
125772,0.05
125779,0.42
125798,0.08
125804,0.11
125814,0.08
125817,0.05
125835,0.01
125838,0.12
125842,0.06
125852,0.31
125878,0.03
125886,0.19
125896,0.26
125924,0.22
125930,0.04
125939,0.02
125957,0.18
125961,0.14
125972,0.04
125973,0.08
125975,0.02
125983,0.01
125984,0.41
125990,0.14
126016,0.21
126022,0.05
126028,0.09
126047,0.09
126048,0.03
126067,0.07
126068,0.03
126069,0.03
126088,0.07
126121,0.0
126123,0.01
126125,0.03
126136,0.15
126159,0.09
126162,0.04
126165,0.03
126172,0.12
126175,0.18
126178,0.06
126184,0.02
126198,0.05
126202,0.17
126203,0.02
126205,0.02
126214,0.12
126231,0.16
126238,0.04
126242,0.08
126252,0.05
126263,0.06
126265,0.17
126267,0.08
126274,0.01
126299,0.2
126307,0.24
126310,0.13
126329,0.07
126331,0.08
126340,0.01
126341,0.17
126348,0.18
126349,0.01
126351,0.06
126354,0.05
126366,0.02
126370,0.0
126398,0.07
126407,0.03
126409,0.16
126431,0.02
126438,0.02
126448,0.04
126462,0.04
126464,0.07
126468,0.16
126472,0.09
126473,0.02
126479,0.06
126484,0.08
126486,0.0
126488,0.09
126490,0.02
126494,0.05
126506,0.06
126510,0.04
126513,0.05
126526,0.27
126533,0.11
126538,0.22
126549,0.23
126553,0.06
126554,0.05
126555,0.11
126579,0.09
126584,0.05
126594,0.05
126595,0.12
126596,0.1
126602,0.01
126611,0.02
126614,0.02
126636,0.05
126638,0.05
126651,0.11
126658,0.03
126674,0.03
126685,0.01
126688,0.23
126689,0.07
126707,0.3
126715,0.03
126716,0.02
126721,0.23
126722,0.13
126732,0.04
126738,0.09
126743,0.16
126744,0.05
126752,0.02
126759,0.05
126763,0.35
126775,0.18
126778,0.17
126784,0.09
126791,0.02
126792,0.05
126804,0.12
126816,0.12
126817,0.02
126822,0.0
126832,0.05
126842,0.1
126849,0.02
126850,0.02
126861,0.02
126871,0.0
126872,0.11
126880,0.03
126888,0.17
126896,0.08
126913,0.1
126918,0.04
126954,0.02
126961,0.08
126963,0.02
126965,0.23
126968,0.13
126971,0.0
126981,0.17
126984,0.05
126985,0.19
126995,0.18
126999,0.19
127007,0.03
127015,0.08
127038,0.01
127054,0.06
127057,0.04
127062,0.15
127083,0.08
127098,0.05
127102,0.01
127110,0.01
127111,0.19
127116,0.02
127126,0.08
127135,0.06
127137,0.13
127142,0.04
127151,0.04
127155,0.05
127156,0.02
127160,0.13
127169,0.07
127174,0.04
127175,0.07
127177,0.07
127192,0.06
127193,0.13
127196,0.04
127197,0.15
127204,0.02
127207,0.09
127215,0.07
127226,0.08
127230,0.07
127244,0.05
127247,0.12
127249,0.02
127259,0.15
127299,0.07
127304,0.0
127308,0.14
127309,0.09
127313,0.15
127316,0.05
127317,0.07
127318,0.08
127333,0.06
127334,0.04
127336,0.04
127346,0.09
127370,0.01
127375,0.09
127390,0.06
127392,0.12
127398,0.08
127400,0.03
127402,0.04
127407,0.09
127412,0.04
127413,0.08
127415,0.04
127418,0.22
127425,0.09
127432,0.03
127436,0.1
127448,0.07
127449,0.08
127463,0.16
127464,0.2
127468,0.04
127481,0.07
127492,0.12
127495,0.04
127496,0.1
127501,0.05
127508,0.02
127531,0.01
127554,0.02
127562,0.07
127565,0.01
127567,0.12
127582,0.04
127593,0.11
127595,0.09
127614,0.0
127627,0.08
127630,0.01
127638,0.13
127639,0.09
127641,0.04
127643,0.13
127665,0.05
127674,0.02
127676,0.1
127693,0.13
127701,0.0
127702,0.04
127709,0.09
127720,0.13
127733,0.02
127739,0.25
127753,0.06
127756,0.05
127757,0.1
127777,0.09
127810,0.2
127811,0.07
127821,0.13
127835,0.12
127839,0.03
127870,0.08
127878,0.26
127887,0.11
127918,0.03
127919,0.1
127920,0.05
127932,0.13
127933,0.16
127953,0.12
127955,0.02
127957,0.02
127961,0.07
127967,0.12
127970,0.18
127975,0.13
127985,0.06
127991,0.1
127997,0.07
127999,0.02
128004,0.03
128005,0.11
128015,0.16
128018,0.14
128044,0.08
128046,0.08
128047,0.18
128048,0.16
128054,0.09
128066,0.1
128070,0.04
128071,0.06
128094,0.11
128095,0.12
128099,0.24
128116,0.04
128130,0.03
128132,0.09
128133,0.17
128140,0.05
128154,0.08
128156,0.39
128160,0.02
128165,0.19
128166,0.01
128169,0.07
128171,0.12
128177,0.0
128178,0.06
128182,0.02
128191,0.05
128199,0.09
128213,0.14
128214,0.13
128216,0.07
128217,0.14
128226,0.1
128229,0.07
128232,0.07
128246,0.05
128273,0.07
128274,0.04
128283,0.07
128284,0.07
128294,0.19
128295,0.15
128297,0.03
128300,0.03
128314,0.03
128317,0.08
128339,0.05
128340,0.01
128342,0.09
128343,0.03
128364,0.03
128368,0.16
128377,0.05
128380,0.0
128383,0.14
128407,0.07
128409,0.04
128423,0.16
128428,0.05
128433,0.03
128438,0.07
128439,0.1
128446,0.16
128447,0.06
128450,0.35
128455,0.12
128457,0.19
128464,0.1
128465,0.09
128471,0.07
128474,0.09
128483,0.15
128514,0.02
128516,0.08
128519,0.07
128528,0.07
128529,0.09
128536,0.17
128541,0.05
128542,0.15
128545,0.05
128557,0.02
128560,0.12
128568,0.1
128571,0.11
128578,0.0
128582,0.12
128588,0.11
128597,0.09
128610,0.11
128619,0.27
128630,0.06
128680,0.05
128684,0.11
128687,0.02
128699,0.21
128702,0.02
128704,0.07
128710,0.22
128720,0.18
128724,0.05
128727,0.16
128744,0.16
128745,0.08
128760,0.08
128766,0.13
128770,0.06
128782,0.16
128822,0.02
128830,0.22
128836,0.11
128845,0.09
128858,0.02
128859,0.08
128860,0.12
128874,0.01
128880,0.06
128882,0.12
128883,0.38
128884,0.05
128892,0.21
128905,0.1
128910,0.17
128912,0.12
128915,0.04
128917,0.23
128937,0.04
128942,0.04
128945,0.04
128957,0.11
128962,0.04
128970,0.0
128985,0.15
128986,0.07
128992,0.06
128994,0.02
129003,0.07
129005,0.15
129010,0.01
129024,0.14
129038,0.0
129042,0.01
129049,0.05
129062,0.16
129067,0.19
129070,0.12
129073,0.05
129074,0.07
129088,0.03
129090,0.16
129101,0.2
129102,0.08
129106,0.3
129108,0.11
129120,0.07
129122,0.04
129123,0.19
129135,0.18
129141,0.07
129152,0.03
129160,0.06
129168,0.11
129174,0.1
129178,0.0
129183,0.08
129187,0.0
129197,0.14
129200,0.03
129205,0.02
129222,0.06
129230,0.11
129235,0.08
129251,0.09
129274,0.03
129282,0.03
129284,0.04
129298,0.15
129299,0.07
129311,0.08
129312,0.01
129313,0.02
129314,0.12
129321,0.14
129329,0.11
129330,0.05
129332,0.04
129338,0.1
129345,0.03
129349,0.13
129353,0.0
129357,0.03
129358,0.14
129365,0.03
129376,0.03
129380,0.08
129382,0.09
129402,0.1
129403,0.0
129412,0.07
129441,0.32
129442,0.1
129448,0.07
129466,0.0
129475,0.09
129483,0.12
129484,0.03
129499,0.03
129501,0.13
129508,0.03
129510,0.15
129526,0.11
129527,0.19
129533,0.08
129535,0.26
129536,0.26
129545,0.05
129553,0.11
129557,0.15
129560,0.07
129576,0.05
129580,0.04
129585,0.13
129587,0.03
129597,0.11
129611,0.05
129619,0.02
129622,0.12
129631,0.15
129632,0.11
129640,0.15
129647,0.09
129658,0.0
129676,0.05
129683,0.01
129685,0.08
129701,0.25
129706,0.28
129707,0.0
129720,0.15
129727,0.3
129728,0.03
129768,0.05
129775,0.02
129790,0.02
129804,0.12
129805,0.16
129813,0.02
129816,0.04
129823,0.07
129826,0.3
129831,0.03
129833,0.0
129851,0.05
129857,0.14
129860,0.1
129914,0.23
129926,0.01
129933,0.11
129939,0.11
129949,0.07
129959,0.09
129962,0.15
129963,0.15
129964,0.03
129977,0.01
129985,0.01
129987,0.03
129992,0.08
130002,0.05
130016,0.11
130045,0.15
130048,0.15
130051,0.06
130053,0.03
130056,0.03
130061,0.04
130062,0.04
130065,0.14
130066,0.13
130070,0.19
130079,0.07
130080,0.12
130098,0.02
130109,0.09
130110,0.02
130116,0.0
130125,0.23
130134,0.31
130137,0.06
130138,0.05
130146,0.07
130148,0.02
130154,0.06
130156,0.02
130158,0.0
130159,0.03
130177,0.02
130186,0.25
130204,0.07
130205,0.14
130206,0.04
130211,0.03
130217,0.18
130218,0.06
130235,0.23
130236,0.29
130239,0.06
130256,0.09
130260,0.02
130261,0.19
130262,0.0
130263,0.18
130264,0.01
130266,0.19
130277,0.18
130278,0.1
130281,0.22
130297,0.04
130302,0.25
130320,0.03
130325,0.11
130329,0.02
130338,0.13
130339,0.07
130340,0.11
130344,0.02
130347,0.12
130353,0.06
130358,0.03
130366,0.07
130371,0.03
130374,0.02
130389,0.04
130390,0.04
130404,0.1
130426,0.02
130440,0.02
130449,0.28
130451,0.01
130452,0.06
130453,0.18
130463,0.14
130466,0.05
130467,0.03
130475,0.07
130489,0.17
130490,0.11
130495,0.15
130497,0.15
130499,0.0
130504,0.15
130513,0.03
130528,0.06
130533,0.09
130543,0.03
130567,0.15
130571,0.09
130572,0.1
130589,0.1
130592,0.2
130603,0.15
130623,0.03
130641,0.11
130687,0.02
130690,0.13
130698,0.07
130707,0.07
130709,0.2
130718,0.13
130722,0.05
130732,0.02
130735,0.06
130757,0.03
130760,0.03
130771,0.05
130772,0.01
130774,0.04
130779,0.02
130795,0.03
130828,0.15
130833,0.07
130843,0.0
130855,0.3
130871,0.08
130878,0.06
130885,0.15
130889,0.1
130894,0.01
130896,0.07
130905,0.04
130906,0.06
130930,0.03
130931,0.15
130943,0.02
130946,0.03
130947,0.32
130950,0.08
130954,0.07
130966,0.02
130983,0.07
131003,0.03
131005,0.01
131009,0.13
131013,0.04
131027,0.01
131030,0.26
131031,0.05
131033,0.03
131039,0.11
131045,0.03
131057,0.13
131072,0.04
131084,0.07
131088,0.02
131089,0.04
131091,0.06
131093,0.12
131114,0.17
131118,0.01
131123,0.05
131130,0.12
131144,0.09
131162,0.16
131163,0.09
131166,0.06
131179,0.14
131181,0.0
131183,0.3
131219,0.0
131227,0.02
131231,0.06
131235,0.17
131242,0.03
131251,0.22
131257,0.13
131263,0.0
131268,0.19
131271,0.11
131275,0.02
131286,0.05
131290,0.12
131300,0.0
131306,0.15
131316,0.05
131321,0.18
131322,0.19
131326,0.0
131333,0.05
131335,0.08
131352,0.04
131354,0.02
131366,0.17
131373,0.1
131388,0.05
131394,0.05
131404,0.15
131405,0.14
131411,0.07
131416,0.24
131421,0.04
131424,0.07
131426,0.06
131443,0.06
131470,0.2
131471,0.08
131476,0.03
131477,0.14
131479,0.42
131493,0.14
131495,0.11
131496,0.11
131498,0.11
131504,0.02
131525,0.18
131528,0.0
131548,0.03
131549,0.12
131550,0.12
131557,0.36
131564,0.01
131565,0.05
131576,0.16
131602,0.25
131628,0.16
131629,0.02
131641,0.04
131647,0.03
131664,0.04
131677,0.11
131681,0.04
131682,0.04
131688,0.12
131690,0.06
131691,0.04
131709,0.04
131713,0.04
131719,0.15
131733,0.1
131734,0.05
131743,0.31
131747,0.03
131748,0.19
131758,0.0
131759,0.33
131764,0.03
131771,0.04
131788,0.05
131791,0.16
131798,0.11
131810,0.1
131812,0.08
131815,0.05
131823,0.11
131824,0.04
131828,0.1
131844,0.07
131846,0.05
131848,0.05
131863,0.01
131864,0.19
131889,0.05
131890,0.11
131892,0.24
131895,0.07
131896,0.14
131897,0.0
131905,0.03
131906,0.03
131907,0.17
131914,0.05
131921,0.01
131922,0.1
131925,0.05
131936,0.03
131941,0.1
131950,0.01
131952,0.04
131959,0.26
131983,0.0
131987,0.02
131994,0.15
132004,0.24
132009,0.06
132012,0.01
132013,0.01
132014,0.13
132028,0.2
132054,0.01
132061,0.04
132062,0.1
132078,0.35
132082,0.05
132086,0.08
132089,0.08
132095,0.08
132109,0.08
132110,0.13
132121,0.05
132125,0.0
132127,0.17
132128,0.07
132134,0.04
132139,0.02
132141,0.02
132149,0.22
132150,0.08
132152,0.07
132153,0.08
132164,0.06
132179,0.28
132182,0.02
132189,0.07
132193,0.04
132194,0.03
132195,0.01
132208,0.15
132211,0.09
132212,0.04
132216,0.07
132219,0.02
132223,0.16
132238,0.01
132242,0.01
132268,0.01
132275,0.01
132276,0.21
132279,0.03
132289,0.13
132290,0.04
132300,0.2
132319,0.17
132340,0.01
132344,0.12
132345,0.03
132346,0.18
132352,0.09
132353,0.12
132358,0.17
132381,0.06
132382,0.06
132383,0.09
132410,0.07
132419,0.04
132423,0.08
132432,0.18
132434,0.04
132440,0.11
132441,0.05
132452,0.03
132453,0.02
132456,0.1
132459,0.01
132462,0.01
132463,0.08
132468,0.15
132485,0.28
132490,0.0
132500,0.09
132521,0.32
132555,0.09
132560,0.02
132562,0.03
132575,0.01
132587,0.03
132591,0.15
132611,0.08
132615,0.08
132617,0.3
132622,0.24
132629,0.13
132638,0.11
132642,0.11
132658,0.02
132664,0.03
132668,0.12
132676,0.26
132704,0.1
132707,0.05
132719,0.12
132723,0.23
132724,0.12
132732,0.07
132754,0.09
132756,0.02
132766,0.16
132767,0.0
132775,0.15
132776,0.09
132785,0.06
132787,0.01
132793,0.09
132807,0.02
132811,0.01
132818,0.04
132834,0.04
132846,0.02
132861,0.06
132870,0.17
132882,0.01
132884,0.01
132885,0.24
132888,0.07
132898,0.04
132912,0.0
132916,0.15
132917,0.13
132932,0.11
132940,0.02
132943,0.03
132962,0.0
132965,0.28
132969,0.03
132974,0.19
132977,0.07
132978,0.05
132982,0.03
132983,0.02
132996,0.02
133006,0.05
133007,0.02
133025,0.01
133027,0.04
133033,0.09
133038,0.16
133040,0.06
133041,0.0
133044,0.11
133053,0.01
133063,0.07
133065,0.02
133083,0.04
133084,0.01
133091,0.19
133092,0.05
133107,0.02
133111,0.11
133122,0.04
133132,0.04
133140,0.15
133147,0.02
133150,0.04
133168,0.0
133170,0.03
133184,0.0
133228,0.06
133229,0.05
133230,0.07
133232,0.2
133242,0.14
133246,0.29
133247,0.17
133253,0.04
133268,0.17
133271,0.07
133272,0.04
133296,0.21
133299,0.05
133302,0.22
133315,0.04
133330,0.04
133331,0.05
133332,0.03
133333,0.07
133334,0.47
133361,0.31
133363,0.13
133404,0.02
133412,0.25
133418,0.05
133422,0.24
133426,0.13
133450,0.06
133465,0.02
133468,0.1
133469,0.01
133474,0.04
133479,0.08
133490,0.15
133492,0.04
133495,0.01
133496,0.0
133501,0.26
133502,0.04
133511,0.06
133515,0.09
133528,0.12
133539,0.03
133551,0.06
133564,0.04
133569,0.05
133570,0.02
133578,0.03
133586,0.0
133587,0.11
133597,0.19
133608,0.01
133624,0.03
133626,0.24
133645,0.09
133655,0.02
133658,0.09
133659,0.1
133660,0.07
133664,0.01
133684,0.25
133685,0.03
133688,0.21
133706,0.02
133713,0.04
133723,0.01
133730,0.01
133733,0.08
133760,0.14
133762,0.18
133777,0.03
133793,0.03
133816,0.09
133818,0.06
133824,0.1
133841,0.22
133850,0.01
133877,0.1
133880,0.05
133887,0.09
133889,0.23
133896,0.11
133916,0.3
133920,0.06
133936,0.08
133939,0.08
133940,0.02
133942,0.09
133956,0.17
133957,0.16
133965,0.03
133972,0.03
133973,0.04
134008,0.02
134016,0.28
134039,0.05
134040,0.02
134045,0.03
134050,0.24
134056,0.22
134082,0.25
134085,0.17
134089,0.05
134102,0.09
134118,0.0
134131,0.06
134135,0.06
134137,0.05
134150,0.09
134159,0.06
134183,0.0
134186,0.11
134211,0.06
134216,0.01
134217,0.01
134218,0.01
134230,0.15
134233,0.07
134234,0.0
134236,0.25
134241,0.02
134242,0.12
134273,0.0
134277,0.06
134287,0.07
134293,0.1
134302,0.07
134306,0.26
134307,0.06
134325,0.06
134330,0.16
134334,0.06
134338,0.07
134339,0.04
134348,0.05
134355,0.0
134369,0.13
134387,0.04
134399,0.23
134400,0.04
134405,0.06
134407,0.01
134433,0.04
134448,0.0
134460,0.06
134463,0.2
134467,0.04
134485,0.03
134486,0.18
134490,0.26
134494,0.08
134501,0.17
134508,0.02
134512,0.17
134514,0.04
134519,0.05
134528,0.1
134536,0.06
134540,0.07
134546,0.08
134549,0.14
134558,0.23
134560,0.18
134588,0.21
134590,0.03
134591,0.0
134594,0.04
134622,0.02
134626,0.01
134639,0.01
134649,0.19
134654,0.06
134658,0.07
134683,0.02
134688,0.44
134689,0.37
134697,0.09
134698,0.24
134718,0.06
134742,0.01
134751,0.05
134760,0.06
134763,0.01
134764,0.05
134765,0.06
134773,0.05
134790,0.06
134794,0.05
134802,0.05
134805,0.04
134807,0.1
134812,0.04
134813,0.02
134823,0.09
134824,0.07
134838,0.11
134841,0.02
134857,0.02
134862,0.07
134865,0.03
134880,0.15
134883,0.15
134884,0.18
134916,0.02
134918,0.05
134919,0.13
134921,0.05
134928,0.25
134943,0.06
134950,0.04
134968,0.07
134971,0.23
134972,0.06
135011,0.16
135013,0.51
135016,0.02
135031,0.04
135036,0.01
135041,0.02
135052,0.05
135053,0.11
135054,0.2
135060,0.05
135072,0.05
135078,0.08
135079,0.06
135090,0.21
135113,0.05
135123,0.01
135128,0.23
135136,0.11
135152,0.06
135163,0.09
135166,0.04
135186,0.08
135188,0.03
135194,0.1
135214,0.01
135220,0.01
135235,0.01
135236,0.04
135241,0.14
135243,0.1
135253,0.11
135258,0.1
135264,0.11
135271,0.1
135274,0.0
135275,0.16
135288,0.16
135290,0.07
135299,0.06
135304,0.16
135309,0.05
135345,0.23
135359,0.0
135360,0.16
135361,0.0
135363,0.09
135365,0.06
135369,0.16
135380,0.01
135387,0.19
135389,0.12
135390,0.12
135393,0.02
135401,0.07
135409,0.18
135410,0.04
135412,0.1
135430,0.09
135434,0.02
135435,0.09
135445,0.29
135449,0.28
135460,0.11
135461,0.15
135491,0.09
135500,0.04
135504,0.09
135506,0.07
135521,0.13
135523,0.21
135527,0.04
135528,0.11
135530,0.29
135540,0.0
135541,0.37
135562,0.23
135578,0.02
135584,0.01
135589,0.15
135590,0.03
135591,0.11
135596,0.01
135607,0.01
135622,0.01
135626,0.14
135635,0.07
135636,0.16
135650,0.02
135656,0.09
135657,0.04
135672,0.14
135673,0.04
135678,0.17
135679,0.01
135684,0.13
135701,0.01
135704,0.15
135713,0.14
135716,0.1
135718,0.03
135723,0.03
135737,0.02
135738,0.12
135745,0.02
135746,0.16
135752,0.07
135755,0.06
135756,0.01
135765,0.02
135778,0.05
135779,0.08
135788,0.01
135803,0.12
135804,0.06
135809,0.01
135811,0.2
135812,0.08
135823,0.21
135834,0.06
135838,0.06
135843,0.07
135847,0.0
135857,0.22
135865,0.1
135872,0.04
135885,0.1
135888,0.07
135899,0.1
135910,0.06
135930,0.02
135941,0.22
135943,0.19
135949,0.17
135950,0.08
135951,0.09
135954,0.21
135966,0.31
135967,0.07
135971,0.03
135974,0.28
135975,0.1
135985,0.01
136004,0.0
136009,0.06
136033,0.24
136041,0.09
136051,0.06
136057,0.09
136070,0.21
136099,0.06
136103,0.06
136114,0.08
136116,0.03
136140,0.05
136160,0.05
136185,0.02
136201,0.07
136211,0.09
136213,0.14
136224,0.13
136234,0.03
136244,0.12
136255,0.03
136257,0.06
136260,0.01
136261,0.06
136263,0.09
136267,0.08
136277,0.05
136289,0.04
136293,0.02
136296,0.05
136302,0.14
136312,0.06
136317,0.15
136337,0.24
136355,0.03
136356,0.24
136383,0.18
136390,0.13
136406,0.06
136416,0.02
136417,0.09
136429,0.1
136440,0.12
136445,0.16
136449,0.04
136454,0.11
136457,0.02
136467,0.09
136474,0.19
136503,0.14
136505,0.1
136558,0.05
136578,0.15
136579,0.01
136582,0.09
136583,0.07
136588,0.06
136593,0.05
136605,0.16
136617,0.05
136620,0.0
136625,0.09
136640,0.09
136643,0.16
136653,0.18
136654,0.21
136660,0.01
136661,0.03
136663,0.12
136683,0.14
136711,0.17
136726,0.27
136730,0.24
136739,0.15
136740,0.1
136745,0.01
136751,0.12
136754,0.03
136758,0.15
136762,0.1
136763,0.11
136778,0.04
136782,0.05
136798,0.17
136808,0.2
136811,0.13
136829,0.07
136832,0.03
136838,0.06
136846,0.09
136848,0.07
136852,0.09
136854,0.02
136856,0.03
136862,0.26
136863,0.04
136885,0.01
136887,0.16
136902,0.2
136918,0.06
136922,0.04
136923,0.02
136929,0.4
136940,0.07
136967,0.11
136968,0.21
136972,0.1
136984,0.1
136993,0.23
136994,0.0
136995,0.02
136999,0.0
137013,0.03
137015,0.14
137023,0.1
137025,0.15
137032,0.03
137033,0.37
137045,0.0
137049,0.0
137051,0.14
137052,0.14
137101,0.23
137119,0.05
137142,0.05
137149,0.15
137166,0.02
137167,0.03
137192,0.03
137193,0.11
137194,0.07
137204,0.16
137214,0.01
137222,0.12
137223,0.07
137234,0.09
137254,0.02
137269,0.01
137284,0.04
137285,0.23
137286,0.36
137287,0.19
137300,0.2
137305,0.04
137313,0.12
137344,0.22
137346,0.11
137354,0.08
137356,0.22
137357,0.02
137364,0.06
137368,0.03
137380,0.01
137383,0.01
137395,0.03
137432,0.04
137433,0.08
137435,0.06
137444,0.0
137453,0.11
137454,0.06
137455,0.19
137456,0.01
137457,0.16
137465,0.07
137476,0.05
137515,0.05
137544,0.12
137549,0.0
137560,0.17
137577,0.28
137590,0.0
137591,0.14
137592,0.09
137595,0.04
137614,0.17
137624,0.0
137640,0.0
137651,0.07
137657,0.0
137658,0.51
137672,0.08
137673,0.04
137687,0.3
137688,0.03
137689,0.03
137700,0.25
137711,0.11
137715,0.11
137718,0.05
137721,0.1
137722,0.24
137726,0.19
137739,0.21
137741,0.04
137743,0.07
137747,0.03
137761,0.17
137796,0.0
137807,0.14
137809,0.07
137824,0.06
137827,0.16
137846,0.27
137862,0.03
137865,0.01
137868,0.07
137875,0.03
137878,0.06
137883,0.02
137888,0.1
137913,0.07
137915,0.0
137934,0.09
137936,0.29
137937,0.06
137942,0.05
137944,0.17
137947,0.04
137960,0.07
137977,0.14
138006,0.0
138007,0.09
138008,0.02
138019,0.18
138021,0.02
138022,0.07
138025,0.16
138044,0.07
138046,0.03
138050,0.1
138068,0.15
138084,0.1
138085,0.04
138086,0.04
138087,0.01
138089,0.08
138100,0.15
138105,0.02
138107,0.07
138127,0.03
138128,0.05
138129,0.03
138131,0.0
138132,0.01
138150,0.04
138156,0.05
138169,0.13
138174,0.06
138177,0.19
138187,0.12
138189,0.11
138193,0.07
138203,0.07
138209,0.02
138237,0.07
138243,0.02
138273,0.02
138274,0.1
138275,0.02
138277,0.04
138285,0.11
138289,0.21
138308,0.03
138313,0.09
138317,0.02
138326,0.12
138327,0.15
138338,0.04
138367,0.03
138377,0.28
138416,0.03
138417,0.02
138419,0.06
138425,0.14
138430,0.03
138454,0.14
138465,0.1
138470,0.07
138480,0.06
138481,0.33
138486,0.04
138492,0.07
138496,0.16
138519,0.32
138520,0.03
138522,0.27
138545,0.0
138556,0.09
138560,0.0
138564,0.04
138573,0.05
138581,0.24
138585,0.15
138591,0.02
138598,0.04
138600,0.16
138602,0.05
138613,0.19
138639,0.04
138651,0.01
138652,0.09
138661,0.18
138674,0.14
138678,0.36
138679,0.03
138686,0.08
138695,0.01
138711,0.11
138728,0.09
138731,0.05
138744,0.14
138752,0.17
138754,0.18
138756,0.05
138770,0.02
138771,0.31
138807,0.02
138818,0.0
138819,0.25
138820,0.03
138831,0.06
138843,0.05
138871,0.06
138873,0.08
138876,0.13
138880,0.05
138881,0.06
138882,0.07
138890,0.06
138892,0.08
138893,0.12
138917,0.06
138921,0.22
138922,0.08
138924,0.01
138926,0.0
138932,0.06
138946,0.09
138959,0.07
138961,0.07
138964,0.06
138968,0.08
138969,0.07
138980,0.18
138992,0.23
139002,0.2
139010,0.04
139011,0.11
139017,0.14
139030,0.03
139032,0.08
139034,0.16
139039,0.08
139049,0.14
139053,0.04
139058,0.15
139062,0.14
139067,0.13
139069,0.31
139070,0.23
139075,0.09
139082,0.05
139092,0.08
139098,0.06
139108,0.13
139127,0.26
139130,0.09
139145,0.02
139164,0.04
139174,0.04
139175,0.23
139178,0.01
139180,0.01
139181,0.23
139186,0.02
139189,0.04
139190,0.03
139191,0.01
139198,0.02
139201,0.06
139204,0.24
139208,0.05
139211,0.08
139215,0.1
139225,0.24
139226,0.03
139231,0.05
139246,0.06
139252,0.22
139256,0.01
139258,0.08
139268,0.06
139272,0.05
139283,0.07
139286,0.04
139289,0.08
139290,0.28
139291,0.06
139293,0.04
139303,0.11
139304,0.07
139307,0.18
139319,0.05
139321,0.06
139326,0.14
139327,0.04
139355,0.07
139363,0.07
139375,0.02
139397,0.14
139412,0.12
139413,0.01
139415,0.07
139416,0.06
139449,0.12
139461,0.03
139462,0.14
139463,0.17
139486,0.0
139493,0.07
139515,0.19
139516,0.14
139522,0.09
139532,0.02
139542,0.08
139545,0.08
139552,0.23
139553,0.19
139555,0.16
139559,0.02
139560,0.04
139564,0.05
139565,0.04
139567,0.02
139568,0.01
139572,0.03
139573,0.16
139592,0.02
139595,0.25
139597,0.23
139598,0.02
139607,0.23
139609,0.13
139628,0.04
139653,0.08
139656,0.31
139661,0.02
139673,0.0
139674,0.03
139683,0.0
139714,0.14
139724,0.06
139737,0.05
139749,0.13
139755,0.0
139756,0.22
139757,0.04
139763,0.09
139769,0.18
139774,0.31
139775,0.07
139777,0.07
139780,0.05
139788,0.2
139794,0.08
139831,0.11
139832,0.05
139834,0.06
139839,0.02
139843,0.17
139844,0.0
139858,0.13
139861,0.17
139864,0.16
139865,0.14
139874,0.02
139876,0.02
139895,0.1
139903,0.25
139917,0.03
139930,0.03
139934,0.09
139935,0.05
139946,0.03
139958,0.09
139977,0.04
139981,0.04
139989,0.02
139992,0.22
139995,0.02
139996,0.12
139997,0.07
140005,0.07
140010,0.22
140018,0.08
140026,0.05
140027,0.14
140031,0.08
140037,0.04
140039,0.0
140040,0.22
140042,0.02
140049,0.33
140084,0.03
140087,0.08
140096,0.05
140101,0.34
140114,0.06
140117,0.15
140129,0.31
140131,0.32
140132,0.05
140136,0.11
140144,0.05
140151,0.1
140172,0.08
140174,0.02
140190,0.12
140196,0.06
140200,0.06
140204,0.07
140223,0.09
140232,0.06
140234,0.13
140237,0.07
140245,0.3
140247,0.21
140248,0.02
140298,0.04
140305,0.22
140311,0.0
140312,0.24
140318,0.07
140325,0.06
140327,0.43
140334,0.08
140337,0.03
140338,0.01
140343,0.12
140376,0.08
140378,0.15
140381,0.05
140382,0.01
140384,0.17
140386,0.01
140390,0.0
140402,0.01
140406,0.02
140425,0.03
140426,0.04
140434,0.06
140435,0.06
140436,0.29
140451,0.13
140452,0.08
140454,0.06
140455,0.08
140483,0.05
140504,0.02
140512,0.04
140518,0.01
140534,0.04
140545,0.02
140546,0.12
140560,0.02
140563,0.0
140564,0.15
140569,0.0
140577,0.04
140638,0.03
140655,0.12
140664,0.14
140669,0.1
140672,0.43
140682,0.08
140693,0.07
140700,0.02
140701,0.07
140704,0.04
140705,0.03
140719,0.0
140749,0.16
140750,0.0
140751,0.11
140752,0.08
140762,0.08
140772,0.15
140778,0.19
140779,0.02
140780,0.04
140802,0.02
140804,0.21
140807,0.17
140813,0.04
140827,0.02
140840,0.03
140845,0.07
140847,0.24
140861,0.02
140862,0.07
140872,0.04
140879,0.07
140880,0.12
140886,0.04
140924,0.01
140938,0.05
140944,0.08
140945,0.23
140961,0.07
140963,0.05
140967,0.12
140982,0.12
140990,0.02
140993,0.05
140996,0.28
141004,0.03
141025,0.59
141030,0.04
141031,0.0
141032,0.15
141067,0.09
141072,0.08
141081,0.1
141084,0.11
141085,0.11
141089,0.16
141090,0.12
141093,0.16
141095,0.09
141110,0.03
141114,0.1
141119,0.27
141147,0.07
141150,0.16
141159,0.07
141160,0.09
141167,0.01
141206,0.04
141213,0.08
141215,0.4
141222,0.12
141255,0.09
141283,0.02
141298,0.25
141306,0.1
141310,0.3
141320,0.03
141323,0.12
141329,0.11
141333,0.03
141339,0.02
141340,0.09
141344,0.06
141345,0.03
141347,0.06
141350,0.05
141356,0.04
141358,0.09
141365,0.03
141368,0.02
141369,0.02
141376,0.2
141377,0.11
141385,0.03
141387,0.02
141388,0.15
141389,0.03
141390,0.06
141409,0.02
141410,0.09
141411,0.09
141414,0.13
141422,0.07
141426,0.18
141457,0.03
141470,0.09
141480,0.07
141481,0.02
141492,0.02
141493,0.02
141496,0.01
141497,0.05
141502,0.04
141503,0.11
141504,0.42
141507,0.09
141515,0.02
141524,0.22
141528,0.03
141540,0.01
141542,0.11
141551,0.32
141573,0.05
141580,0.02
141588,0.18
141596,0.04
141597,0.03
141602,0.08
141608,0.16
141611,0.03
141612,0.15
141618,0.14
141628,0.04
141632,0.2
141634,0.11
141637,0.1
141638,0.09
141639,0.05
141640,0.11
141644,0.26
141654,0.25
141656,0.03
141668,0.06
141717,0.19
141718,0.04
141723,0.27
141743,0.05
141744,0.02
141750,0.13
141753,0.04
141762,0.23
141809,0.08
141815,0.01
141826,0.01
141832,0.02
141840,0.04
141869,0.08
141870,0.26
141887,0.15
141915,0.04
141925,0.03
141945,0.59
141949,0.0
141958,0.06
141959,0.02
141963,0.04
141989,0.06
141995,0.09
141997,0.12
142005,0.04
142008,0.08
142012,0.12
142014,0.04
142025,0.05
142036,0.02
142037,0.07
142038,0.01
142039,0.02
142064,0.12
142065,0.29
142070,0.03
142074,0.01
142079,0.14
142084,0.17
142087,0.05
142102,0.02
142106,0.07
142115,0.07
142120,0.07
142132,0.07
142139,0.17
142142,0.05
142153,0.18
142160,0.07
142162,0.01
142163,0.03
142167,0.01
142168,0.02
142177,0.13
142180,0.16
142183,0.02
142186,0.07
142189,0.15
142195,0.04
142198,0.01
142210,0.07
142215,0.16
142222,0.01
142223,0.16
142224,0.03
142236,0.01
142237,0.07
142239,0.02
142242,0.06
142243,0.07
142244,0.01
142255,0.01
142273,0.08
142289,0.12
142294,0.01
142303,0.31
142305,0.0
142339,0.1
142359,0.31
142361,0.05
142364,0.0
142378,0.26
142380,0.06
142383,0.23
142387,0.04
142393,0.11
142396,0.32
142407,0.39
142409,0.06
142427,0.0
142429,0.26
142430,0.13
142431,0.11
142433,0.06
142439,0.29
142440,0.02
142446,0.01
142459,0.02
142478,0.01
142481,0.01
142491,0.03
142495,0.05
142497,0.07
142510,0.07
142513,0.24
142521,0.03
142529,0.25
142537,0.07
142542,0.3
142558,0.04
142574,0.13
142575,0.08
142579,0.06
142587,0.01
142590,0.4
142610,0.06
142614,0.03
142621,0.04
142641,0.01
142650,0.12
142653,0.08
142667,0.11
142671,0.18
142676,0.06
142680,0.12
142684,0.08
142685,0.0
142686,0.04
142689,0.12
142691,0.13
142704,0.08
142707,0.15
142724,0.02
142727,0.08
142728,0.1
142741,0.01
142747,0.12
142748,0.05
142752,0.08
142755,0.02
142756,0.09
142759,0.0
142762,0.02
142771,0.06
142778,0.06
142783,0.11
142789,0.21
142790,0.12
142791,0.15
142793,0.24
142795,0.06
142803,0.17
142819,0.01
142822,0.01
142825,0.03
142833,0.04
142871,0.02
142872,0.0
142883,0.05
142905,0.02
142906,0.06
142917,0.14
142921,0.08
142927,0.1
142932,0.01
142940,0.17
142962,0.11
142969,0.15
142976,0.01
142977,0.15
142982,0.08
142988,0.0
142990,0.11
142992,0.03
143012,0.16
143013,0.13
143016,0.09
143017,0.04
143033,0.09
143058,0.02
143059,0.0
143060,0.06
143065,0.03
143076,0.09
143081,0.37
143088,0.01
143089,0.12
143090,0.01
143094,0.01
143100,0.0
143115,0.09
143132,0.14
143135,0.03
143136,0.16
143149,0.2
143151,0.02
143152,0.04
143153,0.03
143162,0.09
143166,0.04
143167,0.07
143187,0.13
143188,0.01
143190,0.04
143191,0.03
143195,0.55
143207,0.05
143209,0.12
143227,0.07
143231,0.04
143232,0.04
143244,0.07
143263,0.13
143268,0.23
143275,0.06
143278,0.06
143302,0.11
143320,0.0
143328,0.15
143336,0.03
143339,0.02
143340,0.17
143353,0.01
143360,0.08
143361,0.18
143385,0.28
143388,0.07
143389,0.1
143390,0.03
143393,0.34
143396,0.14
143419,0.16
143421,0.05
143422,0.02
143431,0.03
143433,0.05
143440,0.22
143442,0.02
143463,0.03
143466,0.06
143475,0.06
143500,0.07
143510,0.03
143528,0.04
143532,0.03
143535,0.2
143538,0.05
143548,0.07
143550,0.12
143555,0.04
143576,0.18
143593,0.09
143595,0.09
143596,0.02
143597,0.05
143599,0.01
143601,0.09
143602,0.07
143605,0.02
143609,0.15
143611,0.13
143613,0.04
143618,0.04
143652,0.02
143667,0.03
143679,0.09
143680,0.04
143692,0.16
143703,0.08
143712,0.14
143714,0.04
143715,0.09
143729,0.21
143732,0.11
143738,0.04
143740,0.1
143743,0.14
143772,0.05
143773,0.06
143792,0.03
143802,0.05
143808,0.0
143819,0.02
143820,0.11
143825,0.02
143828,0.0
143831,0.18
143834,0.0
143835,0.11
143843,0.05
143860,0.05
143874,0.12
143889,0.11
143903,0.05
143921,0.23
143936,0.03
143944,0.02
143947,0.13
143948,0.04
143957,0.32
143964,0.18
143965,0.02
143971,0.23
143976,0.14
143977,0.21
143983,0.19
143991,0.14
144015,0.01
144032,0.02
144057,0.02
144065,0.04
144087,0.02
144090,0.05
144091,0.22
144092,0.07
144139,0.02
144150,0.02
144151,0.04
144153,0.13
144154,0.43
144159,0.1
144168,0.28
144169,0.08
144178,0.12
144179,0.0
144183,0.02
144186,0.16
144190,0.15
144191,0.11
144199,0.15
144226,0.05
144227,0.05
144229,0.06
144237,0.03
144247,0.02
144249,0.1
144259,0.09
144260,0.03
144282,0.08
144295,0.12
144304,0.02
144314,0.01
144318,0.13
144324,0.32
144325,0.06
144333,0.11
144334,0.03
144336,0.07
144350,0.03
144354,0.03
144357,0.04
144359,0.04
144365,0.06
144385,0.04
144386,0.0
144387,0.31
144390,0.1
144393,0.05
144398,0.04
144402,0.09
144416,0.09
144422,0.08
144446,0.15
144451,0.0
144461,0.05
144464,0.1
144483,0.12
144498,0.24
144499,0.04
144534,0.05
144549,0.07
144563,0.06
144570,0.37
144579,0.03
144580,0.03
144581,0.0
144582,0.02
144587,0.03
144588,0.03
144589,0.03
144590,0.05
144598,0.07
144601,0.02
144610,0.08
144611,0.11
144612,0.07
144613,0.02
144617,0.16
144635,0.23
144640,0.09
144644,0.04
144645,0.02
144654,0.02
144656,0.03
144657,0.14
144658,0.03
144659,0.15
144665,0.0
144667,0.04
144675,0.06
144677,0.13
144678,0.02
144690,0.07
144701,0.16
144702,0.18
144716,0.02
144721,0.05
144722,0.17
144729,0.06
144744,0.04
144753,0.0
144761,0.01
144764,0.26
144767,0.05
144780,0.05
144781,0.08
144784,0.07
144806,0.01
144810,0.13
144811,0.11
144824,0.07
144828,0.17
144829,0.05
144835,0.12
144849,0.09
144850,0.01
144870,0.09
144881,0.09
144891,0.06
144898,0.15
144904,0.09
144906,0.01
144909,0.02
144910,0.13
144912,0.23
144963,0.13
144965,0.07
144966,0.04
144979,0.2
144990,0.11
144991,0.01
144992,0.23
144999,0.14
145006,0.03
145007,0.03
145008,0.05
145009,0.01
145011,0.02
145014,0.12
145025,0.05
145036,0.06
145041,0.15
145058,0.2
145071,0.07
145106,0.05
145110,0.06
145142,0.13
145146,0.31
145147,0.07
145148,0.08
145149,0.03
145154,0.07
145157,0.08
145158,0.0
145167,0.06
145172,0.16
145174,0.09
145192,0.09
145195,0.06
145196,0.21
145199,0.06
145209,0.2
145242,0.06
145248,0.06
145249,0.07
145250,0.04
145281,0.05
145287,0.01
145288,0.11
145298,0.04
145303,0.02
145309,0.13
145333,0.09
145336,0.02
145339,0.19
145350,0.04
145353,0.05
145354,0.08
145358,0.07
145382,0.13
145383,0.17
145389,0.07
145390,0.15
145391,0.14
145392,0.05
145407,0.02
145410,0.05
145412,0.27
145415,0.1
145418,0.07
145419,0.04
145440,0.02
145451,0.06
145476,0.15
145481,0.06
145482,0.02
145484,0.03
145502,0.03
145512,0.04
145515,0.02
145521,0.0
145523,0.03
145554,0.09
145557,0.02
145560,0.13
145563,0.18
145569,0.08
145586,0.13
145601,0.07
145602,0.06
145615,0.05
145623,0.14
145638,0.01
145640,0.01
145645,0.02
145654,0.13
145664,0.05
145677,0.09
145679,0.04
145681,0.07
145698,0.11
145709,0.02
145713,0.04
145720,0.07
145780,0.06
145781,0.05
145798,0.11
145811,0.19
145819,0.02
145833,0.08
145834,0.06
145835,0.06
145844,0.05
145862,0.06
145869,0.11
145871,0.01
145872,0.01
145874,0.48
145888,0.06
145891,0.27
145907,0.11
145908,0.23
145919,0.17
145925,0.02
145940,0.17
145941,0.06
145943,0.05
145951,0.04
145954,0.17
145957,0.07
145962,0.11
145974,0.01
145976,0.16
145987,0.05
145988,0.39
145989,0.02
145990,0.09
145991,0.26
145993,0.11
146000,0.23
146001,0.11
146006,0.05
146011,0.01
146014,0.06
146020,0.07
146021,0.02
146022,0.05
146026,0.1
146028,0.26
146032,0.02
146033,0.2
146037,0.13
146059,0.01
146060,0.12
146063,0.06
146069,0.07
146086,0.03
146090,0.48
146092,0.02
146094,0.22
146097,0.0
146098,0.26
146106,0.09
146115,0.02
146121,0.2
146122,0.06
146140,0.1
146142,0.01
146146,0.22
146149,0.02
146153,0.09
146155,0.04
146156,0.03
146159,0.16
146172,0.16
146176,0.07
146184,0.05
146186,0.08
146191,0.06
146198,0.04
146199,0.03
146202,0.06
146206,0.13
146214,0.05
146221,0.04
146232,0.05
146239,0.15
146246,0.22
146247,0.0
146252,0.08
146255,0.04
146256,0.03
146262,0.15
146277,0.15
146292,0.05
146303,0.04
146305,0.04
146313,0.02
146317,0.12
146330,0.07
146344,0.09
146345,0.02
146347,0.1
146356,0.05
146369,0.06
146384,0.15
146385,0.0
146386,0.02
146388,0.06
146404,0.02
146409,0.24
146413,0.08
146421,0.19
146428,0.06
146451,0.14
146458,0.01
146466,0.01
146476,0.06
146485,0.02
146486,0.05
146487,0.06
146500,0.03
146502,0.06
146512,0.17
146514,0.05
146515,0.32
146516,0.07
146533,0.01
146535,0.03
146541,0.22
146557,0.08
146562,0.09
146565,0.06
146570,0.06
146571,0.04
146574,0.07
146587,0.16
146591,0.03
146597,0.08
146600,0.01
146614,0.26
146621,0.11
146623,0.17
146631,0.04
146644,0.1
146649,0.02
146651,0.01
146652,0.07
146663,0.04
146680,0.08
146683,0.08
146714,0.17
146724,0.22
146730,0.05
146732,0.2
146738,0.08
146752,0.08
146755,0.04
146756,0.13
146759,0.12
146760,0.07
146761,0.05
146765,0.02
146806,0.07
146809,0.17
146810,0.27
146811,0.03
146815,0.1
146820,0.29
146821,0.05
146824,0.06
146829,0.11
146842,0.2
146864,0.09
146891,0.07
146918,0.05
146955,0.05
146957,0.13
146972,0.1
146973,0.1
146979,0.21
146982,0.08
146984,0.01
146997,0.2
147001,0.04
147008,0.38
147014,0.01
147022,0.04
147038,0.03
147048,0.08
147060,0.05
147061,0.1
147077,0.18
147082,0.03
147083,0.05
147085,0.07
147086,0.09
147099,0.12
147127,0.07
147128,0.08
147133,0.02
147138,0.01
147139,0.01
147150,0.05
147155,0.09
147171,0.08
147172,0.16
147182,0.06
147195,0.03
147199,0.03
147216,0.1
147224,0.02
147225,0.18
147230,0.11
147240,0.04
147250,0.0
147253,0.0
147254,0.28
147264,0.06
147294,0.17
147308,0.03
147309,0.06
147315,0.07
147319,0.1
147329,0.0
147340,0.03
147345,0.16
147353,0.0
147354,0.15
147364,0.25
147366,0.05
147373,0.04
147382,0.12
147383,0.19
147390,0.05
147408,0.08
147411,0.03
147415,0.1
147416,0.14
147425,0.05
147427,0.06
147438,0.1
147439,0.05
147457,0.08
147459,0.04
147463,0.03
147469,0.03
147476,0.25
147483,0.03
147497,0.03
147502,0.32
147515,0.27
147523,0.1
147527,0.12
147541,0.15
147551,0.01
147552,0.07
147561,0.07
147571,0.12
147587,0.04
147657,0.1
147659,0.01
147670,0.05
147695,0.08
147696,0.05
147702,0.29
147710,0.29
147711,0.0
147712,0.04
147713,0.11
147720,0.05
147722,0.06
147742,0.03
147750,0.06
147761,0.15
147764,0.06
147770,0.03
147771,0.24
147774,0.12
147786,0.03
147787,0.1
147791,0.04
147792,0.22
147793,0.17
147794,0.06
147801,0.05
147824,0.04
147826,0.05
147840,0.05
147847,0.04
147862,0.09
147865,0.05
147882,0.13
147893,0.21
147925,0.08
147932,0.35
147942,0.02
147953,0.06
147955,0.2
147964,0.26
147966,0.2
147981,0.03
147982,0.19
147990,0.04
147998,0.09
148002,0.14
148013,0.09
148025,0.21
148026,0.07
148031,0.13
148035,0.12
148042,0.05
148047,0.05
148050,0.02
148063,0.1
148065,0.14
148069,0.14
148070,0.08
148075,0.09
148076,0.03
148087,0.01
148091,0.07
148102,0.08
148107,0.04
148108,0.06
148113,0.05
148131,0.1
148141,0.2
148149,0.12
148150,0.17
148163,0.19
148175,0.04
148185,0.2
148187,0.12
148198,0.17
148204,0.24
148205,0.08
148212,0.13
148216,0.35
148217,0.12
148223,0.0
148224,0.16
148235,0.11
148255,0.17
148276,0.12
148285,0.04
148289,0.04
148292,0.1
148294,0.03
148314,0.1
148319,0.0
148320,0.12
148322,0.06
148323,0.1
148325,0.04
148333,0.04
148339,0.07
148359,0.01
148361,0.17
148364,0.11
148380,0.01
148382,0.12
148386,0.16
148393,0.1
148394,0.09
148404,0.08
148419,0.08
148423,0.04
148437,0.25
148440,0.07
148448,0.09
148449,0.02
148450,0.06
148451,0.08
148458,0.23
148471,0.06
148475,0.02
148476,0.05
148497,0.09
148511,0.03
148512,0.04
148534,0.1
148545,0.17
148557,0.11
148564,0.01
148570,0.03
148586,0.12
148596,0.21
148600,0.18
148607,0.11
148609,0.13
148622,0.02
148623,0.0
148625,0.16
148626,0.01
148628,0.02
148632,0.02
148639,0.09
148643,0.09
148644,0.09
148680,0.02
148702,0.14
148716,0.08
148717,0.07
148726,0.14
148738,0.08
148746,0.03
148749,0.14
148750,0.12
148769,0.03
148791,0.1
148803,0.02
148804,0.04
148823,0.01
148831,0.04
148849,0.02
148850,0.03
148855,0.1
148893,0.05
148896,0.05
148899,0.05
148903,0.1
148910,0.04
148911,0.2
148912,0.31
148913,0.08
148933,0.18
148935,0.08
148937,0.03
148946,0.28
148955,0.09
148980,0.09
148996,0.08
149015,0.22
149025,0.12
149028,0.26
149029,0.03
149035,0.02
149050,0.06
149051,0.06
149052,0.1
149056,0.04
149062,0.02
149067,0.17
149076,0.26
149090,0.4
149106,0.29
149107,0.03
149118,0.13
149119,0.05
149130,0.14
149154,0.03
149157,0.07
149158,0.06
149160,0.03
149163,0.05
149164,0.14
149165,0.01
149166,0.08
149214,0.11
149231,0.18
149236,0.01
149237,0.07
149246,0.02
149247,0.01
149253,0.07
149254,0.0
149265,0.19
149266,0.03
149277,0.31
149283,0.08
149289,0.13
149310,0.12
149314,0.02
149318,0.15
149319,0.02
149320,0.05
149321,0.16
149333,0.07
149337,0.32
149338,0.06
149341,0.02
149342,0.02
149349,0.03
149351,0.11
149354,0.05
149360,0.01
149362,0.03
149366,0.01
149372,0.38
149376,0.12
149388,0.11
149393,0.08
149401,0.02
149405,0.26
149412,0.15
149415,0.09
149416,0.06
149430,0.27
149435,0.07
149436,0.01
149444,0.26
149456,0.01
149471,0.0
149480,0.02
149481,0.05
149490,0.03
149491,0.07
149503,0.03
149512,0.15
149524,0.02
149525,0.07
149532,0.06
149533,0.18
149536,0.56
149540,0.05
149548,0.05
149563,0.08
149568,0.06
149569,0.08
149570,0.24
149582,0.04
149584,0.03
149587,0.09
149592,0.16
149596,0.11
149599,0.06
149612,0.1
149643,0.11
149648,0.43
149665,0.01
149666,0.09
149671,0.04
149675,0.0
149676,0.12
149677,0.04
149680,0.13
149711,0.01
149723,0.07
149726,0.11
149727,0.04
149730,0.0
149733,0.2
149734,0.28
149736,0.43
149750,0.02
149752,0.31
149767,0.1
149791,0.04
149793,0.02
149810,0.02
149850,0.02
149857,0.05
149858,0.03
149860,0.14
149882,0.0
149889,0.03
149890,0.15
149918,0.02
149919,0.07
149927,0.03
149928,0.02
149940,0.15
149944,0.03
149947,0.03
149951,0.11
149956,0.15
149958,0.18
149969,0.01
149988,0.02
149996,0.01
150007,0.08
150018,0.14
150025,0.1
150054,0.08
150064,0.12
150070,0.03
150074,0.03
150078,0.0
150084,0.04
150106,0.14
150111,0.48
150115,0.04
150117,0.3
150120,0.02
150127,0.13
150128,0.08
150130,0.13
150132,0.13
150135,0.0
150145,0.08
150148,0.04
150153,0.08
150154,0.01
150173,0.01
150174,0.11
150176,0.11
150177,0.05
150178,0.1
150179,0.25
150187,0.01
150207,0.06
150223,0.07
150224,0.02
150229,0.02
150233,0.03
150245,0.02
150252,0.01
150257,0.08
150258,0.12
150267,0.08
150268,0.05
150272,0.58
150282,0.04
150289,0.25
150299,0.01
150307,0.06
150310,0.03
150311,0.16
150312,0.12
150313,0.15
150324,0.34
150335,0.05
150343,0.02
150354,0.08
150363,0.05
150365,0.02
150377,0.01
150381,0.11
150382,0.1
150414,0.03
150418,0.13
150431,0.07
150449,0.01
150450,0.17
150473,0.1
150475,0.04
150476,0.26
150478,0.1
150488,0.24
150499,0.05
150501,0.06
150503,0.04
150518,0.04
150529,0.11
150531,0.05
150532,0.15
150535,0.04
150543,0.26
150545,0.13
150548,0.13
150552,0.14
150558,0.12
150574,0.12
150576,0.45
150577,0.07
150594,0.07
150601,0.13
150604,0.04
150618,0.02
150626,0.17
150627,0.08
150635,0.18
150648,0.08
150649,0.16
150650,0.07
150651,0.08
150652,0.08
150657,0.28
150659,0.04
150666,0.1
150667,0.03
150680,0.0
150698,0.33
150700,0.45
150713,0.04
150715,0.06
150718,0.02
150724,0.11
150731,0.03
150734,0.01
150738,0.01
150744,0.01
150745,0.29
150746,0.07
150749,0.02
150750,0.07
150753,0.05
150759,0.03
150762,0.06
150764,0.0
150782,0.12
150784,0.04
150785,0.16
150786,0.05
150789,0.12
150802,0.05
150809,0.02
150810,0.05
150817,0.11
150820,0.07
150822,0.08
150845,0.02
150846,0.06
150854,0.21
150858,0.17
150866,0.12
150869,0.01
150874,0.05
150887,0.03
150889,0.03
150892,0.16
150896,0.01
150901,0.37
150914,0.2
150918,0.08
150919,0.02
150929,0.06
150935,0.03
150941,0.02
150949,0.03
150950,0.16
150951,0.01
150952,0.01
150980,0.17
150981,0.04
150986,0.37
150987,0.11
151004,0.04
151005,0.08
151010,0.03
151012,0.02
151016,0.0
151021,0.08
151022,0.01
151023,0.4
151024,0.22
151035,0.18
151036,0.06
151039,0.05
151041,0.05
151043,0.02
151052,0.2
151058,0.15
151065,0.15
151066,0.07
151067,0.19
151069,0.14
151070,0.01
151080,0.2
151090,0.04
151092,0.56
151100,0.04
151108,0.11
151113,0.12
151119,0.06
151131,0.02
151145,0.08
151147,0.09
151148,0.06
151149,0.09
151153,0.13
151158,0.08
151167,0.01
151169,0.09
151185,0.05
151186,0.18
151187,0.11
151203,0.03
151206,0.0
151213,0.16
151237,0.13
151254,0.05
151255,0.08
151264,0.12
151266,0.02
151267,0.09
151270,0.03
151286,0.05
151288,0.07
151289,0.11
151290,0.09
151303,0.02
151304,0.15
151308,0.03
151315,0.0
151324,0.11
151329,0.02
151335,0.04
151343,0.02
151347,0.21
151348,0.11
151357,0.09
151366,0.07
151372,0.04
151374,0.03
151394,0.03
151395,0.23
151403,0.15
151410,0.03
151412,0.03
151419,0.1
151443,0.05
151464,0.01
151466,0.04
151467,0.01
151476,0.08
151480,0.04
151481,0.17
151486,0.2
151487,0.21
151490,0.12
151498,0.01
151500,0.01
151504,0.06
151516,0.01
151519,0.08
151528,0.15
151529,0.11
151539,0.1
151540,0.03
151556,0.45
151558,0.02
151559,0.11
151581,0.02
151586,0.28
151589,0.17
151603,0.12
151604,0.02
151610,0.01
151637,0.23
151652,0.25
151654,0.0
151667,0.13
151668,0.44
151669,0.01
151678,0.04
151697,0.03
151706,0.04
151729,0.07
151730,0.15
151737,0.02
151744,0.06
151756,0.09
151785,0.05
151800,0.01
151801,0.0
151821,0.08
151822,0.26
151834,0.01
151845,0.11
151846,0.17
151847,0.06
151848,0.04
151859,0.04
151872,0.12
151875,0.03
151883,0.02
151888,0.02
151895,0.0
151896,0.03
151900,0.03
151913,0.02
151920,0.13
151928,0.05
151933,0.03
151934,0.16
151948,0.25
151951,0.01
151963,0.06
151964,0.03
151965,0.05
151966,0.04
151974,0.03
151975,0.22
151978,0.04
151982,0.13
151993,0.18
152002,0.01
152005,0.19
152017,0.07
152020,0.1
152039,0.04
152047,0.14
152064,0.03
152071,0.08
152076,0.1
152088,0.05
152091,0.05
152093,0.09
152100,0.23
152107,0.1
152115,0.09
152119,0.01
152123,0.14
152129,0.06
152140,0.25
152141,0.01
152142,0.06
152148,0.08
152170,0.01
152171,0.05
152176,0.05
152186,0.09
152192,0.29
152204,0.04
152215,0.08
152220,0.08
152230,0.08
152256,0.0
152265,0.04
152266,0.25
152268,0.02
152272,0.1
152286,0.06
152299,0.12
152305,0.05
152324,0.03
152329,0.21
152355,0.03
152356,0.02
152365,0.09
152369,0.27
152373,0.07
152374,0.07
152383,0.12
152395,0.09
152403,0.16
152404,0.07
152406,0.02
152425,0.08
152437,0.07
152438,0.1
152442,0.16
152460,0.12
152461,0.04
152462,0.02
152472,0.06
152473,0.07
152477,0.06
152506,0.1
152522,0.02
152530,0.14
152535,0.04
152543,0.07
152548,0.06
152556,0.04
152562,0.32
152563,0.13
152565,0.06
152591,0.01
152593,0.08
152612,0.12
152619,0.09
152627,0.02
152628,0.07
152632,0.18
152638,0.09
152646,0.1
152662,0.19
152679,0.13
152680,0.01
152699,0.14
152703,0.02
152717,0.37
152720,0.1
152721,0.12
152735,0.02
152736,0.02
152739,0.17
152755,0.04
152769,0.02
152785,0.1
152788,0.06
152791,0.04
152808,0.12
152815,0.05
152816,0.15
152817,0.03
152818,0.05
152819,0.3
152820,0.04
152823,0.1
152831,0.01
152832,0.06
152833,0.05
152835,0.07
152838,0.02
152846,0.0
152862,0.18
152864,0.02
152865,0.05
152871,0.05
152874,0.0
152875,0.04
152876,0.19
152877,0.2
152881,0.24
152892,0.01
152908,0.17
152909,0.01
152915,0.01
152916,0.24
152923,0.05
152932,0.01
152934,0.05
152936,0.15
152948,0.06
152951,0.11
152956,0.18
152963,0.03
152964,0.52
152978,0.25
152980,0.08
152986,0.17
153001,0.12
153002,0.1
153007,0.03
153009,0.05
153017,0.01
153018,0.42
153022,0.12
153027,0.13
153032,0.1
153033,0.1
153034,0.01
153037,0.14
153051,0.53
153052,0.07
153057,0.03
153067,0.2
153084,0.11
153088,0.14
153089,0.02
153093,0.07
153094,0.13
153095,0.21
153105,0.2
153108,0.06
153110,0.09
153119,0.18
153135,0.01
153139,0.04
153146,0.01
153154,0.1
153185,0.04
153195,0.16
153196,0.02
153198,0.05
153202,0.0
153203,0.04
153209,0.03
153223,0.06
153224,0.07
153227,0.03
153230,0.1
153233,0.1
153234,0.02
153235,0.22
153243,0.07
153263,0.18
153269,0.07
153272,0.02
153276,0.19
153279,0.04
153291,0.06
153311,0.02
153328,0.23
153330,0.17
153341,0.25
153345,0.03
153393,0.02
153394,0.17
153395,0.1
153420,0.28
153428,0.14
153432,0.09
153449,0.06
153458,0.36
153459,0.04
153472,0.06
153475,0.04
153479,0.1
153480,0.03
153490,0.02
153491,0.03
153501,0.05
153502,0.0
153507,0.05
153513,0.03
153514,0.06
153519,0.24
153520,0.01
153556,0.06
153577,0.08
153582,0.18
153594,0.14
153595,0.07
153598,0.14
153601,0.12
153625,0.11
153641,0.03
153654,0.01
153676,0.14
153681,0.01
153704,0.21
153706,0.09
153710,0.18
153720,0.09
153734,0.08
153738,0.1
153743,0.1
153748,0.07
153756,0.2
153757,0.08
153759,0.06
153764,0.15
153782,0.04
153796,0.18
153802,0.34
153809,0.24
153810,0.01
153817,0.43
153821,0.08
153823,0.09
153830,0.04
153834,0.01
153839,0.03
153842,0.09
153847,0.25
153855,0.02
153873,0.03
153875,0.05
153882,0.1
153884,0.04
153885,0.33
153886,0.04
153890,0.08
153892,0.09
153897,0.09
153898,0.05
153901,0.06
153924,0.12
153928,0.06
153929,0.21
153949,0.03
153979,0.01
153980,0.02
153981,0.05
154010,0.17
154015,0.05
154039,0.26
154043,0.02
154044,0.09
154046,0.09
154047,0.04
154058,0.07
154060,0.03
154065,0.29
154083,0.1
154100,0.09
154108,0.08
154120,0.17
154121,0.08
154122,0.01
154128,0.07
154137,0.1
154143,0.02
154151,0.13
154158,0.0
154176,0.05
154184,0.2
154191,0.06
154215,0.06
154216,0.06
154220,0.02
154222,0.19
154227,0.06
154241,0.02
154243,0.05
154244,0.14
154254,0.0
154264,0.06
154265,0.06
154268,0.2
154269,0.05
154299,0.01
154307,0.11
154315,0.15
154325,0.12
154327,0.15
154332,0.12
154346,0.01
154347,0.02
154353,0.34
154369,0.1
154376,0.05
154377,0.21
154379,0.1
154389,0.03
154402,0.05
154403,0.04
154416,0.01
154428,0.13
154430,0.03
154442,0.29
154447,0.15
154468,0.0
154470,0.01
154473,0.11
154480,0.06
154486,0.1
154500,0.02
154507,0.06
154529,0.02
154549,0.05
154557,0.0
154571,0.13
154578,0.04
154580,0.02
154591,0.08
154611,0.35
154623,0.02
154650,0.11
154655,0.26
154659,0.13
154680,0.12
154681,0.02
154690,0.04
154711,0.07
154712,0.05
154722,0.01
154731,0.04
154747,0.21
154749,0.14
154750,0.07
154760,0.13
154763,0.08
154786,0.17
154788,0.11
154792,0.1
154807,0.2
154812,0.07
154818,0.27
154819,0.12
154824,0.18
154839,0.06
154840,0.0
154843,0.02
154847,0.06
154849,0.12
154850,0.01
154851,0.1
154853,0.05
154858,0.11
154868,0.3
154871,0.04
154877,0.04
154916,0.03
154920,0.01
154922,0.08
154924,0.04
154933,0.14
154942,0.24
154955,0.02
154957,0.24
154966,0.03
154971,0.04
154972,0.01
154973,0.03
154974,0.0
154979,0.04
154982,0.08
154990,0.18
154991,0.05
154994,0.13
154995,0.05
155009,0.04
155014,0.02
155017,0.01
155018,0.06
155019,0.06
155020,0.05
155027,0.03
155034,0.16
155047,0.03
155049,0.16
155052,0.09
155053,0.1
155059,0.06
155060,0.2
155069,0.02
155077,0.16
155078,0.03
155086,0.08
155088,0.03
155094,0.06
155099,0.04
155100,0.08
155116,0.06
155117,0.1
155119,0.05
155120,0.02
155133,0.04
155135,0.31
155141,0.35
155144,0.02
155145,0.12
155174,0.05
155194,0.08
155196,0.0
155204,0.07
155232,0.16
155240,0.2
155246,0.06
155254,0.02
155267,0.09
155273,0.11
155274,0.07
155283,0.03
155296,0.19
155312,0.01
155318,0.03
155322,0.07
155323,0.03
155329,0.07
155342,0.01
155346,0.36
155366,0.1
155369,0.18
155372,0.15
155378,0.06
155382,0.07
155390,0.04
155401,0.15
155428,0.06
155443,0.05
155445,0.04
155450,0.1
155452,0.02
155453,0.01
155480,0.12
155482,0.01
155484,0.2
155485,0.07
155496,0.19
155497,0.15
155531,0.0
155541,0.02
155547,0.17
155550,0.12
155551,0.11
155565,0.18
155567,0.08
155569,0.13
155573,0.06
155575,0.1
155581,0.01
155591,0.04
155593,0.14
155594,0.02
155610,0.17
155623,0.03
155624,0.12
155629,0.02
155638,0.13
155650,0.06
155652,0.07
155687,0.14
155697,0.09
155715,0.19
155718,0.08
155719,0.04
155723,0.09
155730,0.15
155731,0.02
155737,0.09
155738,0.02
155740,0.08
155742,0.03
155755,0.06
155766,0.04
155768,0.06
155771,0.13
155803,0.07
155808,0.02
155809,0.05
155812,0.01
155820,0.15
155832,0.15
155841,0.16
155847,0.22
155848,0.06
155855,0.12
155886,0.16
155893,0.12
155905,0.03
155910,0.06
155912,0.01
155919,0.24
155921,0.03
155937,0.06
155939,0.04
155950,0.05
155987,0.23
155988,0.14
156005,0.02
156006,0.01
156010,0.2
156018,0.01
156021,0.13
156026,0.06
156030,0.08
156033,0.0
156038,0.12
156041,0.2
156049,0.13
156050,0.01
156068,0.03
156069,0.09
156087,0.04
156088,0.0
156095,0.23
156104,0.03
156107,0.1
156108,0.11
156111,0.09
156119,0.03
156123,0.14
156140,0.14
156149,0.1
156161,0.0
156180,0.23
156186,0.09
156189,0.19
156194,0.06
156200,0.09
156213,0.3
156214,0.04
156228,0.01
156234,0.07
156236,0.03
156243,0.06
156256,0.06
156268,0.1
156269,0.05
156270,0.1
156274,0.05
156290,0.12
156291,0.07
156292,0.02
156298,0.08
156301,0.05
156302,0.21
156309,0.06
156355,0.0
156365,0.04
156367,0.16
156372,0.0
156376,0.09
156377,0.07
156389,0.07
156400,0.07
156404,0.3
156405,0.1
156426,0.03
156427,0.08
156429,0.03
156430,0.15
156431,0.12
156432,0.16
156449,0.05
156463,0.05
156464,0.15
156478,0.01
156492,0.05
156508,0.2
156509,0.02
156517,0.14
156526,0.05
156527,0.01
156538,0.08
156542,0.05
156543,0.0
156555,0.03
156556,0.14
156561,0.11
156563,0.03
156564,0.1
156567,0.03
156570,0.05
156581,0.09
156594,0.07
156597,0.02
156600,0.07
156601,0.04
156627,0.05
156629,0.16
156642,0.04
156644,0.05
156663,0.06
156674,0.03
156688,0.01
156696,0.03
156707,0.02
156723,0.03
156728,0.09
156731,0.11
156732,0.04
156733,0.09
156768,0.17
156773,0.04
156782,0.09
156815,0.06
156837,0.0
156854,0.21
156861,0.31
156862,0.01
156878,0.12
156903,0.12
156910,0.0
156925,0.1
156933,0.02
156952,0.03
156953,0.08
156963,0.18
156965,0.25
156989,0.09
156994,0.07
156996,0.04
157005,0.07
157011,0.06
157046,0.2
157058,0.04
157061,0.22
157065,0.02
157066,0.1
157067,0.17
157090,0.15
157091,0.08
157096,0.02
157101,0.36
157104,0.04
157109,0.08
157116,0.04
157120,0.04
157121,0.09
157124,0.17
157125,0.04
157132,0.25
157153,0.13
157157,0.23
157159,0.13
157168,0.07
157189,0.05
157195,0.04
157203,0.02
157210,0.11
157212,0.07
157220,0.02
157239,0.15
157241,0.03
157246,0.05
157247,0.2
157252,0.02
157253,0.55
157265,0.14
157291,0.04
157292,0.04
157301,0.05
157306,0.07
157312,0.18
157314,0.14
157332,0.04
157333,0.06
157337,0.14
157345,0.16
157347,0.26
157363,0.26
157376,0.01
157382,0.02
157397,0.01
157409,0.05
157411,0.0
157422,0.02
157428,0.09
157434,0.08
157442,0.07
157446,0.07
157456,0.06
157465,0.04
157469,0.08
157482,0.01
157497,0.02
157507,0.01
157510,0.08
157515,0.0
157529,0.07
157530,0.21
157541,0.22
157546,0.22
157553,0.16
157554,0.07
157562,0.18
157565,0.19
157566,0.02
157571,0.07
157572,0.06
157574,0.01
157575,0.06
157581,0.22
157590,0.23
157604,0.0
157611,0.09
157617,0.25
157620,0.07
157623,0.21
157651,0.1
157653,0.04
157664,0.1
157690,0.1
157704,0.02
157712,0.05
157722,0.14
157727,0.08
157764,0.01
157765,0.21
157775,0.04
157777,0.06
157789,0.26
157802,0.2
157803,0.11
157804,0.11
157805,0.16
157822,0.09
157823,0.0
157827,0.17
157836,0.05
157839,0.03
157847,0.06
157859,0.01
157864,0.06
157866,0.35
157877,0.22
157886,0.09
157892,0.03
157903,0.0
157913,0.06
157919,0.05
157920,0.08
157923,0.23
157926,0.05
157927,0.19
157948,0.0
157949,0.16
157952,0.07
157955,0.15
157958,0.08
157960,0.09
157966,0.07
157970,0.03
157979,0.04
157980,0.28
157985,0.02
157997,0.15
157998,0.23
158002,0.08
158004,0.09
158005,0.13
158007,0.08
158008,0.04
158015,0.04
158033,0.14
158036,0.02
158041,0.1
158044,0.11
158049,0.16
158061,0.05
158078,0.0
158099,0.05
158100,0.04
158102,0.12
158107,0.06
158114,0.03
158127,0.29
158128,0.17
158142,0.16
158145,0.32
158146,0.09
158167,0.0
158176,0.12
158184,0.03
158197,0.04
158201,0.04
158202,0.04
158205,0.05
158208,0.07
158211,0.14
158215,0.15
158218,0.14
158221,0.4
158223,0.09
158230,0.03
158234,0.03
158235,0.03
158245,0.17
158254,0.16
158267,0.03
158277,0.03
158283,0.11
158289,0.19
158290,0.04
158298,0.0
158307,0.03
158332,0.03
158336,0.05
158342,0.04
158344,0.03
158347,0.24
158352,0.0
158354,0.14
158355,0.03
158357,0.05
158365,0.0
158366,0.04
158367,0.06
158368,0.44
158384,0.11
158388,0.06
158395,0.11
158413,0.08
158425,0.06
158426,0.06
158432,0.02
158444,0.2
158453,0.09
158454,0.1
158459,0.02
158462,0.01
158468,0.04
158469,0.11
158470,0.01
158483,0.13
158485,0.04
158490,0.18
158494,0.01
158500,0.03
158503,0.06
158504,0.02
158519,0.19
158523,0.06
158527,0.01
158533,0.07
158535,0.04
158539,0.05
158544,0.12
158547,0.03
158551,0.19
158552,0.03
158560,0.06
158616,0.22
158638,0.07
158642,0.01
158651,0.0
158653,0.0
158677,0.02
158683,0.01
158687,0.1
158693,0.05
158700,0.04
158703,0.15
158705,0.19
158706,0.05
158708,0.0
158712,0.04
158714,0.18
158715,0.05
158752,0.05
158753,0.06
158763,0.02
158764,0.16
158767,0.28
158770,0.06
158781,0.08
158789,0.1
158790,0.01
158791,0.22
158795,0.2
158796,0.12
158800,0.04
158806,0.11
158807,0.19
158815,0.18
158824,0.05
158828,0.1
158831,0.25
158840,0.07
158841,0.03
158847,0.12
158856,0.14
158858,0.27
158884,0.02
158885,0.04
158891,0.07
158898,0.02
158911,0.02
158913,0.02
158918,0.09
158926,0.02
158929,0.04
158939,0.18
158940,0.18
158952,0.05
158963,0.05
158973,0.02
158977,0.18
158988,0.11
159013,0.18
159016,0.03
159018,0.0
159024,0.39
159034,0.09
159035,0.18
159039,0.07
159049,0.04
159056,0.2
159068,0.05
159078,0.06
159099,0.03
159103,0.22
159106,0.27
159113,0.03
159117,0.12
159124,0.26
159132,0.24
159139,0.03
159142,0.06
159145,0.1
159147,0.13
159174,0.07
159201,0.1
159203,0.0
159212,0.24
159214,0.06
159221,0.13
159240,0.04
159241,0.03
159242,0.09
159244,0.09
159250,0.1
159275,0.05
159284,0.02
159293,0.13
159295,0.02
159301,0.05
159310,0.03
159314,0.02
159318,0.05
159333,0.01
159334,0.07
159335,0.02
159337,0.33
159338,0.06
159340,0.07
159361,0.02
159384,0.19
159402,0.07
159421,0.02
159424,0.12
159425,0.03
159426,0.08
159439,0.12
159445,0.06
159449,0.01
159460,0.36
159475,0.1
159481,0.1
159483,0.07
159494,0.04
159504,0.04
159512,0.19
159522,0.22
159524,0.12
159526,0.01
159528,0.06
159547,0.26
159555,0.01
159562,0.03
159563,0.02
159565,0.2
159569,0.07
159578,0.02
159579,0.14
159581,0.02
159594,0.08
159598,0.0
159604,0.14
159605,0.05
159620,0.1
159631,0.04
159633,0.07
159659,0.06
159661,0.44
159667,0.04
159669,0.04
159682,0.06
159683,0.09
159693,0.1
159698,0.03
159702,0.3
159703,0.07
159707,0.01
159716,0.08
159732,0.04
159734,0.09
159740,0.08
159748,0.02
159751,0.1
159756,0.18
159758,0.11
159767,0.22
159769,0.29
159775,0.31
159802,0.09
159804,0.02
159817,0.1
159818,0.02
159824,0.02
159837,0.0
159840,0.15
159842,0.22
159851,0.08
159865,0.21
159866,0.08
159872,0.05
159874,0.04
159879,0.04
159883,0.0
159884,0.01
159898,0.3
159903,0.05
159906,0.11
159914,0.12
159915,0.09
159917,0.05
159929,0.1
159949,0.1
159951,0.13
159953,0.08
159957,0.16
159968,0.05
159972,0.08
159973,0.15
159993,0.15
160008,0.21
160011,0.04
160013,0.08
160015,0.03
160017,0.01
160023,0.16
160028,0.12
160035,0.11
160074,0.16
160076,0.05
160077,0.13
160080,0.02
160084,0.11
160089,0.37
160094,0.0
160101,0.02
160103,0.05
160111,0.0
160114,0.04
160116,0.1
160119,0.1
160123,0.07
160141,0.08
160147,0.03
160151,0.13
160172,0.21
160173,0.02
160177,0.21
160178,0.13
160180,0.04
160181,0.02
160188,0.01
160189,0.01
160193,0.12
160205,0.07
160214,0.07
160215,0.18
160217,0.16
160262,0.07
160263,0.04
160273,0.03
160282,0.41
160295,0.26
160297,0.05
160303,0.06
160305,0.02
160309,0.03
160324,0.0
160338,0.14
160366,0.06
160375,0.09
160381,0.02
160398,0.03
160400,0.02
160406,0.05
160410,0.05
160411,0.09
160418,0.02
160440,0.02
160441,0.05
160450,0.32
160465,0.03
160470,0.06
160471,0.16
160472,0.39
160479,0.15
160490,0.08
160500,0.09
160503,0.01
160504,0.13
160515,0.08
160541,0.23
160545,0.1
160562,0.11
160589,0.06
160594,0.04
160595,0.12
160598,0.06
160601,0.02
160605,0.08
160606,0.06
160607,0.0
160608,0.22
160610,0.12
160614,0.1
160615,0.03
160626,0.02
160634,0.04
160656,0.05
160660,0.04
160666,0.05
160672,0.07
160673,0.08
160674,0.01
160681,0.05
160683,0.1
160694,0.05
160710,0.1
160715,0.1
160719,0.09
160732,0.14
160734,0.05
160737,0.23
160742,0.02
160747,0.04
160749,0.14
160753,0.16
160756,0.07
160757,0.09
160763,0.0
160782,0.08
160789,0.03
160804,0.04
160805,0.04
160813,0.07
160815,0.06
160819,0.0
160820,0.05
160822,0.07
160823,0.04
160837,0.08
160841,0.05
160847,0.1
160861,0.14
160886,0.04
160891,0.08
160897,0.11
160914,0.29
160915,0.31
160929,0.13
160930,0.02
160931,0.03
160935,0.19
160939,0.14
160953,0.05
160954,0.08
160962,0.15
160966,0.0
160982,0.03
160983,0.0
160991,0.01
160998,0.03
161009,0.55
161014,0.03
161017,0.32
161021,0.05
161023,0.04
161027,0.03
161028,0.21
161030,0.33
161031,0.03
161033,0.14
161050,0.04
161053,0.15
161054,0.08
161055,0.01
161059,0.02
161061,0.21
161065,0.09
161069,0.03
161072,0.05
161073,0.0
161080,0.04
161083,0.07
161104,0.07
161111,0.24
161139,0.11
161149,0.03
161158,0.33
161171,0.1
161175,0.12
161201,0.17
161202,0.11
161205,0.09
161228,0.1
161233,0.07
161234,0.17
161237,0.07
161238,0.03
161250,0.3
161251,0.06
161253,0.07
161254,0.04
161283,0.07
161291,0.0
161297,0.1
161300,0.02
161314,0.08
161315,0.05
161336,0.13
161341,0.09
161343,0.08
161351,0.2
161352,0.09
161353,0.16
161361,0.11
161366,0.03
161368,0.16
161378,0.05
161379,0.31
161380,0.17
161398,0.29
161408,0.01
161432,0.02
161439,0.12
161461,0.11
161467,0.22
161468,0.03
161471,0.06
161477,0.08
161503,0.09
161514,0.02
161524,0.09
161527,0.14
161528,0.0
161531,0.08
161536,0.06
161537,0.04
161548,0.04
161558,0.02
161572,0.05
161586,0.02
161605,0.05
161606,0.06
161607,0.18
161618,0.05
161640,0.11
161658,0.02
161660,0.04
161661,0.08
161662,0.16
161677,0.12
161681,0.05
161682,0.06
161683,0.07
161685,0.01
161686,0.03
161687,0.07
161691,0.01
161701,0.16
161707,0.07
161709,0.09
161710,0.07
161711,0.05
161714,0.07
161742,0.04
161751,0.02
161764,0.13
161771,0.14
161781,0.18
161782,0.01
161800,0.04
161810,0.09
161812,0.13
161813,0.06
161816,0.01
161838,0.1
161841,0.14
161845,0.08
161871,0.07
161877,0.29
161882,0.03
161885,0.08
161886,0.07
161895,0.06
161897,0.14
161914,0.09
161921,0.25
161922,0.08
161927,0.46
161946,0.04
161952,0.14
161954,0.13
161955,0.02
161961,0.03
161977,0.19
161980,0.19
161989,0.13
161993,0.17
162002,0.03
162011,0.15
162012,0.0
162015,0.04
162016,0.0
162019,0.08
162021,0.06
162022,0.12
162023,0.06
162025,0.04
162028,0.0
162029,0.07
162030,0.06
162031,0.36
162033,0.08
162037,0.01
162044,0.05
162071,0.03
162093,0.1
162094,0.1
162100,0.0
162102,0.1
162105,0.04
162109,0.03
162116,0.08
162117,0.03
162118,0.28
162120,0.04
162125,0.03
162128,0.14
162131,0.12
162133,0.18
162135,0.08
162156,0.0
162157,0.05
162165,0.07
162166,0.03
162170,0.16
162201,0.05
162202,0.08
162206,0.0
162211,0.03
162227,0.05
162232,0.06
162235,0.17
162237,0.16
162248,0.04
162261,0.07
162262,0.07
162280,0.07
162282,0.07
162284,0.02
162287,0.19
162305,0.06
162308,0.02
162309,0.09
162312,0.23
162313,0.01
162316,0.05
162324,0.08
162325,0.14
162333,0.05
162334,0.0
162337,0.07
162340,0.14
162344,0.17
162347,0.02
162350,0.13
162351,0.05
162365,0.08
162368,0.04
162379,0.03
162383,0.04
162392,0.08
162393,0.17
162397,0.06
162398,0.22
162406,0.2
162410,0.04
162418,0.05
162420,0.06
162424,0.2
162425,0.02
162438,0.08
162442,0.03
162462,0.01
162476,0.03
162477,0.08
162480,0.08
162491,0.01
162493,0.1
162503,0.05
162504,0.0
162513,0.04
162516,0.31
162517,0.05
162522,0.08
162523,0.1
162542,0.06
162584,0.3
162586,0.05
162589,0.16
162594,0.06
162616,0.08
162630,0.06
162637,0.07
162652,0.09
162659,0.23
162668,0.02
162674,0.01
162680,0.05
162685,0.25
162689,0.07
162711,0.05
162714,0.09
162732,0.03
162741,0.07
162758,0.05
162759,0.1
162775,0.12
162776,0.05
162777,0.04
162782,0.06
162786,0.02
162794,0.13
162799,0.04
162801,0.23
162802,0.12
162807,0.08
162820,0.05
162827,0.05
162833,0.1
162837,0.08
162844,0.01
162860,0.02
162862,0.08
162864,0.06
162868,0.06
162880,0.03
162895,0.21
162898,0.21
162918,0.12
162924,0.16
162931,0.07
162936,0.02
162978,0.14
162979,0.0
162988,0.02
162989,0.13
163013,0.19
163014,0.03
163021,0.09
163024,0.04
163027,0.09
163030,0.03
163031,0.06
163032,0.03
163039,0.04
163042,0.03
163048,0.04
163049,0.01
163068,0.02
163071,0.03
163074,0.19
163079,0.02
163080,0.02
163085,0.06
163093,0.1
163094,0.16
163109,0.02
163116,0.0
163117,0.11
163118,0.07
163119,0.17
163121,0.02
163131,0.06
163132,0.07
163133,0.18
163182,0.04
163187,0.02
163188,0.21
163195,0.05
163197,0.07
163200,0.01
163206,0.2
163207,0.0
163214,0.13
163222,0.04
163224,0.04
163226,0.19
163235,0.18
163240,0.04
163258,0.11
163263,0.01
163264,0.16
163265,0.12
163266,0.07
163268,0.23
163272,0.09
163273,0.14
163278,0.05
163288,0.03
163299,0.15
163302,0.2
163307,0.0
163321,0.12
163349,0.1
163352,0.09
163353,0.26
163357,0.06
163362,0.14
163375,0.04
163385,0.06
163386,0.06
163390,0.07
163408,0.24
163423,0.02
163426,0.08
163437,0.39
163452,0.06
163472,0.1
163473,0.09
163479,0.02
163480,0.02
163487,0.07
163492,0.09
163493,0.06
163523,0.08
163524,0.05
163527,0.17
163528,0.06
163531,0.01
163538,0.11
163556,0.01
163563,0.17
163566,0.16
163570,0.08
163571,0.04
163574,0.02
163578,0.07
163580,0.08
163597,0.26
163601,0.07
163604,0.12
163609,0.09
163618,0.13
163634,0.12
163647,0.15
163660,0.17
163661,0.05
163666,0.08
163667,0.18
163669,0.13
163676,0.02
163681,0.04
163682,0.07
163684,0.31
163714,0.21
163724,0.0
163728,0.07
163729,0.06
163738,0.01
163742,0.12
163743,0.06
163748,0.12
163759,0.07
163782,0.02
163793,0.08
163800,0.01
163801,0.1
163802,0.18
163814,0.15
163820,0.07
163821,0.22
163848,0.03
163852,0.2
163854,0.03
163855,0.15
163882,0.06
163895,0.09
163900,0.13
163907,0.18
163915,0.07
163926,0.08
163929,0.02
163934,0.05
163940,0.2
163943,0.06
163944,0.02
163949,0.06
163951,0.02
163952,0.05
163965,0.12
163970,0.0
163980,0.02
163981,0.02
163988,0.12
163989,0.05
163991,0.05
164015,0.08
164028,0.06
164030,0.1
164031,0.03
164037,0.03
164049,0.04
164052,0.02
164059,0.01
164083,0.08
164095,0.01
164106,0.24
164116,0.12
164117,0.45
164119,0.06
164133,0.08
164134,0.04
164142,0.05
164143,0.02
164147,0.01
164148,0.16
164150,0.38
164152,0.07
164156,0.13
164157,0.12
164158,0.05
164166,0.24
164191,0.02
164194,0.09
164198,0.02
164201,0.01
164202,0.12
164207,0.33
164228,0.04
164240,0.11
164241,0.02
164244,0.04
164256,0.06
164262,0.08
164269,0.04
164276,0.05
164281,0.14
164290,0.07
164300,0.22
164305,0.22
164307,0.05
164308,0.07
164309,0.0
164314,0.05
164319,0.04
164331,0.04
164332,0.0
164343,0.17
164349,0.25
164363,0.05
164373,0.14
164410,0.39
164417,0.03
164436,0.01
164438,0.02
164441,0.03
164445,0.06
164451,0.06
164452,0.05
164502,0.19
164513,0.21
164526,0.27
164527,0.01
164528,0.21
164530,0.03
164537,0.1
164542,0.23
164546,0.04
164555,0.24
164556,0.03
164568,0.14
164571,0.2
164572,0.33
164574,0.06
164580,0.06
164597,0.02
164601,0.01
164619,0.14
164633,0.1
164642,0.04
164652,0.08
164676,0.01
164682,0.08
164685,0.08
164691,0.07
164696,0.05
164708,0.09
164711,0.03
164712,0.14
164717,0.04
164721,0.04
164740,0.01
164746,0.01
164755,0.15
164761,0.0
164764,0.03
164766,0.65
164776,0.31
164777,0.02
164783,0.06
164786,0.02
164799,0.1
164808,0.13
164812,0.09
164815,0.1
164816,0.03
164817,0.19
164818,0.13
164819,0.29
164821,0.04
164822,0.06
164825,0.01
164834,0.06
164841,0.06
164842,0.15
164853,0.0
164855,0.17
164856,0.04
164878,0.02
164883,0.03
164887,0.07
164888,0.04
164889,0.16
164891,0.33
164892,0.02
164922,0.06
164924,0.09
164933,0.12
164938,0.04
164939,0.24
164949,0.05
164950,0.03
164957,0.19
164961,0.16
164963,0.01
164972,0.04
164980,0.04
164981,0.11
165020,0.09
165027,0.16
165046,0.06
165048,0.15
165049,0.09
165058,0.01
165065,0.14
165081,0.03
165082,0.19
165090,0.05
165107,0.06
165131,0.06
165133,0.07
165137,0.06
165140,0.19
165142,0.14
165143,0.03
165152,0.12
165154,0.13
165158,0.09
165166,0.02
165168,0.02
165171,0.1
165175,0.07
165182,0.02
165188,0.1
165190,0.0
165199,0.13
165202,0.04
165203,0.05
165204,0.17
165208,0.04
165221,0.02
165243,0.04
165283,0.02
165300,0.07
165302,0.1
165304,0.05
165313,0.03
165336,0.06
165339,0.13
165363,0.28
165376,0.04
165380,0.26
165385,0.01
165386,0.04
165410,0.14
165422,0.05
165426,0.06
165428,0.03
165445,0.19
165452,0.05
165454,0.02
165455,0.03
165462,0.05
165465,0.18
165466,0.05
165467,0.06
165476,0.04
165477,0.08
165478,0.58
165497,0.08
165500,0.07
165511,0.04
165513,0.08
165515,0.28
165521,0.08
165522,0.08
165523,0.09
165530,0.05
165537,0.03
165538,0.0
165539,0.05
165545,0.02
165550,0.1
165551,0.12
165552,0.18
165557,0.08
165558,0.07
165560,0.02
165574,0.11
165576,0.28
165587,0.09
165601,0.02
165605,0.01
165606,0.06
165607,0.12
165624,0.22
165632,0.12
165633,0.05
165634,0.07
165646,0.07
165649,0.13
165651,0.2
165661,0.01
165666,0.27
165669,0.08
165674,0.03
165685,0.39
165687,0.04
165692,0.09
165721,0.08
165726,0.12
165748,0.03
165749,0.16
165752,0.02
165755,0.05
165758,0.04
165761,0.05
165762,0.04
165780,0.02
165781,0.09
165789,0.12
165802,0.0
165806,0.02
165817,0.15
165822,0.19
165837,0.01
165840,0.14
165846,0.01
165853,0.03
165864,0.23
165865,0.11
165868,0.08
165869,0.0
165871,0.1
165880,0.1
165887,0.07
165904,0.17
165907,0.01
165910,0.26
165915,0.17
165917,0.03
165918,0.27
165919,0.2
165923,0.08
165931,0.03
165932,0.0
165934,0.48
165939,0.06
165944,0.25
165951,0.2
165955,0.03
165959,0.17
165966,0.27
165970,0.08
165975,0.07
165977,0.01
165990,0.26
165997,0.04
166003,0.1
166008,0.01
166020,0.08
166025,0.04
166033,0.05
166038,0.04
166042,0.07
166049,0.02
166071,0.0
166091,0.27
166093,0.24
166095,0.07
166104,0.01
166107,0.1
166108,0.0
166110,0.05
166112,0.13
166135,0.1
166136,0.08
166138,0.13
166153,0.14
166155,0.19
166158,0.09
166164,0.07
166186,0.12
166191,0.08
166196,0.03
166197,0.04
166202,0.02
166215,0.0
166230,0.03
166243,0.09
166244,0.05
166255,0.03
166258,0.17
166263,0.29
166271,0.05
166283,0.08
166286,0.09
166291,0.1
166294,0.08
166303,0.06
166306,0.24
166309,0.01
166316,0.17
166317,0.04
166321,0.15
166331,0.05
166349,0.08
166374,0.03
166387,0.01
166393,0.09
166400,0.06
166420,0.03
166446,0.0
166449,0.05
166452,0.09
166495,0.03
166501,0.01
166514,0.09
166515,0.09
166521,0.04
166525,0.06
166529,0.03
166536,0.12
166542,0.06
166543,0.07
166545,0.03
166550,0.07
166560,0.06
166567,0.03
166570,0.01
166573,0.1
166582,0.26
166583,0.21
166590,0.03
166594,0.18
166618,0.3
166623,0.12
166626,0.06
166641,0.05
166654,0.03
166682,0.18
166685,0.05
166688,0.12
166692,0.03
166701,0.02
166702,0.15
166705,0.1
166713,0.02
166733,0.03
166734,0.02
166738,0.08
166739,0.07
166740,0.06
166755,0.32
166761,0.22
166764,0.04
166773,0.08
166774,0.1
166814,0.17
166819,0.23
166834,0.16
166841,0.25
166848,0.29
166857,0.21
166858,0.05
166873,0.13
166889,0.01
166890,0.0
166891,0.1
166902,0.11
166908,0.01
166916,0.09
166920,0.02
166922,0.07
166926,0.02
166928,0.03
166930,0.04
166931,0.06
166932,0.0
166937,0.0
166941,0.03
166944,0.01
166960,0.22
166972,0.06
166973,0.07
166978,0.0
166984,0.19
166994,0.03
166995,0.04
166996,0.03
167001,0.03
167006,0.06
167007,0.1
167037,0.16
167041,0.05
167051,0.11
167052,0.12
167054,0.03
167057,0.19
167058,0.1
167059,0.02
167060,0.12
167066,0.01
167077,0.08
167078,0.07
167080,0.17
167089,0.06
167090,0.09
167091,0.07
167096,0.07
167105,0.14
167121,0.04
167128,0.12
167131,0.2
167139,0.21
167140,0.06
167149,0.01
167152,0.3
167153,0.15
167163,0.1
167167,0.04
167171,0.06
167178,0.01
167179,0.04
167182,0.05
167187,0.07
167192,0.14
167208,0.05
167212,0.08
167217,0.1
167230,0.12
167236,0.01
167238,0.28
167239,0.14
167257,0.12
167260,0.16
167264,0.02
167271,0.06
167273,0.11
167276,0.21
167283,0.04
167295,0.0
167296,0.18
167299,0.07
167310,0.02
167313,0.1
167323,0.03
167328,0.13
167329,0.12
167333,0.04
167349,0.07
167351,0.04
167359,0.06
167363,0.06
167371,0.0
167384,0.07
167387,0.02
167389,0.03
167393,0.06
167401,0.11
167427,0.08
167428,0.03
167433,0.08
167434,0.12
167437,0.1
167438,0.02
167454,0.02
167475,0.01
167480,0.09
167491,0.08
167494,0.04
167495,0.04
167503,0.03
167521,0.13
167529,0.01
167530,0.03
167550,0.05
167554,0.19
167557,0.17
167562,0.06
167566,0.09
167572,0.35
167573,0.16
167578,0.11
167592,0.08
167597,0.04
167621,0.08
167622,0.09
167631,0.17
167637,0.23
167638,0.04
167645,0.04
167648,0.34
167697,0.09
167698,0.0
167701,0.03
167708,0.03
167714,0.06
167717,0.12
167727,0.07
167737,0.02
167746,0.1
167751,0.33
167753,0.06
167755,0.12
167771,0.12
167805,0.06
167811,0.04
167815,0.05
167829,0.02
167830,0.06
167834,0.06
167841,0.15
167846,0.02
167851,0.4
167871,0.02
167890,0.02
167898,0.06
167901,0.01
167902,0.04
167907,0.25
167911,0.04
167912,0.0
167916,0.03
167917,0.04
167928,0.05
167940,0.02
167947,0.07
167948,0.06
167953,0.04
167957,0.09
167958,0.08
167968,0.01
167970,0.07
167977,0.03
167980,0.04
167993,0.03
167994,0.09
167998,0.03
168000,0.08
168006,0.16
168011,0.12
168012,0.04
168013,0.06
168022,0.03
168026,0.2
168032,0.01
168046,0.09
168054,0.08
168071,0.1
168078,0.1
168092,0.06
168093,0.19
168097,0.07
168105,0.14
168107,0.04
168108,0.03
168115,0.16
168127,0.04
168133,0.21
168135,0.06
168162,0.04
168163,0.03
168165,0.12
168169,0.03
168171,0.18
168174,0.17
168175,0.25
168186,0.02
168202,0.0
168204,0.06
168208,0.04
168229,0.03
168239,0.01
168245,0.05
168276,0.1
168309,0.07
168313,0.19
168322,0.0
168323,0.01
168326,0.25
168331,0.12
168349,0.28
168384,0.01
168398,0.04
168403,0.03
168405,0.14
168416,0.01
168418,0.12
168420,0.23
168422,0.0
168436,0.09
168438,0.02
168443,0.06
168444,0.05
168446,0.02
168454,0.11
168459,0.11
168462,0.13
168472,0.05
168485,0.0
168496,0.13
168503,0.03
168515,0.1
168516,0.27
168520,0.38
168521,0.15
168531,0.0
168542,0.02
168548,0.08
168551,0.07
168575,0.06
168580,0.0
168588,0.35
168593,0.03
168614,0.07
168615,0.15
168622,0.04
168623,0.08
168634,0.09
168645,0.2
168651,0.24
168683,0.02
168691,0.29
168708,0.15
168716,0.03
168718,0.04
168720,0.12
168722,0.36
168731,0.1
168736,0.05
168738,0.15
168747,0.02
168751,0.26
168752,0.06
168753,0.05
168774,0.25
168782,0.03
168788,0.0
168790,0.07
168791,0.21
168793,0.17
168796,0.08
168802,0.15
168803,0.04
168810,0.23
168817,0.08
168820,0.29
168823,0.04
168827,0.12
168828,0.15
168831,0.05
168842,0.12
168845,0.07
168855,0.16
168856,0.11
168861,0.18
168876,0.02
168897,0.12
168899,0.11
168913,0.07
168915,0.01
168916,0.08
168929,0.14
168930,0.13
168933,0.23
168954,0.08
168957,0.09
168959,0.11
168960,0.18
168961,0.06
168968,0.15
168969,0.12
168994,0.1
168995,0.08
169003,0.12
169004,0.44
169008,0.02
169009,0.13
169014,0.12
169030,0.12
169048,0.13
169061,0.09
169070,0.21
169092,0.0
169117,0.25
169118,0.2
169121,0.1
169123,0.13
169124,0.25
169137,0.14
169138,0.06
169143,0.04
169165,0.06
169166,0.09
169167,0.21
169168,0.07
169175,0.03
169184,0.09
169195,0.03
169196,0.0
169197,0.16
169202,0.33
169204,0.11
169212,0.09
169214,0.28
169218,0.08
169239,0.03
169248,0.04
169252,0.02
169254,0.14
169257,0.08
169264,0.25
169267,0.06
169269,0.31
169278,0.07
169297,0.04
169299,0.12
169301,0.14
169306,0.05
169323,0.1
169328,0.12
169330,0.05
169331,0.01
169346,0.17
169348,0.15
169350,0.03
169353,0.08
169355,0.19
169364,0.32
169365,0.06
169367,0.05
169370,0.04
169378,0.05
169385,0.02
169387,0.1
169389,0.05
169395,0.18
169412,0.11
169426,0.1
169427,0.11
169432,0.03
169436,0.12
169453,0.13
169455,0.21
169457,0.03
169458,0.05
169461,0.03
169467,0.08
169470,0.05
169477,0.03
169481,0.03
169483,0.18
169490,0.28
169491,0.02
169495,0.01
169504,0.29
169514,0.02
169517,0.11
169523,0.0
169528,0.08
169534,0.12
169535,0.03
169537,0.05
169541,0.21
169546,0.07
169549,0.0
169554,0.14
169561,0.0
169571,0.02
169580,0.16
169597,0.04
169598,0.0
169625,0.13
169626,0.13
169627,0.16
169628,0.15
169629,0.03
169658,0.06
169659,0.0
169668,0.14
169669,0.17
169673,0.02
169674,0.03
169676,0.24
169677,0.22
169678,0.14
169680,0.13
169695,0.14
169698,0.2
169710,0.15
169719,0.02
169720,0.15
169722,0.11
169735,0.1
169745,0.01
169749,0.08
169754,0.02
169760,0.01
169772,0.05
169773,0.01
169780,0.01
169788,0.03
169793,0.03
169809,0.12
169810,0.09
169824,0.03
169831,0.09
169833,0.01
169836,0.06
169859,0.01
169864,0.21
169872,0.02
169895,0.18
169911,0.01
169914,0.13
169960,0.07
169961,0.25
169964,0.09
169974,0.08
169988,0.04
169989,0.01
169995,0.01
170007,0.03
170026,0.14
170030,0.27
170033,0.2
170041,0.17
170043,0.02
170048,0.01
170050,0.1
170051,0.08
170056,0.14
170072,0.36
170076,0.02
170080,0.18
170101,0.08
170102,0.04
170107,0.17
170115,0.04
170119,0.01
170128,0.2
170129,0.03
170134,0.28
170136,0.05
170139,0.09
170140,0.08
170143,0.26
170148,0.26
170159,0.06
170163,0.12
170164,0.2
170173,0.04
170178,0.08
170179,0.03
170199,0.17
170203,0.03
170207,0.17
170211,0.01
170217,0.02
170224,0.01
170225,0.27
170255,0.23
170258,0.06
170259,0.03
170262,0.04
170278,0.19
170284,0.05
170285,0.2
170292,0.02
170293,0.05
170301,0.11
170302,0.23
170305,0.19
170309,0.07
170310,0.05
170326,0.18
170327,0.01
170328,0.15
170329,0.04
170330,0.12
170331,0.05
170337,0.02
170340,0.18
170341,0.02
170343,0.11
170361,0.11
170366,0.15
170376,0.13
170382,0.23
170396,0.03
170400,0.09
170403,0.04
170409,0.07
170410,0.05
170421,0.08
170425,0.06
170427,0.0
170428,0.03
170435,0.0
170438,0.12
170442,0.02
170446,0.23
170461,0.06
170473,0.33
170477,0.16
170516,0.03
170517,0.04
170522,0.12
170523,0.01
170534,0.1
170535,0.07
170538,0.17
170549,0.09
170556,0.08
170563,0.09
170570,0.08
170580,0.13
170582,0.02
170584,0.19
170585,0.03
170587,0.04
170590,0.18
170598,0.13
170599,0.09
170601,0.13
170612,0.18
170617,0.08
170620,0.04
170629,0.0
170647,0.24
170651,0.02
170654,0.1
170657,0.13
170662,0.07
170707,0.04
170719,0.06
170722,0.03
170723,0.04
170731,0.21
170735,0.12
170750,0.04
170769,0.07
170770,0.14
170776,0.25
170783,0.02
170789,0.1
170800,0.08
170809,0.16
170810,0.07
170811,0.17
170827,0.02
170842,0.0
170854,0.01
170857,0.18
170865,0.05
170867,0.01
170869,0.17
170870,0.07
170878,0.13
170881,0.13
170910,0.06
170913,0.17
170919,0.12
170932,0.04
170939,0.34
170947,0.09
170950,0.2
170953,0.28
170954,0.07
170970,0.05
170972,0.04
170973,0.21
170980,0.0
170981,0.07
170983,0.23
170998,0.1
171001,0.16
171004,0.08
171020,0.05
171023,0.05
171026,0.07
171060,0.1
171061,0.07
171065,0.07
171077,0.14
171081,0.09
171103,0.3
171110,0.07
171114,0.08
171118,0.04
171119,0.04
171120,0.09
171137,0.05
171147,0.04
171153,0.22
171156,0.38
171158,0.06
171163,0.09
171169,0.03
171170,0.08
171172,0.06
171173,0.07
171176,0.11
171181,0.1
171182,0.23
171191,0.02
171193,0.03
171195,0.15
171198,0.0
171205,0.06
171212,0.09
171237,0.09
171241,0.0
171262,0.02
171263,0.02
171266,0.03
171274,0.06
171290,0.06
171291,0.17
171297,0.02
171307,0.04
171311,0.18
171320,0.04
171322,0.02
171328,0.05
171337,0.01
171346,0.08
171348,0.09
171354,0.03
171358,0.02
171359,0.03
171360,0.04
171369,0.07
171379,0.04
171384,0.05
171388,0.05
171390,0.05
171394,0.03
171395,0.09
171399,0.03
171403,0.08
171422,0.03
171423,0.05
171469,0.04
171480,0.08
171487,0.0
171497,0.13
171502,0.18
171503,0.08
171506,0.1
171521,0.04
171530,0.04
171540,0.05
171541,0.02
171544,0.08
171551,0.13
171582,0.19
171587,0.09
171597,0.17
171603,0.09
171610,0.04
171614,0.05
171619,0.0
171621,0.04
171625,0.01
171626,0.04
171638,0.05
171642,0.09
171658,0.06
171674,0.03
171677,0.16
171684,0.03
171685,0.16
171686,0.14
171695,0.02
171702,0.08
171703,0.07
171704,0.01
171705,0.0
171706,0.04
171709,0.0
171712,0.14
171716,0.02
171730,0.1
171748,0.02
171757,0.13
171767,0.08
171768,0.37
171771,0.05
171775,0.04
171778,0.24
171780,0.22
171781,0.04
171785,0.05
171786,0.14
171789,0.03
171802,0.02
171803,0.02
171812,0.09
171862,0.07
171864,0.1
171891,0.26
171892,0.04
171913,0.03
171914,0.26
171922,0.25
171927,0.04
171933,0.05
171934,0.05
171943,0.09
171945,0.13
171960,0.01
171964,0.01
171975,0.18
171994,0.25
171996,0.18
171997,0.04
172000,0.0
172029,0.03
172038,0.04
172039,0.07
172043,0.15
172046,0.01
172048,0.03
172049,0.06
172053,0.06
172054,0.17
172058,0.03
172060,0.01
172061,0.02
172067,0.06
172072,0.02
172073,0.18
172098,0.06
172100,0.01
172101,0.29
172113,0.19
172144,0.04
172147,0.04
172149,0.03
172168,0.15
172169,0.0
172175,0.07
172197,0.03
172200,0.36
172205,0.22
172207,0.04
172210,0.03
172261,0.11
172279,0.12
172294,0.01
172300,0.02
172301,0.18
172310,0.02
172351,0.0
172353,0.05
172358,0.0
172374,0.03
172380,0.11
172384,0.03
172400,0.1
172403,0.13
172408,0.12
172411,0.03
172420,0.08
172426,0.6
172433,0.09
172434,0.09
172442,0.06
172443,0.24
172452,0.12
172454,0.18
172456,0.24
172460,0.25
172470,0.05
172479,0.11
172481,0.04
172483,0.01
172484,0.34
172485,0.06
172486,0.09
172493,0.03
172494,0.07
172497,0.16
172504,0.03
172518,0.18
172523,0.11
172527,0.06
172533,0.03
172536,0.06
172540,0.07
172541,0.05
172543,0.01
172545,0.05
172547,0.06
172551,0.04
172556,0.03
172562,0.04
172570,0.07
172574,0.03
172575,0.07
172599,0.0
172611,0.18
172612,0.02
172616,0.03
172623,0.1
172627,0.08
172635,0.11
172643,0.06
172644,0.08
172652,0.16
172656,0.08
172661,0.06
172664,0.0
172672,0.06
172678,0.08
172680,0.07
172683,0.05
172684,0.19
172690,0.02
172695,0.07
172696,0.02
172701,0.01
172713,0.1
172714,0.06
172731,0.03
172738,0.02
172761,0.02
172767,0.09
172770,0.11
172771,0.04
172799,0.02
172800,0.08
172804,0.18
172805,0.08
172820,0.06
172829,0.21
172831,0.17
172833,0.03
172843,0.0
172853,0.02
172855,0.13
172856,0.09
172857,0.02
172863,0.01
172877,0.09
172881,0.06
172895,0.09
172896,0.03
172910,0.04
172922,0.04
172939,0.11
172942,0.22
172945,0.13
172948,0.0
172949,0.09
172953,0.01
172967,0.17
172993,0.09
172995,0.08
172996,0.33
172997,0.2
172998,0.1
172999,0.09
173004,0.01
173006,0.27
173007,0.11
173013,0.02
173016,0.08
173020,0.11
173030,0.09
173048,0.04
173056,0.02
173066,0.02
173079,0.07
173107,0.11
173109,0.01
173127,0.04
173128,0.01
173130,0.15
173137,0.11
173157,0.0
173160,0.07
173168,0.06
173193,0.0
173197,0.11
173215,0.01
173216,0.21
173227,0.03
173236,0.25
173237,0.04
173247,0.02
173250,0.43
173259,0.11
173277,0.2
173285,0.03
173286,0.1
173299,0.13
173310,0.23
173312,0.2
173313,0.09
173320,0.03
173330,0.14
173333,0.03
173351,0.04
173370,0.28
173372,0.04
173381,0.25
173386,0.02
173387,0.19
173388,0.13
173393,0.04
173394,0.14
173403,0.04
173467,0.06
173469,0.18
173475,0.09
173476,0.06
173477,0.0
173484,0.19
173485,0.11
173488,0.2
173491,0.01
173520,0.04
173522,0.23
173535,0.07
173539,0.08
173549,0.01
173552,0.01
173565,0.26
173586,0.04
173587,0.07
173588,0.01
173595,0.03
173606,0.15
173620,0.1
173623,0.02
173629,0.15
173647,0.1
173649,0.1
173650,0.18
173652,0.01
173654,0.21
173665,0.08
173667,0.32
173685,0.06
173710,0.17
173711,0.01
173713,0.05
173718,0.24
173743,0.2
173744,0.08
173762,0.15
173768,0.12
173769,0.44
173770,0.1
173773,0.06
173779,0.05
173780,0.0
173781,0.17
173783,0.11
173795,0.06
173800,0.28
173812,0.02
173823,0.08
173834,0.08
173874,0.03
173891,0.03
173904,0.15
173909,0.03
173925,0.09
173941,0.07
173942,0.02
173944,0.08
173955,0.08
173959,0.06
174000,0.09
174004,0.11
174006,0.01
174008,0.21
174012,0.02
174017,0.02
174020,0.04
174044,0.06
174051,0.08
174052,0.07
174059,0.03
174060,0.03
174061,0.06
174063,0.04
174068,0.08
174069,0.01
174072,0.06
174074,0.03
174091,0.09
174092,0.07
174098,0.21
174105,0.13
174107,0.0
174110,0.0
174121,0.03
174126,0.09
174153,0.01
174156,0.06
174160,0.06
174173,0.04
174183,0.01
174185,0.01
174188,0.29
174198,0.01
174206,0.11
174207,0.02
174211,0.17
174239,0.05
174260,0.19
174261,0.01
174262,0.21
174264,0.0
174271,0.07
174275,0.46
174277,0.08
174286,0.02
174301,0.04
174312,0.05
174314,0.02
174322,0.09
174323,0.19
174325,0.16
174326,0.08
174327,0.08
174334,0.12
174360,0.03
174362,0.08
174367,0.04
174371,0.05
174372,0.09
174384,0.02
174390,0.07
174391,0.02
174396,0.02
174412,0.13
174423,0.24
174428,0.04
174429,0.23
174438,0.01
174481,0.04
174483,0.07
174484,0.0
174485,0.21
174488,0.04
174497,0.09
174509,0.1
174513,0.08
174514,0.17
174520,0.06
174526,0.13
174532,0.01
174536,0.08
174537,0.03
174538,0.1
174539,0.16
174540,0.03
174549,0.02
174551,0.14
174563,0.08
174574,0.07
174575,0.16
174586,0.03
174590,0.05
174606,0.37
174607,0.04
174609,0.07
174610,0.19
174630,0.11
174631,0.02
174661,0.08
174665,0.02
174666,0.06
174677,0.1
174690,0.12
174700,0.06
174702,0.04
174703,0.02
174713,0.02
174721,0.12
174726,0.06
174729,0.14
174741,0.04
174742,0.11
174754,0.05
174757,0.07
174782,0.49
174795,0.13
174805,0.01
174806,0.06
174809,0.06
174810,0.1
174829,0.01
174830,0.15
174832,0.07
174836,0.33
174839,0.02
174843,0.09
174854,0.18
174861,0.07
174863,0.06
174867,0.03
174871,0.09
174887,0.1
174890,0.13
174897,0.02
174901,0.1
174903,0.0
174912,0.03
174913,0.23
174920,0.25
174922,0.27
174924,0.05
174925,0.09
174928,0.06
174938,0.19
174939,0.02
174943,0.04
174950,0.05
174954,0.0
174955,0.03
174957,0.12
174965,0.02
174966,0.09
174967,0.07
174977,0.05
174983,0.02
174986,0.17
174987,0.03
175012,0.19
175015,0.06
175025,0.06
175027,0.18
175029,0.08
175056,0.21
175075,0.25
175081,0.13
175097,0.11
175128,0.03
175129,0.03
175138,0.03
175169,0.17
175183,0.09
175211,0.03
175212,0.02
175215,0.02
175223,0.05
175225,0.01
175233,0.07
175250,0.03
175253,0.02
175257,0.06
175260,0.1
175261,0.02
175264,0.03
175284,0.15
175288,0.02
175295,0.11
175309,0.06
175310,0.09
175313,0.11
175334,0.07
175337,0.0
175346,0.01
175347,0.09
175349,0.05
175350,0.09
175351,0.04
175367,0.15
175369,0.0
175371,0.14
175372,0.05
175392,0.34
175400,0.03
175402,0.05
175403,0.28
175407,0.17
175408,0.01
175414,0.06
175431,0.09
175435,0.08
175442,0.0
175454,0.1
175456,0.04
175457,0.05
175464,0.1
175465,0.07
175477,0.06
175488,0.08
175495,0.13
175499,0.1
175500,0.08
175515,0.24
175519,0.03
175520,0.07
175531,0.09
175534,0.06
175543,0.21
175566,0.02
175568,0.03
175573,0.11
175574,0.05
175576,0.11
175591,0.04
175593,0.04
175605,0.39
175609,0.06
175617,0.02
175624,0.37
175629,0.03
175633,0.03
175645,0.12
175649,0.01
175650,0.0
175653,0.01
175659,0.05
175660,0.01
175661,0.15
175664,0.02
175665,0.08
175677,0.02
175682,0.17
175684,0.16
175687,0.07
175690,0.07
175706,0.02
175722,0.08
175724,0.13
175730,0.11
175731,0.09
175737,0.06
175743,0.18
175745,0.26
175758,0.21
175768,0.02
175769,0.0
175773,0.05
175775,0.09
175794,0.02
175798,0.1
175809,0.26
175818,0.1
175830,0.03
175835,0.03
175840,0.13
175864,0.09
175875,0.2
175890,0.06
175892,0.0
175914,0.15
175930,0.24
175935,0.02
175955,0.01
175958,0.08
175959,0.03
175960,0.13
175964,0.06
175968,0.01
175986,0.44
175987,0.27
175997,0.02
175998,0.13
176003,0.0
176004,0.19
176021,0.05
176034,0.1
176035,0.06
176043,0.14
176045,0.18
176051,0.03
176052,0.03
176059,0.07
176067,0.03
176073,0.11
176076,0.05
176077,0.0
176085,0.06
176088,0.12
176095,0.06
176118,0.22
176129,0.14
176177,0.06
176183,0.03
176206,0.1
176218,0.02
176240,0.03
176253,0.04
176260,0.23
176275,0.07
176285,0.01
176288,0.1
176289,0.04
176290,0.07
176297,0.04
176300,0.28
176301,0.11
176319,0.05
176322,0.12
176337,0.04
176346,0.05
176347,0.3
176352,0.15
176358,0.01
176359,0.21
176365,0.05
176371,0.07
176403,0.05
176419,0.18
176428,0.1
176429,0.22
176430,0.04
176432,0.16
176437,0.21
176440,0.0
176441,0.2
176450,0.05
176454,0.06
176459,0.11
176460,0.12
176467,0.06
176472,0.37
176482,0.12
176483,0.49
176486,0.09
176487,0.05
176494,0.1
176497,0.01
176500,0.09
176509,0.13
176511,0.09
176512,0.04
176522,0.09
176525,0.06
176526,0.27
176537,0.01
176538,0.06
176572,0.04
176573,0.09
176574,0.22
176579,0.07
176580,0.04
176592,0.26
176601,0.05
176603,0.14
176605,0.12
176606,0.07
176615,0.06
176620,0.06
176634,0.06
176635,0.01
176638,0.05
176639,0.1
176641,0.06
176661,0.08
176668,0.08
176669,0.07
176683,0.2
176688,0.1
176700,0.16
176702,0.01
176705,0.09
176709,0.03
176710,0.14
176720,0.06
176726,0.01
176731,0.07
176732,0.05
176733,0.02
176734,0.06
176736,0.04
176741,0.04
176756,0.02
176785,0.05
176790,0.04
176793,0.0
176820,0.2
176827,0.03
176828,0.04
176839,0.17
176848,0.07
176850,0.09
176853,0.03
176866,0.0
176867,0.07
176875,0.07
176883,0.2
176888,0.07
176890,0.24
176898,0.07
176917,0.08
176925,0.06
176929,0.06
176934,0.06
176938,0.2
176953,0.05
176957,0.15
176970,0.04
176997,0.06
177029,0.1
177030,0.03
177031,0.07
177032,0.03
177047,0.13
177048,0.06
177051,0.12
177055,0.07
177060,0.04
177064,0.17
177065,0.01
177069,0.08
177076,0.03
177085,0.03
177087,0.1
177105,0.07
177126,0.07
177133,0.08
177141,0.06
177146,0.08
177156,0.25
177179,0.04
177187,0.25
177192,0.32
177203,0.03
177228,0.12
177229,0.1
177249,0.07
177250,0.22
177253,0.13
177260,0.14
177262,0.07
177270,0.19
177275,0.1
177284,0.04
177285,0.21
177314,0.26
177319,0.09
177325,0.04
177327,0.18
177339,0.08
177344,0.14
177378,0.08
177384,0.12
177385,0.04
177386,0.01
177387,0.08
177405,0.05
177423,0.14
177424,0.03
177425,0.0
177430,0.2
177435,0.08
177447,0.17
177448,0.04
177449,0.04
177451,0.18
177460,0.18
177479,0.06
177489,0.03
177504,0.02
177505,0.1
177511,0.12
177524,0.07
177526,0.08
177535,0.02
177558,0.05
177562,0.12
177569,0.07
177579,0.02
177580,0.1
177583,0.07
177584,0.09
177585,0.04
177605,0.14
177606,0.04
177618,0.24
177639,0.26
177649,0.09
177656,0.06
177657,0.04
177661,0.1
177665,0.05
177669,0.02
177680,0.23
177688,0.36
177689,0.05
177694,0.01
177696,0.2
177700,0.15
177705,0.16
177710,0.06
177720,0.01
177728,0.04
177729,0.09
177731,0.04
177733,0.12
177749,0.03
177751,0.15
177767,0.09
177776,0.01
177780,0.21
177783,0.02
177785,0.18
177791,0.03
177797,0.05
177798,0.0
177799,0.07
177802,0.03
177803,0.07
177805,0.04
177820,0.01
177824,0.08
177825,0.11
177829,0.08
177839,0.1
177861,0.12
177865,0.09
177867,0.03
177875,0.19
177876,0.23
177878,0.03
177883,0.03
177886,0.01
177891,0.09
177892,0.11
177902,0.01
177904,0.1
177931,0.23
177939,0.0
177944,0.15
177946,0.21
177959,0.08
177977,0.16
177992,0.02
177993,0.13
178005,0.12
178008,0.01
178009,0.0
178012,0.21
178015,0.0
178018,0.05
178037,0.13
178050,0.0
178058,0.11
178060,0.04
178064,0.27
178074,0.03
178077,0.11
178094,0.16
178095,0.21
178096,0.02
178107,0.01
178117,0.03
178146,0.05
178154,0.05
178160,0.12
178164,0.01
178172,0.04
178174,0.12
178182,0.2
178184,0.12
178196,0.08
178223,0.13
178225,0.07
178226,0.03
178240,0.18
178242,0.02
178250,0.16
178268,0.06
178282,0.06
178285,0.08
178288,0.03
178290,0.0
178295,0.04
178312,0.06
178317,0.02
178342,0.17
178343,0.12
178344,0.07
178346,0.13
178353,0.3
178356,0.35
178358,0.02
178359,0.15
178362,0.24
178380,0.03
178387,0.03
178391,0.13
178395,0.27
178408,0.12
178415,0.0
178421,0.05
178424,0.2
178428,0.15
178432,0.03
178433,0.06
178436,0.13
178442,0.05
178453,0.03
178459,0.12
178467,0.19
178472,0.11
178491,0.02
178499,0.06
178504,0.12
178506,0.09
178509,0.05
178517,0.03
178525,0.17
178530,0.06
178531,0.17
178537,0.05
178553,0.12
178557,0.03
178565,0.09
178566,0.02
178579,0.04
178586,0.07
178589,0.03
178592,0.06
178610,0.03
178620,0.05
178621,0.02
178622,0.22
178643,0.05
178665,0.07
178671,0.01
178675,0.03
178692,0.07
178722,0.02
178723,0.07
178726,0.21
178731,0.09
178737,0.18
178739,0.04
178745,0.01
178766,0.04
178771,0.07
178775,0.06
178785,0.1
178789,0.07
178790,0.06
178792,0.07
178804,0.02
178817,0.05
178821,0.06
178825,0.07
178830,0.08
178831,0.13
178832,0.1
178847,0.04
178853,0.15
178856,0.2
178867,0.13
178868,0.06
178881,0.12
178887,0.03
178888,0.3
178908,0.08
178909,0.12
178942,0.2
178943,0.26
178946,0.09
178947,0.26
178950,0.25
178958,0.12
178976,0.06
178986,0.07
178989,0.0
178995,0.2
178996,0.04
179006,0.12
179025,0.08
179034,0.1
179038,0.34
179043,0.04
179050,0.02
179051,0.07
179076,0.1
179077,0.03
179091,0.04
179092,0.04
179111,0.09
179128,0.09
179132,0.09
179137,0.02
179138,0.03
179146,0.19
179148,0.19
179149,0.05
179150,0.05
179155,0.02
179164,0.01
179177,0.02
179178,0.07
179182,0.17
179184,0.09
179186,0.04
179191,0.11
179194,0.05
179201,0.1
179210,0.0
179211,0.1
179212,0.1
179216,0.21
179229,0.01
179235,0.07
179236,0.12
179241,0.13
179244,0.09
179249,0.04
179256,0.23
179260,0.07
179262,0.16
179264,0.16
179268,0.05
179272,0.04
179280,0.03
179287,0.07
179288,0.0
179290,0.01
179295,0.02
179298,0.13
179306,0.08
179307,0.02
179310,0.2
179314,0.01
179317,0.14
179319,0.06
179327,0.04
179336,0.06
179342,0.07
179344,0.31
179347,0.01
179357,0.09
179368,0.1
179413,0.08
179425,0.11
179435,0.01
179447,0.06
179449,0.02
179458,0.02
179460,0.02
179475,0.11
179486,0.04
179493,0.01
179499,0.02
179501,0.0
179508,0.04
179511,0.04
179513,0.07
179519,0.19
179537,0.01
179550,0.05
179559,0.06
179560,0.03
179578,0.12
179583,0.04
179590,0.01
179597,0.2
179599,0.06
179602,0.28
179609,0.03
179621,0.24
179624,0.19
179625,0.06
179630,0.03
179640,0.02
179641,0.01
179644,0.01
179649,0.09
179650,0.21
179652,0.03
179653,0.2
179660,0.1
179662,0.09
179673,0.02
179678,0.02
179679,0.09
179686,0.1
179721,0.03
179733,0.15
179736,0.16
179737,0.0
179748,0.25
179750,0.19
179751,0.01
179752,0.19
179753,0.09
179765,0.06
179768,0.08
179798,0.06
179827,0.07
179837,0.08
179838,0.03
179851,0.1
179868,0.2
179875,0.07
179876,0.02
179882,0.07
179883,0.02
179894,0.03
179905,0.16
179907,0.05
179919,0.0
179926,0.13
179936,0.1
179941,0.08
179945,0.12
179951,0.01
179960,0.02
179967,0.02
179980,0.27
179985,0.55
179997,0.19
180001,0.06
180007,0.04
180011,0.13
180017,0.06
180027,0.04
180033,0.12
180036,0.54
180037,0.09
180041,0.14
180042,0.44
180050,0.43
180059,0.02
180066,0.02
180067,0.05
180085,0.07
180092,0.0
180099,0.05
180101,0.1
180115,0.05
180122,0.06
180126,0.06
180127,0.1
180140,0.03
180141,0.09
180158,0.04
180163,0.21
180178,0.06
180189,0.02
180198,0.18
180201,0.23
180202,0.03
180209,0.17
180239,0.19
180244,0.02
180270,0.03
180271,0.01
180286,0.13
180287,0.06
180291,0.04
180293,0.11
180296,0.09
180297,0.14
180305,0.06
180318,0.07
180319,0.17
180322,0.02
180323,0.0
180331,0.15
180365,0.01
180368,0.17
180369,0.02
180382,0.04
180387,0.1
180388,0.33
180389,0.06
180398,0.01
180399,0.03
180402,0.15
180406,0.13
180407,0.1
180408,0.06
180413,0.07
180416,0.03
180420,0.03
180429,0.42
180430,0.51
180431,0.0
180438,0.01
180441,0.02
180448,0.05
180453,0.02
180478,0.35
180480,0.13
180510,0.06
180524,0.09
180534,0.03
180537,0.68
180545,0.03
180550,0.09
180559,0.05
180583,0.03
180587,0.03
180594,0.12
180597,0.11
180598,0.21
180599,0.08
180601,0.27
180624,0.33
180625,0.39
180634,0.02
180647,0.02
180652,0.14
180656,0.25
180664,0.12
180666,0.09
180674,0.02
180679,0.01
180685,0.14
180692,0.06
180698,0.13
180699,0.07
180700,0.03
180702,0.1
180710,0.02
180736,0.04
180739,0.07
180741,0.06
180743,0.22
180747,0.04
180754,0.27
180755,0.16
180756,0.05
180768,0.04
180773,0.04
180775,0.06
180784,0.03
180787,0.0
180795,0.07
180796,0.07
180799,0.04
180811,0.01
180813,0.09
180827,0.1
180828,0.03
180833,0.1
180834,0.16
180847,0.07
180852,0.17
180853,0.08
180854,0.05
180855,0.16
180856,0.1
180858,0.04
180859,0.13
180867,0.04
180868,0.04
180872,0.1
180873,0.05
180874,0.12
180875,0.11
180878,0.04
180888,0.12
180889,0.02
180891,0.03
180902,0.01
180907,0.16
180913,0.03
180916,0.04
180954,0.04
180962,0.08
180963,0.01
180967,0.13
180971,0.26
180975,0.08
180985,0.06
180991,0.03
181009,0.02
181012,0.02
181015,0.08
181034,0.25
181064,0.08
181071,0.13
181083,0.18
181084,0.0
181085,0.02
181088,0.06
181098,0.24
181110,0.16
181111,0.15
181112,0.04
181114,0.21
181117,0.19
181157,0.03
181160,0.11
181161,0.1
181165,0.04
181179,0.31
181186,0.12
181196,0.02
181197,0.25
181204,0.17
181213,0.05
181214,0.27
181221,0.17
181224,0.07
181226,0.03
181236,0.08
181256,0.31
181257,0.0
181279,0.03
181282,0.05
181285,0.1
181288,0.0
181289,0.09
181290,0.02
181298,0.01
181299,0.14
181307,0.09
181312,0.34
181318,0.06
181322,0.2
181338,0.09
181340,0.03
181342,0.01
181344,0.08
181350,0.05
181373,0.05
181374,0.13
181375,0.06
181379,0.32
181381,0.09
181385,0.18
181388,0.03
181392,0.12
181393,0.26
181425,0.0
181465,0.08
181481,0.17
181484,0.09
181494,0.02
181501,0.06
181507,0.05
181521,0.11
181524,0.04
181538,0.19
181540,0.02
181547,0.06
181551,0.01
181555,0.05
181561,0.08
181564,0.08
181567,0.1
181599,0.02
181602,0.19
181612,0.08
181613,0.07
181615,0.08
181621,0.01
181622,0.05
181629,0.09
181630,0.01
181633,0.04
181635,0.23
181641,0.06
181643,0.35
181644,0.17
181649,0.06
181659,0.06
181660,0.16
181665,0.15
181666,0.1
181672,0.05
181682,0.2
181693,0.33
181697,0.13
181703,0.07
181704,0.02
181720,0.05
181722,0.15
181732,0.13
181733,0.04
181736,0.01
181737,0.07
181747,0.05
181758,0.34
181764,0.0
181770,0.11
181774,0.12
181783,0.07
181788,0.05
181789,0.12
181804,0.05
181809,0.04
181821,0.24
181836,0.05
181863,0.08
181867,0.07
181868,0.16
181871,0.04
181904,0.17
181931,0.05
181932,0.05
181941,0.07
181944,0.22
181958,0.11
181971,0.01
181986,0.0
182002,0.06
182007,0.01
182012,0.02
182022,0.06
182031,0.03
182050,0.07
182053,0.19
182071,0.08
182072,0.1
182073,0.02
182102,0.01
182106,0.03
182116,0.01
182117,0.24
182118,0.02
182124,0.28
182125,0.05
182145,0.02
182150,0.09
182154,0.03
182167,0.11
182179,0.18
182181,0.02
182183,0.04
182218,0.05
182225,0.03
182226,0.11
182266,0.28
182272,0.11
182275,0.14
182295,0.23
182305,0.0
182312,0.04
182313,0.06
182327,0.03
182337,0.04
182340,0.0
182341,0.03
182342,0.02
182345,0.05
182353,0.01
182355,0.05
182371,0.1
182376,0.01
182381,0.02
182382,0.01
182384,0.03
182387,0.13
182412,0.03
182419,0.14
182432,0.04
182438,0.07
182448,0.48
182450,0.24
182465,0.03
182468,0.0
182474,0.06
182483,0.01
182484,0.12
182485,0.01
182486,0.07
182489,0.16
182500,0.09
182501,0.14
182504,0.27
182514,0.02
182524,0.07
182525,0.08
182533,0.01
182536,0.05
182539,0.01
182550,0.04
182553,0.08
182568,0.08
182571,0.02
182573,0.02
182580,0.08
182615,0.05
182618,0.08
182624,0.02
182644,0.05
182686,0.19
182687,0.02
182695,0.29
182718,0.01
182726,0.01
182735,0.04
182742,0.07
182747,0.05
182748,0.04
182752,0.13
182761,0.07
182800,0.05
182802,0.18
182807,0.06
182816,0.07
182818,0.01
182826,0.06
182836,0.02
182840,0.16
182841,0.27
182846,0.13
182862,0.02
182864,0.04
182871,0.16
182878,0.09
182880,0.14
182885,0.01
182893,0.03
182894,0.35
182895,0.05
182901,0.09
182907,0.25
182921,0.08
182952,0.02
182964,0.17
182966,0.14
182980,0.02
182985,0.26
182989,0.07
182994,0.08
183035,0.21
183037,0.17
183042,0.03
183049,0.06
183050,0.01
183051,0.04
183062,0.01
183063,0.04
183064,0.05
183076,0.02
183078,0.16
183086,0.01
183089,0.11
183091,0.2
183097,0.1
183104,0.03
183118,0.18
183119,0.16
183134,0.06
183142,0.19
183157,0.1
183162,0.04
183180,0.12
183193,0.2
183213,0.03
183216,0.26
183223,0.15
183226,0.08
183264,0.11
183273,0.08
183278,0.14
183282,0.04
183283,0.07
183286,0.03
183288,0.1
183299,0.09
183310,0.02
183315,0.06
183332,0.03
183336,0.05
183341,0.23
183342,0.0
183345,0.03
183347,0.04
183360,0.07
183362,0.04
183370,0.03
183379,0.05
183386,0.13
183410,0.07
183417,0.11
183419,0.02
183421,0.11
183425,0.18
183427,0.01
183433,0.1
183434,0.1
183438,0.03
183439,0.09
183440,0.24
183450,0.1
183451,0.29
183453,0.06
183454,0.0
183455,0.1
183457,0.04
183463,0.17
183475,0.04
183478,0.12
183480,0.04
183490,0.09
183494,0.26
183503,0.05
183512,0.1
183517,0.05
183530,0.08
183532,0.04
183533,0.02
183536,0.03
183545,0.02
183549,0.03
183550,0.05
183551,0.09
183555,0.04
183560,0.08
183585,0.0
183591,0.05
183592,0.02
183603,0.26
183610,0.05
183628,0.19
183644,0.04
183646,0.14
183649,0.03
183656,0.09
183658,0.35
183688,0.13
183690,0.05
183691,0.12
183697,0.11
183709,0.12
183711,0.14
183714,0.33
183725,0.05
183736,0.09
183742,0.01
183772,0.15
183776,0.05
183787,0.01
183792,0.35
183793,0.24
183799,0.22
183816,0.08
183818,0.26
183832,0.09
183836,0.02
183839,0.07
183840,0.03
183855,0.03
183857,0.16
183863,0.04
183866,0.08
183876,0.08
183878,0.24
183897,0.0
183902,0.08
183915,0.01
183925,0.21
183936,0.1
183939,0.03
183951,0.03
183956,0.05
183957,0.01
183974,0.02
183982,0.18
183994,0.04
184008,0.07
184013,0.24
184016,0.13
184019,0.11
184024,0.05
184025,0.11
184038,0.01
184045,0.01
184056,0.11
184060,0.12
184071,0.06
184073,0.02
184074,0.04
184077,0.05
184105,0.06
184106,0.1
184133,0.17
184154,0.26
184163,0.0
184165,0.19
184193,0.2
184194,0.09
184195,0.02
184202,0.1
184226,0.37
184230,0.04
184231,0.12
184234,0.11
184238,0.01
184248,0.03
184257,0.05
184268,0.03
184282,0.04
184291,0.11
184294,0.01
184295,0.49
184304,0.07
184309,0.03
184318,0.23
184325,0.09
184329,0.03
184330,0.03
184333,0.24
184337,0.01
184338,0.13
184340,0.01
184341,0.05
184347,0.02
184354,0.07
184355,0.01
184372,0.05
184384,0.04
184385,0.07
184386,0.05
184389,0.12
184401,0.03
184405,0.17
184431,0.13
184450,0.01
184453,0.15
184470,0.03
184471,0.01
184486,0.08
184488,0.05
184489,0.04
184497,0.07
184508,0.06
184509,0.03
184516,0.09
184525,0.13
184526,0.09
184531,0.06
184557,0.07
184576,0.03
184589,0.0
184605,0.0
184613,0.15
184630,0.01
184635,0.05
184636,0.03
184643,0.02
184645,0.14
184653,0.08
184655,0.1
184656,0.13
184660,0.05
184716,0.11
184736,0.06
184758,0.1
184767,0.13
184770,0.12
184773,0.02
184776,0.11
184792,0.07
184812,0.12
184820,0.11
184829,0.03
184831,0.23
184832,0.11
184834,0.03
184847,0.1
184848,0.07
184858,0.01
184866,0.06
184869,0.19
184870,0.05
184873,0.03
184874,0.01
184876,0.1
184879,0.16
184880,0.04
184885,0.02
184896,0.03
184916,0.24
184918,0.08
184919,0.05
184921,0.07
184936,0.04
184944,0.14
184956,0.09
184963,0.11
184964,0.02
184965,0.08
184972,0.16
184977,0.06
184982,0.12
184988,0.29
184992,0.28
184994,0.01
184998,0.17
185017,0.06
185024,0.07
185032,0.11
185037,0.08
185040,0.04
185043,0.18
185048,0.06
185059,0.03
185076,0.13
185083,0.0
185090,0.09
185099,0.01
185101,0.04
185106,0.1
185121,0.21
185125,0.32
185126,0.16
185127,0.07
185153,0.07
185167,0.14
185171,0.1
185178,0.01
185180,0.06
185181,0.01
185183,0.08
185186,0.16
185187,0.1
185188,0.1
185189,0.12
185194,0.11
185207,0.11
185209,0.14
185210,0.09
185212,0.01
185220,0.1
185221,0.15
185230,0.11
185231,0.24
185245,0.0
185249,0.04
185262,0.02
185285,0.23
185286,0.08
185288,0.0
185296,0.0
185298,0.33
185299,0.03
185308,0.09
185311,0.02
185313,0.06
185314,0.17
185332,0.25
185337,0.02
185338,0.01
185339,0.05
185341,0.08
185342,0.01
185344,0.12
185349,0.11
185362,0.1
185363,0.03
185394,0.01
185410,0.1
185418,0.06
185423,0.08
185428,0.11
185442,0.12
185447,0.14
185450,0.14
185454,0.07
185475,0.32
185481,0.16
185483,0.04
185485,0.11
185496,0.05
185504,0.02
185505,0.0
185512,0.06
185515,0.01
185534,0.11
185536,0.09
185538,0.05
185552,0.01
185569,0.12
185576,0.01
185578,0.06
185581,0.22
185584,0.08
185585,0.05
185586,0.13
185592,0.11
185604,0.03
185606,0.03
185607,0.09
185618,0.09
185622,0.04
185628,0.25
185629,0.01
185634,0.1
185637,0.13
185638,0.0
185640,0.1
185641,0.01
185645,0.02
185646,0.18
185647,0.02
185662,0.05
185669,0.04
185675,0.01
185687,0.11
185688,0.03
185689,0.03
185690,0.06
185697,0.18
185710,0.04
185733,0.01
185740,0.26
185806,0.08
185812,0.24
185824,0.07
185825,0.04
185826,0.05
185827,0.25
185828,0.14
185837,0.05
185859,0.05
185861,0.04
185872,0.03
185874,0.06
185891,0.17
185893,0.09
185897,0.04
185900,0.02
185910,0.12
185919,0.02
185932,0.02
185937,0.04
185939,0.01
185965,0.04
185968,0.04
185971,0.04
185978,0.14
185980,0.05
185981,0.02
185982,0.03
185991,0.07
185997,0.08
185998,0.05
186014,0.09
186021,0.04
186025,0.06
186034,0.09
186054,0.03
186061,0.15
186065,0.13
186066,0.17
186070,0.08
186080,0.05
186085,0.02
186094,0.34
186110,0.19
186113,0.02
186116,0.12
186127,0.01
186129,0.07
186135,0.09
186139,0.25
186151,0.09
186153,0.03
186156,0.02
186158,0.04
186159,0.01
186166,0.14
186168,0.05
186169,0.04
186170,0.05
186179,0.04
186188,0.04
186210,0.0
186227,0.04
186229,0.25
186230,0.07
186249,0.04
186254,0.07
186264,0.03
186265,0.09
186273,0.0
186276,0.02
186289,0.15
186296,0.07
186308,0.0
186309,0.05
186310,0.07
186316,0.02
186321,0.03
186333,0.09
186346,0.06
186391,0.06
186398,0.07
186407,0.1
186411,0.11
186415,0.05
186426,0.11
186444,0.04
186448,0.25
186453,0.09
186456,0.02
186460,0.02
186461,0.07
186473,0.1
186489,0.21
186490,0.07
186491,0.02
186492,0.02
186493,0.09
186503,0.08
186505,0.11
186506,0.02
186508,0.02
186524,0.06
186526,0.1
186536,0.08
186539,0.09
186543,0.05
186558,0.39
186568,0.21
186573,0.07
186587,0.05
186599,0.06
186609,0.21
186610,0.02
186612,0.04
186632,0.23
186634,0.07
186649,0.02
186652,0.14
186660,0.08
186668,0.14
186674,0.1
186675,0.04
186679,0.08
186682,0.08
186683,0.07
186695,0.41
186696,0.03
186704,0.05
186709,0.33
186714,0.1
186723,0.01
186726,0.24
186728,0.15
186729,0.02
186731,0.03
186737,0.27
186742,0.0
186743,0.02
186745,0.25
186747,0.05
186750,0.07
186769,0.03
186771,0.39
186787,0.04
186796,0.09
186802,0.22
186811,0.02
186812,0.09
186815,0.03
186840,0.1
186842,0.39
186853,0.15
186859,0.11
186878,0.07
186885,0.02
186890,0.02
186906,0.25
186916,0.01
186927,0.06
186928,0.09
186931,0.15
186934,0.06
186938,0.12
186943,0.25
186944,0.12
186945,0.13
186947,0.09
186952,0.06
186953,0.04
186960,0.09
186962,0.11
186991,0.03
187001,0.36
187017,0.01
187019,0.1
187024,0.01
187035,0.01
187037,0.13
187056,0.03
187057,0.0
187058,0.19
187065,0.15
187066,0.22
187069,0.0
187070,0.04
187074,0.01
187085,0.04
187087,0.03
187100,0.02
187117,0.2
187158,0.08
187159,0.1
187162,0.15
187164,0.05
187167,0.05
187168,0.03
187171,0.01
187184,0.16
187194,0.17
187208,0.08
187211,0.05
187220,0.09
187224,0.02
187242,0.07
187259,0.02
187260,0.05
187267,0.14
187280,0.15
187287,0.03
187291,0.07
187296,0.04
187301,0.05
187315,0.41
187319,0.01
187326,0.21
187328,0.1
187329,0.09
187330,0.06
187335,0.1
187339,0.02
187340,0.11
187353,0.09
187356,0.02
187367,0.08
187383,0.02
187388,0.09
187401,0.05
187415,0.04
187422,0.05
187439,0.15
187440,0.1
187442,0.37
187447,0.1
187448,0.03
187451,0.02
187468,0.03
187475,0.09
187477,0.1
187480,0.06
187498,0.15
187499,0.01
187516,0.0
187524,0.05
187534,0.19
187552,0.03
187577,0.14
187584,0.08
187585,0.12
187603,0.05
187608,0.05
187625,0.0
187637,0.06
187639,0.22
187641,0.03
187652,0.13
187684,0.11
187689,0.19
187698,0.22
187708,0.06
187716,0.1
187717,0.03
187719,0.0
187720,0.16
187743,0.13
187749,0.11
187762,0.16
187763,0.05
187772,0.12
187786,0.03
187787,0.08
187809,0.11
187826,0.15
187828,0.04
187829,0.09
187833,0.04
187847,0.05
187852,0.0
187862,0.12
187867,0.05
187868,0.07
187870,0.08
187871,0.03
187879,0.29
187894,0.11
187895,0.01
187899,0.03
187903,0.19
187915,0.04
187919,0.25
187941,0.04
187942,0.02
187944,0.09
187947,0.08
187949,0.36
187950,0.01
187952,0.17
187964,0.4
187967,0.0
187977,0.03
187983,0.09
187987,0.04
187988,0.18
187990,0.16
187991,0.2
187998,0.14
188014,0.14
188017,0.02
188021,0.16
188032,0.04
188039,0.04
188040,0.06
188044,0.09
188045,0.03
188054,0.06
188069,0.03
188070,0.19
188081,0.02
188092,0.22
188106,0.07
188108,0.05
188117,0.04
188120,0.03
188130,0.05
188133,0.18
188136,0.04
188151,0.07
188153,0.06
188158,0.01
188171,0.03
188175,0.09
188192,0.18
188194,0.04
188198,0.09
188199,0.08
188228,0.09
188232,0.06
188233,0.05
188234,0.06
188245,0.04
188248,0.07
188254,0.03
188261,0.06
188262,0.17
188267,0.02
188276,0.02
188281,0.39
188282,0.04
188295,0.06
188309,0.04
188313,0.09
188324,0.02
188327,0.11
188328,0.04
188329,0.07
188336,0.14
188337,0.08
188350,0.01
188389,0.21
188399,0.03
188413,0.06
188415,0.07
188421,0.02
188438,0.2
188449,0.37
188466,0.02
188470,0.0
188486,0.04
188492,0.05
188507,0.06
188511,0.03
188521,0.03
188540,0.17
188542,0.03
188551,0.24
188557,0.05
188558,0.12
188561,0.11
188563,0.06
188565,0.06
188577,0.1
188586,0.03
188591,0.09
188594,0.11
188614,0.08
188622,0.04
188626,0.05
188632,0.16
188635,0.1
188639,0.02
188645,0.28
188646,0.04
188647,0.04
188653,0.02
188659,0.06
188677,0.1
188694,0.03
188695,0.01
188696,0.03
188707,0.02
188714,0.03
188715,0.21
188722,0.1
188724,0.09
188729,0.03
188734,0.02
188739,0.36
188746,0.09
188747,0.06
188768,0.07
188770,0.12
188772,0.05
188787,0.02
188792,0.03
188793,0.05
188808,0.07
188828,0.06
188848,0.01
188851,0.05
188856,0.11
188862,0.12
188875,0.29
188876,0.34
188878,0.06
188880,0.01
188890,0.08
188900,0.02
188914,0.06
188928,0.06
188936,0.09
188946,0.04
188947,0.07
188948,0.09
188949,0.08
188950,0.09
188980,0.05
188982,0.09
188988,0.25
188990,0.12
188992,0.04
188993,0.07
188994,0.04
188997,0.03
188998,0.18
189009,0.01
189018,0.04
189022,0.07
189034,0.05
189045,0.03
189059,0.04
189062,0.04
189075,0.19
189086,0.07
189087,0.02
189107,0.18
189113,0.04
189144,0.02
189148,0.07
189199,0.14
189201,0.11
189202,0.04
189207,0.17
189213,0.08
189214,0.12
189224,0.02
189230,0.02
189251,0.1
189252,0.02
189255,0.03
189256,0.06
189257,0.13
189260,0.02
189261,0.13
189262,0.05
189263,0.04
189272,0.01
189282,0.03
189284,0.2
189294,0.08
189304,0.1
189314,0.25
189317,0.3
189333,0.01
189337,0.13
189347,0.03
189355,0.1
189357,0.18
189366,0.19
189374,0.09
189379,0.04
189388,0.1
189397,0.05
189418,0.24
189453,0.03
189458,0.02
189460,0.12
189481,0.04
189482,0.08
189483,0.08
189490,0.17
189491,0.02
189492,0.06
189511,0.14
189512,0.18
189518,0.1
189519,0.12
189531,0.07
189541,0.21
189550,0.07
189551,0.12
189559,0.1
189564,0.02
189573,0.08
189585,0.05
189587,0.08
189605,0.02
189612,0.05
189633,0.07
189640,0.05
189641,0.08
189643,0.04
189650,0.2
189652,0.07
189656,0.21
189661,0.25
189663,0.18
189684,0.05
189688,0.03
189711,0.11
189729,0.03
189747,0.12
189761,0.13
189773,0.02
189774,0.02
189779,0.18
189780,0.04
189796,0.04
189799,0.28
189800,0.05
189807,0.12
189808,0.02
189826,0.18
189836,0.04
189843,0.0
189845,0.06
189852,0.19
189853,0.3
189855,0.06
189866,0.04
189886,0.1
189888,0.02
189902,0.12
189907,0.26
189910,0.02
189922,0.03
189924,0.09
189933,0.05
189935,0.08
189939,0.02
189951,0.42
189965,0.03
189966,0.16
189977,0.05
189989,0.06
189990,0.26
190002,0.04
190006,0.26
190008,0.02
190009,0.09
190021,0.11
190058,0.1
190061,0.04
190069,0.04
190072,0.2
190078,0.22
190109,0.11
190112,0.29
190117,0.1
190132,0.01
190133,0.08
190153,0.17
190164,0.04
190167,0.0
190169,0.21
190179,0.28
190184,0.03
190188,0.02
190199,0.05
190200,0.2
190201,0.06
190227,0.17
190229,0.04
190245,0.08
190272,0.29
190274,0.14
190281,0.11
190282,0.19
190290,0.1
190299,0.16
190301,0.06
190304,0.06
190306,0.06
190311,0.17
190341,0.01
190354,0.0
190364,0.0
190368,0.07
190375,0.28
190383,0.03
190384,0.06
190387,0.06
190388,0.23
190392,0.22
190394,0.15
190405,0.08
190406,0.09
190412,0.02
190413,0.14
190431,0.03
190452,0.06
190454,0.11
190461,0.25
190475,0.06
190489,0.12
190507,0.03
190513,0.06
190515,0.3
190516,0.03
190522,0.02
190523,0.2
190526,0.06
190533,0.03
190537,0.07
190542,0.01
190545,0.03
190548,0.03
190555,0.11
190561,0.03
190562,0.05
190566,0.0
190581,0.1
190590,0.01
190591,0.12
190593,0.07
190612,0.04
190617,0.07
190618,0.0
190619,0.18
190643,0.09
190647,0.1
190663,0.0
190664,0.02
190678,0.05
190691,0.04
190697,0.09
190698,0.1
190701,0.4
190702,0.17
190713,0.06
190739,0.05
190744,0.13
190756,0.06
190767,0.13
190777,0.09
190808,0.07
190825,0.18
190830,0.17
190844,0.39
190855,0.14
190860,0.08
190861,0.06
190865,0.03
190884,0.1
190886,0.12
190887,0.11
190893,0.24
190899,0.12
190900,0.09
190901,0.09
190903,0.0
190909,0.14
190911,0.2
190916,0.19
190922,0.03
190926,0.01
190927,0.03
190929,0.06
190931,0.15
190948,0.11
190954,0.03
190957,0.08
190965,0.02
190978,0.12
190986,0.06
190990,0.05
190993,0.08
190998,0.06
190999,0.02
191028,0.06
191033,0.03
191042,0.3
191076,0.0
191114,0.12
191137,0.16
191138,0.03
191140,0.04
191141,0.03
191143,0.03
191145,0.06
191161,0.16
191167,0.04
191192,0.06
191199,0.14
191200,0.02
191205,0.08
191206,0.01
191214,0.05
191217,0.02
191222,0.12
191224,0.01
191232,0.29
191238,0.06
191243,0.05
191247,0.08
191250,0.03
191266,0.03
191278,0.06
191279,0.02
191282,0.11
191287,0.07
191290,0.09
191291,0.08
191296,0.2
191301,0.08
191304,0.02
191305,0.05
191306,0.2
191324,0.15
191359,0.03
191360,0.01
191362,0.04
191371,0.12
191379,0.09
191394,0.07
191413,0.24
191430,0.04
191435,0.09
191449,0.04
191452,0.0
191464,0.11
191465,0.03
191466,0.11
191469,0.18
191490,0.27
191494,0.11
191498,0.39
191506,0.22
191508,0.1
191509,0.02
191515,0.36
191524,0.01
191548,0.04
191562,0.02
191568,0.07
191596,0.08
191609,0.05
191619,0.02
191624,0.2
191628,0.04
191630,0.13
191648,0.27
191649,0.09
191654,0.05
191655,0.0
191659,0.17
191674,0.1
191675,0.02
191680,0.09
191681,0.02
191684,0.12
191686,0.03
191721,0.14
191722,0.04
191726,0.27
191727,0.04
191732,0.06
191735,0.01
191738,0.42
191745,0.21
191746,0.07
191751,0.14
191761,0.21
191772,0.01
191785,0.08
191794,0.02
191799,0.02
191806,0.22
191807,0.1
191809,0.16
191824,0.07
191826,0.05
191834,0.13
191837,0.08
191841,0.11
191845,0.01
191847,0.17
191850,0.04
191869,0.08
191873,0.12
191876,0.21
191878,0.3
191880,0.08
191881,0.1
191883,0.06
191898,0.04
191907,0.03
191910,0.02
191918,0.05
191920,0.12
191923,0.03
191942,0.09
191943,0.11
191951,0.14
191952,0.04
191958,0.06
191963,0.18
191971,0.23
191992,0.07
192000,0.19
192001,0.06
192008,0.12
192018,0.0
192029,0.01
192030,0.02
192031,0.02
192043,0.09
192045,0.04
192052,0.15
192056,0.02
192071,0.02
192082,0.17
192088,0.02
192103,0.08
192105,0.2
192119,0.01
192144,0.09
192151,0.07
192158,0.01
192163,0.1
192172,0.38
192176,0.08
192177,0.03
192212,0.03
192221,0.3
192223,0.16
192224,0.06
192238,0.05
192239,0.01
192252,0.4
192259,0.12
192268,0.0
192274,0.24
192276,0.14
192277,0.04
192289,0.05
192296,0.1
192308,0.13
192309,0.01
192315,0.07
192322,0.18
192324,0.03
192343,0.04
192345,0.03
192367,0.07
192375,0.06
192382,0.14
192389,0.0
192390,0.26
192391,0.12
192423,0.03
192427,0.09
192431,0.11
192433,0.02
192451,0.01
192453,0.15
192455,0.06
192468,0.06
192469,0.09
192474,0.09
192481,0.09
192482,0.08
192483,0.03
192486,0.06
192490,0.09
192491,0.07
192494,0.07
192507,0.01
192508,0.0
192509,0.13
192525,0.12
192526,0.06
192528,0.04
192535,0.02
192545,0.25
192548,0.08
192572,0.28
192594,0.1
192607,0.05
192625,0.04
192626,0.04
192631,0.04
192632,0.12
192636,0.02
192637,0.03
192655,0.05
192657,0.0
192674,0.05
192675,0.01
192680,0.15
192682,0.16
192686,0.08
192698,0.17
192703,0.01
192705,0.04
192717,0.08
192720,0.11
192721,0.09
192722,0.09
192728,0.0
192734,0.0
192739,0.16
192740,0.18
192752,0.01
192761,0.03
192770,0.0
192780,0.05
192782,0.04
192783,0.25
192789,0.22
192796,0.03
192800,0.08
192802,0.11
192811,0.09
192812,0.09
192815,0.01
192838,0.16
192861,0.02
192868,0.08
192872,0.05
192876,0.03
192877,0.13
192897,0.1
192898,0.06
192903,0.06
192904,0.06
192905,0.03
192911,0.28
192920,0.04
192921,0.06
192922,0.07
192942,0.07
192946,0.12
192963,0.06
192978,0.07
192979,0.19
192981,0.14
192991,0.08
192995,0.06
192998,0.09
193019,0.12
193027,0.02
193028,0.05
193032,0.02
193036,0.03
193044,0.04
193046,0.1
193049,0.0
193050,0.12
193054,0.03
193057,0.06
193060,0.25
193075,0.05
193088,0.01
193091,0.1
193112,0.1
193122,0.03
193123,0.18
193128,0.07
193133,0.02
193143,0.06
193150,0.13
193151,0.09
193160,0.15
193180,0.13
193198,0.04
193204,0.06
193207,0.04
193210,0.22
193225,0.03
193232,0.08
193248,0.2
193249,0.29
193262,0.03
193270,0.09
193273,0.02
193275,0.06
193286,0.08
193289,0.24
193290,0.06
193311,0.3
193321,0.04
193322,0.1
193340,0.08
193349,0.06
193368,0.09
193369,0.07
193375,0.04
193385,0.24
193389,0.08
193394,0.05
193396,0.1
193398,0.04
193402,0.14
193409,0.07
193421,0.01
193426,0.01
193430,0.11
193436,0.15
193437,0.07
193440,0.03
193441,0.08
193449,0.08
193462,0.01
193464,0.09
193468,0.01
193474,0.0
193475,0.03
193479,0.23
193484,0.07
193488,0.05
193496,0.01
193507,0.11
193510,0.04
193512,0.02
193514,0.01
193515,0.06
193516,0.1
193520,0.04
193522,0.19
193541,0.02
193545,0.01
193549,0.02
193554,0.14
193558,0.12
193568,0.1
193569,0.16
193579,0.07
193587,0.05
193589,0.12
193613,0.13
193642,0.11
193643,0.03
193647,0.02
193648,0.04
193663,0.11
193664,0.19
193665,0.02
193672,0.07
193675,0.1
193686,0.45
193692,0.07
193706,0.11
193725,0.0
193726,0.13
193727,0.03
193733,0.11
193738,0.17
193739,0.04
193745,0.17
193759,0.08
193767,0.03
193774,0.18
193776,0.06
193777,0.53
193787,0.13
193789,0.02
193793,0.1
193805,0.0
193808,0.07
193816,0.01
193817,0.03
193821,0.14
193831,0.28
193832,0.01
193874,0.15
193879,0.07
193882,0.11
193910,0.07
193915,0.06
193916,0.15
193921,0.19
193924,0.09
193926,0.02
193927,0.09
193949,0.05
193954,0.07
193966,0.13
193970,0.08
193971,0.09
193975,0.03
193980,0.09
193982,0.27
193983,0.06
193987,0.15
193997,0.06
194000,0.08
194013,0.19
194014,0.43
194026,0.12
194039,0.01
194042,0.04
194054,0.08
194057,0.15
194058,0.02
194068,0.06
194071,0.35
194073,0.03
194075,0.09
194093,0.02
194098,0.05
194105,0.0
194106,0.13
194110,0.02
194128,0.05
194137,0.09
194149,0.09
194150,0.1
194155,0.07
194157,0.16
194158,0.06
194164,0.09
194165,0.05
194166,0.03
194170,0.16
194171,0.06
194177,0.05
194187,0.06
194188,0.03
194213,0.13
194229,0.22
194230,0.18
194241,0.02
194243,0.02
194244,0.04
194276,0.01
194279,0.0
194280,0.07
194281,0.25
194291,0.04
194293,0.14
194306,0.03
194307,0.05
194308,0.01
194310,0.14
194314,0.05
194326,0.27
194330,0.01
194338,0.08
194366,0.03
194370,0.01
194371,0.05
194379,0.0
194382,0.1
194383,0.16
194395,0.44
194402,0.08
194406,0.0
194408,0.32
194413,0.1
194414,0.09
194419,0.05
194423,0.12
194424,0.09
194429,0.06
194436,0.06
194468,0.03
194469,0.05
194478,0.03
194480,0.36
194484,0.13
194505,0.16
194514,0.04
194516,0.02
194523,0.33
194526,0.04
194533,0.03
194534,0.04
194536,0.04
194548,0.07
194552,0.25
194558,0.07
194561,0.07
194563,0.01
194569,0.22
194581,0.24
194586,0.03
194590,0.08
194598,0.17
194600,0.22
194603,0.13
194604,0.04
194605,0.06
194607,0.17
194610,0.07
194620,0.11
194627,0.11
194650,0.12
194652,0.0
194659,0.02
194660,0.16
194662,0.03
194665,0.07
194675,0.06
194677,0.09
194679,0.01
194691,0.4
194696,0.08
194713,0.13
194716,0.13
194717,0.05
194725,0.12
194732,0.01
194737,0.11
194738,0.18
194769,0.1
194791,0.0
194802,0.23
194806,0.03
194810,0.06
194812,0.02
194813,0.06
194816,0.04
194827,0.07
194844,0.04
194856,0.09
194860,0.09
194866,0.09
194867,0.05
194877,0.13
194879,0.2
194880,0.03
194881,0.01
194887,0.0
194900,0.03
194906,0.09
194907,0.09
194908,0.25
194914,0.04
194934,0.15
194955,0.2
194956,0.04
194965,0.01
194966,0.05
194980,0.05
194985,0.05
194986,0.06
194995,0.1
194999,0.05
195000,0.02
195010,0.09
195013,0.09
195044,0.06
195048,0.12
195050,0.62
195051,0.19
195055,0.01
195070,0.06
195074,0.49
195075,0.19
195077,0.2
195081,0.04
195088,0.01
195089,0.02
195091,0.05
195096,0.28
195100,0.06
195103,0.12
195116,0.06
195117,0.14
195129,0.03
195151,0.02
195158,0.14
195164,0.07
195176,0.23
195186,0.03
195187,0.16
195198,0.11
195201,0.14
195207,0.07
195214,0.09
195215,0.06
195234,0.02
195235,0.01
195239,0.02
195240,0.03
195253,0.05
195255,0.0
195280,0.0
195291,0.0
195293,0.1
195300,0.02
195306,0.07
195307,0.19
195322,0.18
195326,0.31
195330,0.02
195341,0.12
195343,0.09
195367,0.02
195369,0.05
195371,0.03
195372,0.0
195389,0.18
195415,0.08
195435,0.1
195439,0.12
195440,0.07
195444,0.0
195447,0.07
195450,0.05
195451,0.04
195456,0.07
195457,0.1
195461,0.19
195462,0.22
195463,0.0
195466,0.08
195468,0.05
195469,0.09
195489,0.01
195495,0.05
195496,0.29
195504,0.11
195505,0.16
195506,0.18
195511,0.05
195518,0.03
195519,0.07
195529,0.03
195531,0.09
195546,0.05
195547,0.05
195552,0.02
195577,0.17
195579,0.04
195588,0.03
195597,0.09
195607,0.0
195617,0.07
195626,0.01
195632,0.2
195634,0.41
195635,0.07
195645,0.03
195648,0.05
195674,0.34
195691,0.04
195695,0.3
195703,0.07
195710,0.24
195711,0.01
195727,0.18
195729,0.03
195734,0.14
195739,0.07
195740,0.05
195746,0.21
195750,0.33
195769,0.28
195772,0.26
195785,0.07
195789,0.09
195793,0.1
195801,0.03
195803,0.1
195810,0.11
195818,0.09
195819,0.31
195823,0.2
195828,0.19
195836,0.04
195843,0.11
195858,0.06
195876,0.06
195890,0.18
195891,0.08
195900,0.02
195905,0.06
195910,0.11
195911,0.12
195912,0.0
195917,0.2
195918,0.11
195923,0.27
195937,0.07
195940,0.4
195945,0.01
195946,0.07
195948,0.06
195955,0.0
195957,0.08
195958,0.07
195959,0.26
195970,0.0
195974,0.05
195979,0.09
195990,0.09
196004,0.02
196007,0.16
196012,0.16
196019,0.05
196029,0.27
196034,0.09
196042,0.09
196066,0.16
196067,0.06
196071,0.07
196074,0.09
196075,0.05
196079,0.04
196080,0.21
196082,0.02
196083,0.04
196085,0.26
196115,0.08
196118,0.13
196128,0.15
196149,0.07
196150,0.03
196162,0.11
196194,0.14
196198,0.01
196204,0.06
196206,0.07
196210,0.34
196220,0.07
196221,0.02
196230,0.0
196236,0.16
196242,0.06
196256,0.26
196261,0.21
196274,0.06
196281,0.0
196303,0.01
196305,0.14
196322,0.0
196343,0.04
196346,0.03
196354,0.01
196357,0.06
196359,0.0
196360,0.18
196361,0.05
196364,0.26
196371,0.0
196375,0.03
196377,0.01
196378,0.02
196381,0.04
196384,0.11
196385,0.16
196388,0.38
196394,0.15
196400,0.21
196401,0.15
196404,0.13
196411,0.24
196436,0.15
196443,0.04
196444,0.24
196446,0.03
196475,0.03
196476,0.27
196486,0.02
196489,0.04
196492,0.08
196498,0.14
196500,0.0
196505,0.1
196507,0.04
196510,0.03
196514,0.09
196530,0.03
196544,0.0
196551,0.02
196578,0.07
196585,0.2
196587,0.08
196588,0.05
196594,0.19
196598,0.14
196605,0.04
196618,0.1
196619,0.14
196623,0.04
196624,0.03
196643,0.03
196649,0.05
196650,0.0
196656,0.05
196663,0.32
196667,0.18
196669,0.09
196681,0.17
196717,0.08
196726,0.24
196728,0.04
196729,0.06
196731,0.02
196736,0.01
196738,0.08
196745,0.04
196747,0.03
196748,0.02
196753,0.01
196757,0.07
196760,0.14
196777,0.37
196788,0.1
196799,0.04
196808,0.01
196819,0.05
196825,0.02
196826,0.2
196834,0.0
196841,0.26
196847,0.12
196849,0.03
196851,0.03
196867,0.13
196884,0.07
196889,0.07
196898,0.04
196901,0.02
196917,0.05
196930,0.02
196936,0.04
196956,0.0
196959,0.0
196962,0.02
196963,0.11
196971,0.25
196972,0.15
196977,0.02
196984,0.09
196985,0.33
197010,0.25
197029,0.09
197040,0.07
197058,0.19
197060,0.01
197064,0.4
197075,0.06
197083,0.16
197102,0.19
197103,0.2
197107,0.0
197129,0.15
197135,0.04
197140,0.01
197150,0.07
197152,0.03
197153,0.06
197154,0.02
197156,0.21
197166,0.06
197167,0.02
197177,0.08
197178,0.04
197187,0.12
197191,0.09
197205,0.13
197206,0.09
197219,0.16
197224,0.04
197245,0.17
197246,0.08
197273,0.28
197275,0.02
197278,0.2
197288,0.05
197290,0.1
197294,0.09
197295,0.05
197311,0.03
197314,0.19
197320,0.13
197321,0.27
197324,0.18
197327,0.13
197332,0.05
197333,0.33
197335,0.08
197348,0.03
197362,0.11
197363,0.14
197368,0.01
197378,0.09
197381,0.16
197384,0.0
197386,0.08
197393,0.27
197396,0.04
197400,0.02
197408,0.04
197412,0.08
197413,0.2
197415,0.07
197418,0.14
197427,0.01
197443,0.25
197448,0.14
197449,0.06
197470,0.1
197478,0.25
197482,0.21
197488,0.05
197491,0.06
197495,0.03
197498,0.09
197502,0.14
197507,0.07
197509,0.06
197510,0.18
197512,0.06
197513,0.01
197524,0.13
197525,0.09
197529,0.27
197533,0.05
197534,0.3
197540,0.06
197541,0.02
197559,0.09
197566,0.03
197582,0.04
197585,0.17
197587,0.1
197595,0.01
197598,0.01
197601,0.04
197603,0.09
197607,0.05
197611,0.1
197625,0.17
197631,0.02
197633,0.05
197638,0.12
197640,0.05
197644,0.01
197645,0.01
197646,0.18
197650,0.1
197657,0.13
197664,0.06
197668,0.0
197681,0.05
197682,0.16
197693,0.03
197695,0.07
197699,0.22
197709,0.03
197711,0.11
197715,0.04
197716,0.13
197722,0.13
197728,0.27
197729,0.11
197730,0.16
197744,0.04
197768,0.02
197770,0.03
197775,0.22
197788,0.02
197795,0.02
197806,0.14
197808,0.05
197812,0.23
197813,0.02
197822,0.0
197827,0.02
197828,0.07
197836,0.25
197857,0.05
197862,0.18
197872,0.09
197892,0.02
197903,0.02
197907,0.05
197908,0.07
197916,0.04
197921,0.04
197924,0.05
197930,0.07
197934,0.11
197942,0.01
197945,0.23
197958,0.06
197959,0.04
197967,0.04
197969,0.23
197978,0.16
197999,0.01
198001,0.05
198004,0.02
198007,0.05
198019,0.05
198020,0.04
198024,0.06
198026,0.28
198038,0.07
198044,0.01
198050,0.12
198054,0.28
198055,0.05
198082,0.09
198094,0.09
198095,0.03
198099,0.15
198101,0.11
198102,0.01
198114,0.06
198125,0.04
198127,0.03
198128,0.1
198137,0.01
198141,0.03
198142,0.07
198155,0.13
198179,0.09
198181,0.05
198184,0.07
198185,0.09
198186,0.06
198187,0.07
198193,0.03
198197,0.04
198209,0.03
198221,0.05
198225,0.08
198229,0.15
198237,0.09
198239,0.27
198247,0.12
198253,0.09
198272,0.01
198279,0.02
198282,0.04
198284,0.03
198285,0.04
198287,0.05
198294,0.1
198309,0.1
198312,0.07
198315,0.06
198323,0.1
198331,0.02
198333,0.15
198359,0.02
198370,0.02
198378,0.09
198379,0.07
198381,0.05
198383,0.03
198384,0.11
198385,0.01
198420,0.07
198421,0.19
198425,0.09
198427,0.15
198429,0.03
198437,0.03
198445,0.04
198452,0.03
198454,0.03
198487,0.04
198523,0.09
198528,0.3
198530,0.28
198539,0.03
198540,0.07
198547,0.08
198566,0.05
198568,0.02
198569,0.08
198595,0.0
198600,0.07
198614,0.01
198617,0.04
198619,0.19
198627,0.05
198640,0.02
198655,0.14
198664,0.09
198665,0.02
198666,0.19
198670,0.13
198673,0.36
198680,0.14
198689,0.03
198690,0.26
198702,0.02
198703,0.04
198704,0.32
198714,0.21
198715,0.21
198717,0.04
198718,0.05
198720,0.34
198721,0.0
198730,0.06
198739,0.1
198754,0.04
198761,0.12
198772,0.04
198774,0.05
198775,0.2
198779,0.03
198783,0.01
198790,0.1
198794,0.21
198798,0.21
198799,0.0
198802,0.04
198806,0.04
198847,0.06
198854,0.18
198858,0.03
198859,0.19
198865,0.05
198872,0.07
198874,0.11
198878,0.01
198883,0.07
198884,0.05
198891,0.12
198899,0.11
198907,0.16
198916,0.08
198917,0.28
198934,0.02
198937,0.06
198938,0.06
198941,0.12
198957,0.06
198966,0.08
198984,0.03
198997,0.02
199001,0.19
199003,0.13
199009,0.09
199011,0.0
199013,0.02
199015,0.06
199024,0.05
199026,0.08
199027,0.28
199029,0.1
199030,0.04
199041,0.08
199048,0.07
199057,0.1
199058,0.02
199062,0.07
199067,0.0
199070,0.07
199075,0.01
199076,0.01
199092,0.18
199096,0.08
199104,0.11
199114,0.09
199115,0.0
199117,0.16
199126,0.13
199131,0.11
199141,0.06
199145,0.02
199150,0.09
199151,0.01
199153,0.02
199166,0.09
199167,0.09
199177,0.13
199182,0.01
199183,0.12
199185,0.02
199212,0.05
199213,0.11
199222,0.17
199229,0.03
199230,0.12
199242,0.3
199243,0.02
199246,0.16
199247,0.1
199249,0.01
199262,0.07
199263,0.13
199275,0.1
199276,0.06
199287,0.1
199298,0.04
199304,0.15
199307,0.06
199311,0.11
199316,0.01
199320,0.22
199321,0.08
199325,0.06
199326,0.2
199327,0.17
199334,0.02
199344,0.17
199345,0.07
199352,0.15
199364,0.23
199378,0.02
199379,0.1
199387,0.03
199405,0.16
199418,0.16
199424,0.11
199425,0.03
199432,0.06
199433,0.05
199442,0.17
199446,0.04
199457,0.0
199458,0.1
199477,0.09
199522,0.2
199525,0.29
199533,0.11
199536,0.07
199537,0.02
199550,0.1
199560,0.11
199564,0.21
199575,0.1
199580,0.01
199586,0.05
199597,0.06
199598,0.11
199604,0.11
199608,0.23
199609,0.08
199616,0.0
199625,0.14
199648,0.31
199650,0.0
199655,0.02
199663,0.02
199670,0.03
199673,0.09
199685,0.17
199696,0.15
199703,0.1
199704,0.04
199706,0.03
199727,0.03
199740,0.25
199746,0.09
199764,0.21
199766,0.1
199785,0.02
199786,0.02
199795,0.12
199797,0.22
199803,0.28
199804,0.1
199810,0.03
199815,0.04
199822,0.01
199824,0.07
199828,0.16
199833,0.09
199840,0.07
199844,0.17
199846,0.06
199858,0.08
199862,0.06
199865,0.12
199866,0.11
199869,0.05
199870,0.01
199871,0.06
199878,0.01
199889,0.05
199891,0.07
199898,0.03
199903,0.02
199904,0.02
199924,0.11
199950,0.05
199954,0.13
199956,0.02
199962,0.14
199965,0.13
199971,0.03
199972,0.08
199988,0.19
199995,0.07
199997,0.04
199998,0.02
199999,0.06
200011,0.18
200012,0.02
200016,0.05
200019,0.01
200030,0.21
200031,0.07
200032,0.09
200038,0.11
200043,0.02
200044,0.16
200045,0.12
200053,0.14
200057,0.03
200061,0.01
200064,0.05
200071,0.11
200084,0.24
200085,0.03
200086,0.19
200093,0.2
200095,0.13
200105,0.04
200111,0.03
200116,0.48
200125,0.3
200126,0.03
200157,0.15
200173,0.19
200181,0.03
200185,0.05
200187,0.0
200193,0.04
200200,0.05
200202,0.03
200206,0.11
200207,0.06
200216,0.03
200229,0.19
200234,0.0
200241,0.2
200244,0.08
200258,0.06
200262,0.18
200268,0.28
200277,0.09
200286,0.01
200293,0.1
200299,0.23
200306,0.16
200335,0.02
200358,0.08
200366,0.01
200367,0.06
200370,0.01
200373,0.32
200374,0.16
200383,0.09
200387,0.17
200390,0.18
200391,0.05
200421,0.16
200437,0.12
200442,0.03
200447,0.04
200460,0.01
200463,0.08
200467,0.06
200487,0.06
200488,0.18
200490,0.1
200493,0.12
200494,0.02
200501,0.09
200506,0.04
200516,0.05
200518,0.02
200520,0.15
200523,0.1
200524,0.17
200525,0.04
200534,0.07
200538,0.04
200552,0.05
200556,0.08
200557,0.15
200567,0.04
200568,0.05
200570,0.09
200572,0.12
200576,0.03
200585,0.08
200587,0.19
200588,0.17
200593,0.05
200594,0.06
200595,0.12
200603,0.39
200615,0.08
200624,0.2
200631,0.24
200632,0.02
200636,0.18
200638,0.09
200641,0.07
200650,0.08
200653,0.07
200657,0.08
200668,0.03
200669,0.01
200670,0.04
200676,0.0
200697,0.0
200710,0.15
200720,0.04
200729,0.04
200749,0.08
200753,0.17
200755,0.16
200756,0.13
200757,0.04
200768,0.36
200776,0.0
200799,0.17
200801,0.03
200810,0.14
200823,0.11
200832,0.24
200836,0.06
200838,0.01
200864,0.08
200867,0.02
200869,0.06
200873,0.17
200876,0.11
200881,0.05
200883,0.0
200890,0.06
200895,0.09
200897,0.01
200899,0.03
200900,0.09
200907,0.05
200912,0.02
200926,0.04
200930,0.22
200971,0.03
200974,0.01
200979,0.11
200998,0.05
201008,0.11
201018,0.21
201026,0.0
201043,0.02
201049,0.0
201050,0.09
201061,0.09
201062,0.07
201072,0.07
201076,0.21
201077,0.05
201081,0.08
201084,0.11
201089,0.03
201092,0.02
201109,0.08
201110,0.07
201116,0.04
201122,0.11
201135,0.15
201143,0.03
201153,0.03
201159,0.13
201165,0.03
201187,0.05
201197,0.06
201218,0.07
201219,0.11
201231,0.07
201234,0.05
201243,0.02
201246,0.05
201254,0.07
201256,0.1
201262,0.34
201263,0.02
201272,0.25
201273,0.0
201281,0.08
201290,0.07
201294,0.07
201296,0.02
201320,0.1
201332,0.06
201342,0.13
201343,0.05
201347,0.05
201350,0.15
201351,0.07
201362,0.32
201363,0.09
201368,0.12
201373,0.04
201375,0.02
201378,0.02
201386,0.17
201387,0.01
201390,0.19
201393,0.21
201409,0.07
201442,0.18
201444,0.07
201447,0.08
201451,0.0
201474,0.16
201481,0.02
201491,0.0
201498,0.04
201499,0.1
201501,0.06
201502,0.07
201516,0.05
201517,0.09
201524,0.05
201526,0.23
201528,0.02
201532,0.03
201543,0.27
201544,0.02
201546,0.03
201552,0.05
201554,0.01
201556,0.12
201557,0.05
201559,0.1
201575,0.09
201592,0.14
201593,0.05
201600,0.0
201630,0.11
201631,0.21
201635,0.01
201638,0.09
201642,0.03
201645,0.01
201660,0.06
201663,0.1
201665,0.0
201674,0.06
201675,0.08
201677,0.17
201688,0.02
201698,0.18
201706,0.03
201709,0.02
201710,0.12
201718,0.05
201720,0.22
201727,0.14
201730,0.06
201732,0.04
201733,0.07
201736,0.1
201738,0.03
201744,0.28
201747,0.11
201751,0.07
201766,0.08
201777,0.01
201778,0.03
201785,0.22
201804,0.1
201808,0.13
201813,0.28
201815,0.06
201820,0.06
201825,0.03
201830,0.02
201838,0.02
201839,0.12
201845,0.08
201849,0.0
201850,0.07
201853,0.01
201856,0.04
201873,0.09
201875,0.12
201906,0.08
201907,0.04
201908,0.01
201909,0.02
201911,0.06
201927,0.08
201928,0.16
201937,0.08
201943,0.06
201946,0.06
201948,0.05
201949,0.2
201955,0.01
201962,0.04
201977,0.04
201996,0.03
201997,0.17
202004,0.12
202005,0.02
202006,0.06
202010,0.0
202020,0.05
202029,0.35
202033,0.04
202034,0.04
202040,0.16
202045,0.01
202048,0.06
202055,0.08
202058,0.02
202062,0.08
202073,0.12
202078,0.13
202079,0.19
202080,0.05
202085,0.24
202090,0.1
202092,0.22
202114,0.03
202124,0.0
202133,0.16
202136,0.14
202150,0.01
202156,0.05
202159,0.05
202165,0.06
202167,0.09
202168,0.05
202169,0.17
202170,0.19
202204,0.04
202209,0.01
202216,0.13
202220,0.06
202228,0.03
202229,0.03
202231,0.13
202232,0.05
202234,0.16
202252,0.11
202253,0.03
202272,0.08
202273,0.14
202292,0.03
202300,0.06
202302,0.11
202311,0.05
202316,0.04
202318,0.12
202324,0.07
202343,0.06
202344,0.04
202349,0.0
202351,0.28
202355,0.02
202379,0.17
202407,0.01
202409,0.13
202410,0.01
202422,0.05
202423,0.25
202435,0.11
202437,0.09
202438,0.16
202439,0.18
202441,0.15
202444,0.05
202446,0.2
202450,0.07
202455,0.07
202457,0.01
202461,0.14
202463,0.14
202473,0.03
202478,0.03
202484,0.27
202490,0.03
202491,0.03
202492,0.28
202497,0.18
202508,0.15
202509,0.12
202510,0.01
202511,0.04
202514,0.02
202524,0.06
202527,0.07
202547,0.06
202554,0.07
202557,0.15
202568,0.17
202573,0.08
202587,0.09
202599,0.03
202610,0.11
202613,0.05
202618,0.13
202621,0.01
202645,0.04
202646,0.01
202649,0.04
202653,0.09
202655,0.04
202656,0.09
202659,0.08
202661,0.11
202681,0.09
202688,0.08
202691,0.0
202692,0.01
202697,0.43
202698,0.04
202717,0.03
202720,0.12
202724,0.19
202725,0.31
202734,0.18
202740,0.01
202743,0.07
202746,0.03
202760,0.01
202761,0.01
202765,0.08
202769,0.13
202785,0.01
202793,0.07
202796,0.11
202805,0.03
202816,0.02
202823,0.26
202825,0.1
202829,0.02
202830,0.15
202848,0.15
202861,0.03
202862,0.19
202863,0.1
202879,0.24
202889,0.02
202894,0.2
202895,0.02
202897,0.0
202899,0.0
202900,0.07
202907,0.09
202927,0.18
202945,0.11
202951,0.1
202955,0.01
202960,0.02
202967,0.04
202972,0.02
202982,0.1
202993,0.02
202996,0.05
202998,0.01
203008,0.07
203026,0.27
203038,0.17
203044,0.05
203054,0.06
203070,0.09
203075,0.22
203082,0.05
203089,0.03
203090,0.07
203098,0.14
203108,0.15
203109,0.08
203113,0.07
203123,0.0
203124,0.0
203128,0.09
203129,0.22
203131,0.14
203142,0.08
203154,0.11
203175,0.03
203176,0.07
203183,0.1
203185,0.03
203195,0.12
203201,0.13
203205,0.08
203218,0.09
203241,0.03
203244,0.08
203245,0.07
203253,0.43
203259,0.03
203264,0.18
203276,0.06
203283,0.04
203286,0.02
203288,0.09
203290,0.11
203298,0.13
203300,0.03
203312,0.1
203318,0.05
203331,0.13
203337,0.02
203339,0.01
203344,0.01
203348,0.07
203349,0.04
203350,0.08
203358,0.18
203366,0.11
203371,0.14
203377,0.05
203399,0.07
203402,0.07
203407,0.39
203410,0.02
203421,0.16
203428,0.03
203431,0.14
203433,0.25
203459,0.07
203460,0.15
203462,0.07
203470,0.0
203475,0.15
203476,0.05
203496,0.24
203518,0.05
203547,0.02
203549,0.06
203550,0.01
203552,0.03
203561,0.07
203564,0.16
203567,0.07
203575,0.17
203590,0.07
203591,0.01
203605,0.23
203606,0.0
203640,0.07
203643,0.25
203647,0.1
203648,0.04
203669,0.05
203671,0.03
203692,0.09
203695,0.05
203706,0.0
203713,0.1
203730,0.11
203736,0.05
203745,0.22
203751,0.07
203753,0.01
203755,0.02
203762,0.14
203769,0.18
203774,0.05
203796,0.16
203799,0.01
203806,0.06
203807,0.1
203810,0.04
203816,0.1
203821,0.28
203822,0.07
203850,0.21
203854,0.02
203862,0.17
203868,0.07
203869,0.07
203870,0.03
203876,0.15
203878,0.1
203889,0.06
203897,0.02
203905,0.12
203914,0.07
203915,0.18
203950,0.03
203956,0.0
203957,0.07
203973,0.07
203975,0.04
203980,0.07
203997,0.09
204001,0.19
204008,0.13
204017,0.11
204020,0.08
204021,0.05
204026,0.02
204027,0.06
204043,0.03
204047,0.09
204055,0.02
204059,0.06
204060,0.09
204061,0.05
204073,0.09
204076,0.13
204086,0.09
204088,0.11
204102,0.09
204116,0.07
204117,0.05
204121,0.17
204129,0.06
204139,0.29
204148,0.0
204149,0.04
204175,0.01
204181,0.23
204183,0.03
204187,0.09
204193,0.21
204194,0.08
204195,0.0
204196,0.13
204202,0.09
204206,0.0
204207,0.11
204214,0.04
204222,0.01
204226,0.07
204227,0.12
204228,0.02
204231,0.06
204232,0.13
204235,0.26
204237,0.04
204239,0.1
204242,0.01
204254,0.03
204255,0.06
204259,0.1
204268,0.07
204280,0.0
204282,0.14
204307,0.0
204314,0.13
204318,0.03
204321,0.03
204330,0.01
204335,0.08
204339,0.18
204344,0.02
204350,0.08
204371,0.02
204372,0.04
204374,0.11
204383,0.09
204392,0.2
204403,0.01
204409,0.04
204416,0.09
204417,0.02
204437,0.15
204440,0.06
204445,0.03
204446,0.06
204449,0.18
204468,0.05
204504,0.06
204506,0.02
204536,0.01
204539,0.15
204601,0.03
204614,0.02
204616,0.26
204618,0.08
204623,0.09
204630,0.11
204636,0.02
204639,0.06
204642,0.07
204644,0.02
204648,0.07
204662,0.03
204673,0.09
204674,0.26
204681,0.04
204682,0.04
204683,0.09
204689,0.25
204690,0.12
204707,0.11
204728,0.15
204736,0.25
204740,0.07
204749,0.18
204756,0.09
204771,0.02
204778,0.03
204808,0.03
204822,0.18
204827,0.24
204831,0.07
204836,0.01
204837,0.02
204843,0.1
204846,0.06
204847,0.02
204850,0.17
204852,0.07
204854,0.08
204856,0.15
204857,0.11
204863,0.25
204870,0.02
204885,0.02
204895,0.04
204905,0.06
204911,0.09
204927,0.04
204929,0.08
204941,0.06
204959,0.1
204962,0.13
204965,0.28
204970,0.19
204971,0.03
204972,0.28
205000,0.06
205011,0.01
205013,0.02
205014,0.4
205019,0.06
205043,0.08
205045,0.14
205054,0.0
205066,0.05
205069,0.1
205070,0.06
205071,0.08
205073,0.05
205077,0.06
205078,0.02
205088,0.07
205104,0.11
205107,0.03
205117,0.08
205118,0.05
205128,0.2
205134,0.01
205140,0.03
205141,0.18
205142,0.0
205153,0.36
205158,0.07
205169,0.05
205170,0.12
205183,0.0
205184,0.07
205197,0.04
205199,0.05
205204,0.02
205208,0.04
205209,0.07
205210,0.1
205216,0.06
205219,0.17
205222,0.07
205225,0.0
205235,0.12
205236,0.05
205241,0.05
205244,0.08
205251,0.29
205252,0.06
205258,0.02
205262,0.05
205264,0.07
205274,0.12
205277,0.2
205281,0.03
205306,0.04
205307,0.13
205323,0.03
205336,0.23
205337,0.16
205360,0.1
205363,0.04
205365,0.05
205367,0.09
205368,0.02
205375,0.08
205403,0.07
205411,0.05
205415,0.02
205429,0.04
205434,0.15
205445,0.06
205463,0.03
205471,0.05
205472,0.08
205479,0.11
205480,0.08
205493,0.19
205503,0.09
205508,0.1
205524,0.07
205525,0.03
205526,0.03
205533,0.0
205542,0.02
205545,0.09
205552,0.03
205561,0.07
205563,0.05
205564,0.17
205565,0.06
205566,0.08
205569,0.12
205579,0.07
205585,0.17
205587,0.02
205588,0.06
205591,0.03
205594,0.23
205600,0.03
205608,0.02
205613,0.05
205618,0.09
205619,0.01
205623,0.0
205627,0.44
205628,0.19
205635,0.03
205638,0.04
205640,0.11
205641,0.24
205642,0.5
205643,0.11
205646,0.15
205655,0.17
205672,0.06
205678,0.07
205681,0.02
205682,0.02
205690,0.04
205693,0.02
205695,0.09
205724,0.06
205738,0.03
205741,0.19
205744,0.07
205750,0.06
205751,0.13
205752,0.05
205766,0.06
205773,0.11
205775,0.02
205776,0.03
205789,0.2
205793,0.06
205797,0.0
205798,0.04
205802,0.02
205806,0.06
205807,0.1
205815,0.22
205819,0.09
205821,0.13
205822,0.12
205831,0.01
205832,0.14
205836,0.07
205843,0.09
205862,0.1
205863,0.06
205866,0.24
205873,0.05
205877,0.05
205879,0.03
205880,0.04
205886,0.18
205898,0.1
205903,0.05
205907,0.09
205908,0.1
205909,0.03
205930,0.0
205931,0.04
205932,0.02
205951,0.06
205957,0.31
205960,0.03
205987,0.05
205994,0.16
205995,0.06
206006,0.08
206007,0.08
206013,0.06
206020,0.1
206030,0.03
206035,0.02
206038,0.01
206039,0.06
206061,0.0
206066,0.11
206068,0.09
206071,0.17
206076,0.26
206077,0.08
206091,0.03
206097,0.11
206101,0.05
206145,0.14
206147,0.0
206163,0.07
206171,0.07
206173,0.11
206174,0.14
206197,0.06
206198,0.05
206209,0.13
206211,0.07
206213,0.04
206246,0.2
206252,0.13
206253,0.18
206254,0.07
206257,0.09
206270,0.05
206283,0.01
206290,0.06
206291,0.07
206292,0.32
206307,0.13
206315,0.01
206319,0.25
206324,0.12
206326,0.25
206338,0.11
206339,0.01
206354,0.03
206359,0.03
206374,0.12
206377,0.01
206395,0.21
206403,0.03
206410,0.16
206413,0.04
206414,0.03
206418,0.04
206424,0.02
206427,0.05
206428,0.08
206429,0.03
206430,0.08
206447,0.01
206451,0.11
206465,0.15
206477,0.14
206484,0.16
206497,0.01
206517,0.01
206533,0.08
206542,0.19
206557,0.03
206563,0.03
206564,0.21
206565,0.03
206582,0.05
206593,0.1
206605,0.44
206606,0.09
206621,0.03
206639,0.09
206640,0.07
206641,0.01
206645,0.09
206656,0.05
206666,0.1
206679,0.12
206681,0.06
206684,0.02
206686,0.02
206687,0.04
206697,0.07
206700,0.03
206702,0.09
206703,0.04
206708,0.1
206710,0.03
206721,0.14
206723,0.15
206735,0.1
206739,0.14
206742,0.02
206744,0.02
206747,0.13
206752,0.04
206774,0.09
206776,0.17
206792,0.17
206799,0.23
206805,0.04
206806,0.26
206809,0.09
206812,0.15
206814,0.0
206830,0.04
206831,0.04
206878,0.19
206905,0.04
206908,0.17
206910,0.04
206917,0.01
206920,0.14
206927,0.06
206933,0.06
206945,0.0
206968,0.01
206987,0.04
206989,0.05
207017,0.16
207027,0.09
207029,0.06
207030,0.12
207035,0.04
207040,0.09
207043,0.15
207054,0.04
207055,0.05
207059,0.0
207060,0.01
207062,0.03
207071,0.1
207073,0.48
207079,0.05
207100,0.13
207107,0.07
207129,0.14
207132,0.13
207139,0.12
207148,0.15
207153,0.02
207163,0.35
207164,0.1
207168,0.05
207171,0.01
207173,0.21
207174,0.0
207181,0.02
207182,0.0
207198,0.06
207201,0.01
207213,0.17
207234,0.05
207238,0.2
207256,0.14
207257,0.07
207264,0.23
207268,0.35
207275,0.19
207291,0.03
207296,0.04
207304,0.06
207308,0.04
207314,0.0
207324,0.13
207332,0.04
207333,0.16
207339,0.13
207349,0.07
207351,0.03
207359,0.14
207361,0.0
207365,0.1
207369,0.01
207372,0.15
207377,0.05
207380,0.02
207394,0.04
207412,0.11
207423,0.03
207426,0.01
207427,0.33
207428,0.03
207430,0.38
207437,0.14
207440,0.03
207455,0.0
207456,0.06
207471,0.16
207476,0.04
207483,0.08
207497,0.17
207506,0.04
207515,0.16
207529,0.12
207533,0.01
207534,0.05
207541,0.21
207560,0.01
207561,0.11
207570,0.01
207600,0.04
207630,0.3
207633,0.13
207634,0.03
207635,0.04
207660,0.02
207682,0.03
207684,0.03
207687,0.09
207706,0.12
207708,0.1
207713,0.07
207714,0.03
207718,0.03
207721,0.07
207724,0.02
207727,0.03
207731,0.02
207732,0.06
207734,0.03
207739,0.12
207744,0.08
207787,0.28
207792,0.05
207801,0.07
207811,0.07
207817,0.13
207818,0.08
207819,0.07
207830,0.06
207834,0.11
207841,0.52
207844,0.09
207849,0.09
207856,0.07
207865,0.1
207867,0.1
207873,0.14
207882,0.15
207887,0.01
207888,0.04
207889,0.01
207907,0.01
207921,0.17
207922,0.04
207928,0.06
207930,0.28
207940,0.02
207941,0.08
207956,0.01
207960,0.11
207961,0.11
207968,0.03
207971,0.02
207972,0.13
207975,0.04
207976,0.12
207979,0.31
207997,0.16
207999,0.3
208008,0.27
208027,0.16
208030,0.03
208033,0.13
208035,0.04
208040,0.04
208052,0.09
208067,0.0
208090,0.05
208100,0.05
208102,0.04
208110,0.05
208117,0.03
208119,0.11
208123,0.14
208127,0.42
208136,0.01
208139,0.03
208140,0.02
208144,0.09
208149,0.05
208156,0.15
208166,0.14
208168,0.14
208170,0.22
208172,0.18
208178,0.28
208193,0.05
208195,0.03
208211,0.22
208213,0.15
208229,0.04
208231,0.23
208235,0.05
208238,0.05
208240,0.18
208249,0.02
208262,0.08
208263,0.14
208270,0.06
208288,0.06
208292,0.17
208302,0.05
208303,0.04
208312,0.01
208317,0.01
208322,0.08
208331,0.18
208336,0.07
208337,0.08
208339,0.09
208346,0.17
208353,0.05
208358,0.0
208359,0.05
208360,0.04
208370,0.05
208373,0.02
208390,0.05
208391,0.11
208394,0.08
208396,0.02
208397,0.02
208398,0.03
208400,0.15
208410,0.05
208420,0.14
208421,0.13
208431,0.11
208450,0.08
208451,0.24
208455,0.14
208478,0.07
208479,0.05
208482,0.15
208502,0.11
208516,0.05
208518,0.03
208534,0.14
208550,0.01
208551,0.06
208566,0.08
208567,0.07
208575,0.07
208576,0.02
208588,0.08
208590,0.04
208595,0.0
208619,0.12
208620,0.11
208627,0.16
208629,0.06
208642,0.1
208645,0.08
208661,0.11
208662,0.02
208679,0.24
208681,0.03
208689,0.18
208696,0.06
208701,0.08
208707,0.19
208719,0.0
208720,0.14
208730,0.05
208748,0.01
208753,0.16
208755,0.1
208769,0.07
208775,0.05
208785,0.0
208796,0.04
208806,0.05
208815,0.08
208830,0.09
208833,0.0
208837,0.05
208842,0.03
208860,0.0
208874,0.02
208886,0.12
208897,0.04
208898,0.16
208905,0.09
208907,0.0
208924,0.11
208925,0.06
208933,0.03
208941,0.07
208948,0.01
208960,0.04
208962,0.15
208963,0.01
208965,0.06
208973,0.01
208974,0.04
208986,0.07
208992,0.08
208995,0.12
209001,0.04
209006,0.04
209012,0.02
209022,0.09
209055,0.45
209056,0.13
209057,0.04
209060,0.13
209067,0.01
209071,0.05
209078,0.03
209080,0.01
209094,0.04
209097,0.04
209098,0.17
209101,0.05
209108,0.01
209109,0.09
209111,0.03
209116,0.27
209117,0.34
209121,0.06
209126,0.0
209127,0.05
209141,0.11
209142,0.08
209159,0.06
209164,0.31
209168,0.43
209177,0.04
209197,0.12
209202,0.17
209209,0.04
209211,0.02
209233,0.13
209234,0.08
209253,0.13
209260,0.07
209263,0.12
209268,0.05
209275,0.11
209288,0.13
209298,0.25
209305,0.04
209326,0.28
209340,0.11
209352,0.14
209362,0.05
209367,0.2
209369,0.04
209377,0.07
209387,0.05
209392,0.08
209393,0.04
209420,0.04
209423,0.11
209457,0.1
209458,0.13
209470,0.18
209479,0.15
209483,0.38
209488,0.32
209489,0.06
209497,0.0
209504,0.05
209510,0.09
209513,0.05
209547,0.01
209549,0.07
209556,0.07
209561,0.17
209565,0.17
209591,0.13
209595,0.09
209596,0.16
209608,0.11
209628,0.09
209643,0.12
209645,0.15
209651,0.04
209659,0.05
209660,0.14
209661,0.18
209665,0.12
209682,0.04
209687,0.22
209689,0.08
209699,0.04
209705,0.16
209707,0.02
209713,0.08
209717,0.03
209718,0.07
209723,0.11
209727,0.05
209729,0.0
209739,0.11
209741,0.2
209744,0.19
209748,0.17
209749,0.13
209758,0.01
209761,0.0
209764,0.11
209772,0.05
209773,0.05
209794,0.03
209795,0.13
209814,0.05
209828,0.21
209838,0.03
209839,0.3
209845,0.15
209855,0.02
209862,0.04
209869,0.08
209872,0.08
209879,0.14
209881,0.09
209882,0.25
209893,0.15
209913,0.0
209918,0.08
209920,0.14
209921,0.04
209929,0.09
209943,0.17
209957,0.0
209960,0.16
209962,0.12
209969,0.05
209980,0.05
209986,0.04
209989,0.08
209990,0.03
209991,0.02
210007,0.0
210016,0.05
210018,0.0
210019,0.08
210020,0.04
210036,0.09
210050,0.07
210080,0.09
210084,0.02
210089,0.26
210104,0.03
210129,0.04
210135,0.01
210137,0.14
210140,0.13
210145,0.01
210146,0.11
210147,0.02
210152,0.01
210157,0.06
210158,0.17
210164,0.16
210170,0.04
210171,0.01
210173,0.26
210174,0.16
210176,0.03
210190,0.02
210191,0.07
210195,0.17
210196,0.05
210201,0.0
210211,0.13
210231,0.02
210239,0.08
210241,0.06
210242,0.04
210255,0.05
210278,0.21
210283,0.0
210284,0.04
210304,0.0
210307,0.02
210330,0.07
210332,0.13
210350,0.29
210379,0.04
210385,0.08
210401,0.05
210405,0.1
210413,0.32
210414,0.14
210415,0.11
210419,0.03
210429,0.07
210467,0.29
210481,0.1
210482,0.03
210492,0.03
210502,0.18
210523,0.0
210525,0.2
210529,0.17
210538,0.03
210543,0.09
210549,0.12
210551,0.11
210555,0.15
210558,0.11
210591,0.05
210597,0.33
210599,0.03
210610,0.04
210616,0.03
210618,0.01
210622,0.32
210639,0.03
210645,0.02
210650,0.0
210672,0.0
210676,0.1
210683,0.14
210697,0.28
210701,0.09
210706,0.08
210712,0.07
210717,0.08
210728,0.09
210729,0.03
210730,0.14
210731,0.01
210733,0.1
210735,0.11
210742,0.05
210748,0.0
210749,0.2
210758,0.05
210767,0.14
210769,0.05
210777,0.11
210789,0.04
210791,0.05
210794,0.01
210811,0.02
210814,0.03
210821,0.17
210833,0.12
210835,0.06
210859,0.02
210862,0.05
210870,0.08
210886,0.0
210893,0.02
210901,0.08
210906,0.28
210913,0.13
210953,0.03
210961,0.08
210962,0.19
210966,0.02
210983,0.14
211000,0.11
211025,0.11
211036,0.02
211043,0.06
211062,0.25
211076,0.02
211085,0.08
211096,0.05
211097,0.22
211098,0.17
211103,0.12
211108,0.14
211131,0.15
211135,0.18
211139,0.02
211146,0.08
211150,0.01
211158,0.06
211170,0.18
211177,0.07
211183,0.07
211187,0.01
211191,0.01
211194,0.12
211196,0.17
211203,0.03
211209,0.27
211210,0.09
211211,0.09
211232,0.04
211244,0.08
211263,0.12
211264,0.1
211270,0.11
211278,0.02
211292,0.04
211293,0.11
211295,0.06
211296,0.08
211308,0.21
211310,0.02
211312,0.27
211325,0.08
211326,0.06
211330,0.06
211333,0.06
211341,0.01
211342,0.08
211350,0.06
211355,0.18
211357,0.09
211358,0.07
211362,0.04
211377,0.02
211378,0.19
211379,0.13
211384,0.04
211395,0.23
211398,0.07
211399,0.06
211417,0.02
211419,0.16
211420,0.05
211439,0.1
211442,0.03
211451,0.0
211457,0.03
211469,0.03
211483,0.05
211505,0.1
211508,0.01
211509,0.08
211510,0.12
211526,0.08
211547,0.11
211548,0.19
211550,0.06
211551,0.11
211553,0.2
211562,0.06
211563,0.02
211564,0.16
211565,0.08
211571,0.24
211572,0.29
211577,0.08
211580,0.08
211609,0.09
211625,0.05
211635,0.23
211646,0.07
211660,0.08
211670,0.06
211672,0.02
211688,0.01
211694,0.03
211696,0.02
211711,0.21
211718,0.05
211732,0.03
211735,0.02
211736,0.06
211740,0.13
211741,0.02
211746,0.04
211751,0.23
211754,0.16
211770,0.05
211771,0.07
211787,0.43
211788,0.09
211802,0.0
211804,0.13
211810,0.03
211832,0.08
211839,0.04
211860,0.06
211863,0.2
211866,0.1
211869,0.12
211872,0.01
211894,0.08
211901,0.03
211902,0.15
211903,0.2
211946,0.06
211950,0.07
211959,0.03
211964,0.13
211965,0.13
211979,0.07
211983,0.16
211986,0.04
211987,0.02
211988,0.13
211999,0.02
212002,0.05
212004,0.08
212009,0.02
212015,0.1
212023,0.06
212048,0.05
212055,0.03
212067,0.02
212079,0.03
212080,0.01
212083,0.02
212085,0.06
212088,0.08
212089,0.01
212092,0.04
212097,0.06
212124,0.03
212132,0.04
212136,0.05
212144,0.09
212145,0.13
212167,0.05
212174,0.27
212175,0.08
212187,0.32
212191,0.02
212194,0.12
212238,0.1
212242,0.07
212245,0.07
212258,0.01
212262,0.03
212277,0.01
212283,0.04
212287,0.03
212288,0.03
212289,0.01
212293,0.14
212296,0.19
212300,0.22
212303,0.06
212326,0.03
212327,0.13
212328,0.01
212329,0.0
212339,0.06
212340,0.01
212343,0.0
212360,0.1
212389,0.11
212401,0.1
212407,0.02
212409,0.07
212422,0.02
212424,0.11
212440,0.02
212441,0.17
212443,0.04
212448,0.01
212472,0.12
212478,0.05
212481,0.02
212493,0.13
212508,0.04
212511,0.03
212525,0.05
212531,0.03
212533,0.04
212555,0.07
212592,0.12
212610,0.03
212621,0.12
212629,0.02
212635,0.05
212636,0.0
212637,0.05
212643,0.02
212648,0.05
212654,0.26
212655,0.11
212660,0.09
212661,0.12
212664,0.09
212669,0.0
212670,0.02
212674,0.11
212676,0.2
212690,0.04
212691,0.02
212696,0.01
212710,0.06
212712,0.0
212716,0.07
212718,0.15
212720,0.06
212723,0.03
212730,0.01
212740,0.0
212747,0.07
212763,0.07
212773,0.02
212775,0.0
212776,0.02
212777,0.09
212781,0.09
212782,0.27
212785,0.02
212786,0.05
212795,0.01
212800,0.16
212818,0.17
212834,0.09
212837,0.19
212841,0.02
212842,0.02
212847,0.18
212848,0.01
212851,0.02
212865,0.0
212866,0.02
212874,0.14
212880,0.03
212894,0.09
212897,0.02
212912,0.01
212913,0.01
212916,0.1
212917,0.0
212933,0.11
212935,0.07
212936,0.08
212950,0.17
212957,0.08
212958,0.14
212961,0.11
212962,0.05
212963,0.16
212964,0.22
212968,0.11
212969,0.02
212976,0.01
212978,0.02
212983,0.15
212993,0.22
213004,0.03
213008,0.0
213014,0.02
213018,0.13
213021,0.03
213024,0.08
213045,0.07
213054,0.07
213059,0.24
213076,0.05
213095,0.03
213096,0.06
213100,0.02
213101,0.02
213109,0.16
213111,0.02
213116,0.03
213133,0.22
213140,0.05
213141,0.09
213143,0.21
213150,0.07
213152,0.04
213158,0.08
213159,0.0
213166,0.03
213167,0.33
213170,0.27
213178,0.15
213179,0.04
213189,0.06
213196,0.07
213201,0.01
213203,0.1
213204,0.1
213205,0.04
213206,0.03
213207,0.21
213208,0.05
213212,0.06
213214,0.07
213220,0.03
213240,0.01
213244,0.06
213263,0.33
213264,0.17
213265,0.01
213270,0.06
213283,0.07
213287,0.03
213292,0.12
213295,0.1
213299,0.17
213303,0.08
213307,0.04
213308,0.04
213312,0.17
213313,0.06
213316,0.02
213317,0.18
213338,0.05
213357,0.08
213368,0.15
213374,0.08
213375,0.04
213386,0.14
213390,0.03
213393,0.05
213401,0.04
213423,0.08
213430,0.08
213431,0.16
213447,0.01
213465,0.11
213468,0.1
213473,0.14
213475,0.16
213476,0.08
213482,0.01
213493,0.04
213531,0.11
213534,0.05
213542,0.04
213546,0.1
213569,0.03
213570,0.06
213588,0.05
213591,0.1
213595,0.03
213597,0.04
213598,0.09
213604,0.08
213622,0.04
213623,0.31
213633,0.01
213639,0.03
213641,0.03
213649,0.08
213671,0.01
213675,0.05
213679,0.08
213680,0.07
213684,0.08
213685,0.02
213689,0.04
213691,0.13
213693,0.03
213712,0.02
213717,0.01
213734,0.08
213739,0.37
213765,0.07
213775,0.02
213776,0.06
213804,0.12
213808,0.0
213818,0.23
213821,0.06
213829,0.07
213836,0.06
213838,0.08
213843,0.08
213854,0.11
213859,0.18
213862,0.41
213874,0.1
213878,0.23
213886,0.0
213888,0.11
213892,0.06
213910,0.09
213921,0.12
213926,0.05
213928,0.04
213935,0.03
213949,0.01
213957,0.04
213959,0.08
213967,0.04
213974,0.07
213975,0.06
213983,0.09
213984,0.02
213998,0.03
214004,0.02
214006,0.1
214008,0.05
214014,0.02
214015,0.01
214034,0.02
214059,0.03
214067,0.01
214077,0.1
214078,0.06
214079,0.05
214085,0.09
214088,0.22
214099,0.12
214138,0.03
214141,0.01
214152,0.16
214154,0.06
214155,0.06
214177,0.17
214188,0.01
214192,0.04
214207,0.02
214217,0.02
214219,0.21
214228,0.07
214229,0.18
214233,0.04
214236,0.23
214242,0.01
214249,0.01
214263,0.05
214264,0.04
214265,0.06
214268,0.07
214281,0.04
214282,0.04
214295,0.07
214311,0.02
214315,0.0
214325,0.03
214334,0.06
214336,0.0
214337,0.11
214342,0.32
214344,0.03
214349,0.04
214355,0.0
214356,0.11
214358,0.07
214363,0.1
214364,0.04
214371,0.11
214377,0.32
214379,0.07
214383,0.06
214406,0.05
214407,0.07
214411,0.14
214415,0.25
214418,0.24
214419,0.04
214421,0.02
214430,0.0
214436,0.03
214463,0.12
214472,0.13
214474,0.15
214476,0.18
214478,0.06
214481,0.08
214484,0.06
214488,0.03
214491,0.02
214505,0.09
214507,0.22
214510,0.02
214518,0.22
214523,0.26
214539,0.11
214542,0.06
214544,0.07
214553,0.05
214554,0.02
214561,0.08
214563,0.1
214566,0.07
214581,0.02
214587,0.02
214588,0.18
214589,0.17
214593,0.11
214620,0.1
214630,0.21
214643,0.04
214644,0.09
214647,0.11
214654,0.15
214657,0.11
214658,0.07
214662,0.1
214666,0.05
214680,0.08
214685,0.04
214693,0.01
214701,0.06
214705,0.01
214706,0.05
214719,0.05
214721,0.55
214724,0.0
214741,0.07
214769,0.05
214777,0.01
214780,0.05
214786,0.07
214789,0.23
214797,0.05
214804,0.07
214808,0.13
214810,0.13
214828,0.27
214830,0.03
214835,0.19
214844,0.05
214859,0.36
214861,0.13
214863,0.03
214887,0.03
214898,0.03
214906,0.13
214913,0.06
214915,0.27
214937,0.02
214944,0.07
214948,0.08
214970,0.11
214976,0.14
214999,0.17
215000,0.34
215016,0.03
215024,0.02
215029,0.13
215033,0.35
215037,0.3
215054,0.04
215057,0.13
215064,0.04
215074,0.09
215077,0.08
215082,0.14
215096,0.01
215101,0.13
215103,0.08
215109,0.09
215124,0.02
215142,0.19
215143,0.03
215145,0.01
215157,0.0
215159,0.01
215161,0.08
215166,0.04
215177,0.13
215186,0.04
215194,0.19
215196,0.08
215204,0.11
215211,0.11
215230,0.15
215241,0.02
215256,0.13
215257,0.11
215266,0.11
215267,0.02
215268,0.04
215278,0.1
215280,0.27
215318,0.24
215326,0.03
215331,0.12
215337,0.03
215344,0.1
215346,0.07
215348,0.08
215351,0.01
215358,0.15
215360,0.05
215367,0.03
215369,0.16
215383,0.03
215395,0.08
215407,0.01
215408,0.13
215412,0.02
215433,0.06
215454,0.12
215463,0.09
215488,0.01
215508,0.16
215512,0.06
215516,0.12
215525,0.31
215531,0.12
215534,0.27
215537,0.03
215539,0.08
215548,0.04
215554,0.03
215556,0.02
215559,0.38
215560,0.03
215563,0.02
215564,0.06
215569,0.06
215574,0.49
215586,0.07
215594,0.11
215608,0.11
215614,0.02
215623,0.15
215628,0.08
215637,0.2
215638,0.19
215649,0.01
215651,0.02
215653,0.14
215678,0.01
215708,0.04
215711,0.12
215733,0.08
215739,0.02
215742,0.03
215756,0.03
215772,0.1
215775,0.14
215791,0.08
215796,0.11
215803,0.06
215805,0.02
215807,0.02
215829,0.0
215855,0.02
215856,0.19
215860,0.09
215861,0.0
215877,0.02
215883,0.01
215889,0.1
215897,0.07
215898,0.01
215901,0.05
215908,0.09
215910,0.44
215911,0.01
215923,0.01
215928,0.06
215934,0.22
215936,0.08
215947,0.0
215951,0.02
215958,0.0
215959,0.03
215963,0.04
215968,0.14
215972,0.13
215976,0.08
215978,0.07
215981,0.04
215999,0.02
216001,0.34
216012,0.03
216020,0.19
216035,0.03
216038,0.26
216041,0.14
216049,0.08
216065,0.06
216096,0.17
216110,0.02
216115,0.08
216121,0.17
216122,0.25
216129,0.06
216131,0.22
216138,0.03
216142,0.04
216143,0.06
216150,0.1
216180,0.14
216184,0.13
216189,0.13
216190,0.22
216197,0.07
216218,0.25
216219,0.04
216221,0.14
216231,0.02
216240,0.11
216272,0.05
216281,0.16
216284,0.01
216290,0.08
216297,0.09
216305,0.04
216306,0.12
216317,0.11
216333,0.02
216338,0.08
216339,0.13
216346,0.09
216349,0.2
216350,0.25
216351,0.0
216353,0.1
216355,0.02
216364,0.25
216387,0.09
216392,0.06
216393,0.12
216399,0.04
216416,0.04
216433,0.02
216435,0.04
216442,0.23
216458,0.12
216461,0.33
216468,0.2
216469,0.03
216471,0.03
216473,0.13
216475,0.03
216496,0.09
216510,0.17
216511,0.11
216515,0.03
216516,0.1
216521,0.0
216532,0.01
216548,0.02
216551,0.12
216560,0.09
216562,0.15
216563,0.03
216565,0.04
216582,0.03
216587,0.08
216589,0.02
216597,0.03
216606,0.07
216607,0.07
216608,0.3
216621,0.03
216622,0.01
216627,0.05
216636,0.14
216647,0.04
216655,0.09
216659,0.1
216666,0.16
216676,0.06
216677,0.07
216679,0.1
216681,0.1
216686,0.02
216687,0.14
216694,0.08
216697,0.04
216714,0.03
216719,0.15
216720,0.06
216721,0.04
216723,0.1
216740,0.14
216746,0.13
216747,0.02
216751,0.09
216758,0.13
216768,0.05
216778,0.07
216786,0.1
216801,0.09
216802,0.33
216807,0.0
216808,0.07
216810,0.1
216818,0.0
216823,0.08
216826,0.1
216827,0.0
216828,0.12
216840,0.4
216844,0.06
216845,0.05
216851,0.17
216857,0.04
216858,0.04
216862,0.05
216874,0.08
216880,0.08
216900,0.03
216902,0.06
216903,0.06
216904,0.12
216931,0.05
216936,0.09
216938,0.12
216952,0.15
216954,0.02
216955,0.09
216961,0.03
216981,0.09
216985,0.01
216992,0.08
216995,0.02
216997,0.02
216998,0.02
216999,0.02
217022,0.29
217034,0.02
217038,0.0
217050,0.06
217055,0.04
217064,0.14
217071,0.0
217078,0.1
217083,0.22
217084,0.01
217086,0.16
217096,0.11
217101,0.21
217109,0.07
217118,0.04
217121,0.3
217125,0.18
217130,0.18
217136,0.07
217137,0.05
217143,0.03
217148,0.12
217155,0.03
217162,0.03
217172,0.05
217174,0.03
217175,0.17
217177,0.02
217178,0.22
217192,0.05
217220,0.08
217221,0.02
217223,0.01
217232,0.13
217243,0.06
217248,0.13
217250,0.07
217271,0.15
217283,0.03
217297,0.26
217323,0.15
217326,0.04
217334,0.11
217338,0.02
217341,0.26
217342,0.11
217355,0.02
217362,0.04
217366,0.12
217367,0.1
217371,0.09
217383,0.1
217401,0.11
217404,0.05
217419,0.08
217422,0.29
217423,0.04
217427,0.1
217429,0.03
217430,0.0
217441,0.06
217444,0.0
217465,0.11
217471,0.0
217488,0.04
217493,0.04
217509,0.19
217510,0.05
217511,0.25
217519,0.08
217522,0.21
217562,0.03
217574,0.06
217577,0.05
217579,0.11
217596,0.08
217602,0.04
217612,0.08
217632,0.04
217635,0.04
217636,0.13
217638,0.07
217639,0.06
217651,0.12
217652,0.03
217663,0.13
217669,0.06
217686,0.23
217699,0.02
217700,0.06
217703,0.1
217706,0.06
217714,0.09
217732,0.02
217736,0.12
217749,0.35
217763,0.01
217770,0.05
217771,0.0
217772,0.05
217776,0.04
217777,0.08
217778,0.2
217782,0.05
217790,0.15
217792,0.03
217793,0.06
217795,0.33
217796,0.02
217800,0.03
217804,0.01
217807,0.04
217846,0.09
217847,0.16
217853,0.06
217856,0.11
217864,0.03
217867,0.03
217868,0.15
217885,0.07
217887,0.03
217889,0.1
217900,0.07
217903,0.03
217905,0.25
217909,0.04
217913,0.06
217944,0.07
217946,0.12
217954,0.09
217956,0.12
217957,0.02
217961,0.46
217962,0.03
217976,0.08
217980,0.11
217981,0.02
218006,0.0
218009,0.1
218032,0.2
218049,0.0
218053,0.03
218078,0.08
218080,0.27
218081,0.02
218094,0.1
218098,0.09
218099,0.28
218100,0.09
218113,0.1
218117,0.18
218118,0.06
218119,0.11
218125,0.01
218133,0.09
218153,0.3
218165,0.04
218166,0.02
218177,0.05
218178,0.04
218202,0.14
218203,0.1
218207,0.14
218209,0.05
218236,0.06
218244,0.04
218247,0.07
218250,0.05
218266,0.06
218275,0.15
218276,0.11
218287,0.13
218292,0.03
218298,0.13
218300,0.0
218320,0.09
218321,0.25
218333,0.01
218347,0.19
218353,0.05
218366,0.04
218368,0.05
218369,0.02
218372,0.11
218376,0.08
218378,0.04
218403,0.06
218413,0.14
218418,0.06
218449,0.16
218450,0.14
218458,0.04
218464,0.08
218475,0.08
218476,0.08
218478,0.09
218515,0.05
218517,0.03
218518,0.09
218538,0.02
218539,0.3
218550,0.22
218551,0.0
218565,0.42
218580,0.01
218591,0.09
218598,0.01
218600,0.12
218602,0.14
218607,0.15
218651,0.01
218652,0.04
218656,0.27
218658,0.02
218669,0.13
218670,0.13
218671,0.01
218677,0.09
218680,0.1
218685,0.13
218686,0.22
218692,0.05
218693,0.08
218699,0.23
218709,0.0
218729,0.09
218734,0.03
218742,0.01
218743,0.03
218756,0.08
218772,0.14
218782,0.02
218786,0.11
218788,0.06
218796,0.08
218801,0.14
218812,0.07
218832,0.19
218834,0.07
218846,0.09
218847,0.27
218848,0.0
218853,0.13
218865,0.06
218870,0.0
218873,0.03
218884,0.02
218893,0.07
218898,0.0
218911,0.09
218933,0.14
218934,0.08
218939,0.05
218948,0.02
218957,0.21
218962,0.27
218973,0.08
218975,0.08
219000,0.04
219001,0.05
219006,0.09
219027,0.04
219036,0.03
219043,0.1
219047,0.06
219057,0.0
219059,0.28
219062,0.02
219074,0.01
219085,0.07
219087,0.12
219095,0.01
219114,0.01
219115,0.03
219119,0.05
219140,0.04
219147,0.09
219170,0.06
219171,0.12
219174,0.3
219177,0.03
219180,0.03
219195,0.05
219203,0.03
219207,0.09
219223,0.2
219229,0.18
219236,0.06
219238,0.2
219243,0.19
219245,0.0
219247,0.15
219273,0.27
219278,0.12
219279,0.12
219284,0.13
219319,0.01
219326,0.23
219336,0.08
219344,0.18
219359,0.1
219360,0.03
219364,0.09
219368,0.05
219376,0.08
219382,0.03
219388,0.04
219396,0.08
219398,0.14
219403,0.02
219405,0.1
219406,0.11
219410,0.18
219424,0.09
219446,0.05
219450,0.05
219451,0.12
219464,0.03
219465,0.02
219469,0.06
219472,0.16
219482,0.04
219506,0.03
219507,0.03
219516,0.1
219521,0.18
219564,0.3
219565,0.02
219568,0.02
219570,0.0
219578,0.05
219579,0.41
219588,0.04
219593,0.03
219594,0.03
219601,0.06
219608,0.04
219616,0.19
219620,0.06
219621,0.03
219628,0.0
219632,0.15
219637,0.08
219670,0.05
219688,0.04
219704,0.03
219717,0.04
219723,0.18
219741,0.13
219772,0.14
219774,0.02
219775,0.09
219778,0.08
219787,0.09
219788,0.13
219806,0.1
219811,0.04
219815,0.03
219817,0.06
219835,0.01
219845,0.04
219848,0.01
219864,0.03
219866,0.1
219868,0.17
219870,0.03
219886,0.07
219908,0.07
219910,0.09
219914,0.11
219925,0.29
219935,0.29
219940,0.23
219959,0.14
219962,0.1
219975,0.02
219981,0.09
219998,0.01
219999,0.1
220006,0.03
220010,0.17
220012,0.03
220014,0.01
220018,0.05
220019,0.08
220021,0.03
220058,0.01
220060,0.15
220061,0.04
220063,0.04
220066,0.08
220070,0.07
220071,0.16
220082,0.01
220094,0.1
220107,0.0
220114,0.05
220120,0.03
220126,0.16
220143,0.02
220147,0.06
220157,0.1
220160,0.05
220169,0.01
220177,0.03
220181,0.02
220186,0.04
220189,0.07
220206,0.32
220221,0.04
220227,0.03
220228,0.12
220248,0.12
220277,0.19
220304,0.3
220311,0.12
220315,0.06
220316,0.02
220323,0.02
220325,0.03
220358,0.03
220363,0.06
220369,0.06
220370,0.03
220380,0.11
220386,0.27
220387,0.09
220393,0.04
220394,0.13
220412,0.2
220415,0.08
220416,0.35
220417,0.07
220418,0.02
220422,0.03
220431,0.12
220439,0.28
220456,0.03
220458,0.02
220468,0.04
220474,0.03
220479,0.03
220494,0.0
220501,0.25
220503,0.05
220511,0.0
220514,0.1
220516,0.24
220521,0.1
220530,0.07
220562,0.05
220565,0.0
220582,0.1
220594,0.07
220600,0.22
220614,0.12
220621,0.1
220624,0.23
220629,0.02
220632,0.06
220639,0.02
220655,0.03
220664,0.03
220670,0.02
220686,0.0
220699,0.05
220714,0.07
220729,0.11
220732,0.28
220733,0.02
220735,0.02
220740,0.07
220741,0.03
220747,0.15
220748,0.04
220749,0.05
220755,0.04
220764,0.07
220767,0.12
220772,0.02
220779,0.13
220781,0.08
220790,0.03
220806,0.04
220811,0.04
220816,0.11
220822,0.0
220827,0.13
220828,0.04
220829,0.07
220832,0.0
220833,0.1
220841,0.11
220842,0.12
220856,0.13
220874,0.15
220881,0.07
220882,0.07
220887,0.01
220893,0.01
220909,0.04
220916,0.06
220917,0.31
220918,0.01
220924,0.03
220931,0.13
220932,0.11
220949,0.06
220950,0.14
220956,0.09
220972,0.02
220994,0.07
221004,0.22
221008,0.26
221011,0.09
221030,0.03
221032,0.02
221035,0.0
221058,0.15
221059,0.09
221075,0.09
221079,0.04
221080,0.04
221107,0.02
221116,0.24
221129,0.11
221148,0.03
221158,0.05
221165,0.06
221169,0.08
221171,0.02
221198,0.23
221202,0.18
221205,0.14
221223,0.08
221227,0.08
221228,0.05
221234,0.05
221242,0.06
221252,0.23
221256,0.1
221260,0.09
221261,0.13
221264,0.02
221267,0.07
221272,0.08
221284,0.1
221292,0.19
221311,0.09
221322,0.06
221327,0.02
221339,0.04
221371,0.05
221372,0.04
221404,0.08
221411,0.05
221438,0.13
221451,0.08
221465,0.1
221477,0.12
221483,0.05
221493,0.12
221495,0.04
221498,0.17
221500,0.12
221506,0.06
221513,0.07
221523,0.07
221528,0.03
221529,0.1
221530,0.13
221531,0.03
221549,0.03
221550,0.05
221565,0.27
221570,0.12
221573,0.03
221575,0.07
221576,0.23
221604,0.12
221615,0.11
221626,0.03
221629,0.25
221630,0.04
221636,0.13
221656,0.02
221659,0.03
221663,0.12
221665,0.06
221675,0.21
221676,0.09
221677,0.09
221679,0.04
221707,0.0
221712,0.01
221717,0.08
221725,0.05
221733,0.06
221741,0.01
221747,0.0
221762,0.08
221763,0.01
221770,0.05
221771,0.11
221787,0.09
221793,0.0
221804,0.21
221805,0.06
221825,0.14
221827,0.17
221828,0.12
221829,0.0
221845,0.12
221859,0.07
221860,0.01
221867,0.12
221868,0.07
221870,0.1
221876,0.24
221884,0.17
221895,0.08
221911,0.15
221921,0.06
221931,0.23
221935,0.13
221955,0.09
221959,0.01
221966,0.04
221974,0.15
221981,0.07
222002,0.21
222010,0.01
222012,0.06
222013,0.18
222023,0.16
222034,0.13
222048,0.08
222052,0.18
222059,0.07
222060,0.08
222061,0.06
222067,0.01
222076,0.18
222081,0.15
222120,0.06
222121,0.05
222133,0.07
222149,0.09
222150,0.05
222153,0.12
222154,0.01
222159,0.03
222165,0.09
222167,0.04
222170,0.06
222178,0.2
222179,0.03
222188,0.1
222189,0.06
222195,0.1
222198,0.11
222224,0.0
222234,0.08
222254,0.07
222256,0.14
222264,0.01
222281,0.06
222296,0.34
222303,0.09
222309,0.08
222310,0.01
222313,0.02
222321,0.16
222322,0.02
222328,0.09
222333,0.05
222334,0.11
222338,0.05
222347,0.13
222349,0.03
222351,0.05
222352,0.11
222357,0.02
222362,0.0
222381,0.17
222392,0.03
222401,0.15
222413,0.1
222422,0.01
222423,0.12
222430,0.04
222432,0.06
222452,0.03
222459,0.06
222473,0.07
222475,0.03
222481,0.12
222482,0.1
222489,0.02
222496,0.09
222505,0.1
222516,0.17
222537,0.12
222555,0.17
222566,0.07
222572,0.02
222577,0.06
222618,0.05
222619,0.03
222624,0.01
222625,0.02
222626,0.09
222629,0.01
222634,0.02
222636,0.17
222637,0.0
222641,0.05
222646,0.14
222648,0.22
222659,0.04
222663,0.0
222665,0.05
222671,0.21
222674,0.05
222675,0.14
222707,0.09
222709,0.01
222711,0.22
222717,0.04
222728,0.1
222752,0.09
222753,0.01
222755,0.02
222765,0.03
222768,0.16
222769,0.27
222783,0.18
222799,0.07
222821,0.06
222825,0.19
222837,0.26
222862,0.08
222863,0.15
222869,0.06
222876,0.04
222892,0.13
222898,0.08
222912,0.0
222920,0.1
222926,0.17
222934,0.16
222938,0.11
222945,0.21
222947,0.03
222966,0.11
222971,0.02
222994,0.02
223008,0.14
223019,0.03
223040,0.06
223042,0.2
223049,0.0
223051,0.06
223056,0.01
223058,0.16
223064,0.02
223067,0.05
223073,0.31
223075,0.0
223078,0.05
223079,0.11
223082,0.09
223098,0.22
223112,0.03
223116,0.12
223121,0.04
223128,0.12
223135,0.05
223136,0.02
223144,0.01
223151,0.11
223157,0.09
223181,0.1
223190,0.08
223197,0.1
223205,0.06
223209,0.04
223221,0.14
223235,0.14
223238,0.02
223244,0.09
223258,0.05
223262,0.12
223272,0.15
223288,0.12
223298,0.07
223310,0.16
223320,0.01
223357,0.21
223365,0.06
223369,0.08
223375,0.13
223384,0.03
223393,0.04
223412,0.01
223428,0.02
223440,0.17
223456,0.29
223470,0.05
223471,0.03
223484,0.02
223488,0.24
223489,0.06
223490,0.04
223492,0.04
223496,0.08
223503,0.06
223507,0.06
223518,0.17
223519,0.03
223521,0.01
223524,0.0
223526,0.03
223527,0.2
223529,0.08
223534,0.04
223538,0.15
223547,0.06
223549,0.05
223551,0.21
223552,0.13
223567,0.08
223571,0.16
223582,0.04
223584,0.14
223585,0.15
223586,0.0
223588,0.08
223592,0.02
223594,0.01
223607,0.11
223608,0.08
223609,0.2
223610,0.03
223611,0.06
223635,0.05
223636,0.01
223638,0.05
223649,0.02
223670,0.12
223688,0.04
223698,0.02
223699,0.22
223716,0.13
223718,0.15
223720,0.0
223727,0.05
223729,0.02
223739,0.04
223740,0.04
223741,0.07
223750,0.06
223752,0.05
223764,0.13
223781,0.01
223783,0.17
223794,0.07
223808,0.04
223810,0.11
223814,0.22
223817,0.07
223830,0.06
223839,0.04
223849,0.09
223851,0.23
223854,0.2
223888,0.25
223914,0.04
223923,0.07
223925,0.03
223939,0.07
223949,0.09
223951,0.15
223952,0.13
223967,0.05
223971,0.37
223974,0.01
223978,0.12
223991,0.15
224008,0.0
224016,0.04
224024,0.02
224039,0.01
224040,0.09
224044,0.1
224047,0.17
224055,0.02
224061,0.11
224065,0.07
224079,0.09
224080,0.02
224089,0.04
224094,0.26
224095,0.13
224109,0.08
224111,0.09
224112,0.02
224134,0.27
224135,0.19
224138,0.14
224139,0.07
224158,0.08
224161,0.17
224171,0.29
224182,0.1
224191,0.05
224194,0.04
224195,0.02
224205,0.04
224206,0.34
224211,0.01
224213,0.01
224214,0.15
224236,0.05
224239,0.35
224241,0.15
224251,0.06
224259,0.13
224262,0.1
224263,0.01
224268,0.09
224270,0.07
224282,0.13
224300,0.01
224315,0.06
224319,0.01
224325,0.01
224337,0.04
224339,0.1
224343,0.02
224344,0.1
224347,0.14
224353,0.04
224363,0.05
224370,0.05
224379,0.08
224380,0.07
224393,0.09
224395,0.07
224407,0.04
224408,0.1
224426,0.13
224427,0.09
224428,0.0
224437,0.58
224444,0.0
224445,0.04
224459,0.0
224473,0.2
224488,0.29
224490,0.21
224493,0.29
224494,0.19
224495,0.04
224499,0.03
224524,0.0
224528,0.0
224538,0.34
224553,0.08
224554,0.02
224575,0.07
224586,0.02
224593,0.03
224599,0.13
224614,0.04
224625,0.0
224626,0.04
224627,0.19
224628,0.19
224631,0.01
224651,0.08
224658,0.11
224664,0.11
224668,0.03
224673,0.09
224674,0.07
224683,0.13
224708,0.15
224748,0.33
224756,0.04
224757,0.02
224760,0.02
224771,0.27
224772,0.06
224797,0.12
224823,0.13
224831,0.16
224841,0.02
224843,0.1
224844,0.19
224849,0.04
224855,0.12
224856,0.02
224864,0.01
224871,0.07
224876,0.11
224889,0.09
224896,0.16
224899,0.07
224912,0.05
224916,0.14
224918,0.21
224925,0.06
224929,0.03
224934,0.07
224950,0.11
224953,0.13
224956,0.11
224958,0.11
224960,0.2
224971,0.12
224975,0.08
224978,0.17
224986,0.02
224987,0.04
224990,0.06
225010,0.01
225041,0.04
225044,0.03
225045,0.16
225048,0.15
225053,0.13
225058,0.07
225075,0.11
225085,0.03
225103,0.04
225107,0.01
225114,0.04
225122,0.05
225130,0.06
225131,0.13
225132,0.06
225134,0.05
225136,0.1
225141,0.0
225145,0.04
225146,0.05
225156,0.06
225158,0.08
225165,0.05
225185,0.03
225194,0.02
225195,0.04
225223,0.24
225224,0.25
225231,0.1
225233,0.11
225246,0.12
225281,0.05
225286,0.04
225301,0.15
225302,0.1
225336,0.1
225347,0.15
225351,0.08
225362,0.05
225363,0.02
225364,0.03
225370,0.05
225374,0.07
225375,0.05
225380,0.05
225381,0.07
225382,0.03
225392,0.14
225410,0.13
225425,0.07
225431,0.08
225456,0.04
225460,0.25
225475,0.08
225478,0.0
225483,0.1
225499,0.16
225514,0.35
225517,0.02
225524,0.29
225532,0.05
225545,0.16
225546,0.1
225550,0.0
225580,0.13
225581,0.12
225582,0.04
225585,0.19
225601,0.1
225612,0.16
225621,0.12
225636,0.11
225639,0.19
225650,0.0
225654,0.07
225664,0.04
225665,0.19
225666,0.0
225686,0.1
225689,0.05
225691,0.02
225721,0.01
225733,0.02
225739,0.14
225741,0.1
225766,0.03
225776,0.15
225788,0.03
225792,0.07
225803,0.05
225804,0.05
225805,0.24
225808,0.04
225819,0.02
225826,0.01
225832,0.1
225850,0.03
225851,0.06
225854,0.04
225858,0.06
225875,0.09
225884,0.03
225890,0.03
225906,0.0
225908,0.13
225910,0.16
225920,0.19
225950,0.07
225990,0.07
225991,0.04
226010,0.11
226011,0.08
226018,0.02
226029,0.2
226030,0.01
226041,0.12
226044,0.06
226051,0.15
226054,0.05
226085,0.12
226105,0.04
226116,0.51
226130,0.1
226131,0.1
226170,0.06
226171,0.1
226176,0.06
226177,0.04
226183,0.0
226187,0.12
226188,0.14
226190,0.09
226206,0.02
226213,0.09
226214,0.3
226226,0.03
226244,0.03
226245,0.03
226251,0.07
226258,0.02
226259,0.07
226265,0.1
226291,0.26
226294,0.1
226299,0.08
226300,0.12
226301,0.18
226302,0.12
226308,0.02
226309,0.04
226318,0.02
226319,0.18
226320,0.04
226325,0.21
226334,0.1
226337,0.26
226348,0.07
226353,0.0
226361,0.01
226387,0.12
226395,0.05
226413,0.04
226416,0.04
226427,0.08
226433,0.07
226447,0.08
226487,0.04
226495,0.32
226496,0.05
226499,0.02
226501,0.16
226505,0.06
226506,0.06
226507,0.04
226516,0.08
226523,0.01
226527,0.11
226533,0.08
226537,0.12
226539,0.04
226551,0.16
226556,0.01
226557,0.06
226561,0.2
226565,0.07
226567,0.01
226590,0.04
226599,0.22
226639,0.11
226654,0.16
226664,0.06
226668,0.14
226677,0.06
226682,0.07
226689,0.04
226691,0.02
226698,0.09
226713,0.07
226720,0.03
226734,0.05
226735,0.03
226738,0.08
226742,0.02
226763,0.02
226766,0.11
226772,0.0
226779,0.09
226780,0.11
226787,0.32
226790,0.36
226792,0.12
226797,0.03
226803,0.13
226807,0.24
226827,0.02
226828,0.02
226836,0.03
226837,0.05
226838,0.14
226847,0.17
226881,0.18
226882,0.07
226884,0.07
226917,0.05
226921,0.1
226933,0.14
226938,0.33
226948,0.07
226952,0.09
226954,0.06
226965,0.06
226970,0.14
226977,0.06
226986,0.06
227005,0.02
227009,0.06
227010,0.1
227013,0.12
227019,0.11
227025,0.04
227026,0.03
227027,0.04
227029,0.05
227049,0.08
227053,0.04
227054,0.1
227058,0.07
227074,0.01
227099,0.03
227100,0.01
227109,0.02
227111,0.04
227112,0.01
227125,0.23
227145,0.13
227148,0.28
227151,0.04
227160,0.16
227165,0.14
227200,0.13
227210,0.12
227213,0.16
227235,0.05
227242,0.05
227245,0.09
227246,0.03
227248,0.04
227251,0.14
227252,0.02
227258,0.03
227264,0.09
227270,0.15
227272,0.04
227274,0.05
227281,0.05
227290,0.02
227293,0.14
227299,0.03
227306,0.12
227323,0.05
227325,0.02
227326,0.08
227332,0.14
227336,0.01
227343,0.1
227344,0.04
227345,0.06
227348,0.19
227360,0.05
227376,0.09
227386,0.1
227392,0.14
227393,0.13
227401,0.04
227404,0.11
227413,0.1
227420,0.2
227459,0.05
227460,0.02
227462,0.09
227463,0.19
227481,0.08
227482,0.0
227485,0.14
227486,0.03
227493,0.06
227500,0.07
227501,0.01
227502,0.04
227506,0.16
227523,0.09
227525,0.07
227531,0.02
227532,0.23
227535,0.06
227542,0.08
227545,0.06
227566,0.05
227578,0.15
227585,0.19
227586,0.01
227587,0.04
227590,0.01
227595,0.18
227596,0.04
227597,0.08
227600,0.15
227621,0.26
227637,0.05
227640,0.2
227649,0.17
227653,0.07
227674,0.05
227675,0.01
227680,0.17
227696,0.02
227701,0.37
227707,0.21
227713,0.13
227715,0.05
227728,0.11
227730,0.08
227731,0.01
227732,0.03
227736,0.12
227739,0.11
227740,0.5
227741,0.24
227742,0.42
227745,0.12
227749,0.35
227752,0.03
227756,0.37
227769,0.19
227779,0.14
227783,0.1
227799,0.09
227803,0.01
227818,0.03
227822,0.1
227823,0.11
227824,0.01
227825,0.07
227826,0.03
227833,0.1
227834,0.11
227837,0.08
227839,0.0
227856,0.06
227872,0.03
227876,0.18
227905,0.2
227908,0.22
227909,0.37
227912,0.04
227917,0.05
227931,0.12
227936,0.09
227939,0.04
227941,0.09
227942,0.05
227944,0.1
227945,0.2
227952,0.05
227954,0.11
227968,0.05
227975,0.07
227989,0.07
227992,0.15
227993,0.04
227996,0.13
227997,0.06
227998,0.07
228040,0.0
228044,0.16
228045,0.11
228046,0.01
228051,0.14
228052,0.03
228053,0.1
228059,0.07
228062,0.0
228070,0.01
228074,0.01
228077,0.04
228078,0.1
228097,0.12
228099,0.2
228100,0.0
228102,0.29
228103,0.09
228104,0.18
228107,0.21
228117,0.14
228123,0.06
228125,0.03
228130,0.05
228134,0.03
228141,0.04
228153,0.26
228163,0.14
228164,0.03
228166,0.13
228168,0.1
228169,0.07
228183,0.18
228198,0.02
228199,0.12
228201,0.11
228207,0.15
228209,0.14
228219,0.04
228239,0.07
228248,0.03
228260,0.11
228268,0.19
228280,0.06
228282,0.34
228288,0.01
228289,0.04
228295,0.04
228296,0.11
228297,0.09
228298,0.07
228299,0.08
228301,0.02
228322,0.12
228324,0.04
228332,0.04
228334,0.01
228342,0.07
228351,0.04
228354,0.08
228355,0.0
228362,0.0
228375,0.03
228383,0.1
228389,0.07
228392,0.17
228411,0.04
228414,0.04
228420,0.01
228424,0.08
228426,0.05
228429,0.08
228447,0.23
228455,0.07
228458,0.12
228467,0.28
228472,0.08
228479,0.02
228482,0.09
228488,0.07
228489,0.12
228499,0.01
228501,0.07
228502,0.01
228503,0.12
228509,0.02
228512,0.09
228514,0.06
228519,0.07
228530,0.01
228534,0.09
228536,0.01
228537,0.06
228538,0.11
228539,0.02
228557,0.03
228591,0.07
228592,0.04
228608,0.13
228609,0.05
228636,0.07
228647,0.16
228656,0.17
228657,0.02
228661,0.08
228663,0.09
228671,0.01
228682,0.11
228697,0.11
228698,0.04
228712,0.04
228713,0.07
228729,0.12
228730,0.14
228737,0.34
228744,0.02
228752,0.07
228761,0.5
228763,0.32
228764,0.02
228770,0.21
228774,0.05
228781,0.04
228792,0.07
228794,0.32
228796,0.01
228799,0.16
228808,0.24
228809,0.07
228810,0.15
228813,0.11
228821,0.21
228826,0.02
228830,0.05
228831,0.06
228835,0.29
228854,0.01
228855,0.05
228863,0.13
228869,0.09
228872,0.18
228885,0.3
228888,0.06
228889,0.09
228890,0.09
228891,0.01
228894,0.14
228902,0.13
228907,0.05
228915,0.15
228918,0.14
228919,0.08
228933,0.15
228946,0.03
228947,0.12
228954,0.1
228956,0.11
228958,0.17
228969,0.1
228973,0.04
228978,0.03
228979,0.35
228988,0.03
228995,0.11
229019,0.12
229037,0.04
229041,0.02
229042,0.02
229046,0.06
229048,0.05
229053,0.07
229064,0.43
229073,0.02
229074,0.04
229077,0.13
229095,0.14
229100,0.1
229103,0.07
229104,0.14
229105,0.05
229107,0.05
229115,0.17
229117,0.14
229118,0.03
229124,0.22
229125,0.02
229130,0.19
229157,0.09
229162,0.0
229185,0.2
229195,0.08
229201,0.14
229202,0.08
229219,0.04
229220,0.03
229223,0.18
229224,0.24
229229,0.12
229233,0.07
229255,0.09
229261,0.11
229262,0.05
229271,0.06
229276,0.07
229277,0.04
229278,0.08
229280,0.12
229298,0.05
229301,0.1
229316,0.1
229325,0.07
229329,0.06
229334,0.05
229336,0.09
229337,0.18
229342,0.01
229349,0.05
229357,0.03
229369,0.02
229374,0.05
229402,0.12
229427,0.03
229452,0.11
229455,0.13
229459,0.37
229462,0.06
229482,0.06
229488,0.0
229496,0.14
229507,0.09
229508,0.04
229531,0.09
229576,0.01
229595,0.11
229602,0.08
229609,0.12
229610,0.25
229614,0.05
229615,0.17
229631,0.03
229632,0.11
229638,0.06
229647,0.12
229651,0.07
229659,0.22
229663,0.05
229671,0.08
229672,0.07
229675,0.01
229684,0.06
229687,0.16
229705,0.03
229711,0.02
229713,0.07
229714,0.02
229731,0.09
229738,0.13
229742,0.11
229745,0.02
229746,0.03
229749,0.13
229765,0.21
229767,0.01
229779,0.19
229782,0.06
229802,0.13
229805,0.11
229810,0.52
229816,0.11
229828,0.12
229838,0.06
229850,0.1
229858,0.08
229860,0.03
229877,0.06
229888,0.05
229894,0.03
229898,0.12
229905,0.06
229912,0.28
229913,0.08
229921,0.35
229923,0.03
229930,0.01
229962,0.08
229963,0.16
229977,0.01
229984,0.17
229998,0.16
230012,0.05
230016,0.13
230020,0.05
230024,0.27
230037,0.03
230038,0.02
230040,0.08
230042,0.03
230044,0.14
230050,0.1
230056,0.06
230067,0.06
230076,0.12
230077,0.21
230084,0.13
230098,0.04
230107,0.13
230116,0.07
230119,0.04
230121,0.01
230122,0.15
230135,0.11
230139,0.02
230179,0.07
230180,0.11
230185,0.0
230192,0.12
230203,0.24
230216,0.13
230226,0.09
230260,0.01
230268,0.12
230289,0.25
230296,0.04
230317,0.02
230328,0.24
230329,0.31
230330,0.05
230332,0.03
230338,0.03
230343,0.07
230344,0.12
230349,0.01
230369,0.01
230379,0.25
230391,0.05
230393,0.29
230394,0.05
230402,0.2
230404,0.18
230416,0.03
230417,0.16
230423,0.23
230427,0.11
230448,0.28
230449,0.01
230451,0.01
230453,0.01
230454,0.05
230457,0.09
230458,0.1
230459,0.13
230461,0.03
230464,0.08
230494,0.0
230517,0.03
230520,0.11
230521,0.11
230534,0.03
230553,0.1
230581,0.12
230585,0.07
230590,0.03
230592,0.01
230605,0.06
230610,0.01
230623,0.04
230628,0.1
230629,0.03
230640,0.08
230641,0.03
230642,0.02
230655,0.1
230656,0.01
230662,0.11
230675,0.03
230677,0.12
230688,0.01
230709,0.22
230716,0.0
230742,0.01
230748,0.05
230763,0.02
230779,0.22
230780,0.02
230781,0.29
230783,0.02
230788,0.21
230789,0.04
230792,0.07
230817,0.07
230820,0.04
230827,0.07
230828,0.02
230860,0.06
230864,0.1
230875,0.1
230878,0.01
230880,0.15
230929,0.07
230931,0.12
230934,0.11
230939,0.06
230940,0.03
230941,0.07
230942,0.12
230982,0.08
231028,0.11
231031,0.17
231039,0.17
231048,0.08
231065,0.07
231076,0.0
231079,0.04
231082,0.08
231086,0.1
231107,0.06
231118,0.05
231127,0.03
231134,0.0
231136,0.01
231137,0.07
231156,0.24
231160,0.11
231175,0.1
231177,0.02
231189,0.14
231191,0.18
231194,0.07
231198,0.05
231203,0.15
231211,0.07
231226,0.04
231245,0.08
231257,0.17
231268,0.11
231279,0.12
231290,0.24
231298,0.03
231299,0.01
231301,0.1
231306,0.01
231312,0.02
231314,0.04
231326,0.52
231343,0.08
231353,0.09
231359,0.11
231364,0.14
231387,0.08
231392,0.06
231409,0.1
231423,0.02
231427,0.01
231429,0.23
231433,0.1
231437,0.08
231448,0.01
231454,0.18
231460,0.02
231480,0.01
231496,0.02
231504,0.08
231513,0.01
231516,0.02
231523,0.05
231529,0.06
231532,0.12
231533,0.12
231542,0.06
231546,0.06
231554,0.03
231556,0.22
231561,0.02
231562,0.13
231563,0.0
231568,0.06
231589,0.06
231598,0.23
231616,0.12
231628,0.06
231637,0.19
231641,0.09
231656,0.28
231679,0.11
231682,0.07
231689,0.01
231690,0.02
231713,0.16
231716,0.05
231726,0.01
231734,0.29
231736,0.04
231742,0.05
231754,0.05
231757,0.1
231758,0.06
231761,0.15
231771,0.03
231773,0.09
231782,0.17
231785,0.3
231786,0.07
231789,0.03
231790,0.03
231791,0.06
231804,0.18
231835,0.07
231837,0.01
231840,0.09
231845,0.1
231863,0.21
231867,0.19
231874,0.15
231877,0.12
231887,0.05
231892,0.04
231899,0.05
231912,0.46
231914,0.1
231924,0.09
231927,0.14
231935,0.01
231938,0.14
231940,0.31
231947,0.04
231954,0.04
231955,0.07
231956,0.08
231969,0.03
231982,0.01
231983,0.02
231984,0.01
231987,0.08
232006,0.02
232012,0.07
232022,0.06
232023,0.16
232028,0.08
232034,0.09
232047,0.05
232050,0.01
232054,0.07
232063,0.23
232066,0.07
232081,0.16
232083,0.21
232094,0.13
232103,0.0
232108,0.02
232110,0.04
232122,0.02
232123,0.03
232132,0.01
232148,0.52
232149,0.05
232152,0.21
232157,0.15
232164,0.12
232170,0.08
232172,0.0
232174,0.09
232177,0.06
232227,0.05
232228,0.05
232237,0.03
232256,0.03
232275,0.09
232278,0.07
232279,0.08
232282,0.12
232285,0.08
232288,0.01
232301,0.14
232303,0.04
232309,0.11
232325,0.04
232329,0.07
232331,0.05
232335,0.12
232370,0.17
232371,0.0
232372,0.01
232390,0.3
232391,0.02
232392,0.05
232410,0.09
232423,0.01
232426,0.07
232428,0.2
232450,0.14
232466,0.14
232478,0.09
232493,0.09
232506,0.08
232516,0.14
232518,0.05
232530,0.1
232534,0.11
232535,0.12
232541,0.03
232547,0.0
232552,0.08
232558,0.07
232559,0.0
232560,0.02
232566,0.03
232570,0.0
232575,0.22
232578,0.03
232590,0.07
232615,0.06
232640,0.41
232643,0.02
232664,0.18
232676,0.06
232699,0.15
232702,0.05
232720,0.0
232733,0.08
232736,0.02
232738,0.03
232752,0.04
232758,0.04
232779,0.1
232784,0.22
232790,0.14
232799,0.11
232823,0.03
232824,0.0
232842,0.01
232849,0.04
232853,0.14
232859,0.04
232862,0.12
232864,0.06
232866,0.06
232869,0.05
232871,0.03
232876,0.1
232881,0.05
232898,0.09
232899,0.07
232914,0.06
232917,0.09
232923,0.05
232925,0.01
232942,0.08
232943,0.1
232965,0.03
232968,0.24
232972,0.06
232980,0.32
232999,0.01
233013,0.12
233021,0.36
233022,0.01
233054,0.1
233059,0.23
233065,0.02
233071,0.1
233074,0.03
233093,0.03
233095,0.16
233102,0.03
233104,0.08
233107,0.05
233108,0.09
233109,0.37
233112,0.22
233113,0.01
233122,0.09
233125,0.06
233126,0.23
233170,0.02
233171,0.11
233172,0.29
233175,0.07
233179,0.06
233189,0.14
233223,0.13
233224,0.01
233228,0.02
233247,0.14
233249,0.12
233263,0.08
233271,0.02
233273,0.04
233301,0.01
233305,0.09
233310,0.07
233311,0.19
233312,0.04
233324,0.03
233326,0.19
233327,0.06
233335,0.14
233349,0.02
233352,0.27
233362,0.05
233373,0.08
233390,0.08
233393,0.1
233400,0.1
233401,0.09
233404,0.14
233405,0.04
233406,0.06
233411,0.08
233421,0.04
233423,0.1
233424,0.07
233427,0.32
233429,0.17
233431,0.03
233432,0.07
233438,0.02
233448,0.09
233450,0.03
233451,0.06
233453,0.12
233480,0.06
233482,0.05
233483,0.14
233489,0.43
233490,0.09
233496,0.18
233497,0.08
233508,0.42
233509,0.18
233512,0.01
233517,0.1
233526,0.2
233528,0.03
233544,0.01
233554,0.23
233566,0.19
233572,0.08
233575,0.02
233578,0.0
233582,0.42
233583,0.02
233589,0.07
233594,0.09
233603,0.16
233627,0.0
233632,0.05
233639,0.02
233651,0.12
233652,0.08
233658,0.0
233675,0.03
233677,0.12
233682,0.14
233688,0.14
233689,0.42
233692,0.04
233697,0.12
233704,0.16
233709,0.14
233711,0.11
233721,0.08
233729,0.0
233734,0.01
233744,0.01
233764,0.2
233775,0.05
233783,0.24
233792,0.05
233796,0.04
233797,0.02
233798,0.07
233810,0.06
233818,0.01
233819,0.08
233830,0.02
233831,0.09
233838,0.01
233852,0.14
233854,0.07
233856,0.01
233858,0.02
233883,0.07
233888,0.07
233889,0.05
233892,0.05
233893,0.0
233894,0.07
233895,0.14
233901,0.03
233927,0.06
233928,0.04
233929,0.11
233960,0.12
233965,0.11
233970,0.06
233975,0.1
233981,0.24
233991,0.28
234012,0.04
234016,0.04
234024,0.0
234025,0.0
234027,0.28
234034,0.13
234035,0.04
234048,0.07
234069,0.04
234077,0.03
234086,0.11
234103,0.07
234110,0.03
234115,0.12
234126,0.06
234135,0.19
234136,0.07
234147,0.04
234151,0.01
234159,0.01
234163,0.05
234174,0.03
234186,0.05
234187,0.13
234192,0.05
234198,0.07
234205,0.11
234215,0.03
234220,0.08
234225,0.07
234227,0.0
234228,0.04
234231,0.07
234232,0.23
234236,0.17
234239,0.05
234240,0.1
234242,0.0
234262,0.17
234267,0.13
234283,0.08
234284,0.04
234286,0.01
234291,0.13
234302,0.08
234303,0.04
234308,0.01
234320,0.1
234326,0.17
234336,0.06
234340,0.16
234362,0.02
234365,0.03
234371,0.03
234373,0.07
234395,0.06
234400,0.22
234404,0.09
234412,0.08
234431,0.13
234433,0.16
234440,0.02
234453,0.09
234454,0.02
234460,0.04
234470,0.31
234473,0.05
234502,0.2
234503,0.11
234507,0.38
234529,0.09
234531,0.05
234543,0.04
234550,0.33
234556,0.04
234560,0.02
234567,0.0
234580,0.19
234582,0.12
234594,0.04
234599,0.12
234604,0.02
234605,0.06
234611,0.0
234617,0.06
234648,0.06
234660,0.0
234661,0.08
234663,0.1
234664,0.01
234670,0.02
234671,0.06
234673,0.1
234687,0.16
234688,0.01
234690,0.13
234694,0.05
234695,0.0
234704,0.2
234705,0.02
234710,0.15
234718,0.08
234719,0.11
234732,0.05
234739,0.08
234755,0.28
234760,0.11
234778,0.07
234781,0.1
234786,0.07
234788,0.16
234789,0.0
234802,0.06
234809,0.54
234814,0.27
234823,0.01
234825,0.04
234829,0.08
234838,0.11
234847,0.14
234876,0.02
234908,0.24
234914,0.05
234917,0.19
234935,0.04
234936,0.02
234941,0.11
234942,0.04
234943,0.02
234946,0.04
234947,0.03
234960,0.13
234967,0.03
234980,0.23
234990,0.22
234996,0.03
234999,0.04
235002,0.11
235021,0.09
235025,0.14
235034,0.06
235037,0.1
235046,0.06
235051,0.12
235052,0.09
235054,0.02
235061,0.03
235066,0.09
235076,0.09
235087,0.04
235089,0.11
235091,0.1
235107,0.04
235118,0.02
235123,0.11
235134,0.04
235137,0.26
235146,0.05
235147,0.02
235153,0.02
235166,0.22
235168,0.05
235183,0.01
235187,0.01
235189,0.01
235202,0.06
235214,0.08
235215,0.0
235216,0.19
235219,0.08
235223,0.13
235231,0.06
235240,0.06
235252,0.01
235253,0.04
235254,0.08
235259,0.14
235270,0.02
235275,0.07
235283,0.13
235291,0.03
235306,0.02
235327,0.02
235337,0.24
235342,0.04
235356,0.06
235357,0.04
235372,0.06
235378,0.28
235386,0.04
235401,0.03
235403,0.02
235423,0.06
235424,0.05
235434,0.1
235435,0.06
235438,0.08
235451,0.01
235452,0.01
235454,0.16
235456,0.01
235459,0.03
235460,0.04
235463,0.14
235491,0.19
235492,0.2
235501,0.0
235505,0.05
235512,0.07
235519,0.26
235549,0.19
235592,0.1
235597,0.03
235601,0.06
235602,0.03
235612,0.03
235617,0.09
235622,0.04
235636,0.04
235641,0.06
235644,0.05
235645,0.0
235651,0.07
235664,0.03
235668,0.25
235677,0.12
235692,0.01
235693,0.01
235698,0.04
235722,0.24
235741,0.03
235743,0.35
235752,0.0
235757,0.05
235766,0.04
235768,0.11
235769,0.12
235775,0.02
235778,0.12
235782,0.2
235791,0.25
235792,0.03
235796,0.12
235797,0.23
235799,0.2
235803,0.11
235804,0.16
235809,0.07
235811,0.14
235812,0.0
235827,0.1
235837,0.02
235839,0.02
235850,0.31
235852,0.08
235854,0.03
235860,0.03
235862,0.03
235869,0.05
235877,0.09
235889,0.04
235890,0.28
235891,0.05
235893,0.02
235900,0.0
235901,0.03
235914,0.02
235915,0.17
235924,0.26
235950,0.01
235968,0.1
235977,0.09
235978,0.02
235980,0.12
235990,0.01
235999,0.03
236002,0.05
236022,0.1
236033,0.08
236034,0.16
236037,0.47
236038,0.08
236039,0.09
236040,0.05
236053,0.22
236064,0.04
236068,0.08
236069,0.14
236094,0.05
236107,0.12
236123,0.02
236143,0.03
236214,0.0
236215,0.01
236221,0.18
236229,0.1
236234,0.02
236236,0.13
236237,0.02
236239,0.05
236266,0.38
236271,0.02
236283,0.09
236286,0.02
236287,0.39
236289,0.06
236293,0.04
236302,0.04
236303,0.15
236313,0.11
236324,0.06
236330,0.05
236332,0.1
236345,0.12
236350,0.04
236352,0.06
236359,0.03
236362,0.17
236373,0.13
236378,0.03
236391,0.04
236395,0.27
236412,0.29
236418,0.05
236421,0.05
236451,0.14
236454,0.0
236457,0.01
236463,0.15
236469,0.05
236476,0.02
236485,0.13
236508,0.09
236509,0.07
236525,0.16
236527,0.1
236529,0.2
236555,0.2
236562,0.17
236568,0.15
236569,0.05
236580,0.02
236581,0.03
236583,0.13
236586,0.05
236594,0.1
236631,0.07
236632,0.16
236634,0.15
236638,0.02
236643,0.11
236648,0.09
236655,0.15
236656,0.12
236657,0.0
236663,0.09
236681,0.01
236683,0.06
236691,0.02
236698,0.12
236713,0.04
236727,0.32
236732,0.01
236733,0.02
236735,0.1
236737,0.02
236749,0.05
236750,0.05
236752,0.07
236765,0.0
236766,0.02
236769,0.06
236771,0.15
236774,0.15
236775,0.05
236790,0.19
236793,0.2
236797,0.13
236798,0.02
236809,0.19
236821,0.11
236831,0.06
236836,0.07
236838,0.03
236849,0.04
236852,0.09
236860,0.08
236862,0.06
236865,0.06
236873,0.05
236885,0.07
236891,0.02
236894,0.11
236904,0.2
236905,0.05
236911,0.0
236939,0.02
236948,0.06
236950,0.04
236957,0.01
236965,0.04
236974,0.03
236975,0.01
236981,0.09
236985,0.08
236995,0.13
237023,0.09
237025,0.0
237038,0.06
237058,0.07
237060,0.04
237078,0.11
237079,0.13
237080,0.17
237084,0.0
237086,0.0
237087,0.03
237091,0.15
237092,0.05
237093,0.04
237094,0.1
237103,0.03
237116,0.02
237118,0.07
237126,0.08
237136,0.02
237144,0.14
237149,0.08
237150,0.11
237157,0.08
237158,0.02
237170,0.12
237171,0.05
237193,0.04
237196,0.08
237200,0.02
237248,0.16
237254,0.18
237256,0.02
237257,0.03
237267,0.05
237268,0.01
237269,0.0
237271,0.06
237280,0.1
237301,0.01
237304,0.2
237308,0.07
237311,0.08
237334,0.08
237338,0.15
237344,0.09
237361,0.02
237362,0.07
237368,0.12
237369,0.11
237371,0.08
237373,0.12
237377,0.05
237378,0.03
237383,0.03
237386,0.02
237392,0.07
237399,0.07
237408,0.06
237411,0.03
237414,0.09
237417,0.04
237424,0.28
237439,0.0
237457,0.03
237458,0.07
237459,0.05
237471,0.11
237474,0.06
237475,0.11
237476,0.05
237490,0.05
237491,0.03
237495,0.04
237501,0.17
237512,0.06
237516,0.0
237518,0.08
237528,0.04
237529,0.07
237537,0.25
237543,0.03
237547,0.12
237552,0.03
237563,0.08
237585,0.09
237598,0.05
237606,0.01
237624,0.2
237632,0.02
237635,0.07
237640,0.07
237642,0.16
237647,0.04
237648,0.04
237651,0.05
237657,0.0
237663,0.13
237692,0.02
237701,0.11
237715,0.05
237726,0.05
237728,0.07
237731,0.0
237732,0.19
237746,0.05
237759,0.04
237768,0.01
237772,0.59
237780,0.24
237787,0.08
237792,0.18
237804,0.01
237812,0.02
237815,0.06
237821,0.06
237827,0.02
237845,0.04
237862,0.13
237869,0.04
237872,0.12
237900,0.2
237909,0.02
237917,0.03
237921,0.02
237951,0.06
237952,0.13
237957,0.0
237960,0.11
237963,0.1
237973,0.0
237984,0.07
237990,0.3
237997,0.16
237998,0.18
238025,0.1
238027,0.05
238052,0.04
238053,0.05
238054,0.19
238065,0.05
238066,0.12
238075,0.11
238082,0.03
238087,0.06
238114,0.01
238117,0.25
238127,0.18
238129,0.2
238133,0.01
238135,0.04
238152,0.09
238157,0.11
238163,0.01
238170,0.05
238176,0.06
238180,0.31
238195,0.05
238198,0.03
238199,0.02
238206,0.3
238218,0.05
238219,0.03
238222,0.09
238224,0.04
238230,0.08
238237,0.06
238238,0.03
238247,0.05
238254,0.07
238256,0.0
238257,0.07
238270,0.11
238278,0.08
238279,0.32
238282,0.06
238286,0.06
238293,0.05
238298,0.03
238299,0.03
238306,0.3
238307,0.06
238308,0.14
238322,0.04
238327,0.07
238328,0.23
238330,0.03
238335,0.01
238347,0.09
238355,0.23
238356,0.26
238361,0.0
238367,0.08
238377,0.02
238413,0.01
238419,0.07
238436,0.04
238437,0.2
238443,0.05
238450,0.0
238452,0.01
238453,0.16
238454,0.25
238457,0.07
238467,0.12
238469,0.03
238470,0.01
238474,0.1
238478,0.18
238480,0.14
238492,0.07
238496,0.18
238500,0.04
238508,0.19
238512,0.04
238520,0.01
238540,0.03
238548,0.02
238549,0.02
238550,0.03
238563,0.03
238586,0.03
238607,0.02
238608,0.07
238615,0.03
238623,0.15
238627,0.05
238630,0.32
238635,0.02
238638,0.14
238642,0.06
238646,0.06
238656,0.04
238665,0.05
238674,0.13
238687,0.02
238702,0.1
238703,0.03
238705,0.01
238712,0.16
238716,0.05
238717,0.19
238718,0.04
238747,0.09
238754,0.12
238767,0.13
238793,0.01
238794,0.22
238796,0.12
238806,0.07
238832,0.12
238833,0.04
238840,0.11
238850,0.01
238853,0.03
238855,0.03
238858,0.08
238867,0.36
238868,0.03
238869,0.52
238873,0.05
238879,0.24
238893,0.13
238903,0.03
238904,0.3
238906,0.08
238928,0.12
238933,0.15
238941,0.11
238945,0.06
238947,0.03
238954,0.09
238963,0.06
238986,0.26
239003,0.2
239018,0.05
239019,0.18
239020,0.14
239021,0.19
239031,0.06
239042,0.08
239051,0.08
239056,0.14
239058,0.01
239075,0.04
239078,0.07
239079,0.02
239081,0.05
239082,0.07
239085,0.05
239100,0.04
239104,0.14
239120,0.06
239123,0.03
239140,0.23
239144,0.02
239145,0.13
239146,0.03
239153,0.06
239155,0.0
239161,0.07
239168,0.2
239177,0.07
239180,0.05
239193,0.0
239199,0.05
239206,0.07
239207,0.13
239209,0.01
239221,0.04
239225,0.05
239227,0.08
239237,0.05
239249,0.1
239273,0.25
239282,0.14
239290,0.18
239298,0.04
239302,0.15
239307,0.11
239309,0.15
239314,0.06
239319,0.2
239328,0.0
239334,0.04
239343,0.07
239344,0.03
239356,0.12
239357,0.16
239428,0.03
239429,0.04
239453,0.01
239471,0.21
239479,0.02
239480,0.12
239485,0.03
239489,0.14
239518,0.22
239522,0.05
239525,0.07
239540,0.08
239567,0.05
239573,0.07
239574,0.06
239578,0.11
239587,0.03
239588,0.07
239597,0.03
239603,0.03
239612,0.22
239616,0.24
239617,0.08
239618,0.19
239631,0.1
239639,0.37
239644,0.04
239672,0.07
239680,0.21
239685,0.0
239687,0.01
239715,0.11
239722,0.15
239733,0.0
239746,0.0
239748,0.01
239760,0.24
239765,0.25
239766,0.13
239774,0.04
239775,0.04
239788,0.14
239795,0.15
239796,0.04
239801,0.08
239808,0.04
239816,0.0
239819,0.03
239825,0.04
239832,0.07
239840,0.03
239845,0.02
239853,0.01
239862,0.04
239867,0.09
239873,0.16
239884,0.12
239920,0.07
239924,0.11
239937,0.03
239938,0.04
239948,0.06
239951,0.0
239952,0.09
239996,0.03
239998,0.22
240013,0.03
240027,0.06
240028,0.04
240036,0.25
240041,0.21
240046,0.05
240063,0.04
240076,0.03
240082,0.08
240086,0.02
240087,0.04
240089,0.14
240090,0.04
240093,0.14
240110,0.04
240111,0.12
240113,0.01
240117,0.02
240118,0.06
240120,0.06
240125,0.14
240130,0.09
240131,0.45
240133,0.03
240138,0.21
240149,0.11
240161,0.02
240177,0.26
240188,0.14
240197,0.05
240204,0.22
240215,0.01
240257,0.04
240266,0.02
240284,0.06
240296,0.07
240300,0.05
240312,0.0
240314,0.16
240320,0.04
240321,0.13
240337,0.09
240339,0.05
240341,0.3
240342,0.16
240346,0.06
240348,0.29
240364,0.14
240378,0.08
240382,0.19
240387,0.03
240404,0.02
240409,0.07
240412,0.01
240413,0.09
240414,0.07
240415,0.02
240416,0.12
240427,0.0
240428,0.09
240438,0.11
240447,0.04
240489,0.13
240494,0.09
240495,0.14
240507,0.14
240526,0.06
240530,0.13
240531,0.17
240554,0.11
240559,0.0
240561,0.06
240577,0.19
240578,0.02
240585,0.01
240587,0.05
240594,0.11
240603,0.01
240615,0.07
240629,0.1
240631,0.01
240637,0.04
240646,0.32
240649,0.09
240657,0.06
240664,0.07
240665,0.29
240668,0.01
240670,0.09
240685,0.15
240689,0.14
240702,0.05
240707,0.06
240709,0.08
240712,0.22
240716,0.02
240717,0.02
240725,0.01
240733,0.03
240742,0.3
240744,0.01
240819,0.08
240820,0.02
240826,0.18
240836,0.19
240839,0.09
240847,0.13
240859,0.23
240866,0.24
240868,0.01
240875,0.01
240878,0.02
240888,0.03
240896,0.12
240897,0.13
240898,0.3
240899,0.15
240900,0.03
240901,0.23
240902,0.05
240903,0.11
240904,0.04
240910,0.05
240916,0.05
240921,0.01
240923,0.09
240929,0.1
240930,0.1
240931,0.05
240932,0.03
240938,0.16
240943,0.05
240948,0.05
240954,0.0
240972,0.0
240992,0.06
240993,0.14
240994,0.17
241018,0.02
241026,0.04
241031,0.07
241052,0.02
241060,0.07
241076,0.13
241113,0.06
241116,0.15
241118,0.04
241121,0.08
241130,0.05
241142,0.0
241146,0.09
241159,0.06
241160,0.06
241161,0.28
241163,0.51
241176,0.07
241187,0.07
241188,0.1
241191,0.18
241192,0.14
241198,0.29
241208,0.27
241210,0.07
241226,0.06
241244,0.13
241252,0.15
241254,0.06
241256,0.05
241264,0.1
241266,0.07
241267,0.08
241274,0.04
241279,0.03
241281,0.08
241284,0.08
241293,0.0
241330,0.03
241333,0.0
241344,0.22
241348,0.19
241359,0.08
241362,0.34
241372,0.07
241377,0.0
241381,0.08
241390,0.05
241395,0.03
241397,0.1
241401,0.05
241402,0.18
241415,0.03
241417,0.07
241426,0.26
241432,0.05
241436,0.0
241444,0.04
241447,0.21
241456,0.03
241457,0.01
241464,0.19
241465,0.1
241469,0.07
241479,0.02
241482,0.07
241488,0.12
241489,0.07
241507,0.21
241509,0.03
241511,0.02
241520,0.01
241523,0.04
241536,0.1
241545,0.09
241574,0.05
241577,0.25
241599,0.21
241608,0.08
241627,0.01
241631,0.04
241640,0.03
241642,0.02
241645,0.14
241647,0.04
241649,0.17
241654,0.17
241655,0.1
241657,0.14
241665,0.1
241671,0.04
241678,0.13
241683,0.03
241686,0.04
241699,0.01
241704,0.27
241706,0.18
241709,0.09
241718,0.04
241723,0.24
241729,0.01
241739,0.22
241741,0.03
241752,0.04
241756,0.08
241763,0.1
241779,0.12
241793,0.01
241797,0.09
241804,0.1
241813,0.07
241816,0.08
241817,0.07
241821,0.02
241838,0.31
241839,0.14
241855,0.16
241857,0.0
241887,0.04
241888,0.01
241899,0.29
241903,0.05
241908,0.15
241914,0.1
241919,0.04
241933,0.06
241943,0.0
241947,0.09
241957,0.1
241960,0.11
241961,0.02
241965,0.08
241971,0.08
241982,0.09
241990,0.01
242011,0.11
242022,0.03
242023,0.06
242025,0.13
242035,0.04
242037,0.1
242043,0.07
242067,0.03
242075,0.1
242077,0.08
242088,0.18
242103,0.06
242125,0.16
242134,0.37
242143,0.15
242144,0.07
242148,0.18
242155,0.06
242163,0.01
242171,0.03
242182,0.19
242185,0.02
242188,0.26
242201,0.28
242203,0.0
242204,0.02
242208,0.15
242210,0.04
242217,0.06
242219,0.02
242222,0.07
242224,0.23
242229,0.13
242231,0.27
242236,0.15
242256,0.12
242264,0.07
242269,0.01
242280,0.11
242281,0.01
242285,0.07
242295,0.04
242302,0.1
242314,0.04
242319,0.03
242332,0.16
242338,0.07
242342,0.31
242343,0.07
242345,0.04
242354,0.05
242361,0.1
242365,0.43
242373,0.07
242378,0.09
242383,0.14
242385,0.25
242389,0.01
242397,0.22
242404,0.27
242406,0.14
242410,0.04
242436,0.06
242439,0.12
242440,0.09
242444,0.03
242445,0.18
242455,0.13
242477,0.08
242479,0.11
242484,0.05
242491,0.09
242492,0.03
242497,0.03
242498,0.03
242499,0.21
242500,0.09
242501,0.08
242502,0.1
242516,0.12
242518,0.15
242523,0.19
242525,0.19
242537,0.08
242549,0.0
242550,0.07
242553,0.04
242554,0.01
242561,0.08
242566,0.18
242567,0.24
242587,0.08
242598,0.06
242609,0.16
242611,0.06
242614,0.21
242617,0.36
242622,0.09
242623,0.02
242629,0.05
242633,0.03
242636,0.27
242637,0.27
242642,0.03
242651,0.02
242655,0.05
242667,0.02
242668,0.01
242670,0.08
242681,0.03
242689,0.04
242690,0.1
242692,0.09
242693,0.04
242699,0.05
242706,0.0
242712,0.15
242714,0.09
242715,0.02
242721,0.27
242725,0.09
242728,0.06
242740,0.01
242741,0.01
242762,0.21
242766,0.04
242772,0.01
242779,0.02
242782,0.13
242795,0.14
242796,0.07
242800,0.02
242810,0.11
242816,0.04
242824,0.16
242829,0.29
242833,0.04
242837,0.06
242851,0.16
242857,0.07
242858,0.2
242860,0.07
242874,0.01
242876,0.1
242877,0.0
242879,0.04
242890,0.11
242897,0.04
242898,0.03
242904,0.0
242916,0.03
242920,0.04
242924,0.15
242930,0.02
242936,0.09
242938,0.04
242951,0.09
242952,0.0
242956,0.03
242970,0.35
242972,0.05
242973,0.04
242975,0.02
242979,0.31
242985,0.03
242989,0.03
242994,0.33
242996,0.39
243004,0.08
243013,0.03
243015,0.06
243017,0.05
243022,0.08
243075,0.27
243077,0.07
243089,0.09
243096,0.06
243099,0.06
243109,0.04
243110,0.07
243111,0.01
243112,0.08
243114,0.16
243124,0.24
243128,0.17
243136,0.06
243143,0.09
243148,0.03
243151,0.02
243152,0.02
243163,0.1
243170,0.03
243173,0.03
243184,0.15
243187,0.11
243193,0.1
243206,0.08
243208,0.02
243236,0.04
243237,0.14
243241,0.03
243244,0.01
243251,0.22
243256,0.03
243257,0.01
243263,0.15
243265,0.07
243276,0.06
243283,0.07
243287,0.03
243289,0.14
243291,0.02
243294,0.1
243299,0.09
243301,0.16
243302,0.13
243310,0.12
243313,0.21
243334,0.13
243335,0.05
243345,0.08
243353,0.0
243369,0.03
243371,0.27
243375,0.07
243383,0.22
243387,0.02
243390,0.26
243398,0.01
243399,0.1
243401,0.03
243412,0.04
243430,0.1
243433,0.04
243440,0.05
243445,0.21
243475,0.14
243481,0.08
243501,0.23
243518,0.08
243528,0.04
243544,0.08
243550,0.06
243555,0.04
243558,0.15
243559,0.35
243569,0.29
243580,0.03
243581,0.01
243590,0.03
243611,0.01
243619,0.02
243643,0.04
243659,0.07
243664,0.11
243665,0.2
243679,0.05
243680,0.21
243681,0.03
243689,0.17
243699,0.09
243700,0.11
243703,0.05
243714,0.5
243734,0.15
243741,0.14
243747,0.01
243757,0.22
243764,0.17
243766,0.1
243770,0.11
243774,0.22
243777,0.02
243778,0.02
243783,0.11
243788,0.18
243801,0.04
243802,0.03
243805,0.33
243821,0.03
243828,0.02
243831,0.09
243838,0.33
243850,0.0
243861,0.22
243871,0.29
243873,0.01
243874,0.19
243875,0.03
243891,0.1
243893,0.07
243900,0.0
243907,0.09
243908,0.17
243916,0.17
243921,0.08
243943,0.0
243958,0.28
243963,0.31
243965,0.04
243968,0.06
243978,0.27
243993,0.09
243996,0.05
244004,0.2
244006,0.1
244045,0.05
244046,0.02
244047,0.03
244049,0.11
244051,0.13
244058,0.23
244093,0.04
244100,0.03
244102,0.24
244104,0.08
244108,0.02
244112,0.13
244114,0.04
244134,0.02
244136,0.03
244140,0.03
244151,0.03
244152,0.13
244164,0.12
244168,0.01
244173,0.01
244176,0.07
244179,0.01
244189,0.07
244201,0.05
244205,0.06
244212,0.2
244216,0.11
244226,0.1
244228,0.05
244238,0.22
244246,0.03
244252,0.07
244257,0.01
244266,0.05
244268,0.07
244280,0.09
244290,0.14
244294,0.15
244295,0.08
244296,0.39
244298,0.09
244307,0.18
244321,0.0
244322,0.05
244324,0.02
244335,0.03
244346,0.13
244364,0.1
244372,0.1
244377,0.09
244387,0.23
244388,0.1
244395,0.15
244396,0.09
244403,0.09
244416,0.24
244417,0.02
244420,0.05
244421,0.07
244428,0.11
244429,0.35
244432,0.21
244456,0.04
244460,0.12
244461,0.15
244464,0.0
244470,0.01
244475,0.19
244484,0.13
244487,0.08
244489,0.1
244498,0.14
244526,0.07
244529,0.42
244534,0.06
244536,0.15
244543,0.19
244545,0.08
244555,0.07
244560,0.15
244562,0.27
244570,0.13
244572,0.25
244574,0.18
244605,0.12
244612,0.09
244624,0.03
244631,0.01
244632,0.21
244643,0.05
244652,0.15
244666,0.01
244671,0.08
244672,0.09
244683,0.09
244690,0.01
244696,0.05
244703,0.02
244710,0.09
244713,0.07
244719,0.06
244724,0.14
244736,0.08
244763,0.29
244764,0.27
244765,0.28
244767,0.11
244772,0.11
244786,0.11
244789,0.07
244794,0.07
244799,0.0
244810,0.03
244815,0.07
244830,0.01
244848,0.01
244852,0.02
244866,0.04
244867,0.1
244874,0.03
244887,0.04
244891,0.06
244897,0.35
244898,0.1
244909,0.03
244910,0.17
244913,0.15
244925,0.17
244928,0.05
244932,0.0
244942,0.05
244943,0.26
244949,0.08
244954,0.1
244971,0.12
244973,0.36
244989,0.13
245001,0.05
245012,0.1
245026,0.19
245030,0.01
245036,0.08
245049,0.32
245057,0.02
245062,0.08
245063,0.06
245074,0.03
245076,0.14
245105,0.11
245106,0.0
245121,0.02
245124,0.15
245129,0.01
245133,0.18
245138,0.07
245150,0.1
245156,0.3
245157,0.03
245168,0.15
245170,0.03
245177,0.04
245178,0.03
245182,0.03
245208,0.03
245219,0.03
245221,0.0
245222,0.03
245224,0.04
245225,0.02
245233,0.08
245234,0.21
245244,0.12
245253,0.19
245260,0.02
245272,0.04
245281,0.05
245296,0.16
245297,0.19
245303,0.1
245309,0.11
245313,0.03
245316,0.08
245328,0.05
245344,0.11
245351,0.01
245357,0.12
245367,0.06
245369,0.18
245376,0.2
245381,0.08
245411,0.16
245426,0.04
245428,0.05
245430,0.09
245437,0.29
245443,0.01
245450,0.11
245452,0.02
245468,0.05
245481,0.03
245486,0.03
245496,0.01
245501,0.11
245502,0.06
245503,0.01
245564,0.24
245567,0.01
245568,0.17
245576,0.17
245577,0.04
245578,0.01
245595,0.02
245598,0.04
245604,0.03
245611,0.03
245615,0.16
245617,0.01
245627,0.08
245659,0.04
245661,0.15
245681,0.04
245687,0.14
245697,0.09
245708,0.06
245713,0.03
245717,0.01
245720,0.03
245721,0.21
245724,0.09
245728,0.07
245738,0.06
245746,0.04
245747,0.09
245748,0.11
245766,0.03
245767,0.2
245784,0.05
245792,0.06
245802,0.08
245804,0.0
245815,0.01
245820,0.08
245830,0.05
245834,0.0
245836,0.02
245844,0.07
245853,0.2
245862,0.05
245863,0.15
245882,0.15
245892,0.03
245906,0.27
245913,0.07
245926,0.05
245932,0.03
245933,0.02
245934,0.06
245939,0.18
245948,0.1
245955,0.04
245957,0.0
245967,0.05
245979,0.05
245980,0.13
245989,0.03
245992,0.07
245994,0.01
246006,0.06
246010,0.09
246017,0.06
246041,0.01
246045,0.05
246053,0.04
246057,0.08
246059,0.11
246061,0.05
246079,0.03
246082,0.09
246089,0.05
246091,0.05
246102,0.16
246127,0.2
246134,0.05
246135,0.09
246138,0.32
246143,0.06
246146,0.23
246148,0.05
246152,0.22
246155,0.1
246164,0.02
246171,0.09
246185,0.08
246192,0.17
246200,0.1
246208,0.03
246210,0.09
246213,0.08
246214,0.26
246229,0.04
246242,0.03
246250,0.15
246258,0.0
246267,0.33
246273,0.1
246287,0.04
246289,0.07
246290,0.14
246302,0.0
246303,0.03
246304,0.04
246312,0.04
246319,0.33
246321,0.03
246335,0.06
246337,0.04
246348,0.03
246358,0.07
246362,0.24
246369,0.06
246374,0.04
246382,0.19
246384,0.03
246386,0.26
246390,0.06
246396,0.03
246400,0.11
246401,0.05
246405,0.1
246415,0.1
246416,0.05
246418,0.15
246422,0.03
246423,0.06
246426,0.11
246429,0.16
246432,0.11
246444,0.09
246448,0.07
246455,0.09
246469,0.03
246482,0.05
246488,0.01
246489,0.2
246491,0.1
246502,0.03
246516,0.01
246524,0.09
246525,0.31
246543,0.19
246550,0.07
246554,0.15
246558,0.05
246559,0.12
246560,0.07
246561,0.04
246562,0.01
246564,0.01
246585,0.28
246615,0.05
246618,0.04
246619,0.09
246621,0.09
246624,0.02
246625,0.04
246627,0.29
246628,0.03
246631,0.08
246633,0.11
246654,0.03
246660,0.11
246665,0.14
246669,0.13
246681,0.0
246700,0.18
246705,0.11
246708,0.09
246711,0.15
246724,0.24
246740,0.01
246744,0.14
246745,0.32
246746,0.07
246748,0.01
246752,0.18
246758,0.03
246762,0.01
246765,0.02
246786,0.02
246798,0.05
246807,0.03
246816,0.17
246820,0.1
246833,0.03
246835,0.25
246836,0.11
246845,0.07
246849,0.04
246857,0.16
246861,0.03
246871,0.02
246872,0.23
246877,0.02
246879,0.02
246894,0.19
246896,0.07
246905,0.09
246907,0.14
246928,0.02
246935,0.0
246939,0.18
246947,0.02
246951,0.01
246956,0.0
246972,0.06
246979,0.03
247003,0.11
247005,0.18
247006,0.05
247008,0.03
247014,0.05
247027,0.0
247032,0.08
247036,0.17
247080,0.06
247083,0.06
247086,0.09
247092,0.11
247098,0.04
247103,0.06
247105,0.0
247108,0.03
247118,0.13
247123,0.05
247129,0.16
247139,0.02
247147,0.03
247153,0.11
247157,0.04
247179,0.04
247190,0.15
247213,0.17
247220,0.01
247234,0.08
247260,0.1
247265,0.1
247269,0.21
247272,0.05
247277,0.14
247278,0.22
247280,0.09
247290,0.07
247296,0.04
247314,0.09
247316,0.08
247328,0.07
247332,0.1
247336,0.21
247340,0.21
247342,0.07
247347,0.11
247350,0.11
247351,0.02
247353,0.21
247354,0.03
247360,0.0
247371,0.04
247378,0.06
247394,0.09
247402,0.05
247406,0.14
247409,0.0
247446,0.05
247453,0.02
247455,0.22
247463,0.0
247484,0.01
247485,0.1
247492,0.1
247497,0.15
247510,0.06
247521,0.06
247527,0.22
247534,0.2
247537,0.1
247558,0.05
247559,0.08
247560,0.15
247567,0.11
247572,0.14
247582,0.05
247583,0.09
247594,0.04
247595,0.06
247597,0.03
247598,0.03
247607,0.07
247619,0.16
247632,0.3
247638,0.16
247639,0.19
247646,0.09
247655,0.01
247660,0.02
247672,0.04
247677,0.04
247682,0.04
247685,0.15
247690,0.06
247701,0.01
247708,0.12
247715,0.03
247734,0.03
247758,0.03
247761,0.02
247763,0.05
247766,0.02
247774,0.14
247775,0.05
247779,0.02
247781,0.1
247783,0.21
247785,0.0
247787,0.06
247793,0.01
247798,0.03
247802,0.1
247805,0.07
247814,0.05
247816,0.12
247834,0.04
247836,0.01
247844,0.07
247849,0.08
247852,0.03
247859,0.06
247861,0.23
247867,0.06
247868,0.07
247883,0.17
247890,0.02
247892,0.17
247896,0.03
247897,0.03
247902,0.2
247904,0.01
247909,0.02
247910,0.01
247911,0.11
247929,0.06
247930,0.0
247935,0.01
247942,0.24
247950,0.02
247951,0.03
247972,0.07
247989,0.02
247993,0.04
247995,0.05
248012,0.06
248018,0.12
248019,0.16
248036,0.02
248037,0.06
248039,0.05
248040,0.15
248043,0.06
248054,0.02
248056,0.12
248068,0.17
248075,0.12
248085,0.01
248087,0.04
248089,0.06
248095,0.04
248105,0.06
248109,0.06
248115,0.05
248131,0.12
248135,0.1
248148,0.07
248154,0.1
248156,0.05
248165,0.13
248169,0.04
248173,0.16
248179,0.08
248187,0.05
248204,0.01
248207,0.19
248210,0.08
248212,0.09
248214,0.05
248229,0.07
248236,0.1
248239,0.13
248240,0.34
248246,0.02
248249,0.21
248261,0.04
248267,0.09
248268,0.06
248272,0.04
248276,0.1
248293,0.06
248303,0.09
248307,0.08
248308,0.33
248327,0.01
248330,0.15
248345,0.15
248355,0.05
248364,0.02
248368,0.1
248373,0.08
248375,0.16
248378,0.13
248390,0.04
248394,0.04
248405,0.07
248409,0.06
248411,0.07
248415,0.15
248416,0.24
248419,0.13
248421,0.05
248422,0.02
248424,0.03
248427,0.05
248429,0.23
248435,0.02
248452,0.12
248461,0.05
248467,0.04
248472,0.21
248473,0.05
248476,0.12
248488,0.16
248489,0.13
248505,0.04
248509,0.13
248510,0.18
248512,0.12
248524,0.33
248526,0.14
248528,0.02
248533,0.01
248546,0.02
248568,0.07
248570,0.07
248579,0.02
248583,0.1
248585,0.01
248586,0.05
248596,0.0
248597,0.2
248601,0.06
248605,0.25
248613,0.08
248618,0.08
248622,0.02
248626,0.07
248627,0.04
248628,0.06
248635,0.07
248636,0.13
248644,0.03
248667,0.09
248675,0.05
248677,0.1
248693,0.04
248694,0.06
248699,0.02
248706,0.25
248726,0.07
248728,0.01
248731,0.04
248736,0.16
248738,0.28
248739,0.03
248744,0.15
248745,0.08
248756,0.07
248760,0.06
248767,0.21
248770,0.05
248772,0.12
248773,0.02
248785,0.01
248789,0.01
248791,0.08
248797,0.03
248826,0.0
248853,0.04
248854,0.01
248856,0.12
248861,0.06
248869,0.24
248871,0.04
248877,0.03
248883,0.25
248891,0.04
248892,0.2
248905,0.08
248910,0.09
248914,0.01
248921,0.03
248931,0.13
248934,0.1
248951,0.03
248954,0.05
248961,0.08
248966,0.04
248968,0.1
248977,0.09
248978,0.05
248986,0.23
249000,0.0
249005,0.07
249025,0.05
249040,0.39
249045,0.11
249056,0.05
249057,0.04
249075,0.06
249084,0.03
249089,0.04
249095,0.31
249101,0.07
249113,0.1
249116,0.05
249118,0.04
249137,0.05
249140,0.1
249149,0.15
249151,0.05
249154,0.09
249155,0.07
249171,0.09
249173,0.19
249190,0.02
249191,0.01
249197,0.02
249205,0.16
249212,0.22
249228,0.07
249235,0.1
249266,0.03
249269,0.05
249277,0.11
249298,0.02
249305,0.21
249310,0.1
249313,0.13
249320,0.16
249321,0.01
249332,0.01
249333,0.2
249339,0.13
249343,0.35
249345,0.17
249347,0.13
249348,0.04
249358,0.03
249370,0.29
249382,0.09
249397,0.0
249398,0.1
249400,0.16
249403,0.31
249412,0.03
249421,0.13
249422,0.01
249426,0.01
249445,0.13
249460,0.05
249465,0.04
249467,0.03
249481,0.21
249495,0.07
249496,0.08
249505,0.05
249507,0.02
249523,0.08
249528,0.09
249532,0.29
249534,0.08
249540,0.03
249542,0.16
249557,0.03
249559,0.15
249578,0.02
249581,0.01
249588,0.15
249595,0.03
249603,0.08
249615,0.04
249630,0.05
249636,0.03
249640,0.02
249648,0.03
249657,0.1
249661,0.05
249664,0.03
249668,0.12
249677,0.08
249681,0.09
249687,0.11
249688,0.17
249695,0.49
249703,0.06
249705,0.18
249718,0.08
249719,0.11
249720,0.15
249726,0.03
249728,0.16
249742,0.02
249764,0.06
249768,0.1
249770,0.09
249774,0.04
249779,0.12
249783,0.02
249801,0.48
249808,0.07
249818,0.02
249820,0.32
249832,0.28
249839,0.03
249843,0.19
249845,0.11
249847,0.09
249878,0.21
249883,0.03
249895,0.09
249898,0.12
249906,0.04
249909,0.01
249913,0.06
249920,0.06
249921,0.02
249928,0.33
249941,0.06
249951,0.05
249955,0.13
250020,0.03
250022,0.06
250026,0.16
250038,0.15
250045,0.25
250048,0.05
250049,0.1
250051,0.04
250056,0.24
250073,0.03
250085,0.07
250088,0.2
250091,0.09
250092,0.05
250093,0.05
250095,0.11
250098,0.14
250105,0.13
250114,0.22
250127,0.21
250134,0.12
250137,0.02
250153,0.11
250156,0.2
250176,0.1
250188,0.04
250189,0.05
250211,0.1
250212,0.11
250217,0.01
250226,0.15
250236,0.63
250237,0.06
250246,0.06
250270,0.05
250276,0.31
250299,0.08
250311,0.04
250312,0.1
250319,0.05
250324,0.04
250331,0.02
250340,0.07
250347,0.02
250354,0.1
250358,0.09
250359,0.01
250361,0.24
250363,0.03
250371,0.14
250377,0.07
250381,0.02
250391,0.05
250415,0.01
250416,0.46
250430,0.32
250431,0.02
250438,0.16
250444,0.05
250453,0.17
250458,0.05
250462,0.32
250469,0.01
250473,0.05
250481,0.19
250498,0.44
250502,0.23
250508,0.02
250514,0.0
250521,0.01
250522,0.15
250530,0.0
250531,0.02
250533,0.02
250539,0.11
250541,0.03
250545,0.04
250557,0.18
250576,0.06
250579,0.0
250585,0.3
250586,0.07
250591,0.15
250592,0.03
250596,0.06
250616,0.03
250617,0.04
250632,0.06
250636,0.21
250640,0.09
250657,0.08
250658,0.19
250661,0.1
250684,0.18
250685,0.04
250691,0.14
250692,0.07
250712,0.03
250713,0.04
250719,0.11
250737,0.17
250749,0.11
250772,0.08
250773,0.16
250774,0.07
250781,0.09
250783,0.02
250810,0.12
250814,0.03
250819,0.03
250831,0.01
250855,0.02
250867,0.18
250878,0.03
250887,0.02
250889,0.03
250890,0.03
250900,0.12
250904,0.16
250909,0.03
250913,0.12
250914,0.11
250915,0.12
250918,0.08
250922,0.18
250925,0.03
250939,0.06
250949,0.03
250956,0.05
250961,0.06
250963,0.08
250965,0.05
250968,0.07
250970,0.05
250981,0.05
250990,0.0
251001,0.21
251002,0.06
251011,0.18
251013,0.07
251021,0.0
251022,0.01
251029,0.07
251046,0.02
251047,0.05
251058,0.05
251063,0.11
251064,0.09
251073,0.19
251083,0.06
251085,0.11
251091,0.1
251096,0.07
251105,0.28
251115,0.02
251123,0.03
251133,0.17
251152,0.05
251165,0.09
251180,0.17
251196,0.27
251197,0.19
251214,0.01
251215,0.35
251217,0.07
251219,0.05
251233,0.06
251234,0.19
251245,0.04
251248,0.22
251255,0.02
251267,0.02
251272,0.16
251276,0.08
251288,0.05
251297,0.0
251298,0.11
251300,0.08
251301,0.01
251302,0.02
251303,0.26
251311,0.03
251314,0.08
251322,0.07
251324,0.21
251333,0.11
251336,0.15
251341,0.03
251346,0.06
251370,0.04
251378,0.19
251396,0.06
251401,0.23
251413,0.05
251422,0.05
251423,0.07
251434,0.17
251436,0.04
251443,0.08
251445,0.12
251455,0.03
251465,0.09
251470,0.03
251475,0.27
251488,0.11
251498,0.12
251504,0.1
251506,0.13
251530,0.08
251534,0.08
251538,0.24
251543,0.08
251557,0.13
251558,0.05
251567,0.09
251575,0.25
251579,0.01
251598,0.16
251599,0.1
251606,0.03
251608,0.13
251620,0.16
251624,0.05
251629,0.02
251631,0.01
251654,0.13
251671,0.02
251677,0.07
251682,0.05
251684,0.11
251689,0.09
251700,0.17
251716,0.03
251719,0.14
251727,0.06
251731,0.22
251732,0.01
251737,0.06
251744,0.09
251750,0.03
251754,0.09
251759,0.0
251761,0.25
251762,0.05
251765,0.01
251768,0.05
251770,0.04
251777,0.05
251786,0.04
251795,0.11
251805,0.04
251833,0.06
251839,0.03
251848,0.49
251851,0.07
251893,0.0
251909,0.02
251918,0.06
251920,0.06
251922,0.2
251923,0.23
251926,0.18
251933,0.03
251938,0.05
251948,0.08
251955,0.02
251956,0.05
251957,0.22
251964,0.11
251965,0.14
251966,0.05
251972,0.01
251980,0.06
252003,0.04
252016,0.08
252028,0.11
252032,0.05
252046,0.09
252054,0.02
252060,0.11
252073,0.05
252088,0.04
252092,0.07
252096,0.06
252113,0.03
252115,0.0
252121,0.02
252133,0.09
252135,0.03
252145,0.16
252151,0.02
252167,0.11
252169,0.04
252175,0.08
252189,0.13
252190,0.13
252191,0.09
252198,0.05
252212,0.11
252223,0.01
252224,0.14
252228,0.24
252253,0.04
252257,0.34
252261,0.05
252265,0.26
252272,0.07
252273,0.09
252286,0.5
252312,0.02
252322,0.07
252326,0.09
252332,0.02
252345,0.07
252348,0.06
252354,0.05
252358,0.14
252364,0.14
252366,0.12
252369,0.15
252374,0.05
252382,0.05
252417,0.16
252425,0.2
252426,0.0
252429,0.07
252434,0.26
252447,0.06
252450,0.01
252452,0.12
252460,0.02
252463,0.04
252465,0.16
252492,0.17
252493,0.12
252518,0.17
252522,0.18
252524,0.07
252531,0.01
252533,0.03
252540,0.2
252543,0.02
252544,0.02
252555,0.06
252558,0.15
252562,0.02
252565,0.22
252568,0.02
252569,0.02
252573,0.09
252582,0.04
252596,0.04
252599,0.01
252603,0.06
252606,0.02
252630,0.14
252636,0.03
252651,0.07
252653,0.02
252679,0.32
252682,0.18
252687,0.22
252713,0.03
252715,0.03
252721,0.27
252726,0.11
252746,0.04
252754,0.01
252760,0.02
252762,0.19
252763,0.08
252764,0.1
252768,0.07
252773,0.04
252774,0.17
252782,0.07
252784,0.0
252797,0.03
252798,0.02
252809,0.01
252819,0.12
252840,0.02
252862,0.05
252863,0.17
252865,0.1
252870,0.14
252880,0.13
252881,0.01
252888,0.1
252889,0.1
252894,0.06
252899,0.02
252911,0.08
252918,0.05
252926,0.07
252929,0.05
252932,0.13
252939,0.05
252940,0.05
252970,0.02
252971,0.04
252980,0.06
252981,0.02
252986,0.12
252990,0.04
253004,0.06
253011,0.11
253015,0.04
253022,0.08
253032,0.03
253044,0.34
253056,0.07
253065,0.05
253066,0.05
253067,0.06
253079,0.0
253088,0.1
253098,0.05
253099,0.19
253112,0.15
253113,0.07
253133,0.24
253149,0.04
253151,0.08
253153,0.13
253160,0.02
253164,0.02
253169,0.18
253177,0.01
253183,0.14
253198,0.11
253206,0.16
253214,0.12
253218,0.06
253224,0.07
253227,0.05
253231,0.08
253247,0.03
253251,0.05
253262,0.05
253264,0.0
253265,0.17
253273,0.17
253275,0.05
253278,0.02
253284,0.14
253298,0.05
253313,0.12
253317,0.02
253322,0.07
253326,0.06
253332,0.49
253338,0.02
253339,0.05
253346,0.08
253348,0.3
253350,0.07
253357,0.15
253363,0.2
253365,0.06
253369,0.05
253373,0.19
253378,0.02
253383,0.28
253392,0.06
253395,0.03
253398,0.01
253410,0.07
253419,0.02
253420,0.1
253421,0.29
253441,0.08
253442,0.03
253446,0.05
253447,0.14
253465,0.05
253488,0.13
253492,0.09
253499,0.54
253500,0.15
253501,0.04
253509,0.01
253521,0.02
253534,0.05
253544,0.02
253555,0.2
253557,0.2
253559,0.03
253583,0.11
253587,0.08
253589,0.02
253591,0.0
253596,0.02
253600,0.02
253605,0.01
253620,0.02
253628,0.01
253631,0.26
253634,0.01
253639,0.01
253641,0.2
253661,0.09
253672,0.03
253679,0.02
253683,0.04
253696,0.06
253706,0.14
253708,0.14
253712,0.0
253717,0.09
253720,0.03
253731,0.04
253734,0.25
253743,0.11
253744,0.02
253748,0.03
253754,0.02
253761,0.14
253787,0.15
253788,0.06
253796,0.24
253826,0.12
253829,0.11
253837,0.11
253841,0.02
253843,0.05
253844,0.2
253845,0.07
253849,0.07
253854,0.11
253861,0.02
253863,0.03
253875,0.22
253891,0.1
253894,0.27
253895,0.14
253918,0.16
253930,0.02
253939,0.01
253940,0.05
253945,0.15
253950,0.0
253951,0.06
253964,0.33
253967,0.09
253975,0.46
253986,0.02
253998,0.16
254017,0.06
254025,0.04
254026,0.05
254031,0.07
254035,0.01
254040,0.02
254042,0.03
254047,0.01
254051,0.25
254056,0.1
254060,0.06
254068,0.13
254073,0.21
254088,0.07
254100,0.03
254110,0.23
254115,0.05
254116,0.49
254125,0.04
254130,0.06
254135,0.12
254149,0.14
254161,0.06
254167,0.1
254176,0.03
254205,0.01
254226,0.06
254228,0.1
254238,0.03
254242,0.15
254257,0.24
254261,0.12
254280,0.02
254295,0.01
254316,0.08
254325,0.08
254326,0.3
254327,0.02
254335,0.03
254342,0.1
254347,0.08
254355,0.05
254358,0.02
254359,0.03
254368,0.02
254376,0.18
254382,0.14
254383,0.07
254390,0.11
254392,0.15
254394,0.0
254400,0.02
254406,0.04
254411,0.04
254421,0.02
254435,0.07
254437,0.04
254440,0.01
254460,0.11
254470,0.03
254471,0.04
254472,0.02
254483,0.38
254493,0.0
254513,0.01
254518,0.19
254520,0.11
254534,0.02
254537,0.19
254562,0.05
254567,0.02
254577,0.07
254578,0.03
254580,0.21
254586,0.09
254591,0.11
254593,0.04
254597,0.2
254599,0.02
254613,0.04
254629,0.03
254631,0.09
254633,0.07
254639,0.09
254642,0.1
254650,0.17
254659,0.08
254662,0.09
254671,0.26
254672,0.02
254674,0.12
254676,0.26
254679,0.02
254701,0.03
254722,0.01
254728,0.05
254742,0.04
254748,0.02
254750,0.02
254751,0.01
254753,0.07
254773,0.08
254783,0.01
254805,0.09
254806,0.13
254810,0.07
254817,0.03
254820,0.04
254829,0.12
254835,0.03
254837,0.04
254843,0.07
254850,0.18
254858,0.11
254861,0.04
254884,0.02
254885,0.12
254890,0.01
254910,0.06
254916,0.03
254917,0.05
254920,0.01
254926,0.04
254928,0.06
254930,0.09
254937,0.22
254940,0.02
254953,0.14
254956,0.03
254969,0.02
254982,0.1
254988,0.15
254998,0.01
255013,0.38
255017,0.06
255018,0.02
255029,0.1
255033,0.24
255035,0.16
255061,0.35
255067,0.0
255068,0.09
255070,0.24
255084,0.03
255096,0.11
255106,0.07
255114,0.13
255117,0.06
255135,0.06
255142,0.18
255143,0.09
255146,0.16
255155,0.04
255156,0.15
255158,0.05
255167,0.04
255172,0.06
255199,0.0
255204,0.0
255206,0.05
255210,0.1
255226,0.07
255230,0.01
255253,0.17
255259,0.09
255260,0.07
255278,0.07
255288,0.02
255312,0.07
255317,0.0
255319,0.12
255320,0.37
255322,0.1
255332,0.35
255337,0.07
255344,0.0
255347,0.12
255348,0.03
255351,0.06
255366,0.21
255371,0.02
255372,0.02
255373,0.3
255377,0.05
255378,0.07
255405,0.15
255408,0.02
255425,0.19
255434,0.18
255441,0.02
255442,0.24
255451,0.09
255486,0.03
255490,0.3
255493,0.03
255501,0.08
255503,0.03
255515,0.02
255522,0.11
255526,0.12
255538,0.14
255541,0.03
255546,0.17
255549,0.1
255557,0.02
255564,0.05
255568,0.03
255572,0.06
255581,0.08
255585,0.02
255586,0.17
255596,0.13
255598,0.03
255600,0.11
255619,0.1
255620,0.0
255623,0.04
255631,0.02
255632,0.09
255633,0.2
255646,0.05
255647,0.12
255649,0.05
255659,0.03
255666,0.06
255669,0.08
255674,0.02
255675,0.02
255678,0.18
255682,0.24
255690,0.17
255691,0.03
255694,0.06
255706,0.02
255717,0.03
255720,0.0
255723,0.09
255724,0.2
255729,0.0
255731,0.09
255733,0.02
255734,0.11
255738,0.07
255760,0.02
255766,0.03
255770,0.01
255772,0.03
255775,0.03
255776,0.05
255786,0.01
255795,0.07
255797,0.14
255810,0.06
255813,0.05
255829,0.16
255830,0.03
255832,0.04
255847,0.04
255853,0.18
255876,0.04
255881,0.01
255883,0.0
255891,0.07
255899,0.0
255900,0.17
255906,0.11
255907,0.12
255911,0.08
255921,0.13
255925,0.27
255930,0.06
255941,0.02
255948,0.01
255969,0.08
255973,0.15
255974,0.04
255976,0.12
255977,0.06
255978,0.02
255981,0.06
255988,0.04
255990,0.04
255992,0.17
255998,0.05
256015,0.05
256016,0.06
256036,0.0
256045,0.06
256050,0.1
256066,0.34
256076,0.19
256080,0.04
256083,0.21
256086,0.01
256103,0.14
256108,0.0
256114,0.06
256115,0.1
256139,0.13
256141,0.08
256146,0.09
256150,0.06
256177,0.07
256179,0.05
256194,0.08
256195,0.03
256200,0.26
256204,0.05
256205,0.13
256213,0.04
256222,0.05
256224,0.05
256235,0.13
256264,0.0
256268,0.06
256276,0.07
256277,0.03
256282,0.01
256285,0.04
256293,0.06
256294,0.05
256296,0.04
256297,0.05
256315,0.12
256317,0.03
256334,0.17
256339,0.12
256342,0.26
256345,0.06
256348,0.17
256350,0.08
256351,0.14
256357,0.02
256375,0.2
256377,0.12
256379,0.14
256392,0.03
256398,0.02
256419,0.03
256422,0.02
256424,0.01
256431,0.0
256432,0.05
256438,0.14
256459,0.01
256460,0.16
256506,0.14
256507,0.02
256511,0.05
256513,0.1
256519,0.12
256533,0.06
256539,0.09
256590,0.05
256606,0.25
256614,0.08
256642,0.17
256644,0.04
256653,0.08
256663,0.04
256666,0.1
256669,0.12
256678,0.09
256685,0.19
256705,0.02
256708,0.05
256713,0.04
256715,0.12
256718,0.04
256745,0.1
256752,0.06
256753,0.12
256754,0.04
256763,0.02
256772,0.07
256773,0.23
256774,0.26
256776,0.24
256783,0.09
256790,0.01
256801,0.13
256802,0.43
256803,0.08
256808,0.03
256809,0.05
256810,0.08
256818,0.06
256824,0.0
256825,0.05
256826,0.05
256829,0.06
256834,0.15
256843,0.16
256866,0.25
256875,0.09
256876,0.01
256887,0.1
256888,0.08
256894,0.07
256909,0.02
256918,0.19
256927,0.09
256931,0.0
256933,0.12
256937,0.17
256950,0.12
256955,0.02
256962,0.07
256972,0.03
256985,0.11
256987,0.18
256993,0.02
257000,0.18
257017,0.01
257019,0.08
257020,0.23
257022,0.06
257023,0.02
257025,0.15
257050,0.03
257056,0.07
257060,0.09
257064,0.14
257066,0.02
257071,0.06
257073,0.02
257076,0.02
257084,0.1
257088,0.13
257102,0.17
257118,0.05
257119,0.08
257120,0.05
257131,0.1
257145,0.09
257150,0.04
257154,0.14
257169,0.14
257192,0.14
257200,0.06
257204,0.02
257205,0.17
257213,0.14
257216,0.01
257219,0.05
257232,0.11
257234,0.04
257244,0.16
257251,0.0
257255,0.04
257260,0.07
257263,0.28
257267,0.02
257277,0.01
257293,0.03
257294,0.06
257304,0.01
257307,0.02
257312,0.04
257324,0.2
257325,0.08
257326,0.1
257353,0.02
257354,0.0
257369,0.05
257372,0.05
257375,0.09
257388,0.12
257393,0.04
257395,0.01
257399,0.1
257406,0.07
257409,0.06
257437,0.1
257441,0.06
257442,0.13
257473,0.02
257476,0.08
257477,0.24
257483,0.17
257500,0.09
257506,0.22
257508,0.05
257511,0.16
257514,0.01
257527,0.25
257528,0.04
257545,0.1
257546,0.05
257548,0.03
257551,0.02
257564,0.01
257565,0.06
257567,0.04
257572,0.07
257575,0.23
257577,0.22
257578,0.0
257585,0.0
257589,0.18
257590,0.07
257594,0.08
257596,0.02
257614,0.25
257618,0.27
257624,0.16
257632,0.02
257638,0.03
257644,0.17
257650,0.11
257653,0.09
257660,0.24
257663,0.05
257665,0.19
257677,0.1
257678,0.01
257690,0.07
257700,0.06
257711,0.05
257712,0.35
257715,0.01
257718,0.04
257720,0.02
257740,0.14
257748,0.02
257765,0.07
257768,0.21
257777,0.03
257778,0.06
257785,0.16
257789,0.1
257794,0.13
257796,0.02
257821,0.03
257823,0.25
257832,0.04
257844,0.17
257848,0.27
257854,0.01
257861,0.09
257872,0.13
257875,0.14
257876,0.1
257883,0.01
257888,0.03
257895,0.09
257900,0.02
257906,0.02
257907,0.33
257920,0.13
257921,0.12
257926,0.04
257932,0.03
257940,0.07
257947,0.13
257953,0.14
257958,0.02
257967,0.07
257977,0.08
257986,0.0
258012,0.07
258013,0.06
258031,0.08
258034,0.01
258037,0.37
258051,0.29
258056,0.03
258058,0.08
258066,0.03
258074,0.05
258077,0.01
258090,0.13
258109,0.07
258114,0.08
258124,0.06
258127,0.08
258141,0.04
258148,0.1
258151,0.14
258163,0.08
258166,0.02
258169,0.06
258179,0.15
258190,0.07
258193,0.18
258207,0.32
258220,0.04
258222,0.09
258223,0.03
258225,0.06
258227,0.0
258231,0.11
258233,0.21
258249,0.02
258255,0.06
258259,0.19
258276,0.04
258281,0.19
258302,0.05
258305,0.12
258310,0.09
258334,0.13
258335,0.1
258338,0.02
258345,0.06
258360,0.0
258363,0.08
258381,0.13
258384,0.08
258387,0.03
258400,0.08
258402,0.11
258406,0.19
258408,0.26
258432,0.05
258443,0.02
258461,0.05
258488,0.1
258489,0.05
258508,0.03
258524,0.04
258527,0.01
258545,0.02
258549,0.03
258560,0.09
258565,0.09
258567,0.06
258575,0.09
258590,0.02
258591,0.08
258592,0.08
258603,0.15
258606,0.11
258610,0.11
258627,0.08
258631,0.0
258637,0.1
258638,0.06
258640,0.05
258645,0.08
258651,0.0
258652,0.12
258653,0.12
258662,0.05
258663,0.01
258671,0.06
258679,0.12
258685,0.02
258686,0.23
258697,0.03
258705,0.16
258723,0.23
258724,0.05
258734,0.02
258763,0.0
258764,0.11
258771,0.06
258773,0.04
258782,0.09
258784,0.03
258790,0.05
258811,0.01
258817,0.08
258818,0.11
258832,0.12
258837,0.26
258841,0.21
258842,0.0
258843,0.19
258860,0.11
258875,0.06
258881,0.07
258887,0.0
258889,0.08
258924,0.12
258925,0.24
258948,0.09
258949,0.01
258963,0.18
258964,0.01
258966,0.2
258973,0.07
258974,0.0
258979,0.13
258989,0.07
258997,0.1
259001,0.04
259013,0.19
259018,0.18
259020,0.27
259031,0.15
259044,0.16
259050,0.35
259064,0.04
259078,0.08
259088,0.16
259124,0.02
259125,0.01
259135,0.01
259137,0.05
259146,0.0
259148,0.36
259168,0.05
259178,0.05
259194,0.0
259198,0.02
259204,0.04
259209,0.05
259223,0.05
259228,0.09
259234,0.24
259237,0.14
259246,0.06
259247,0.03
259249,0.06
259264,0.1
259274,0.09
259281,0.16
259283,0.12
259284,0.09
259285,0.02
259286,0.01
259291,0.27
259304,0.02
259309,0.04
259322,0.03
259323,0.28
259331,0.11
259339,0.05
259344,0.07
259350,0.04
259353,0.04
259356,0.04
259365,0.1
259377,0.13
259397,0.02
259403,0.07
259411,0.01
259415,0.08
259420,0.09
259423,0.06
259424,0.02
259431,0.02
259434,0.04
259438,0.15
259439,0.06
259441,0.01
259452,0.05
259460,0.06
259471,0.01
259483,0.12
259494,0.04
259496,0.05
259500,0.11
259512,0.06
259526,0.05
259528,0.04
259548,0.0
259568,0.04
259593,0.1
259603,0.08
259611,0.04
259620,0.11
259621,0.29
259623,0.15
259633,0.1
259648,0.0
259678,0.0
259691,0.05
259693,0.18
259708,0.14
259720,0.12
259734,0.03
259741,0.07
259749,0.02
259750,0.0
259752,0.1
259755,0.04
259759,0.1
259776,0.03
259779,0.13
259790,0.16
259797,0.01
259799,0.06
259804,0.05
259807,0.06
259810,0.02
259811,0.22
259822,0.07
259833,0.02
259838,0.01
259844,0.23
259846,0.11
259848,0.02
259861,0.09
259867,0.03
259876,0.11
259880,0.08
259897,0.19
259908,0.22
259912,0.03
259920,0.08
259922,0.04
259928,0.09
259932,0.01
259946,0.0
259962,0.15
259982,0.09
259985,0.07
259994,0.23
259996,0.13
260000,0.09
260007,0.28
260018,0.12
260021,0.12
260038,0.04
260051,0.07
260052,0.04
260070,0.1
260074,0.03
260080,0.05
260092,0.03
260097,0.0
260101,0.03
260108,0.06
260117,0.07
260129,0.03
260142,0.01
260145,0.03
260146,0.27
260147,0.08
260148,0.37
260153,0.03
260156,0.02
260171,0.0
260202,0.02
260221,0.05
260222,0.08
260226,0.18
260227,0.07
260247,0.05
260251,0.09
260261,0.01
260264,0.02
260266,0.07
260268,0.12
260289,0.03
260301,0.01
260316,0.04
260348,0.04
260359,0.15
260364,0.17
260391,0.16
260422,0.17
260435,0.03
260438,0.06
260446,0.02
260447,0.18
260458,0.13
260461,0.14
260469,0.09
260471,0.01
260482,0.41
260484,0.05
260487,0.22
260489,0.04
260500,0.05
260508,0.02
260509,0.1
260512,0.08
260525,0.01
260530,0.01
260533,0.09
260538,0.13
260541,0.25
260546,0.06
260551,0.02
260556,0.34
260561,0.01
260566,0.06
260572,0.1
260579,0.11
260582,0.1
260583,0.06
260584,0.12
260586,0.15
260589,0.04
260608,0.18
260632,0.08
260634,0.07
260635,0.21
260645,0.05
260659,0.1
260665,0.07
260673,0.11
260675,0.15
260676,0.05
260700,0.18
260721,0.3
260723,0.12
260732,0.06
260738,0.01
260748,0.05
260782,0.1
260806,0.05
260820,0.09
260825,0.11
260830,0.01
260844,0.05
260858,0.11
260860,0.1
260863,0.15
260867,0.03
260875,0.01
260877,0.2
260902,0.3
260910,0.07
260913,0.03
260923,0.04
260926,0.21
260936,0.1
260937,0.16
260948,0.24
260949,0.1
260959,0.05
260962,0.16
260986,0.15
260988,0.04
260992,0.05
260997,0.15
261007,0.21
261031,0.04
261039,0.11
261044,0.02
261055,0.1
261058,0.11
261069,0.03
261079,0.1
261084,0.05
261097,0.2
261101,0.05
261111,0.13
261115,0.07
261116,0.29
261121,0.13
261124,0.07
261126,0.04
261132,0.04
261161,0.01
261162,0.02
261175,0.12
261187,0.04
261191,0.03
261195,0.03
261197,0.1
261204,0.0
261231,0.06
261248,0.03
261263,0.2
261268,0.2
261273,0.17
261274,0.11
261277,0.32
261283,0.08
261293,0.08
261302,0.3
261309,0.03
261318,0.06
261340,0.16
261346,0.1
261355,0.09
261357,0.07
261365,0.05
261366,0.12
261376,0.04
261380,0.04
261385,0.42
261403,0.03
261416,0.15
261424,0.35
261425,0.09
261431,0.0
261433,0.06
261435,0.08
261440,0.02
261450,0.04
261456,0.34
261464,0.16
261465,0.13
261473,0.02
261475,0.11
261476,0.16
261480,0.05
261481,0.02
261495,0.07
261500,0.0
261506,0.02
261544,0.03
261551,0.02
261566,0.23
261573,0.08
261587,0.05
261592,0.01
261594,0.0
261626,0.01
261635,0.06
261649,0.02
261653,0.07
261660,0.25
261668,0.08
261669,0.04
261676,0.01
261688,0.02
261691,0.08
261699,0.04
261704,0.08
261718,0.23
261719,0.05
261735,0.04
261742,0.01
261746,0.32
261749,0.09
261759,0.05
261763,0.09
261772,0.01
261795,0.13
261798,0.07
261804,0.03
261806,0.08
261813,0.19
261814,0.05
261827,0.01
261835,0.03
261839,0.15
261840,0.15
261845,0.0
261846,0.06
261850,0.03
261853,0.03
261870,0.23
261871,0.06
261883,0.22
261885,0.03
261888,0.07
261892,0.01
261895,0.04
261906,0.04
261912,0.1
261918,0.02
261926,0.02
261930,0.02
261947,0.02
261956,0.02
261958,0.06
261960,0.12
261961,0.34
261965,0.03
261967,0.39
261968,0.01
261974,0.06
261980,0.14
261981,0.06
261983,0.06
261992,0.09
261998,0.02
262002,0.14
262006,0.04
262014,0.01
262017,0.1
262021,0.2
262038,0.15
262040,0.01
262043,0.1
262052,0.13
262054,0.13
262056,0.03
262058,0.02
262062,0.09
262065,0.13
262067,0.08
262070,0.11
262078,0.01
262084,0.11
262091,0.4
262092,0.13
262112,0.06
262114,0.09
262132,0.07
262140,0.34
262152,0.23
262159,0.03
262172,0.12
262180,0.13
262181,0.05
262188,0.67
262202,0.03
262206,0.06
262213,0.08
262227,0.06
262239,0.08
262243,0.01
262246,0.02
262251,0.06
262269,0.06
262272,0.03
262276,0.07
262277,0.05
262278,0.13
262281,0.04
262298,0.11
262308,0.01
262316,0.03
262320,0.06
262321,0.33
262337,0.27
262354,0.3
262362,0.09
262364,0.02
262365,0.02
262372,0.17
262373,0.03
262380,0.05
262392,0.05
262399,0.03
262407,0.18
262418,0.2
262429,0.18
262430,0.02
262446,0.03
262455,0.0
262459,0.15
262475,0.07
262478,0.31
262492,0.05
262520,0.1
262535,0.14
262537,0.02
262538,0.26
262541,0.0
262554,0.15
262559,0.15
262561,0.06
262562,0.01
262575,0.27
262576,0.1
262579,0.04
262581,0.16
262590,0.07
262599,0.02
262607,0.02
262608,0.05
262613,0.07
262620,0.0
262621,0.39
262622,0.03
262623,0.11
262629,0.05
262633,0.04
262650,0.03
262655,0.03
262659,0.04
262660,0.18
262663,0.05
262665,0.14
262666,0.12
262679,0.02
262681,0.2
262702,0.1
262705,0.09
262716,0.06
262725,0.12
262732,0.03
262743,0.05
262749,0.15
262752,0.13
262756,0.11
262758,0.06
262772,0.11
262784,0.09
262791,0.1
262793,0.32
262802,0.13
262814,0.23
262817,0.06
262820,0.01
262827,0.04
262832,0.01
262845,0.04
262847,0.08
262859,0.18
262862,0.13
262864,0.06
262865,0.11
262887,0.0
262914,0.09
262939,0.05
262943,0.13
262958,0.09
262963,0.14
262970,0.01
262979,0.29
262986,0.0
263004,0.02
263015,0.05
263016,0.03
263028,0.16
263029,0.07
263031,0.06
263044,0.07
263046,0.19
263056,0.13
263059,0.03
263061,0.28
263077,0.01
263087,0.04
263105,0.14
263116,0.16
263120,0.1
263127,0.49
263137,0.05
263166,0.09
263175,0.13
263184,0.05
263185,0.06
263205,0.06
263208,0.04
263210,0.19
263220,0.04
263224,0.12
263228,0.08
263240,0.03
263243,0.16
263288,0.16
263290,0.09
263306,0.01
263312,0.07
263319,0.09
263326,0.03
263331,0.03
263339,0.07
263347,0.04
263353,0.01
263355,0.25
263368,0.36
263408,0.07
263414,0.04
263421,0.04
263440,0.14
263458,0.04
263460,0.04
263475,0.04
263477,0.07
263479,0.02
263489,0.11
263492,0.17
263493,0.1
263498,0.01
263510,0.05
263513,0.02
263514,0.01
263517,0.12
263518,0.01
263548,0.09
263561,0.15
263564,0.08
263565,0.07
263576,0.03
263580,0.3
263582,0.0
263584,0.02
263593,0.25
263594,0.07
263598,0.02
263602,0.13
263611,0.09
263640,0.13
263642,0.02
263643,0.1
263646,0.07
263658,0.01
263664,0.01
263683,0.03
263703,0.1
263705,0.08
263709,0.01
263715,0.04
263728,0.19
263732,0.07
263735,0.15
263748,0.12
263750,0.01
263751,0.07
263759,0.04
263763,0.06
263765,0.02
263780,0.05
263783,0.11
263786,0.18
263794,0.14
263799,0.01
263802,0.18
263803,0.11
263820,0.11
263846,0.13
263857,0.01
263858,0.06
263860,0.25
263864,0.02
263870,0.0
263879,0.11
263881,0.09
263882,0.07
263895,0.11
263909,0.25
263918,0.08
263940,0.06
263945,0.05
263946,0.04
263947,0.14
263948,0.03
263962,0.13
263972,0.19
263974,0.01
263981,0.08
263984,0.06
263992,0.47
264001,0.07
264007,0.08
264010,0.03
264011,0.23
264015,0.1
264023,0.09
264030,0.03
264033,0.03
264037,0.06
264043,0.03
264044,0.07
264045,0.2
264050,0.04
264055,0.06
264059,0.06
264060,0.3
264062,0.09
264069,0.14
264077,0.03
264078,0.02
264087,0.0
264094,0.16
264095,0.25
264112,0.06
264113,0.14
264131,0.03
264145,0.13
264148,0.04
264157,0.12
264161,0.05
264173,0.17
264188,0.04
264195,0.07
264198,0.14
264199,0.01
264207,0.14
264209,0.06
264226,0.03
264227,0.07
264243,0.02
264246,0.25
264252,0.07
264254,0.09
264259,0.06
264274,0.02
264280,0.34
264285,0.11
264299,0.08
264331,0.03
264334,0.04
264338,0.03
264341,0.09
264344,0.11
264347,0.25
264350,0.08
264360,0.06
264365,0.03
264367,0.05
264378,0.13
264381,0.1
264397,0.04
264401,0.09
264405,0.01
264417,0.06
264422,0.09
264423,0.07
264424,0.03
264436,0.29
264441,0.07
264451,0.06
264453,0.04
264457,0.09
264460,0.04
264464,0.1
264469,0.07
264485,0.04
264491,0.17
264505,0.07
264535,0.07
264538,0.11
264541,0.06
264544,0.07
264545,0.14
264549,0.07
264557,0.14
264563,0.07
264569,0.05
264574,0.14
264587,0.08
264608,0.05
264610,0.22
264621,0.04
264627,0.07
264642,0.12
264644,0.01
264655,0.06
264660,0.02
264667,0.1
264691,0.11
264694,0.19
264695,0.0
264700,0.01
264709,0.0
264712,0.05
264714,0.05
264722,0.04
264728,0.01
264742,0.08
264744,0.03
264748,0.05
264760,0.08
264763,0.13
264771,0.1
264773,0.02
264782,0.31
264786,0.08
264787,0.0
264809,0.08
264811,0.01
264822,0.11
264823,0.12
264831,0.08
264834,0.2
264841,0.06
264848,0.19
264849,0.14
264863,0.25
264867,0.08
264874,0.06
264875,0.0
264877,0.02
264897,0.09
264900,0.04
264906,0.04
264909,0.06
264913,0.0
264922,0.05
264924,0.0
264927,0.16
264935,0.06
264938,0.23
264968,0.01
264975,0.16
264979,0.02
264989,0.01
265001,0.23
265009,0.05
265014,0.09
265016,0.08
265027,0.22
265049,0.02
265061,0.25
265062,0.06
265068,0.0
265072,0.1
265100,0.07
265105,0.03
265106,0.04
265110,0.01
265123,0.04
265126,0.26
265131,0.1
265134,0.13
265144,0.11
265146,0.2
265154,0.06
265164,0.1
265170,0.07
265172,0.03
265173,0.04
265178,0.06
265187,0.19
265191,0.23
265194,0.21
265216,0.02
265228,0.01
265231,0.05
265232,0.04
265233,0.0
265242,0.24
265243,0.01
265246,0.03
265259,0.13
265265,0.2
265266,0.02
265268,0.12
265280,0.02
265287,0.02
265297,0.06
265298,0.06
265300,0.03
265301,0.14
265305,0.29
265307,0.08
265314,0.17
265320,0.07
265331,0.12
265333,0.17
265336,0.04
265337,0.11
265344,0.03
265346,0.09
265371,0.02
265380,0.09
265386,0.02
265389,0.05
265409,0.15
265414,0.09
265415,0.01
265419,0.0
265422,0.07
265457,0.07
265461,0.08
265463,0.21
265468,0.15
265474,0.17
265478,0.07
265480,0.39
265488,0.08
265493,0.11
265510,0.1
265519,0.06
265521,0.12
265529,0.08
265533,0.13
265577,0.08
265591,0.18
265596,0.33
265607,0.09
265618,0.15
265619,0.04
265620,0.08
265628,0.06
265661,0.03
265669,0.04
265680,0.16
265707,0.25
265714,0.07
265716,0.02
265717,0.12
265718,0.19
265723,0.03
265730,0.03
265732,0.0
265744,0.24
265751,0.13
265760,0.22
265777,0.06
265783,0.13
265791,0.09
265792,0.04
265797,0.07
265798,0.01
265806,0.24
265815,0.04
265816,0.24
265821,0.02
265833,0.02
265854,0.12
265856,0.16
265858,0.04
265862,0.09
265863,0.11
265879,0.17
265881,0.07
265894,0.05
265895,0.47
265896,0.0
265898,0.07
265900,0.13
265907,0.03
265910,0.13
265917,0.19
265941,0.18
265955,0.08
265957,0.23
265961,0.0
265966,0.04
265969,0.28
265974,0.22
265976,0.06
265979,0.05
265985,0.01
265988,0.02
265990,0.2
265991,0.06
265993,0.05
265995,0.22
266009,0.09
266010,0.06
266014,0.13
266020,0.09
266022,0.12
266029,0.07
266045,0.05
266057,0.08
266060,0.13
266065,0.04
266071,0.0
266072,0.16
266074,0.01
266076,0.17
266089,0.14
266091,0.04
266097,0.05
266099,0.2
266106,0.09
266117,0.14
266120,0.19
266129,0.01
266132,0.02
266139,0.21
266140,0.16
266141,0.08
266146,0.35
266149,0.04
266159,0.02
266165,0.0
266171,0.26
266173,0.09
266177,0.19
266179,0.05
266186,0.07
266210,0.24
266227,0.08
266266,0.04
266291,0.08
266319,0.18
266321,0.09
266323,0.0
266329,0.02
266331,0.04
266333,0.27
266334,0.09
266338,0.09
266340,0.06
266344,0.18
266354,0.06
266359,0.05
266362,0.03
266364,0.0
266365,0.08
266379,0.04
266380,0.26
266387,0.01
266393,0.04
266396,0.01
266406,0.05
266418,0.19
266424,0.0
266440,0.06
266442,0.03
266444,0.15
266453,0.12
266455,0.05
266461,0.05
266462,0.05
266465,0.13
266466,0.09
266468,0.58
266471,0.07
266479,0.08
266499,0.19
266536,0.16
266543,0.13
266544,0.07
266556,0.13
266561,0.05
266573,0.04
266578,0.02
266590,0.22
266596,0.1
266624,0.12
266629,0.11
266635,0.06
266644,0.06
266650,0.03
266659,0.04
266666,0.08
266668,0.02
266674,0.22
266680,0.31
266686,0.16
266714,0.16
266730,0.07
266734,0.2
266740,0.14
266745,0.02
266749,0.08
266750,0.02
266751,0.05
266752,0.05
266753,0.1
266759,0.13
266763,0.09
266766,0.03
266783,0.08
266805,0.0
266812,0.0
266813,0.16
266816,0.19
266819,0.11
266820,0.3
266833,0.09
266842,0.08
266847,0.12
266848,0.04
266865,0.35
266867,0.12
266874,0.08
266885,0.06
266888,0.04
266890,0.14
266932,0.07
266941,0.22
266942,0.08
266948,0.01
266959,0.0
266977,0.04
266983,0.01
266984,0.11
266999,0.08
267000,0.21
267023,0.47
267031,0.05
267035,0.09
267046,0.02
267050,0.01
267058,0.04
267070,0.03
267079,0.05
267080,0.08
267093,0.15
267094,0.05
267102,0.04
267107,0.01
267108,0.07
267113,0.04
267127,0.04
267136,0.0
267143,0.01
267155,0.14
267180,0.01
267182,0.04
267184,0.04
267192,0.07
267195,0.09
267220,0.01
267228,0.01
267237,0.1
267241,0.04
267242,0.19
267247,0.17
267259,0.12
267260,0.04
267265,0.06
267269,0.23
267272,0.1
267275,0.02
267282,0.41
267284,0.54
267294,0.04
267298,0.09
267304,0.04
267316,0.34
267324,0.02
267327,0.05
267333,0.02
267338,0.04
267341,0.07
267342,0.2
267344,0.08
267345,0.35
267347,0.1
267361,0.09
267374,0.04
267379,0.04
267380,0.05
267382,0.04
267394,0.04
267403,0.11
267405,0.12
267412,0.0
267421,0.24
267437,0.04
267438,0.04
267443,0.03
267446,0.04
267460,0.08
267466,0.33
267469,0.11
267474,0.05
267488,0.02
267490,0.01
267496,0.35
267499,0.12
267501,0.1
267518,0.29
267522,0.27
267524,0.09
267532,0.05
267535,0.24
267547,0.03
267550,0.05
267559,0.08
267581,0.02
267586,0.06
267588,0.13
267592,0.02
267597,0.01
267600,0.03
267608,0.05
267620,0.0
267625,0.09
267628,0.06
267633,0.08
267639,0.08
267649,0.05
267659,0.05
267662,0.06
267671,0.03
267672,0.06
267677,0.09
267679,0.06
267682,0.03
267687,0.06
267689,0.02
267690,0.01
267707,0.22
267709,0.01
267716,0.04
267738,0.05
267744,0.16
267752,0.03
267754,0.21
267755,0.24
267757,0.09
267758,0.08
267767,0.33
267771,0.1
267808,0.15
267815,0.16
267833,0.24
267841,0.07
267843,0.09
267847,0.07
267857,0.04
267869,0.3
267881,0.25
267887,0.05
267890,0.04
267892,0.19
267895,0.07
267899,0.07
267906,0.02
267912,0.16
267917,0.06
267927,0.01
267930,0.03
267934,0.05
267950,0.01
267965,0.21
267966,0.01
267976,0.02
267998,0.02
267999,0.06
268012,0.06
268013,0.08
268014,0.01
268020,0.01
268028,0.15
268032,0.02
268039,0.08
268041,0.07
268046,0.02
268059,0.14
268064,0.08
268066,0.17
268073,0.23
268077,0.06
268085,0.0
268090,0.08
268109,0.27
268139,0.14
268151,0.08
268153,0.1
268155,0.34
268163,0.03
268166,0.05
268185,0.0
268189,0.01
268190,0.1
268192,0.03
268211,0.24
268213,0.05
268214,0.0
268220,0.18
268225,0.04
268227,0.19
268230,0.08
268247,0.34
268250,0.02
268268,0.08
268269,0.09
268271,0.09
268274,0.09
268280,0.19
268291,0.15
268299,0.05
268301,0.12
268306,0.01
268307,0.05
268310,0.0
268317,0.3
268328,0.02
268329,0.02
268337,0.03
268338,0.0
268357,0.03
268363,0.1
268373,0.02
268380,0.12
268386,0.05
268394,0.0
268407,0.08
268411,0.12
268417,0.08
268421,0.11
268422,0.13
268426,0.12
268427,0.11
268439,0.3
268445,0.07
268446,0.04
268459,0.13
268465,0.15
268466,0.13
268495,0.03
268497,0.05
268504,0.07
268508,0.08
268513,0.16
268525,0.13
268545,0.02
268546,0.12
268550,0.04
268568,0.01
268570,0.16
268590,0.02
268591,0.09
268602,0.08
268609,0.08
268616,0.06
268623,0.09
268645,0.24
268652,0.35
268668,0.13
268685,0.04
268707,0.03
268711,0.17
268714,0.0
268736,0.04
268746,0.29
268747,0.04
268749,0.12
268760,0.16
268761,0.04
268764,0.37
268781,0.0
268790,0.09
268799,0.05
268809,0.08
268814,0.04
268817,0.13
268822,0.04
268827,0.1
268828,0.1
268829,0.05
268845,0.16
268853,0.02
268859,0.03
268900,0.03
268911,0.0
268913,0.43
268917,0.24
268930,0.18
268934,0.04
268935,0.3
268938,0.16
268948,0.13
268950,0.05
268958,0.03
268975,0.05
268982,0.0
268983,0.16
268997,0.01
269009,0.12
269012,0.14
269017,0.13
269031,0.15
269038,0.15
269041,0.3
269045,0.06
269050,0.03
269056,0.05
269058,0.05
269060,0.03
269067,0.13
269082,0.27
269098,0.16
269105,0.05
269117,0.15
269123,0.12
269128,0.1
269143,0.07
269149,0.2
269162,0.15
269168,0.04
269172,0.15
269175,0.08
269189,0.06
269194,0.05
269197,0.07
269204,0.09
269211,0.02
269217,0.18
269222,0.04
269227,0.08
269228,0.09
269232,0.05
269250,0.23
269251,0.03
269257,0.26
269262,0.02
269263,0.07
269267,0.07
269275,0.11
269276,0.04
269279,0.01
269293,0.21
269300,0.07
269305,0.04
269309,0.07
269317,0.16
269352,0.26
269377,0.1
269378,0.06
269389,0.07
269392,0.01
269394,0.03
269402,0.27
269408,0.01
269410,0.03
269417,0.02
269421,0.18
269462,0.08
269481,0.0
269488,0.27
269489,0.03
269491,0.12
269495,0.02
269503,0.0
269510,0.13
269515,0.25
269522,0.0
269523,0.03
269536,0.0
269537,0.01
269549,0.03
269571,0.23
269576,0.02
269587,0.11
269595,0.1
269601,0.13
269610,0.47
269618,0.04
269620,0.04
269623,0.02
269637,0.09
269642,0.03
269652,0.18
269655,0.0
269661,0.11
269663,0.23
269665,0.05
269666,0.11
269667,0.01
269673,0.13
269693,0.02
269701,0.12
269702,0.04
269704,0.09
269718,0.05
269727,0.06
269732,0.03
269736,0.06
269738,0.01
269741,0.01
269744,0.01
269749,0.34
269750,0.05
269758,0.0
269775,0.22
269776,0.04
269777,0.08
269789,0.01
269794,0.06
269797,0.11
269807,0.22
269813,0.08
269844,0.04
269848,0.07
269871,0.07
269877,0.08
269878,0.02
269887,0.09
269904,0.03
269913,0.27
269938,0.04
269941,0.17
269953,0.14
269954,0.05
269955,0.08
269958,0.05
269960,0.05
269966,0.02
269975,0.05
269978,0.07
269989,0.04
269993,0.02
269998,0.11
270001,0.03
270020,0.03
270023,0.05
270028,0.11
270048,0.07
270061,0.0
270062,0.19
270096,0.15
270108,0.06
270118,0.06
270120,0.05
270122,0.03
270127,0.19
270131,0.21
270142,0.02
270146,0.04
270148,0.06
270152,0.03
270165,0.02
270170,0.03
270188,0.01
270204,0.19
270235,0.01
270243,0.23
270254,0.11
270265,0.07
270270,0.34
270287,0.01
270295,0.14
270296,0.03
270302,0.02
270304,0.13
270307,0.03
270310,0.14
270317,0.02
270324,0.13
270326,0.09
270337,0.08
270363,0.19
270371,0.01
270373,0.08
270375,0.07
270376,0.07
270379,0.03
270383,0.2
270390,0.04
270393,0.1
270402,0.01
270410,0.0
270411,0.05
270412,0.2
270415,0.04
270417,0.2
270436,0.21
270440,0.05
270449,0.02
270450,0.11
270457,0.16
270460,0.01
270461,0.03
270467,0.02
270473,0.23
270486,0.14
270488,0.09
270513,0.05
270518,0.07
270522,0.02
270526,0.06
270532,0.04
270545,0.34
270548,0.14
270550,0.02
270562,0.22
270564,0.05
270571,0.03
270572,0.05
270574,0.05
270575,0.1
270579,0.07
270612,0.29
270613,0.29
270622,0.04
270636,0.02
270643,0.02
270644,0.02
270645,0.06
270658,0.09
270661,0.12
270665,0.04
270676,0.13
270685,0.1
270695,0.2
270712,0.03
270719,0.04
270740,0.06
270753,0.06
270756,0.07
270759,0.06
270760,0.05
270764,0.07
270767,0.02
270778,0.0
270782,0.15
270794,0.12
270795,0.29
270799,0.03
270807,0.03
270821,0.14
270826,0.15
270829,0.05
270831,0.03
270843,0.17
270844,0.1
270847,0.08
270854,0.03
270856,0.17
270861,0.02
270862,0.05
270864,0.2
270881,0.08
270883,0.1
270885,0.37
270888,0.11
270894,0.01
270906,0.08
270914,0.03
270919,0.17
270935,0.03
270945,0.16
270957,0.04
270966,0.1
270970,0.11
270971,0.11
270976,0.15
270977,0.25
270978,0.1
270979,0.05
270982,0.04
270987,0.12
270989,0.13
270991,0.08
270992,0.05
270993,0.04
270997,0.26
271010,0.32
271025,0.05
271037,0.14
271038,0.01
271054,0.06
271056,0.09
271065,0.05
271070,0.16
271095,0.02
271099,0.0
271102,0.03
271103,0.03
271105,0.13
271106,0.06
271117,0.01
271134,0.28
271135,0.11
271137,0.17
271145,0.12
271149,0.1
271195,0.04
271199,0.15
271200,0.21
271220,0.05
271233,0.05
271234,0.23
271236,0.15
271248,0.0
271250,0.36
271251,0.08
271255,0.01
271261,0.02
271269,0.03
271276,0.05
271296,0.23
271304,0.1
271314,0.01
271318,0.06
271322,0.01
271325,0.11
271354,0.07
271355,0.0
271359,0.09
271361,0.03
271363,0.43
271367,0.18
271368,0.14
271369,0.03
271393,0.2
271409,0.2
271415,0.04
271418,0.15
271429,0.13
271431,0.05
271432,0.11
271442,0.09
271446,0.14
271448,0.1
271450,0.24
271452,0.01
271460,0.15
271461,0.28
271472,0.18
271496,0.02
271515,0.04
271527,0.15
271537,0.18
271544,0.07
271562,0.14
271565,0.08
271566,0.21
271567,0.08
271570,0.18
271576,0.16
271582,0.14
271586,0.14
271593,0.06
271598,0.06
271606,0.13
271607,0.03
271616,0.27
271617,0.05
271624,0.09
271638,0.09
271652,0.02
271657,0.03
271662,0.08
271665,0.05
271667,0.1
271670,0.05
271675,0.1
271679,0.13
271682,0.08
271696,0.08
271699,0.0
271733,0.06
271739,0.05
271746,0.0
271753,0.05
271756,0.15
271762,0.05
271777,0.05
271781,0.03
271785,0.01
271786,0.02
271790,0.04
271801,0.2
271806,0.09
271807,0.1
271810,0.07
271811,0.06
271815,0.07
271847,0.02
271875,0.01
271878,0.15
271880,0.11
271883,0.07
271911,0.14
271912,0.04
271914,0.22
271922,0.07
271933,0.04
271945,0.02
271952,0.08
271954,0.08
271961,0.01
271967,0.04
271969,0.02
271980,0.11
271989,0.06
271991,0.31
272000,0.09
272004,0.08
272010,0.05
272013,0.24
272029,0.07
272030,0.06
272031,0.02
272035,0.04
272040,0.25
272043,0.04
272055,0.09
272068,0.04
272075,0.24
272081,0.03
272090,0.1
272104,0.06
272116,0.05
272121,0.05
272129,0.02
272143,0.12
272146,0.02
272148,0.22
272152,0.2
272167,0.05
272180,0.09
272192,0.01
272201,0.14
272205,0.05
272209,0.14
272211,0.05
272228,0.03
272233,0.26
272235,0.07
272249,0.24
272267,0.13
272270,0.1
272276,0.03
272302,0.17
272303,0.03
272308,0.05
272309,0.07
272311,0.08
272313,0.04
272353,0.09
272366,0.03
272367,0.1
272371,0.13
272381,0.06
272404,0.12
272405,0.09
272418,0.1
272419,0.01
272425,0.12
272438,0.14
272444,0.05
272445,0.03
272462,0.03
272474,0.06
272478,0.11
272479,0.13
272480,0.08
272482,0.01
272511,0.33
272512,0.0
272516,0.03
272517,0.06
272522,0.08
272537,0.04
272555,0.02
272564,0.09
272566,0.23
272573,0.01
272575,0.06
272583,0.12
272593,0.05
272627,0.08
272628,0.07
272630,0.03
272632,0.01
272635,0.43
272636,0.17
272661,0.06
272669,0.03
272672,0.04
272681,0.05
272682,0.06
272691,0.04
272697,0.06
272706,0.08
272708,0.03
272717,0.05
272722,0.02
272723,0.02
272737,0.03
272744,0.05
272752,0.24
272757,0.02
272760,0.07
272763,0.12
272768,0.14
272779,0.01
272781,0.23
272787,0.14
272795,0.14
272799,0.04
272820,0.08
272821,0.04
272829,0.05
272852,0.04
272863,0.19
272878,0.01
272886,0.01
272891,0.18
272903,0.1
272914,0.02
272928,0.25
272937,0.14
272938,0.06
272944,0.11
272965,0.22
272967,0.05
272969,0.06
272983,0.07
272998,0.09
273002,0.13
273005,0.01
273010,0.04
273011,0.09
273017,0.07
273021,0.08
273023,0.27
273027,0.05
273035,0.08
273047,0.13
273053,0.05
273060,0.23
273062,0.02
273074,0.08
273078,0.11
273079,0.14
273087,0.09
273107,0.04
273109,0.02
273112,0.1
273113,0.15
273117,0.11
273121,0.52
273137,0.09
273156,0.03
273157,0.13
273177,0.08
273192,0.03
273193,0.03
273194,0.04
273198,0.12
273199,0.0
273206,0.21
273213,0.05
273235,0.06
273244,0.01
273247,0.15
273248,0.16
273254,0.01
273259,0.07
273270,0.02
273272,0.06
273287,0.09
273289,0.17
273294,0.04
273301,0.12
273304,0.14
273313,0.15
273314,0.09
273333,0.09
273336,0.19
273343,0.06
273353,0.11
273359,0.02
273371,0.02
273402,0.2
273415,0.02
273420,0.25
273424,0.08
273428,0.01
273429,0.05
273443,0.1
273457,0.02
273458,0.06
273467,0.23
273477,0.06
273482,0.06
273495,0.05
273496,0.03
273503,0.05
273507,0.14
273508,0.09
273510,0.1
273524,0.19
273552,0.07
273556,0.05
273566,0.05
273579,0.06
273584,0.13
273595,0.12
273606,0.02
273623,0.06
273625,0.05
273638,0.16
273660,0.02
273664,0.14
273683,0.13
273686,0.02
273687,0.36
273699,0.14
273700,0.07
273719,0.04
273721,0.35
273728,0.1
273764,0.02
273770,0.07
273774,0.09
273792,0.07
273806,0.08
273807,0.07
273818,0.08
273823,0.04
273835,0.26
273856,0.03
273861,0.02
273863,0.07
273864,0.21
273874,0.22
273879,0.17
273892,0.07
273895,0.17
273899,0.02
273900,0.18
273912,0.2
273921,0.03
273941,0.22
273946,0.02
273954,0.14
273956,0.07
273962,0.05
273968,0.07
273985,0.05
274000,0.08
274003,0.02
274004,0.02
274006,0.02
274019,0.23
274022,0.21
274023,0.09
274034,0.08
274043,0.01
274052,0.02
274054,0.42
274058,0.09
274063,0.06
274070,0.07
274072,0.08
274081,0.04
274108,0.16
274118,0.29
274125,0.03
274129,0.04
274140,0.02
274142,0.12
274146,0.09
274147,0.08
274155,0.01
274163,0.03
274165,0.02
274174,0.02
274182,0.13
274186,0.04
274188,0.09
274193,0.14
274198,0.06
274216,0.04
274219,0.01
274225,0.07
274229,0.01
274248,0.13
274268,0.04
274274,0.02
274286,0.03
274289,0.12
274297,0.01
274302,0.07
274326,0.17
274346,0.09
274348,0.15
274349,0.03
274350,0.04
274353,0.03
274359,0.25
274364,0.03
274368,0.01
274373,0.1
274378,0.11
274389,0.01
274390,0.04
274391,0.0
274392,0.02
274396,0.23
274408,0.14
274409,0.06
274424,0.2
274453,0.09
274460,0.01
274465,0.08
274468,0.02
274481,0.26
274482,0.03
274484,0.06
274490,0.18
274509,0.02
274511,0.03
274515,0.04
274521,0.12
274523,0.05
274525,0.09
274539,0.05
274541,0.01
274574,0.12
274585,0.05
274587,0.03
274594,0.17
274600,0.16
274605,0.04
274611,0.04
274619,0.08
274641,0.06
274666,0.15
274688,0.07
274690,0.08
274699,0.08
274703,0.07
274715,0.01
274717,0.06
274760,0.17
274774,0.08
274791,0.29
274801,0.05
274804,0.03
274808,0.18
274813,0.17
274815,0.11
274818,0.05
274820,0.02
274829,0.12
274847,0.27
274865,0.03
274870,0.03
274881,0.28
274890,0.1
274894,0.02
274902,0.09
274905,0.07
274911,0.03
274912,0.13
274914,0.05
274927,0.05
274931,0.02
274944,0.13
274951,0.26
274953,0.09
274954,0.09
274961,0.09
274965,0.1
274972,0.29
274978,0.08
274984,0.05
274993,0.01
274996,0.03
275043,0.01
275048,0.05
275052,0.06
275059,0.03
275060,0.05
275071,0.04
275077,0.03
275078,0.13
275091,0.04
275098,0.19
275111,0.07
275120,0.13
275121,0.11
275125,0.08
275129,0.04
275139,0.03
275150,0.04
275153,0.06
275166,0.18
275185,0.06
275199,0.29
275201,0.02
275203,0.17
275216,0.15
275225,0.25
275226,0.04
275232,0.14
275254,0.08
275256,0.33
275272,0.2
275278,0.0
275280,0.08
275286,0.12
275288,0.01
275299,0.14
275306,0.03
275313,0.03
275314,0.07
275319,0.31
275324,0.06
275330,0.07
275334,0.03
275335,0.16
275337,0.09
275339,0.12
275351,0.0
275352,0.05
275367,0.02
275384,0.07
275392,0.1
275393,0.08
275408,0.12
275411,0.17
275413,0.17
275415,0.0
275416,0.11
275422,0.07
275424,0.09
275438,0.24
275440,0.16
275468,0.06
275469,0.02
275473,0.13
275482,0.17
275488,0.01
275502,0.08
275503,0.04
275511,0.15
275518,0.05
275520,0.03
275524,0.05
275531,0.14
275537,0.11
275558,0.04
275574,0.13
275576,0.02
275583,0.0
275588,0.03
275605,0.23
275612,0.14
275627,0.08
275633,0.07
275646,0.05
275647,0.24
275653,0.23
275661,0.22
275683,0.09
275688,0.01
275691,0.09
275713,0.1
275731,0.0
275735,0.11
275739,0.06
275761,0.1
275762,0.08
275767,0.12
275768,0.2
275769,0.2
275774,0.03
275776,0.07
275783,0.01
275800,0.05
275805,0.26
275836,0.01
275842,0.02
275855,0.18
275860,0.01
275870,0.12
275884,0.15
275897,0.07
275899,0.04
275900,0.14
275906,0.04
275912,0.04
275922,0.2
275929,0.27
275931,0.27
275932,0.11
275936,0.34
275937,0.03
275947,0.27
275949,0.23
275954,0.18
275958,0.11
275966,0.16
275967,0.05
275970,0.26
275989,0.09
275993,0.04
275995,0.05
275998,0.05
276007,0.08
276011,0.18
276029,0.24
276047,0.0
276048,0.11
276050,0.09
276054,0.21
276056,0.02
276057,0.12
276060,0.01
276084,0.01
276089,0.07
276118,0.07
276121,0.19
276122,0.1
276130,0.06
276134,0.21
276135,0.04
276142,0.3
276164,0.0
276195,0.23
276210,0.13
276235,0.07
276238,0.04
276242,0.05
276244,0.16
276247,0.03
276263,0.17
276306,0.16
276309,0.06
276319,0.16
276334,0.04
276338,0.03
276343,0.11
276344,0.07
276345,0.01
276348,0.02
276359,0.02
276363,0.14
276365,0.03
276366,0.18
276373,0.05
276378,0.09
276386,0.07
276405,0.11
276419,0.01
276422,0.03
276430,0.1
276437,0.02
276442,0.12
276444,0.02
276446,0.11
276455,0.15
276470,0.05
276472,0.04
276475,0.16
276479,0.05
276484,0.01
276487,0.22
276488,0.22
276495,0.09
276497,0.12
276508,0.3
276509,0.04
276516,0.03
276521,0.0
276525,0.08
276550,0.04
276560,0.01
276569,0.07
276584,0.01
276603,0.03
276615,0.0
276617,0.01
276622,0.06
276625,0.02
276629,0.07
276642,0.02
276664,0.02
276674,0.01
276675,0.35
276678,0.09
276692,0.01
276693,0.03
276697,0.05
276703,0.05
276705,0.11
276717,0.15
276728,0.05
276744,0.1
276762,0.03
276764,0.06
276781,0.15
276793,0.14
276798,0.07
276800,0.17
276805,0.14
276824,0.08
276826,0.01
276848,0.09
276854,0.18
276862,0.26
276865,0.08
276869,0.08
276880,0.0
276882,0.03
276886,0.07
276889,0.04
276892,0.12
276903,0.04
276906,0.1
276936,0.05
276945,0.04
276956,0.02
276958,0.02
276963,0.01
276966,0.08
276987,0.14
276993,0.27
276994,0.05
277004,0.03
277015,0.01
277021,0.15
277024,0.01
277032,0.2
277054,0.17
277055,0.09
277061,0.06
277065,0.25
277070,0.19
277079,0.1
277088,0.02
277108,0.21
277114,0.01
277121,0.07
277137,0.05
277148,0.07
277158,0.14
277162,0.24
277165,0.07
277167,0.04
277170,0.08
277172,0.03
277177,0.12
277179,0.24
277182,0.05
277185,0.03
277191,0.05
277200,0.37
277211,0.03
277217,0.01
277221,0.06
277226,0.01
277227,0.14
277228,0.16
277229,0.06
277244,0.08
277271,0.04
277274,0.06
277282,0.03
277286,0.02
277288,0.13
277290,0.0
277291,0.01
277296,0.05
277297,0.01
277320,0.11
277327,0.18
277335,0.21
277336,0.06
277338,0.22
277342,0.17
277344,0.04
277345,0.08
277349,0.0
277356,0.01
277370,0.14
277371,0.08
277379,0.06
277386,0.44
277390,0.07
277400,0.08
277401,0.26
277412,0.05
277413,0.25
277415,0.02
277417,0.47
277419,0.13
277422,0.09
277423,0.03
277425,0.03
277432,0.0
277438,0.03
277445,0.05
277447,0.12
277456,0.08
277457,0.06
277474,0.19
277488,0.03
277494,0.08
277501,0.17
277503,0.23
277510,0.08
277516,0.14
277521,0.18
277522,0.06
277530,0.05
277531,0.27
277536,0.08
277548,0.0
277550,0.04
277554,0.06
277555,0.02
277562,0.07
277565,0.15
277566,0.05
277572,0.02
277592,0.07
277593,0.01
277610,0.07
277621,0.05
277654,0.34
277668,0.04
277673,0.06
277675,0.06
277694,0.01
277697,0.13
277699,0.03
277700,0.06
277701,0.06
277708,0.24
277710,0.07
277717,0.15
277725,0.08
277731,0.1
277746,0.19
277753,0.03
277757,0.25
277764,0.02
277772,0.02
277775,0.2
277777,0.09
277787,0.04
277797,0.05
277798,0.1
277802,0.22
277812,0.04
277816,0.09
277820,0.05
277821,0.02
277822,0.19
277838,0.13
277845,0.04
277846,0.0
277854,0.29
277856,0.13
277866,0.09
277874,0.14
277893,0.11
277900,0.11
277964,0.04
277970,0.01
277976,0.01
277983,0.05
277994,0.04
278011,0.04
278025,0.27
278045,0.05
278048,0.28
278066,0.07
278088,0.13
278098,0.05
278101,0.2
278113,0.03
278114,0.03
278128,0.05
278152,0.13
278157,0.21
278168,0.11
278169,0.06
278174,0.03
278176,0.03
278181,0.11
278185,0.11
278225,0.2
278236,0.16
278242,0.04
278244,0.03
278251,0.06
278252,0.09
278272,0.04
278279,0.04
278287,0.13
278288,0.08
278309,0.12
278310,0.07
278316,0.05
278318,0.48
278320,0.03
278344,0.22
278356,0.19
278359,0.14
278361,0.03
278368,0.1
278372,0.03
278384,0.09
278388,0.03
278409,0.32
278414,0.08
278415,0.09
278416,0.02
278422,0.02
278423,0.14
278432,0.09
278436,0.09
278455,0.07
278461,0.08
278469,0.07
278482,0.12
278487,0.07
278493,0.09
278501,0.04
278508,0.21
278511,0.04
278519,0.04
278526,0.04
278530,0.06
278533,0.01
278539,0.15
278545,0.08
278556,0.13
278559,0.02
278587,0.03
278601,0.09
278603,0.1
278604,0.24
278605,0.03
278606,0.03
278613,0.09
278616,0.1
278618,0.16
278632,0.07
278633,0.03
278637,0.04
278645,0.07
278649,0.19
278653,0.19
278662,0.02
278673,0.15
278700,0.15
278703,0.17
278704,0.05
278723,0.13
278725,0.05
278730,0.01
278750,0.02
278765,0.07
278770,0.02
278779,0.06
278787,0.07
278791,0.04
278804,0.11
278807,0.1
278810,0.02
278812,0.08
278815,0.33
278821,0.11
278825,0.06
278832,0.02
278836,0.03
278838,0.15
278840,0.21
278844,0.08
278862,0.0
278863,0.07
278871,0.05
278875,0.03
278892,0.36
278899,0.05
278903,0.1
278909,0.03
278913,0.27
278931,0.0
278932,0.12
278933,0.26
278937,0.11
278952,0.08
278954,0.02
278960,0.18
278967,0.09
278968,0.06
278972,0.14
278976,0.15
278982,0.08
278983,0.02
279001,0.08
279015,0.08
279018,0.07
279035,0.36
279040,0.14
279043,0.16
279046,0.05
279061,0.18
279063,0.06
279065,0.06
279068,0.03
279070,0.08
279074,0.24
279076,0.13
279086,0.0
279095,0.06
279107,0.11
279108,0.29
279109,0.02
279110,0.19
279111,0.12
279129,0.03
279134,0.09
279137,0.15
279142,0.12
279146,0.01
279153,0.03
279157,0.02
279165,0.03
279166,0.02
279172,0.07
279173,0.04
279174,0.05
279179,0.15
279182,0.03
279186,0.07
279187,0.1
279189,0.06
279201,0.1
279202,0.07
279213,0.02
279214,0.0
279217,0.05
279230,0.25
279232,0.05
279233,0.07
279235,0.16
279250,0.02
279252,0.0
279257,0.16
279265,0.09
279266,0.05
279279,0.04
279281,0.07
279282,0.02
279285,0.07
279286,0.03
279297,0.02
279300,0.04
279318,0.04
279324,0.02
279334,0.02
279335,0.05
279336,0.04
279341,0.16
279342,0.27
279353,0.15
279357,0.27
279371,0.24
279376,0.0
279391,0.09
279392,0.03
279402,0.02
279406,0.26
279408,0.08
279434,0.05
279439,0.02
279448,0.06
279450,0.14
279456,0.01
279461,0.11
279466,0.03
279470,0.07
279471,0.01
279493,0.07
279500,0.02
279506,0.0
279512,0.11
279519,0.2
279533,0.0
279549,0.08
279551,0.19
279556,0.02
279557,0.2
279558,0.25
279566,0.13
279592,0.13
279595,0.12
279604,0.05
279608,0.07
279614,0.05
279618,0.15
279622,0.07
279648,0.18
279652,0.08
279653,0.11
279679,0.01
279690,0.05
279691,0.12
279694,0.16
279698,0.05
279702,0.1
279712,0.0
279713,0.16
279715,0.07
279725,0.04
279727,0.04
279733,0.03
279742,0.08
279748,0.12
279754,0.09
279756,0.18
279776,0.1
279778,0.1
279779,0.0
279782,0.05
279793,0.09
279794,0.02
279804,0.12
279810,0.01
279817,0.31
279828,0.06
279830,0.05
279831,0.11
279834,0.09
279835,0.01
279840,0.01
279847,0.0
279852,0.03
279854,0.12
279856,0.05
279859,0.12
279862,0.05
279876,0.02
279878,0.08
279889,0.06
279894,0.02
279897,0.02
279903,0.07
279904,0.05
279906,0.12
279909,0.1
279922,0.28
279925,0.01
279939,0.12
279940,0.08
279942,0.14
279948,0.0
279952,0.0
279960,0.03
279968,0.01
279969,0.07
279977,0.28
279980,0.07
279994,0.06
279997,0.09
279998,0.28
280007,0.17
280009,0.17
280010,0.27
280020,0.0
280021,0.08
280022,0.03
280052,0.04
280058,0.1
280074,0.08
280076,0.07
280085,0.21
280091,0.08
280095,0.02
280107,0.2
280116,0.18
280140,0.18
280144,0.13
280156,0.07
280177,0.0
280191,0.03
280205,0.04
280226,0.08
280230,0.07
280234,0.02
280264,0.12
280274,0.02
280298,0.05
280299,0.14
280300,0.13
280301,0.03
280308,0.01
280317,0.03
280319,0.1
280322,0.06
280342,0.07
280348,0.09
280350,0.03
280353,0.12
280366,0.13
280372,0.09
280374,0.01
280376,0.25
280381,0.02
280384,0.05
280388,0.06
280397,0.15
280401,0.02
280409,0.1
280413,0.01
280422,0.06
280424,0.06
280426,0.11
280429,0.08
280430,0.18
280435,0.02
280444,0.03
280450,0.07
280455,0.14
280459,0.01
280462,0.09
280466,0.15
280470,0.02
280473,0.08
280517,0.07
280524,0.3
280527,0.01
280531,0.06
280548,0.06
280558,0.15
280563,0.05
280598,0.21
280599,0.07
280603,0.21
280607,0.03
280610,0.34
280612,0.05
280625,0.1
280631,0.03
280650,0.1
280653,0.46
280657,0.05
280669,0.03
280675,0.02
280679,0.09
280685,0.05
280691,0.06
280693,0.04
280706,0.02
280714,0.01
280719,0.19
280724,0.05
280725,0.04
280737,0.1
280738,0.13
280744,0.02
280746,0.21
280760,0.14
280772,0.26
280777,0.16
280784,0.08
280785,0.04
280791,0.03
280793,0.03
280794,0.01
280800,0.07
280805,0.08
280806,0.01
280815,0.17
280823,0.02
280831,0.0
280832,0.08
280841,0.03
280845,0.17
280846,0.06
280854,0.01
280857,0.01
280861,0.06
280862,0.1
280867,0.1
280877,0.07
280879,0.16
280890,0.01
280891,0.19
280903,0.36
280916,0.08
280929,0.04
280934,0.12
280941,0.21
280947,0.06
280962,0.07
280963,0.16
280966,0.06
280967,0.0
280971,0.35
281005,0.02
281007,0.14
281008,0.0
281009,0.02
281016,0.05
281024,0.17
281039,0.2
281045,0.02
281054,0.15
281055,0.08
281056,0.06
281068,0.09
281092,0.13
281094,0.0
281118,0.41
281133,0.03
281137,0.02
281164,0.15
281176,0.01
281177,0.07
281184,0.0
281187,0.11
281192,0.04
281195,0.13
281220,0.05
281222,0.14
281227,0.16
281234,0.12
281251,0.06
281278,0.03
281298,0.14
281303,0.3
281306,0.1
281314,0.07
281320,0.03
281322,0.11
281337,0.07
281347,0.36
281357,0.04
281362,0.03
281365,0.03
281366,0.03
281367,0.1
281373,0.08
281376,0.09
281400,0.07
281417,0.03
281420,0.02
281422,0.13
281435,0.04
281439,0.04
281448,0.15
281451,0.18
281453,0.0
281482,0.05
281494,0.19
281514,0.06
281515,0.04
281542,0.01
281556,0.17
281568,0.05
281592,0.03
281593,0.01
281607,0.14
281613,0.06
281618,0.15
281620,0.2
281628,0.15
281629,0.02
281633,0.04
281634,0.07
281642,0.09
281643,0.04
281653,0.06
281661,0.08
281671,0.12
281675,0.05
281684,0.01
281692,0.38
281697,0.06
281730,0.11
281731,0.03
281734,0.13
281737,0.0
281750,0.15
281752,0.1
281764,0.06
281782,0.19
281791,0.04
281793,0.17
281795,0.07
281824,0.06
281831,0.07
281845,0.1
281848,0.04
281854,0.02
281855,0.04
281867,0.05
281873,0.02
281875,0.03
281876,0.26
281881,0.04
281905,0.08
281906,0.06
281907,0.04
281914,0.14
281929,0.03
281936,0.13
281938,0.05
281940,0.04
281941,0.08
281950,0.01
281954,0.02
281955,0.06
281956,0.06
281957,0.01
281968,0.12
281972,0.3
281974,0.05
281987,0.01
281996,0.1
281998,0.03
282002,0.0
282004,0.04
282005,0.06
282020,0.06
282021,0.11
282041,0.1
282045,0.07
282046,0.05
282048,0.12
282056,0.08
282063,0.03
282068,0.16
282072,0.2
282100,0.04
282104,0.09
282105,0.06
282106,0.03
282108,0.08
282114,0.16
282132,0.12
282133,0.0
282136,0.07
282145,0.13
282146,0.17
282150,0.03
282151,0.05
282152,0.09
282157,0.19
282165,0.12
282167,0.01
282178,0.06
282179,0.12
282204,0.07
282208,0.01
282218,0.0
282221,0.31
282223,0.07
282226,0.06
282230,0.02
282232,0.06
282235,0.01
282236,0.02
282239,0.06
282246,0.1
282250,0.44
282259,0.0
282270,0.06
282272,0.06
282282,0.14
282292,0.07
282306,0.1
282311,0.15
282317,0.35
282318,0.04
282331,0.01
282338,0.09
282349,0.0
282350,0.25
282355,0.02
282359,0.2
282382,0.05
282396,0.1
282399,0.02
282408,0.03
282421,0.05
282427,0.06
282437,0.02
282446,0.07
282448,0.03
282453,0.04
282456,0.08
282457,0.1
282465,0.18
282476,0.12
282478,0.07
282482,0.08
282485,0.09
282492,0.02
282498,0.2
282503,0.03
282512,0.1
282521,0.1
282531,0.24
282548,0.06
282582,0.04
282585,0.04
282605,0.07
282618,0.07
282633,0.03
282642,0.13
282645,0.11
282647,0.04
282649,0.06
282654,0.03
282661,0.12
282667,0.1
282668,0.05
282678,0.11
282679,0.13
282687,0.04
282688,0.01
282691,0.07
282702,0.02
282709,0.0
282712,0.09
282715,0.15
282726,0.06
282735,0.11
282737,0.03
282746,0.22
282751,0.02
282754,0.24
282758,0.13
282773,0.52
282787,0.05
282794,0.07
282812,0.02
282822,0.14
282827,0.05
282836,0.02
282841,0.02
282854,0.11
282862,0.07
282873,0.02
282890,0.0
282900,0.21
282906,0.07
282910,0.12
282915,0.05
282929,0.03
282933,0.09
282944,0.09
282945,0.07
282950,0.03
282954,0.0
282960,0.04
282961,0.11
282962,0.09
282965,0.21
282971,0.13
282974,0.07
282975,0.0
282979,0.03
282984,0.02
282990,0.15
282998,0.07
283005,0.19
283013,0.3
283018,0.21
283029,0.24
283032,0.04
283036,0.18
283041,0.33
283046,0.17
283050,0.03
283057,0.06
283065,0.15
283069,0.19
283074,0.02
283076,0.03
283077,0.01
283089,0.01
283090,0.08
283094,0.26
283110,0.07
283118,0.16
283127,0.02
283130,0.09
283139,0.13
283143,0.07
283144,0.34
283146,0.03
283150,0.1
283161,0.18
283177,0.06
283180,0.02
283184,0.11
283191,0.07
283193,0.05
283196,0.2
283199,0.14
283202,0.05
283205,0.01
283213,0.02
283216,0.05
283218,0.16
283220,0.02
283227,0.06
283233,0.03
283248,0.05
283250,0.13
283261,0.0
283264,0.03
283267,0.08
283269,0.03
283271,0.02
283282,0.14
283283,0.0
283290,0.09
283295,0.04
283298,0.14
283303,0.18
283309,0.05
283310,0.07
283314,0.1
283317,0.01
283318,0.07
283323,0.22
283327,0.07
283328,0.24
283336,0.09
283340,0.08
283344,0.06
283345,0.16
283360,0.07
283361,0.0
283383,0.15
283387,0.14
283390,0.02
283412,0.0
283426,0.01
283429,0.09
283433,0.06
283437,0.1
283438,0.1
283461,0.01
283466,0.05
283477,0.03
283479,0.08
283483,0.17
283484,0.03
283486,0.02
283500,0.04
283512,0.22
283515,0.07
283517,0.53
283519,0.05
283523,0.1
283528,0.23
283555,0.04
283565,0.07
283572,0.05
283576,0.04
283586,0.27
283590,0.03
283606,0.05
283615,0.01
283619,0.11
283632,0.25
283635,0.09
283636,0.01
283641,0.24
283642,0.04
283647,0.08
283667,0.05
283683,0.1
283684,0.2
283687,0.08
283691,0.07
283693,0.06
283701,0.07
283702,0.16
283711,0.14
283713,0.25
283726,0.05
283730,0.09
283736,0.01
283737,0.18
283740,0.03
283748,0.07
283750,0.07
283756,0.05
283757,0.02
283774,0.17
283776,0.15
283784,0.13
283790,0.22
283796,0.06
283806,0.06
283816,0.01
283825,0.14
283827,0.05
283835,0.01
283839,0.1
283843,0.09
283874,0.46
283880,0.07
283881,0.05
283882,0.11
283887,0.01
283891,0.14
283893,0.03
283895,0.01
283900,0.19
283906,0.02
283938,0.0
283943,0.08
283953,0.28
283958,0.08
283961,0.06
283972,0.14
283973,0.01
283986,0.2
283990,0.02
283994,0.33
284000,0.02
284002,0.11
284003,0.14
284035,0.08
284049,0.05
284055,0.0
284060,0.05
284061,0.13
284069,0.08
284072,0.05
284075,0.05
284087,0.01
284093,0.08
284095,0.03
284096,0.17
284106,0.05
284109,0.05
284112,0.04
284126,0.11
284152,0.06
284155,0.04
284157,0.04
284159,0.09
284194,0.01
284207,0.11
284211,0.06
284220,0.08
284232,0.15
284239,0.06
284246,0.04
284257,0.04
284259,0.03
284272,0.12
284277,0.1
284279,0.29
284283,0.02
284294,0.01
284298,0.01
284305,0.06
284309,0.04
284311,0.0
284315,0.11
284338,0.18
284340,0.2
284342,0.1
284344,0.01
284348,0.07
284361,0.09
284373,0.0
284380,0.4
284408,0.01
284422,0.06
284423,0.12
284427,0.13
284433,0.15
284442,0.08
284462,0.12
284481,0.26
284487,0.05
284492,0.01
284495,0.06
284499,0.25
284503,0.06
284506,0.08
284507,0.01
284511,0.24
284512,0.04
284513,0.02
284520,0.07
284537,0.03
284557,0.18
284560,0.05
284571,0.14
284573,0.41
284574,0.0
284575,0.03
284576,0.1
284578,0.05
284592,0.07
284606,0.16
284609,0.12
284614,0.02
284627,0.03
284630,0.21
284633,0.03
284647,0.07
284650,0.09
284655,0.24
284661,0.03
284664,0.04
284668,0.1
284682,0.08
284683,0.19
284691,0.05
284692,0.17
284695,0.0
284751,0.19
284785,0.08
284796,0.02
284797,0.01
284799,0.08
284805,0.05
284811,0.06
284844,0.04
284856,0.14
284861,0.14
284864,0.04
284866,0.04
284867,0.03
284871,0.03
284873,0.03
284888,0.23
284895,0.03
284906,0.03
284907,0.12
284908,0.04
284914,0.06
284916,0.07
284920,0.18
284926,0.03
284934,0.06
284937,0.06
284949,0.05
284986,0.04
285002,0.03
285006,0.03
285007,0.12
285008,0.06
285016,0.03
285040,0.02
285041,0.01
285050,0.07
285051,0.03
285059,0.09
285077,0.07
285078,0.25
285097,0.02
285102,0.29
285104,0.01
285117,0.05
285119,0.12
285120,0.01
285122,0.15
285131,0.08
285137,0.06
285139,0.03
285147,0.02
285176,0.01
285177,0.07
285183,0.05
285184,0.13
285200,0.09
285213,0.09
285224,0.09
285232,0.09
285245,0.43
285249,0.01
285253,0.01
285268,0.11
285276,0.0
285282,0.12
285284,0.29
285297,0.15
285304,0.12
285305,0.09
285337,0.06
285346,0.08
285349,0.04
285354,0.08
285359,0.08
285366,0.31
285367,0.3
285368,0.07
285376,0.15
285382,0.02
285385,0.12
285389,0.0
285396,0.04
285398,0.08
285399,0.04
285403,0.03
285405,0.15
285407,0.11
285417,0.06
285419,0.09
285431,0.01
285457,0.06
285462,0.28
285463,0.02
285472,0.02
285476,0.02
285479,0.3
285482,0.13
285486,0.08
285487,0.11
285497,0.05
285498,0.09
285507,0.19
285509,0.01
285514,0.06
285516,0.09
285521,0.04
285525,0.02
285528,0.02
285555,0.08
285559,0.07
285561,0.02
285562,0.16
285565,0.15
285571,0.03
285583,0.12
285588,0.08
285603,0.01
285612,0.07
285628,0.15
285635,0.09
285649,0.03
285651,0.03
285653,0.01
285662,0.11
285665,0.0
285678,0.03
285681,0.07
285694,0.25
285695,0.08
285701,0.04
285721,0.25
285730,0.03
285733,0.01
285743,0.0
285744,0.12
285746,0.09
285778,0.01
285784,0.0
285808,0.04
285810,0.13
285831,0.27
285833,0.04
285841,0.0
285842,0.07
285844,0.04
285847,0.18
285853,0.0
285861,0.16
285863,0.05
285867,0.08
285870,0.3
285879,0.13
285880,0.01
285882,0.01
285893,0.06
285897,0.1
285912,0.09
285914,0.09
285918,0.05
285927,0.07
285931,0.1
285932,0.08
285962,0.04
285975,0.08
285978,0.1
285996,0.1
286000,0.06
286010,0.14
286011,0.2
286018,0.1
286033,0.15
286038,0.03
286042,0.09
286044,0.04
286047,0.06
286050,0.17
286052,0.04
286056,0.18
286058,0.02
286083,0.13
286088,0.21
286094,0.18
286107,0.11
286112,0.23
286124,0.0
286128,0.05
286141,0.18
286146,0.13
286147,0.16
286153,0.03
286163,0.17
286169,0.13
286175,0.09
286185,0.01
286194,0.11
286198,0.16
286201,0.05
286202,0.24
286213,0.12
286218,0.04
286250,0.02
286257,0.19
286264,0.18
286265,0.02
286266,0.04
286287,0.06
286292,0.05
286294,0.0
286295,0.07
286299,0.23
286300,0.1
286302,0.22
286310,0.11
286316,0.11
286332,0.15
286353,0.13
286354,0.07
286357,0.02
286375,0.0
286382,0.07
286389,0.08
286404,0.01
286405,0.18
286411,0.1
286412,0.1
286421,0.15
286423,0.03
286426,0.09
286433,0.02
286438,0.09
286441,0.03
286444,0.02
286447,0.05
286459,0.02
286473,0.1
286484,0.0
286485,0.47
286501,0.11
286502,0.12
286509,0.08
286511,0.21
286516,0.23
286547,0.24
286549,0.07
286553,0.07
286558,0.11
286566,0.05
286572,0.03
286582,0.03
286587,0.09
286590,0.04
286594,0.14
286598,0.06
286602,0.05
286608,0.19
286610,0.08
286627,0.04
286661,0.03
286664,0.26
286668,0.03
286683,0.01
286684,0.01
286689,0.03
286696,0.13
286697,0.05
286703,0.08
286705,0.14
286707,0.1
286708,0.07
286711,0.02
286714,0.04
286734,0.02
286747,0.1
286760,0.12
286763,0.02
286772,0.0
286773,0.1
286791,0.07
286813,0.04
286814,0.09
286817,0.02
286836,0.03
286838,0.01
286844,0.04
286854,0.08
286856,0.06
286859,0.16
286864,0.06
286865,0.1
286868,0.42
286881,0.09
286882,0.02
286888,0.01
286890,0.37
286892,0.04
286895,0.11
286906,0.11
286924,0.04
286930,0.0
286931,0.09
286942,0.04
286955,0.01
286960,0.11
286962,0.08
286966,0.03
286967,0.04
286971,0.06
286983,0.02
286985,0.05
286986,0.27
286987,0.14
286992,0.13
287003,0.12
287004,0.0
287006,0.09
287029,0.05
287036,0.08
287038,0.13
287049,0.07
287050,0.01
287057,0.07
287065,0.01
287066,0.52
287089,0.09
287093,0.24
287096,0.28
287103,0.13
287104,0.18
287109,0.0
287133,0.53
287137,0.01
287141,0.24
287146,0.03
287148,0.02
287177,0.02
287184,0.0
287197,0.01
287204,0.13
287206,0.2
287208,0.16
287225,0.0
287228,0.01
287252,0.19
287260,0.02
287264,0.04
287270,0.05
287271,0.03
287272,0.08
287274,0.07
287280,0.01
287281,0.04
287290,0.01
287298,0.07
287299,0.14
287301,0.08
287314,0.13
287321,0.12
287322,0.01
287329,0.04
287331,0.17
287337,0.08
287349,0.04
287358,0.05
287370,0.31
287371,0.04
287376,0.01
287378,0.04
287386,0.19
287394,0.04
287397,0.06
287419,0.07
287428,0.08
287438,0.04
287439,0.06
287449,0.11
287450,0.0
287460,0.16
287472,0.14
287474,0.14
287483,0.06
287495,0.08
287510,0.12
287512,0.08
287530,0.14
287531,0.04
287543,0.11
287549,0.09
287564,0.08
287574,0.08
287580,0.09
287587,0.03
287594,0.05
287605,0.06
287617,0.07
287621,0.02
287626,0.04
287629,0.08
287632,0.14
287636,0.07
287644,0.01
287648,0.15
287666,0.03
287672,0.11
287701,0.11
287708,0.06
287718,0.35
287724,0.16
287726,0.04
287729,0.12
287732,0.17
287733,0.01
287734,0.15
287750,0.19
287755,0.25
287762,0.15
287764,0.01
287766,0.02
287775,0.02
287781,0.04
287785,0.1
287789,0.09
287792,0.09
287796,0.05
287804,0.11
287822,0.06
287835,0.01
287840,0.06
287850,0.04
287851,0.11
287852,0.1
287858,0.05
287859,0.07
287860,0.15
287861,0.08
287866,0.04
287868,0.03
287873,0.11
287876,0.11
287877,0.02
287878,0.03
287879,0.19
287883,0.13
287888,0.02
287894,0.36
287895,0.01
287912,0.08
287915,0.22
287920,0.0
287922,0.15
287926,0.02
287929,0.04
287931,0.12
287936,0.05
287942,0.1
287946,0.09
287948,0.1
287963,0.16
288003,0.02
288005,0.04
288012,0.04
288013,0.26
288026,0.17
288027,0.05
288031,0.01
288039,0.04
288041,0.18
288045,0.11
288065,0.14
288068,0.06
288079,0.1
288084,0.39
288111,0.17
288129,0.05
288138,0.5
288154,0.15
288167,0.06
288178,0.14
288184,0.13
288193,0.02
288203,0.13
288207,0.37
288223,0.16
288226,0.17
288237,0.01
288257,0.3
288259,0.03
288269,0.06
288273,0.03
288276,0.05
288280,0.0
288283,0.12
288291,0.39
288299,0.06
288305,0.16
288316,0.0
288322,0.07
288333,0.0
288337,0.12
288341,0.0
288345,0.03
288348,0.02
288350,0.09
288353,0.05
288372,0.04
288375,0.3
288395,0.07
288408,0.08
288425,0.02
288430,0.2
288433,0.04
288459,0.12
288462,0.2
288463,0.12
288470,0.1
288472,0.13
288475,0.03
288495,0.35
288517,0.05
288530,0.12
288535,0.09
288539,0.08
288540,0.02
288547,0.45
288553,0.05
288555,0.35
288556,0.11
288562,0.03
288564,0.15
288567,0.21
288576,0.03
288579,0.01
288580,0.18
288589,0.03
288596,0.06
288597,0.12
288599,0.04
288601,0.07
288617,0.0
288621,0.19
288635,0.03
288656,0.04
288666,0.02
288670,0.1
288671,0.03
288673,0.06
288678,0.09
288693,0.21
288699,0.01
288706,0.09
288728,0.08
288739,0.09
288741,0.0
288755,0.02
288763,0.03
288766,0.11
288775,0.07
288780,0.03
288793,0.22
288811,0.03
288821,0.07
288829,0.08
288835,0.13
288836,0.07
288838,0.29
288851,0.02
288853,0.03
288854,0.03
288855,0.01
288876,0.06
288879,0.14
288884,0.23
288886,0.07
288891,0.08
288898,0.1
288911,0.33
288913,0.01
288927,0.1
288928,0.03
288931,0.06
288955,0.05
288961,0.03
288969,0.15
288971,0.05
288973,0.19
288982,0.06
288983,0.05
288986,0.03
288992,0.03
288993,0.09
288996,0.12
289007,0.23
289008,0.03
289014,0.15
289015,0.05
289016,0.05
289017,0.01
289028,0.04
289030,0.02
289040,0.1
289048,0.04
289051,0.17
289055,0.0
289057,0.04
289062,0.07
289063,0.05
289069,0.1
289073,0.08
289074,0.07
289085,0.02
289092,0.03
289097,0.05
289111,0.08
289112,0.18
289116,0.07
289123,0.04
289145,0.38
289146,0.13
289158,0.08
289165,0.02
289166,0.03
289167,0.27
289170,0.44
289193,0.12
289198,0.04
289209,0.1
289211,0.07
289215,0.09
289220,0.08
289232,0.16
289244,0.13
289258,0.06
289271,0.07
289274,0.19
289312,0.04
289321,0.1
289325,0.13
289333,0.14
289340,0.09
289368,0.02
289375,0.04
289380,0.1
289381,0.01
289384,0.2
289403,0.02
289408,0.14
289416,0.04
289463,0.08
289488,0.02
289495,0.24
289498,0.04
289499,0.04
289515,0.01
289531,0.04
289541,0.15
289554,0.1
289565,0.03
289590,0.02
289596,0.06
289601,0.11
289602,0.01
289603,0.01
289608,0.04
289622,0.09
289623,0.07
289625,0.07
289634,0.07
289648,0.14
289650,0.01
289662,0.04
289667,0.37
289674,0.01
289682,0.0
289702,0.03
289706,0.05
289709,0.16
289716,0.33
289725,0.0
289732,0.01
289743,0.11
289762,0.06
289766,0.17
289770,0.03
289775,0.13
289777,0.04
289783,0.12
289797,0.03
289798,0.02
289802,0.08
289812,0.14
289814,0.06
289819,0.05
289828,0.17
289831,0.32
289835,0.02
289844,0.13
289850,0.06
289851,0.17
289865,0.03
289869,0.14
289891,0.14
289907,0.07
289919,0.02
289923,0.05
289924,0.07
289927,0.05
289929,0.12
289951,0.02
289959,0.05
289964,0.07
289965,0.01
289966,0.05
289971,0.07
289988,0.19
289989,0.02
289995,0.15
290005,0.06
290013,0.17
290031,0.32
290036,0.17
290038,0.34
290041,0.26
290056,0.15
290058,0.05
290065,0.05
290069,0.04
290070,0.04
290074,0.11
290076,0.17
290082,0.08
290105,0.01
290111,0.0
290114,0.07
290116,0.06
290117,0.07
290128,0.08
290130,0.12
290139,0.04
290151,0.04
290154,0.01
290158,0.07
290180,0.03
290183,0.03
290190,0.08
290191,0.05
290199,0.09
290200,0.06
290202,0.01
290205,0.21
290206,0.03
290219,0.11
290227,0.05
290232,0.02
290233,0.2
290242,0.04
290246,0.03
290247,0.17
290257,0.15
290259,0.25
290260,0.05
290270,0.02
290273,0.04
290276,0.15
290281,0.18
290296,0.09
290303,0.06
290306,0.0
290331,0.1
290340,0.01
290349,0.21
290355,0.07
290365,0.14
290379,0.17
290389,0.02
290408,0.03
290409,0.08
290433,0.14
290437,0.1
290440,0.08
290448,0.1
290466,0.02
290467,0.02
290479,0.0
290490,0.06
290492,0.09
290503,0.13
290508,0.17
290524,0.12
290526,0.11
290527,0.07
290541,0.03
290557,0.15
290564,0.04
290572,0.04
290576,0.18
290588,0.02
290589,0.05
290595,0.04
290598,0.09
290605,0.1
290609,0.0
290610,0.02
290612,0.13
290634,0.15
290635,0.17
290644,0.46
290672,0.13
290681,0.05
290693,0.11
290695,0.04
290702,0.05
290703,0.02
290711,0.22
290713,0.06
290727,0.21
290730,0.04
290734,0.1
290745,0.15
290746,0.01
290751,0.11
290758,0.04
290766,0.17
290784,0.06
290786,0.01
290813,0.34
290849,0.2
290852,0.05
290881,0.14
290884,0.04
290885,0.08
290889,0.01
290911,0.04
290913,0.2
290923,0.04
290926,0.02
290936,0.2
290941,0.06
290945,0.07
290955,0.04
290961,0.06
290964,0.06
290967,0.04
290970,0.03
290974,0.13
290976,0.09
290978,0.0
290981,0.03
290991,0.0
291005,0.03
291009,0.02
291011,0.05
291012,0.29
291018,0.15
291023,0.08
291028,0.1
291034,0.06
291038,0.25
291039,0.17
291041,0.17
291045,0.02
291048,0.16
291052,0.14
291055,0.01
291082,0.13
291085,0.22
291086,0.01
291094,0.14
291103,0.08
291108,0.04
291110,0.09
291113,0.03
291117,0.05
291124,0.08
291129,0.04
291142,0.16
291155,0.28
291157,0.07
291177,0.03
291178,0.05
291180,0.03
291188,0.24
291198,0.11
291200,0.08
291202,0.11
291207,0.04
291218,0.01
291231,0.16
291232,0.03
291240,0.0
291241,0.14
291245,0.03
291256,0.01
291273,0.18
291274,0.14
291277,0.14
291290,0.24
291303,0.22
291310,0.02
291311,0.07
291319,0.28
291324,0.12
291331,0.21
291334,0.13
291348,0.09
291349,0.35
291359,0.08
291365,0.01
291379,0.05
291396,0.05
291411,0.04
291424,0.02
291425,0.02
291428,0.09
291446,0.15
291449,0.02
291461,0.16
291465,0.09
291480,0.2
291486,0.05
291487,0.0
291491,0.02
291499,0.01
291505,0.13
291512,0.1
291513,0.08
291521,0.0
291523,0.03
291543,0.1
291545,0.05
291546,0.17
291550,0.02
291552,0.08
291561,0.11
291579,0.16
291584,0.3
291586,0.03
291590,0.19
291592,0.62
291593,0.01
291599,0.17
291615,0.01
291617,0.05
291628,0.11
291654,0.11
291658,0.32
291659,0.0
291661,0.22
291671,0.05
291677,0.02
291689,0.09
291693,0.11
291695,0.1
291696,0.27
291697,0.06
291702,0.05
291711,0.09
291713,0.11
291715,0.04
291718,0.1
291733,0.11
291742,0.18
291748,0.09
291765,0.02
291771,0.05
291773,0.07
291788,0.05
291789,0.16
291796,0.01
291800,0.03
291817,0.02
291822,0.1
291840,0.1
291843,0.07
291855,0.12
291858,0.04
291870,0.12
291872,0.03
291874,0.04
291883,0.06
291888,0.07
291894,0.05
291901,0.03
291928,0.15
291930,0.01
291949,0.0
291951,0.11
291953,0.1
291955,0.1
291963,0.28
291969,0.12
291980,0.01
292010,0.04
292022,0.03
292023,0.04
292031,0.05
292034,0.03
292043,0.03
292049,0.11
292055,0.05
292062,0.04
292070,0.08
292072,0.27
292073,0.02
292082,0.06
292096,0.07
292098,0.05
292116,0.02
292118,0.07
292126,0.14
292128,0.05
292137,0.08
292138,0.04
292142,0.06
292149,0.11
292181,0.15
292189,0.04
292191,0.02
292205,0.07
292219,0.07
292227,0.02
292231,0.12
292238,0.1
292246,0.05
292248,0.14
292259,0.13
292261,0.09
292266,0.18
292267,0.02
292272,0.1
292278,0.32
292281,0.09
292286,0.04
292288,0.22
292289,0.01
292304,0.11
292307,0.05
292319,0.06
292320,0.01
292325,0.04
292326,0.11
292331,0.01
292332,0.01
292333,0.08
292334,0.17
292337,0.04
292338,0.17
292342,0.09
292347,0.03
292350,0.05
292355,0.07
292360,0.02
292362,0.05
292363,0.17
292364,0.07
292383,0.21
292397,0.15
292409,0.29
292417,0.07
292426,0.0
292428,0.04
292439,0.38
292443,0.05
292448,0.08
292451,0.03
292452,0.1
292456,0.01
292460,0.05
292463,0.17
292464,0.11
292476,0.1
292480,0.07
292483,0.0
292493,0.06
292501,0.26
292506,0.01
292508,0.0
292513,0.04
292525,0.09
292533,0.1
292540,0.19
292541,0.02
292544,0.04
292549,0.07
292550,0.11
292557,0.21
292558,0.02
292562,0.11
292564,0.02
292583,0.11
292612,0.03
292618,0.03
292623,0.1
292631,0.02
292633,0.2
292641,0.04
292643,0.02
292649,0.0
292650,0.08
292651,0.25
292655,0.08
292659,0.04
292677,0.02
292693,0.07
292697,0.03
292700,0.29
292702,0.06
292710,0.0
292727,0.1
292731,0.2
292732,0.04
292734,0.02
292735,0.0
292737,0.01
292739,0.1
292741,0.04
292767,0.0
292778,0.02
292807,0.19
292813,0.12
292834,0.17
292837,0.01
292839,0.01
292844,0.03
292869,0.02
292874,0.01
292892,0.04
292894,0.06
292916,0.2
292921,0.15
292925,0.1
292929,0.15
292933,0.06
292935,0.14
292938,0.05
292945,0.11
292946,0.09
292953,0.14
292966,0.19
292968,0.08
292983,0.01
292988,0.12
292992,0.06
292997,0.14
293002,0.03
293013,0.0
293030,0.24
293043,0.16
293070,0.12
293093,0.0
293103,0.1
293104,0.01
293117,0.34
293123,0.14
293126,0.13
293128,0.02
293136,0.03
293142,0.04
293146,0.18
293149,0.24
293159,0.04
293169,0.07
293172,0.07
293175,0.04
293176,0.11
293192,0.0
293213,0.07
293218,0.12
293219,0.18
293224,0.05
293225,0.1
293234,0.2
293243,0.06
293249,0.01
293256,0.05
293276,0.12
293283,0.24
293295,0.15
293308,0.11
293309,0.08
293316,0.06
293326,0.04
293330,0.04
293351,0.2
293361,0.01
293366,0.19
293376,0.09
293377,0.11
293382,0.13
293383,0.12
293385,0.06
293402,0.05
293403,0.07
293405,0.06
293412,0.05
293430,0.0
293435,0.01
293438,0.05
293445,0.03
293447,0.32
293451,0.04
293463,0.05
293471,0.07
293482,0.12
293485,0.06
293493,0.34
293496,0.09
293505,0.08
293507,0.02
293508,0.11
293518,0.09
293524,0.03
293527,0.13
293537,0.03
293542,0.09
293556,0.03
293560,0.17
293563,0.26
293565,0.02
293597,0.08
293603,0.02
293607,0.13
293621,0.07
293622,0.04
293623,0.29
293636,0.23
293643,0.07
293659,0.06
293678,0.06
293679,0.05
293681,0.13
293684,0.1
293692,0.08
293696,0.05
293733,0.0
293734,0.03
293745,0.05
293751,0.05
293770,0.17
293778,0.14
293789,0.01
293809,0.1
293815,0.0
293816,0.23
293819,0.07
293822,0.03
293846,0.32
293849,0.02
293850,0.15
293851,0.13
293860,0.03
293863,0.26
293881,0.13
293900,0.08
293907,0.03
293915,0.05
293931,0.04
293935,0.06
293942,0.06
293944,0.24
293967,0.17
293968,0.04
293971,0.01
293972,0.14
293974,0.03
293976,0.08
293985,0.0
293996,0.2
294004,0.03
294007,0.29
294010,0.05
294013,0.28
294016,0.35
294018,0.28
294028,0.14
294041,0.05
294047,0.0
294055,0.05
294062,0.09
294069,0.05
294075,0.19
294091,0.04
294108,0.05
294116,0.1
294125,0.03
294129,0.06
294130,0.01
294134,0.0
294135,0.26
294136,0.04
294141,0.12
294160,0.04
294164,0.1
294184,0.02
294191,0.03
294195,0.04
294199,0.04
294208,0.2
294221,0.0
294225,0.17
294230,0.1
294236,0.11
294256,0.01
294257,0.02
294258,0.21
294282,0.06
294287,0.18
294290,0.11
294300,0.11
294302,0.04
294313,0.04
294314,0.16
294322,0.04
294336,0.11
294339,0.09
294348,0.09
294365,0.33
294373,0.12
294383,0.05
294403,0.06
294406,0.02
294417,0.32
294452,0.2
294463,0.18
294471,0.03
294486,0.01
294501,0.12
294504,0.2
294509,0.09
294511,0.02
294519,0.01
294530,0.11
294532,0.21
294547,0.15
294548,0.01
294554,0.08
294577,0.21
294578,0.03
294580,0.09
294583,0.06
294592,0.03
294595,0.04
294602,0.05
294613,0.1
294617,0.03
294631,0.22
294641,0.07
294653,0.04
294657,0.08
294661,0.21
294665,0.02
294668,0.02
294671,0.05
294682,0.06
294685,0.01
294688,0.12
294690,0.4
294698,0.08
294717,0.05
294724,0.06
294726,0.02
294738,0.1
294744,0.03
294758,0.08
294762,0.03
294776,0.11
294777,0.09
294807,0.18
294816,0.07
294821,0.12
294825,0.07
294834,0.02
294835,0.08
294836,0.08
294840,0.04
294842,0.24
294864,0.02
294874,0.08
294880,0.09
294881,0.05
294897,0.11
294898,0.04
294920,0.16
294923,0.18
294926,0.03
294937,0.11
294941,0.09
294951,0.11
294952,0.0
294953,0.01
294982,0.07
294989,0.04
294995,0.25
295009,0.15
295010,0.1
295013,0.03
295016,0.03
295022,0.09
295024,0.14
295040,0.24
295045,0.07
295047,0.1
295056,0.05
295073,0.18
295080,0.06
295093,0.05
295094,0.18
295095,0.03
295107,0.02
295116,0.1
295140,0.03
295150,0.32
295154,0.2
295155,0.07
295162,0.07
295163,0.08
295168,0.2
295176,0.03
295182,0.02
295183,0.09
295216,0.02
295219,0.01
295239,0.0
295246,0.04
295255,0.02
295257,0.07
295261,0.02
295263,0.03
295265,0.03
295274,0.17
295281,0.07
295286,0.02
295299,0.09
295304,0.02
295306,0.03
295321,0.02
295339,0.11
295342,0.11
295346,0.09
295348,0.14
295354,0.05
295367,0.17
295372,0.08
295373,0.06
295374,0.11
295387,0.0
295389,0.03
295396,0.16
295415,0.05
295418,0.19
295421,0.02
295425,0.06
295431,0.03
295434,0.03
295443,0.06
295453,0.05
295473,0.02
295476,0.08
295477,0.28
295488,0.23
295499,0.09
295504,0.02
295505,0.14
295524,0.04
295529,0.02
295533,0.14
295534,0.03
295549,0.01
295565,0.01
295584,0.06
295585,0.14
295597,0.12
295599,0.14
295604,0.03
295616,0.18
295635,0.04
295637,0.03
295670,0.02
295678,0.0
295701,0.05
295711,0.19
295713,0.04
295734,0.05
295739,0.06
295750,0.01
295773,0.29
295783,0.03
295787,0.04
295790,0.0
295795,0.04
295820,0.0
295821,0.04
295826,0.03
295836,0.06
295837,0.33
295842,0.02
295848,0.04
295850,0.09
295869,0.11
295871,0.1
295873,0.08
295879,0.1
295880,0.16
295892,0.09
295904,0.12
295907,0.07
295908,0.07
295913,0.04
295918,0.02
295921,0.18
295924,0.16
295949,0.07
295953,0.01
295961,0.02
295968,0.11
295971,0.06
295985,0.0
295986,0.06
295987,0.05
295993,0.04
295997,0.12
296005,0.05
296007,0.02
296012,0.07
296022,0.24
296024,0.0
296032,0.03
296034,0.02
296062,0.06
296070,0.02
296074,0.02
296084,0.02
296087,0.04
296088,0.04
296089,0.02
296143,0.01
296172,0.02
296183,0.13
296185,0.04
296194,0.04
296199,0.13
296204,0.14
296206,0.08
296209,0.07
296229,0.14
296239,0.03
296253,0.06
296259,0.1
296264,0.0
296270,0.2
296273,0.14
296284,0.02
296285,0.19
296287,0.03
296288,0.12
296292,0.01
296300,0.17
296301,0.05
296321,0.42
296324,0.07
296335,0.22
296348,0.0
296354,0.06
296369,0.13
296376,0.05
296391,0.03
296393,0.04
296398,0.11
296428,0.09
296432,0.1
296433,0.01
296449,0.04
296450,0.13
296490,0.17
296498,0.03
296499,0.03
296500,0.09
296509,0.12
296514,0.08
296518,0.1
296527,0.01
296532,0.02
296541,0.02
296544,0.19
296546,0.0
296573,0.33
296578,0.06
296589,0.03
296594,0.1
296616,0.06
296623,0.08
296624,0.09
296632,0.08
296633,0.01
296639,0.16
296647,0.09
296656,0.21
296678,0.0
296679,0.12
296695,0.06
296696,0.09
296714,0.07
296721,0.01
296739,0.03
296744,0.49
296747,0.11
296758,0.06
296760,0.02
296766,0.06
296769,0.0
296776,0.02
296780,0.04
296782,0.17
296790,0.14
296795,0.11
296801,0.0
296803,0.17
296806,0.12
296811,0.09
296813,0.02
296818,0.29
296822,0.03
296839,0.23
296848,0.03
296863,0.07
296871,0.03
296872,0.19
296877,0.05
296882,0.24
296885,0.03
296903,0.19
296906,0.15
296912,0.03
296916,0.05
296922,0.05
296926,0.1
296927,0.03
296935,0.02
296939,0.03
296942,0.12
296954,0.13
296968,0.04
296971,0.09
296984,0.05
297004,0.07
297011,0.09
297017,0.02
297019,0.29
297021,0.09
297025,0.06
297033,0.15
297038,0.29
297042,0.5
297065,0.02
297089,0.09
297093,0.1
297098,0.06
297100,0.01
297111,0.07
297115,0.08
297121,0.21
297123,0.32
297129,0.05
297132,0.11
297139,0.04
297147,0.11
297148,0.2
297161,0.1
297167,0.04
297171,0.21
297173,0.02
297179,0.0
297189,0.23
297200,0.01
297201,0.17
297220,0.16
297229,0.02
297234,0.04
297252,0.13
297266,0.31
297269,0.02
297276,0.23
297292,0.03
297300,0.16
297303,0.01
297305,0.32
297307,0.09
297313,0.14
297336,0.12
297340,0.21
297344,0.02
297349,0.04
297358,0.05
297363,0.13
297369,0.02
297372,0.02
297380,0.1
297384,0.06
297385,0.19
297389,0.02
297390,0.19
297415,0.09
297419,0.13
297421,0.25
297424,0.02
297431,0.08
297447,0.06
297456,0.09
297457,0.07
297463,0.06
297464,0.1
297474,0.08
297479,0.04
297480,0.32
297494,0.02
297495,0.03
297507,0.01
297514,0.03
297515,0.01
297516,0.2
297521,0.05
297534,0.06
297553,0.0
297575,0.11
297584,0.09
297586,0.02
297606,0.04
297630,0.01
297636,0.02
297646,0.11
297650,0.0
297651,0.07
297656,0.02
297675,0.06
297681,0.12
297699,0.01
297702,0.08
297712,0.1
297718,0.19
297730,0.1
297731,0.1
297745,0.03
297768,0.2
297771,0.06
297774,0.02
297781,0.14
297786,0.06
297798,0.11
297809,0.07
297822,0.02
297828,0.07
297840,0.01
297852,0.07
297859,0.01
297868,0.07
297883,0.11
297887,0.01
297896,0.07
297898,0.05
297917,0.18
297943,0.0
297954,0.21
297965,0.03
297992,0.05
297993,0.04
298001,0.13
298005,0.19
298010,0.02
298013,0.04
298014,0.16
298015,0.14
298025,0.33
298026,0.06
298032,0.06
298039,0.27
298049,0.23
298051,0.01
298058,0.02
298062,0.0
298070,0.07
298078,0.08
298084,0.24
298108,0.16
298113,0.04
298115,0.1
298126,0.02
298131,0.01
298134,0.02
298135,0.13
298139,0.01
298142,0.04
298152,0.06
298154,0.03
298155,0.06
298161,0.27
298165,0.11
298166,0.26
298171,0.02
298179,0.04
298182,0.09
298187,0.03
298192,0.03
298194,0.04
298213,0.12
298215,0.15
298216,0.03
298217,0.03
298223,0.03
298256,0.1
298275,0.03
298277,0.08
298279,0.1
298285,0.18
298286,0.22
298296,0.04
298309,0.02
298312,0.07
298323,0.04
298330,0.0
298340,0.06
298341,0.05
298349,0.06
298353,0.05
298363,0.1
298367,0.01
298378,0.18
298380,0.02
298392,0.14
298395,0.06
298405,0.04
298426,0.22
298427,0.11
298444,0.03
298450,0.0
298458,0.03
298462,0.06
298463,0.04
298479,0.02
298480,0.07
298487,0.07
298499,0.08
298500,0.05
298506,0.05
298507,0.06
298512,0.09
298515,0.02
298517,0.05
298532,0.35
298533,0.02
298560,0.14
298564,0.02
298567,0.27
298568,0.15
298569,0.16
298570,0.16
298579,0.01
298583,0.05
298591,0.1
298593,0.16
298600,0.0
298609,0.0
298620,0.04
298622,0.08
298628,0.05
298633,0.19
298657,0.1
298669,0.05
298671,0.08
298677,0.09
298692,0.04
298703,0.06
298705,0.09
298711,0.04
298713,0.16
298757,0.15
298766,0.0
298768,0.15
298770,0.04
298776,0.16
298785,0.04
298787,0.0
298792,0.09
298795,0.03
298799,0.06
298806,0.26
298810,0.03
298818,0.06
298822,0.05
298823,0.0
298834,0.02
298837,0.14
298841,0.11
298845,0.06
298852,0.17
298855,0.08
298858,0.09
298860,0.05
298861,0.09
298863,0.03
298866,0.1
298873,0.11
298880,0.1
298889,0.03
298896,0.11
298917,0.18
298929,0.04
298940,0.2
298946,0.21
298949,0.07
298966,0.18
298984,0.06
298994,0.02
299004,0.19
299012,0.06
299022,0.22
299024,0.04
299026,0.05
299035,0.03
299036,0.05
299039,0.05
299061,0.09
299064,0.06
299067,0.03
299074,0.25
299075,0.04
299078,0.01
299109,0.18
299117,0.04
299121,0.03
299127,0.11
299134,0.1
299136,0.06
299137,0.09
299139,0.16
299168,0.0
299176,0.0
299184,0.12
299188,0.13
299191,0.2
299208,0.06
299229,0.02
299238,0.12
299241,0.19
299257,0.02
299260,0.02
299264,0.08
299279,0.04
299308,0.0
299310,0.1
299311,0.05
299317,0.24
299325,0.24
299329,0.02
299334,0.27
299335,0.11
299339,0.13
299351,0.09
299352,0.02
299365,0.1
299393,0.15
299400,0.09
299404,0.11
299406,0.19
299410,0.17
299413,0.06
299434,0.21
299448,0.02
299463,0.11
299464,0.21
299470,0.07
299480,0.17
299488,0.06
299496,0.13
299501,0.18
299504,0.17
299532,0.13
299536,0.06
299550,0.03
299554,0.14
299564,0.12
299577,0.08
299581,0.04
299594,0.12
299632,0.06
299633,0.08
299650,0.14
299678,0.05
299682,0.11
299705,0.08
299719,0.07
299720,0.06
299724,0.14
299730,0.1
299750,0.01
299766,0.05
299774,0.19
299787,0.01
299817,0.04
299818,0.24
299826,0.07
299833,0.0
299845,0.12
299847,0.6
299850,0.11
299866,0.03
299869,0.05
299870,0.15
299874,0.0
299877,0.11
299891,0.34
299898,0.15
299900,0.17
299904,0.04
299912,0.03
299914,0.02
299919,0.09
299931,0.02
299934,0.06
299941,0.22
299946,0.06
299947,0.07
299972,0.08
299973,0.29
299975,0.08
299979,0.07
299981,0.04
299983,0.09
299985,0.12
299986,0.03
300011,0.22
300013,0.04
300028,0.04
300042,0.02
300043,0.12
300058,0.19
300073,0.06
300075,0.09
300087,0.02
300090,0.1
300107,0.09
300115,0.07
300119,0.09
300122,0.22
300125,0.05
300126,0.05
300137,0.49
300139,0.04
300145,0.11
300155,0.11
300169,0.05
300170,0.04
300175,0.07
300177,0.21
300186,0.02
300188,0.02
300194,0.02
300207,0.08
300210,0.12
300217,0.06
300221,0.05
300235,0.07
300238,0.03
300240,0.11
300241,0.05
300249,0.07
300255,0.11
300259,0.04
300272,0.05
300274,0.12
300276,0.11
300284,0.05
300293,0.04
300306,0.02
300310,0.11
300324,0.17
300339,0.01
300346,0.02
300348,0.09
300354,0.06
300356,0.04
300358,0.09
300363,0.07
300366,0.14
300368,0.13
300370,0.07
300385,0.11
300392,0.19
300393,0.06
300403,0.1
300411,0.06
300420,0.05
300421,0.07
300435,0.13
300437,0.05
300440,0.07
300443,0.08
300456,0.18
300458,0.03
300459,0.17
300460,0.06
300462,0.18
300481,0.08
300486,0.15
300488,0.09
300503,0.03
300506,0.08
300517,0.13
300523,0.05
300525,0.03
300526,0.1
300552,0.04
300560,0.02
300570,0.02
300583,0.14
300585,0.09
300587,0.04
300598,0.05
300600,0.08
300608,0.18
300612,0.04
300618,0.01
300621,0.19
300640,0.06
300641,0.2
300651,0.16
300653,0.0
300667,0.06
300678,0.1
300680,0.1
300687,0.15
300702,0.31
300717,0.06
300722,0.04
300723,0.04
300732,0.01
300752,0.05
300761,0.35
300775,0.02
300786,0.15
300787,0.02
300788,0.15
300789,0.18
300794,0.13
300808,0.19
300834,0.01
300842,0.12
300844,0.35
300850,0.02
300851,0.07
300854,0.08
300866,0.04
300867,0.01
300868,0.11
300882,0.04
300883,0.07
300891,0.04
300894,0.02
300901,0.13
300904,0.11
300910,0.16
300914,0.21
300918,0.12
300948,0.22
300954,0.14
300958,0.16
300959,0.08
300970,0.02
300971,0.07
300975,0.05
300981,0.09
300983,0.13
300993,0.23
300996,0.01
301001,0.07
301005,0.05
301010,0.16
301021,0.25
301026,0.02
301029,0.03
301032,0.1
301061,0.23
301073,0.0
301083,0.06
301089,0.1
301093,0.19
301098,0.04
301103,0.16
301105,0.29
301112,0.16
301120,0.0
301122,0.02
301124,0.1
301137,0.13
301169,0.09
301173,0.05
301177,0.08
301179,0.07
301180,0.16
301185,0.07
301195,0.18
301199,0.05
301201,0.13
301206,0.09
301209,0.04
301210,0.1
301216,0.25
301224,0.17
301226,0.06
301227,0.08
301243,0.09
301246,0.05
301248,0.1
301252,0.01
301259,0.19
301260,0.02
301267,0.0
301268,0.2
301274,0.05
301281,0.02
301287,0.09
301288,0.04
301299,0.01
301304,0.04
301325,0.35
301327,0.15
301331,0.19
301332,0.01
301336,0.0
301345,0.03
301348,0.06
301356,0.04
301358,0.08
301360,0.03
301364,0.05
301389,0.05
301415,0.01
301421,0.16
301422,0.09
301424,0.05
301426,0.06
301433,0.07
301459,0.09
301460,0.14
301478,0.06
301483,0.1
301493,0.04
301494,0.04
301503,0.06
301510,0.15
301516,0.0
301530,0.12
301531,0.0
301549,0.02
301550,0.1
301555,0.05
301573,0.03
301588,0.03
301593,0.24
301613,0.11
301625,0.06
301643,0.06
301650,0.07
301651,0.1
301652,0.04
301653,0.1
301665,0.13
301684,0.06
301686,0.07
301694,0.16
301697,0.05
301698,0.06
301717,0.02
301725,0.07
301728,0.01
301734,0.03
301749,0.09
301761,0.27
301766,0.06
301775,0.28
301782,0.11
301784,0.14
301787,0.02
301789,0.17
301790,0.07
301804,0.07
301806,0.1
301817,0.15
301826,0.08
301837,0.05
301842,0.02
301848,0.02
301859,0.18
301860,0.03
301867,0.15
301877,0.01
301883,0.05
301902,0.11
301908,0.09
301916,0.02
301920,0.02
301921,0.03
301931,0.09
301939,0.09
301941,0.07
301943,0.12
301949,0.04
301955,0.07
301963,0.01
301968,0.04
301975,0.08
301988,0.01
302000,0.09
302005,0.05
302007,0.08
302016,0.12
302028,0.03
302038,0.02
302043,0.02
302051,0.05
302056,0.01
302063,0.06
302072,0.04
302074,0.16
302080,0.01
302093,0.05
302096,0.09
302123,0.03
302125,0.01
302128,0.04
302145,0.07
302146,0.01
302160,0.09
302166,0.1
302174,0.01
302175,0.14
302186,0.39
302190,0.05
302202,0.14
302207,0.08
302211,0.01
302215,0.05
302216,0.03
302217,0.06
302225,0.37
302231,0.05
302233,0.05
302259,0.08
302263,0.04
302281,0.09
302285,0.04
302288,0.09
302292,0.35
302303,0.06
302306,0.02
302309,0.06
302332,0.01
302341,0.01
302350,0.16
302352,0.14
302356,0.2
302361,0.05
302364,0.08
302373,0.12
302378,0.07
302385,0.0
302389,0.11
302393,0.21
302403,0.08
302422,0.04
302425,0.04
302431,0.37
302443,0.1
302448,0.05
302449,0.06
302455,0.1
302460,0.01
302462,0.09
302466,0.04
302467,0.11
302470,0.26
302472,0.03
302480,0.09
302481,0.0
302491,0.14
302494,0.05
302503,0.25
302504,0.18
302507,0.2
302527,0.22
302571,0.15
302580,0.13
302583,0.05
302591,0.03
302601,0.09
302613,0.05
302621,0.06
302638,0.08
302639,0.19
302655,0.15
302670,0.24
302673,0.45
302675,0.02
302691,0.13
302701,0.07
302705,0.03
302727,0.05
302750,0.03
302751,0.1
302757,0.07
302758,0.12
302761,0.09
302767,0.07
302787,0.01
302797,0.02
302799,0.11
302800,0.02
302815,0.08
302826,0.3
302827,0.0
302842,0.0
302856,0.05
302877,0.02
302879,0.03
302881,0.04
302882,0.15
302885,0.22
302905,0.04
302911,0.0
302916,0.19
302919,0.11
302947,0.08
302957,0.14
302968,0.01
302978,0.05
302984,0.09
302991,0.05
303007,0.09
303010,0.04
303012,0.26
303013,0.37
303024,0.12
303027,0.02
303034,0.03
303036,0.21
303037,0.01
303050,0.05
303060,0.1
303062,0.09
303066,0.04
303068,0.06
303077,0.21
303080,0.04
303082,0.04
303083,0.0
303085,0.05
303087,0.13
303089,0.05
303103,0.01
303105,0.02
303106,0.18
303120,0.04
303121,0.03
303127,0.07
303130,0.04
303142,0.01
303162,0.14
303169,0.07
303189,0.03
303220,0.07
303222,0.23
303223,0.02
303227,0.05
303262,0.03
303264,0.08
303277,0.08
303288,0.01
303292,0.07
303294,0.08
303301,0.57
303312,0.16
303328,0.05
303330,0.02
303347,0.04
303354,0.06
303356,0.02
303362,0.05
303377,0.08
303386,0.04
303393,0.03
303397,0.02
303403,0.05
303413,0.01
303416,0.09
303428,0.13
303429,0.01
303432,0.08
303446,0.21
303455,0.08
303464,0.0
303465,0.01
303473,0.09
303476,0.21
303479,0.13
303482,0.09
303484,0.04
303492,0.07
303493,0.1
303497,0.12
303498,0.1
303499,0.07
303509,0.08
303513,0.03
303524,0.0
303525,0.18
303540,0.03
303544,0.03
303548,0.06
303551,0.05
303569,0.12
303584,0.15
303592,0.1
303602,0.08
303607,0.08
303619,0.03
303630,0.11
303643,0.21
303644,0.08
303670,0.13
303671,0.05
303678,0.04
303689,0.07
303698,0.14
303702,0.03
303704,0.11
303711,0.06
303727,0.12
303728,0.02
303741,0.17
303752,0.03
303755,0.05
303777,0.03
303790,0.14
303798,0.06
303804,0.26
303812,0.05
303814,0.17
303817,0.19
303818,0.17
303848,0.08
303850,0.06
303854,0.04
303857,0.06
303860,0.01
303870,0.16
303877,0.07
303884,0.11
303893,0.01
303899,0.03
303900,0.23
303902,0.05
303906,0.12
303920,0.11
303937,0.09
303939,0.01
303941,0.0
303962,0.02
303963,0.05
303971,0.05
303978,0.05
303980,0.09
303986,0.09
304018,0.12
304025,0.02
304027,0.01
304028,0.23
304029,0.09
304030,0.01
304035,0.07
304040,0.15
304058,0.19
304083,0.04
304089,0.24
304092,0.1
304093,0.04
304100,0.01
304121,0.08
304142,0.01
304154,0.04
304158,0.16
304164,0.05
304173,0.28
304175,0.15
304182,0.03
304194,0.03
304201,0.1
304202,0.05
304206,0.05
304210,0.02
304226,0.0
304237,0.08
304256,0.13
304257,0.01
304265,0.13
304271,0.13
304274,0.02
304286,0.05
304292,0.08
304299,0.15
304350,0.12
304352,0.0
304355,0.03
304360,0.02
304361,0.1
304363,0.2
304375,0.14
304378,0.02
304382,0.11
304385,0.19
304386,0.14
304387,0.06
304388,0.06
304391,0.13
304398,0.05
304406,0.02
304420,0.09
304431,0.14
304436,0.16
304438,0.04
304440,0.04
304441,0.02
304450,0.05
304451,0.21
304454,0.05
304462,0.22
304466,0.04
304469,0.13
304472,0.05
304475,0.19
304481,0.08
304483,0.03
304485,0.15
304486,0.03
304504,0.14
304505,0.05
304512,0.03
304516,0.12
304517,0.03
304528,0.07
304530,0.05
304536,0.05
304549,0.01
304552,0.19
304554,0.17
304581,0.06
304593,0.03
304596,0.23
304604,0.08
304610,0.14
304614,0.07
304628,0.2
304629,0.03
304637,0.04
304644,0.01
304654,0.08
304664,0.15
304676,0.05
304680,0.09
304687,0.05
304696,0.04
304698,0.19
304700,0.13
304703,0.14
304704,0.08
304710,0.08
304717,0.02
304729,0.04
304732,0.04
304736,0.09
304738,0.05
304756,0.03
304771,0.02
304773,0.05
304776,0.05
304778,0.02
304779,0.15
304780,0.03
304790,0.26
304793,0.0
304805,0.46
304811,0.02
304825,0.09
304828,0.18
304829,0.05
304842,0.18
304851,0.03
304857,0.05
304884,0.07
304891,0.02
304897,0.1
304898,0.08
304905,0.02
304907,0.05
304917,0.03
304931,0.02
304935,0.06
304942,0.11
304954,0.23
304959,0.05
304968,0.07
304971,0.05
304977,0.08
304982,0.08
304985,0.02
304991,0.05
304992,0.03
304997,0.16
305004,0.04
305008,0.01
305019,0.0
305020,0.11
305025,0.06
305037,0.06
305046,0.09
305056,0.03
305062,0.06
305064,0.06
305065,0.04
305076,0.07
305108,0.05
305110,0.12
305115,0.09
305121,0.22
305125,0.01
305141,0.01
305151,0.01
305159,0.01
305162,0.06
305165,0.05
305174,0.14
305178,0.08
305180,0.05
305182,0.08
305183,0.04
305194,0.06
305199,0.17
305210,0.08
305214,0.31
305215,0.04
305218,0.06
305225,0.04
305229,0.07
305231,0.03
305233,0.02
305237,0.03
305260,0.06
305261,0.14
305278,0.1
305286,0.08
305293,0.01
305300,0.02
305301,0.36
305326,0.16
305334,0.15
305340,0.1
305348,0.04
305352,0.03
305359,0.09
305360,0.01
305362,0.03
305383,0.01
305406,0.01
305408,0.21
305412,0.0
305413,0.16
305414,0.14
305417,0.01
305421,0.05
305422,0.1
305447,0.09
305448,0.31
305450,0.09
305452,0.0
305459,0.03
305460,0.13
305474,0.05
305475,0.04
305481,0.16
305494,0.03
305503,0.03
305507,0.04
305508,0.18
305513,0.09
305518,0.03
305523,0.06
305526,0.1
305529,0.02
305532,0.13
305543,0.18
305555,0.0
305562,0.04
305571,0.05
305578,0.24
305579,0.03
305584,0.1
305603,0.09
305620,0.35
305626,0.05
305636,0.07
305640,0.02
305653,0.05
305662,0.1
305663,0.13
305667,0.03
305683,0.14
305698,0.01
305699,0.22
305707,0.11
305717,0.4
305723,0.03
305735,0.04
305738,0.31
305746,0.01
305766,0.02
305773,0.0
305776,0.01
305777,0.05
305809,0.03
305813,0.07
305816,0.07
305820,0.1
305826,0.21
305838,0.24
305839,0.07
305846,0.09
305861,0.17
305863,0.21
305869,0.04
305872,0.05
305876,0.03
305881,0.11
305887,0.08
305894,0.02
305898,0.02
305905,0.05
305908,0.08
305914,0.17
305915,0.02
305922,0.01
305938,0.2
305946,0.06
305956,0.09
305963,0.01
305965,0.01
305988,0.07
305990,0.0
305991,0.15
305994,0.04
305998,0.01
306003,0.03
306012,0.03
306016,0.05
306021,0.11
306025,0.12
306030,0.14
306047,0.07
306051,0.0
306063,0.12
306066,0.12
306069,0.01
306074,0.11
306091,0.13
306094,0.14
306095,0.02
306114,0.02
306116,0.0
306121,0.05
306127,0.17
306128,0.14
306133,0.06
306142,0.01
306144,0.03
306150,0.01
306153,0.0
306156,0.13
306159,0.39
306161,0.01
306173,0.05
306175,0.05
306193,0.06
306194,0.02
306198,0.14
306203,0.15
306209,0.12
306212,0.0
306216,0.52
306233,0.03
306247,0.13
306264,0.07
306267,0.1
306293,0.1
306302,0.6
306305,0.04
306311,0.01
306345,0.02
306357,0.0
306368,0.02
306372,0.34
306378,0.07
306389,0.07
306398,0.05
306414,0.25
306419,0.15
306437,0.08
306438,0.1
306441,0.09
306443,0.11
306450,0.14
306464,0.19
306468,0.11
306469,0.03
306484,0.04
306527,0.04
306538,0.07
306547,0.1
306554,0.13
306557,0.1
306560,0.03
306561,0.01
306565,0.03
306569,0.08
306576,0.03
306587,0.08
306604,0.07
306624,0.07
306625,0.33
306628,0.15
306647,0.07
306651,0.18
306658,0.07
306660,0.16
306664,0.07
306670,0.09
306699,0.08
306701,0.07
306712,0.03
306716,0.09
306727,0.09
306729,0.12
306735,0.04
306739,0.0
306756,0.15
306757,0.08
306767,0.14
306775,0.06
306795,0.05
306799,0.18
306800,0.07
306805,0.06
306812,0.02
306820,0.14
306840,0.19
306845,0.08
306848,0.01
306856,0.07
306862,0.18
306863,0.02
306868,0.22
306873,0.15
306876,0.02
306893,0.11
306896,0.08
306899,0.06
306907,0.23
306908,0.07
306917,0.11
306927,0.14
306930,0.04
306935,0.03
306942,0.08
306951,0.0
306961,0.06
306970,0.34
306972,0.16
306973,0.09
306976,0.06
306978,0.06
306990,0.1
306992,0.21
306995,0.12
307001,0.4
307004,0.55
307005,0.07
307006,0.03
307010,0.13
307011,0.02
307014,0.02
307016,0.09
307022,0.02
307027,0.19
307052,0.09
307061,0.13
307072,0.34
307078,0.04
307111,0.07
307112,0.07
307134,0.06
307143,0.1
307147,0.09
307148,0.15
307162,0.07
307166,0.03
307168,0.02
307174,0.05
307177,0.02
307197,0.06
307198,0.2
307199,0.05
307205,0.12
307207,0.1
307210,0.01
307212,0.01
307223,0.05
307224,0.0
307236,0.27
307241,0.03
307242,0.14
307259,0.09
307271,0.1
307274,0.03
307281,0.14
307288,0.17
307294,0.03
307302,0.0
307308,0.04
307313,0.04
307344,0.14
307350,0.06
307366,0.13
307372,0.03
307373,0.05
307374,0.03
307378,0.01
307384,0.2
307398,0.05
307406,0.14
307416,0.05
307420,0.19
307424,0.0
307427,0.12
307429,0.02
307436,0.03
307456,0.09
307491,0.07
307494,0.03
307496,0.0
307500,0.12
307504,0.19
307509,0.09
307511,0.21
307520,0.05
307527,0.05
307537,0.11
307539,0.05
307558,0.09
307561,0.04
307575,0.23
307577,0.1
307588,0.06
307636,0.04
307639,0.11
307641,0.04
307646,0.17
307653,0.05
307661,0.23
307669,0.12
307674,0.03
307678,0.09
307691,0.04
307697,0.06
307699,0.0
307702,0.09
307708,0.05
307712,0.12
307716,0.02
307729,0.02
307753,0.07
307765,0.34
307781,0.09
307787,0.08
307788,0.03
307798,0.14
307799,0.08
307800,0.05
307801,0.14
307804,0.0
307816,0.03
307820,0.01
307824,0.08
307828,0.0
307832,0.19
307836,0.16
307842,0.13
307851,0.41
307856,0.0
307861,0.07
307879,0.03
307904,0.12
307911,0.07
307912,0.04
307913,0.21
307922,0.05
307924,0.03
307925,0.13
307929,0.09
307933,0.47
307945,0.02
307948,0.06
307961,0.24
307962,0.06
307963,0.09
307971,0.05
307983,0.12
307984,0.1
307988,0.19
307993,0.09
307994,0.12
308007,0.12
308008,0.05
308018,0.08
308023,0.02
308026,0.02
308028,0.02
308030,0.06
308034,0.1
308053,0.08
308065,0.16
308095,0.02
308096,0.04
308100,0.05
308114,0.09
308116,0.31
308120,0.04
308128,0.28
308132,0.01
308134,0.17
308140,0.15
308142,0.08
308164,0.01
308168,0.23
308169,0.09
308171,0.11
308176,0.04
308177,0.05
308179,0.05
308180,0.48
308184,0.01
308188,0.14
308189,0.06
308190,0.08
308200,0.12
308210,0.03
308211,0.12
308218,0.06
308220,0.02
308228,0.0
308231,0.08
308236,0.01
308247,0.14
308251,0.2
308260,0.06
308266,0.06
308267,0.06
308280,0.19
308298,0.04
308301,0.01
308309,0.06
308312,0.17
308325,0.11
308334,0.27
308339,0.07
308346,0.18
308359,0.07
308360,0.08
308380,0.03
308391,0.16
308403,0.02
308408,0.11
308410,0.23
308415,0.09
308420,0.09
308427,0.1
308442,0.07
308447,0.65
308462,0.09
308464,0.11
308465,0.15
308467,0.17
308468,0.05
308476,0.05
308488,0.14
308498,0.03
308504,0.13
308507,0.0
308509,0.03
308521,0.09
308536,0.05
308537,0.04
308543,0.01
308547,0.03
308559,0.08
308565,0.07
308569,0.14
308584,0.0
308591,0.24
308608,0.08
308610,0.04
308613,0.01
308618,0.24
308623,0.0
308632,0.02
308636,0.12
308641,0.02
308643,0.03
308664,0.13
308678,0.04
308679,0.06
308691,0.07
308692,0.03
308701,0.01
308709,0.21
308711,0.05
308719,0.08
308723,0.09
308727,0.17
308732,0.1
308738,0.01
308747,0.06
308749,0.0
308755,0.14
308756,0.11
308761,0.0
308779,0.05
308780,0.03
308784,0.12
308789,0.08
308807,0.03
308818,0.32
308819,0.07
308822,0.47
308827,0.1
308831,0.08
308833,0.04
308842,0.03
308868,0.03
308871,0.02
308881,0.01
308889,0.03
308892,0.05
308900,0.09
308903,0.06
308912,0.22
308916,0.13
308919,0.09
308920,0.06
308921,0.03
308928,0.02
308929,0.13
308934,0.12
308940,0.1
308941,0.02
308946,0.0
308956,0.14
308958,0.05
308963,0.02
308965,0.02
308971,0.14
308977,0.04
308985,0.07
308987,0.05
308995,0.15
309005,0.05
309007,0.15
309015,0.0
309016,0.04
309018,0.05
309019,0.03
309035,0.01
309042,0.09
309044,0.04
309052,0.12
309061,0.02
309064,0.02
309072,0.01
309075,0.06
309083,0.01
309099,0.22
309124,0.03
309125,0.13
309146,0.06
309159,0.03
309161,0.0
309168,0.1
309180,0.05
309185,0.11
309195,0.17
309198,0.0
309200,0.12
309202,0.35
309204,0.1
309213,0.16
309227,0.16
309234,0.03
309241,0.07
309242,0.04
309244,0.06
309246,0.11
309250,0.04
309251,0.21
309274,0.16
309276,0.11
309280,0.16
309298,0.34
309301,0.27
309302,0.04
309326,0.01
309335,0.09
309341,0.03
309343,0.02
309344,0.03
309354,0.01
309362,0.02
309399,0.16
309406,0.06
309409,0.17
309411,0.12
309418,0.21
309421,0.03
309435,0.03
309443,0.16
309455,0.14
309462,0.09
309473,0.06
309476,0.27
309478,0.03
309493,0.02
309502,0.05
309508,0.2
309526,0.1
309536,0.01
309544,0.05
309547,0.09
309555,0.01
309562,0.03
309569,0.09
309574,0.32
309577,0.09
309578,0.08
309579,0.1
309585,0.02
309588,0.05
309603,0.13
309604,0.06
309617,0.13
309620,0.02
309623,0.05
309648,0.2
309665,0.16
309682,0.01
309694,0.03
309702,0.01
309711,0.03
309713,0.09
309729,0.04
309735,0.04
309744,0.1
309749,0.17
309750,0.05
309759,0.06
309761,0.15
309770,0.15
309776,0.03
309777,0.06
309789,0.02
309790,0.01
309800,0.1
309813,0.08
309814,0.33
309815,0.18
309825,0.06
309826,0.08
309829,0.02
309831,0.0
309837,0.04
309846,0.09
309849,0.17
309855,0.01
309860,0.08
309879,0.15
309882,0.44
309887,0.12
309892,0.12
309895,0.08
309902,0.1
309915,0.1
309923,0.0
309941,0.27
309942,0.1
309945,0.03
309950,0.19
309955,0.04
309963,0.05
309964,0.04
309967,0.14
309969,0.06
309971,0.01
309978,0.11
309987,0.12
309990,0.1
309992,0.21
309993,0.01
310010,0.05
310012,0.04
310017,0.01
310018,0.06
310022,0.09
310031,0.03
310033,0.0
310034,0.11
310038,0.09
310044,0.21
310062,0.17
310071,0.0
310075,0.09
310082,0.15
310093,0.12
310101,0.03
310106,0.05
310118,0.18
310123,0.03
310126,0.01
310130,0.04
310141,0.08
310145,0.1
310148,0.07
310150,0.09
310159,0.29
310162,0.02
310163,0.07
310166,0.01
310167,0.01
310170,0.08
310181,0.05
310187,0.04
310191,0.0
310192,0.09
310197,0.16
310200,0.11
310201,0.08
310203,0.04
310204,0.03
310213,0.14
310215,0.08
310218,0.2
310236,0.11
310238,0.02
310241,0.07
310245,0.22
310252,0.12
310259,0.05
310260,0.21
310261,0.07
310262,0.01
310274,0.08
310294,0.44
310296,0.17
310298,0.07
310306,0.03
310307,0.13
310316,0.01
310329,0.08
310338,0.09
310342,0.09
310343,0.22
310360,0.05
310362,0.47
310378,0.06
310379,0.11
310383,0.1
310385,0.04
310387,0.1
310388,0.03
310400,0.03
310408,0.25
310414,0.17
310423,0.0
310424,0.09
310428,0.09
310432,0.13
310456,0.01
310463,0.17
310475,0.1
310476,0.18
310482,0.12
310485,0.05
310490,0.04
310496,0.01
310505,0.09
310519,0.04
310546,0.12
310547,0.1
310553,0.1
310555,0.01
310556,0.45
310568,0.01
310573,0.2
310574,0.03
310577,0.08
310580,0.09
310581,0.02
310583,0.07
310586,0.02
310591,0.06
310598,0.09
310606,0.19
310628,0.03
310634,0.13
310638,0.08
310646,0.0
310648,0.32
310654,0.02
310659,0.23
310663,0.08
310669,0.03
310670,0.08
310674,0.05
310691,0.22
310693,0.19
310702,0.01
310706,0.1
310709,0.03
310711,0.13
310720,0.16
310739,0.42
310742,0.26
310743,0.07
310752,0.05
310753,0.23
310757,0.12
310763,0.05
310764,0.02
310769,0.02
310771,0.21
310775,0.02
310779,0.09
310781,0.07
310784,0.06
310793,0.07
310794,0.06
310816,0.16
310823,0.15
310837,0.11
310856,0.09
310865,0.05
310866,0.09
310872,0.02
310877,0.17
310879,0.02
310883,0.05
310884,0.31
310908,0.07
310928,0.02
310935,0.05
310954,0.07
310964,0.25
310971,0.08
310972,0.06
310983,0.05
310988,0.01
310994,0.04
311003,0.05
311020,0.05
311024,0.05
311037,0.11
311064,0.05
311070,0.05
311086,0.16
311087,0.11
311108,0.01
311110,0.06
311115,0.04
311116,0.22
311117,0.06
311128,0.03
311136,0.11
311146,0.0
311155,0.08
311157,0.08
311159,0.03
311170,0.09
311184,0.13
311199,0.06
311208,0.2
311209,0.1
311220,0.22
311230,0.19
311233,0.06
311241,0.22
311261,0.04
311262,0.0
311268,0.01
311277,0.24
311296,0.12
311298,0.14
311310,0.3
311313,0.35
311316,0.14
311324,0.1
311327,0.02
311331,0.04
311335,0.01
311343,0.08
311346,0.12
311357,0.14
311358,0.01
311365,0.04
311370,0.03
311376,0.01
311380,0.18
311393,0.03
311399,0.04
311404,0.06
311409,0.0
311425,0.22
311436,0.12
311455,0.01
311459,0.24
311475,0.17
311499,0.09
311509,0.05
311518,0.04
311535,0.16
311536,0.03
311540,0.24
311542,0.14
311552,0.27
311562,0.32
311580,0.01
311583,0.05
311588,0.3
311595,0.02
311601,0.08
311605,0.09
311609,0.24
311612,0.13
311621,0.09
311623,0.02
311625,0.11
311636,0.03
311637,0.03
311646,0.05
311648,0.0
311654,0.0
311663,0.22
311676,0.11
311679,0.06
311683,0.14
311685,0.04
311691,0.03
311695,0.03
311700,0.0
311710,0.11
311714,0.07
311716,0.06
311725,0.02
311727,0.18
311728,0.02
311737,0.19
311738,0.03
311743,0.13
311746,0.08
311747,0.15
311761,0.18
311765,0.01
311773,0.04
311776,0.08
311786,0.18
311801,0.06
311820,0.05
311822,0.43
311829,0.03
311835,0.01
311846,0.02
311851,0.11
311854,0.02
311872,0.05
311875,0.01
311888,0.07
311916,0.09
311928,0.14
311931,0.07
311933,0.24
311934,0.08
311948,0.06
311949,0.16
311950,0.05
311952,0.01
311954,0.17
311962,0.05
311965,0.02
311968,0.18
311976,0.16
311977,0.03
311983,0.09
311989,0.01
311996,0.08
311999,0.08
312007,0.18
312022,0.07
312023,0.04
312034,0.07
312042,0.1
312049,0.08
312077,0.03
312088,0.16
312091,0.21
312114,0.04
312115,0.08
312117,0.17
312119,0.15
312126,0.54
312127,0.03
312134,0.08
312164,0.11
312176,0.02
312178,0.03
312184,0.04
312185,0.14
312186,0.05
312191,0.08
312197,0.07
312213,0.14
312223,0.08
312224,0.23
312225,0.07
312226,0.18
312231,0.02
312239,0.12
312251,0.05
312271,0.03
312278,0.04
312281,0.03
312289,0.01
312291,0.05
312301,0.15
312302,0.05
312316,0.09
312324,0.1
312338,0.01
312361,0.0
312363,0.19
312368,0.01
312382,0.03
312384,0.07
312390,0.01
312395,0.08
312396,0.21
312400,0.2
312406,0.13
312412,0.01
312414,0.11
312417,0.06
312425,0.19
312428,0.05
312431,0.07
312437,0.13
312442,0.02
312451,0.13
312460,0.06
312464,0.12
312466,0.1
312470,0.09
312473,0.21
312490,0.1
312493,0.22
312503,0.01
312509,0.13
312520,0.07
312528,0.07
312543,0.01
312544,0.05
312553,0.06
312558,0.05
312565,0.12
312568,0.14
312579,0.12
312581,0.11
312582,0.16
312596,0.12
312597,0.1
312598,0.01
312617,0.16
312627,0.1
312635,0.0
312637,0.12
312639,0.0
312640,0.25
312642,0.38
312651,0.09
312663,0.11
312668,0.04
312685,0.06
312691,0.04
312693,0.01
312710,0.1
312711,0.07
312712,0.03
312720,0.04
312746,0.26
312763,0.02
312770,0.07
312791,0.25
312795,0.05
312796,0.09
312797,0.1
312804,0.08
312812,0.04
312813,0.11
312825,0.08
312827,0.19
312841,0.0
312842,0.23
312845,0.03
312856,0.01
312866,0.02
312870,0.25
312879,0.07
312895,0.06
312901,0.04
312909,0.03
312910,0.01
312916,0.03
312926,0.1
312942,0.19
312946,0.06
312950,0.1
312952,0.09
312963,0.04
312968,0.45
312976,0.09
312980,0.07
312984,0.06
312987,0.24
312994,0.04
312996,0.08
312997,0.04
313019,0.03
313020,0.0
313028,0.05
313041,0.13
313045,0.05
313048,0.14
313052,0.07
313062,0.08
313063,0.12
313066,0.07
313071,0.06
313085,0.05
313099,0.34
313109,0.25
313131,0.03
313139,0.05
313141,0.05
313142,0.15
313145,0.1
313153,0.15
313157,0.01
313161,0.05
313165,0.05
313179,0.11
313208,0.1
313228,0.19
313236,0.04
313243,0.05
313245,0.02
313249,0.03
313275,0.04
313276,0.09
313280,0.1
313284,0.2
313285,0.13
313292,0.03
313297,0.04
313304,0.02
313322,0.03
313323,0.08
313325,0.03
313326,0.02
313334,0.03
313336,0.0
313337,0.14
313339,0.12
313340,0.08
313341,0.2
313343,0.16
313346,0.24
313348,0.25
313359,0.01
313365,0.07
313375,0.24
313381,0.07
313382,0.03
313389,0.04
313390,0.03
313391,0.18
313410,0.08
313416,0.01
313417,0.0
313426,0.06
313429,0.06
313469,0.08
313479,0.07
313485,0.39
313494,0.03
313496,0.02
313501,0.03
313506,0.07
313521,0.02
313524,0.2
313538,0.1
313550,0.14
313557,0.05
313573,0.06
313583,0.02
313592,0.07
313602,0.12
313604,0.08
313606,0.12
313617,0.18
313622,0.04
313625,0.13
313638,0.04
313639,0.01
313645,0.23
313655,0.05
313656,0.3
313663,0.18
313669,0.1
313670,0.05
313676,0.09
313689,0.22
313699,0.06
313711,0.05
313720,0.11
313731,0.26
313736,0.28
313741,0.12
313744,0.1
313749,0.19
313750,0.02
313753,0.03
313763,0.02
313765,0.19
313776,0.04
313778,0.24
313781,0.05
313786,0.41
313787,0.07
313795,0.04
313809,0.11
313810,0.04
313811,0.14
313818,0.38
313825,0.05
313830,0.08
313831,0.01
313834,0.1
313837,0.33
313841,0.01
313859,0.03
313882,0.02
313887,0.28
313900,0.06
313902,0.06
313906,0.03
313930,0.03
313932,0.08
313943,0.13
313944,0.01
313957,0.04
313970,0.23
313980,0.09
313982,0.06
313999,0.19
314000,0.15
314003,0.12
314004,0.01
314005,0.33
314007,0.01
314010,0.23
314011,0.04
314016,0.16
314023,0.04
314024,0.09
314031,0.09
314038,0.11
314041,0.04
314061,0.14
314073,0.01
314091,0.09
314097,0.21
314099,0.04
314107,0.09
314124,0.18
314127,0.07
314131,0.01
314132,0.01
314137,0.2
314139,0.03
314143,0.01
314149,0.04
314153,0.02
314154,0.21
314160,0.07
314167,0.04
314171,0.02
314182,0.13
314190,0.04
314194,0.02
314198,0.03
314211,0.05
314220,0.21
314245,0.0
314247,0.02
314256,0.0
314259,0.04
314267,0.03
314271,0.08
314278,0.11
314282,0.06
314283,0.07
314294,0.2
314298,0.03
314299,0.12
314306,0.06
314307,0.14
314308,0.03
314309,0.09
314317,0.12
314323,0.05
314332,0.04
314334,0.03
314335,0.06
314337,0.04
314343,0.02
314344,0.15
314346,0.06
314351,0.01
314354,0.02
314355,0.07
314359,0.04
314364,0.03
314366,0.01
314367,0.18
314374,0.0
314376,0.07
314387,0.06
314405,0.15
314412,0.01
314418,0.27
314429,0.1
314438,0.3
314442,0.04
314477,0.02
314480,0.0
314486,0.05
314487,0.2
314488,0.04
314490,0.07
314523,0.05
314528,0.1
314535,0.01
314542,0.08
314560,0.09
314585,0.36
314594,0.16
314596,0.15
314601,0.08
314603,0.04
314612,0.15
314615,0.3
314619,0.01
314621,0.25
314627,0.19
314629,0.06
314635,0.26
314639,0.06
314646,0.08
314650,0.28
314661,0.04
314690,0.06
314699,0.01
314705,0.1
314709,0.04
314710,0.01
314711,0.07
314714,0.09
314719,0.11
314722,0.15
314723,0.08
314729,0.07
314732,0.17
314734,0.27
314746,0.03
314761,0.36
314769,0.07
314773,0.15
314774,0.1
314776,0.05
314780,0.06
314785,0.09
314789,0.15
314796,0.13
314810,0.01
314812,0.03
314817,0.0
314822,0.1
314840,0.1
314843,0.04
314853,0.01
314856,0.11
314862,0.05
314864,0.0
314878,0.04
314894,0.06
314906,0.35
314912,0.02
314914,0.03
314933,0.23
314941,0.01
314949,0.09
314950,0.07
314952,0.12
314961,0.14
314970,0.07
314972,0.21
314975,0.06
314985,0.06
314986,0.05
314991,0.17
314995,0.16
314997,0.03
315003,0.02
315035,0.08
315038,0.14
315040,0.03
315046,0.03
315053,0.01
315054,0.17
315060,0.1
315061,0.03
315067,0.39
315076,0.09
315079,0.1
315083,0.03
315084,0.05
315092,0.13
315095,0.26
315112,0.18
315122,0.06
315123,0.0
315125,0.2
315136,0.2
315143,0.19
315145,0.14
315153,0.03
315164,0.21
315169,0.0
315178,0.19
315179,0.08
315189,0.03
315192,0.17
315194,0.08
315198,0.05
315210,0.09
315211,0.01
315221,0.39
315222,0.06
315228,0.23
315231,0.12
315233,0.06
315235,0.1
315240,0.0
315244,0.09
315257,0.2
315261,0.28
315271,0.04
315278,0.07
315282,0.3
315287,0.04
315288,0.13
315291,0.24
315306,0.03
315309,0.05
315312,0.01
315330,0.09
315335,0.08
315337,0.13
315343,0.13
315344,0.24
315366,0.02
315389,0.2
315403,0.06
315414,0.26
315425,0.01
315430,0.11
315432,0.15
315436,0.05
315437,0.08
315445,0.08
315451,0.07
315460,0.02
315462,0.07
315476,0.09
315480,0.11
315489,0.06
315494,0.01
315499,0.02
315503,0.06
315507,0.27
315540,0.03
315541,0.1
315546,0.08
315553,0.07
315569,0.24
315571,0.0
315574,0.06
315580,0.03
315587,0.01
315609,0.05
315610,0.06
315617,0.2
315623,0.04
315629,0.03
315635,0.21
315637,0.03
315641,0.0
315644,0.08
315654,0.09
315662,0.01
315663,0.22
315673,0.06
315677,0.03
315679,0.14
315680,0.12
315681,0.01
315682,0.22
315684,0.07
315693,0.11
315701,0.01
315705,0.2
315706,0.08
315711,0.1
315714,0.1
315725,0.12
315738,0.1
315740,0.03
315749,0.08
315753,0.05
315757,0.06
315778,0.06
315781,0.07
315793,0.1
315813,0.05
315822,0.03
315827,0.13
315831,0.02
315843,0.11
315857,0.21
315864,0.11
315869,0.1
315870,0.06
315878,0.17
315891,0.16
315894,0.09
315895,0.14
315903,0.02
315917,0.04
315920,0.03
315937,0.04
315938,0.04
315947,0.07
315970,0.32
315971,0.03
315974,0.02
315984,0.09
315985,0.15
315988,0.0
315993,0.08
315995,0.32
315997,0.06
316000,0.03
316009,0.1
316011,0.02
316014,0.12
316021,0.08
316022,0.05
316023,0.19
316060,0.02
316063,0.04
316065,0.19
316066,0.11
316077,0.22
316083,0.0
316093,0.13
316100,0.0
316110,0.01
316118,0.05
316135,0.01
316139,0.14
316154,0.13
316156,0.06
316171,0.16
316173,0.02
316186,0.06
316188,0.02
316190,0.12
316195,0.13
316205,0.1
316214,0.04
316216,0.09
316220,0.03
316222,0.08
316224,0.06
316226,0.03
316230,0.03
316248,0.09
316258,0.2
316269,0.14
316270,0.06
316279,0.11
316286,0.03
316295,0.03
316297,0.02
316305,0.02
316312,0.01
316313,0.07
316314,0.09
316320,0.03
316321,0.1
316328,0.05
316329,0.13
316334,0.07
316364,0.02
316372,0.03
316382,0.02
316407,0.04
316411,0.18
316433,0.05
316435,0.08
316441,0.11
316456,0.0
316457,0.09
316462,0.11
316465,0.06
316466,0.06
316468,0.09
316469,0.13
316479,0.09
316481,0.02
316484,0.05
316502,0.1
316517,0.16
316525,0.08
316531,0.03
316546,0.0
316549,0.14
316557,0.01
316561,0.25
316564,0.06
316565,0.15
316594,0.15
316595,0.1
316600,0.02
316625,0.02
316645,0.21
316647,0.07
316659,0.2
316683,0.09
316694,0.17
316697,0.0
316701,0.05
316702,0.07
316703,0.02
316718,0.13
316723,0.05
316748,0.12
316756,0.03
316758,0.1
316763,0.07
316764,0.07
316768,0.03
316769,0.02
316772,0.03
316777,0.18
316781,0.07
316785,0.26
316786,0.03
316815,0.27
316816,0.12
316828,0.09
316831,0.06
316837,0.05
316843,0.1
316849,0.09
316854,0.07
316862,0.04
316867,0.01
316902,0.03
316903,0.02
316906,0.01
316914,0.03
316915,0.01
316923,0.06
316928,0.11
316930,0.05
316932,0.18
316940,0.03
316947,0.02
316948,0.09
316977,0.06
316983,0.08
316987,0.13
317003,0.13
317005,0.02
317035,0.03
317036,0.0
317043,0.08
317048,0.05
317056,0.03
317065,0.02
317079,0.06
317080,0.01
317083,0.09
317087,0.07
317103,0.05
317117,0.2
317119,0.07
317125,0.07
317126,0.16
317134,0.08
317138,0.09
317142,0.05
317150,0.06
317184,0.15
317190,0.06
317196,0.03
317197,0.06
317206,0.0
317210,0.05
317221,0.03
317226,0.2
317227,0.25
317236,0.04
317237,0.12
317241,0.02
317249,0.0
317256,0.01
317282,0.01
317294,0.11
317298,0.12
317300,0.02
317307,0.07
317311,0.05
317318,0.07
317322,0.05
317323,0.19
317332,0.08
317338,0.05
317346,0.04
317347,0.0
317349,0.1
317354,0.11
317369,0.18
317386,0.05
317389,0.02
317410,0.16
317411,0.07
317422,0.04
317434,0.02
317446,0.04
317449,0.08
317455,0.13
317469,0.08
317475,0.03
317476,0.07
317487,0.05
317488,0.05
317499,0.21
317500,0.0
317506,0.01
317515,0.05
317518,0.03
317520,0.16
317546,0.1
317549,0.09
317554,0.08
317565,0.07
317579,0.07
317591,0.06
317592,0.16
317593,0.1
317594,0.0
317601,0.14
317603,0.25
317606,0.3
317608,0.03
317611,0.06
317618,0.04
317628,0.1
317629,0.16
317642,0.0
317644,0.14
317648,0.16
317650,0.05
317665,0.09
317675,0.04
317695,0.18
317696,0.02
317704,0.05
317713,0.0
317730,0.14
317735,0.18
317736,0.04
317738,0.19
317747,0.13
317764,0.1
317765,0.24
317772,0.19
317774,0.02
317786,0.04
317788,0.07
317806,0.15
317809,0.24
317811,0.03
317814,0.08
317815,0.09
317830,0.06
317835,0.05
317843,0.1
317856,0.23
317863,0.15
317876,0.23
317889,0.05
317902,0.03
317910,0.03
317914,0.04
317933,0.02
317936,0.14
317940,0.06
317944,0.05
317952,0.06
317955,0.03
317958,0.02
317965,0.06
317966,0.11
317978,0.06
318000,0.02
318007,0.16
318008,0.12
318012,0.01
318016,0.01
318019,0.3
318020,0.08
318021,0.03
318025,0.19
318036,0.04
318044,0.02
318055,0.06
318056,0.14
318057,0.17
318065,0.08
318075,0.02
318081,0.19
318094,0.0
318096,0.03
318104,0.1
318105,0.03
318109,0.16
318113,0.02
318121,0.09
318122,0.23
318126,0.03
318127,0.02
318131,0.15
318135,0.12
318155,0.01
318156,0.01
318161,0.04
318164,0.16
318169,0.23
318173,0.1
318176,0.2
318177,0.11
318181,0.08
318187,0.1
318193,0.04
318203,0.07
318206,0.02
318214,0.11
318220,0.04
318232,0.08
318250,0.11
318251,0.06
318252,0.02
318254,0.02
318260,0.03
318261,0.02
318263,0.08
318264,0.14
318266,0.02
318267,0.05
318268,0.09
318270,0.11
318274,0.05
318282,0.05
318286,0.15
318292,0.03
318297,0.02
318320,0.05
318337,0.09
318343,0.11
318347,0.1
318351,0.16
318357,0.46
318360,0.04
318384,0.0
318385,0.11
318387,0.14
318390,0.16
318391,0.04
318393,0.04
318406,0.0
318408,0.4
318410,0.34
318424,0.13
318428,0.06
318432,0.02
318433,0.11
318445,0.1
318452,0.35
318467,0.12
318473,0.14
318480,0.1
318486,0.1
318496,0.03
318505,0.33
318511,0.15
318517,0.02
318522,0.07
318527,0.06
318530,0.05
318531,0.05
318533,0.03
318535,0.1
318536,0.1
318548,0.06
318551,0.07
318557,0.21
318576,0.05
318581,0.13
318607,0.11
318609,0.08
318615,0.2
318634,0.08
318640,0.19
318651,0.2
318657,0.09
318669,0.07
318674,0.05
318675,0.03
318686,0.07
318694,0.01
318760,0.13
318762,0.06
318763,0.01
318765,0.05
318766,0.06
318769,0.13
318775,0.02
318782,0.09
318786,0.24
318792,0.0
318801,0.13
318802,0.05
318803,0.03
318805,0.14
318813,0.14
318817,0.08
318821,0.02
318827,0.12
318834,0.12
318835,0.02
318851,0.04
318857,0.01
318862,0.04
318874,0.2
318878,0.04
318897,0.09
318909,0.18
318924,0.11
318927,0.1
318942,0.12
318946,0.1
318957,0.18
318959,0.04
318975,0.0
318982,0.04
318987,0.0
318993,0.02
318995,0.07
318996,0.04
318997,0.09
318999,0.04
319012,0.24
319014,0.08
319018,0.03
319020,0.13
319048,0.05
319052,0.08
319067,0.05
319083,0.09
319088,0.02
319089,0.07
319090,0.51
319096,0.03
319099,0.14
319108,0.07
319116,0.19
319117,0.12
319119,0.03
319126,0.2
319133,0.19
319135,0.11
319137,0.0
319143,0.05
319168,0.08
319170,0.01
319174,0.1
319181,0.02
319192,0.04
319193,0.08
319198,0.03
319211,0.08
319219,0.06
319220,0.01
319226,0.05
319240,0.06
319248,0.06
319257,0.06
319261,0.25
319264,0.03
319268,0.02
319289,0.13
319292,0.04
319295,0.06
319302,0.03
319308,0.15
319310,0.2
319313,0.04
319322,0.0
319329,0.03
319331,0.13
319334,0.23
319346,0.05
319352,0.14
319358,0.12
319363,0.07
319365,0.23
319370,0.0
319371,0.17
319372,0.01
319385,0.05
319387,0.0
319393,0.02
319396,0.05
319406,0.01
319439,0.01
319440,0.14
319441,0.29
319462,0.09
319471,0.02
319475,0.09
319476,0.0
319486,0.11
319487,0.12
319489,0.1
319491,0.07
319494,0.0
319496,0.3
319512,0.04
319519,0.02
319522,0.04
319530,0.09
319540,0.02
319547,0.02
319549,0.04
319559,0.08
319561,0.02
319566,0.06
319569,0.04
319574,0.04
319579,0.11
319580,0.07
319582,0.04
319583,0.06
319585,0.17
319598,0.08
319600,0.06
319602,0.03
319603,0.05
319604,0.03
319608,0.04
319622,0.07
319623,0.19
319625,0.19
319628,0.12
319637,0.04
319639,0.03
319658,0.11
319669,0.09
319677,0.02
319683,0.07
319688,0.01
319697,0.06
319700,0.02
319727,0.12
319747,0.05
319751,0.11
319758,0.13
319759,0.12
319765,0.03
319768,0.02
319774,0.05
319776,0.09
319777,0.03
319785,0.13
319789,0.01
319792,0.05
319799,0.06
319814,0.09
319815,0.07
319822,0.1
319829,0.15
319836,0.04
319837,0.05
319839,0.1
319843,0.0
319860,0.27
319876,0.23
319877,0.04
319887,0.23
319889,0.01
319892,0.1
319893,0.08
319897,0.04
319898,0.04
319911,0.07
319917,0.01
319923,0.04
319927,0.08
319929,0.07
319931,0.26
319948,0.1
319949,0.06
319992,0.1
319999,0.05
320001,0.15
320003,0.04
320004,0.32
320011,0.08
320012,0.04
320021,0.06
320026,0.03
320034,0.03
320041,0.31
320042,0.05
320046,0.08
320056,0.0
320062,0.0
320093,0.43
320094,0.03
320101,0.11
320114,0.11
320126,0.04
320128,0.04
320137,0.06
320149,0.01
320165,0.04
320172,0.05
320173,0.23
320175,0.16
320179,0.08
320181,0.07
320191,0.03
320192,0.12
320195,0.02
320199,0.07
320202,0.15
320203,0.17
320205,0.03
320224,0.22
320227,0.24
320228,0.06
320248,0.36
320252,0.06
320254,0.1
320259,0.12
320267,0.14
320276,0.02
320287,0.19
320291,0.07
320295,0.03
320297,0.15
320305,0.14
320321,0.16
320331,0.17
320336,0.09
320341,0.1
320344,0.11
320356,0.01
320362,0.14
320369,0.0
320379,0.03
320387,0.15
320397,0.02
320412,0.11
320421,0.06
320428,0.1
320429,0.24
320430,0.1
320434,0.03
320453,0.05
320462,0.05
320469,0.05
320475,0.04
320478,0.17
320484,0.06
320494,0.03
320499,0.04
320541,0.1
320550,0.03
320561,0.0
320562,0.06
320564,0.04
320566,0.27
320568,0.08
320593,0.02
320609,0.05
320614,0.03
320621,0.01
320639,0.12
320640,0.15
320656,0.06
320657,0.04
320670,0.02
320672,0.0
320691,0.06
320693,0.02
320698,0.04
320699,0.05
320704,0.01
320709,0.03
320711,0.04
320724,0.1
320737,0.02
320744,0.09
320747,0.01
320750,0.38
320752,0.03
320760,0.13
320765,0.26
320767,0.01
320778,0.25
320784,0.05
320789,0.15
320793,0.03
320795,0.21
320805,0.09
320806,0.18
320823,0.09
320828,0.09
320833,0.25
320843,0.15
320846,0.09
320851,0.19
320852,0.11
320869,0.06
320873,0.15
320890,0.01
320905,0.08
320912,0.15
320914,0.02
320915,0.05
320920,0.04
320924,0.02
320925,0.08
320936,0.13
320937,0.0
320940,0.03
320943,0.11
320954,0.03
320959,0.05
320960,0.03
320966,0.11
320968,0.07
320975,0.05
320978,0.03
320979,0.09
320981,0.09
320987,0.07
320989,0.09
321009,0.33
321021,0.14
321035,0.17
321038,0.08
321039,0.18
321051,0.02
321058,0.05
321066,0.35
321075,0.25
321092,0.02
321098,0.26
321107,0.18
321116,0.18
321118,0.11
321124,0.01
321131,0.04
321134,0.17
321140,0.08
321143,0.11
321145,0.08
321150,0.0
321151,0.06
321153,0.12
321154,0.07
321156,0.05
321160,0.04
321176,0.11
321183,0.08
321187,0.13
321196,0.04
321197,0.12
321204,0.15
321208,0.03
321209,0.02
321223,0.1
321226,0.03
321227,0.05
321236,0.08
321249,0.15
321250,0.09
321253,0.18
321256,0.09
321276,0.15
321298,0.13
321303,0.02
321309,0.05
321313,0.16
321322,0.4
321345,0.08
321350,0.03
321355,0.01
321358,0.08
321370,0.07
321377,0.38
321385,0.29
321398,0.07
321401,0.01
321415,0.02
321416,0.22
321419,0.08
321427,0.07
321433,0.0
321439,0.11
321455,0.07
321463,0.08
321465,0.05
321480,0.01
321486,0.03
321498,0.09
321502,0.17
321510,0.03
321524,0.05
321526,0.17
321528,0.14
321533,0.18
321536,0.02
321548,0.08
321557,0.02
321564,0.18
321567,0.0
321602,0.1
321625,0.09
321627,0.14
321640,0.06
321645,0.07
321648,0.09
321649,0.09
321652,0.09
321659,0.05
321667,0.02
321676,0.04
321696,0.01
321697,0.19
321702,0.07
321704,0.03
321706,0.18
321710,0.03
321722,0.09
321760,0.12
321770,0.06
321779,0.04
321784,0.06
321786,0.08
321792,0.08
321795,0.17
321801,0.09
321804,0.0
321806,0.01
321807,0.09
321808,0.51
321809,0.1
321825,0.06
321828,0.1
321843,0.04
321848,0.09
321854,0.04
321869,0.11
321870,0.19
321887,0.05
321896,0.06
321898,0.13
321908,0.01
321910,0.03
321915,0.14
321919,0.05
321922,0.02
321928,0.25
321929,0.06
321932,0.07
321934,0.09
321936,0.31
321956,0.07
321957,0.04
321965,0.0
321970,0.01
321974,0.01
321980,0.05
321985,0.13
321992,0.06
321999,0.05
322005,0.03
322018,0.04
322020,0.07
322021,0.28
322023,0.01
322024,0.08
322039,0.04
322054,0.12
322061,0.01
322082,0.02
322088,0.07
322093,0.04
322105,0.09
322111,0.05
322113,0.21
322117,0.01
322120,0.01
322123,0.04
322132,0.04
322136,0.23
322141,0.16
322147,0.26
322169,0.06
322170,0.16
322172,0.03
322196,0.01
322198,0.27
322217,0.08
322226,0.08
322227,0.02
322229,0.04
322242,0.09
322244,0.03
322249,0.03
322250,0.14
322253,0.05
322254,0.14
322267,0.04
322269,0.07
322274,0.46
322285,0.18
322309,0.11
322320,0.02
322327,0.02
322331,0.09
322332,0.11
322334,0.3
322339,0.21
322348,0.14
322350,0.29
322354,0.2
322356,0.06
322367,0.11
322369,0.06
322372,0.1
322374,0.23
322383,0.13
322388,0.07
322393,0.08
322395,0.03
322407,0.03
322413,0.02
322416,0.0
322419,0.02
322424,0.14
322432,0.02
322442,0.02
322447,0.01
322448,0.07
322460,0.04
322461,0.18
322468,0.03
322472,0.48
322473,0.15
322488,0.05
322490,0.02
322491,0.02
322497,0.12
322503,0.26
322521,0.21
322525,0.16
322533,0.09
322549,0.15
322561,0.09
322566,0.03
322570,0.35
322574,0.08
322578,0.02
322579,0.06
322586,0.06
322596,0.06
322598,0.03
322603,0.17
322614,0.02
322626,0.01
322630,0.1
322639,0.23
322640,0.08
322642,0.2
322651,0.04
322652,0.19
322656,0.01
322662,0.01
322664,0.01
322681,0.31
322684,0.06
322685,0.05
322711,0.17
322717,0.11
322719,0.18
322730,0.08
322740,0.01
322743,0.1
322749,0.03
322757,0.04
322759,0.17
322760,0.04
322770,0.02
322786,0.05
322797,0.12
322800,0.14
322815,0.02
322831,0.08
322835,0.11
322841,0.04
322845,0.03
322846,0.07
322851,0.1
322852,0.05
322877,0.01
322880,0.11
322893,0.15
322911,0.14
322928,0.2
322934,0.14
322938,0.21
322950,0.08
322959,0.05
322961,0.03
322965,0.2
322966,0.03
322968,0.06
322977,0.08
322979,0.04
322986,0.07
322990,0.06
322998,0.11
323005,0.02
323008,0.04
323014,0.07
323015,0.04
323025,0.2
323030,0.09
323033,0.05
323036,0.07
323043,0.06
323049,0.04
323051,0.16
323053,0.1
323056,0.11
323059,0.2
323076,0.14
323088,0.14
323108,0.31
323112,0.03
323127,0.04
323135,0.17
323137,0.04
323141,0.04
323142,0.07
323147,0.16
323150,0.19
323153,0.16
323156,0.13
323161,0.02
323171,0.04
323173,0.03
323176,0.08
323184,0.09
323189,0.12
323193,0.06
323209,0.35
323218,0.23
323224,0.5
323235,0.05
323236,0.07
323242,0.04
323252,0.02
323253,0.24
323254,0.01
323271,0.06
323276,0.09
323278,0.05
323281,0.07
323285,0.0
323289,0.12
323292,0.02
323297,0.08
323312,0.03
323318,0.03
323319,0.04
323324,0.11
323325,0.15
323328,0.12
323334,0.03
323338,0.19
323340,0.04
323343,0.15
323354,0.02
323373,0.07
323376,0.02
323381,0.13
323382,0.05
323383,0.09
323387,0.06
323394,0.02
323398,0.11
323405,0.1
323407,0.13
323428,0.41
323436,0.21
323451,0.07
323455,0.02
323463,0.04
323466,0.07
323475,0.11
323477,0.05
323481,0.01
323485,0.04
323488,0.09
323493,0.11
323494,0.03
323505,0.03
323506,0.09
323509,0.09
323518,0.11
323530,0.03
323539,0.02
323549,0.01
323557,0.05
323568,0.2
323569,0.01
323571,0.07
323573,0.12
323585,0.09
323588,0.08
323599,0.14
323615,0.01
323617,0.01
323620,0.27
323636,0.11
323665,0.09
323670,0.01
323675,0.09
323688,0.0
323693,0.07
323694,0.07
323696,0.0
323710,0.03
323716,0.18
323718,0.08
323719,0.03
323720,0.07
323722,0.03
323729,0.1
323738,0.0
323740,0.05
323787,0.09
323795,0.05
323801,0.04
323810,0.06
323822,0.0
323825,0.1
323833,0.04
323860,0.02
323871,0.02
323879,0.06
323888,0.11
323891,0.29
323894,0.07
323909,0.05
323911,0.06
323920,0.32
323923,0.19
323930,0.08
323935,0.03
323937,0.2
323938,0.04
323948,0.07
323956,0.07
323962,0.13
323964,0.02
323966,0.04
323970,0.04
323972,0.03
323977,0.08
323985,0.1
323989,0.03
323994,0.04
324010,0.05
324020,0.1
324033,0.05
324052,0.25
324055,0.02
324075,0.0
324087,0.14
324088,0.03
324091,0.06
324104,0.04
324109,0.2
324114,0.0
324118,0.03
324125,0.06
324130,0.25
324146,0.09
324149,0.02
324156,0.0
324170,0.05
324171,0.09
324172,0.01
324178,0.24
324180,0.05
324220,0.1
324222,0.12
324227,0.19
324229,0.14
324230,0.04
324235,0.09
324243,0.06
324247,0.4
324264,0.13
324269,0.06
324270,0.0
324271,0.27
324291,0.27
324293,0.05
324296,0.12
324298,0.24
324302,0.26
324305,0.09
324310,0.04
324325,0.01
324339,0.0
324345,0.06
324347,0.03
324356,0.04
324383,0.14
324387,0.04
324393,0.12
324400,0.04
324401,0.05
324412,0.05
324414,0.0
324415,0.08
324416,0.11
324420,0.33
324437,0.04
324445,0.27
324464,0.13
324472,0.04
324496,0.02
324499,0.01
324512,0.05
324544,0.26
324545,0.01
324552,0.11
324553,0.07
324558,0.35
324559,0.07
324572,0.01
324582,0.12
324595,0.09
324596,0.26
324598,0.15
324614,0.16
324620,0.26
324621,0.05
324624,0.15
324651,0.18
324655,0.25
324669,0.03
324674,0.31
324677,0.16
324681,0.19
324689,0.03
324708,0.0
324714,0.09
324716,0.2
324719,0.02
324731,0.1
324733,0.11
324741,0.2
324745,0.03
324747,0.17
324748,0.01
324764,0.05
324772,0.14
324788,0.02
324795,0.01
324801,0.08
324811,0.03
324816,0.31
324821,0.12
324825,0.01
324840,0.23
324841,0.07
324854,0.05
324866,0.03
324884,0.05
324894,0.09
324895,0.11
324913,0.06
324914,0.18
324944,0.22
324949,0.21
324978,0.03
324983,0.06
324987,0.07
324995,0.0
325000,0.05
325001,0.27
325005,0.03
325017,0.06
325019,0.06
325020,0.03
325021,0.24
325041,0.06
325063,0.27
325066,0.07
325070,0.03
325102,0.19
325117,0.04
325121,0.1
325136,0.11
325153,0.04
325157,0.07
325158,0.08
325163,0.08
325180,0.09
325181,0.1
325185,0.17
325194,0.09
325196,0.25
325206,0.14
325212,0.05
325217,0.28
325218,0.13
325223,0.02
325238,0.23
325254,0.17
325258,0.03
325268,0.03
325269,0.27
325275,0.06
325277,0.03
325282,0.12
325284,0.01
325289,0.03
325291,0.16
325300,0.18
325303,0.02
325306,0.08
325313,0.03
325316,0.1
325318,0.04
325332,0.19
325344,0.12
325354,0.13
325360,0.0
325364,0.12
325375,0.15
325377,0.02
325380,0.04
325390,0.07
325392,0.0
325395,0.2
325411,0.02
325412,0.02
325420,0.14
325424,0.05
325433,0.12
325438,0.04
325439,0.0
325443,0.14
325454,0.11
325464,0.05
325473,0.01
325476,0.0
325495,0.12
325525,0.05
325529,0.05
325552,0.07
325553,0.31
325564,0.02
325565,0.2
325580,0.09
325590,0.22
325591,0.05
325596,0.07
325601,0.08
325602,0.07
325623,0.03
325625,0.05
325641,0.4
325645,0.03
325657,0.08
325680,0.08
325691,0.07
325701,0.06
325710,0.09
325712,0.03
325714,0.14
325716,0.07
325724,0.08
325744,0.09
325751,0.23
325757,0.02
325765,0.02
325767,0.42
325770,0.09
325778,0.07
325784,0.11
325791,0.17
325809,0.2
325814,0.14
325817,0.06
325820,0.15
325822,0.13
325830,0.16
325832,0.16
325840,0.14
325849,0.02
325852,0.03
325859,0.03
325864,0.16
325865,0.16
325879,0.03
325890,0.08
325899,0.06
325908,0.02
325916,0.02
325918,0.01
325919,0.0
325922,0.05
325925,0.04
325934,0.02
325939,0.0
325942,0.02
325948,0.19
325954,0.1
325962,0.08
325966,0.12
325969,0.03
325971,0.01
325972,0.01
325976,0.04
325981,0.07
325992,0.12
326013,0.06
326017,0.08
326019,0.01
326027,0.1
326028,0.09
326033,0.01
326041,0.04
326043,0.05
326049,0.13
326054,0.03
326057,0.14
326074,0.03
326078,0.18
326083,0.06
326084,0.0
326085,0.16
326087,0.02
326088,0.1
326102,0.47
326117,0.01
326145,0.12
326150,0.16
326160,0.21
326166,0.09
326170,0.03
326180,0.07
326182,0.16
326186,0.08
326188,0.28
326190,0.36
326196,0.2
326199,0.08
326201,0.13
326204,0.06
326209,0.08
326211,0.11
326218,0.07
326239,0.05
326259,0.1
326260,0.21
326284,0.17
326289,0.11
326290,0.02
326295,0.03
326299,0.18
326305,0.07
326309,0.05
326323,0.03
326364,0.0
326369,0.03
326385,0.04
326410,0.04
326411,0.08
326418,0.09
326428,0.1
326435,0.1
326437,0.03
326438,0.05
326451,0.02
326464,0.26
326471,0.02
326472,0.39
326475,0.07
326477,0.04
326480,0.04
326486,0.05
326502,0.02
326506,0.22
326513,0.03
326516,0.06
326528,0.03
326530,0.1
326531,0.06
326532,0.0
326538,0.04
326551,0.09
326559,0.01
326576,0.1
326577,0.09
326602,0.05
326606,0.08
326618,0.24
326620,0.02
326624,0.1
326639,0.09
326647,0.23
326652,0.18
326661,0.16
326667,0.08
326670,0.05
326672,0.05
326693,0.2
326704,0.03
326723,0.04
326734,0.08
326738,0.21
326746,0.03
326753,0.07
326754,0.01
326763,0.25
326779,0.05
326785,0.14
326786,0.01
326787,0.14
326789,0.01
326799,0.02
326802,0.05
326804,0.08
326823,0.02
326827,0.09
326833,0.09
326838,0.07
326842,0.05
326856,0.33
326867,0.06
326870,0.03
326871,0.08
326875,0.06
326879,0.05
326884,0.09
326900,0.13
326904,0.03
326905,0.22
326917,0.01
326919,0.06
326921,0.29
326929,0.09
326942,0.08
326944,0.03
326953,0.26
326968,0.09
326985,0.08
326987,0.12
326988,0.02
326994,0.01
327005,0.03
327010,0.05
327017,0.1
327026,0.17
327030,0.04
327031,0.05
327045,0.2
327054,0.02
327078,0.03
327080,0.06
327087,0.32
327137,0.06
327147,0.1
327150,0.11
327153,0.05
327160,0.1
327164,0.05
327169,0.27
327187,0.12
327188,0.11
327189,0.1
327194,0.04
327196,0.21
327202,0.22
327207,0.02
327215,0.06
327216,0.05
327220,0.12
327222,0.05
327230,0.04
327231,0.23
327238,0.06
327247,0.05
327262,0.09
327265,0.14
327267,0.01
327273,0.01
327276,0.09
327280,0.13
327287,0.1
327301,0.15
327307,0.17
327309,0.06
327316,0.11
327327,0.08
327334,0.21
327335,0.13
327338,0.01
327341,0.05
327350,0.18
327355,0.01
327370,0.03
327386,0.11
327391,0.17
327393,0.24
327408,0.04
327415,0.3
327431,0.04
327445,0.01
327449,0.22
327457,0.17
327488,0.02
327489,0.02
327523,0.03
327537,0.02
327550,0.2
327556,0.05
327562,0.03
327567,0.15
327587,0.09
327594,0.12
327602,0.04
327604,0.06
327609,0.2
327618,0.1
327620,0.04
327626,0.17
327628,0.07
327629,0.08
327631,0.09
327633,0.02
327638,0.08
327665,0.07
327689,0.05
327697,0.01
327702,0.13
327704,0.12
327723,0.04
327726,0.04
327732,0.13
327739,0.11
327750,0.06
327751,0.02
327765,0.1
327766,0.01
327771,0.05
327772,0.3
327774,0.26
327784,0.06
327789,0.01
327794,0.05
327799,0.1
327803,0.12
327817,0.04
327819,0.05
327823,0.17
327828,0.36
327834,0.17
327835,0.0
327866,0.25
327871,0.03
327886,0.08
327900,0.2
327901,0.26
327904,0.01
327906,0.18
327908,0.06
327909,0.07
327914,0.17
327917,0.17
327928,0.16
327947,0.01
327949,0.08
327952,0.13
327954,0.01
327962,0.09
327964,0.32
327985,0.04
327996,0.06
327997,0.13
328013,0.01
328017,0.26
328027,0.0
328029,0.23
328042,0.16
328043,0.09
328064,0.12
328072,0.01
328074,0.13
328080,0.07
328086,0.09
328122,0.09
328126,0.05
328127,0.23
328142,0.05
328144,0.05
328150,0.21
328154,0.07
328160,0.04
328171,0.07
328179,0.18
328192,0.01
328195,0.08
328196,0.01
328201,0.04
328203,0.06
328217,0.13
328218,0.04
328228,0.16
328231,0.1
328246,0.07
328252,0.2
328255,0.25
328264,0.03
328281,0.02
328282,0.01
328291,0.17
328303,0.02
328305,0.16
328313,0.04
328336,0.21
328340,0.07
328343,0.03
328368,0.45
328372,0.05
328381,0.05
328383,0.11
328385,0.0
328393,0.11
328395,0.09
328409,0.05
328424,0.04
328427,0.13
328456,0.11
328463,0.09
328489,0.1
328491,0.14
328509,0.0
328516,0.11
328524,0.02
328535,0.04
328536,0.04
328539,0.04
328542,0.41
328545,0.21
328549,0.09
328554,0.0
328558,0.17
328571,0.06
328576,0.03
328578,0.12
328588,0.12
328601,0.03
328604,0.03
328624,0.01
328629,0.14
328632,0.02
328634,0.05
328636,0.13
328637,0.14
328647,0.03
328668,0.01
328669,0.04
328678,0.08
328684,0.05
328694,0.14
328705,0.06
328712,0.06
328720,0.12
328729,0.11
328730,0.08
328733,0.04
328758,0.21
328761,0.05
328764,0.03
328777,0.05
328783,0.01
328813,0.08
328819,0.05
328826,0.07
328829,0.16
328834,0.01
328845,0.02
328856,0.04
328865,0.14
328868,0.18
328878,0.49
328896,0.01
328899,0.04
328909,0.01
328914,0.02
328926,0.23
328934,0.14
328935,0.03
328949,0.04
328954,0.05
328957,0.02
328968,0.15
328974,0.07
328984,0.02
328991,0.05
328997,0.09
329000,0.09
329005,0.06
329007,0.0
329018,0.05
329034,0.02
329051,0.22
329052,0.14
329055,0.05
329062,0.12
329064,0.11
329070,0.47
329075,0.03
329078,0.02
329081,0.03
329086,0.18
329101,0.08
329105,0.11
329113,0.22
329119,0.28
329133,0.06
329135,0.06
329138,0.07
329143,0.03
329157,0.09
329165,0.09
329170,0.02
329176,0.05
329177,0.12
329179,0.0
329196,0.12
329209,0.06
329219,0.25
329241,0.06
329245,0.28
329248,0.09
329249,0.1
329251,0.0
329252,0.01
329256,0.08
329261,0.02
329264,0.36
329297,0.24
329310,0.1
329320,0.05
329328,0.0
329340,0.18
329347,0.02
329351,0.13
329356,0.01
329360,0.29
329364,0.03
329365,0.0
329381,0.03
329383,0.27
329385,0.0
329388,0.04
329390,0.09
329393,0.14
329403,0.13
329409,0.03
329418,0.38
329428,0.02
329433,0.11
329439,0.04
329459,0.08
329463,0.12
329475,0.13
329479,0.04
329494,0.2
329500,0.06
329503,0.01
329512,0.04
329514,0.18
329521,0.13
329526,0.21
329531,0.01
329534,0.04
329545,0.04
329553,0.03
329569,0.15
329571,0.11
329580,0.0
329585,0.22
329588,0.18
329603,0.07
329605,0.0
329611,0.11
329613,0.11
329615,0.1
329618,0.11
329623,0.01
329626,0.07
329678,0.03
329690,0.09
329693,0.2
329698,0.18
329700,0.01
329706,0.04
329709,0.16
329713,0.2
329716,0.09
329717,0.09
329719,0.03
329720,0.05
329737,0.05
329741,0.06
329742,0.09
329749,0.08
329765,0.06
329771,0.01
329775,0.17
329779,0.08
329781,0.04
329788,0.07
329798,0.02
329799,0.04
329810,0.19
329811,0.03
329812,0.02
329819,0.06
329822,0.09
329826,0.13
329843,0.04
329846,0.0
329856,0.16
329871,0.14
329882,0.02
329885,0.01
329893,0.03
329898,0.04
329903,0.08
329916,0.06
329918,0.04
329934,0.01
329942,0.03
329949,0.03
329958,0.25
329965,0.14
329969,0.03
329972,0.1
329981,0.27
329988,0.12
329989,0.04
330004,0.14
330006,0.46
330014,0.2
330025,0.24
330040,0.01
330047,0.23
330070,0.11
330074,0.05
330075,0.04
330085,0.06
330095,0.01
330106,0.18
330119,0.03
330122,0.01
330129,0.06
330145,0.3
330148,0.02
330154,0.05
330156,0.01
330162,0.01
330164,0.04
330187,0.04
330188,0.1
330189,0.06
330192,0.07
330193,0.01
330200,0.13
330205,0.09
330207,0.24
330220,0.04
330228,0.46
330243,0.02
330245,0.17
330270,0.02
330272,0.09
330279,0.05
330288,0.18
330289,0.07
330299,0.05
330308,0.03
330314,0.11
330317,0.09
330322,0.01
330332,0.03
330356,0.13
330358,0.1
330360,0.01
330363,0.11
330364,0.1
330368,0.11
330376,0.04
330378,0.05
330381,0.08
330386,0.2
330387,0.02
330395,0.16
330396,0.06
330406,0.05
330423,0.06
330430,0.03
330467,0.02
330469,0.02
330473,0.04
330479,0.11
330486,0.18
330523,0.2
330524,0.09
330540,0.11
330564,0.14
330565,0.02
330567,0.1
330568,0.06
330602,0.06
330616,0.02
330617,0.04
330625,0.04
330635,0.03
330636,0.29
330639,0.08
330661,0.06
330666,0.02
330670,0.03
330682,0.02
330690,0.05
330708,0.08
330726,0.0
330730,0.0
330765,0.07
330776,0.04
330789,0.01
330791,0.05
330803,0.03
330805,0.02
330807,0.06
330821,0.05
330822,0.02
330836,0.06
330837,0.18
330839,0.11
330840,0.01
330861,0.13
330878,0.15
330881,0.02
330888,0.08
330890,0.22
330903,0.32
330904,0.02
330905,0.02
330907,0.14
330915,0.11
330921,0.25
330922,0.02
330925,0.07
330942,0.04
330945,0.16
330957,0.18
330965,0.1
330973,0.06
330979,0.02
330981,0.05
331005,0.06
331018,0.22
331026,0.03
331032,0.01
331033,0.17
331036,0.05
331037,0.08
331048,0.03
331054,0.11
331058,0.01
331063,0.07
331077,0.05
331079,0.0
331081,0.19
331082,0.06
331090,0.01
331110,0.02
331127,0.14
331141,0.07
331153,0.14
331165,0.13
331171,0.08
331179,0.12
331191,0.14
331193,0.13
331197,0.01
331204,0.11
331207,0.15
331212,0.01
331220,0.12
331242,0.07
331244,0.18
331273,0.02
331281,0.0
331289,0.01
331293,0.07
331294,0.02
331299,0.02
331300,0.02
331302,0.02
331322,0.08
331334,0.04
331347,0.03
331353,0.02
331361,0.0
331370,0.05
331379,0.0
331382,0.18
331388,0.25
331390,0.03
331400,0.1
331411,0.02
331431,0.02
331451,0.11
331455,0.05
331456,0.02
331461,0.07
331468,0.04
331480,0.07
331491,0.02
331505,0.13
331508,0.04
331517,0.05
331519,0.14
331526,0.02
331530,0.04
331533,0.09
331554,0.04
331579,0.03
331590,0.02
331599,0.06
331604,0.14
331605,0.07
331611,0.1
331616,0.14
331620,0.03
331623,0.29
331641,0.1
331645,0.12
331657,0.13
331662,0.02
331678,0.0
331684,0.2
331686,0.2
331691,0.03
331697,0.16
331707,0.19
331709,0.02
331716,0.11
331719,0.08
331729,0.03
331735,0.05
331743,0.08
331761,0.03
331772,0.0
331777,0.01
331794,0.06
331813,0.14
331818,0.24
331834,0.25
331848,0.03
331849,0.05
331868,0.08
331875,0.03
331879,0.09
331886,0.04
331888,0.09
331891,0.02
331903,0.04
331905,0.06
331913,0.13
331914,0.03
331937,0.05
331938,0.01
331939,0.18
331944,0.01
331948,0.08
331968,0.03
331976,0.49
331977,0.2
332007,0.1
332014,0.07
332017,0.03
332027,0.21
332033,0.06
332041,0.02
332042,0.04
332047,0.02
332050,0.08
332056,0.03
332071,0.02
332075,0.2
332076,0.01
332077,0.09
332083,0.06
332093,0.29
332111,0.09
332119,0.08
332121,0.2
332135,0.09
332144,0.04
332147,0.03
332155,0.03
332156,0.01
332164,0.07
332166,0.01
332170,0.18
332180,0.28
332181,0.07
332184,0.06
332192,0.19
332204,0.07
332225,0.03
332234,0.13
332243,0.27
332253,0.08
332261,0.14
332266,0.08
332270,0.15
332285,0.17
332290,0.06
332296,0.09
332298,0.17
332302,0.04
332303,0.01
332317,0.03
332318,0.11
332327,0.09
332337,0.07
332351,0.05
332373,0.0
332377,0.04
332384,0.09
332398,0.08
332404,0.05
332405,0.07
332454,0.02
332456,0.18
332464,0.2
332468,0.01
332476,0.07
332482,0.0
332483,0.03
332508,0.05
332519,0.27
332529,0.22
332537,0.22
332545,0.37
332551,0.05
332552,0.1
332570,0.1
332574,0.1
332579,0.03
332607,0.07
332618,0.18
332626,0.14
332628,0.06
332645,0.05
332652,0.25
332666,0.1
332694,0.04
332697,0.18
332698,0.02
332700,0.12
332708,0.22
332714,0.03
332722,0.01
332724,0.04
332730,0.02
332741,0.04
332746,0.11
332754,0.12
332756,0.21
332759,0.02
332764,0.36
332786,0.07
332790,0.02
332816,0.11
332821,0.07
332827,0.04
332829,0.03
332831,0.03
332833,0.23
332834,0.09
332837,0.04
332846,0.04
332860,0.18
332861,0.04
332865,0.07
332882,0.01
332897,0.09
332901,0.09
332904,0.05
332910,0.3
332911,0.08
332912,0.35
332939,0.1
332940,0.01
332952,0.04
332956,0.04
332957,0.09
332958,0.06
332961,0.17
332967,0.11
332974,0.1
332993,0.04
333007,0.04
333012,0.18
333020,0.04
333021,0.12
333035,0.06
333040,0.19
333061,0.01
333073,0.04
333078,0.02
333085,0.1
333086,0.14
333096,0.22
333100,0.05
333112,0.07
333114,0.0
333120,0.33
333142,0.03
333152,0.01
333159,0.07
333178,0.02
333179,0.05
333187,0.06
333191,0.06
333192,0.02
333199,0.04
333211,0.14
333224,0.12
333237,0.16
333238,0.03
333262,0.04
333268,0.14
333275,0.16
333289,0.25
333292,0.18
333303,0.04
333305,0.14
333312,0.07
333316,0.05
333335,0.06
333354,0.06
333356,0.01
333358,0.05
333376,0.18
333378,0.04
333380,0.04
333381,0.22
333388,0.01
333392,0.03
333406,0.49
333410,0.06
333411,0.04
333412,0.14
333428,0.08
333432,0.0
333435,0.06
333442,0.07
333452,0.11
333455,0.23
333456,0.13
333459,0.06
333464,0.29
333466,0.11
333469,0.18
333475,0.02
333476,0.01
333477,0.19
333487,0.0
333490,0.06
333497,0.27
333499,0.01
333500,0.05
333501,0.08
333503,0.14
333513,0.12
333518,0.07
333544,0.03
333546,0.11
333563,0.21
333566,0.07
333568,0.17
333570,0.06
333573,0.02
333574,0.04
333584,0.05
333589,0.05
333594,0.06
333596,0.02
333597,0.12
333615,0.04
333621,0.04
333622,0.39
333629,0.04
333651,0.08
333653,0.06
333664,0.01
333680,0.0
333687,0.1
333688,0.04
333689,0.11
333693,0.15
333695,0.01
333706,0.0
333709,0.05
333713,0.16
333734,0.04
333745,0.1
333752,0.12
333764,0.03
333780,0.02
333789,0.35
333791,0.06
333795,0.16
333799,0.21
333801,0.06
333802,0.14
333803,0.22
333810,0.06
333837,0.01
333842,0.09
333843,0.04
333845,0.03
333852,0.15
333859,0.08
333885,0.19
333896,0.14
333904,0.16
333908,0.09
333913,0.05
333927,0.05
333930,0.05
333935,0.07
333952,0.01
333953,0.09
333966,0.06
333968,0.02
333988,0.03
334013,0.02
334027,0.11
334030,0.06
334032,0.2
334033,0.04
334042,0.01
334045,0.15
334053,0.01
334055,0.0
334058,0.02
334063,0.31
334070,0.01
334074,0.02
334080,0.14
334086,0.01
334092,0.05
334099,0.15
334101,0.0
334103,0.08
334104,0.24
334109,0.17
334125,0.15
334130,0.29
334138,0.11
334161,0.03
334164,0.12
334169,0.05
334171,0.02
334185,0.15
334186,0.03
334209,0.11
334211,0.09
334230,0.01
334231,0.07
334237,0.16
334241,0.24
334244,0.53
334247,0.01
334250,0.05
334252,0.09
334273,0.05
334282,0.01
334285,0.09
334286,0.11
334292,0.08
334296,0.01
334299,0.09
334300,0.07
334305,0.04
334307,0.48
334311,0.04
334315,0.13
334343,0.12
334344,0.06
334345,0.2
334350,0.09
334353,0.05
334365,0.22
334372,0.02
334374,0.0
334375,0.07
334382,0.19
334387,0.02
334391,0.09
334397,0.04
334407,0.14
334415,0.03
334417,0.02
334419,0.11
334431,0.04
334435,0.22
334446,0.37
334447,0.08
334457,0.04
334459,0.2
334471,0.01
334474,0.05
334481,0.06
334483,0.03
334486,0.1
334490,0.41
334492,0.16
334494,0.04
334512,0.05
334522,0.03
334527,0.04
334534,0.01
334537,0.1
334539,0.18
334552,0.15
334555,0.1
334565,0.13
334580,0.04
334585,0.04
334589,0.06
334594,0.05
334600,0.0
334603,0.03
334613,0.1
334621,0.05
334628,0.09
334631,0.19
334634,0.06
334635,0.17
334659,0.16
334660,0.05
334664,0.08
334671,0.09
334693,0.06
334695,0.07
334703,0.04
334718,0.19
334728,0.34
334732,0.14
334733,0.21
334735,0.04
334748,0.01
334756,0.19
334764,0.06
334766,0.13
334787,0.03
334803,0.06
334806,0.11
334817,0.18
334825,0.07
334831,0.13
334836,0.09
334845,0.02
334857,0.03
334868,0.13
334871,0.03
334873,0.1
334881,0.28
334886,0.08
334898,0.19
334899,0.08
334901,0.16
334916,0.08
334923,0.06
334933,0.13
334938,0.29
334955,0.01
334963,0.46
334974,0.11
334986,0.03
334994,0.07
334995,0.22
335001,0.05
335005,0.25
335009,0.05
335014,0.05
335015,0.13
335017,0.21
335025,0.26
335027,0.17
335055,0.09
335058,0.07
335072,0.04
335073,0.01
335081,0.09
335091,0.04
335096,0.03
335097,0.06
335099,0.03
335113,0.05
335136,0.09
335140,0.02
335141,0.07
335143,0.17
335155,0.03
335170,0.0
335176,0.08
335181,0.18
335183,0.1
335192,0.05
335196,0.37
335198,0.02
335203,0.04
335204,0.31
335218,0.08
335222,0.01
335223,0.26
335229,0.25
335231,0.04
335236,0.2
335253,0.12
335257,0.04
335262,0.02
335263,0.13
335273,0.05
335276,0.12
335278,0.01
335295,0.05
335301,0.02
335303,0.03
335305,0.15
335310,0.16
335313,0.03
335314,0.01
335319,0.04
335321,0.08
335331,0.08
335332,0.04
335333,0.09
335337,0.18
335342,0.18
335347,0.1
335351,0.25
335356,0.01
335366,0.09
335369,0.02
335377,0.03
335388,0.16
335395,0.17
335397,0.06
335411,0.17
335419,0.05
335425,0.06
335427,0.08
335443,0.02
335446,0.14
335448,0.04
335451,0.16
335458,0.02
335459,0.04
335460,0.08
335463,0.05
335471,0.03
335477,0.06
335478,0.09
335484,0.04
335490,0.21
335495,0.14
335506,0.08
335507,0.03
335518,0.06
335533,0.04
335537,0.08
335538,0.03
335549,0.03
335553,0.19
335561,0.13
335564,0.04
335573,0.03
335577,0.04
335579,0.01
335585,0.21
335590,0.01
335594,0.02
335598,0.03
335601,0.04
335608,0.05
335616,0.13
335640,0.0
335645,0.07
335653,0.26
335683,0.04
335692,0.05
335713,0.03
335726,0.07
335727,0.35
335728,0.09
335732,0.03
335736,0.02
335747,0.04
335754,0.11
335755,0.02
335761,0.08
335775,0.01
335778,0.31
335779,0.07
335787,0.04
335805,0.01
335807,0.05
335808,0.16
335815,0.07
335818,0.04
335835,0.03
335849,0.08
335850,0.07
335851,0.21
335852,0.04
335856,0.1
335857,0.07
335863,0.09
335871,0.08
335879,0.04
335885,0.07
335887,0.18
335893,0.32
335906,0.04
335912,0.01
335921,0.11
335944,0.13
335952,0.03
335955,0.01
335956,0.02
335957,0.14
335958,0.11
335962,0.03
335963,0.02
335964,0.01
335971,0.2
335973,0.18
335975,0.12
335981,0.04
335983,0.13
336016,0.02
336038,0.11
336039,0.04
336041,0.04
336061,0.01
336063,0.11
336067,0.05
336071,0.08
336089,0.27
336095,0.01
336096,0.18
336101,0.02
336117,0.04
336118,0.09
336120,0.16
336137,0.01
336155,0.01
336156,0.42
336159,0.06
336178,0.14
336183,0.29
336194,0.01
336195,0.13
336199,0.15
336209,0.03
336213,0.06
336214,0.08
336215,0.06
336220,0.01
336253,0.14
336260,0.15
336263,0.05
336265,0.11
336273,0.02
336277,0.05
336280,0.05
336295,0.05
336308,0.05
336309,0.06
336316,0.04
336319,0.03
336321,0.0
336322,0.21
336323,0.06
336340,0.2
336344,0.02
336352,0.07
336361,0.04
336367,0.11
336382,0.08
336383,0.09
336393,0.11
336407,0.14
336413,0.07
336418,0.25
336426,0.04
336427,0.02
336436,0.04
336443,0.1
336445,0.03
336447,0.03
336451,0.04
336464,0.03
336484,0.06
336491,0.03
336492,0.08
336493,0.04
336494,0.07
336499,0.03
336524,0.04
336527,0.23
336534,0.25
336544,0.04
336553,0.12
336558,0.04
336565,0.06
336569,0.09
336580,0.06
336586,0.0
336592,0.09
336604,0.02
336610,0.1
336623,0.11
336634,0.1
336635,0.06
336641,0.02
336660,0.04
336673,0.09
336686,0.03
336693,0.1
336701,0.05
336704,0.2
336711,0.13
336715,0.16
336717,0.01
336722,0.05
336724,0.03
336741,0.2
336745,0.0
336757,0.24
336764,0.21
336767,0.1
336783,0.04
336786,0.04
336791,0.05
336792,0.2
336813,0.1
336822,0.14
336823,0.18
336832,0.03
336843,0.06
336858,0.04
336870,0.03
336876,0.01
336885,0.04
336887,0.06
336891,0.01
336903,0.04
336916,0.16
336917,0.05
336922,0.01
336925,0.08
336931,0.27
336938,0.03
336950,0.3
336955,0.03
336956,0.04
336959,0.03
336966,0.3
336971,0.15
336978,0.07
336983,0.07
336986,0.0
336996,0.16
337003,0.28
337007,0.03
337029,0.08
337034,0.15
337039,0.06
337057,0.17
337058,0.05
337062,0.14
337080,0.0
337087,0.01
337105,0.02
337108,0.07
337120,0.03
337125,0.12
337142,0.0
337159,0.07
337160,0.04
337168,0.07
337170,0.06
337171,0.09
337178,0.08
337188,0.05
337191,0.11
337200,0.04
337207,0.02
337210,0.03
337218,0.03
337221,0.05
337237,0.11
337241,0.28
337244,0.08
337273,0.11
337294,0.02
337295,0.01
337298,0.02
337310,0.02
337326,0.02
337338,0.59
337343,0.07
337360,0.04
337369,0.13
337375,0.12
337386,0.08
337388,0.25
337405,0.1
337408,0.06
337412,0.01
337416,0.05
337418,0.3
337442,0.3
337449,0.04
337457,0.11
337460,0.13
337474,0.03
337499,0.1
337506,0.04
337512,0.16
337527,0.03
337528,0.02
337530,0.09
337539,0.05
337546,0.04
337551,0.14
337569,0.0
337576,0.01
337582,0.05
337590,0.39
337599,0.07
337600,0.12
337601,0.21
337608,0.07
337614,0.24
337619,0.13
337625,0.23
337629,0.13
337635,0.06
337642,0.06
337663,0.2
337665,0.1
337668,0.0
337700,0.07
337746,0.01
337761,0.01
337779,0.11
337788,0.05
337790,0.09
337793,0.04
337802,0.08
337807,0.04
337821,0.12
337840,0.03
337846,0.21
337848,0.28
337864,0.03
337866,0.14
337868,0.0
337878,0.01
337890,0.16
337896,0.03
337901,0.02
337905,0.1
337914,0.06
337953,0.07
337969,0.01
337984,0.04
337995,0.05
338009,0.06
338018,0.07
338022,0.03
338028,0.1
338029,0.19
338044,0.02
338050,0.12
338052,0.05
338073,0.34
338076,0.04
338084,0.0
338086,0.02
338094,0.03
338097,0.08
338099,0.04
338126,0.03
338127,0.29
338137,0.16
338146,0.01
338161,0.06
338164,0.07
338174,0.0
338179,0.51
338181,0.04
338188,0.02
338189,0.08
338193,0.04
338199,0.03
338202,0.12
338204,0.13
338210,0.17
338229,0.05
338240,0.06
338250,0.0
338253,0.2
338254,0.04
338268,0.07
338290,0.03
338293,0.12
338297,0.1
338301,0.04
338306,0.01
338314,0.05
338318,0.01
338325,0.05
338340,0.18
338341,0.12
338351,0.05
338352,0.38
338368,0.03
338381,0.06
338404,0.0
338409,0.05
338417,0.05
338418,0.08
338426,0.03
338431,0.16
338435,0.01
338463,0.07
338465,0.23
338467,0.06
338479,0.19
338495,0.1
338510,0.03
338526,0.03
338528,0.17
338530,0.06
338539,0.02
338543,0.05
338554,0.03
338557,0.12
338581,0.32
338589,0.07
338595,0.16
338597,0.07
338604,0.04
338607,0.0
338613,0.02
338615,0.05
338628,0.28
338636,0.15
338642,0.01
338669,0.05
338671,0.14
338675,0.04
338676,0.18
338690,0.05
338696,0.24
338702,0.21
338703,0.0
338709,0.04
338719,0.1
338725,0.11
338727,0.03
338732,0.07
338749,0.08
338773,0.04
338774,0.02
338784,0.29
338789,0.04
338792,0.21
338804,0.26
338808,0.13
338822,0.01
338824,0.08
338833,0.07
338836,0.09
338840,0.08
338842,0.03
338843,0.07
338847,0.1
338849,0.07
338857,0.13
338860,0.35
338872,0.09
338874,0.1
338878,0.2
338895,0.02
338896,0.06
338904,0.17
338920,0.11
338931,0.09
338938,0.07
338955,0.03
338962,0.03
338969,0.11
338976,0.04
338994,0.07
339011,0.08
339014,0.13
339017,0.01
339018,0.48
339030,0.05
339038,0.02
339060,0.02
339079,0.27
339082,0.03
339099,0.07
339103,0.11
339105,0.02
339107,0.01
339121,0.13
339148,0.07
339152,0.04
339154,0.07
339170,0.17
339186,0.04
339187,0.04
339193,0.04
339196,0.07
339199,0.07
339203,0.22
339216,0.1
339228,0.04
339232,0.14
339237,0.05
339240,0.1
339242,0.03
339245,0.05
339252,0.15
339256,0.08
339258,0.11
339260,0.01
339263,0.18
339268,0.1
339269,0.21
339286,0.24
339304,0.03
339307,0.05
339317,0.2
339330,0.09
339346,0.4
339380,0.01
339381,0.1
339382,0.11
339391,0.02
339396,0.02
339406,0.06
339407,0.03
339409,0.06
339410,0.09
339425,0.07
339427,0.09
339433,0.05
339443,0.06
339449,0.04
339452,0.02
339453,0.08
339455,0.06
339457,0.09
339477,0.06
339483,0.03
339487,0.13
339490,0.04
339518,0.13
339523,0.09
339529,0.01
339541,0.1
339544,0.12
339546,0.14
339559,0.09
339563,0.0
339573,0.03
339591,0.05
339593,0.09
339599,0.1
339604,0.15
339615,0.12
339621,0.08
339625,0.35
339642,0.12
339647,0.22
339650,0.02
339656,0.02
339659,0.04
339681,0.16
339683,0.12
339684,0.07
339689,0.02
339694,0.0
339699,0.09
339718,0.39
339727,0.19
339735,0.05
339736,0.01
339745,0.06
339755,0.05
339758,0.03
339770,0.03
339772,0.08
339778,0.0
339786,0.02
339787,0.23
339788,0.19
339799,0.09
339814,0.07
339837,0.02
339842,0.08
339845,0.03
339852,0.03
339857,0.24
339864,0.14
339872,0.08
339873,0.0
339874,0.05
339875,0.01
339879,0.1
339884,0.08
339888,0.13
339891,0.17
339905,0.02
339920,0.09
339934,0.13
339938,0.19
339948,0.02
339949,0.07
339953,0.05
339954,0.08
339957,0.07
339958,0.16
339971,0.07
339975,0.04
339978,0.08
339984,0.05
339993,0.08
340009,0.02
340012,0.11
340019,0.05
340031,0.01
340041,0.2
340045,0.07
340046,0.12
340067,0.05
340079,0.07
340081,0.09
340082,0.0
340090,0.03
340091,0.09
340099,0.01
340104,0.06
340109,0.0
340123,0.14
340146,0.07
340162,0.01
340167,0.12
340181,0.09
340194,0.02
340195,0.01
340198,0.14
340202,0.39
340203,0.24
340219,0.04
340221,0.03
340224,0.05
340239,0.06
340248,0.06
340262,0.07
340264,0.11
340277,0.3
340285,0.04
340292,0.07
340356,0.12
340365,0.05
340375,0.11
340377,0.06
340378,0.11
340385,0.11
340387,0.1
340388,0.23
340405,0.05
340407,0.03
340408,0.09
340416,0.04
340420,0.07
340421,0.3
340425,0.08
340430,0.0
340448,0.04
340451,0.18
340456,0.01
340457,0.09
340459,0.07
340460,0.06
340463,0.03
340464,0.02
340486,0.11
340503,0.03
340504,0.07
340505,0.01
340507,0.03
340509,0.09
340511,0.07
340513,0.05
340516,0.22
340529,0.01
340535,0.04
340542,0.25
340545,0.07
340546,0.22
340556,0.08
340567,0.09
340576,0.11
340577,0.01
340586,0.02
340587,0.15
340594,0.12
340610,0.4
340611,0.06
340614,0.18
340625,0.04
340630,0.34
340640,0.05
340667,0.01
340674,0.02
340679,0.04
340683,0.09
340686,0.19
340698,0.02
340708,0.0
340717,0.11
340718,0.0
340720,0.0
340726,0.03
340746,0.08
340747,0.0
340768,0.03
340769,0.09
340772,0.13
340774,0.25
340778,0.08
340806,0.06
340816,0.1
340823,0.06
340826,0.02
340838,0.22
340840,0.13
340842,0.01
340844,0.05
340845,0.02
340853,0.08
340855,0.21
340857,0.03
340858,0.01
340864,0.26
340899,0.09
340901,0.03
340909,0.15
340921,0.04
340925,0.12
340953,0.08
340954,0.09
340961,0.06
340963,0.18
340975,0.1
340977,0.07
340996,0.03
341009,0.16
341013,0.05
341020,0.06
341024,0.08
341031,0.1
341038,0.24
341042,0.17
341050,0.1
341063,0.07
341066,0.05
341067,0.03
341070,0.25
341075,0.11
341089,0.01
341091,0.01
341122,0.13
341132,0.05
341135,0.13
341150,0.18
341168,0.11
341172,0.23
341182,0.04
341183,0.01
341187,0.1
341192,0.08
341194,0.05
341201,0.01
341226,0.01
341228,0.12
341231,0.12
341235,0.02
341237,0.12
341251,0.07
341278,0.04
341284,0.06
341285,0.11
341294,0.03
341296,0.08
341297,0.05
341298,0.0
341302,0.04
341304,0.04
341307,0.07
341314,0.03
341324,0.06
341332,0.32
341342,0.13
341347,0.11
341356,0.03
341358,0.07
341365,0.07
341368,0.06
341372,0.08
341374,0.12
341380,0.02
341381,0.27
341390,0.09
341398,0.13
341401,0.16
341406,0.19
341413,0.09
341419,0.02
341421,0.08
341427,0.02
341429,0.05
341434,0.03
341437,0.03
341444,0.25
341447,0.03
341452,0.02
341458,0.13
341475,0.1
341478,0.0
341495,0.04
341503,0.02
341520,0.03
341525,0.06
341544,0.01
341545,0.02
341548,0.04
341551,0.06
341552,0.03
341562,0.14
341574,0.06
341577,0.02
341585,0.13
341616,0.01
341630,0.07
341631,0.04
341640,0.21
341651,0.07
341653,0.05
341655,0.26
341659,0.04
341696,0.12
341705,0.23
341717,0.07
341720,0.11
341728,0.04
341729,0.04
341737,0.01
341758,0.0
341765,0.07
341780,0.15
341785,0.19
341787,0.09
341790,0.09
341796,0.05
341805,0.03
341811,0.07
341823,0.03
341828,0.37
341841,0.05
341865,0.16
341873,0.09
341891,0.05
341899,0.06
341906,0.01
341917,0.03
341926,0.1
341931,0.08
341934,0.0
341939,0.06
341943,0.09
341962,0.05
341967,0.15
341971,0.08
341990,0.0
341997,0.03
342001,0.03
342010,0.05
342042,0.13
342052,0.14
342084,0.32
342089,0.01
342091,0.05
342099,0.04
342109,0.0
342111,0.07
342119,0.02
342120,0.18
342125,0.01
342127,0.31
342128,0.06
342135,0.06
342136,0.03
342138,0.14
342148,0.1
342153,0.06
342154,0.18
342157,0.01
342163,0.02
342168,0.02
342173,0.31
342182,0.06
342185,0.0
342194,0.1
342198,0.07
342210,0.06
342214,0.05
342220,0.03
342222,0.0
342223,0.07
342230,0.08
342239,0.03
342247,0.08
342248,0.3
342252,0.0
342257,0.24
342271,0.3
342272,0.02
342290,0.08
342295,0.15
342297,0.0
342298,0.06
342301,0.05
342305,0.03
342308,0.01
342314,0.06
342322,0.03
342340,0.12
342350,0.06
342353,0.08
342358,0.04
342377,0.05
342378,0.06
342382,0.46
342390,0.01
342396,0.13
342439,0.12
342442,0.09
342447,0.12
342449,0.04
342450,0.15
342451,0.16
342454,0.12
342455,0.31
342467,0.04
342476,0.39
342481,0.08
342498,0.06
342503,0.0
342510,0.01
342513,0.02
342523,0.03
342527,0.14
342555,0.08
342566,0.12
342584,0.02
342593,0.05
342600,0.02
342611,0.09
342614,0.1
342637,0.01
342639,0.12
342656,0.15
342669,0.03
342684,0.15
342686,0.14
342690,0.25
342693,0.02
342701,0.22
342702,0.36
342703,0.04
342706,0.05
342711,0.06
342730,0.01
342744,0.03
342753,0.22
342769,0.03
342779,0.33
342788,0.04
342792,0.0
342794,0.12
342795,0.02
342799,0.12
342802,0.25
342803,0.18
342812,0.12
342820,0.16
342824,0.02
342835,0.15
342836,0.03
342851,0.15
342860,0.01
342862,0.25
342870,0.17
342873,0.05
342894,0.0
342916,0.01
342950,0.13
342970,0.03
342971,0.08
342980,0.02
342981,0.05
343004,0.2
343044,0.0
343045,0.3
343072,0.04
343078,0.03
343080,0.2
343085,0.09
343126,0.15
343137,0.18
343139,0.05
343144,0.04
343155,0.08
343163,0.07
343165,0.04
343190,0.02
343205,0.0
343221,0.0
343226,0.05
343233,0.13
343236,0.05
343241,0.03
343245,0.13
343256,0.2
343260,0.04
343276,0.1
343298,0.03
343299,0.01
343310,0.18
343312,0.05
343317,0.09
343319,0.01
343324,0.03
343345,0.08
343348,0.11
343354,0.13
343363,0.08
343365,0.14
343376,0.02
343380,0.28
343401,0.02
343412,0.04
343414,0.12
343415,0.04
343418,0.05
343419,0.1
343421,0.04
343423,0.05
343432,0.02
343436,0.02
343440,0.23
343458,0.05
343470,0.1
343471,0.0
343480,0.04
343484,0.02
343492,0.07
343500,0.07
343503,0.03
343522,0.12
343525,0.11
343562,0.21
343577,0.1
343580,0.09
343591,0.04
343594,0.14
343602,0.1
343611,0.01
343615,0.07
343639,0.02
343643,0.02
343645,0.03
343647,0.0
343669,0.01
343683,0.06
343702,0.35
343703,0.02
343704,0.08
343710,0.03
343724,0.26
343730,0.11
343742,0.13
343743,0.06
343745,0.04
343775,0.08
343783,0.1
343794,0.14
343795,0.02
343816,0.06
343820,0.0
343823,0.26
343836,0.04
343845,0.04
343888,0.23
343893,0.06
343898,0.07
343914,0.03
343918,0.04
343920,0.04
343928,0.03
343931,0.16
343968,0.03
343990,0.23
343991,0.04
343996,0.16
344002,0.07
344004,0.08
344008,0.09
344011,0.05
344013,0.15
344014,0.27
344015,0.1
344016,0.09
344019,0.09
344026,0.0
344027,0.07
344029,0.03
344039,0.18
344041,0.31
344042,0.03
344047,0.12
344053,0.42
344055,0.07
344060,0.06
344064,0.06
344067,0.16
344080,0.08
344083,0.12
344088,0.06
344090,0.02
344093,0.17
344099,0.0
344113,0.05
344114,0.08
344119,0.02
344121,0.02
344135,0.06
344138,0.03
344159,0.08
344172,0.02
344176,0.06
344192,0.02
344202,0.1
344219,0.07
344225,0.04
344229,0.23
344240,0.11
344241,0.06
344249,0.01
344252,0.34
344256,0.11
344260,0.16
344264,0.07
344267,0.02
344275,0.07
344283,0.03
344292,0.19
344296,0.18
344297,0.01
344299,0.04
344303,0.12
344313,0.03
344315,0.08
344317,0.1
344323,0.12
344328,0.21
344339,0.12
344343,0.08
344345,0.05
344356,0.17
344358,0.01
344359,0.21
344366,0.23
344370,0.06
344382,0.01
344383,0.01
344386,0.16
344388,0.3
344393,0.05
344395,0.15
344401,0.11
344402,0.24
344404,0.1
344422,0.01
344427,0.07
344433,0.01
344444,0.08
344454,0.11
344460,0.07
344480,0.02
344483,0.0
344488,0.14
344496,0.15
344504,0.17
344516,0.04
344524,0.17
344540,0.07
344542,0.09
344550,0.01
344558,0.09
344561,0.05
344568,0.24
344571,0.05
344621,0.06
344633,0.32
344635,0.13
344660,0.24
344662,0.09
344681,0.0
344683,0.36
344685,0.08
344716,0.19
344726,0.11
344749,0.04
344750,0.24
344752,0.06
344760,0.0
344762,0.06
344768,0.09
344770,0.23
344772,0.2
344778,0.1
344783,0.07
344793,0.03
344814,0.05
344815,0.02
344818,0.01
344819,0.05
344826,0.2
344828,0.27
344835,0.02
344864,0.04
344869,0.04
344875,0.14
344883,0.04
344885,0.01
344887,0.18
344889,0.04
344892,0.32
344895,0.1
344913,0.03
344934,0.02
344939,0.11
344947,0.12
344964,0.21
344969,0.04
344973,0.06
344977,0.08
344978,0.07
344991,0.17
345010,0.04
345011,0.1
345012,0.25
345020,0.05
345021,0.01
345042,0.01
345046,0.02
345070,0.09
345078,0.09
345085,0.13
345087,0.09
345093,0.04
345094,0.25
345097,0.09
345107,0.0
345109,0.16
345117,0.06
345118,0.03
345126,0.15
345142,0.05
345143,0.04
345149,0.01
345150,0.03
345154,0.44
345174,0.02
345184,0.24
345193,0.06
345196,0.12
345202,0.04
345207,0.05
345209,0.19
345211,0.2
345212,0.06
345213,0.09
345218,0.04
345228,0.03
345234,0.05
345251,0.02
345252,0.06
345260,0.05
345269,0.01
345275,0.11
345300,0.02
345305,0.0
345306,0.12
345310,0.08
345315,0.27
345324,0.03
345329,0.05
345359,0.17
345360,0.09
345364,0.05
345385,0.21
345387,0.03
345390,0.02
345402,0.2
345404,0.01
345405,0.02
345416,0.11
345425,0.22
345432,0.1
345437,0.32
345442,0.08
345450,0.13
345458,0.04
345467,0.22
345468,0.12
345470,0.23
345478,0.03
345479,0.09
345482,0.03
345489,0.11
345492,0.07
345499,0.09
345502,0.04
345515,0.07
345538,0.04
345542,0.06
345548,0.01
345550,0.02
345552,0.05
345557,0.02
345560,0.05
345563,0.09
345564,0.32
345580,0.03
345582,0.04
345583,0.04
345604,0.07
345622,0.06
345630,0.06
345634,0.05
345643,0.04
345646,0.01
345685,0.19
345687,0.06
345694,0.06
345717,0.01
345718,0.14
345726,0.09
345733,0.13
345738,0.05
345754,0.11
345761,0.18
345771,0.19
345778,0.07
345780,0.32
345788,0.09
345796,0.14
345800,0.26
345808,0.12
345812,0.14
345821,0.16
345822,0.13
345843,0.26
345853,0.19
345854,0.12
345857,0.01
345858,0.16
345867,0.05
345884,0.12
345892,0.02
345893,0.06
345896,0.07
345902,0.03
345906,0.09
345913,0.01
345916,0.11
345922,0.13
345923,0.28
345924,0.03
345935,0.1
345941,0.03
345948,0.12
345953,0.08
345958,0.12
345962,0.0
345966,0.2
345973,0.03
345976,0.08
345989,0.0
345999,0.05
346003,0.04
346014,0.09
346027,0.02
346036,0.27
346048,0.02
346052,0.06
346057,0.04
346058,0.07
346064,0.22
346076,0.15
346079,0.01
346081,0.06
346091,0.07
346099,0.11
346104,0.03
346111,0.0
346117,0.12
346118,0.08
346126,0.09
346135,0.06
346141,0.1
346150,0.12
346153,0.06
346155,0.1
346164,0.05
346166,0.49
346173,0.1
346179,0.03
346184,0.01
346188,0.04
346201,0.11
346207,0.21
346213,0.14
346219,0.04
346245,0.01
346271,0.09
346273,0.15
346290,0.12
346300,0.16
346314,0.02
346328,0.04
346329,0.09
346338,0.05
346340,0.01
346341,0.05
346347,0.05
346358,0.14
346362,0.06
346373,0.1
346377,0.29
346379,0.52
346384,0.05
346387,0.01
346392,0.1
346396,0.0
346402,0.16
346405,0.06
346407,0.11
346409,0.09
346414,0.07
346423,0.23
346424,0.01
346428,0.06
346443,0.08
346444,0.02
346446,0.11
346449,0.1
346456,0.05
346476,0.05
346477,0.03
346480,0.02
346492,0.15
346526,0.02
346536,0.12
346539,0.02
346543,0.12
346544,0.02
346546,0.02
346591,0.19
346598,0.02
346599,0.08
346618,0.05
346620,0.02
346623,0.04
346631,0.06
346639,0.0
346657,0.01
346661,0.21
346671,0.01
346672,0.05
346694,0.05
346712,0.24
346714,0.05
346723,0.06
346727,0.22
346729,0.01
346747,0.0
346765,0.13
346775,0.13
346784,0.24
346797,0.01
346799,0.07
346802,0.07
346807,0.14
346822,0.04
346828,0.14
346836,0.07
346838,0.08
346841,0.09
346843,0.04
346848,0.23
346850,0.05
346851,0.06
346855,0.11
346856,0.05
346860,0.03
346870,0.08
346881,0.21
346884,0.09
346887,0.06
346890,0.04
346904,0.05
346912,0.13
346914,0.15
346923,0.0
346924,0.1
346926,0.1
346934,0.01
346936,0.0
346951,0.02
346952,0.05
346970,0.02
346982,0.11
346993,0.02
347013,0.07
347018,0.01
347021,0.1
347031,0.14
347033,0.52
347039,0.03
347045,0.03
347046,0.02
347058,0.03
347071,0.23
347078,0.07
347079,0.07
347097,0.06
347101,0.13
347120,0.13
347121,0.1
347133,0.02
347161,0.15
347163,0.08
347173,0.0
347175,0.04
347181,0.02
347193,0.19
347196,0.33
347204,0.08
347205,0.18
347217,0.13
347229,0.04
347255,0.01
347261,0.05
347266,0.07
347283,0.05
347286,0.12
347302,0.01
347304,0.0
347321,0.02
347323,0.06
347331,0.07
347340,0.02
347350,0.07
347374,0.05
347379,0.12
347404,0.19
347415,0.11
347438,0.35
347439,0.06
347443,0.19
347450,0.16
347456,0.0
347458,0.28
347463,0.02
347471,0.02
347476,0.14
347482,0.06
347483,0.04
347492,0.07
347498,0.05
347499,0.1
347501,0.0
347521,0.02
347527,0.02
347531,0.0
347540,0.03
347556,0.1
347575,0.04
347579,0.03
347581,0.06
347583,0.11
347611,0.14
347614,0.14
347621,0.11
347629,0.21
347639,0.07
347642,0.07
347650,0.08
347665,0.04
347674,0.05
347678,0.21
347689,0.11
347690,0.04
347708,0.11
347712,0.25
347722,0.14
347728,0.04
347734,0.05
347736,0.19
347747,0.08
347748,0.05
347753,0.1
347755,0.21
347756,0.1
347757,0.02
347763,0.14
347770,0.13
347771,0.1
347784,0.03
347792,0.03
347793,0.09
347801,0.03
347808,0.17
347821,0.06
347824,0.13
347829,0.1
347841,0.24
347845,0.07
347846,0.26
347853,0.09
347854,0.08
347858,0.05
347859,0.02
347864,0.03
347869,0.03
347876,0.05
347880,0.03
347884,0.05
347888,0.02
347893,0.0
347900,0.08
347902,0.09
347910,0.03
347912,0.04
347915,0.08
347916,0.03
347919,0.05
347923,0.15
347952,0.45
348002,0.22
348003,0.0
348008,0.16
348014,0.0
348027,0.16
348031,0.03
348051,0.14
348060,0.03
348064,0.05
348066,0.12
348069,0.1
348077,0.11
348081,0.06
348087,0.05
348088,0.03
348094,0.27
348100,0.04
348119,0.03
348122,0.09
348141,0.24
348145,0.01
348154,0.0
348158,0.04
348163,0.22
348176,0.29
348177,0.01
348181,0.19
348190,0.03
348195,0.13
348197,0.2
348200,0.01
348209,0.08
348216,0.01
348217,0.06
348223,0.32
348228,0.01
348230,0.12
348249,0.14
348251,0.15
348261,0.15
348264,0.0
348271,0.08
348273,0.13
348280,0.06
348283,0.16
348285,0.16
348306,0.06
348312,0.13
348327,0.05
348328,0.23
348344,0.02
348358,0.11
348361,0.09
348362,0.12
348364,0.01
348370,0.0
348380,0.06
348400,0.06
348420,0.16
348428,0.11
348430,0.03
348445,0.07
348460,0.29
348462,0.05
348465,0.01
348481,0.03
348482,0.04
348485,0.1
348491,0.28
348492,0.26
348522,0.24
348531,0.07
348536,0.03
348546,0.18
348547,0.02
348548,0.08
348551,0.01
348554,0.42
348564,0.04
348571,0.24
348577,0.1
348593,0.18
348595,0.12
348606,0.03
348621,0.06
348630,0.05
348633,0.27
348644,0.17
348646,0.06
348680,0.04
348692,0.08
348698,0.12
348703,0.11
348712,0.07
348726,0.19
348727,0.01
348731,0.05
348733,0.04
348747,0.08
348753,0.06
348756,0.02
348760,0.36
348771,0.05
348785,0.12
348789,0.28
348793,0.02
348797,0.01
348799,0.03
348811,0.05
348812,0.01
348818,0.07
348822,0.04
348833,0.07
348849,0.15
348875,0.04
348878,0.02
348879,0.04
348884,0.33
348887,0.04
348890,0.08
348901,0.03
348911,0.09
348936,0.01
348941,0.06
348949,0.08
348950,0.03
348952,0.03
348954,0.01
348971,0.14
348979,0.24
348985,0.1
348989,0.14
348999,0.02
349006,0.2
349013,0.14
349015,0.02
349024,0.03
349033,0.02
349047,0.02
349060,0.05
349065,0.07
349071,0.21
349081,0.07
349088,0.1
349093,0.02
349101,0.11
349107,0.18
349113,0.03
349123,0.11
349125,0.03
349129,0.16
349131,0.16
349132,0.02
349163,0.1
349168,0.08
349172,0.04
349187,0.0
349192,0.24
349193,0.04
349203,0.02
349227,0.08
349234,0.22
349248,0.04
349249,0.16
349254,0.03
349259,0.12
349265,0.2
349276,0.03
349281,0.09
349283,0.14
349288,0.06
349297,0.04
349299,0.06
349304,0.02
349306,0.04
349310,0.24
349314,0.01
349320,0.07
349326,0.05
349329,0.05
349337,0.09
349357,0.07
349363,0.01
349374,0.02
349375,0.04
349394,0.08
349399,0.07
349404,0.02
349419,0.08
349422,0.23
349425,0.23
349432,0.05
349433,0.41
349436,0.03
349437,0.01
349439,0.05
349484,0.03
349488,0.07
349490,0.1
349538,0.28
349541,0.11
349543,0.0
349552,0.12
349560,0.05
349565,0.13
349570,0.07
349586,0.09
349589,0.24
349592,0.04
349596,0.03
349598,0.02
349601,0.1
349608,0.28
349615,0.04
349645,0.08
349654,0.09
349671,0.02
349679,0.02
349693,0.21
349706,0.23
349707,0.01
349708,0.07
349719,0.11
349727,0.22
349730,0.0
349735,0.1
349744,0.22
349745,0.0
349760,0.09
349765,0.04
349778,0.12
349787,0.18
349802,0.06
349812,0.2
349815,0.08
349847,0.1
349854,0.04
349855,0.09
349872,0.02
349873,0.18
349874,0.04
349886,0.08
349887,0.17
349911,0.12
349916,0.01
349920,0.42
349921,0.01
349929,0.06
349931,0.16
349935,0.09
349939,0.04
349960,0.0
349967,0.07
349969,0.29
349971,0.16
349977,0.04
349979,0.03
349981,0.15
349982,0.13
349992,0.02
349994,0.02
350005,0.05
350006,0.01
350009,0.19
350017,0.02
350021,0.1
350023,0.08
350032,0.13
350033,0.13
350036,0.23
350037,0.02
350048,0.31
350052,0.02
350063,0.03
350077,0.09
350078,0.13
350086,0.15
350087,0.03
350107,0.02
350110,0.04
350114,0.25
350119,0.28
350139,0.02
350154,0.04
350174,0.16
350177,0.1
350190,0.21
350193,0.16
350203,0.0
350206,0.28
350210,0.1
350225,0.1
350242,0.07
350264,0.03
350273,0.02
350277,0.04
350283,0.01
350286,0.03
350288,0.18
350290,0.12
350293,0.04
350310,0.26
350327,0.28
350330,0.14
350334,0.17
350340,0.03
350342,0.03
350344,0.1
350370,0.05
350372,0.2
350376,0.15
350387,0.03
350389,0.09
350395,0.21
350397,0.14
350433,0.04
350436,0.32
350442,0.0
350445,0.02
350446,0.16
350457,0.16
350480,0.03
350481,0.03
350484,0.08
350494,0.08
350511,0.08
350529,0.04
350531,0.12
350535,0.04
350539,0.02
350543,0.18
350544,0.03
350550,0.07
350558,0.14
350569,0.14
350571,0.13
350577,0.12
350582,0.06
350585,0.04
350596,0.03
350598,0.13
350599,0.22
350602,0.02
350612,0.04
350621,0.08
350626,0.04
350628,0.0
350638,0.1
350646,0.22
350652,0.02
350665,0.04
350671,0.07
350677,0.06
350694,0.14
350697,0.12
350699,0.23
350703,0.07
350705,0.28
350708,0.03
350724,0.16
350731,0.0
350740,0.01
350745,0.1
350749,0.1
350754,0.13
350757,0.0
350764,0.08
350766,0.06
350779,0.15
350794,0.11
350805,0.04
350810,0.12
350817,0.04
350825,0.07
350829,0.03
350832,0.12
350841,0.02
350855,0.09
350862,0.03
350867,0.11
350871,0.01
350874,0.1
350891,0.0
350895,0.06
350898,0.09
350899,0.07
350902,0.02
350913,0.12
350916,0.0
350933,0.07
350944,0.03
350954,0.23
350959,0.04
350965,0.0
350969,0.09
350984,0.03
350997,0.05
350999,0.02
351002,0.12
351008,0.02
351014,0.1
351025,0.08
351026,0.02
351046,0.26
351048,0.01
351070,0.04
351073,0.03
351079,0.1
351085,0.13
351091,0.08
351094,0.04
351115,0.03
351117,0.07
351126,0.02
351142,0.04
351151,0.0
351171,0.07
351178,0.0
351186,0.01
351194,0.12
351201,0.04
351223,0.14
351225,0.23
351226,0.04
351227,0.1
351240,0.22
351243,0.05
351244,0.1
351245,0.04
351248,0.06
351252,0.09
351259,0.14
351265,0.03
351291,0.18
351292,0.1
351294,0.03
351298,0.0
351303,0.12
351311,0.06
351326,0.05
351331,0.09
351338,0.04
351339,0.08
351364,0.03
351380,0.04
351383,0.08
351385,0.02
351386,0.17
351389,0.1
351392,0.08
351393,0.04
351407,0.16
351419,0.0
351422,0.03
351423,0.17
351430,0.07
351446,0.03
351454,0.03
351458,0.12
351461,0.12
351489,0.02
351495,0.01
351520,0.11
351526,0.11
351535,0.02
351541,0.07
351567,0.04
351580,0.03
351581,0.29
351584,0.02
351587,0.1
351589,0.01
351593,0.12
351616,0.08
351619,0.09
351625,0.04
351626,0.03
351635,0.05
351641,0.01
351655,0.03
351658,0.1
351669,0.25
351670,0.02
351671,0.02
351680,0.05
351687,0.02
351699,0.0
351722,0.06
351725,0.19
351740,0.23
351747,0.03
351758,0.06
351771,0.03
351780,0.08
351786,0.02
351789,0.13
351796,0.25
351801,0.12
351814,0.07
351817,0.13
351819,0.16
351825,0.22
351830,0.29
351831,0.07
351834,0.1
351836,0.03
351837,0.03
351838,0.04
351839,0.2
351846,0.27
351863,0.07
351864,0.16
351880,0.09
351887,0.08
351891,0.13
351892,0.09
351898,0.18
351907,0.03
351916,0.09
351936,0.01
351937,0.03
351945,0.02
351957,0.01
351958,0.02
351962,0.1
351967,0.13
351970,0.05
351973,0.01
351978,0.01
351984,0.05
351989,0.13
351992,0.07
352015,0.1
352036,0.01
352043,0.01
352049,0.03
352053,0.19
352056,0.01
352058,0.06
352064,0.04
352065,0.02
352075,0.03
352092,0.06
352096,0.08
352097,0.04
352102,0.0
352103,0.05
352117,0.06
352119,0.04
352139,0.11
352145,0.02
352158,0.08
352198,0.08
352199,0.07
352200,0.08
352205,0.13
352241,0.02
352244,0.19
352258,0.13
352260,0.04
352266,0.01
352273,0.05
352283,0.04
352303,0.07
352304,0.07
352351,0.08
352353,0.14
352379,0.05
352389,0.36
352390,0.01
352391,0.11
352403,0.05
352407,0.0
352409,0.27
352421,0.02
352425,0.01
352447,0.08
352450,0.18
352451,0.12
352457,0.03
352468,0.2
352482,0.02
352495,0.0
352501,0.14
352506,0.48
352508,0.09
352522,0.08
352528,0.12
352539,0.12
352540,0.01
352551,0.17
352560,0.01
352561,0.13
352565,0.1
352566,0.05
352584,0.17
352592,0.04
352626,0.11
352650,0.03
352655,0.0
352668,0.4
352670,0.01
352685,0.22
352690,0.04
352692,0.01
352694,0.03
352700,0.04
352701,0.1
352708,0.08
352711,0.26
352734,0.08
352738,0.04
352742,0.02
352745,0.05
352746,0.01
352751,0.05
352762,0.13
352767,0.04
352768,0.12
352785,0.02
352788,0.06
352795,0.05
352814,0.16
352825,0.04
352827,0.07
352828,0.01
352830,0.09
352850,0.07
352890,0.04
352901,0.01
352907,0.02
352909,0.09
352913,0.0
352925,0.06
352927,0.03
352928,0.11
352938,0.13
352942,0.02
352943,0.35
352952,0.03
352958,0.06
352962,0.13
352967,0.12
352972,0.07
352988,0.01
352991,0.06
353002,0.01
353008,0.1
353011,0.02
353014,0.16
353018,0.01
353023,0.02
353029,0.04
353031,0.09
353035,0.29
353037,0.15
353042,0.11
353054,0.04
353078,0.15
353122,0.09
353123,0.0
353140,0.04
353145,0.08
353167,0.12
353177,0.08
353179,0.13
353185,0.11
353194,0.08
353195,0.07
353208,0.11
353210,0.03
353214,0.21
353215,0.07
353240,0.08
353241,0.11
353247,0.04
353259,0.08
353262,0.24
353264,0.07
353278,0.08
353279,0.11
353280,0.2
353287,0.14
353288,0.06
353290,0.07
353299,0.01
353314,0.09
353328,0.19
353340,0.08
353350,0.06
353352,0.01
353364,0.14
353371,0.01
353373,0.07
353374,0.11
353389,0.12
353395,0.08
353419,0.59
353427,0.05
353441,0.12
353454,0.05
353469,0.26
353475,0.26
353481,0.0
353483,0.11
353484,0.08
353488,0.15
353496,0.03
353504,0.02
353505,0.12
353509,0.02
353527,0.13
353574,0.07
353585,0.13
353595,0.16
353598,0.01
353602,0.11
353610,0.06
353618,0.06
353625,0.04
353626,0.28
353631,0.03
353635,0.07
353654,0.1
353682,0.14
353688,0.14
353695,0.09
353711,0.04
353724,0.07
353729,0.03
353732,0.04
353749,0.24
353750,0.0
353752,0.05
353761,0.01
353782,0.01
353784,0.08
353801,0.04
353809,0.27
353812,0.04
353814,0.03
353821,0.02
353832,0.08
353845,0.11
353860,0.05
353863,0.04
353867,0.18
353876,0.11
353905,0.06
353923,0.01
353934,0.02
353943,0.03
353945,0.14
353973,0.05
353995,0.0
354001,0.08
354003,0.05
354011,0.02
354020,0.04
354024,0.16
354027,0.05
354031,0.11
354036,0.05
354037,0.05
354039,0.0
354044,0.06
354058,0.0
354071,0.17
354080,0.11
354084,0.03
354085,0.02
354089,0.0
354099,0.12
354100,0.02
354104,0.02
354106,0.14
354107,0.21
354111,0.02
354114,0.16
354115,0.19
354122,0.2
354130,0.11
354139,0.11
354140,0.07
354145,0.04
354149,0.02
354167,0.1
354173,0.2
354176,0.01
354178,0.03
354182,0.12
354184,0.03
354186,0.13
354192,0.09
354209,0.1
354214,0.07
354218,0.11
354230,0.28
354251,0.01
354257,0.11
354264,0.1
354265,0.03
354267,0.05
354272,0.07
354273,0.11
354285,0.16
354298,0.08
354309,0.01
354312,0.15
354320,0.01
354322,0.07
354327,0.04
354333,0.09
354335,0.13
354344,0.11
354355,0.04
354358,0.0
354365,0.01
354368,0.09
354377,0.05
354386,0.07
354390,0.0
354394,0.13
354398,0.02
354402,0.07
354403,0.0
354406,0.19
354414,0.07
354421,0.04
354430,0.08
354445,0.07
354470,0.04
354479,0.03
354481,0.0
354483,0.22
354497,0.09
354511,0.04
354533,0.01
354549,0.3
354561,0.4
354570,0.07
354571,0.11
354577,0.09
354586,0.04
354598,0.13
354601,0.03
354602,0.06
354603,0.07
354606,0.0
354612,0.09
354613,0.03
354616,0.21
354624,0.05
354625,0.31
354636,0.06
354639,0.09
354640,0.02
354644,0.17
354650,0.03
354666,0.06
354673,0.08
354674,0.04
354677,0.1
354684,0.1
354694,0.21
354698,0.04
354708,0.03
354709,0.03
354720,0.07
354738,0.08
354740,0.05
354757,0.07
354768,0.03
354775,0.13
354776,0.02
354792,0.07
354803,0.08
354809,0.03
354817,0.06
354818,0.02
354830,0.03
354832,0.08
354838,0.11
354839,0.1
354851,0.12
354861,0.1
354865,0.17
354890,0.16
354893,0.14
354898,0.04
354900,0.08
354910,0.21
354913,0.03
354937,0.03
354942,0.01
354953,0.02
354956,0.05
354958,0.01
354960,0.16
354984,0.09
354993,0.07
355017,0.22
355025,0.11
355026,0.02
355041,0.27
355043,0.04
355048,0.05
355057,0.06
355071,0.12
355075,0.04
355081,0.02
355083,0.2
355090,0.05
355105,0.03
355107,0.03
355108,0.1
355109,0.17
355114,0.1
355117,0.08
355127,0.0
355148,0.05
355174,0.17
355180,0.11
355181,0.06
355184,0.09
355201,0.01
355207,0.03
355209,0.08
355217,0.02
355218,0.02
355237,0.06
355239,0.04
355241,0.09
355243,0.35
355250,0.23
355275,0.0
355282,0.03
355284,0.05
355287,0.01
355293,0.23
355296,0.11
355305,0.12
355312,0.07
355320,0.17
355327,0.05
355328,0.02
355333,0.01
355335,0.0
355336,0.12
355337,0.15
355338,0.15
355341,0.03
355355,0.18
355358,0.08
355360,0.25
355372,0.08
355382,0.02
355385,0.13
355393,0.37
355404,0.04
355408,0.04
355417,0.02
355418,0.08
355431,0.07
355434,0.02
355445,0.11
355502,0.1
355503,0.19
355511,0.04
355517,0.1
355519,0.11
355524,0.08
355536,0.04
355549,0.04
355550,0.09
355560,0.08
355569,0.04
355571,0.01
355572,0.05
355575,0.13
355578,0.12
355584,0.1
355588,0.07
355592,0.21
355604,0.04
355638,0.01
355646,0.05
355649,0.1
355656,0.0
355657,0.1
355666,0.01
355681,0.11
355697,0.01
355700,0.05
355701,0.01
355703,0.09
355704,0.18
355708,0.04
355736,0.06
355743,0.17
355769,0.05
355773,0.08
355781,0.02
355785,0.11
355786,0.22
355798,0.05
355817,0.07
355819,0.09
355826,0.12
355842,0.11
355846,0.06
355855,0.08
355870,0.13
355873,0.02
355874,0.29
355876,0.22
355877,0.05
355880,0.08
355920,0.06
355922,0.07
355930,0.01
355935,0.03
355942,0.16
355963,0.07
355971,0.13
355973,0.04
355980,0.1
355981,0.17
355984,0.05
355987,0.12
355996,0.2
355997,0.07
356013,0.1
356016,0.04
356025,0.09
356027,0.01
356035,0.01
356036,0.08
356038,0.14
356041,0.0
356057,0.02
356063,0.06
356077,0.0
356080,0.12
356086,0.0
356102,0.13
356106,0.15
356118,0.04
356140,0.01
356150,0.38
356153,0.08
356159,0.07
356163,0.05
356164,0.03
356168,0.15
356169,0.06
356170,0.06
356199,0.04
356211,0.02
356220,0.02
356246,0.01
356249,0.18
356255,0.07
356258,0.12
356262,0.04
356273,0.0
356279,0.08
356281,0.1
356308,0.14
356324,0.18
356327,0.1
356328,0.03
356331,0.14
356336,0.05
356345,0.15
356382,0.05
356395,0.04
356399,0.13
356400,0.09
356413,0.06
356414,0.12
356418,0.05
356427,0.04
356433,0.06
356439,0.02
356444,0.08
356475,0.08
356480,0.17
356482,0.17
356497,0.01
356512,0.09
356517,0.36
356536,0.03
356539,0.08
356551,0.11
356556,0.18
356558,0.33
356559,0.05
356563,0.04
356578,0.05
356583,0.19
356584,0.2
356592,0.02
356594,0.01
356596,0.05
356597,0.03
356598,0.12
356602,0.06
356609,0.14
356624,0.04
356626,0.05
356627,0.07
356641,0.24
356648,0.12
356649,0.07
356650,0.02
356651,0.02
356659,0.03
356676,0.16
356687,0.23
356689,0.03
356698,0.03
356726,0.07
356732,0.09
356741,0.2
356742,0.1
356746,0.02
356750,0.13
356754,0.08
356760,0.03
356762,0.05
356763,0.01
356777,0.14
356784,0.11
356795,0.1
356801,0.0
356802,0.0
356808,0.04
356813,0.22
356816,0.17
356818,0.19
356825,0.04
356828,0.04
356836,0.0
356854,0.06
356857,0.12
356865,0.01
356873,0.09
356879,0.08
356880,0.01
356885,0.21
356889,0.04
356903,0.02
356905,0.01
356913,0.11
356916,0.03
356939,0.14
356944,0.12
356952,0.34
356958,0.18
356963,0.04
356967,0.03
356970,0.15
356977,0.03
356980,0.04
356981,0.01
356983,0.15
356998,0.4
357005,0.0
357022,0.07
357032,0.01
357033,0.15
357035,0.03
357047,0.08
357054,0.07
357057,0.25
357069,0.1
357096,0.08
357102,0.22
357118,0.04
357124,0.07
357137,0.11
357138,0.1
357149,0.03
357151,0.05
357157,0.08
357158,0.09
357162,0.03
357163,0.04
357171,0.0
357175,0.02
357192,0.04
357200,0.19
357204,0.01
357206,0.09
357215,0.17
357221,0.01
357228,0.0
357247,0.08
357249,0.05
357268,0.03
357270,0.04
357279,0.12
357287,0.01
357293,0.11
357306,0.08
357308,0.24
357321,0.02
357326,0.28
357340,0.01
357342,0.12
357352,0.11
357361,0.11
357368,0.06
357370,0.01
357377,0.05
357382,0.01
357383,0.02
357384,0.08
357398,0.03
357415,0.0
357420,0.09
357439,0.05
357440,0.04
357458,0.04
357464,0.1
357467,0.05
357469,0.24
357472,0.13
357489,0.12
357504,0.22
357522,0.11
357527,0.03
357547,0.08
357550,0.03
357558,0.05
357559,0.14
357562,0.05
357572,0.05
357583,0.18
357585,0.22
357598,0.0
357607,0.04
357613,0.0
357627,0.03
357630,0.04
357631,0.37
357680,0.01
357694,0.05
357698,0.08
357699,0.02
357707,0.12
357732,0.02
357748,0.13
357755,0.08
357767,0.07
357786,0.03
357791,0.06
357799,0.07
357824,0.0
357830,0.06
357832,0.17
357840,0.13
357863,0.12
357865,0.02
357868,0.26
357869,0.04
357878,0.04
357886,0.14
357891,0.09
357897,0.04
357915,0.3
357927,0.05
357947,0.04
357958,0.02
357959,0.08
357976,0.11
357992,0.16
357995,0.05
357996,0.07
358020,0.13
358022,0.29
358023,0.14
358029,0.01
358040,0.14
358059,0.01
358071,0.03
358076,0.03
358095,0.03
358096,0.07
358104,0.01
358110,0.04
358122,0.06
358137,0.03
358147,0.09
358149,0.1
358155,0.16
358161,0.1
358163,0.2
358172,0.06
358178,0.11
358183,0.2
358186,0.04
358189,0.09
358198,0.05
358211,0.13
358219,0.1
358220,0.06
358225,0.22
358231,0.01
358233,0.04
358247,0.09
358258,0.17
358264,0.24
358271,0.3
358273,0.08
358275,0.0
358278,0.01
358287,0.12
358309,0.1
358327,0.14
358342,0.03
358348,0.16
358352,0.0
358373,0.06
358384,0.05
358394,0.0
358405,0.44
358409,0.0
358412,0.23
358424,0.23
358427,0.09
358434,0.26
358444,0.12
358448,0.07
358449,0.14
358458,0.0
358472,0.28
358483,0.07
358490,0.09
358503,0.03
358504,0.08
358505,0.0
358512,0.19
358513,0.02
358528,0.07
358532,0.04
358536,0.03
358538,0.06
358559,0.09
358590,0.08
358601,0.24
358627,0.14
358631,0.06
358632,0.09
358640,0.23
358649,0.08
358650,0.02
358653,0.0
358676,0.04
358679,0.07
358695,0.16
358703,0.04
358705,0.0
358710,0.06
358730,0.02
358731,0.05
358735,0.13
358744,0.21
358748,0.06
358750,0.0
358752,0.0
358764,0.07
358777,0.08
358786,0.27
358789,0.1
358805,0.08
358809,0.01
358810,0.1
358824,0.05
358829,0.1
358838,0.0
358840,0.1
358841,0.09
358854,0.07
358873,0.42
358879,0.1
358884,0.17
358885,0.01
358886,0.03
358892,0.08
358895,0.07
358906,0.18
358910,0.05
358911,0.04
358924,0.23
358929,0.18
358937,0.09
358949,0.25
358955,0.05
358956,0.19
358959,0.03
358960,0.04
358969,0.02
358983,0.0
358990,0.23
358992,0.06
358994,0.06
359004,0.07
359015,0.11
359023,0.04
359030,0.04
359032,0.1
359038,0.09
359044,0.11
359049,0.17
359050,0.03
359064,0.02
359095,0.04
359100,0.42
359105,0.05
359116,0.1
359134,0.08
359136,0.12
359143,0.03
359147,0.03
359175,0.05
359182,0.0
359188,0.0
359196,0.03
359198,0.03
359202,0.04
359212,0.07
359229,0.05
359232,0.23
359247,0.1
359258,0.15
359260,0.17
359261,0.21
359262,0.46
359268,0.02
359285,0.08
359293,0.02
359294,0.02
359297,0.07
359299,0.03
359311,0.05
359319,0.03
359320,0.04
359322,0.19
359353,0.06
359355,0.07
359360,0.09
359367,0.07
359369,0.01
359372,0.03
359377,0.05
359381,0.03
359382,0.11
359387,0.16
359389,0.04
359392,0.11
359437,0.15
359438,0.05
359440,0.09
359442,0.02
359455,0.03
359474,0.1
359475,0.09
359480,0.38
359485,0.28
359493,0.02
359497,0.12
359505,0.04
359506,0.03
359516,0.05
359518,0.0
359523,0.12
359547,0.26
359548,0.07
359556,0.04
359577,0.06
359580,0.37
359588,0.05
359590,0.03
359592,0.07
359599,0.04
359609,0.2
359611,0.08
359619,0.05
359623,0.09
359654,0.07
359666,0.07
359669,0.05
359672,0.03
359673,0.32
359677,0.04
359685,0.03
359690,0.08
359697,0.08
359702,0.09
359707,0.03
359711,0.05
359719,0.06
359722,0.1
359726,0.3
359730,0.15
359731,0.15
359741,0.19
359743,0.15
359748,0.03
359753,0.0
359758,0.33
359773,0.02
359780,0.01
359785,0.07
359800,0.05
359806,0.06
359809,0.04
359822,0.07
359828,0.16
359847,0.19
359855,0.08
359858,0.05
359864,0.03
359884,0.21
359886,0.02
359898,0.12
359908,0.11
359921,0.31
359945,0.01
359958,0.01
359964,0.07
359980,0.01
359992,0.15
359994,0.13
360001,0.01
360004,0.04
360009,0.09
360020,0.05
360049,0.27
360058,0.01
360063,0.09
360064,0.03
360074,0.04
360095,0.03
360098,0.09
360099,0.03
360100,0.01
360103,0.09
360106,0.02
360107,0.13
360124,0.1
360126,0.07
360138,0.1
360140,0.16
360141,0.05
360149,0.11
360152,0.12
360165,0.03
360171,0.05
360176,0.18
360183,0.02
360186,0.04
360189,0.18
360191,0.1
360199,0.28
360204,0.04
360205,0.09
360217,0.05
360225,0.19
360231,0.05
360238,0.02
360248,0.49
360249,0.01
360254,0.15
360256,0.09
360257,0.04
360258,0.11
360277,0.09
360279,0.23
360280,0.07
360281,0.15
360283,0.03
360290,0.07
360312,0.06
360316,0.0
360320,0.02
360324,0.09
360333,0.11
360339,0.03
360347,0.12
360359,0.17
360360,0.31
360367,0.14
360372,0.07
360382,0.01
360386,0.08
360400,0.06
360411,0.09
360412,0.18
360415,0.01
360419,0.11
360421,0.03
360427,0.05
360429,0.09
360438,0.05
360439,0.01
360445,0.12
360454,0.13
360458,0.07
360467,0.03
360469,0.07
360471,0.06
360472,0.02
360475,0.06
360478,0.09
360479,0.04
360480,0.09
360484,0.06
360496,0.01
360504,0.09
360517,0.04
360518,0.15
360526,0.01
360530,0.17
360535,0.04
360538,0.08
360539,0.08
360545,0.06
360569,0.04
360579,0.16
360580,0.08
360611,0.02
360612,0.05
360626,0.01
360628,0.03
360631,0.02
360633,0.05
360640,0.0
360643,0.15
360645,0.01
360663,0.04
360666,0.04
360678,0.04
360683,0.04
360707,0.12
360715,0.09
360723,0.04
360727,0.01
360733,0.09
360746,0.03
360759,0.04
360767,0.06
360769,0.09
360770,0.0
360779,0.04
360791,0.05
360792,0.03
360801,0.1
360812,0.06
360814,0.02
360828,0.07
360830,0.21
360837,0.01
360838,0.11
360844,0.16
360860,0.01
360864,0.17
360871,0.04
360872,0.06
360877,0.3
360880,0.03
360881,0.01
360882,0.01
360884,0.01
360885,0.09
360889,0.17
360893,0.07
360898,0.01
360933,0.24
360941,0.07
360942,0.03
360943,0.01
360960,0.05
360973,0.12
360979,0.14
360987,0.04
360988,0.02
360999,0.09
361001,0.04
361005,0.15
361007,0.16
361024,0.02
361028,0.05
361051,0.04
361072,0.0
361086,0.02
361093,0.31
361098,0.01
361124,0.05
361130,0.04
361132,0.16
361133,0.0
361135,0.07
361148,0.22
361150,0.01
361152,0.03
361154,0.08
361158,0.04
361171,0.12
361175,0.07
361177,0.04
361195,0.07
361200,0.06
361203,0.25
361205,0.04
361214,0.15
361217,0.08
361226,0.05
361232,0.12
361236,0.05
361249,0.02
361251,0.11
361252,0.07
361284,0.19
361289,0.07
361297,0.06
361304,0.2
361311,0.09
361334,0.12
361339,0.06
361340,0.1
361348,0.04
361352,0.01
361354,0.1
361355,0.09
361370,0.09
361390,0.08
361392,0.1
361397,0.19
361402,0.08
361405,0.17
361406,0.08
361426,0.01
361431,0.04
361440,0.04
361451,0.08
361469,0.23
361473,0.1
361497,0.1
361511,0.03
361515,0.04
361525,0.0
361540,0.2
361557,0.03
361560,0.08
361565,0.05
361569,0.05
361570,0.03
361578,0.01
361580,0.28
361585,0.04
361589,0.02
361591,0.01
361599,0.13
361603,0.05
361605,0.09
361606,0.2
361615,0.11
361622,0.02
361627,0.09
361632,0.11
361636,0.03
361637,0.14
361638,0.06
361639,0.0
361651,0.03
361662,0.17
361684,0.07
361693,0.12
361697,0.09
361710,0.01
361713,0.15
361729,0.05
361785,0.05
361796,0.17
361805,0.12
361811,0.08
361812,0.08
361819,0.17
361828,0.02
361833,0.09
361836,0.12
361839,0.06
361855,0.05
361866,0.04
361870,0.06
361873,0.17
361885,0.11
361896,0.13
361913,0.03
361919,0.07
361932,0.18
361933,0.02
361935,0.12
361939,0.02
361946,0.0
361947,0.05
361949,0.04
361951,0.26
361962,0.16
361972,0.06
361975,0.02
361989,0.08
362004,0.04
362012,0.04
362014,0.06
362016,0.11
362028,0.07
362033,0.05
362034,0.16
362038,0.07
362052,0.05
362061,0.04
362063,0.08
362070,0.05
362072,0.02
362075,0.17
362079,0.01
362086,0.02
362091,0.2
362094,0.07
362101,0.03
362112,0.08
362115,0.2
362117,0.07
362121,0.3
362128,0.09
362130,0.04
362135,0.06
362142,0.07
362146,0.09
362149,0.03
362157,0.01
362165,0.0
362166,0.08
362167,0.03
362173,0.1
362187,0.07
362197,0.2
362206,0.18
362207,0.03
362210,0.05
362216,0.04
362219,0.15
362221,0.13
362224,0.04
362228,0.05
362236,0.04
362242,0.12
362251,0.04
362252,0.07
362257,0.12
362284,0.06
362286,0.05
362298,0.05
362300,0.09
362306,0.02
362308,0.26
362315,0.07
362318,0.05
362322,0.05
362332,0.16
362338,0.09
362341,0.28
362347,0.16
362348,0.11
362361,0.19
362365,0.07
362369,0.21
362373,0.01
362376,0.18
362384,0.05
362386,0.01
362387,0.02
362389,0.11
362393,0.04
362412,0.02
362420,0.03
362426,0.08
362432,0.01
362445,0.36
362450,0.04
362452,0.17
362465,0.28
362468,0.17
362474,0.0
362484,0.05
362487,0.23
362512,0.18
362530,0.0
362531,0.06
362552,0.06
362555,0.15
362556,0.08
362563,0.13
362572,0.0
362579,0.02
362580,0.14
362597,0.09
362635,0.06
362637,0.1
362641,0.06
362652,0.06
362657,0.1
362660,0.05
362661,0.02
362671,0.05
362675,0.13
362680,0.04
362682,0.02
362685,0.08
362697,0.03
362700,0.13
362702,0.04
362705,0.16
362707,0.12
362710,0.1
362711,0.13
362718,0.09
362723,0.07
362730,0.02
362742,0.16
362781,0.09
362789,0.4
362790,0.03
362795,0.01
362799,0.03
362800,0.09
362803,0.05
362808,0.05
362814,0.06
362820,0.0
362826,0.09
362831,0.11
362833,0.09
362839,0.06
362852,0.09
362872,0.08
362882,0.11
362885,0.19
362889,0.0
362890,0.13
362891,0.11
362900,0.08
362907,0.06
362908,0.11
362953,0.06
362967,0.07
362982,0.08
363015,0.02
363027,0.04
363035,0.04
363039,0.07
363045,0.03
363048,0.22
363057,0.4
363059,0.34
363063,0.06
363080,0.02
363082,0.26
363090,0.16
363094,0.09
363106,0.02
363114,0.15
363118,0.22
363121,0.05
363128,0.04
363136,0.04
363141,0.03
363142,0.09
363147,0.02
363151,0.05
363153,0.02
363158,0.01
363171,0.0
363174,0.1
363180,0.0
363187,0.02
363191,0.08
363192,0.05
363196,0.07
363199,0.08
363209,0.11
363210,0.21
363212,0.05
363227,0.08
363231,0.18
363232,0.0
363243,0.15
363253,0.03
363285,0.07
363299,0.07
363310,0.03
363311,0.05
363316,0.08
363322,0.3
363329,0.08
363331,0.3
363334,0.02
363339,0.02
363340,0.2
363341,0.03
363343,0.44
363347,0.04
363350,0.06
363377,0.15
363379,0.09
363382,0.11
363386,0.12
363387,0.01
363388,0.03
363391,0.02
363394,0.09
363397,0.02
363405,0.05
363422,0.03
363427,0.07
363455,0.07
363467,0.05
363493,0.1
363508,0.0
363514,0.25
363525,0.17
363530,0.13
363531,0.01
363538,0.09
363539,0.05
363542,0.11
363543,0.09
363551,0.25
363568,0.04
363576,0.22
363580,0.22
363582,0.03
363598,0.12
363601,0.06
363611,0.08
363612,0.03
363618,0.01
363623,0.06
363624,0.1
363642,0.12
363645,0.23
363651,0.45
363657,0.1
363663,0.1
363667,0.0
363687,0.06
363704,0.1
363705,0.11
363717,0.06
363725,0.01
363728,0.03
363733,0.08
363744,0.09
363745,0.05
363756,0.07
363759,0.11
363760,0.06
363762,0.01
363768,0.12
363777,0.14
363782,0.0
363785,0.01
363797,0.11
363815,0.02
363822,0.03
363834,0.07
363842,0.1
363845,0.32
363846,0.05
363849,0.01
363850,0.03
363853,0.06
363859,0.02
363860,0.03
363877,0.09
363881,0.01
363893,0.0
363902,0.26
363903,0.04
363916,0.03
363924,0.1
363940,0.06
363944,0.0
363955,0.23
363960,0.03
363984,0.08
363990,0.16
364009,0.12
364014,0.22
364035,0.08
364043,0.02
364065,0.02
364067,0.0
364068,0.09
364072,0.19
364079,0.03
364094,0.16
364096,0.03
364105,0.05
364109,0.0
364122,0.2
364141,0.02
364146,0.1
364147,0.05
364151,0.14
364152,0.03
364156,0.07
364160,0.12
364171,0.03
364183,0.0
364199,0.14
364206,0.01
364220,0.15
364222,0.02
364224,0.22
364232,0.17
364248,0.11
364251,0.05
364274,0.05
364286,0.03
364289,0.0
364290,0.04
364291,0.15
364292,0.0
364308,0.03
364310,0.11
364311,0.1
364312,0.31
364314,0.07
364337,0.13
364339,0.0
364357,0.26
364359,0.08
364371,0.11
364374,0.04
364378,0.09
364382,0.14
364397,0.03
364401,0.1
364403,0.06
364411,0.09
364413,0.08
364414,0.04
364415,0.09
364418,0.02
364428,0.05
364430,0.01
364436,0.31
364451,0.01
364457,0.04
364461,0.09
364471,0.16
364472,0.07
364481,0.45
364482,0.04
364484,0.39
364492,0.16
364494,0.04
364507,0.05
364508,0.07
364537,0.08
364538,0.2
364539,0.2
364547,0.27
364561,0.18
364586,0.15
364603,0.0
364622,0.02
364660,0.02
364662,0.0
364669,0.29
364698,0.12
364699,0.05
364700,0.04
364702,0.22
364710,0.13
364714,0.05
364731,0.1
364738,0.04
364739,0.07
364743,0.07
364762,0.11
364767,0.1
364775,0.0
364781,0.16
364783,0.01
364796,0.01
364810,0.12
364815,0.22
364823,0.0
364826,0.05
364837,0.11
364839,0.22
364844,0.06
364851,0.17
364853,0.09
364854,0.01
364858,0.01
364872,0.16
364875,0.02
364877,0.16
364878,0.03
364884,0.0
364907,0.06
364911,0.07
364916,0.06
364920,0.05
364927,0.05
364944,0.04
364948,0.1
364950,0.05
364953,0.02
364955,0.0
364959,0.03
364966,0.13
364971,0.09
364979,0.18
364980,0.09
364982,0.24
364984,0.02
364993,0.06
365001,0.01
365030,0.06
365035,0.06
365044,0.07
365046,0.04
365050,0.07
365051,0.1
365054,0.13
365055,0.0
365064,0.11
365069,0.09
365092,0.01
365102,0.14
365109,0.04
365110,0.08
365117,0.02
365120,0.06
365128,0.18
365131,0.27
365136,0.01
365151,0.07
365153,0.11
365154,0.03
365160,0.04
365166,0.03
365171,0.02
365181,0.19
365194,0.06
365210,0.09
365221,0.01
365234,0.01
365252,0.07
365254,0.18
365264,0.06
365276,0.02
365282,0.03
365284,0.04
365290,0.0
365317,0.19
365329,0.12
365353,0.02
365356,0.11
365358,0.04
365374,0.21
365392,0.08
365396,0.0
365408,0.12
365412,0.01
365429,0.04
365431,0.19
365435,0.04
365439,0.13
365473,0.03
365476,0.05
365486,0.13
365497,0.02
365518,0.12
365519,0.04
365520,0.23
365523,0.04
365531,0.05
365532,0.05
365534,0.01
365544,0.14
365552,0.09
365564,0.1
365569,0.04
365570,0.04
365575,0.39
365576,0.1
365585,0.13
365595,0.03
365612,0.04
365613,0.17
365624,0.01
365631,0.03
365634,0.04
365643,0.04
365644,0.19
365663,0.12
365666,0.09
365672,0.04
365676,0.23
365680,0.02
365696,0.05
365699,0.11
365706,0.0
365707,0.04
365711,0.05
365716,0.06
365717,0.09
365718,0.01
365757,0.22
365770,0.04
365776,0.04
365781,0.1
365784,0.1
365787,0.04
365805,0.09
365820,0.0
365831,0.11
365836,0.12
365837,0.14
365859,0.64
365861,0.03
365863,0.09
365872,0.0
365877,0.05
365882,0.08
365893,0.05
365894,0.12
365900,0.07
365910,0.06
365913,0.01
365916,0.09
365923,0.06
365946,0.22
365948,0.08
365951,0.05
365965,0.11
365966,0.14
365975,0.02
365979,0.36
365989,0.11
365991,0.36
365992,0.04
366001,0.12
366010,0.09
366013,0.16
366028,0.14
366036,0.04
366038,0.04
366044,0.01
366048,0.16
366060,0.04
366067,0.09
366071,0.2
366078,0.06
366081,0.04
366082,0.02
366093,0.12
366099,0.04
366103,0.04
366105,0.09
366111,0.16
366112,0.07
366125,0.08
366144,0.14
366147,0.08
366149,0.3
366166,0.15
366168,0.13
366173,0.05
366178,0.05
366180,0.09
366209,0.0
366213,0.19
366214,0.17
366215,0.09
366220,0.08
366226,0.03
366230,0.25
366236,0.18
366245,0.07
366282,0.05
366286,0.05
366295,0.04
366296,0.09
366297,0.04
366300,0.12
366303,0.0
366307,0.19
366314,0.08
366320,0.06
366321,0.05
366327,0.02
366330,0.03
366332,0.15
366334,0.02
366341,0.03
366363,0.04
366367,0.14
366369,0.2
366382,0.06
366394,0.17
366396,0.02
366398,0.23
366406,0.18
366414,0.05
366417,0.05
366419,0.13
366422,0.09
366436,0.01
366442,0.27
366451,0.26
366455,0.08
366458,0.13
366460,0.03
366466,0.11
366473,0.1
366502,0.11
366505,0.24
366526,0.06
366530,0.28
366532,0.01
366539,0.02
366541,0.21
366542,0.14
366553,0.01
366571,0.05
366582,0.06
366583,0.13
366589,0.23
366595,0.16
366606,0.09
366611,0.08
366613,0.1
366615,0.21
366616,0.35
366624,0.18
366632,0.02
366649,0.05
366650,0.19
366657,0.03
366664,0.02
366666,0.0
366674,0.2
366676,0.07
366677,0.15
366688,0.04
366689,0.06
366693,0.12
366696,0.14
366698,0.08
366700,0.03
366703,0.18
366709,0.08
366711,0.0
366725,0.05
366741,0.04
366742,0.01
366747,0.05
366750,0.02
366754,0.13
366762,0.05
366774,0.07
366781,0.03
366784,0.04
366789,0.03
366790,0.08
366797,0.01
366806,0.03
366820,0.0
366845,0.18
366858,0.12
366860,0.03
366874,0.06
366876,0.18
366879,0.06
366884,0.12
366886,0.05
366905,0.1
366908,0.15
366909,0.28
366917,0.16
366921,0.05
366927,0.06
366936,0.06
366952,0.09
366962,0.24
366964,0.34
366965,0.05
366981,0.04
366988,0.05
366992,0.03
366998,0.25
366999,0.07
367017,0.01
367023,0.08
367024,0.05
367025,0.29
367037,0.02
367040,0.07
367043,0.05
367052,0.1
367056,0.01
367064,0.19
367075,0.09
367089,0.01
367098,0.04
367119,0.05
367124,0.07
367134,0.13
367136,0.15
367138,0.03
367153,0.03
367158,0.15
367169,0.04
367179,0.07
367180,0.06
367212,0.06
367216,0.42
367217,0.02
367220,0.0
367224,0.15
367241,0.16
367245,0.24
367256,0.14
367266,0.01
367283,0.11
367290,0.05
367295,0.05
367310,0.07
367315,0.2
367322,0.16
367332,0.02
367338,0.08
367347,0.21
367381,0.25
367383,0.1
367386,0.05
367392,0.04
367399,0.18
367411,0.12
367414,0.02
367436,0.07
367439,0.1
367440,0.17
367465,0.09
367466,0.3
367478,0.14
367479,0.11
367481,0.07
367505,0.08
367515,0.05
367516,0.0
367526,0.13
367527,0.13
367533,0.09
367535,0.14
367545,0.21
367546,0.01
367547,0.04
367555,0.14
367557,0.07
367558,0.15
367573,0.05
367580,0.25
367581,0.03
367582,0.17
367588,0.04
367601,0.1
367617,0.05
367624,0.17
367626,0.06
367632,0.04
367651,0.02
367663,0.04
367674,0.08
367677,0.43
367678,0.11
367691,0.03
367698,0.03
367710,0.02
367712,0.03
367727,0.15
367739,0.13
367740,0.04
367746,0.04
367759,0.0
367770,0.44
367780,0.1
367783,0.23
367787,0.05
367791,0.21
367797,0.06
367799,0.16
367811,0.0
367817,0.01
367827,0.04
367829,0.15
367830,0.19
367837,0.13
367843,0.06
367847,0.07
367849,0.06
367854,0.0
367855,0.01
367862,0.05
367863,0.09
367868,0.09
367873,0.17
367879,0.07
367889,0.18
367890,0.14
367892,0.02
367893,0.03
367895,0.12
367896,0.05
367898,0.01
367903,0.03
367906,0.15
367919,0.06
367927,0.06
367931,0.11
367935,0.11
367945,0.0
367947,0.22
367952,0.08
367958,0.09
367971,0.05
367975,0.27
367983,0.09
367994,0.12
367998,0.08
367999,0.02
368005,0.08
368029,0.15
368034,0.03
368036,0.03
368041,0.07
368064,0.03
368066,0.06
368079,0.05
368082,0.03
368090,0.08
368092,0.01
368097,0.06
368107,0.08
368127,0.12
368129,0.12
368134,0.1
368150,0.14
368166,0.18
368172,0.03
368179,0.01
368185,0.09
368193,0.1
368207,0.07
368251,0.1
368253,0.08
368256,0.07
368257,0.11
368263,0.15
368271,0.25
368273,0.01
368279,0.1
368281,0.3
368282,0.35
368288,0.16
368303,0.08
368315,0.12
368323,0.0
368324,0.02
368326,0.05
368334,0.04
368337,0.0
368351,0.04
368353,0.22
368358,0.2
368389,0.12
368392,0.27
368393,0.14
368415,0.12
368424,0.1
368436,0.01
368448,0.03
368456,0.05
368457,0.07
368465,0.11
368484,0.11
368485,0.22
368487,0.13
368489,0.03
368493,0.08
368509,0.08
368513,0.07
368523,0.07
368530,0.02
368539,0.11
368543,0.34
368544,0.04
368557,0.05
368561,0.07
368577,0.05
368579,0.03
368580,0.12
368583,0.04
368589,0.0
368594,0.05
368598,0.05
368621,0.03
368622,0.12
368627,0.03
368628,0.13
368633,0.25
368638,0.17
368645,0.12
368646,0.12
368652,0.06
368659,0.06
368672,0.17
368679,0.08
368683,0.15
368697,0.06
368702,0.21
368707,0.05
368715,0.4
368740,0.04
368754,0.09
368765,0.1
368770,0.12
368777,0.18
368780,0.12
368782,0.35
368784,0.36
368790,0.13
368792,0.05
368793,0.09
368811,0.03
368816,0.15
368819,0.1
368843,0.01
368853,0.02
368857,0.08
368858,0.14
368887,0.09
368898,0.04
368909,0.11
368919,0.03
368930,0.0
368944,0.14
368949,0.07
368953,0.01
368956,0.09
368959,0.12
368968,0.07
368971,0.04
368974,0.14
368975,0.17
368983,0.03
368991,0.04
368994,0.07
369001,0.11
369004,0.19
369016,0.0
369030,0.01
369047,0.03
369055,0.15
369067,0.05
369068,0.1
369096,0.02
369103,0.09
369105,0.1
369107,0.3
369109,0.13
369130,0.0
369133,0.0
369144,0.03
369150,0.05
369152,0.07
369156,0.02
369180,0.08
369183,0.1
369184,0.38
369186,0.08
369187,0.03
369200,0.01
369201,0.03
369220,0.1
369223,0.01
369233,0.05
369240,0.18
369254,0.07
369264,0.11
369266,0.12
369272,0.13
369283,0.02
369295,0.06
369300,0.01
369302,0.01
369305,0.03
369322,0.02
369334,0.12
369350,0.01
369355,0.05
369361,0.06
369367,0.0
369371,0.01
369373,0.01
369375,0.14
369385,0.01
369394,0.08
369398,0.02
369408,0.01
369413,0.2
369419,0.04
369424,0.13
369439,0.0
369466,0.1
369482,0.02
369494,0.01
369504,0.04
369512,0.16
369528,0.07
369531,0.06
369540,0.1
369547,0.02
369565,0.03
369569,0.05
369581,0.06
369583,0.15
369593,0.02
369601,0.06
369608,0.02
369612,0.13
369615,0.05
369621,0.11
369636,0.01
369648,0.16
369649,0.28
369651,0.02
369659,0.01
369666,0.0
369684,0.01
369686,0.14
369698,0.39
369701,0.09
369712,0.04
369717,0.03
369722,0.15
369732,0.3
369740,0.36
369751,0.05
369755,0.0
369757,0.06
369761,0.15
369767,0.04
369782,0.06
369788,0.05
369790,0.04
369791,0.07
369792,0.06
369803,0.01
369812,0.01
369813,0.27
369827,0.05
369835,0.02
369838,0.02
369839,0.02
369843,0.07
369846,0.01
369860,0.01
369870,0.11
369871,0.32
369872,0.12
369884,0.12
369893,0.02
369901,0.02
369904,0.03
369908,0.3
369910,0.04
369911,0.1
369919,0.03
369920,0.05
369921,0.04
369931,0.13
369935,0.04
369936,0.06
369948,0.06
369953,0.05
369955,0.13
369961,0.04
369964,0.08
369967,0.04
369971,0.22
369983,0.0
369993,0.11
369995,0.13
370012,0.02
370022,0.11
370023,0.18
370027,0.07
370030,0.0
370033,0.26
370037,0.08
370051,0.02
370055,0.07
370077,0.1
370088,0.06
370091,0.03
370114,0.05
370117,0.37
370120,0.18
370122,0.06
370128,0.17
370135,0.05
370144,0.06
370146,0.17
370148,0.0
370150,0.01
370155,0.04
370164,0.02
370179,0.05
370188,0.18
370190,0.1
370199,0.07
370203,0.3
370213,0.01
370216,0.02
370219,0.0
370220,0.25
370224,0.01
370230,0.07
370254,0.17
370255,0.02
370265,0.33
370273,0.01
370288,0.05
370295,0.19
370297,0.12
370319,0.17
370323,0.06
370329,0.17
370330,0.07
370333,0.13
370346,0.01
370354,0.06
370355,0.06
370358,0.23
370362,0.0
370373,0.04
370376,0.03
370379,0.02
370380,0.0
370386,0.03
370392,0.11
370411,0.02
370416,0.01
370432,0.02
370439,0.05
370440,0.08
370445,0.08
370446,0.0
370455,0.15
370473,0.06
370474,0.01
370475,0.01
370482,0.24
370489,0.02
370512,0.01
370518,0.18
370522,0.15
370533,0.01
370538,0.1
370551,0.01
370552,0.12
370556,0.08
370566,0.04
370568,0.09
370573,0.14
370575,0.18
370578,0.04
370582,0.12
370596,0.05
370597,0.01
370599,0.09
370602,0.01
370609,0.06
370632,0.05
370634,0.24
370646,0.04
370666,0.27
370670,0.01
370672,0.01
370675,0.02
370676,0.29
370682,0.01
370685,0.01
370697,0.07
370699,0.06
370701,0.17
370711,0.21
370719,0.19
370728,0.06
370731,0.07
370735,0.08
370749,0.11
370753,0.04
370757,0.01
370763,0.24
370770,0.1
370779,0.13
370794,0.06
370805,0.06
370806,0.08
370808,0.08
370814,0.01
370827,0.17
370833,0.04
370844,0.06
370845,0.01
370850,0.18
370853,0.06
370856,0.07
370858,0.06
370862,0.1
370866,0.18
370874,0.13
370876,0.02
370878,0.24
370881,0.09
370882,0.06
370884,0.11
370887,0.07
370904,0.15
370905,0.06
370913,0.13
370915,0.12
370921,0.1
370922,0.06
370932,0.19
370939,0.16
370953,0.02
370964,0.05
370968,0.11
370969,0.17
370972,0.04
370978,0.03
371000,0.03
371001,0.22
371013,0.03
371053,0.02
371059,0.08
371060,0.23
371065,0.09
371069,0.03
371073,0.12
371084,0.35
371085,0.04
371088,0.15
371099,0.01
371115,0.04
371118,0.27
371127,0.17
371132,0.04
371136,0.12
371139,0.09
371152,0.14
371161,0.06
371162,0.1
371174,0.03
371176,0.1
371182,0.06
371185,0.06
371193,0.06
371197,0.04
371198,0.07
371202,0.02
371207,0.25
371211,0.35
371242,0.04
371243,0.16
371244,0.03
371255,0.12
371258,0.03
371259,0.14
371265,0.04
371274,0.05
371275,0.12
371288,0.08
371291,0.22
371295,0.26
371314,0.03
371322,0.12
371323,0.08
371328,0.05
371332,0.03
371333,0.15
371335,0.03
371342,0.12
371350,0.05
371357,0.06
371365,0.04
371383,0.21
371384,0.11
371385,0.14
371393,0.09
371394,0.12
371397,0.05
371417,0.07
371431,0.06
371433,0.14
371437,0.0
371439,0.27
371445,0.05
371452,0.09
371457,0.08
371469,0.05
371470,0.06
371477,0.06
371500,0.02
371504,0.1
371508,0.05
371514,0.03
371518,0.15
371520,0.18
371521,0.04
371522,0.01
371525,0.03
371530,0.04
371532,0.03
371548,0.13
371561,0.05
371566,0.24
371568,0.06
371571,0.03
371573,0.02
371577,0.15
371587,0.23
371592,0.06
371593,0.14
371595,0.37
371603,0.06
371614,0.0
371616,0.06
371619,0.14
371627,0.66
371641,0.05
371657,0.02
371664,0.06
371693,0.29
371698,0.03
371700,0.04
371707,0.05
371710,0.06
371715,0.12
371722,0.0
371731,0.0
371741,0.09
371744,0.11
371753,0.1
371755,0.02
371760,0.03
371773,0.09
371797,0.05
371807,0.11
371809,0.05
371811,0.04
371815,0.02
371822,0.18
371824,0.12
371828,0.03
371835,0.0
371837,0.0
371840,0.14
371849,0.07
371857,0.04
371860,0.21
371862,0.02
371875,0.02
371896,0.22
371898,0.1
371901,0.11
371903,0.03
371908,0.01
371910,0.07
371944,0.14
371947,0.03
371955,0.04
371963,0.03
371972,0.11
371973,0.09
371978,0.11
371980,0.0
371988,0.06
372020,0.12
372043,0.09
372060,0.05
372070,0.07
372082,0.06
372085,0.15
372090,0.01
372091,0.2
372112,0.06
372115,0.09
372132,0.03
372134,0.34
372136,0.03
372142,0.06
372145,0.06
372146,0.06
372159,0.01
372172,0.1
372179,0.22
372183,0.04
372184,0.01
372192,0.03
372234,0.08
372239,0.11
372244,0.01
372268,0.27
372287,0.02
372289,0.11
372292,0.06
372301,0.0
372315,0.07
372316,0.24
372328,0.11
372337,0.01
372347,0.26
372350,0.2
372381,0.0
372382,0.12
372384,0.05
372393,0.03
372398,0.18
372399,0.05
372400,0.2
372402,0.03
372410,0.07
372415,0.04
372425,0.06
372428,0.02
372430,0.04
372431,0.12
372449,0.02
372452,0.03
372453,0.02
372460,0.12
372463,0.48
372471,0.18
372484,0.13
372486,0.01
372489,0.06
372506,0.1
372513,0.04
372527,0.31
372568,0.21
372596,0.03
372606,0.03
372617,0.03
372618,0.07
372622,0.08
372624,0.1
372633,0.13
372637,0.1
372643,0.05
372644,0.06
372656,0.28
372662,0.04
372664,0.04
372666,0.03
372672,0.09
372674,0.18
372693,0.13
372704,0.1
372719,0.03
372727,0.13
372740,0.12
372745,0.03
372753,0.13
372762,0.01
372764,0.07
372771,0.09
372772,0.12
372789,0.06
372793,0.05
372799,0.03
372806,0.34
372809,0.14
372829,0.17
372848,0.05
372850,0.13
372853,0.08
372854,0.06
372858,0.1
372861,0.05
372863,0.11
372876,0.13
372878,0.07
372893,0.21
372894,0.02
372911,0.08
372912,0.15
372924,0.23
372942,0.05
372946,0.28
372955,0.05
372956,0.1
372957,0.12
372984,0.13
372993,0.04
372995,0.33
372997,0.15
373014,0.03
373018,0.13
373022,0.05
373023,0.05
373029,0.04
373063,0.02
373071,0.12
373075,0.21
373088,0.07
373089,0.02
373098,0.23
373101,0.12
373112,0.07
373114,0.02
373118,0.24
373120,0.28
373121,0.09
373122,0.03
373138,0.23
373145,0.07
373153,0.08
373154,0.31
373155,0.02
373159,0.11
373167,0.08
373190,0.05
373195,0.09
373202,0.01
373205,0.08
373209,0.01
373215,0.06
373222,0.13
373239,0.07
373240,0.14
373247,0.06
373251,0.04
373260,0.11
373284,0.07
373286,0.0
373292,0.11
373297,0.02
373299,0.32
373305,0.13
373307,0.15
373323,0.04
373327,0.13
373328,0.05
373363,0.06
373390,0.03
373396,0.03
373407,0.1
373413,0.12
373437,0.21
373445,0.05
373448,0.0
373458,0.08
373464,0.08
373472,0.3
373474,0.01
373475,0.06
373480,0.07
373484,0.12
373491,0.13
373493,0.12
373504,0.01
373537,0.2
373542,0.09
373545,0.22
373554,0.01
373559,0.23
373560,0.09
373562,0.13
373565,0.17
373573,0.02
373577,0.08
373591,0.2
373592,0.11
373596,0.01
373598,0.04
373600,0.01
373605,0.01
373607,0.05
373616,0.04
373618,0.04
373624,0.01
373630,0.12
373631,0.09
373634,0.1
373646,0.08
373651,0.11
373669,0.18
373682,0.03
373716,0.04
373751,0.29
373756,0.34
373757,0.06
373767,0.03
373778,0.1
373780,0.03
373781,0.08
373796,0.1
373801,0.08
373805,0.09
373811,0.03
373815,0.03
373820,0.1
373833,0.06
373839,0.17
373841,0.03
373871,0.05
373875,0.07
373893,0.02
373894,0.42
373898,0.06
373899,0.46
373908,0.21
373909,0.08
373911,0.05
373918,0.02
373927,0.11
373938,0.28
373943,0.09
373946,0.09
373948,0.22
373953,0.14
373956,0.31
373984,0.04
373985,0.08
373986,0.07
374002,0.02
374014,0.01
374015,0.06
374024,0.04
374029,0.18
374034,0.05
374039,0.01
374042,0.13
374048,0.1
374051,0.05
374054,0.09
374055,0.11
374061,0.07
374075,0.07
374087,0.02
374101,0.13
374103,0.14
374114,0.2
374116,0.2
374119,0.16
374121,0.22
374133,0.07
374134,0.0
374140,0.02
374141,0.12
374145,0.11
374155,0.09
374163,0.08
374169,0.06
374173,0.09
374188,0.17
374199,0.04
374200,0.11
374207,0.08
374225,0.1
374226,0.03
374227,0.14
374249,0.14
374254,0.11
374284,0.01
374293,0.09
374296,0.07
374297,0.03
374298,0.03
374307,0.13
374320,0.2
374322,0.13
374324,0.09
374328,0.05
374334,0.02
374341,0.05
374343,0.16
374346,0.02
374359,0.34
374374,0.04
374381,0.16
374400,0.06
374405,0.08
374409,0.15
374420,0.32
374442,0.1
374443,0.14
374445,0.04
374447,0.12
374452,0.18
374458,0.02
374485,0.05
374487,0.07
374496,0.01
374503,0.08
374518,0.02
374519,0.01
374532,0.05
374534,0.02
374536,0.03
374546,0.02
374559,0.01
374568,0.18
374573,0.05
374582,0.03
374585,0.03
374598,0.05
374606,0.07
374612,0.02
374617,0.04
374619,0.03
374626,0.04
374646,0.06
374653,0.05
374656,0.02
374664,0.02
374666,0.11
374677,0.12
374679,0.08
374682,0.04
374700,0.17
374703,0.08
374705,0.19
374720,0.17
374724,0.06
374731,0.0
374732,0.07
374734,0.1
374759,0.1
374770,0.18
374774,0.08
374777,0.28
374788,0.04
374796,0.28
374799,0.08
374813,0.21
374819,0.02
374826,0.29
374827,0.09
374832,0.1
374837,0.0
374844,0.28
374848,0.1
374853,0.09
374854,0.04
374856,0.13
374864,0.11
374868,0.0
374888,0.06
374891,0.01
374892,0.0
374896,0.08
374909,0.13
374911,0.02
374912,0.1
374913,0.33
374916,0.04
374917,0.06
374923,0.08
374933,0.11
374935,0.02
374940,0.12
374941,0.0
374943,0.13
374951,0.18
374967,0.11
374970,0.11
374990,0.19
374993,0.23
374994,0.17
375015,0.04
375017,0.13
375018,0.05
375021,0.11
375023,0.04
375030,0.11
375038,0.04
375040,0.04
375041,0.07
375052,0.01
375061,0.07
375064,0.02
375076,0.12
375086,0.2
375109,0.09
375118,0.17
375133,0.04
375140,0.14
375156,0.1
375168,0.03
375170,0.23
375182,0.03
375187,0.23
375188,0.07
375197,0.07
375201,0.03
375204,0.04
375216,0.24
375225,0.0
375231,0.01
375234,0.0
375241,0.03
375242,0.19
375244,0.02
375246,0.07
375257,0.1
375290,0.07
375292,0.06
375293,0.07
375295,0.08
375296,0.04
375300,0.06
375322,0.02
375332,0.06
375338,0.05
375342,0.05
375365,0.03
375367,0.06
375384,0.11
375418,0.02
375464,0.15
375477,0.05
375485,0.03
375496,0.07
375534,0.11
375544,0.12
375556,0.09
375588,0.01
375589,0.02
375594,0.14
375629,0.07
375649,0.14
375654,0.24
375696,0.1
375758,0.0
375795,0.33
375843,0.01
375844,0.01
375853,0.15
375878,0.08
375879,0.05
375883,0.16
375887,0.23
375929,0.1
375934,0.08
375936,0.16
375937,0.01
375948,0.06
375951,0.04
375953,0.18
375964,0.16
375969,0.09
375970,0.06
375973,0.34
375976,0.14
375997,0.01
376000,0.03
376011,0.04
376019,0.05
376035,0.1
376036,0.1
376041,0.14
376042,0.04
376045,0.0
376047,0.09
376060,0.01
376061,0.14
376067,0.16
376068,0.13
376070,0.06
376074,0.02
376075,0.07
376076,0.07
376078,0.03
376080,0.05
376081,0.03
376082,0.06
376083,0.2
376084,0.07
376086,0.0
376087,0.01
376088,0.11
376089,0.14
376090,0.19
376091,0.14
376092,0.1
376093,0.14
376094,0.22
376095,0.11
376096,0.36
376097,0.01
376098,0.13
376206,0.01
376209,0.1
376225,0.06
376239,0.01
376247,0.05
376248,0.02
376252,0.06
376257,0.07
376273,0.0
376274,0.04
376275,0.0
376279,0.02
376283,0.01
376284,0.03
376288,0.06
376289,0.04
376292,0.07
376298,0.09
376301,0.06
376311,0.03
376312,0.18
376313,0.06
376316,0.02
376317,0.06
376319,0.07
376320,0.33
376321,0.11
376322,0.06
376325,0.39
376326,0.17
376328,0.09
376329,0.01
376330,0.06
376332,0.04
376334,0.12
376335,0.11
376336,0.24
376337,0.15
376338,0.25
376339,0.07
376340,0.05
376341,0.14
376343,0.2
376344,0.1
376345,0.06
376346,0.21
376347,0.23
376348,0.03
376349,0.1
376350,0.02
376351,0.08
376352,0.02
376353,0.02
376354,0.03
376355,0.02
376356,0.07
376357,0.0
376360,0.05
376445,0.27
376447,0.05
376449,0.1
376470,0.05
376483,0.06
376484,0.06
376486,0.12
376487,0.02
376488,0.06
376491,0.27
376492,0.03
376494,0.12
376495,0.22
376496,0.03
376497,0.2
376498,0.05
376502,0.12
376503,0.07
376504,0.16
376506,0.05
376509,0.25
376515,0.03
376517,0.03
376518,0.34
376519,0.23
376520,0.02
376521,0.08
376522,0.03
376523,0.08
376524,0.02
376527,0.02
376530,0.02
376531,0.2
376532,0.17
376533,0.1
376534,0.03
376535,0.1
376537,0.09
376538,0.07
376539,0.07
376546,0.17
376594,0.04
376595,0.02
376614,0.05
376616,0.09
376617,0.04
376618,0.2
376619,0.06
376620,0.06
376627,0.07
376630,0.04
376631,0.12
376632,0.01
376633,0.2
376635,0.12
376636,0.1
376637,0.01
376639,0.32
376640,0.04
376642,0.05
376643,0.21
376644,0.09
376645,0.01
376646,0.07
376648,0.17
376650,0.03
376651,0.07
376652,0.07
376732,0.06
376733,0.13
376734,0.04
376756,0.06
376804,0.0
376856,0.2
376869,0.08
376893,0.01
377045,0.05
377088,0.04
377137,0.19
377138,0.02
377159,0.05
377176,0.11
377201,0.04
377226,0.16
377335,0.04
377358,0.32
377362,0.02
377363,0.0
377389,0.08
377426,0.13
377427,0.08
377429,0.0
377441,0.03
377449,0.2
377450,0.23
377458,0.05
377472,0.18
377541,0.23
377567,0.06
377573,0.0
377605,0.17
377611,0.12
377622,0.06
377631,0.0
377657,0.05
377681,0.01
377711,0.01
377717,0.2
377720,0.18
377721,0.13
377723,0.1
377727,0.06
377729,0.12
377733,0.03
377735,0.08
377736,0.04
377737,0.07
377738,0.03
377750,0.24
377751,0.06
377753,0.1
377754,0.29
377755,0.16
377756,0.12
377757,0.29
377758,0.06
377759,0.11
377760,0.04
377761,0.09
377762,0.02
377763,0.09
377764,0.03
377765,0.18
377766,0.13
377767,0.02
377768,0.09
377771,0.05
377772,0.02
377773,0.09
377774,0.11
377775,0.07
377776,0.0
377778,0.01
377779,0.06
377780,0.01
377781,0.12
377782,0.04
377783,0.02
377784,0.06
377785,0.01
377786,0.05
377862,0.15
377871,0.03
377930,0.04
377970,0.02
377987,0.03
377988,0.24
377990,0.09
377992,0.21
377995,0.09
378005,0.01
378006,0.02
378011,0.04
378018,0.01
378019,0.03
378023,0.09
378025,0.01
378026,0.06
378027,0.05
378031,0.01
378033,0.04
378034,0.08
378035,0.04
378040,0.16
378041,0.07
378042,0.01
378043,0.15
378044,0.03
378045,0.18
378046,0.07
378047,0.1
378048,0.06
378049,0.05
378051,0.06
378052,0.05
378053,0.04
378054,0.26
378055,0.01
378056,0.07
378057,0.05
378059,0.16
378060,0.08
378061,0.2
378062,0.15
378063,0.09
378065,0.1
378066,0.12
378067,0.07
378068,0.0
378069,0.03
378070,0.06
378096,0.05
378098,0.3
378104,0.02
378105,0.03
378106,0.1
378107,0.15
378108,0.04
378109,0.01
378110,0.07
378111,0.12
378112,0.04
378113,0.15
378114,0.19
378115,0.09
378116,0.12
378117,0.13
378119,0.04
378120,0.08
378121,0.15
378122,0.01
378123,0.09
378124,0.09
378136,0.1
378181,0.0
378184,0.06
378190,0.06
378263,0.05
378300,0.1
378304,0.26
378305,0.11
378311,0.06
378313,0.03
378314,0.14
378317,0.11
378320,0.15
378322,0.04
378325,0.27
378327,0.23
378328,0.17
378329,0.05
378330,0.01
378331,0.11
378334,0.02
378335,0.03
378336,0.03
378339,0.04
378340,0.18
378341,0.07
378342,0.11
378343,0.01
378344,0.07
378345,0.28
378346,0.01
378347,0.33
378348,0.12
378349,0.27
378350,0.3
378351,0.04
378352,0.01
378353,0.03
378354,0.17
378355,0.36
378356,0.22
378427,0.04
378434,0.06
378564,0.04
378671,0.2
378689,0.02
378710,0.31
378755,0.04
378887,0.1
378907,0.22
378924,0.08
378944,0.07
378945,0.05
378991,0.09
379009,0.01
379025,0.14
379046,0.14
379047,0.08
379048,0.03
379052,0.03
379065,0.07
379066,0.23
379076,0.05
379080,0.06
379085,0.24
379086,0.03
379087,0.14
379089,0.06
379094,0.02
379095,0.14
379101,0.03
379102,0.08
379103,0.04
379105,0.11
379108,0.06
379111,0.1
379112,0.09
379113,0.22
379114,0.03
379115,0.04
379116,0.01
379117,0.05
379118,0.03
379119,0.31
379120,0.09
379121,0.0
379123,0.07
379124,0.03
379126,0.11
379127,0.01
379128,0.03
379129,0.08
379131,0.2
379132,0.22
379133,0.1
379134,0.11
379178,0.04
379266,0.02
379268,0.11
379291,0.04
379296,0.01
379301,0.03
379313,0.07
379318,0.19
379319,0.24
379329,0.2
379336,0.18
379348,0.03
379356,0.01
379357,0.06
379363,0.28
379385,0.29
379408,0.04
379432,0.08
379437,0.07
379440,0.02
379456,0.08
379457,0.05
379463,0.26
379464,0.02
379467,0.39
379469,0.13
379470,0.0
379472,0.34
379473,0.03
379474,0.04
379475,0.05
379476,0.14
379481,0.22
379482,0.12
379483,0.04
379484,0.04
379485,0.45
379486,0.03
379487,0.02
379488,0.02
379490,0.1
379491,0.08
379492,0.08
379494,0.03
379495,0.0
379496,0.05
379497,0.02
379500,0.15
379501,0.06
379502,0.05
379503,0.05
379504,0.06
379505,0.07
379506,0.03
379507,0.0
379508,0.06
379509,0.4
379510,0.09
379512,0.02
379513,0.08
379514,0.46
379515,0.09
379516,0.05
379517,0.14
379518,0.1
379520,0.23
379627,0.14
379673,0.13
379674,0.02
379720,0.08
379726,0.05
379730,0.03
379746,0.15
379775,0.03
379776,0.03
379778,0.27
379841,0.01
379921,0.07
379951,0.09
380002,0.21
380003,0.26
380005,0.04
380006,0.06
380010,0.02
380012,0.06
380014,0.16
380015,0.19
380017,0.06
380018,0.12
380019,0.03
380020,0.08
380022,0.0
380023,0.09
380025,0.08
380026,0.13
380028,0.03
380030,0.07
380031,0.13
380032,0.07
380033,0.02
380034,0.07
380035,0.03
380037,0.07
380038,0.24
380039,0.26
380040,0.34
380064,0.22
380065,0.04
380121,0.1
380122,0.16
380130,0.13
380219,0.08
380228,0.2
380229,0.01
380366,0.0
380408,0.04
380414,0.02
380487,0.03
380488,0.02
380489,0.03
380494,0.0
380543,0.0
380553,0.06
380600,0.03
380625,0.11
380635,0.09
380643,0.18
380762,0.0
380773,0.1
380781,0.23
380785,0.11
380787,0.07
380788,0.07
380789,0.19
380797,0.03
380800,0.02
380802,0.02
380805,0.25
380806,0.05
380807,0.18
380811,0.11
380812,0.03
380815,0.05
380816,0.14
380817,0.09
380819,0.07
380823,0.01
380824,0.06
380825,0.2
380826,0.07
380827,0.1
380828,0.08
380830,0.03
380831,0.02
380832,0.04
380833,0.01
380834,0.07
380836,0.19
380837,0.07
380838,0.07
380839,0.0
380840,0.22
380841,0.09
380879,0.03
380901,0.04
380928,0.02
380956,0.04
380979,0.09
381037,0.02
381047,0.11
381074,0.05
381104,0.02
381121,0.21
381130,0.14
381133,0.05
381139,0.01
381141,0.23
381142,0.09
381145,0.02
381152,0.02
381153,0.12
381154,0.24
381156,0.06
381160,0.04
381164,0.17
381168,0.04
381171,0.08
381173,0.22
381174,0.13
381176,0.1
381178,0.24
381179,0.06
381182,0.11
381185,0.0
381187,0.05
381189,0.01
381190,0.11
381191,0.07
381192,0.12
381193,0.07
381194,0.01
381195,0.06
381198,0.04
381199,0.0
381200,0.09
381201,0.24
381202,0.03
381203,0.22
381204,0.15
381205,0.01
381259,0.02
381288,0.07
381289,0.04
381335,0.1
381344,0.06
381367,0.08
381376,0.0
381381,0.15
381397,0.05
381406,0.05
381412,0.05
381421,0.29
381424,0.02
381427,0.15
381428,0.15
381429,0.06
381430,0.1
381434,0.12
381435,0.05
381436,0.09
381437,0.03
381438,0.08
381439,0.04
381444,0.12
381446,0.04
381447,0.22
381449,0.38
381450,0.06
381453,0.08
381454,0.03
381455,0.16
381456,0.15
381457,0.09
381458,0.03
381459,0.2
381460,0.06
381461,0.06
381462,0.2
381463,0.03
381464,0.28
381465,0.0
381466,0.14
381467,0.27
381468,0.15
381469,0.24
381470,0.03
381471,0.23
381472,0.02
381473,0.04
381475,0.03
381476,0.02
381477,0.23
381478,0.03
381479,0.21
381480,0.19
381481,0.04
381482,0.01
381483,0.13
381495,0.08
381545,0.04
381580,0.03
381657,0.32
381674,0.12
381691,0.04
381697,0.02
381704,0.12
381711,0.2
381721,0.17
381728,0.13
381729,0.03
381734,0.01
381735,0.14
381736,0.1
381740,0.28
381742,0.27
381743,0.22
381744,0.01
381747,0.02
381748,0.28
381749,0.0
381750,0.11
381751,0.06
381752,0.11
381753,0.02
381754,0.12
381755,0.08
381756,0.13
381757,0.08
381758,0.06
381759,0.03
381760,0.2
381761,0.17
381762,0.07
381763,0.03
381764,0.15
381765,0.25
381766,0.07
381767,0.03
381768,0.11
381769,0.02
381770,0.02
381772,0.0
381774,0.02
381777,0.07
381861,0.03
381974,0.07
381991,0.01
382024,0.12
382051,0.07
382066,0.04
382067,0.06
382068,0.06
382107,0.09
382108,0.1
382111,0.02
382113,0.03
382114,0.07
382120,0.12
382121,0.09
382122,0.14
382124,0.07
382126,0.07
382131,0.05
382132,0.11
382135,0.1
382136,0.05
382137,0.02
382138,0.07
382140,0.13
382141,0.38
382142,0.12
382143,0.04
382144,0.09
382145,0.07
382146,0.17
382147,0.1
382149,0.1
382150,0.07
382152,0.08
382153,0.03
382164,0.33
382180,0.09
382239,0.13
382275,0.05
382297,0.02
382391,0.15
382392,0.21
382396,0.11
382424,0.01
382471,0.1
382493,0.02
382496,0.07
382504,0.03
382505,0.16
382513,0.01
382517,0.15
382521,0.14
382528,0.02
382530,0.14
382544,0.16
382603,0.48
382604,0.11
382642,0.11
382666,0.04
382699,0.06
382737,0.03
382792,0.26
382796,0.01
382807,0.01
382813,0.19
382817,0.32
382818,0.04
382826,0.04
382845,0.01
382846,0.05
382850,0.34
382851,0.2
382856,0.06
382858,0.03
382859,0.06
382862,0.03
382863,0.0
382865,0.09
382866,0.14
382868,0.11
382870,0.08
382871,0.11
382872,0.15
382873,0.1
382874,0.5
382875,0.01
382876,0.13
382877,0.09
382878,0.16
382879,0.09
382880,0.0
382882,0.11
382883,0.07
382884,0.02
382885,0.18
382886,0.05
382887,0.15
382989,0.04
383009,0.06
383039,0.18
383068,0.02
383072,0.02
383093,0.02
383099,0.2
383167,0.01
383168,0.11
383170,0.08
383171,0.29
383174,0.08
383175,0.02
383176,0.04
383178,0.0
383181,0.22
383182,0.13
383184,0.03
383186,0.08
383187,0.01
383189,0.02
383190,0.04
383191,0.1
383192,0.05
383194,0.0
383195,0.04
383196,0.01
383197,0.1
383198,0.04
383199,0.03
383200,0.07
383201,0.13
383202,0.14
383203,0.02
383204,0.04
383205,0.09
383206,0.09
383207,0.01
383208,0.04
383279,0.13
383335,0.09
383384,0.05
383394,0.0
383400,0.16
383401,0.02
383409,0.03
383410,0.01
383412,0.07
383414,0.02
383419,0.1
383422,0.06
383425,0.0
383426,0.06
383427,0.03
383428,0.05
383429,0.12
383430,0.18
383431,0.08
383433,0.32
383434,0.02
383435,0.06
383436,0.05
383437,0.07
383438,0.11
383439,0.04
383440,0.05
383441,0.04
383442,0.04
383443,0.01
383444,0.01
383445,0.01
383446,0.06
383447,0.12
383448,0.07
383449,0.0
383450,0.08
383451,0.08
383452,0.02
383453,0.07
383454,0.09
383533,0.02
383583,0.12
383608,0.07
383622,0.04
383673,0.23
383804,0.09
383806,0.11
383812,0.08
383814,0.08
383816,0.1
383825,0.12
383827,0.11
383833,0.1
383841,0.05
383842,0.11
383849,0.08
383859,0.03
383883,0.07
383891,0.14
383910,0.11
383925,0.06
383943,0.17
383946,0.18
383959,0.01
383960,0.02
383961,0.05
383962,0.02
383979,0.12
383985,0.1
383990,0.06
383999,0.06
384001,0.19
384003,0.02
384008,0.05
384019,0.13
384020,0.09
384065,0.15
384102,0.09
384154,0.02
384155,0.11
384171,0.05
384177,0.04
384183,0.07
384186,0.08
384198,0.19
384199,0.02
384201,0.19
384203,0.21
384204,0.14
384205,0.07
384207,0.04
384208,0.07
384209,0.24
384210,0.08
384211,0.05
384212,0.03
384215,0.15
384216,0.02
384220,0.17
384221,0.01
384226,0.04
384273,0.02
384287,0.1
384288,0.05
384332,0.27
384365,0.04
384380,0.12
384392,0.04
384412,0.08
384424,0.18
384428,0.07
384429,0.26
384430,0.03
384434,0.15
384480,0.08
384502,0.18
384503,0.06
384504,0.08
384505,0.07
384508,0.09
384519,0.01
384520,0.2
384524,0.02
384528,0.01
384532,0.09
384539,0.04
384542,0.14
384543,0.12
384544,0.04
384546,0.29
384547,0.03
384548,0.06
384549,0.03
384552,0.29
384554,0.03
384556,0.06
384557,0.06
384558,0.0
384559,0.05
384560,0.11
384561,0.49
384562,0.15
384563,0.09
384564,0.06
384565,0.08
384656,0.02
384657,0.02
384672,0.26
384679,0.09
384680,0.04
384689,0.02
384692,0.13
384695,0.15
384710,0.17
384712,0.01
384715,0.04
384735,0.06
384749,0.0
384751,0.03
384753,0.18
384757,0.05
384759,0.06
384761,0.01
384762,0.1
384765,0.23
384775,0.07
384782,0.13
384794,0.05
384798,0.01
384805,0.07
384807,0.09
384812,0.01
384821,0.06
384834,0.06
384847,0.05
384856,0.04
384857,0.03
384858,0.06
384859,0.06
384860,0.08
384861,0.26
384862,0.06
384863,0.09
384864,0.05
384865,0.06
384866,0.26
384867,0.14
384868,0.04
384869,0.1
384870,0.05
384871,0.17
384873,0.1
384874,0.25
384876,0.06
384877,0.0
384878,0.0
384880,0.01
384881,0.09
384882,0.18
384883,0.06
384884,0.1
384885,0.11
384886,0.05
384887,0.05
384969,0.03
385023,0.05
385049,0.14
385081,0.0
385091,0.08
385092,0.06
385093,0.06
385094,0.04
385106,0.15
385107,0.2
385110,0.09
385111,0.04
385113,0.0
385114,0.06
385115,0.21
385117,0.03
385119,0.04
385120,0.16
385121,0.41
385122,0.01
385123,0.01
385125,0.05
385126,0.03
385127,0.01
385128,0.06
385129,0.03
385130,0.02
385131,0.04
385132,0.09
385133,0.05
385134,0.25
385135,0.02
385136,0.1
385137,0.17
385138,0.0
385139,0.13
385140,0.35
385141,0.04
385142,0.0
385143,0.05
385144,0.09
385145,0.19
385146,0.02
385147,0.13
385149,0.05
385151,0.03
385152,0.06
385153,0.07
385197,0.03
385230,0.04
385231,0.15
385252,0.18
385299,0.12
385351,0.06
385376,0.12
385405,0.01
385452,0.14
385479,0.12
385510,0.1
385522,0.17
385524,0.06
385544,0.07
385563,0.1
385566,0.19
385571,0.04
385585,0.02
385586,0.02
385611,0.08
385621,0.0
385623,0.08
385628,0.22
385633,0.08
385634,0.03
385643,0.09
385650,0.05
385656,0.0
385666,0.06
385693,0.19
385705,0.06
385706,0.01
385835,0.0
385847,0.08
385867,0.24
385871,0.09
385872,0.03
385879,0.01
385883,0.01
385884,0.06
385885,0.01
385889,0.04
385893,0.09
385894,0.08
385898,0.17
385899,0.11
385902,0.05
385903,0.04
385904,0.03
385905,0.21
385906,0.04
385907,0.07
385908,0.2
385909,0.05
385910,0.02
385973,0.06
386003,0.25
386013,0.01
386023,0.02
386065,0.01
386072,0.13
386077,0.3
386135,0.02
386141,0.02
386178,0.22
386198,0.14
386200,0.2
386203,0.14
386223,0.03
386225,0.02
386245,0.01
386250,0.0
386253,0.04
386254,0.05
386255,0.07
386262,0.35
386263,0.01
386264,0.05
386267,0.08
386268,0.06
386276,0.17
386279,0.1
386281,0.08
386282,0.18
386283,0.08
386284,0.02
386285,0.06
386286,0.06
386287,0.16
386288,0.15
386289,0.22
386290,0.17
386292,0.06
386293,0.09
386294,0.01
386295,0.36
386296,0.34
386297,0.08
386299,0.04
386300,0.17
386301,0.02
386302,0.05
386303,0.09
386304,0.12
386305,0.19
386307,0.03
386308,0.12
386309,0.02
386310,0.01
386311,0.03
386347,0.06
386350,0.18
386352,0.04
386365,0.15
386378,0.1
386380,0.03
386399,0.03
386458,0.01
386523,0.09
386531,0.19
386545,0.14
386546,0.08
386547,0.02
386549,0.07
386550,0.02
386551,0.01
386552,0.01
386633,0.05
386647,0.04
386665,0.03
386767,0.14
386773,0.04
386774,0.02
386775,0.09
386777,0.01
386785,0.21
386791,0.12
386792,0.02
386795,0.03
386798,0.14
386803,0.04
386805,0.16
386806,0.05
386808,0.01
386811,0.01
386813,0.07
386814,0.12
386817,0.02
386819,0.04
386820,0.14
386821,0.14
386822,0.17
386824,0.04
386825,0.19
386826,0.04
386827,0.08
386828,0.29
386830,0.01
386831,0.11
386832,0.01
386833,0.18
386834,0.05
386835,0.02
386836,0.03
386837,0.08
386838,0.05
386839,0.29
386840,0.05
386841,0.26
386843,0.21
386844,0.15
386845,0.01
386847,0.04
386848,0.02
386849,0.07
386860,0.13
386938,0.01
386940,0.1
386989,0.06
387021,0.06
387193,0.17
387194,0.15
387286,0.06
387291,0.07
387292,0.12
387324,0.07
387325,0.15
387329,0.02
387331,0.06
387333,0.09
387337,0.23
387341,0.14
387342,0.11
387349,0.16
387350,0.11
387351,0.08
387352,0.17
387353,0.13
387355,0.14
387356,0.1
387357,0.03
387358,0.01
387360,0.08
387361,0.06
387362,0.1
387363,0.02
387364,0.04
387365,0.17
387366,0.03
387367,0.04
387368,0.06
387369,0.05
387370,0.03
387371,0.12
387372,0.04
387377,0.08
387378,0.11
387424,0.04
387440,0.04
387447,0.06
387489,0.09
387501,0.05
387526,0.12
387542,0.04
387543,0.18
387544,0.14
387565,0.03
387572,0.06
387577,0.13
387578,0.1
387583,0.0
387584,0.01
387588,0.12
387595,0.14
387596,0.13
387597,0.19
387598,0.04
387662,0.12
387687,0.21
387688,0.03
387689,0.01
387718,0.14
387730,0.02
387753,0.01
387807,0.25
387843,0.03
387848,0.12
387882,0.05
387884,0.05
387892,0.01
387896,0.08
387916,0.11
387920,0.08
387927,0.13
387928,0.06
387929,0.07
387932,0.09
387934,0.17
387937,0.03
387942,0.05
387947,0.1
387948,0.0
387952,0.24
387953,0.08
387954,0.03
387955,0.13
387956,0.24
387957,0.19
387958,0.28
387960,0.04
387961,0.04
387962,0.14
387963,0.15
387964,0.12
387965,0.06
387966,0.12
387967,0.03
387968,0.06
387969,0.0
387970,0.12
387971,0.03
387972,0.02
387973,0.09
388053,0.21
388056,0.07
388057,0.04
388078,0.24
388079,0.04
388127,0.07
388155,0.18
388159,0.04
388169,0.09
388170,0.0
388173,0.02
388174,0.02
388176,0.15
388179,0.13
388182,0.07
388183,0.06
388187,0.16
388189,0.05
388191,0.03
388193,0.09
388194,0.05
388195,0.08
388196,0.06
388198,0.03
388199,0.45
388201,0.03
388202,0.12
388203,0.16
388204,0.08
388206,0.13
388208,0.04
388209,0.02
388210,0.05
388211,0.02
388212,0.08
388213,0.01
388214,0.01
388215,0.09
388216,0.24
388217,0.06
388218,0.14
388219,0.0
388220,0.17
388221,0.05
388222,0.09
388223,0.1
388237,0.08
388238,0.03
388242,0.06
388243,0.01
388248,0.1
388249,0.14
388251,0.14
388253,0.1
388255,0.15
388256,0.04
388258,0.02
388259,0.08
388260,0.14
388262,0.32
388263,0.16
388264,0.05
388265,0.21
388266,0.04
388267,0.09
388269,0.44
388270,0.03
388271,0.05
388272,0.08
388273,0.12
388274,0.24
388275,0.18
388276,0.01
388397,0.15
388428,0.11
388429,0.13
388448,0.08
388449,0.05
388460,0.1
388463,0.21
388465,0.22
388505,0.21
388508,0.12
388511,0.02
388525,0.07
388554,0.04
388561,0.31
388566,0.02
388572,0.01
388574,0.06
388585,0.02
388589,0.03
388590,0.06
388594,0.09
388596,0.16
388616,0.26
388621,0.08
388622,0.11
388627,0.05
388633,0.01
388639,0.01
388647,0.05
388655,0.14
388665,0.05
388667,0.09
388668,0.05
388669,0.09
388679,0.05
388683,0.08
388687,0.01
388688,0.12
388700,0.26
388703,0.17
388704,0.22
388705,0.12
388707,0.02
388712,0.02
388729,0.0
388733,0.02
388748,0.1
388754,0.03
388763,0.12
388777,0.05
388790,0.07
388800,0.2
388801,0.02
388812,0.1
388816,0.2
388835,0.16
388837,0.03
388842,0.01
388847,0.03
388848,0.04
388849,0.15
388850,0.3
388859,0.15
388864,0.12
388865,0.19
388870,0.06
388872,0.02
388873,0.13
388879,0.02
388890,0.28
388898,0.03
388899,0.08
388900,0.03
388913,0.38
388919,0.05
388921,0.26
388929,0.02
388945,0.09
388962,0.1
388963,0.07
388985,0.02
388986,0.08
388992,0.14
388993,0.11
389002,0.06
389006,0.01
389009,0.03
389018,0.15
389048,0.08
389051,0.15
389068,0.08
389069,0.15
389070,0.05
389080,0.1
389085,0.02
389090,0.08
389094,0.11
389097,0.17
389098,0.04
389101,0.06
389104,0.1
389131,0.46
389133,0.29
389134,0.0
389143,0.08
389176,0.24
389181,0.06
389192,0.0
389202,0.02
389222,0.03
389225,0.08
389227,0.13
389239,0.08
389245,0.18
389248,0.01
389258,0.16
389266,0.11
389268,0.02
389277,0.15
389280,0.07
389300,0.04
389319,0.03
389330,0.03
389338,0.1
389356,0.08
389363,0.1
389371,0.05
389377,0.17
389398,0.04
389409,0.07
389415,0.03
389418,0.11
389420,0.07
389426,0.22
389433,0.17
389434,0.05
389440,0.12
389441,0.01
389443,0.16
389448,0.07
389464,0.09
389466,0.01
389471,0.15
389473,0.01
389480,0.04
389481,0.06
389483,0.13
389486,0.0
389490,0.13
389500,0.11
389507,0.11
389509,0.05
389515,0.36
389517,0.0
389523,0.04
389527,0.04
389529,0.24
389532,0.06
389539,0.11
389550,0.03
389551,0.13
389552,0.08
389554,0.18
389563,0.08
389566,0.08
389572,0.03
389573,0.13
389585,0.11
389587,0.01
389589,0.03
389592,0.03
389601,0.09
389603,0.01
389604,0.16
389617,0.05
389618,0.18
389619,0.04
389622,0.09
389623,0.08
389627,0.03
389644,0.44
389667,0.0
389678,0.18
389694,0.04
389700,0.2
389707,0.04
389714,0.0
389717,0.18
389732,0.07
389737,0.13
389741,0.09
389755,0.09
389756,0.12
389763,0.25
389772,0.32
389777,0.03
389778,0.03
389796,0.06
389798,0.02
389805,0.06
389807,0.1
389815,0.14
389818,0.03
389823,0.15
389824,0.07
389831,0.0
389856,0.13
389860,0.02
389862,0.24
389872,0.13
389875,0.06
389878,0.11
389879,0.1
389881,0.03
389895,0.01
389897,0.06
389898,0.01
389924,0.12
389929,0.01
389934,0.15
389947,0.14
389962,0.07
389981,0.0
390003,0.06
390006,0.22
390011,0.04
390041,0.06
390044,0.07
390045,0.16
390047,0.08
390048,0.14
390052,0.26
390056,0.13
390061,0.03
390065,0.08
390070,0.16
390073,0.23
390076,0.02
390087,0.08
390092,0.07
390095,0.02
390099,0.22
390107,0.17
390116,0.01
390130,0.09
390133,0.24
390144,0.13
390155,0.06
390159,0.09
390181,0.03
390183,0.01
390214,0.05
390222,0.12
390230,0.07
390235,0.13
390237,0.08
390242,0.29
390256,0.02
390259,0.17
390261,0.12
390268,0.06
390271,0.06
390274,0.1
390276,0.03
390279,0.03
390283,0.12
390285,0.07
390299,0.09
390316,0.02
390321,0.07
390330,0.1
390343,0.05
390346,0.17
390357,0.11
390359,0.15
390361,0.13
390365,0.08
390366,0.07
390372,0.14
390376,0.12
390378,0.23
390388,0.12
390391,0.03
390400,0.16
390407,0.19
390411,0.07
390419,0.05
390423,0.04
390437,0.06
390445,0.02
390449,0.0
390455,0.07
390465,0.09
390491,0.0
390492,0.11
390494,0.04
390495,0.01
390497,0.01
390504,0.17
390508,0.08
390510,0.14
390512,0.1
390524,0.07
390531,0.03
390558,0.15
390561,0.07
390564,0.02
390569,0.11
390574,0.08
390575,0.05
390587,0.15
390620,0.16
390621,0.03
390633,0.03
390634,0.08
390638,0.08
390639,0.1
390642,0.04
390647,0.2
390648,0.05
390663,0.06
390686,0.09
390688,0.1
390690,0.12
390691,0.07
390696,0.07
390703,0.06
390711,0.07
390722,0.03
390736,0.31
390747,0.2
390752,0.15
390760,0.03
390774,0.04
390777,0.09
390781,0.04
390793,0.16
390838,0.09
390847,0.11
390851,0.16
390854,0.05
390858,0.11
390864,0.05
390871,0.07
390905,0.12
390908,0.14
390910,0.01
390917,0.03
390919,0.01
390920,0.05
390922,0.04
390928,0.04
390929,0.09
390953,0.03
390955,0.04
390959,0.06
390962,0.08
390971,0.25
390972,0.07
390990,0.02
390994,0.04
390997,0.16
391015,0.02
391034,0.04
391038,0.07
391043,0.03
391048,0.0
391049,0.05
391056,0.06
391060,0.04
391072,0.15
391073,0.1
391077,0.05
391086,0.04
391092,0.08
391096,0.03
391118,0.04
391123,0.19
391136,0.06
391137,0.02
391145,0.03
391162,0.0
391164,0.19
391168,0.24
391172,0.01
391184,0.14
391188,0.04
391198,0.19
391207,0.07
391208,0.05
391209,0.18
391230,0.0
391232,0.02
391236,0.05
391237,0.17
391245,0.07
391269,0.09
391274,0.03
391275,0.14
391276,0.2
391279,0.03
391285,0.02
391306,0.01
391310,0.07
391321,0.02
391327,0.0
391341,0.34
391350,0.02
391353,0.01
391354,0.03
391357,0.06
391367,0.28
391371,0.08
391384,0.18
391387,0.01
391388,0.05
391392,0.05
391408,0.04
391433,0.03
391439,0.02
391443,0.1
391445,0.0
391449,0.08
391450,0.05
391461,0.28
391469,0.02
391486,0.04
391487,0.2
391500,0.08
391501,0.03
391505,0.02
391516,0.11
391517,0.08
391522,0.05
391539,0.24
391543,0.16
391546,0.11
391552,0.13
391555,0.12
391564,0.0
391565,0.21
391570,0.01
391586,0.05
391587,0.04
391588,0.04
391590,0.04
391613,0.17
391614,0.13
391617,0.02
391623,0.13
391635,0.1
391653,0.05
391661,0.02
391670,0.0
391682,0.02
391713,0.04
391717,0.14
391726,0.39
391738,0.1
391740,0.01
391741,0.03
391742,0.05
391756,0.0
391765,0.31
391766,0.04
391768,0.02
391771,0.04
391784,0.09
391786,0.34
391791,0.06
391798,0.05
391820,0.29
391831,0.04
391842,0.05
391843,0.03
391853,0.01
391858,0.12
391866,0.52
391867,0.01
391870,0.18
391879,0.11
391903,0.11
391915,0.05
391920,0.0
391929,0.07
391935,0.03
391944,0.0
391945,0.25
391947,0.35
391957,0.06
391960,0.1
391966,0.01
391977,0.02
391983,0.13
391990,0.11
391999,0.1
392010,0.02
392011,0.05
392012,0.01
392013,0.03
392015,0.05
392027,0.1
392029,0.1
392031,0.06
392035,0.0
392042,0.03
392049,0.14
392050,0.05
392062,0.04
392068,0.1
392071,0.0
392079,0.06
392087,0.03
392106,0.2
392111,0.03
392123,0.16
392127,0.25
392132,0.22
392149,0.08
392151,0.08
392175,0.1
392186,0.17
392190,0.14
392196,0.15
392202,0.17
392212,0.09
392221,0.11
392224,0.18
392230,0.06
392232,0.1
392234,0.42
392239,0.15
392240,0.14
392241,0.0
392243,0.19
392250,0.06
392253,0.05
392258,0.06
392260,0.15
392270,0.15
392280,0.06
392283,0.03
392293,0.1
392311,0.06
392316,0.03
392317,0.09
392319,0.11
392328,0.1
392363,0.06
392369,0.1
392371,0.08
392372,0.1
392386,0.07
392389,0.15
392390,0.12
392391,0.2
392398,0.04
392399,0.08
392404,0.15
392405,0.02
392408,0.19
392422,0.11
392423,0.0
392424,0.13
392429,0.11
392430,0.1
392431,0.17
392437,0.0
392450,0.0
392458,0.01
392460,0.05
392469,0.21
392474,0.2
392491,0.21
392495,0.05
392513,0.27
392526,0.06
392527,0.2
392534,0.03
392540,0.14
392554,0.14
392571,0.05
392578,0.08
392583,0.04
392588,0.1
392594,0.02
392604,0.03
392610,0.13
392613,0.07
392619,0.07
392622,0.38
392624,0.02
392629,0.35
392634,0.01
392639,0.09
392649,0.16
392671,0.29
392680,0.26
392682,0.03
392684,0.04
392685,0.15
392686,0.26
392699,0.0
392704,0.01
392709,0.07
392714,0.45
392717,0.13
392727,0.1
392730,0.03
392741,0.02
392754,0.0
392762,0.05
392774,0.12
392775,0.05
392793,0.07
392800,0.11
392809,0.12
392812,0.05
392814,0.08
392820,0.19
392825,0.0
392847,0.08
392849,0.19
392861,0.34
392868,0.2
392880,0.19
392882,0.12
392888,0.08
392905,0.02
392909,0.36
392915,0.09
392925,0.06
392931,0.1
392933,0.06
392935,0.12
392939,0.07
392951,0.05
392960,0.03
392962,0.14
392964,0.04
392970,0.01
392980,0.04
392981,0.06
392985,0.03
392990,0.03
392992,0.2
392998,0.02
392999,0.17
393007,0.02
393009,0.1
393012,0.17
393014,0.02
393015,0.05
393035,0.14
393055,0.07
393056,0.13
393075,0.08
393078,0.07
393094,0.06
393111,0.06
393115,0.04
393117,0.08
393118,0.04
393128,0.08
393129,0.1
393136,0.0
393138,0.05
393139,0.15
393156,0.04
393159,0.12
393168,0.03
393172,0.12
393177,0.14
393189,0.04
393194,0.21
393201,0.04
393202,0.02
393209,0.02
393216,0.24
393218,0.24
393224,0.01
393227,0.04
393232,0.06
393256,0.04
393257,0.04
393258,0.33
393267,0.06
393269,0.02
393275,0.19
393278,0.0
393279,0.32
393312,0.1
393318,0.06
393343,0.02
393351,0.12
393356,0.02
393361,0.13
393370,0.18
393381,0.05
393395,0.04
393405,0.06
393416,0.14
393419,0.05
393430,0.03
393443,0.09
393454,0.29
393478,0.02
393489,0.0
393499,0.05
393503,0.06
393505,0.06
393507,0.04
393526,0.04
393537,0.11
393543,0.02
393555,0.03
393562,0.05
393573,0.25
393587,0.07
393591,0.03
393606,0.07
393621,0.06
393624,0.03
393625,0.26
393628,0.08
393633,0.23
393641,0.1
393642,0.15
393650,0.16
393658,0.17
393669,0.06
393671,0.05
393672,0.02
393680,0.05
393683,0.11
393684,0.0
393691,0.16
393696,0.05
393699,0.03
393708,0.03
393709,0.13
393711,0.14
393720,0.12
393738,0.01
393740,0.03
393762,0.03
393774,0.02
393776,0.05
393778,0.14
393793,0.02
393804,0.05
393818,0.13
393821,0.12
393822,0.04
393833,0.18
393839,0.05
393840,0.1
393843,0.09
393852,0.02
393855,0.01
393860,0.09
393864,0.05
393877,0.04
393882,0.09
393884,0.06
393886,0.11
393892,0.04
393894,0.02
393902,0.02
393909,0.05
393910,0.03
393911,0.01
393934,0.05
393936,0.23
393939,0.22
393940,0.04
393943,0.01
393946,0.18
393950,0.03
393953,0.09
393959,0.26
393974,0.18
393980,0.24
393983,0.05
393985,0.04
393992,0.01
393995,0.06
394008,0.1
394010,0.12
394022,0.06
394062,0.04
394063,0.01
394066,0.06
394069,0.05
394071,0.07
394082,0.05
394087,0.02
394095,0.03
394097,0.25
394106,0.09
394113,0.39
394115,0.16
394125,0.02
394131,0.03
394132,0.03
394141,0.15
394145,0.16
394153,0.26
394159,0.11
394180,0.13
394186,0.0
394200,0.11
394203,0.03
394210,0.01
394214,0.12
394218,0.09
394231,0.1
394240,0.04
394248,0.13
394249,0.09
394254,0.05
394264,0.17
394267,0.02
394269,0.23
394275,0.15
394289,0.01
394295,0.05
394305,0.1
394308,0.1
394317,0.0
394323,0.13
394332,0.04
394336,0.03
394345,0.24
394346,0.07
394347,0.07
394351,0.02
394355,0.16
394360,0.01
394372,0.13
394373,0.14
394374,0.04
394382,0.1
394385,0.03
394409,0.14
394415,0.07
394433,0.08
394445,0.06
394448,0.06
394451,0.07
394467,0.08
394471,0.06
394473,0.07
394474,0.08
394476,0.11
394492,0.02
394502,0.05
394506,0.22
394510,0.05
394515,0.0
394535,0.07
394537,0.3
394539,0.09
394541,0.02
394564,0.12
394567,0.13
394568,0.02
394571,0.31
394576,0.03
394579,0.55
394585,0.02
394588,0.01
394606,0.13
394623,0.02
394632,0.09
394635,0.15
394642,0.09
394653,0.05
394689,0.08
394695,0.07
394699,0.11
394706,0.2
394712,0.22
394721,0.36
394722,0.2
394739,0.03
394742,0.17
394761,0.2
394775,0.06
394777,0.21
394783,0.18
394800,0.14
394803,0.01
394804,0.3
394815,0.05
394835,0.19
394843,0.25
394845,0.25
394847,0.04
394848,0.13
394850,0.07
394857,0.04
394873,0.26
394892,0.03
394898,0.07
394904,0.12
394918,0.2
394920,0.18
394926,0.04
394927,0.03
394940,0.05
394942,0.02
394943,0.11
394959,0.15
394977,0.2
394991,0.19
395014,0.26
395027,0.03
395042,0.35
395062,0.18
395063,0.24
395064,0.07
395076,0.03
395085,0.14
395095,0.05
395100,0.07
395105,0.05
395108,0.08
395110,0.11
395114,0.24
395123,0.19
395131,0.14
395144,0.07
395152,0.2
395159,0.03
395166,0.03
395197,0.04
395210,0.04
395212,0.09
395216,0.07
395218,0.2
395224,0.06
395225,0.17
395233,0.03
395237,0.08
395246,0.18
395248,0.13
395262,0.06
395271,0.05
395275,0.02
395286,0.09
395316,0.16
395318,0.29
395328,0.13
395334,0.06
395337,0.1
395338,0.14
395346,0.12
395365,0.05
395373,0.15
395383,0.27
395387,0.07
395391,0.02
395401,0.09
395432,0.0
395443,0.05
395447,0.09
395448,0.14
395450,0.03
395456,0.03
395459,0.13
395462,0.17
395488,0.18
395492,0.0
395495,0.05
395504,0.08
395507,0.11
395508,0.1
395509,0.0
395513,0.05
395515,0.09
395517,0.27
395520,0.18
395524,0.07
395525,0.07
395533,0.11
395538,0.04
395545,0.04
395553,0.17
395576,0.22
395585,0.07
395590,0.05
395593,0.06
395595,0.06
395603,0.05
395604,0.02
395611,0.1
395612,0.0
395617,0.02
395624,0.02
395653,0.3
395665,0.01
395668,0.12
395672,0.13
395677,0.07
395692,0.02
395693,0.15
395694,0.09
395696,0.27
395699,0.03
395703,0.01
395712,0.03
395731,0.07
395732,0.05
395735,0.09
395736,0.08
395744,0.18
395763,0.03
395771,0.02
395774,0.04
395784,0.04
395790,0.04
395792,0.24
395796,0.06
395808,0.08
395810,0.08
395814,0.2
395831,0.05
395836,0.02
395837,0.0
395852,0.03
395854,0.01
395856,0.13
395857,0.19
395860,0.03
395862,0.03
395875,0.06
395880,0.0
395893,0.19
395900,0.03
395908,0.06
395921,0.33
395922,0.0
395926,0.09
395933,0.01
395936,0.02
395940,0.03
395951,0.09
395964,0.0
395969,0.01
395971,0.07
395973,0.01
395975,0.25
395984,0.11
395993,0.03
396012,0.12
396033,0.22
396035,0.02
396036,0.06
396041,0.06
396048,0.08
396049,0.14
396057,0.02
396060,0.08
396063,0.02
396078,0.07
396085,0.1
396087,0.07
396094,0.11
396104,0.03
396110,0.11
396123,0.15
396139,0.02
396160,0.02
396165,0.05
396169,0.08
396182,0.01
396200,0.34
396201,0.08
396202,0.0
396216,0.09
396227,0.1
396236,0.02
396240,0.23
396249,0.01
396252,0.03
396253,0.15
396276,0.03
396297,0.01
396301,0.01
396310,0.03
396327,0.08
396330,0.05
396331,0.03
396334,0.04
396337,0.1
396343,0.02
396346,0.02
396350,0.18
396368,0.08
396375,0.22
396378,0.06
396380,0.2
396393,0.04
396397,0.15
396403,0.04
396404,0.27
396408,0.04
396414,0.08
396418,0.15
396420,0.04
396426,0.07
396428,0.06
396434,0.12
396435,0.12
396437,0.03
396442,0.05
396444,0.03
396449,0.02
396453,0.16
396464,0.06
396474,0.05
396483,0.0
396496,0.19
396501,0.1
396505,0.03
396506,0.04
396512,0.01
396513,0.19
396518,0.13
396530,0.11
396542,0.19
396549,0.02
396553,0.02
396555,0.14
396557,0.12
396562,0.22
396566,0.08
396588,0.13
396589,0.1
396590,0.21
396597,0.08
396602,0.05
396609,0.38
396614,0.22
396617,0.09
396620,0.07
396625,0.27
396638,0.1
396640,0.14
396646,0.04
396648,0.05
396653,0.09
396663,0.12
396668,0.1
396670,0.07
396678,0.07
396681,0.03
396698,0.0
396699,0.11
396710,0.02
396713,0.16
396729,0.12
396732,0.06
396735,0.2
396752,0.15
396754,0.13
396761,0.02
396769,0.09
396777,0.02
396789,0.23
396790,0.02
396792,0.05
396824,0.03
396829,0.05
396830,0.03
396844,0.15
396849,0.0
396855,0.33
396864,0.12
396865,0.13
396866,0.06
396883,0.05
396889,0.09
396893,0.11
396900,0.06
396904,0.1
396912,0.04
396916,0.0
396922,0.05
396926,0.05
396928,0.04
396931,0.22
396944,0.12
396949,0.08
396952,0.12
396979,0.28
396984,0.02
396986,0.01
396992,0.02
396995,0.43
397014,0.03
397025,0.02
397046,0.24
397047,0.07
397051,0.02
397052,0.12
397058,0.04
397071,0.02
397081,0.01
397084,0.04
397086,0.04
397088,0.06
397090,0.34
397093,0.2
397106,0.05
397109,0.27
397110,0.2
397118,0.05
397119,0.11
397120,0.03
397127,0.05
397128,0.04
397129,0.1
397132,0.1
397138,0.01
397139,0.15
397146,0.18
397148,0.18
397149,0.25
397166,0.03
397167,0.15
397168,0.04
397171,0.02
397178,0.03
397185,0.03
397191,0.07
397195,0.05
397197,0.08
397198,0.03
397211,0.08
397213,0.08
397216,0.07
397219,0.14
397226,0.04
397241,0.23
397249,0.05
397261,0.05
397265,0.0
397281,0.03
397304,0.05
397306,0.07
397325,0.04
397327,0.05
397345,0.33
397360,0.05
397378,0.03
397383,0.04
397384,0.07
397399,0.06
397415,0.0
397433,0.01
397444,0.3
397452,0.23
397458,0.04
397460,0.11
397462,0.07
397464,0.06
397466,0.38
397472,0.03
397474,0.02
397476,0.11
397482,0.17
397492,0.11
397494,0.01
397501,0.19
397507,0.13
397512,0.08
397513,0.13
397517,0.02
397533,0.08
397549,0.21
397560,0.2
397562,0.02
397570,0.34
397575,0.04
397584,0.1
397585,0.04
397593,0.05
397609,0.17
397615,0.05
397630,0.21
397631,0.02
397633,0.1
397641,0.08
397664,0.03
397668,0.01
397674,0.07
397679,0.06
397681,0.1
397694,0.03
397695,0.23
397707,0.3
397713,0.01
397714,0.1
397715,0.02
397724,0.04
397726,0.27
397729,0.09
397739,0.03
397741,0.03
397759,0.16
397761,0.04
397767,0.08
397776,0.14
397782,0.26
397785,0.04
397789,0.03
397793,0.11
397794,0.17
397804,0.02
397815,0.11
397816,0.07
397825,0.15
397857,0.19
397861,0.1
397890,0.13
397891,0.21
397900,0.12
397903,0.11
397911,0.01
397925,0.08
397928,0.03
397954,0.03
397955,0.01
397962,0.16
397971,0.06
397975,0.11
397984,0.13
397989,0.0
397993,0.04
398004,0.02
398032,0.29
398038,0.04
398043,0.02
398046,0.09
398051,0.24
398061,0.05
398082,0.08
398086,0.03
398087,0.07
398088,0.05
398093,0.03
398103,0.01
398106,0.1
398109,0.17
398110,0.01
398113,0.04
398116,0.05
398132,0.08
398135,0.2
398138,0.03
398159,0.04
398163,0.24
398165,0.06
398166,0.07
398173,0.03
398179,0.13
398181,0.08
398189,0.07
398196,0.1
398206,0.14
398208,0.09
398220,0.08
398231,0.02
398234,0.15
398239,0.12
398254,0.08
398260,0.03
398261,0.0
398269,0.37
398274,0.09
398279,0.06
398280,0.06
398292,0.22
398293,0.16
398295,0.09
398329,0.04
398337,0.0
398344,0.07
398347,0.03
398348,0.56
398352,0.01
398355,0.09
398360,0.1
398363,0.08
398368,0.08
398373,0.16
398377,0.01
398384,0.07
398389,0.04
398394,0.22
398397,0.02
398400,0.02
398409,0.08
398429,0.01
398432,0.02
398444,0.41
398446,0.33
398456,0.04
398461,0.03
398473,0.12
398480,0.04
398481,0.1
398485,0.15
398488,0.1
398500,0.26
398520,0.15
398524,0.03
398534,0.03
398554,0.04
398572,0.07
398580,0.07
398586,0.01
398592,0.16
398606,0.08
398619,0.12
398621,0.08
398625,0.07
398645,0.13
398652,0.24
398656,0.0
398661,0.01
398667,0.06
398669,0.03
398676,0.02
398690,0.05
398699,0.09
398715,0.02
398718,0.01
398721,0.01
398729,0.02
398737,0.04
398738,0.0
398752,0.11
398757,0.12
398759,0.04
398764,0.13
398771,0.07
398773,0.08
398775,0.07
398779,0.09
398791,0.2
398807,0.11
398811,0.05
398814,0.11
398817,0.03
398829,0.03
398830,0.03
398838,0.07
398839,0.15
398841,0.1
398850,0.01
398852,0.05
398858,0.15
398859,0.17
398862,0.18
398870,0.18
398875,0.13
398902,0.0
398910,0.0
398919,0.14
398929,0.06
398935,0.27
398940,0.05
398953,0.11
398956,0.1
398963,0.07
398966,0.13
398967,0.09
398968,0.04
398974,0.04
398976,0.02
398982,0.03
398993,0.03
399011,0.12
399016,0.14
399017,0.04
399020,0.1
399047,0.14
399053,0.42
399056,0.05
399061,0.07
399066,0.09
399074,0.03
399086,0.02
399088,0.12
399091,0.12
399092,0.15
399093,0.15
399100,0.01
399124,0.03
399131,0.19
399142,0.04
399149,0.02
399158,0.23
399160,0.05
399167,0.01
399169,0.06
399171,0.02
399174,0.02
399178,0.31
399179,0.33
399184,0.04
399185,0.0
399186,0.13
399191,0.0
399192,0.04
399195,0.3
399212,0.19
399221,0.13
399223,0.24
399230,0.15
399246,0.1
399260,0.07
399261,0.17
399266,0.05
399289,0.08
399293,0.03
399299,0.08
399306,0.01
399321,0.01
399328,0.04
399344,0.0
399352,0.05
399358,0.04
399374,0.17
399382,0.28
399385,0.09
399388,0.0
399399,0.02
399410,0.07
399417,0.01
399423,0.06
399427,0.03
399429,0.13
399435,0.12
399439,0.03
399451,0.07
399454,0.07
399458,0.1
399468,0.01
399477,0.13
399483,0.14
399493,0.13
399494,0.05
399499,0.08
399503,0.08
399510,0.06
399511,0.02
399525,0.03
399528,0.06
399533,0.06
399538,0.07
399551,0.04
399568,0.09
399571,0.01
399585,0.01
399589,0.02
399595,0.0
399598,0.03
399605,0.04
399616,0.18
399617,0.02
399622,0.1
399627,0.2
399635,0.09
399639,0.25
399641,0.01
399643,0.12
399659,0.05
399667,0.05
399683,0.09
399702,0.1
399706,0.21
399720,0.04
399727,0.12
399730,0.26
399734,0.05
399751,0.03
399754,0.1
399759,0.11
399768,0.1
399770,0.12
399781,0.21
399786,0.13
399799,0.06
399811,0.03
399813,0.0
399820,0.1
399832,0.1
399851,0.17
399853,0.09
399855,0.04
399860,0.1
399876,0.24
399877,0.05
399881,0.01
399882,0.11
399903,0.09
399906,0.11
399912,0.2
399915,0.08
399921,0.03
399935,0.12
399936,0.08
399938,0.03
399939,0.08
399940,0.03
399949,0.03
399953,0.05
399959,0.17
399968,0.01
399969,0.05
399972,0.05
399974,0.05
399976,0.04
399979,0.01
399988,0.05
399994,0.25
399996,0.22
399997,0.18
400000,0.12
400004,0.02
400011,0.05
400014,0.14
400015,0.06
400017,0.03
400046,0.06
400063,0.25
400065,0.07
400069,0.05
400075,0.01
400088,0.04
400091,0.01
400105,0.02
400108,0.14
400113,0.06
400119,0.09
400123,0.09
400127,0.0
400136,0.02
400137,0.13
400138,0.17
400158,0.11
400172,0.1
400174,0.08
400224,0.07
400229,0.17
400236,0.27
400240,0.04
400249,0.04
400258,0.12
400268,0.14
400272,0.04
400284,0.09
400292,0.03
400295,0.08
400308,0.12
400314,0.03
400315,0.03
400331,0.34
400332,0.09
400339,0.02
400342,0.06
400361,0.03
400363,0.08
400365,0.06
400374,0.05
400379,0.04
400382,0.04
400416,0.15
400422,0.11
400436,0.11
400460,0.15
400462,0.24
400468,0.06
400482,0.05
400489,0.03
400490,0.18
400501,0.05
400519,0.06
400525,0.23
400526,0.07
400529,0.19
400540,0.07
400543,0.26
400545,0.06
400556,0.14
400572,0.13
400584,0.02
400589,0.14
400593,0.19
400597,0.14
400616,0.13
400642,0.26
400643,0.04
400649,0.02
400672,0.19
400685,0.0
400693,0.15
400695,0.23
400701,0.02
400720,0.06
400741,0.08
400745,0.06
400750,0.1
400779,0.2
400784,0.04
400792,0.15
400800,0.06
400811,0.07
400813,0.35
400820,0.03
400830,0.03
400833,0.03
400834,0.06
400841,0.04
400855,0.17
400856,0.05
400860,0.0
400866,0.03
400869,0.14
400870,0.14
400880,0.14
400882,0.03
400915,0.05
400921,0.15
400923,0.05
400925,0.01
400936,0.08
400943,0.22
400962,0.02
400963,0.05
400967,0.02
400970,0.12
400975,0.01
400981,0.32
400983,0.1
400987,0.02
400988,0.0
400994,0.02
400998,0.24
401002,0.13
401003,0.21
401005,0.03
401007,0.09
401022,0.2
401029,0.14
401035,0.04
401036,0.32
401040,0.01
401045,0.06
401053,0.07
401065,0.01
401067,0.05
401069,0.05
401073,0.15
401074,0.14
401078,0.1
401082,0.31
401086,0.06
401092,0.04
401097,0.18
401098,0.01
401099,0.04
401100,0.15
401107,0.06
401119,0.19
401120,0.0
401137,0.08
401142,0.13
401162,0.01
401163,0.06
401172,0.21
401179,0.25
401182,0.05
401184,0.14
401190,0.05
401207,0.01
401210,0.0
401220,0.04
401225,0.08
401230,0.01
401240,0.03
401246,0.06
401256,0.12
401273,0.06
401274,0.11
401287,0.04
401292,0.02
401305,0.07
401310,0.01
401311,0.1
401321,0.06
401332,0.07
401338,0.04
401345,0.18
401368,0.1
401375,0.57
401378,0.09
401379,0.01
401395,0.13
401403,0.05
401406,0.06
401415,0.03
401424,0.09
401425,0.04
401428,0.13
401430,0.03
401436,0.04
401440,0.08
401443,0.02
401447,0.02
401448,0.03
401450,0.01
401459,0.02
401462,0.02
401470,0.25
401479,0.14
401481,0.0
401486,0.1
401496,0.02
401497,0.2
401502,0.03
401508,0.05
401513,0.08
401517,0.41
401519,0.07
401533,0.22
401536,0.17
401547,0.07
401581,0.12
401582,0.06
401586,0.01
401593,0.34
401603,0.02
401621,0.06
401625,0.09
401635,0.31
401646,0.07
401649,0.03
401660,0.06
401668,0.18
401686,0.02
401706,0.14
401712,0.04
401721,0.01
401725,0.28
401730,0.27
401741,0.02
401743,0.01
401748,0.03
401751,0.01
401770,0.1
401791,0.07
401792,0.0
401808,0.16
401816,0.04
401820,0.13
401821,0.07
401828,0.04
401830,0.27
401832,0.03
401839,0.05
401852,0.02
401868,0.06
401876,0.08
401879,0.18
401882,0.03
401894,0.03
401899,0.19
401901,0.18
401913,0.07
401919,0.02
401920,0.05
401923,0.04
401924,0.25
401932,0.19
401942,0.08
401949,0.03
401950,0.16
401951,0.03
401952,0.06
401971,0.2
401972,0.03
401973,0.05
401974,0.05
401983,0.13
401984,0.03
401988,0.04
401989,0.06
401990,0.01
402024,0.04
402029,0.04
402030,0.37
402041,0.09
402042,0.15
402043,0.07
402052,0.18
402053,0.0
402054,0.0
402057,0.08
402067,0.11
402068,0.04
402069,0.13
402070,0.1
402071,0.04
402073,0.01
402074,0.03
402075,0.12
402076,0.04
402077,0.05
402078,0.25
402079,0.11
402080,0.13
402081,0.03
402082,0.04
402089,0.1
402090,0.21
402091,0.11
402092,0.1
402094,0.05
402095,0.07
402096,0.01
402109,0.11
402151,0.05
402152,0.04
402153,0.04
402155,0.03
402201,0.15
402210,0.12
402212,0.11
402218,0.04
402227,0.01
402234,0.15
402236,0.05
402242,0.14
402243,0.08
402244,0.24
402245,0.02
402250,0.07
402251,0.03
402254,0.26
402255,0.13
402256,0.07
402257,0.25
402258,0.28
402259,0.13
402260,0.03
402261,0.27
402262,0.04
402263,0.09
402264,0.02
402265,0.04
402266,0.24
402267,0.07
402268,0.02
402270,0.02
402271,0.02
402272,0.11
402273,0.07
402274,0.03
402275,0.05
402276,0.0
402277,0.09
402278,0.02
402279,0.27
402280,0.01
402362,0.1
402363,0.08
402364,0.12
402370,0.06
402376,0.01
402381,0.17
402384,0.05
402389,0.03
402414,0.06
402416,0.02
402417,0.02
402420,0.08
402426,0.07
402436,0.34
402444,0.03
402447,0.02
402449,0.05
402454,0.15
402458,0.2
402460,0.08
402466,0.02
402475,0.05
402498,0.25
402502,0.08
402505,0.26
402509,0.05
402513,0.07
402517,0.02
402519,0.2
402522,0.09
402523,0.02
402525,0.04
402528,0.2
402534,0.3
402536,0.09
402542,0.03
402548,0.25
402552,0.05
402559,0.06
402563,0.04
402568,0.03
402573,0.07
402574,0.02
402575,0.2
402577,0.07
402602,0.02
402603,0.13
402604,0.06
402614,0.1
402615,0.07
402616,0.04
402617,0.12
402618,0.16
402619,0.09
402639,0.19
402640,0.03
402641,0.32
402642,0.01
402643,0.02
402644,0.1
402645,0.04
402649,0.02
402650,0.22
402653,0.08
402654,0.03
402655,0.15
402656,0.18
402657,0.04
402658,0.02
402659,0.03
402662,0.04
402696,0.02
402705,0.07
402707,0.22
402708,0.11
402709,0.08
402729,0.04
402730,0.09
402732,0.05
402739,0.05
402740,0.09
402741,0.07
402744,0.31
402745,0.36
402746,0.02
402772,0.19
402773,0.2
402774,0.02
402780,0.1
402781,0.07
402782,0.21
402790,0.15
402803,0.12
402808,0.19
402809,0.01
402810,0.17
402811,0.1
402815,0.11
402820,0.06
402821,0.14
402822,0.06
402824,0.02
402825,0.03
402870,0.02
402875,0.0
402924,0.08
402925,0.05
402926,0.03
402927,0.02
402928,0.06
402929,0.07
402930,0.09
402931,0.0
402932,0.03
402933,0.13
402940,0.07
402953,0.01
402954,0.08
402955,0.17
402956,0.18
402957,0.1
402970,0.01
402973,0.13
402974,0.0
402975,0.08
402976,0.14
402977,0.08
402978,0.04
402979,0.21
402980,0.26
402981,0.07
402982,0.08
402993,0.21
402994,0.12
403099,0.07
403137,0.03
403138,0.15
403165,0.04
403192,0.18
403214,0.07
403223,0.03
403238,0.04
403244,0.09
403246,0.2
403252,0.18
403254,0.04
403255,0.01
403259,0.09
403262,0.03
403277,0.08
403280,0.14
403281,0.07
403287,0.01
403315,0.08
403318,0.07
403319,0.04
403327,0.04
403331,0.04
403342,0.27
403349,0.06
403353,0.04
403364,0.12
403369,0.07
403373,0.2
403376,0.04
403378,0.03
403384,0.37
403385,0.04
403386,0.03
403388,0.07
403396,0.06
403398,0.04
403404,0.08
403410,0.2
403414,0.1
403417,0.17
403422,0.05
403424,0.07
403438,0.03
403451,0.07
403452,0.1
403453,0.06
403454,0.12
403455,0.1
403464,0.04
403465,0.14
403466,0.09
403500,0.06
403501,0.02
403524,0.26
403525,0.25
403526,0.01
403527,0.13
403542,0.26
403543,0.03
403549,0.05
403550,0.05
403551,0.17
403552,0.17
403553,0.04
403554,0.08
403558,0.01
403559,0.02
403560,0.49
403561,0.23
403562,0.05
403564,0.03
403565,0.09
403566,0.01
403600,0.22
403602,0.08
403603,0.04
403662,0.02
403685,0.07
403686,0.01
403687,0.03
403688,0.11
403689,0.43
403690,0.42
403691,0.04
403692,0.06
403696,0.02
403697,0.26
403698,0.01
403699,0.23
403701,0.11
403702,0.05
403703,0.11
403704,0.1
403705,0.07
403712,0.02
403713,0.05
403714,0.27
403715,0.03
403718,0.02
403722,0.22
403723,0.01
403724,0.13
403725,0.06
403726,0.03
403764,0.13
403765,0.03
403766,0.12
403770,0.3
403771,0.01
403772,0.21
403795,0.19
403799,0.05
403800,0.02
403801,0.07
403802,0.17
403803,0.11
403811,0.07
403814,0.04
403815,0.0
403816,0.02
403817,0.05
403818,0.08
403820,0.06
403821,0.14
403822,0.23
403823,0.01
403824,0.08
403825,0.01
403826,0.03
403828,0.11
403834,0.08
403836,0.12
403837,0.17
403838,0.08
403839,0.01
403873,0.02
403876,0.03
403902,0.07
403918,0.02
403922,0.09
403928,0.16
403929,0.06
403931,0.03
403932,0.02
403933,0.02
403935,0.01
403936,0.25
403937,0.03
403938,0.06
403943,0.11
403944,0.02
403945,0.17
403946,0.11
403948,0.13
403951,0.12
403955,0.11
403956,0.09
403957,0.29
403958,0.07
403960,0.21
403961,0.02
403962,0.08
403963,0.09
403964,0.17
403965,0.11
403966,0.12
403967,0.06
403968,0.12
403969,0.08
403970,0.06
403971,0.14
403972,0.15
403973,0.18
403974,0.27
403975,0.03
403976,0.03
403977,0.02
403978,0.14
403979,0.07
403980,0.35
403981,0.02
403982,0.0
404062,0.05
404067,0.07
404070,0.05
404079,0.04
404084,0.09
404108,0.13
404112,0.02
404118,0.1
404121,0.02
404122,0.06
404126,0.22
404140,0.04
404152,0.12
404156,0.27
404158,0.04
404160,0.03
404172,0.01
404174,0.04
404180,0.08
404186,0.07
404190,0.17
404192,0.1
404206,0.03
404207,0.3
404213,0.21
404216,0.09
404220,0.05
404227,0.03
404235,0.05
404247,0.16
404259,0.01
404266,0.03
404267,0.01
404274,0.24
404276,0.14
404277,0.03
404278,0.03
404279,0.07
404280,0.04
404287,0.08
404288,0.14
404289,0.0
404290,0.13
404291,0.01
404293,0.15
404302,0.11
404303,0.06
404304,0.17
404307,0.07
404308,0.06
404309,0.16
404310,0.18
404311,0.25
404312,0.16
404323,0.03
404324,0.05
404325,0.02
404326,0.01
404327,0.28
404328,0.06
404329,0.01
404330,0.13
404331,0.08
404335,0.11
404336,0.1
404337,0.17
404364,0.18
404379,0.05
404380,0.5
404381,0.37
404382,0.1
404385,0.09
404390,0.05
404391,0.01
404392,0.15
404393,0.06
404396,0.08
404400,0.04
404401,0.02
404402,0.05
404403,0.24
404404,0.05
404405,0.37
404406,0.01
404437,0.28
404439,0.18
404461,0.16
404462,0.3
404464,0.02
404468,0.12
404469,0.06
404470,0.08
404471,0.03
404472,0.14
404473,0.09
404474,0.05
404475,0.03
404477,0.01
404478,0.06
404554,0.02
404555,0.11
404556,0.04
404557,0.01
404569,0.26
404571,0.06
404585,0.11
404586,0.04
404592,0.19
404595,0.01
404596,0.08
404597,0.14
404603,0.06
404606,0.03
404607,0.04
404608,0.02
404609,0.03
404620,0.14
404689,0.03
404708,0.02
404734,0.17
404771,0.09
404806,0.04
404818,0.02
404850,0.06
404870,0.19
404923,0.04
404934,0.2
404938,0.08
404954,0.0
404957,0.05
404963,0.17
404964,0.06
404969,0.18
404970,0.04
404979,0.04
404997,0.09
404998,0.03
405009,0.1
405016,0.05
405018,0.0
405035,0.07
405036,0.05
405038,0.17
405047,0.12
405055,0.04
405060,0.05
405066,0.08
405081,0.08
405084,0.29
405089,0.13
405098,0.12
405100,0.23
405114,0.08
405118,0.11
405119,0.12
405120,0.1
405121,0.14
405124,0.07
405125,0.13
405132,0.07
405179,0.04
405193,0.06
405194,0.21
405195,0.05
405206,0.01
405207,0.02
405211,0.0
405215,0.03
405217,0.11
405219,0.21
405220,0.17
405231,0.03
405232,0.09
405291,0.04
405316,0.04
405317,0.04
405318,0.07
405319,0.03
405320,0.03
405325,0.02
405326,0.02
405333,0.03
405334,0.19
405349,0.22
405351,0.07
405353,0.09
405354,0.35
405361,0.08
405362,0.03
405363,0.07
405364,0.06
405365,0.06
405366,0.33
405372,0.24
405397,0.04
405402,0.07
405409,0.15
405410,0.49
405411,0.02
405412,0.12
405435,0.05
405436,0.08
405438,0.06
405442,0.18
405443,0.29
405444,0.06
405445,0.08
405446,0.06
405468,0.0
405489,0.21
405490,0.1
405498,0.04
405509,0.05
405510,0.07
405511,0.09
405512,0.08
405517,0.03
405518,0.1
405523,0.0
405544,0.01
405546,0.19
405552,0.21
405583,0.03
405592,0.05
405599,0.02
405602,0.07
405607,0.01
405613,0.14
405620,0.31
405624,0.15
405625,0.06
405626,0.01
405632,0.05
405633,0.03
405637,0.19
405640,0.07
405642,0.04
405646,0.02
405647,0.01
405650,0.35
405653,0.15
405654,0.01
405660,0.02
405666,0.05
405667,0.1
405668,0.05
405669,0.06
405671,0.11
405672,0.03
405673,0.06
405674,0.05
405675,0.03
405676,0.02
405677,0.02
405679,0.07
405680,0.26
405682,0.1
405683,0.07
405684,0.14
405685,0.22
405687,0.09
405689,0.06
405690,0.02
405691,0.16
405692,0.15
405693,0.06
405695,0.06
405696,0.07
405697,0.01
405698,0.03
405699,0.02
405700,0.25
405701,0.33
405702,0.17
405761,0.09
405765,0.02
405769,0.05
405784,0.08
405811,0.02
405814,0.05
405816,0.06
405818,0.03
405821,0.06
405822,0.0
405838,0.07
405841,0.04
405846,0.07
405855,0.17
405857,0.04
405858,0.25
405860,0.03
405861,0.15
405871,0.01
405879,0.05
405880,0.08
405886,0.09
405901,0.06
405904,0.13
405905,0.01
405906,0.04
405927,0.01
405930,0.12
405944,0.02
405946,0.0
405954,0.19
405963,0.03
405964,0.01
405965,0.06
405966,0.25
405970,0.01
405971,0.04
405992,0.09
405996,0.05
405999,0.05
406002,0.01
406003,0.02
406004,0.04
406005,0.03
406006,0.15
406007,0.21
406008,0.16
406028,0.07
406029,0.03
406043,0.06
406044,0.03
406045,0.07
406046,0.2
406048,0.09
406050,0.05
406051,0.07
406052,0.23
406053,0.13
406077,0.0
406082,0.11
406083,0.25
406084,0.04
406098,0.05
406099,0.05
406100,0.43
406113,0.14
406114,0.05
406115,0.1
406116,0.07
406117,0.01
406127,0.05
406128,0.06
406129,0.13
406132,0.05
406133,0.03
406134,0.04
406135,0.34
406136,0.11
406137,0.19
406138,0.16
406139,0.25
406142,0.1
406143,0.16
406175,0.09
406176,0.12
406177,0.09
406194,0.04
406195,0.02
406208,0.03
406210,0.1
406216,0.13
406217,0.22
406227,0.04
406228,0.12
406253,0.06
406254,0.0
406260,0.08
406267,0.18
406269,0.02
406276,0.16
406277,0.06
406279,0.06
406288,0.02
406297,0.14
406308,0.11
406310,0.25
406320,0.01
406336,0.01
406352,0.05
406365,0.04
406369,0.12
406371,0.05
406401,0.11
406408,0.03
406409,0.05
406475,0.21
406492,0.08
406510,0.11
406519,0.03
406565,0.41
406584,0.07
406596,0.04
406598,0.03
406605,0.13
406609,0.06
406610,0.16
406611,0.03
406654,0.08
406670,0.04
406675,0.16
406681,0.05
406682,0.0
406695,0.01
406697,0.04
406712,0.09
406719,0.03
406725,0.11
406734,0.08
406743,0.11
406778,0.06
406784,0.09
406786,0.09
406791,0.06
406792,0.12
406803,0.12
406812,0.03
406813,0.08
406814,0.0
406841,0.11
406842,0.1
406843,0.03
406848,0.11
406861,0.03
406862,0.44
406863,0.15
406864,0.05
406865,0.21
406871,0.19
406872,0.11
406873,0.04
406893,0.08
406919,0.09
406920,0.04
406921,0.14
406923,0.06
406924,0.03
406925,0.01
406926,0.11
406927,0.26
406936,0.01
406937,0.32
406938,0.03
406939,0.06
406940,0.05
406941,0.04
406952,0.03
406953,0.08
406954,0.14
406962,0.05
406963,0.29
406964,0.03
406965,0.11
406966,0.06
406967,0.01
406968,0.11
406969,0.06
406970,0.03
406971,0.1
406972,0.2
406973,0.04
406974,0.06
406975,0.05
406976,0.06
406977,0.02
406985,0.03
406987,0.03
407025,0.14
407031,0.05
407033,0.17
407039,0.11
407041,0.08
407044,0.05
407046,0.07
407053,0.06
407061,0.06
407069,0.04
407070,0.15
407072,0.08
407073,0.05
407081,0.21
407082,0.02
407088,0.0
407091,0.18
407097,0.08
407104,0.42
407105,0.67
407106,0.08
407121,0.04
407128,0.04
407137,0.09
407144,0.12
407145,0.2
407154,0.08
407162,0.0
407164,0.29
407168,0.22
407203,0.06
407210,0.16
407215,0.12
407218,0.05
407228,0.09
407262,0.03
407274,0.28
407280,0.21
407288,0.04
407298,0.05
407299,0.18
407302,0.09
407303,0.03
407305,0.17
407306,0.27
407307,0.02
407313,0.01
407314,0.03
407315,0.03
407316,0.15
407322,0.18
407323,0.04
407324,0.06
407325,0.09
407329,0.01
407330,0.18
407332,0.07
407333,0.15
407334,0.01
407335,0.08
407336,0.05
407337,0.15
407338,0.06
407339,0.01
407340,0.08
407341,0.12
407342,0.01
407343,0.0
407344,0.04
407345,0.07
407346,0.24
407353,0.09
407364,0.04
407365,0.05
407366,0.06
407370,0.05
407373,0.22
407376,0.08
407386,0.09
407388,0.08
407391,0.06
407393,0.16
407427,0.03
407452,0.05
407454,0.06
407457,0.05
407462,0.0
407463,0.07
407468,0.13
407469,0.07
407478,0.06
407482,0.04
407487,0.12
407489,0.15
407498,0.39
407516,0.25
407519,0.03
407528,0.11
407532,0.18
407534,0.25
407543,0.01
407546,0.21
407550,0.05
407555,0.12
407558,0.05
407587,0.01
407588,0.03
407594,0.14
407596,0.14
407598,0.09
407602,0.03
407605,0.23
407613,0.08
407619,0.19
407625,0.1
407627,0.05
407629,0.1
407631,0.03
407633,0.03
407636,0.11
407645,0.3
407648,0.03
407669,0.02
407674,0.0
407675,0.1
407676,0.04
407677,0.14
407678,0.27
407679,0.05
407680,0.16
407681,0.06
407682,0.08
407684,0.13
407692,0.03
407693,0.09
407694,0.02
407695,0.02
407696,0.05
407697,0.1
407698,0.14
407699,0.1
407702,0.02
407703,0.24
407725,0.06
407726,0.15
407729,0.16
407731,0.02
407745,0.08
407749,0.0
407750,0.08
407751,0.14
407752,0.42
407753,0.09
407754,0.07
407755,0.16
407756,0.03
407765,0.03
407766,0.06
407767,0.01
407768,0.04
407773,0.02
407774,0.12
407778,0.03
407779,0.07
407780,0.26
407781,0.11
407782,0.03
407783,0.1
407784,0.02
407825,0.13
407826,0.02
407828,0.13
407829,0.02
407830,0.16
407831,0.04
407832,0.04
407838,0.03
407839,0.05
407840,0.02
407841,0.08
407842,0.05
407855,0.14
407857,0.12
407881,0.11
407882,0.07
407885,0.06
407915,0.02
407916,0.01
407918,0.22
407919,0.17
407920,0.03
407921,0.02
407922,0.06
407927,0.06
407934,0.02
407941,0.06
407942,0.03
407943,0.13
407944,0.04
407946,0.09
407947,0.1
407952,0.04
407955,0.2
407978,0.17
407986,0.03
408003,0.1
408006,0.02
408008,0.01
408015,0.12
408016,0.29
408028,0.18
408035,0.0
408042,0.06
408044,0.19
408052,0.0
408053,0.16
408056,0.09
408068,0.13
408071,0.06
408074,0.15
408085,0.09
408089,0.07
408091,0.06
408098,0.01
408106,0.11
408108,0.16
408116,0.27
408126,0.08
408130,0.12
408135,0.02
408148,0.01
408168,0.07
408170,0.08
408172,0.06
408176,0.15
408181,0.06
408191,0.04
408194,0.02
408213,0.01
408248,0.02
408249,0.1
408250,0.11
408256,0.17
408261,0.06
408262,0.18
408268,0.27
408269,0.05
408273,0.01
408280,0.05
408286,0.2
408347,0.12
408349,0.08
408350,0.05
408351,0.1
408352,0.0
408355,0.02
408356,0.08
408357,0.08
408384,0.06
408385,0.11
408386,0.21
408387,0.0
408388,0.01
408389,0.08
408390,0.04
408391,0.08
408392,0.13
408393,0.04
408398,0.02
408399,0.04
408400,0.09
408405,0.07
408406,0.01
408437,0.02
408459,0.06
408460,0.2
408463,0.17
408467,0.06
408468,0.07
408471,0.08
408477,0.08
408478,0.03
408479,0.08
408481,0.06
408482,0.01
408483,0.04
408484,0.03
408485,0.07
408486,0.01
408489,0.17
408490,0.05
408504,0.06
408506,0.14
408508,0.05
408514,0.01
408515,0.01
408516,0.27
408517,0.18
408518,0.06
408523,0.11
408524,0.01
408525,0.03
408526,0.08
408531,0.01
408579,0.03
408580,0.04
408581,0.07
408599,0.18
408615,0.09
408616,0.01
408617,0.04
408619,0.0
408622,0.08
408624,0.05
408625,0.04
408626,0.02
408627,0.01
408651,0.0
408658,0.03
408659,0.21
408660,0.14
408661,0.01
408662,0.06
408688,0.02
408689,0.17
408690,0.01
408695,0.08
408696,0.09
408701,0.07
408702,0.03
408705,0.03
408728,0.09
408742,0.11
408759,0.13
408766,0.13
408768,0.07
408774,0.06
408775,0.15
408780,0.03
408790,0.19
408791,0.07
408792,0.03
408794,0.14
408797,0.18
408808,0.06
408830,0.11
408857,0.0
408863,0.09
408874,0.32
408880,0.02
408885,0.11
408890,0.02
408898,0.02
408902,0.03
408903,0.0
408905,0.08
408908,0.02
408911,0.0
408921,0.06
408932,0.13
408933,0.1
408935,0.23
408960,0.02
408968,0.0
408985,0.04
408986,0.11
408990,0.06
408993,0.12
409001,0.12
409003,0.0
409008,0.07
409010,0.03
409015,0.01
409017,0.15
409028,0.0
409034,0.1
409035,0.01
409041,0.07
409054,0.03
409057,0.01
409064,0.06
409065,0.3
409066,0.02
409068,0.11
409076,0.04
409080,0.07
409083,0.25
409084,0.12
409085,0.13
409088,0.02
409105,0.08
409121,0.05
409123,0.34
409133,0.09
409153,0.08
409156,0.05
409157,0.23
409158,0.04
409163,0.14
409167,0.04
409168,0.08
409169,0.02
409172,0.18
409173,0.03
409174,0.0
409175,0.0
409192,0.38
409193,0.19
409197,0.02
409204,0.02
409206,0.02
409208,0.04
409209,0.04
409212,0.13
409213,0.11
409214,0.17
409217,0.03
409218,0.07
409220,0.04
409221,0.04
409227,0.08
409228,0.02
409229,0.07
409230,0.2
409259,0.08
409261,0.04
409269,0.08
409277,0.02
409278,0.02
409285,0.29
409286,0.12
409287,0.17
409293,0.01
409297,0.02
409298,0.05
409299,0.04
409340,0.05
409377,0.1
409383,0.0
409384,0.03
409409,0.03
409412,0.07
409413,0.12
409414,0.18
409415,0.03
409423,0.08
409428,0.16
409429,0.05
409430,0.02
409431,0.01
409432,0.32
409433,0.03
409434,0.09
409442,0.32
409443,0.2
409446,0.02
409463,0.06
409482,0.05
409507,0.19
409508,0.11
409509,0.11
409514,0.06
409535,0.15
409536,0.04
409537,0.06
409538,0.02
409541,0.07
409542,0.07
409543,0.03
409545,0.15
409550,0.04
409551,0.04
409552,0.05
409553,0.32
409558,0.07
409563,0.02
409574,0.11
409607,0.05
409608,0.22
409628,0.01
409632,0.31
409633,0.31
409636,0.18
409676,0.06
409691,0.1
409694,0.13
409707,0.11
409723,0.01
409741,0.03
409743,0.02
409747,0.12
409773,0.03
409777,0.13
409778,0.2
409804,0.09
409805,0.06
409812,0.03
409817,0.02
409836,0.06
409846,0.08
409850,0.36
409852,0.02
409861,0.16
409864,0.24
409871,0.07
409891,0.01
409896,0.06
409917,0.11
409918,0.04
409923,0.06
409941,0.02
409949,0.16
409953,0.13
409958,0.0
409972,0.05
409979,0.15
409983,0.09
409984,0.07
409985,0.06
409986,0.08
409994,0.25
409999,0.05
410019,0.15
410024,0.07
410025,0.05
410039,0.08
410044,0.16
410045,0.13
410046,0.13
410047,0.1
410048,0.07
410065,0.01
410066,0.12
410073,0.02
410087,0.02
410089,0.19
410092,0.04
410093,0.25
410094,0.08
410095,0.03
410096,0.06
410101,0.15
410102,0.1
410103,0.01
410107,0.08
410110,0.12
410111,0.06
410112,0.14
410142,0.03
410143,0.03
410161,0.1
410162,0.03
410165,0.04
410166,0.15
410167,0.2
410184,0.2
410185,0.03
410186,0.01
410187,0.04
410223,0.04
410256,0.2
410257,0.13
410258,0.01
410259,0.0
410269,0.11
410270,0.07
410273,0.18
410274,0.07
410275,0.02
410276,0.11
410277,0.05
410295,0.01
410296,0.1
410297,0.07
410298,0.06
410300,0.03
410301,0.02
410302,0.15
410303,0.08
410304,0.06
410305,0.02
410306,0.2
410307,0.08
410308,0.16
410309,0.07
410316,0.07
410317,0.11
410358,0.18
410359,0.04
410360,0.04
410368,0.17
410369,0.16
410370,0.02
410372,0.0
410373,0.01
410378,0.26
410379,0.09
410380,0.18
410387,0.26
410388,0.28
410389,0.05
410390,0.02
410405,0.01
410411,0.02
410416,0.0
410418,0.14
410424,0.11
410429,0.12
410438,0.05
410442,0.05
410448,0.05
410456,0.09
410464,0.04
410467,0.15
410473,0.07
410476,0.03
410479,0.1
410499,0.09
410526,0.09
410528,0.05
410546,0.29
410564,0.05
410567,0.08
410571,0.1
410572,0.22
410573,0.12
410577,0.05
410581,0.04
410587,0.05
410588,0.01
410595,0.05
410602,0.02
410606,0.16
410616,0.03
410624,0.16
410626,0.08
410637,0.04
410660,0.0
410661,0.04
410663,0.03
410664,0.1
410669,0.09
410675,0.04
410679,0.26
410684,0.02
410689,0.04
410693,0.02
410697,0.01
410698,0.01
410699,0.0
410706,0.02
410710,0.27
410712,0.02
410716,0.06
410725,0.02
410735,0.12
410742,0.06
410745,0.06
410746,0.02
410751,0.04
410753,0.01
410759,0.09
410761,0.24
410770,0.02
410778,0.06
410784,0.07
410786,0.08
410789,0.09
410800,0.02
410811,0.01
410813,0.03
410821,0.18
410822,0.05
410879,0.06
410880,0.12
410900,0.08
410901,0.18
410908,0.02
410909,0.01
410910,0.07
410911,0.16
410912,0.07
410913,0.09
410914,0.17
410915,0.0
410916,0.04
410917,0.01
410918,0.03
410919,0.04
410922,0.26
410923,0.1
410940,0.14
410955,0.12
410956,0.22
410959,0.15
410960,0.08
410961,0.09
410962,0.03
410963,0.15
410964,0.06
410968,0.02
410970,0.01
410971,0.08
410972,0.07
410975,0.03
410994,0.02
410999,0.11
411011,0.21
411012,0.05
411014,0.24
411021,0.01
411022,0.17
411023,0.08
411024,0.24
411025,0.03
411026,0.21
411027,0.2
411028,0.05
411030,0.25
411031,0.04
411032,0.07
411033,0.06
411049,0.06
411050,0.04
411051,0.05
411052,0.14
411073,0.06
411074,0.08
411076,0.06
411080,0.06
411081,0.13
411082,0.06
411093,0.01
411094,0.1
411095,0.06
411099,0.08
411102,0.04
411103,0.19
411112,0.01
411114,0.07
411115,0.04
411116,0.08
411168,0.05
411169,0.39
411170,0.1
411189,0.0
411190,0.1
411195,0.06
411196,0.2
411197,0.11
411205,0.03
411206,0.16
411215,0.16
411216,0.02
411217,0.07
411218,0.04
411222,0.03
411238,0.02
411239,0.05
411240,0.05
411248,0.01
411274,0.07
411275,0.09
411293,0.06
411299,0.05
411300,0.02
411301,0.07
411302,0.09
411305,0.11
411309,0.07
411334,0.07
411343,0.19
411349,0.02
411360,0.02
411363,0.07
411364,0.02
411384,0.11
411402,0.12
411424,0.09
411425,0.07
411430,0.3
411432,0.14
411434,0.17
411447,0.08
411450,0.0
411452,0.08
411463,0.15
411467,0.05
411474,0.06
411478,0.05
411480,0.07
411481,0.06
411502,0.08
411509,0.04
411511,0.15
411515,0.06
411516,0.1
411532,0.06
411565,0.03
411570,0.01
411600,0.16
411608,0.05
411613,0.02
411614,0.02
411620,0.03
411634,0.06
411639,0.01
411645,0.13
411648,0.03
411660,0.06
411668,0.0
411672,0.11
411673,0.01
411674,0.07
411675,0.05
411676,0.03
411677,0.17
411715,0.03
411718,0.07
411719,0.16
411720,0.2
411730,0.04
411731,0.07
411740,0.13
411746,0.09
411748,0.01
411749,0.05
411752,0.04
411753,0.03
411754,0.0
411755,0.04
411767,0.1
411768,0.09
411819,0.08
411826,0.05
411827,0.16
411841,0.02
411842,0.33
411843,0.11
411844,0.03
411845,0.11
411846,0.29
411850,0.17
411852,0.14
411853,0.06
411854,0.07
411855,0.04
411856,0.13
411860,0.02
411883,0.05
411938,0.05
411939,0.25
411940,0.05
411957,0.23
411958,0.08
411959,0.05
411963,0.01
411969,0.02
411970,0.02
411971,0.03
411972,0.22
411973,0.06
411974,0.05
411975,0.04
411977,0.06
411978,0.32
411979,0.19
412004,0.1
412008,0.06
412009,0.17
412010,0.05
412030,0.05
412031,0.06
412032,0.06
412036,0.02
412038,0.02
412047,0.12
412049,0.49
412082,0.02
412092,0.04
412098,0.21
412101,0.09
412108,0.46
412111,0.1
412119,0.04
412128,0.0
412139,0.07
412152,0.21
412154,0.0
412178,0.22
412180,0.08
412193,0.03
412199,0.05
412204,0.14
412206,0.13
412207,0.0
412211,0.15
412220,0.08
412221,0.01
412229,0.08
412234,0.05
412235,0.04
412236,0.1
412251,0.06
412262,0.07
412270,0.06
412280,0.05
412289,0.14
412305,0.03
412310,0.09
412345,0.03
412348,0.06
412361,0.09
412367,0.17
412368,0.04
412370,0.27
412372,0.13
412377,0.16
412380,0.04
412382,0.0
412391,0.04
412393,0.01
412411,0.23
412412,0.07
412415,0.12
412416,0.23
412422,0.2
412428,0.12
412430,0.02
412436,0.09
412447,0.02
412451,0.01
412456,0.05
412470,0.1
412472,0.05
412478,0.03
412487,0.09
412490,0.23
412494,0.09
412516,0.06
412519,0.06
412525,0.15
412527,0.13
412528,0.09
412551,0.17
412552,0.04
412557,0.05
412558,0.03
412559,0.03
412561,0.02
412563,0.01
412564,0.03
412565,0.05
412593,0.08
412598,0.26
412602,0.09
412610,0.12
412611,0.13
412612,0.05
412613,0.12
412621,0.04
412622,0.01
412623,0.17
412624,0.24
412637,0.04
412638,0.07
412639,0.06
412640,0.04
412641,0.03
412642,0.04
412643,0.06
412644,0.04
412651,0.13
412667,0.04
412669,0.17
412686,0.08
412712,0.05
412713,0.16
412714,0.02
412715,0.0
412720,0.09
412728,0.05
412738,0.03
412739,0.03
412740,0.1
412741,0.14
412753,0.06
412754,0.02
412762,0.04
412764,0.04
412765,0.13
412775,0.02
412776,0.12
412777,0.09
412778,0.29
412800,0.03
412801,0.05
412802,0.07
412829,0.13
412854,0.18
412855,0.11
412861,0.08
412862,0.08
412863,0.02
412883,0.07
412884,0.01
412886,0.27
412898,0.13
412899,0.04
412900,0.05
412922,0.14
412941,0.08
412959,0.0
412967,0.12
412980,0.08
412997,0.03
413016,0.14
413017,0.3
413027,0.01
413034,0.22
413038,0.28
413054,0.13
413059,0.05
413065,0.05
413073,0.07
413075,0.39
413081,0.04
413089,0.26
413091,0.12
413094,0.06
413104,0.02
413107,0.24
413110,0.13
413113,0.26
413117,0.05
413124,0.01
413126,0.16
413137,0.07
413145,0.03
413146,0.03
413147,0.0
413150,0.04
413159,0.18
413160,0.05
413172,0.29
413179,0.04
413181,0.04
413185,0.09
413188,0.12
413197,0.06
413208,0.15
413215,0.04
413216,0.09
413219,0.01
413232,0.05
413237,0.05
413243,0.29
413249,0.03
413262,0.04
413263,0.13
413271,0.2
413274,0.04
413280,0.1
413296,0.11
413299,0.32
413303,0.0
413320,0.04
413324,0.02
413325,0.12
413335,0.13
413341,0.23
413342,0.01
413351,0.18
413352,0.06
413359,0.03
413373,0.15
413374,0.16
413375,0.08
413376,0.11
413377,0.14
413383,0.07
413384,0.15
413392,0.03
413393,0.13
413395,0.17
413424,0.07
413425,0.0
413457,0.12
413458,0.07
413459,0.18
413460,0.02
413465,0.06
413466,0.17
413467,0.03
413468,0.03
413475,0.11
413476,0.07
413477,0.15
413478,0.05
413479,0.02
413489,0.17
413491,0.14
413492,0.07
413493,0.06
413494,0.11
413495,0.06
413498,0.2
413499,0.09
413545,0.08
413549,0.05
413550,0.03
413551,0.14
413552,0.2
413553,0.04
413554,0.02
413558,0.17
413559,0.22
413562,0.02
413563,0.06
413564,0.01
413592,0.1
413593,0.06
413594,0.02
413595,0.01
413596,0.05
413597,0.05
413604,0.03
413605,0.06
413606,0.01
413607,0.0
413616,0.23
413617,0.01
413618,0.11
413625,0.1
413626,0.16
413627,0.08
413628,0.03
413629,0.01
413630,0.03
413631,0.05
413632,0.05
413633,0.14
413634,0.17
413635,0.2
413636,0.17
413644,0.02
413645,0.04
413646,0.01
413683,0.06
413685,0.01
413686,0.4
413690,0.02
413691,0.02
413692,0.06
413693,0.12
413694,0.05
413695,0.03
413696,0.05
413702,0.07
413707,0.1
413708,0.3
413709,0.1
413730,0.13
413731,0.04
413732,0.02
413733,0.1
413734,0.04
413736,0.08
413748,0.1
413749,0.19
413751,0.27
413752,0.09
413754,0.01
413755,0.34
413756,0.1
413757,0.01
413758,0.24
413759,0.09
413760,0.1
413764,0.03
413765,0.09
413766,0.08
413767,0.07
413768,0.09
413769,0.06
413770,0.01
413776,0.06
413777,0.03
413778,0.04
413797,0.11
413824,0.1
413828,0.15
413831,0.1
413834,0.16
413841,0.05
413848,0.0
413850,0.04
413851,0.06
413857,0.02
413860,0.0
413867,0.07
413868,0.06
413871,0.02
413878,0.03
413882,0.09
413885,0.0
413886,0.12
413892,0.07
413896,0.21
413897,0.09
413917,0.2
413921,0.01
413934,0.22
413941,0.04
413953,0.02
413958,0.08
413967,0.1
413971,0.09
413975,0.07
413978,0.12
413983,0.1
413984,0.05
413989,0.07
413992,0.02
414001,0.13
414002,0.01
414003,0.08
414007,0.07
414008,0.11
414016,0.39
414022,0.12
414026,0.24
414041,0.03
414042,0.23
414045,0.03
414047,0.15
414050,0.19
414061,0.05
414068,0.08
414076,0.14
414093,0.05
414102,0.09
414109,0.01
414117,0.05
414144,0.1
414149,0.02
414160,0.11
414166,0.56
414171,0.24
414172,0.04
414183,0.02
414186,0.08
414192,0.07
414194,0.07
414203,0.24
414206,0.01
414207,0.0
414229,0.04
414231,0.07
414248,0.03
414251,0.04
414252,0.02
414253,0.35
414254,0.16
414255,0.03
414262,0.05
414265,0.15
414266,0.23
414267,0.08
414269,0.01
414270,0.05
414271,0.08
414272,0.04
414273,0.06
414275,0.05
414323,0.31
414324,0.05
414328,0.02
414329,0.14
414333,0.04
414341,0.03
414357,0.05
414358,0.02
414359,0.08
414362,0.06
414363,0.1
414368,0.15
414372,0.07
414375,0.03
414376,0.02
414382,0.09
414383,0.1
414480,0.02
414481,0.17
414484,0.13
414485,0.0
414486,0.01
414487,0.07
414488,0.06
414489,0.01
414492,0.02
414493,0.2
414497,0.06
414501,0.08
414543,0.21
414544,0.1
414559,0.14
414560,0.04
414561,0.07
414573,0.02
414574,0.08
414575,0.07
414577,0.05
414584,0.27
414585,0.03
414586,0.07
414590,0.01
414591,0.09
414593,0.25
414597,0.05
414598,0.25
414621,0.07
414635,0.29
414639,0.03
414640,0.0
414648,0.15
414656,0.01
414659,0.1
414660,0.01
414663,0.06
414683,0.09
414691,0.12
414700,0.09
414705,0.07
414708,0.0
414711,0.07
414712,0.05
414716,0.14
414720,0.02
414733,0.0
414740,0.09
414748,0.09
414767,0.27
414771,0.22
414779,0.07
414785,0.19
414787,0.0
414793,0.03
414816,0.06
414830,0.11
414831,0.26
414859,0.1
414864,0.01
414867,0.08
414871,0.14
414879,0.07
414892,0.16
414895,0.09
414911,0.04
414915,0.07
414922,0.04
414939,0.01
414945,0.03
414960,0.06
414969,0.01
414973,0.03
414979,0.1
414985,0.05
414992,0.01
414996,0.08
415000,0.04
415001,0.06
415005,0.1
415024,0.08
415038,0.04
415041,0.15
415049,0.16
415055,0.08
415061,0.27
415064,0.1
415069,0.08
415070,0.05
415071,0.01
415072,0.06
415074,0.03
415078,0.19
415079,0.02
415080,0.09
415081,0.19
415082,0.22
415085,0.1
415086,0.05
415089,0.07
415090,0.08
415091,0.07
415092,0.07
415095,0.01
415100,0.24
415101,0.04
415102,0.14
415103,0.07
415104,0.0
415106,0.09
415107,0.08
415108,0.22
415109,0.2
415110,0.11
415111,0.01
415113,0.03
415114,0.07
415115,0.07
415116,0.02
415117,0.05
415118,0.11
415119,0.62
415120,0.06
415121,0.11
415122,0.21
415123,0.05
415124,0.29
415126,0.21
415152,0.02
415205,0.12
415209,0.01
415326,0.02
415409,0.06
415414,0.01
415430,0.04
415466,0.1
415467,0.14
415473,0.04
415474,0.05
415479,0.02
415480,0.05
415486,0.03
415488,0.07
415489,0.06
415490,0.1
415493,0.09
415494,0.06
415497,0.04
415498,0.07
415499,0.15
415505,0.06
415506,0.06
415509,0.07
415511,0.2
415514,0.07
415517,0.04
415519,0.06
415521,0.25
415522,0.02
415523,0.08
415525,0.06
415527,0.04
415529,0.0
415531,0.15
415533,0.09
415534,0.03
415536,0.07
415537,0.18
415539,0.05
415540,0.03
415541,0.22
415542,0.17
415543,0.1
415544,0.0
415545,0.09
415546,0.06
415547,0.05
415548,0.02
415549,0.08
415550,0.06
415652,0.04
415654,0.01
415686,0.19
415687,0.14
415695,0.06
415698,0.1
415701,0.2
415705,0.1
415707,0.02
415709,0.2
415712,0.02
415718,0.08
415724,0.04
415729,0.04
415730,0.24
415731,0.06
415733,0.06
415736,0.03
415737,0.05
415738,0.2
415741,0.02
415742,0.18
415743,0.16
415744,0.04
415745,0.04
415746,0.07
415747,0.11
415749,0.06
415750,0.01
415751,0.19
415752,0.06
415753,0.13
415754,0.12
415755,0.06
415756,0.18
415757,0.15
415850,0.27
415874,0.03
415930,0.02
415962,0.18
415994,0.28
415995,0.09
416088,0.19
416129,0.2
416228,0.02
416229,0.05
416239,0.12
416243,0.19
416245,0.14
416253,0.03
416263,0.05
416264,0.03
416265,0.03
416269,0.22
416272,0.07
416273,0.05
416274,0.18
416275,0.13
416276,0.07
416277,0.02
416278,0.07
416280,0.14
416283,0.09
416287,0.07
416288,0.11
416291,0.13
416292,0.08
416294,0.27
416295,0.17
416296,0.02
416300,0.03
416301,0.08
416302,0.11
416303,0.09
416305,0.24
416306,0.07
416307,0.13
416309,0.01
416310,0.3
416311,0.05
416312,0.11
416313,0.45
416314,0.04
416315,0.11
416316,0.11
416426,0.0
416435,0.05
416444,0.03
416477,0.26
416484,0.03
416488,0.12
416502,0.05
416542,0.1
416582,0.05
416647,0.09
416658,0.02
416659,0.05
416675,0.05
416676,0.21
416696,0.38
416721,0.09
416729,0.06
416743,0.1
416744,0.1
416761,0.06
416793,0.17
416826,0.0
416848,0.06
416850,0.17
416860,0.37
416861,0.32
416862,0.08
416865,0.05
416870,0.17
416871,0.15
416872,0.06
416874,0.13
416877,0.03
416879,0.01
416881,0.13
416882,0.02
416883,0.1
416884,0.02
416885,0.05
416886,0.1
416887,0.11
416888,0.05
416890,0.04
416893,0.07
416894,0.1
416895,0.08
416896,0.08
416897,0.05
416899,0.13
416900,0.06
416901,0.0
416902,0.01
416903,0.02
417043,0.03
417159,0.02
417182,0.07
417183,0.03
417187,0.02
417209,0.01
417226,0.19
417228,0.23
417232,0.07
417234,0.05
417241,0.04
417245,0.06
417246,0.03
417247,0.18
417250,0.19
417251,0.02
417253,0.0
417254,0.02
417255,0.06
417256,0.18
417257,0.08
417258,0.08
417259,0.01
417260,0.29
417261,0.0
417263,0.1
417264,0.17
417265,0.14
417266,0.08
417267,0.03
417268,0.04
417338,0.04
417342,0.3
417349,0.07
417382,0.03
417388,0.06
417389,0.13
417393,0.14
417395,0.23
417397,0.11
417398,0.0
417401,0.09
417403,0.17
417406,0.08
417407,0.05
417408,0.3
417409,0.0
417411,0.13
417412,0.04
417414,0.11
417416,0.1
417417,0.07
417420,0.05
417421,0.16
417422,0.49
417423,0.04
417426,0.11
417427,0.01
417428,0.02
417429,0.02
417430,0.12
417431,0.01
417432,0.04
417433,0.12
417435,0.17
417436,0.03
417438,0.09
417439,0.16
417440,0.07
417441,0.03
417442,0.23
417443,0.06
417444,0.07
417445,0.1
417446,0.1
417447,0.15
417448,0.07
417449,0.23
417450,0.02
417451,0.16
417452,0.05
417453,0.09
417454,0.07
417455,0.12
417456,0.03
417457,0.06
417513,0.02
417544,0.47
417555,0.09
417567,0.05
417612,0.04
417625,0.03
417626,0.02
417627,0.18
417648,0.12
417735,0.06
417736,0.13
417749,0.05
417778,0.01
417863,0.02
417893,0.01
417895,0.07
417903,0.0
417910,0.03
417915,0.19
417925,0.03
417927,0.09
417940,0.1
417949,0.01
417950,0.09
417952,0.0
417956,0.08
417969,0.11
417970,0.07
417974,0.04
417975,0.07
417976,0.05
417980,0.06
417982,0.04
417983,0.02
417987,0.03
417988,0.18
417989,0.01
417990,0.32
417993,0.1
417994,0.07
417995,0.05
417996,0.01
417997,0.04
417998,0.25
417999,0.05
418000,0.21
418001,0.08
418002,0.08
418003,0.2
418004,0.06
418005,0.05
418006,0.0
418009,0.24
418011,0.18
418012,0.03
418013,0.09
418014,0.14
418015,0.14
418029,0.08
418030,0.07
418132,0.1
418217,0.08
418222,0.01
418237,0.04
418272,0.17
418343,0.27
418344,0.08
418345,0.14
418386,0.1
418387,0.04
418402,0.09
418436,0.03
418456,0.1
418458,0.12
418460,0.11
418487,0.03
418514,0.25
418519,0.0
418532,0.08
418539,0.02
418549,0.0
418555,0.04
418556,0.19
418558,0.12
418559,0.0
418562,0.01
418568,0.3
418576,0.05
418578,0.12
418580,0.1
418581,0.12
418582,0.04
418584,0.08
418585,0.04
418587,0.08
418591,0.12
418592,0.04
418593,0.05
418595,0.03
418596,0.07
418597,0.03
418598,0.02
418599,0.0
418600,0.01
418601,0.11
418602,0.12
418603,0.21
418604,0.05
418606,0.15
418607,0.02
418608,0.1
418609,0.04
418610,0.15
418611,0.11
418612,0.11
418613,0.05
418614,0.17
418615,0.03
418616,0.05
418618,0.15
418651,0.04
418652,0.05
418653,0.18
418658,0.15
418692,0.2
418749,0.29
418820,0.16
418843,0.08
418863,0.05
418915,0.03
418938,0.3
418957,0.08
419024,0.08
419061,0.01
419063,0.07
419076,0.03
419093,0.03
419131,0.17
419132,0.01
419138,0.07
419139,0.24
419141,0.07
419142,0.0
419143,0.02
419145,0.03
419149,0.05
419151,0.14
419152,0.07
419153,0.08
419154,0.02
419155,0.07
419156,0.05
419157,0.03
419158,0.61
419159,0.15
419162,0.0
419163,0.06
419165,0.35
419168,0.1
419169,0.07
419170,0.22
419171,0.16
419172,0.25
419173,0.14
419174,0.1
419175,0.02
419176,0.12
419177,0.12
419178,0.14
419270,0.25
419305,0.21
419330,0.02
419485,0.04
419491,0.01
419499,0.06
419513,0.29
419514,0.06
419535,0.03
419538,0.06
419582,0.17
419601,0.01
419611,0.14
419644,0.22
419648,0.04
419649,0.06
419656,0.02
419671,0.03
419677,0.11
419685,0.06
419688,0.16
419689,0.13
419690,0.08
419691,0.16
419698,0.23
419699,0.08
419701,0.21
419703,0.26
419704,0.14
419705,0.12
419746,0.25
419750,0.03
419767,0.0
419775,0.09
419783,0.11
419787,0.11
419788,0.1
419790,0.03
419791,0.05
419792,0.07
419794,0.17
419795,0.26
419797,0.03
419798,0.0
419799,0.09
419804,0.2
419805,0.12
419806,0.06
419808,0.03
419810,0.04
419811,0.01
419812,0.2
419815,0.1
419816,0.02
419817,0.05
419818,0.14
419820,0.03
419821,0.08
419824,0.09
419825,0.09
419826,0.16
419827,0.0
419828,0.0
419829,0.08
419830,0.31
419831,0.07
419832,0.09
419833,0.05
419834,0.08
419835,0.03
419836,0.04
419837,0.09
419838,0.1
419839,0.07
419840,0.09
419841,0.11
419842,0.18
419843,0.14
419913,0.26
419916,0.04
419955,0.02
419956,0.11
419992,0.01
420150,0.03
420160,0.11
420190,0.05
420195,0.04
420204,0.07
420207,0.08
420210,0.03
420214,0.17
420218,0.03
420219,0.13
420220,0.05
420242,0.06
420249,0.01
420254,0.07
420255,0.0
420258,0.08
420260,0.0
420263,0.26
420265,0.01
420271,0.03
420273,0.1
420274,0.07
420275,0.07
420277,0.02
420278,0.07
420279,0.15
420280,0.1
420281,0.01
420283,0.17
420284,0.12
420285,0.03
420286,0.05
420287,0.16
420288,0.05
420290,0.03
420291,0.02
420293,0.14
420294,0.01
420295,0.01
420296,0.02
420297,0.13
420298,0.13
420299,0.07
420300,0.03
420344,0.01
420345,0.13
420347,0.04
420348,0.33
420349,0.09
420350,0.0
420351,0.04
420352,0.01
420353,0.01
420354,0.17
420355,0.05
420356,0.16
420357,0.03
420358,0.09
420359,0.03
420360,0.01
420361,0.01
420362,0.2
420363,0.12
420364,0.15
420365,0.07
420366,0.13
420383,0.01
420436,0.3
420446,0.03
420554,0.05
420565,0.05
420569,0.07
420573,0.01
420574,0.1
420587,0.22
420589,0.13
420593,0.07
420594,0.01
420595,0.16
420598,0.06
420601,0.08
420602,0.3
420603,0.02
420607,0.1
420611,0.12
420613,0.12
420614,0.11
420615,0.21
420616,0.04
420617,0.17
420618,0.04
420619,0.04
420620,0.0
420621,0.17
420622,0.1
420623,0.03
420624,0.04
420625,0.07
420626,0.12
420627,0.21
420628,0.03
420629,0.03
420631,0.01
420633,0.06
420634,0.06
420635,0.06
420636,0.05
420637,0.1
420662,0.02
420727,0.02
420728,0.06
420733,0.24
420787,0.04
420789,0.0
420792,0.04
420797,0.16
420814,0.03
420833,0.23
420839,0.05
420841,0.08
420843,0.06
420844,0.12
420847,0.28
420849,0.01
420851,0.15
420853,0.04
420854,0.12
420855,0.04
420856,0.04
420857,0.12
420858,0.07
420859,0.07
420860,0.3
420861,0.16
420862,0.07
420863,0.04
420864,0.13
420866,0.32
420867,0.05
420868,0.03
420869,0.09
420870,0.0
420871,0.08
420872,0.11
420873,0.02
420874,0.18
420875,0.21
420876,0.08
420878,0.02
420879,0.11
420880,0.0
420881,0.1
420882,0.0
420883,0.12
420884,0.13
420885,0.11
420886,0.01
420887,0.08
420888,0.01
420905,0.01
421015,0.07
421200,0.17
421269,0.06
421272,0.07
421290,0.33
421323,0.27
421342,0.01
421349,0.08
421355,0.02
421356,0.09
421363,0.07
421365,0.14
421381,0.04
421383,0.06
421386,0.43
421394,0.01
421395,0.07
421399,0.18
421431,0.36
421467,0.27
421554,0.09
421557,0.02
421558,0.02
421562,0.12
421614,0.15
421690,0.05
421758,0.36
421776,0.16
421827,0.21
421828,0.09
421829,0.03
421848,0.02
421862,0.04
421863,0.0
421868,0.01
421884,0.06
421921,0.14
421924,0.23
421958,0.19
421961,0.01
421964,0.0
421968,0.06
421974,0.14
421975,0.0
421977,0.07
421978,0.26
421979,0.02
421980,0.19
421982,0.08
421985,0.01
421986,0.08
421987,0.05
421988,0.0
421989,0.12
421990,0.11
421991,0.19
421993,0.1
421994,0.09
421996,0.3
421997,0.02
421998,0.04
421999,0.21
422000,0.18
422001,0.1
422002,0.12
422004,0.27
422005,0.32
422007,0.15
422008,0.03
422010,0.05
422011,0.06
422012,0.18
422014,0.09
422015,0.13
422016,0.11
422017,0.03
422018,0.03
422019,0.14
422039,0.01
422041,0.0
422042,0.0
422043,0.04
422044,0.1
422045,0.07
422047,0.13
422048,0.07
422049,0.04
422050,0.06
422051,0.15
422053,0.05
422054,0.09
422055,0.03
422056,0.02
422057,0.24
422058,0.06
422059,0.17
422060,0.0
422063,0.06
422064,0.07
422065,0.06
422066,0.06
422067,0.03
422068,0.04
422069,0.16
422070,0.06
422071,0.0
422072,0.02
422074,0.04
422152,0.01
422210,0.16
422227,0.12
422308,0.09
422339,0.06
422368,0.06
422391,0.03
422407,0.03
422485,0.06
422491,0.21
422506,0.05
422508,0.17
422512,0.07
422513,0.07
422514,0.08
422518,0.01
422519,0.07
422523,0.07
422524,0.05
422525,0.03
422526,0.04
422527,0.07
422531,0.33
422533,0.02
422534,0.05
422536,0.01
422537,0.02
422538,0.37
422540,0.06
422541,0.26
422543,0.03
422544,0.1
422545,0.05
422546,0.0
422547,0.25
422548,0.12
422549,0.15
422550,0.01
422551,0.02
422552,0.01
422553,0.04
422554,0.19
422555,0.31
422556,0.01
422639,0.0
422667,0.2
422734,0.04
422748,0.17
422749,0.27
422796,0.14
422810,0.04
422839,0.18
422850,0.09
422891,0.13
422940,0.16
422962,0.03
422964,0.14
423009,0.19
423022,0.04
423041,0.08
423046,0.16
423052,0.05
423055,0.12
423061,0.08
423075,0.06
423076,0.06
423077,0.14
423081,0.26
423083,0.14
423087,0.04
423089,0.03
423091,0.02
423098,0.1
423105,0.06
423106,0.06
423107,0.07
423114,0.15
423116,0.08
423120,0.04
423121,0.12
423125,0.08
423132,0.09
423133,0.02
423134,0.31
423135,0.02
423137,0.06
423138,0.0
423139,0.08
423140,0.05
423141,0.08
423143,0.06
423144,0.05
423145,0.05
423146,0.12
423147,0.17
423148,0.12
423149,0.02
423150,0.06
423151,0.03
423152,0.0
423153,0.25
423154,0.05
423155,0.03
423156,0.0
423157,0.03
423158,0.08
423159,0.13
423228,0.15
423237,0.24
423386,0.14
423416,0.24
423417,0.16
423489,0.07
423503,0.2
423522,0.02
423571,0.08
423574,0.05
423580,0.1
423621,0.19
423622,0.28
423624,0.02
423629,0.03
423631,0.19
423648,0.03
423651,0.03
423652,0.1
423658,0.14
423663,0.04
423664,0.02
423665,0.29
423668,0.12
423670,0.06
423671,0.11
423672,0.15
423679,0.0
423681,0.07
423687,0.08
423688,0.13
423690,0.04
423691,0.02
423693,0.02
423696,0.07
423698,0.15
423699,0.17
423700,0.12
423701,0.14
423702,0.11
423703,0.05
423704,0.04
423706,0.06
423707,0.15
423708,0.02
423709,0.13
423710,0.09
423711,0.03
423712,0.12
423713,0.06
423714,0.57
423715,0.02
423717,0.14
423718,0.06
423719,0.03
423720,0.08
423721,0.05
423722,0.05
423723,0.11
423724,0.01
423726,0.09
423730,0.03
423734,0.03
423735,0.11
423736,0.03
423737,0.01
423738,0.04
423739,0.04
423740,0.03
423741,0.02
423742,0.18
423743,0.15
423746,0.0
423747,0.02
423748,0.06
423749,0.06
423750,0.17
423751,0.06
423752,0.02
423753,0.19
423754,0.03
423755,0.01
423756,0.07
423800,0.09
423894,0.01
423938,0.33
423939,0.33
423940,0.07
423947,0.06
423957,0.24
423959,0.2
423966,0.32
423968,0.04
423972,0.04
423978,0.04
423979,0.1
423982,0.14
423983,0.07
423986,0.06
423990,0.05
423993,0.01
423994,0.11
423996,0.03
423998,0.07
423999,0.15
424000,0.0
424001,0.03
424002,0.0
424003,0.17
424004,0.07
424005,0.1
424006,0.13
424007,0.08
424008,0.17
424009,0.07
424010,0.06
424011,0.05
424012,0.03
424013,0.08
424014,0.19
424015,0.06
424016,0.06
424161,0.18
424189,0.22
424192,0.05
424198,0.07
424202,0.03
424203,0.02
424207,0.23
424208,0.05
424211,0.06
424214,0.05
424215,0.04
424216,0.04
424220,0.05
424222,0.07
424223,0.06
424232,0.08
424234,0.01
424235,0.03
424236,0.05
424241,0.0
424244,0.03
424245,0.15
424246,0.03
424248,0.31
424249,0.07
424251,0.11
424252,0.07
424253,0.05
424254,0.1
424255,0.04
424256,0.12
424257,0.02
424258,0.06
424259,0.03
424260,0.04
424261,0.07
424262,0.01
424264,0.01
424265,0.14
424266,0.16
424267,0.02
424268,0.04
424270,0.25
424271,0.14
424272,0.06
424273,0.11
424274,0.06
424275,0.08
424320,0.24
424354,0.08
424359,0.06
424360,0.2
424361,0.23
424362,0.1
424363,0.03
424364,0.18
424365,0.01
424491,0.12
424576,0.05
424639,0.1
424640,0.03
424653,0.04
424672,0.1
424708,0.02
424724,0.13
424725,0.11
424734,0.25
424755,0.06
424758,0.12
424765,0.03
424770,0.05
424773,0.11
424780,0.04
424784,0.02
424791,0.02
424797,0.16
424800,0.0
424807,0.02
424809,0.07
424812,0.08
424813,0.08
424816,0.04
424817,0.02
424820,0.09
424822,0.14
424823,0.17
424825,0.1
424826,0.13
424827,0.02
424828,0.04
424830,0.06
424831,0.04
424832,0.41
424833,0.07
424834,0.08
424835,0.08
424836,0.05
424837,0.31
424838,0.06
424839,0.05
424840,0.02
424841,0.23
424843,0.04
424845,0.26
424846,0.04
424847,0.04
424848,0.03
424849,0.16
424850,0.25
424851,0.03
424852,0.03
424853,0.03
424854,0.13
424856,0.0
424857,0.06
424947,0.16
425037,0.2
425039,0.24
425096,0.05
425107,0.0
425156,0.11
425191,0.03
425192,0.09
425230,0.08
425231,0.08
425237,0.17
425281,0.12
425301,0.12
425306,0.2
425312,0.07
425313,0.0
425317,0.04
425326,0.15
425330,0.06
425336,0.11
425338,0.07
425343,0.11
425345,0.04
425360,0.11
425364,0.24
425368,0.1
425369,0.01
425371,0.14
425372,0.02
425373,0.2
425374,0.05
425376,0.14
425379,0.09
425380,0.0
425381,0.1
425382,0.03
425383,0.03
425384,0.19
425385,0.06
425388,0.25
425389,0.06
425390,0.04
425391,0.16
425392,0.01
425394,0.1
425395,0.1
425396,0.1
425397,0.01
425398,0.04
425399,0.08
425400,0.01
425403,0.11
425404,0.05
425405,0.04
425406,0.08
425407,0.19
425408,0.04
425409,0.15
425411,0.01
425412,0.04
425413,0.23
425414,0.12
425415,0.11
425416,0.05
425418,0.05
425419,0.02
425423,0.04
425424,0.03
425425,0.12
425426,0.1
425429,0.1
425430,0.02
425431,0.15
425432,0.05
425433,0.09
425434,0.06
425435,0.27
425437,0.03
425438,0.01
425439,0.01
425440,0.11
425441,0.16
425442,0.13
425444,0.11
425446,0.03
425447,0.03
425448,0.16
425449,0.05
425450,0.08
425451,0.05
425453,0.17
425454,0.32
425455,0.03
425456,0.18
425457,0.06
425458,0.09
425459,0.07
425460,0.02
425461,0.02
425462,0.06
425511,0.0
425601,0.01
425810,0.05
425824,0.04
425830,0.17
425835,0.18
425838,0.05
425865,0.07
425877,0.07
425904,0.09
425905,0.02
425906,0.09
425909,0.15
425911,0.21
425913,0.1
425923,0.06
425932,0.14
425938,0.01
425939,0.05
425943,0.05
425944,0.1
425945,0.01
425946,0.01
425948,0.01
425950,0.02
425952,0.11
425954,0.21
425955,0.06
425957,0.08
425958,0.03
425959,0.11
425960,0.12
425961,0.25
425962,0.04
425964,0.15
425965,0.04
425966,0.17
425967,0.13
425968,0.13
425969,0.09
425970,0.06
425971,0.14
425972,0.03
425976,0.2
426050,0.04
426051,0.25
426052,0.0
426053,0.04
426124,0.09
426132,0.06
426154,0.14
426192,0.01
426235,0.07
426297,0.05
426387,0.09
426396,0.04
426436,0.07
426437,0.06
426460,0.09
426466,0.1
426469,0.1
426510,0.15
426617,0.07
426630,0.1
426631,0.02
426650,0.04
426688,0.08
426691,0.02
426855,0.09
426873,0.23
426890,0.11
426891,0.04
426895,0.07
426928,0.18
426929,0.02
426955,0.18
426957,0.08
427007,0.12
427009,0.02
427021,0.05
427023,0.16
427032,0.05
427036,0.04
427040,0.06
427041,0.04
427042,0.06
427044,0.01
427048,0.04
427050,0.09
427054,0.03
427057,0.04
427058,0.01
427059,0.15
427060,0.06
427062,0.04
427063,0.09
427064,0.06
427065,0.06
427067,0.14
427069,0.08
427070,0.06
427071,0.16
427072,0.01
427073,0.04
427074,0.01
427075,0.02
427076,0.02
427077,0.25
427078,0.09
427079,0.01
427080,0.01
427081,0.09
427082,0.04
427088,0.04
427109,0.04
427110,0.12
427111,0.06
427114,0.11
427115,0.28
427120,0.03
427121,0.02
427122,0.35
427125,0.03
427126,0.06
427127,0.03
427128,0.06
427129,0.02
427130,0.16
427131,0.03
427132,0.01
427133,0.07
427134,0.0
427135,0.06
427137,0.12
427138,0.07
427139,0.01
427140,0.09
427142,0.03
427143,0.08
427144,0.07
427145,0.01
427146,0.12
427147,0.19
427148,0.03
427149,0.15
427150,0.19
427151,0.03
427152,0.0
427153,0.0
427154,0.42
427155,0.07
427156,0.06
427157,0.07
427158,0.07
427159,0.14
427160,0.04
427161,0.11
427162,0.41
427163,0.2
427164,0.06
427165,0.02
427254,0.05
427263,0.03
427324,0.14
427330,0.18
427379,0.06
427465,0.05
427485,0.14
427489,0.02
427505,0.07
427567,0.1
427575,0.19
427578,0.22
427589,0.59
427612,0.08
427615,0.04
427618,0.02
427620,0.07
427622,0.01
427627,0.09
427628,0.01
427632,0.05
427634,0.03
427635,0.05
427637,0.15
427639,0.34
427640,0.06
427641,0.01
427642,0.17
427643,0.1
427645,0.11
427646,0.07
427647,0.05
427649,0.04
427650,0.1
427652,0.16
427653,0.14
427654,0.02
427655,0.07
427656,0.01
427657,0.18
427658,0.16
427659,0.04
427660,0.03
427661,0.04
427662,0.01
427663,0.03
427664,0.1
427665,0.02
427666,0.03
427667,0.02
427668,0.29
427669,0.09
427671,0.48
427672,0.13
427673,0.0
427676,0.08
427677,0.03
427703,0.06
427738,0.01
427809,0.08
427881,0.09
427949,0.06
427985,0.24
428047,0.12
428054,0.55
428080,0.47
428143,0.09
428162,0.17
428166,0.05
428187,0.03
428188,0.06
428189,0.05
428195,0.01
428196,0.11
428198,0.09
428200,0.0
428201,0.04
428204,0.35
428206,0.14
428207,0.37
428208,0.18
428210,0.03
428211,0.07
428212,0.13
428213,0.03
428215,0.01
428217,0.05
428218,0.04
428219,0.15
428220,0.03
428222,0.23
428223,0.08
428224,0.06
428225,0.03
428227,0.03
428228,0.09
428229,0.27
428230,0.22
428231,0.04
428232,0.07
428233,0.03
428234,0.11
428235,0.25
428236,0.06
428237,0.27
428238,0.06
428240,0.02
428241,0.09
428242,0.03
428243,0.07
428244,0.15
428311,0.12
428312,0.06
428313,0.24
428314,0.09
428409,0.03
428416,0.09
428423,0.05
428424,0.11
428463,0.25
428485,0.36
428517,0.07
428518,0.2
428561,0.05
428565,0.01
428590,0.03
428597,0.02
428614,0.08
428616,0.19
428621,0.01
428626,0.2
428629,0.04
428636,0.16
428647,0.04
428654,0.05
428659,0.01
428686,0.08
428690,0.03
428701,0.05
428708,0.24
428714,0.11
428722,0.04
428729,0.07
428745,0.05
428751,0.04
428757,0.07
428764,0.06
428774,0.16
428778,0.06
428783,0.01
428789,0.09
428797,0.05
428799,0.1
428801,0.34
428804,0.1
428806,0.05
428813,0.01
428816,0.1
428821,0.07
428832,0.19
428839,0.06
428842,0.21
428850,0.04
428859,0.08
428871,0.02
428907,0.28
428913,0.12
428920,0.12
428924,0.06
428928,0.1
428930,0.01
428933,0.14
428938,0.02
428944,0.12
428948,0.05
428963,0.02
428975,0.17
428979,0.04
428982,0.33
428984,0.01
428987,0.06
429015,0.03
429018,0.12
429028,0.0
429035,0.46
429037,0.05
429042,0.03
429055,0.01
429066,0.06
429067,0.24
429069,0.02
429077,0.02
429078,0.17
429083,0.02
429091,0.08
429093,0.01
429094,0.05
429103,0.14
429109,0.11
429121,0.3
429129,0.03
429134,0.01
429138,0.06
429164,0.05
429173,0.21
429182,0.02
429190,0.04
429199,0.0
429219,0.07
429224,0.02
429226,0.26
429230,0.05
429239,0.03
429243,0.09
429256,0.07
429266,0.1
429269,0.04
429294,0.03
429295,0.13
429297,0.14
429299,0.18
429302,0.06
429305,0.21
429308,0.0
429314,0.21
429318,0.05
429348,0.05
429356,0.63
429359,0.16
429372,0.08
429373,0.2
429384,0.14
429385,0.12
429398,0.03
429405,0.09
429407,0.04
429408,0.08
429412,0.09
429414,0.11
429415,0.11
429421,0.17
429422,0.08
429430,0.02
429432,0.02
429440,0.12
429442,0.37
429451,0.52
429459,0.05
429469,0.06
429471,0.03
429482,0.0
429483,0.13
429491,0.15
429493,0.04
429496,0.16
429498,0.02
429501,0.1
429502,0.02
429508,0.05
429509,0.02
429511,0.43
429528,0.0
429531,0.2
429539,0.19
429549,0.18
429555,0.14
429557,0.03
429567,0.1
429570,0.07
429576,0.03
429590,0.02
429591,0.26
429597,0.07
429600,0.27
429602,0.0
429604,0.09
429623,0.15
429625,0.08
429626,0.04
429628,0.01
429634,0.07
429637,0.05
429666,0.01
429667,0.08
429670,0.11
429673,0.03
429678,0.01
429693,0.04
429702,0.0
429708,0.01
429737,0.03
429739,0.04
429740,0.04
429750,0.11
429770,0.14
429774,0.06
429777,0.05
429780,0.03
429809,0.2
429810,0.0
429831,0.02
429835,0.06
429838,0.05
429846,0.0
429851,0.07
429852,0.1
429856,0.01
429857,0.06
429866,0.38
429871,0.05
429873,0.09
429879,0.16
429882,0.04
429885,0.03
429890,0.18
429897,0.05
429933,0.13
429936,0.03
429948,0.11
429952,0.13
429967,0.0
429982,0.01
429989,0.09
430000,0.04
430003,0.04
430011,0.03
430019,0.0
430035,0.07
430042,0.29
430047,0.14
430048,0.08
430059,0.09
430060,0.18
430077,0.03
430080,0.08
430083,0.31
430086,0.1
430090,0.12
430103,0.06
430107,0.18
430114,0.06
430116,0.11
430124,0.09
430129,0.12
430132,0.26
430146,0.12
430155,0.06
430156,0.06
430160,0.1
430168,0.09
430170,0.01
430176,0.08
430177,0.25
430186,0.18
430187,0.07
430195,0.05
430198,0.25
430204,0.13
430210,0.04
430211,0.32
430213,0.03
430216,0.08
430217,0.12
430227,0.05
430253,0.06
430266,0.19
430274,0.07
430280,0.06
430300,0.05
430301,0.04
430309,0.12
430313,0.05
430316,0.06
430319,0.16
430332,0.1
430346,0.07
430357,0.14
430359,0.05
430368,0.04
430376,0.02
430383,0.05
430389,0.05
430393,0.13
430394,0.02
430404,0.15
430405,0.03
430407,0.19
430433,0.12
430445,0.04
430446,0.01
430451,0.04
430452,0.03
430459,0.08
430466,0.12
430467,0.0
430473,0.22
430477,0.01
430483,0.04
430512,0.04
430521,0.02
430524,0.01
430529,0.06
430533,0.02
430536,0.1
430538,0.01
430540,0.12
430548,0.03
430549,0.14
430550,0.04
430566,0.07
430574,0.04
430576,0.15
430582,0.16
430585,0.04
430625,0.03
430627,0.05
430629,0.11
430637,0.05
430639,0.01
430641,0.05
430656,0.02
430659,0.01
430661,0.0
430671,0.11
430672,0.1
430673,0.08
430674,0.08
430676,0.04
430691,0.02
430698,0.04
430699,0.12
430708,0.07
430719,0.09
430726,0.01
430728,0.47
430730,0.23
430731,0.12
430732,0.05
430738,0.16
430770,0.18
430782,0.12
430785,0.11
430786,0.06
430806,0.32
430818,0.3
430819,0.09
430820,0.1
430835,0.05
430836,0.01
430837,0.06
430838,0.0
430839,0.03
430847,0.11
430853,0.12
430856,0.04
430876,0.02
430886,0.03
430887,0.02
430889,0.02
430927,0.01
430931,0.22
430939,0.03
430942,0.02
430949,0.02
430957,0.01
430960,0.03
430961,0.06
430962,0.26
430973,0.02
430975,0.0
430976,0.02
430981,0.09
430992,0.04
431007,0.15
431010,0.03
431013,0.0
431023,0.01
431027,0.06
431044,0.07
431056,0.0
431058,0.02
431065,0.07
431077,0.14
431080,0.19
431082,0.01
431088,0.08
431095,0.23
431100,0.07
431106,0.15
431107,0.21
431110,0.03
431114,0.17
431138,0.06
431144,0.05
431162,0.04
431170,0.34
431171,0.0
431176,0.16
431203,0.1
431211,0.04
431212,0.05
431215,0.04
431238,0.36
431241,0.1
431244,0.1
431254,0.04
431263,0.08
431278,0.01
431285,0.23
431286,0.06
431298,0.03
431305,0.03
431315,0.31
431323,0.11
431325,0.08
431334,0.01
431358,0.14
431372,0.08
431373,0.01
431374,0.42
431377,0.07
431386,0.06
431388,0.21
431395,0.0
431396,0.01
431413,0.02
431416,0.09
431418,0.11
431431,0.19
431444,0.12
431449,0.24
431467,0.04
431469,0.06
431479,0.04
431480,0.03
431481,0.01
431488,0.02
431492,0.14
431496,0.12
431497,0.01
431508,0.08
431511,0.02
431517,0.02
431520,0.15
431538,0.09
431540,0.02
431543,0.4
431545,0.03
431560,0.02
431561,0.06
431584,0.22
431591,0.25
431593,0.08
431625,0.12
431630,0.23
431633,0.1
431635,0.03
431649,0.04
431650,0.16
431651,0.03
431652,0.12
431667,0.11
431668,0.37
431672,0.05
431675,0.28
431680,0.25
431682,0.01
431683,0.03
431693,0.02
431697,0.03
431726,0.34
431731,0.03
431732,0.1
431744,0.01
431750,0.01
431755,0.03
431756,0.1
431757,0.05
431765,0.05
431766,0.01
431768,0.09
431770,0.08
431773,0.04
431775,0.08
431777,0.12
431778,0.36
431801,0.17
431807,0.0
431810,0.06
431815,0.06
431816,0.09
431823,0.08
431831,0.11
431837,0.09
431841,0.07
431845,0.0
431854,0.09
431857,0.05
431865,0.03
431866,0.04
431867,0.05
431869,0.02
431889,0.08
431899,0.0
431903,0.13
431909,0.0
431914,0.06
431916,0.06
431918,0.3
431931,0.04
431940,0.04
431948,0.15
431962,0.13
431965,0.02
431974,0.01
431976,0.06
431987,0.17
431988,0.07
431995,0.1
431999,0.08
432003,0.02
432005,0.1
432009,0.12
432011,0.07
432022,0.23
432028,0.14
432030,0.06
432037,0.02
432065,0.08
432070,0.05
432075,0.08
432078,0.13
432080,0.12
432085,0.03
432092,0.09
432111,0.09
432112,0.01
432115,0.04
432117,0.12
432118,0.17
432129,0.12
432132,0.14
432133,0.05
432145,0.14
432146,0.01
432148,0.13
432156,0.05
432167,0.03
432169,0.04
432188,0.08
432192,0.28
432221,0.03
432226,0.08
432231,0.03
432247,0.02
432252,0.04
432254,0.04
432263,0.05
432265,0.02
432271,0.08
432280,0.06
432282,0.06
432284,0.03
432291,0.23
432296,0.12
432298,0.16
432301,0.01
432309,0.07
432312,0.1
432320,0.01
432324,0.03
432330,0.06
432339,0.02
432356,0.05
432357,0.01
432362,0.05
432365,0.02
432366,0.06
432370,0.03
432377,0.15
432384,0.2
432391,0.13
432405,0.02
432406,0.12
432414,0.22
432415,0.03
432417,0.01
432419,0.01
432424,0.03
432425,0.05
432432,0.3
432438,0.14
432441,0.11
432444,0.46
432446,0.53
432452,0.07
432454,0.09
432473,0.28
432482,0.18
432489,0.04
432492,0.24
432495,0.01
432501,0.13
432507,0.05
432509,0.38
432510,0.02
432522,0.03
432525,0.05
432526,0.06
432527,0.24
432532,0.06
432535,0.01
432544,0.02
432547,0.08
432551,0.05
432553,0.03
432555,0.03
432560,0.02
432569,0.12
432577,0.04
432585,0.17
432590,0.01
432591,0.05
432594,0.03
432607,0.03
432608,0.28
432609,0.0
432612,0.25
432613,0.03
432616,0.05
432618,0.35
432622,0.05
432626,0.08
432639,0.01
432640,0.04
432642,0.11
432648,0.06
432653,0.09
432661,0.08
432668,0.05
432682,0.08
432686,0.2
432693,0.06
432695,0.31
432696,0.19
432698,0.06
432699,0.04
432702,0.09
432707,0.05
432712,0.04
432719,0.04
432724,0.01
432728,0.13
432737,0.15
432745,0.24
432746,0.12
432749,0.13
432752,0.0
432758,0.03
432769,0.09
432770,0.08
432771,0.12
432788,0.01
432804,0.03
432807,0.24
432830,0.12
432831,0.07
432842,0.1
432849,0.18
432876,0.11
432886,0.11
432888,0.02
432897,0.0
432918,0.04
432919,0.07
432920,0.04
432921,0.05
432930,0.08
432932,0.03
432943,0.12
432944,0.03
432951,0.09
432952,0.05
432965,0.06
432969,0.03
432981,0.06
432985,0.0
432986,0.03
432988,0.11
432991,0.11
432992,0.1
433002,0.05
433018,0.09
433019,0.08
433021,0.04
433024,0.02
433031,0.04
433035,0.12
433047,0.6
433050,0.04
433051,0.01
433055,0.08
433058,0.25
433069,0.02
433079,0.1
433098,0.05
433099,0.03
433104,0.06
433112,0.07
433117,0.03
433119,0.04
433130,0.0
433132,0.17
433158,0.23
433159,0.03
433162,0.0
433166,0.32
433169,0.09
433173,0.04
433174,0.12
433183,0.3
433184,0.02
433198,0.03
433205,0.33
433221,0.09
433271,0.2
433274,0.01
433276,0.35
433281,0.04
433283,0.17
433296,0.07
433300,0.06
433304,0.01
433308,0.16
433312,0.04
433313,0.21
433319,0.02
433332,0.18
433342,0.03
433343,0.06
433344,0.1
433345,0.06
433347,0.1
433350,0.02
433355,0.23
433356,0.05
433359,0.03
433361,0.05
433363,0.06
433370,0.07
433371,0.05
433374,0.17
433384,0.06
433390,0.06
433392,0.06
433396,0.06
433403,0.07
433405,0.02
433408,0.31
433410,0.23
433411,0.08
433424,0.11
433431,0.04
433432,0.21
433440,0.06
433441,0.06
433451,0.18
433452,0.07
433459,0.06
433463,0.05
433464,0.07
433470,0.07
433480,0.07
433482,0.06
433485,0.01
433494,0.23
433495,0.06
433496,0.01
433505,0.04
433509,0.04
433515,0.05
433518,0.08
433519,0.21
433527,0.13
433532,0.05
433535,0.0
433539,0.13
433561,0.02
433564,0.43
433566,0.1
433574,0.03
433575,0.03
433584,0.12
433591,0.21
433596,0.23
433598,0.17
433602,0.0
433606,0.07
433611,0.03
433617,0.03
433620,0.28
433628,0.15
433631,0.05
433651,0.07
433653,0.13
433657,0.02
433661,0.07
433662,0.26
433663,0.1
433668,0.1
433670,0.22
433680,0.12
433686,0.24
433709,0.06
433725,0.07
433731,0.05
433735,0.23
433745,0.07
433748,0.01
433754,0.05
433762,0.04
433766,0.08
433767,0.01
433779,0.23
433783,0.02
433785,0.07
433789,0.0
433794,0.23
433799,0.06
433800,0.01
433804,0.16
433816,0.12
433820,0.11
433829,0.05
433837,0.03
433840,0.06
433842,0.06
433849,0.08
433853,0.05
433862,0.04
433872,0.05
433882,0.07
433892,0.09
433896,0.02
433906,0.04
433913,0.15
433914,0.01
433957,0.09
433958,0.24
433965,0.14
433976,0.09
433984,0.01
433995,0.08
433996,0.06
434006,0.13
434007,0.08
434009,0.03
434019,0.11
434024,0.09
434026,0.23
434027,0.06
434034,0.2
434036,0.02
434037,0.07
434046,0.04
434050,0.03
434051,0.0
434052,0.12
434055,0.1
434061,0.19
434064,0.07
434108,0.13
434109,0.1
434121,0.05
434122,0.07
434140,0.01
434151,0.05
434156,0.07
434157,0.01
434160,0.23
434164,0.06
434167,0.02
434169,0.11
434173,0.01
434176,0.07
434177,0.1
434179,0.1
434180,0.09
434183,0.09
434192,0.03
434205,0.05
434209,0.07
434212,0.05
434214,0.17
434216,0.08
434222,0.09
434223,0.03
434224,0.16
434259,0.11
434261,0.0
434263,0.08
434264,0.03
434282,0.03
434283,0.03
434293,0.25
434317,0.15
434322,0.03
434326,0.1
434327,0.0
434328,0.08
434336,0.12
434340,0.05
434342,0.16
434350,0.22
434355,0.05
434375,0.03
434387,0.1
434390,0.12
434391,0.02
434408,0.0
434410,0.05
434423,0.05
434439,0.08
434442,0.06
434445,0.14
434448,0.08
434460,0.06
434465,0.03
434467,0.09
434468,0.1
434501,0.15
434504,0.12
434505,0.2
434507,0.03
434514,0.06
434535,0.06
434538,0.52
434542,0.24
434545,0.25
434554,0.18
434556,0.09
434568,0.11
434569,0.16
434571,0.18
434574,0.16
434579,0.03
434599,0.15
434604,0.14
434606,0.04
434607,0.01
434608,0.0
434610,0.06
434615,0.19
434616,0.26
434619,0.07
434658,0.1
434669,0.03
434675,0.04
434678,0.02
434680,0.07
434690,0.13
434698,0.08
434702,0.17
434704,0.0
434722,0.04
434727,0.08
434730,0.01
434735,0.03
434739,0.17
434765,0.03
434767,0.33
434784,0.17
434787,0.04
434788,0.21
434789,0.05
434790,0.1
434791,0.1
434802,0.09
434806,0.03
434807,0.11
434808,0.12
434815,0.06
434816,0.18
434817,0.14
434818,0.17
434830,0.09
434918,0.06
434920,0.03
434921,0.07
434922,0.12
434937,0.05
434948,0.02
434949,0.19
434952,0.05
434954,0.09
434957,0.08
434968,0.02
434974,0.05
434982,0.19
434986,0.02
434993,0.03
434995,0.15
435005,0.08
435013,0.05
435027,0.04
435034,0.37
435056,0.21
435060,0.02
435062,0.14
435068,0.03
435069,0.03
435071,0.11
435079,0.02
435086,0.17
435092,0.07
435099,0.04
435100,0.04
435108,0.1
435118,0.07
435120,0.02
435129,0.16
435132,0.31
435138,0.04
435139,0.31
435142,0.18
435147,0.15
435148,0.19
435151,0.04
435153,0.03
435154,0.18
435164,0.27
435173,0.02
435174,0.07
435179,0.01
435199,0.09
435202,0.03
435203,0.07
435214,0.28
435217,0.06
435222,0.06
435229,0.42
435239,0.05
435248,0.11
435259,0.13
435260,0.03
435263,0.08
435264,0.01
435267,0.05
435274,0.07
435286,0.03
435296,0.04
435308,0.06
435328,0.17
435333,0.05
435363,0.04
435366,0.03
435375,0.02
435378,0.14
435400,0.1
435408,0.15
435409,0.01
435415,0.01
435419,0.17
435422,0.02
435428,0.12
435432,0.11
435434,0.1
435435,0.17
435440,0.15
435455,0.06
435464,0.08
435470,0.0
435475,0.31
435478,0.08
435480,0.14
435482,0.01
435490,0.03
435507,0.11
435509,0.08
435510,0.01
435519,0.02
435527,0.1
435533,0.07
435534,0.32
435535,0.06
435536,0.03
435540,0.09
435551,0.03
435562,0.43
435564,0.08
435585,0.1
435590,0.01
435609,0.0
435610,0.01
435611,0.02
435623,0.17
435681,0.03
435682,0.06
435683,0.12
435704,0.12
435711,0.05
435713,0.09
435714,0.04
435716,0.07
435717,0.23
435718,0.08
435719,0.04
435741,0.09
435765,0.02
435766,0.06
435767,0.05
435773,0.21
435802,0.05
435806,0.11
435807,0.11
435809,0.02
435811,0.21
435816,0.08
435823,0.12
435835,0.08
435848,0.04
435849,0.32
435858,0.02
435870,0.09
435874,0.03
435890,0.15
435892,0.0
435911,0.06
435915,0.02
435924,0.04
435937,0.03
435943,0.09
435958,0.01
435962,0.04
435965,0.13
435968,0.2
435997,0.05
435998,0.23
435999,0.03
436009,0.19
436021,0.1
436022,0.02
436026,0.21
436032,0.01
436037,0.08
436049,0.03
436058,0.03
436059,0.06
436062,0.21
436068,0.07
436079,0.08
436082,0.05
436083,0.18
436093,0.08
436098,0.03
436113,0.04
436127,0.22
436148,0.07
436152,0.2
436159,0.01
436165,0.04
436170,0.06
436174,0.03
436176,0.05
436183,0.03
436194,0.02
436196,0.06
436204,0.06
436207,0.16
436210,0.04
436219,0.22
436227,0.03
436230,0.09
436233,0.01
436235,0.21
436250,0.05
436260,0.24
436285,0.21
436291,0.03
436304,0.05
436307,0.14
436308,0.07
436311,0.07
436314,0.1
436322,0.07
436323,0.17
436339,0.02
436350,0.05
436358,0.08
436359,0.1
436363,0.1
436365,0.04
436369,0.02
436377,0.07
436378,0.12
436387,0.03
436394,0.22
436397,0.06
436399,0.14
436401,0.02
436404,0.13
436421,0.02
436422,0.23
436426,0.09
436430,0.07
436464,0.02
436471,0.01
436476,0.01
436478,0.04
436486,0.03
436497,0.06
436508,0.1
436509,0.03
436510,0.07
436511,0.36
436528,0.06
436531,0.14
436534,0.26
436535,0.1
436536,0.02
436537,0.02
436560,0.04
436562,0.13
436563,0.18
436564,0.08
436598,0.05
436599,0.07
436600,0.02
436637,0.04
436674,0.06
436706,0.04
436721,0.11
436722,0.17
436735,0.1
436747,0.26
436748,0.12
436750,0.11
436757,0.33
436767,0.06
436771,0.03
436781,0.13
436786,0.0
436799,0.09
436807,0.08
436812,0.04
436821,0.1
436835,0.04
436836,0.05
436846,0.09
436874,0.03
436880,0.22
436882,0.14
436885,0.11
436893,0.03
436894,0.0
436896,0.04
436902,0.08
436918,0.07
436921,0.09
436935,0.08
436955,0.04
436961,0.08
436963,0.12
436964,0.15
436970,0.03
436975,0.0
437005,0.14
437014,0.12
437020,0.08
437043,0.04
437045,0.03
437070,0.13
437078,0.05
437095,0.03
437097,0.07
437123,0.03
437127,0.04
437128,0.11
437130,0.07
437147,0.19
437156,0.06
437157,0.19
437160,0.22
437161,0.01
437169,0.14
437189,0.09
437196,0.09
437198,0.08
437200,0.01
437206,0.09
437211,0.01
437215,0.13
437218,0.03
437226,0.07
437229,0.14
437235,0.01
437244,0.04
437245,0.06
437246,0.12
437264,0.07
437266,0.02
437268,0.05
437269,0.06
437273,0.03
437275,0.23
437276,0.1
437302,0.01
437304,0.11
437305,0.09
437306,0.09
437334,0.02
437335,0.1
437336,0.07
437338,0.14
437343,0.26
437356,0.09
437357,0.05
437358,0.12
437359,0.02
437360,0.18
437393,0.01
437397,0.16
437403,0.04
437409,0.02
437426,0.15
437430,0.12
437446,0.27
437459,0.01
437461,0.09
437462,0.1
437463,0.03
437475,0.01
437478,0.03
437480,0.03
437482,0.08
437486,0.03
437491,0.24
437492,0.04
437493,0.13
437496,0.09
437510,0.05
437515,0.04
437516,0.02
437519,0.03
437522,0.11
437524,0.05
437532,0.15
437538,0.01
437546,0.12
437551,0.11
437553,0.38
437556,0.12
437573,0.12
437575,0.05
437584,0.28
437591,0.17
437592,0.03
437595,0.08
437602,0.05
437610,0.01
437611,0.04
437621,0.11
437622,0.08
437624,0.0
437630,0.01
437631,0.15
437636,0.05
437666,0.02
437672,0.16
437676,0.03
437687,0.06
437689,0.26
437706,0.15
437712,0.14
437735,0.01
437757,0.08
437763,0.06
437790,0.02
437791,0.05
437795,0.08
437803,0.06
437810,0.1
437811,0.07
437813,0.0
437820,0.05
437823,0.02
437832,0.03
437841,0.07
437852,0.12
437858,0.04
437862,0.08
437892,0.01
437896,0.04
437903,0.38
437905,0.12
437911,0.37
437913,0.09
437918,0.01
437922,0.09
437933,0.05
437936,0.01
437945,0.04
437966,0.02
437967,0.13
437972,0.07
437977,0.15
437984,0.06
437996,0.02
437997,0.06
437999,0.01
438001,0.02
438004,0.09
438007,0.08
438029,0.08
438031,0.02
438034,0.11
438038,0.18
438054,0.1
438058,0.09
438064,0.11
438065,0.07
438074,0.01
438084,0.03
438088,0.03
438089,0.03
438090,0.13
438117,0.13
438118,0.0
438151,0.14
438152,0.05
438153,0.07
438154,0.02
438167,0.08
438187,0.08
438192,0.23
438195,0.04
438196,0.2
438220,0.05
438223,0.12
438229,0.06
438256,0.08
438258,0.08
438260,0.05
438264,0.02
438273,0.06
438306,0.15
438307,0.04
438308,0.03
438309,0.02
438310,0.18
438341,0.16
438348,0.02
438349,0.02
438364,0.01
438368,0.11
438380,0.12
438382,0.08
438402,0.06
438404,0.18
438408,0.25
438410,0.08
438429,0.05
438434,0.04
438435,0.11
438437,0.13
438438,0.06
438444,0.08
438471,0.06
438506,0.07
438521,0.06
438524,0.26
438525,0.12
438534,0.04
438541,0.02
438546,0.02
438547,0.15
438564,0.0
438568,0.03
438570,0.02
438578,0.02
438582,0.08
438587,0.06
438604,0.06
438620,0.02
438621,0.04
438624,0.05
438634,0.22
438644,0.1
438645,0.09
438651,0.14
438659,0.07
438660,0.06
438662,0.07
438668,0.02
438673,0.07
438677,0.01
438683,0.22
438687,0.14
438700,0.19
438713,0.1
438714,0.02
438715,0.02
438717,0.02
438721,0.15
438738,0.07
438749,0.01
438750,0.01
438756,0.1
438771,0.0
438777,0.01
438781,0.04
438783,0.18
438786,0.53
438792,0.04
438802,0.08
438808,0.05
438814,0.02
438829,0.1
438846,0.08
438851,0.04
438856,0.48
438858,0.27
438861,0.01
438862,0.09
438876,0.12
438880,0.02
438891,0.13
438896,0.18
438898,0.11
438904,0.11
438908,0.07
438921,0.16
438923,0.17
438929,0.1
438942,0.11
438950,0.28
438979,0.47
438994,0.06
438995,0.04
438996,0.03
439002,0.24
439013,0.01
439015,0.09
439017,0.08
439029,0.03
439047,0.26
439048,0.1
439049,0.23
439050,0.03
439061,0.23
439065,0.18
439069,0.09
439070,0.1
439071,0.03
439072,0.09
439073,0.09
439076,0.02
439077,0.08
439078,0.08
439089,0.06
439095,0.01
439113,0.02
439122,0.03
439127,0.04
439153,0.02
439154,0.19
439157,0.04
439197,0.02
439205,0.05
439207,0.17
439209,0.0
439213,0.05
439218,0.1
439222,0.06
439229,0.17
439233,0.02
439235,0.02
439236,0.07
439239,0.03
439248,0.05
439255,0.07
439265,0.06
439266,0.09
439268,0.05
439270,0.08
439276,0.19
439285,0.02
439294,0.05
439296,0.04
439299,0.16
439310,0.06
439319,0.04
439320,0.09
439325,0.05
439327,0.04
439328,0.03
439334,0.1
439335,0.16
439339,0.1
439343,0.01
439353,0.07
439356,0.15
439374,0.04
439391,0.07
439400,0.04
439405,0.19
439413,0.09
439448,0.01
439451,0.09
439455,0.18
439468,0.02
439472,0.1
439473,0.03
439477,0.04
439483,0.04
439484,0.03
439501,0.14
439505,0.04
439512,0.13
439515,0.05
439525,0.04
439535,0.04
439539,0.05
439548,0.38
439549,0.09
439550,0.16
439551,0.08
439558,0.03
439562,0.04
439566,0.03
439571,0.08
439587,0.03
439591,0.06
439595,0.2
439611,0.06
439614,0.18
439618,0.12
439620,0.13
439626,0.04
439633,0.07
439657,0.04
439660,0.16
439661,0.04
439666,0.05
439673,0.07
439675,0.15
439705,0.1
439707,0.09
439720,0.01
439727,0.07
439733,0.08
439736,0.04
439737,0.04
439746,0.04
439755,0.06
439763,0.11
439765,0.07
439766,0.07
439768,0.08
439774,0.06
439779,0.01
439781,0.3
439784,0.18
439808,0.06
439816,0.0
439818,0.01
439820,0.01
439824,0.07
439830,0.1
439839,0.02
439841,0.14
439845,0.01
439874,0.04
439875,0.01
439879,0.01
439882,0.12
439883,0.05
439900,0.0
439901,0.04
439906,0.06
439909,0.1
439911,0.16
439914,0.02
439936,0.14
439937,0.11
439945,0.02
439950,0.03
439955,0.07
439956,0.06
439971,0.23
439977,0.13
439984,0.27
439985,0.02
439990,0.06
439994,0.12
440003,0.03
440030,0.09
440042,0.15
440048,0.07
440054,0.05
440073,0.2
440074,0.16
440080,0.04
440082,0.06
440085,0.15
440088,0.11
440091,0.0
440100,0.0
440103,0.05
440113,0.3
440119,0.07
440127,0.0
440130,0.0
440131,0.02
440135,0.11
440139,0.11
440147,0.1
440156,0.1
440158,0.08
440162,0.05
440163,0.13
440176,0.03
440181,0.0
440191,0.04
440192,0.08
440215,0.0
440219,0.1
440222,0.06
440238,0.03
440239,0.02
440244,0.01
440245,0.01
440252,0.05
440266,0.05
440267,0.16
440281,0.15
440283,0.03
440292,0.06
440307,0.01
440309,0.03
440313,0.08
440315,0.08
440320,0.07
440332,0.0
440336,0.05
440338,0.06
440342,0.1
440350,0.05
440352,0.06
440356,0.02
440359,0.06
440384,0.02
440395,0.09
440396,0.02
440397,0.16
440401,0.09
440408,0.17
440411,0.12
440425,0.03
440439,0.03
440451,0.28
440460,0.15
440463,0.13
440473,0.06
440479,0.01
440497,0.03
440506,0.08
440509,0.05
440518,0.01
440528,0.11
440536,0.25
440543,0.03
440561,0.0
440562,0.1
440566,0.1
440572,0.14
440574,0.2
440585,0.07
440592,0.04
440601,0.18
440606,0.14
440632,0.08
440643,0.06
440653,0.0
440669,0.0
440682,0.01
440691,0.02
440701,0.04
440706,0.1
440708,0.12
440714,0.25
440721,0.22
440723,0.17
440750,0.02
440759,0.19
440773,0.06
440792,0.22
440793,0.03
440798,0.12
440804,0.11
440819,0.08
440827,0.16
440851,0.08
440861,0.03
440862,0.07
440868,0.05
440874,0.08
440877,0.17
440883,0.01
440884,0.2
440886,0.03
440900,0.12
440902,0.07
440904,0.15
440910,0.15
440913,0.07
440915,0.18
440923,0.15
440924,0.03
440927,0.02
440936,0.08
440968,0.08
440973,0.0
440975,0.13
440979,0.17
440986,0.22
440987,0.08
440995,0.09
440998,0.11
441000,0.01
441004,0.13
441007,0.12
441014,0.26
441026,0.14
441032,0.15
441042,0.07
441051,0.14
441060,0.03
441061,0.09
441081,0.08
441082,0.06
441085,0.01
441087,0.04
441089,0.0
441091,0.07
441095,0.1
441114,0.09
441128,0.12
441138,0.14
441154,0.03
441156,0.13
441157,0.24
441175,0.08
441183,0.14
441189,0.02
441207,0.02
441209,0.2
441217,0.13
441228,0.06
441229,0.06
441239,0.01
441244,0.07
441256,0.06
441275,0.05
441278,0.02
441284,0.08
441288,0.08
441293,0.14
441294,0.21
441297,0.42
441298,0.01
441304,0.01
441316,0.09
441318,0.12
441351,0.09
441354,0.17
441363,0.15
441373,0.17
441375,0.03
441382,0.05
441385,0.02
441388,0.04
441392,0.36
441402,0.27
441413,0.1
441417,0.4
441427,0.03
441437,0.09
441453,0.2
441458,0.11
441459,0.05
441463,0.03
441466,0.02
441475,0.01
441479,0.07
441497,0.06
441501,0.12
441509,0.01
441513,0.07
441546,0.08
441547,0.03
441563,0.27
441565,0.02
441567,0.04
441576,0.07
441577,0.06
441578,0.04
441597,0.08
441607,0.06
441609,0.02
441611,0.04
441613,0.13
441622,0.04
441637,0.07
441638,0.0
441652,0.07
441660,0.16
441667,0.12
441671,0.15
441672,0.04
441675,0.25
441679,0.05
441700,0.01
441701,0.11
441711,0.0
441725,0.03
441732,0.03
441741,0.0
441743,0.03
441761,0.01
441763,0.01
441766,0.03
441778,0.09
441780,0.15
441782,0.03
441785,0.06
441796,0.02
441808,0.21
441809,0.35
441811,0.09
441825,0.01
441828,0.11
441835,0.08
441860,0.02
441865,0.06
441871,0.01
441874,0.06
441876,0.12
441885,0.05
441896,0.06
441908,0.1
441913,0.03
441921,0.19
441926,0.07
441936,0.08
441941,0.05
441947,0.03
441957,0.12
441961,0.15
441969,0.01
441979,0.13
441986,0.08
441987,0.02
441996,0.18
441997,0.01
441998,0.23
442001,0.05
442002,0.09
442003,0.11
442010,0.04
442013,0.01
442015,0.23
442026,0.06
442030,0.08
442032,0.23
442033,0.36
442039,0.09
442049,0.03
442054,0.02
442060,0.04
442065,0.09
442067,0.19
442074,0.03
442076,0.18
442080,0.11
442085,0.04
442093,0.11
442100,0.05
442123,0.17
442124,0.17
442128,0.2
442149,0.14
442151,0.18
442157,0.21
442158,0.17
442159,0.03
442161,0.02
442179,0.06
442187,0.02
442190,0.11
442195,0.12
442199,0.09
442233,0.03
442234,0.24
442235,0.01
442250,0.01
442256,0.03
442258,0.26
442264,0.13
442280,0.04
442288,0.01
442290,0.02
442293,0.17
442299,0.12
442303,0.22
442306,0.0
442308,0.0
442312,0.11
442315,0.02
442320,0.17
442321,0.16
442328,0.23
442331,0.16
442359,0.0
442361,0.01
442366,0.05
442368,0.16
442372,0.04
442378,0.07
442392,0.1
442393,0.03
442399,0.06
442401,0.16
442404,0.09
442405,0.07
442438,0.11
442442,0.07
442451,0.14
442452,0.07
442458,0.03
442461,0.03
442464,0.06
442468,0.04
442479,0.2
442484,0.09
442504,0.14
442505,0.04
442513,0.04
442520,0.0
442527,0.14
442539,0.11
442540,0.12
442541,0.0
442555,0.03
442577,0.08
442586,0.04
442588,0.04
442613,0.22
442616,0.26
442622,0.06
442626,0.01
442627,0.07
442641,0.02
442647,0.04
442653,0.14
442656,0.03
442662,0.1
442672,0.02
442682,0.07
442684,0.05
442685,0.0
442698,0.18
442709,0.06
442716,0.15
442718,0.1
442723,0.15
442724,0.17
442737,0.03
442742,0.24
442743,0.05
442746,0.21
442766,0.03
442767,0.09
442769,0.01
442792,0.06
442797,0.14
442799,0.05
442804,0.05
442807,0.07
442816,0.18
442819,0.1
442826,0.19
442831,0.1
442846,0.02
442854,0.05
442861,0.01
442862,0.01
442870,0.13
442875,0.19
442890,0.01
442891,0.2
442896,0.05
442897,0.08
442902,0.04
442903,0.22
442905,0.06
442915,0.22
442937,0.14
442947,0.12
442949,0.15
442954,0.16
442972,0.07
443012,0.07
443018,0.18
443029,0.02
443031,0.03
443033,0.01
443035,0.1
443039,0.03
443040,0.11
443051,0.17
443062,0.07
443069,0.17
443080,0.1
443081,0.16
443090,0.12
443092,0.01
443106,0.08
443119,0.16
443134,0.1
443161,0.06
443170,0.1
443177,0.06
443189,0.03
443193,0.1
443199,0.12
443212,0.31
443226,0.2
443230,0.02
443239,0.16
443241,0.03
443244,0.0
443249,0.03
443253,0.0
443262,0.0
443264,0.22
443266,0.02
443274,0.06
443283,0.08
443295,0.04
443304,0.16
443313,0.03
443317,0.01
443324,0.03
443339,0.02
443344,0.13
443345,0.02
443352,0.05
443355,0.04
443356,0.15
443360,0.14
443364,0.43
443368,0.04
443375,0.15
443380,0.17
443391,0.12
443392,0.0
443397,0.05
443403,0.06
443406,0.26
443420,0.13
443431,0.01
443441,0.08
443456,0.12
443457,0.22
443459,0.02
443460,0.08
443471,0.06
443474,0.07
443486,0.18
443487,0.07
443490,0.04
443492,0.18
443495,0.09
443505,0.08
443512,0.22
443555,0.09
443576,0.1
443582,0.02
443583,0.04
443585,0.06
443588,0.07
443592,0.03
443596,0.12
443597,0.01
443606,0.01
443607,0.01
443608,0.25
443611,0.07
443612,0.08
443618,0.19
443623,0.03
443632,0.07
443633,0.1
443634,0.02
443637,0.03
443638,0.25
443669,0.08
443672,0.06
443685,0.03
443686,0.02
443694,0.01
443695,0.17
443697,0.39
443700,0.05
443734,0.15
443738,0.07
443742,0.0
443759,0.11
443760,0.16
443770,0.02
443776,0.04
443788,0.01
443791,0.03
443792,0.05
443803,0.1
443808,0.09
443832,0.02
443842,0.06
443847,0.02
443853,0.01
443854,0.26
443868,0.06
443873,0.17
443879,0.02
443883,0.12
443891,0.07
443908,0.08
443910,0.17
443918,0.03
443927,0.03
443935,0.13
443965,0.29
443974,0.09
443984,0.05
443986,0.25
443991,0.0
443996,0.0
444008,0.03
444014,0.03
444015,0.05
444016,0.02
444018,0.05
444053,0.08
444058,0.07
444065,0.11
444069,0.01
444082,0.03
444087,0.14
444089,0.17
444093,0.19
444104,0.0
444113,0.04
444118,0.2
444122,0.06
444123,0.09
444128,0.1
444136,0.0
444152,0.12
444155,0.15
444182,0.0
444183,0.13
444185,0.06
444213,0.04
444229,0.11
444231,0.04
444234,0.05
444240,0.02
444249,0.06
444265,0.11
444268,0.05
444271,0.04
444278,0.0
444279,0.1
444283,0.18
444285,0.01
444291,0.15
444297,0.01
444313,0.07
444318,0.06
444322,0.04
444333,0.04
444334,0.03
444359,0.04
444367,0.08
444369,0.15
444370,0.16
444376,0.07
444384,0.03
444387,0.08
444406,0.04
444409,0.07
444412,0.04
444418,0.14
444420,0.13
444424,0.0
444429,0.0
444432,0.06
444434,0.01
444440,0.0
444444,0.19
444450,0.05
444456,0.04
444457,0.01
444461,0.32
444504,0.03
444515,0.15
444516,0.06
444517,0.09
444519,0.08
444540,0.05
444573,0.18
444581,0.05
444582,0.0
444602,0.29
444605,0.07
444611,0.03
444614,0.04
444622,0.07
444624,0.1
444625,0.14
444639,0.05
444658,0.2
444673,0.09
444696,0.11
444719,0.01
444729,0.13
444737,0.1
444743,0.08
444758,0.06
444764,0.1
444780,0.02
444789,0.16
444795,0.01
444811,0.07
444814,0.04
444825,0.02
444831,0.0
444832,0.08
444835,0.11
444840,0.03
444841,0.08
444842,0.25
444846,0.07
444849,0.09
444867,0.04
444876,0.13
444893,0.11
444896,0.05
444897,0.04
444907,0.14
444908,0.02
444932,0.03
444933,0.06
444936,0.05
444941,0.09
444942,0.17
444950,0.05
444956,0.05
444965,0.03
444966,0.08
444970,0.0
444971,0.25
444978,0.01
444982,0.11
444984,0.0
444986,0.07
445001,0.01
445016,0.05
445027,0.15
445029,0.03
445032,0.03
445037,0.03
445043,0.03
445044,0.16
445047,0.06
445052,0.18
445073,0.22
445075,0.0
445076,0.04
445092,0.14
445095,0.12
445106,0.06
445110,0.15
445123,0.02
445124,0.02
445141,0.04
445151,0.13
445160,0.09
445161,0.05
445164,0.2
445165,0.09
445169,0.04
445175,0.2
445178,0.07
445182,0.06
445183,0.0
445192,0.01
445193,0.11
445200,0.0
445202,0.04
445203,0.0
445207,0.11
445245,0.04
445256,0.03
445282,0.03
445294,0.05
445300,0.24
445316,0.07
445331,0.0
445332,0.08
445343,0.11
445345,0.1
445346,0.06
445354,0.18
445355,0.28
445356,0.08
445366,0.29
445369,0.05
445390,0.02
445392,0.08
445398,0.01
445401,0.11
445417,0.01
445427,0.03
445465,0.02
445469,0.01
445472,0.01
445475,0.09
445483,0.07
445484,0.07
445493,0.15
445496,0.1
445504,0.0
445505,0.12
445507,0.04
445531,0.46
445536,0.04
445544,0.01
445559,0.03
445580,0.04
445589,0.03
445591,0.08
445595,0.06
445601,0.0
445612,0.05
445639,0.12
445656,0.22
445666,0.02
445682,0.1
445686,0.04
445700,0.1
445713,0.04
445716,0.12
445725,0.06
445728,0.03
445731,0.02
445742,0.05
445743,0.43
445755,0.01
445766,0.03
445781,0.35
445798,0.06
445799,0.03
445801,0.19
445810,0.12
445813,0.12
445822,0.04
445824,0.12
445826,0.04
445828,0.02
445829,0.03
445838,0.06
445840,0.05
445845,0.07
445847,0.07
445849,0.08
445852,0.1
445853,0.14
445856,0.17
445863,0.01
445864,0.21
445871,0.06
445907,0.14
445908,0.05
445917,0.04
445919,0.13
445925,0.1
445930,0.0
445938,0.05
445943,0.08
445946,0.05
445948,0.11
445970,0.02
445972,0.03
445974,0.38
445976,0.08
445979,0.06
445993,0.08
446001,0.15
446004,0.06
446025,0.05
446026,0.14
446046,0.09
446048,0.02
446055,0.08
446064,0.19
446068,0.03
446078,0.01
446094,0.04
446096,0.2
446120,0.08
446131,0.13
446139,0.23
446157,0.1
446179,0.13
446180,0.11
446186,0.06
446189,0.28
446200,0.04
446208,0.25
446210,0.12
446214,0.0
446226,0.08
446229,0.02
446237,0.01
446247,0.02
446256,0.04
446273,0.2
446286,0.01
446296,0.02
446302,0.16
446310,0.04
446315,0.07
446319,0.21
446320,0.1
446322,0.12
446356,0.2
446374,0.05
446375,0.04
446406,0.06
446407,0.02
446426,0.05
446428,0.04
446431,0.18
446433,0.01
446437,0.14
446441,0.07
446452,0.05
446464,0.11
446466,0.26
446468,0.05
446469,0.2
446472,0.3
446476,0.08
446478,0.02
446485,0.03
446499,0.0
446503,0.08
446504,0.03
446509,0.06
446512,0.21
446525,0.05
446534,0.06
446535,0.13
446543,0.07
446546,0.03
446550,0.21
446555,0.21
446560,0.17
446564,0.05
446572,0.08
446593,0.11
446616,0.1
446617,0.04
446625,0.02
446626,0.13
446631,0.17
446643,0.12
446647,0.13
446652,0.03
446655,0.03
446657,0.1
446663,0.05
446665,0.08
446676,0.08
446684,0.18
446694,0.03
446699,0.03
446702,0.06
446713,0.15
446720,0.11
446724,0.01
446728,0.24
446730,0.04
446738,0.04
446742,0.04
446743,0.04
446744,0.06
446750,0.1
446759,0.02
446760,0.22
446772,0.08
446786,0.01
446799,0.11
446800,0.18
446803,0.14
446812,0.17
446813,0.25
446815,0.02
446816,0.02
446832,0.18
446845,0.02
446846,0.06
446847,0.0
446850,0.08
446851,0.12
446855,0.09
446856,0.04
446867,0.01
446877,0.35
446880,0.11
446885,0.02
446892,0.05
446905,0.12
446909,0.16
446924,0.04
446935,0.01
446944,0.06
446945,0.2
446949,0.06
446952,0.08
446957,0.01
446961,0.09
446979,0.07
446980,0.16
446987,0.16
446991,0.06
447001,0.0
447013,0.16
447014,0.05
447023,0.05
447062,0.04
447072,0.08
447082,0.14
447084,0.04
447087,0.02
447092,0.09
447106,0.0
447107,0.11
447112,0.03
447147,0.03
447160,0.28
447176,0.03
447184,0.1
447188,0.01
447190,0.14
447191,0.11
447198,0.08
447199,0.06
447200,0.09
447202,0.03
447209,0.26
447210,0.07
447228,0.37
447230,0.01
447235,0.09
447246,0.18
447248,0.13
447263,0.01
447265,0.05
447272,0.02
447285,0.15
447293,0.11
447305,0.09
447312,0.1
447326,0.06
447327,0.09
447361,0.0
447367,0.14
447381,0.08
447387,0.16
447390,0.18
447391,0.16
447416,0.09
447419,0.05
447420,0.04
447422,0.07
447425,0.08
447444,0.12
447458,0.03
447460,0.01
447467,0.05
447479,0.14
447482,0.05
447496,0.08
447504,0.0
447507,0.04
447519,0.07
447522,0.04
447528,0.11
447529,0.09
447532,0.13
447540,0.17
447543,0.09
447546,0.0
447554,0.09
447571,0.02
447575,0.05
447591,0.04
447599,0.12
447600,0.06
447601,0.06
447606,0.05
447607,0.06
447618,0.16
447621,0.01
447633,0.07
447638,0.01
447642,0.05
447644,0.12
447654,0.18
447670,0.0
447671,0.07
447672,0.17
447674,0.21
447676,0.1
447692,0.21
447696,0.07
447698,0.04
447704,0.04
447705,0.05
447708,0.07
447709,0.23
447715,0.03
447727,0.04
447736,0.04
447742,0.02
447743,0.06
447745,0.15
447748,0.28
447751,0.25
447752,0.06
447796,0.03
447810,0.07
447812,0.02
447814,0.44
447815,0.0
447816,0.07
447817,0.27
447835,0.04
447842,0.19
447844,0.02
447862,0.33
447865,0.09
447868,0.07
447873,0.03
447876,0.0
447881,0.15
447882,0.27
447883,0.11
447904,0.03
447907,0.2
447915,0.14
447931,0.02
447945,0.12
447947,0.04
447958,0.05
447967,0.04
447968,0.14
447972,0.25
447975,0.07
447976,0.08
447978,0.03
447983,0.01
447993,0.12
447998,0.06
448001,0.02
448005,0.25
448007,0.08
448011,0.12
448012,0.04
448016,0.1
448030,0.0
448039,0.22
448040,0.01
448045,0.1
448046,0.04
448051,0.11
448084,0.05
448091,0.09
448100,0.13
448125,0.1
448143,0.16
448146,0.05
448150,0.11
448160,0.18
448163,0.05
448165,0.05
448182,0.01
448185,0.03
448188,0.03
448189,0.03
448209,0.19
448210,0.09
448218,0.02
448224,0.17
448241,0.05
448243,0.04
448244,0.02
448245,0.18
448254,0.18
448278,0.11
448279,0.03
448282,0.09
448284,0.08
448285,0.3
448301,0.08
448302,0.17
448305,0.05
448317,0.07
448330,0.12
448335,0.09
448338,0.02
448340,0.01
448341,0.08
448347,0.44
448350,0.04
448353,0.06
448361,0.13
448370,0.03
448380,0.23
448400,0.17
448411,0.04
448412,0.24
448417,0.11
448420,0.15
448422,0.11
448424,0.0
448447,0.18
448459,0.05
448464,0.02
448470,0.07
448490,0.07
448494,0.02
448500,0.34
448515,0.06
448522,0.14
448526,0.04
448536,0.46
448548,0.05
448566,0.08
448573,0.01
448584,0.08
448585,0.02
448597,0.02
448599,0.13
448601,0.02
448604,0.04
448606,0.07
448610,0.07
448642,0.12
448660,0.08
448669,0.02
448674,0.07
448675,0.03
448678,0.05
448690,0.03
448693,0.02
448695,0.07
448700,0.08
448703,0.02
448704,0.14
448707,0.02
448720,0.29
448727,0.2
448728,0.06
448734,0.16
448746,0.04
448755,0.02
448760,0.15
448770,0.06
448778,0.09
448788,0.11
448790,0.1
448801,0.12
448805,0.05
448806,0.0
448812,0.09
448817,0.32
448834,0.1
448837,0.42
448838,0.1
448853,0.2
448856,0.05
448868,0.11
448876,0.06
448909,0.24
448917,0.04
448919,0.12
448922,0.1
448931,0.09
448935,0.07
448937,0.03
448940,0.11
448948,0.13
448958,0.07
448967,0.19
448968,0.02
448973,0.15
448993,0.06
449000,0.26
449011,0.19
449015,0.05
449030,0.07
449035,0.04
449040,0.01
449045,0.05
449060,0.03
449081,0.02
449082,0.08
449087,0.22
449095,0.01
449105,0.1
449110,0.03
449117,0.04
449126,0.15
449134,0.07
449141,0.04
449148,0.07
449155,0.04
449158,0.25
449160,0.06
449178,0.11
449180,0.16
449183,0.02
449186,0.06
449193,0.09
449196,0.0
449203,0.01
449213,0.04
449214,0.05
449215,0.04
449216,0.09
449224,0.1
449227,0.1
449230,0.01
449233,0.22
449253,0.07
449254,0.03
449264,0.39
449289,0.09
449302,0.04
449308,0.17
449314,0.05
449322,0.08
449323,0.13
449364,0.05
449368,0.01
449391,0.03
449403,0.06
449408,0.05
449409,0.0
449412,0.0
449424,0.09
449427,0.06
449462,0.05
449465,0.11
449469,0.03
449475,0.04
449476,0.25
449483,0.02
449484,0.07
449487,0.03
449492,0.0
449499,0.16
449502,0.07
449506,0.02
449508,0.06
449514,0.02
449517,0.11
449534,0.07
449540,0.04
449543,0.07
449545,0.06
449548,0.08
449555,0.05
449556,0.23
449558,0.03
449566,0.02
449574,0.09
449576,0.08
449578,0.03
449581,0.02
449586,0.07
449591,0.02
449594,0.1
449599,0.09
449606,0.05
449615,0.03
449616,0.03
449625,0.07
449633,0.06
449636,0.24
449637,0.2
449642,0.04
449683,0.15
449684,0.03
449711,0.03
449713,0.05
449716,0.1
449741,0.12
449745,0.07
449747,0.14
449756,0.0
449759,0.04
449760,0.17
449768,0.01
449773,0.17
449775,0.02
449780,0.01
449788,0.06
449792,0.08
449802,0.06
449812,0.12
449815,0.19
449818,0.04
449820,0.11
449821,0.03
449822,0.18
449831,0.02
449837,0.07
449855,0.08
449857,0.03
449865,0.14
449866,0.06
449871,0.01
449873,0.12
449874,0.08
449877,0.01
449881,0.03
449889,0.01
449893,0.01
449894,0.12
449897,0.15
449900,0.01
449910,0.0
449924,0.14
449928,0.11
449932,0.36
449942,0.08
449947,0.01
449955,0.13
449972,0.18
449984,0.26
450004,0.09
450027,0.1
450029,0.01
450035,0.06
450038,0.02
450042,0.42
450044,0.07
450060,0.01
450065,0.04
450076,0.08
450081,0.12
450083,0.17
450096,0.13
450102,0.02
450107,0.11
450109,0.06
450110,0.02
450111,0.11
450114,0.01
450117,0.06
450118,0.04
450124,0.18
450141,0.06
450145,0.04
450148,0.14
450169,0.02
450172,0.25
450173,0.04
450180,0.09
450182,0.02
450190,0.06
450200,0.09
450216,0.01
450221,0.03
450227,0.13
450229,0.02
450233,0.1
450244,0.07
450251,0.54
450260,0.03
450266,0.24
450267,0.02
450272,0.04
450280,0.08
450287,0.01
450290,0.02
450291,0.45
450303,0.03
450310,0.03
450311,0.13
450358,0.06
450373,0.07
450376,0.13
450383,0.05
450395,0.04
450398,0.37
450412,0.2
450415,0.15
450420,0.01
450421,0.22
450427,0.0
450428,0.06
450429,0.07
450433,0.03
450443,0.06
450453,0.03
450454,0.02
450458,0.06
450464,0.09
450469,0.06
450475,0.1
450478,0.14
450498,0.09
450501,0.14
450503,0.03
450513,0.29
450523,0.1
450530,0.31
450537,0.08
450543,0.07
450554,0.06
450555,0.12
450558,0.05
450568,0.03
450569,0.06
450580,0.03
450581,0.0
450588,0.02
450589,0.03
450602,0.01
450603,0.01
450621,0.03
450626,0.26
450640,0.01
450641,0.16
450644,0.15
450658,0.15
450672,0.26
450685,0.08
450687,0.24
450689,0.08
450690,0.06
450693,0.08
450699,0.0
450706,0.11
450708,0.17
450710,0.0
450716,0.06
450722,0.09
450752,0.13
450759,0.15
450763,0.2
450767,0.08
450768,0.19
450772,0.03
450778,0.1
450781,0.05
450788,0.01
450792,0.06
450817,0.0
450820,0.0
450835,0.14
450848,0.17
450853,0.23
450865,0.02
450878,0.01
450883,0.01
450885,0.08
450896,0.02
450897,0.08
450898,0.23
450904,0.09
450908,0.16
450917,0.04
450921,0.01
450923,0.09
450926,0.23
450929,0.09
450937,0.08
450963,0.1
450971,0.12
450973,0.1
450978,0.1
450982,0.08
450995,0.1
450997,0.02
451033,0.02
451035,0.0
451037,0.05
451039,0.03
451063,0.01
451079,0.06
451081,0.03
451083,0.03
451100,0.09
451101,0.05
451104,0.04
451109,0.01
451119,0.01
451124,0.05
451126,0.04
451146,0.11
451155,0.04
451156,0.01
451160,0.17
451163,0.03
451168,0.03
451175,0.07
451184,0.01
451189,0.06
451206,0.09
451208,0.0
451225,0.03
451226,0.03
451228,0.44
451230,0.28
451235,0.04
451239,0.04
451242,0.0
451247,0.08
451248,0.03
451255,0.07
451261,0.05
451270,0.04
451277,0.01
451278,0.07
451282,0.12
451283,0.16
451302,0.04
451310,0.07
451315,0.05
451328,0.05
451330,0.16
451331,0.42
451338,0.05
451342,0.24
451347,0.03
451350,0.21
451351,0.04
451354,0.07
451358,0.02
451370,0.0
451379,0.25
451383,0.07
451390,0.25
451391,0.1
451392,0.12
451412,0.05
451422,0.11
451429,0.0
451432,0.03
451437,0.11
451442,0.06
451455,0.19
451457,0.15
451464,0.02
451472,0.1
451474,0.1
451488,0.13
451512,0.03
451516,0.1
451519,0.24
451528,0.01
451531,0.04
451551,0.14
451564,0.03
451570,0.11
451571,0.04
451575,0.09
451576,0.02
451582,0.06
451586,0.01
451587,0.19
451594,0.14
451596,0.03
451600,0.14
451615,0.06
451616,0.09
451646,0.02
451648,0.12
451650,0.05
451651,0.06
451662,0.11
451675,0.02
451680,0.07
451682,0.04
451688,0.02
451691,0.03
451698,0.01
451703,0.1
451709,0.06
451714,0.15
451716,0.11
451719,0.03
451724,0.11
451726,0.09
451733,0.02
451743,0.1
451747,0.06
451756,0.01
451761,0.09
451762,0.16
451768,0.01
451785,0.04
451805,0.02
451811,0.14
451817,0.09
451823,0.14
451831,0.05
451840,0.09
451845,0.12
451852,0.07
451855,0.07
451856,0.03
451871,0.06
451873,0.13
451897,0.11
451907,0.08
451908,0.16
451919,0.06
451932,0.05
451934,0.04
451935,0.06
451936,0.18
451938,0.04
451954,0.02
451958,0.13
451976,0.27
451977,0.08
451983,0.07
452000,0.01
452023,0.04
452024,0.0
452028,0.04
452039,0.07
452043,0.09
452047,0.06
452067,0.12
452069,0.03
452071,0.05
452096,0.18
452101,0.26
452107,0.13
452108,0.03
452109,0.16
452123,0.03
452127,0.05
452131,0.11
452133,0.01
452136,0.2
452137,0.13
452142,0.04
452147,0.1
452158,0.09
452172,0.11
452190,0.04
452191,0.03
452192,0.0
452195,0.03
452209,0.08
452237,0.08
452239,0.01
452242,0.13
452246,0.01
452249,0.19
452263,0.13
452267,0.03
452273,0.05
452274,0.11
452291,0.05
452310,0.14
452319,0.11
452325,0.03
452328,0.1
452330,0.11
452332,0.07
452337,0.05
452353,0.17
452356,0.28
452368,0.04
452379,0.09
452380,0.24
452396,0.03
452398,0.13
452401,0.01
452408,0.05
452409,0.22
452414,0.08
452418,0.06
452422,0.18
452430,0.06
452432,0.06
452451,0.07
452455,0.05
452495,0.01
452497,0.2
452511,0.12
452514,0.04
452522,0.15
452529,0.09
452530,0.12
452542,0.12
452545,0.08
452558,0.01
452592,0.13
452604,0.01
452616,0.02
452619,0.1
452620,0.02
452630,0.09
452644,0.11
452658,0.01
452663,0.01
452668,0.03
452672,0.16
452679,0.04
452685,0.1
452690,0.18
452701,0.1
452702,0.12
452708,0.16
452714,0.02
452718,0.09
452731,0.01
452733,0.21
452741,0.13
452748,0.16
452750,0.0
452753,0.06
452759,0.03
452767,0.27
452768,0.46
452788,0.01
452802,0.02
452807,0.15
452819,0.07
452820,0.03
452821,0.02
452840,0.17
452851,0.05
452861,0.07
452865,0.0
452871,0.1
452882,0.07
452903,0.02
452906,0.29
452907,0.23
452914,0.12
452929,0.1
452931,0.3
452932,0.08
452948,0.07
452950,0.07
452963,0.06
452974,0.01
452982,0.09
452984,0.18
452994,0.06
452995,0.07
452998,0.03
453003,0.08
453021,0.13
453040,0.06
453042,0.12
453052,0.12
453056,0.03
453066,0.09
453067,0.02
453072,0.01
453085,0.13
453093,0.05
453094,0.03
453100,0.01
453101,0.01
453107,0.09
453110,0.04
453111,0.35
453113,0.02
453114,0.02
453124,0.01
453129,0.0
453142,0.1
453145,0.12
453152,0.12
453159,0.13
453168,0.11
453196,0.01
453212,0.05
453214,0.04
453215,0.0
453220,0.0
453230,0.31
453233,0.06
453235,0.08
453244,0.16
453248,0.14
453262,0.01
453268,0.09
453283,0.01
453284,0.02
453287,0.03
453299,0.12
453314,0.13
453322,0.05
453349,0.26
453354,0.11
453356,0.11
453359,0.12
453366,0.04
453367,0.26
453372,0.02
453378,0.25
453390,0.01
453397,0.13
453403,0.06
453406,0.25
453412,0.16
453415,0.28
453428,0.1
453431,0.07
453442,0.12
453449,0.08
453465,0.08
453473,0.08
453476,0.01
453479,0.04
453480,0.02
453481,0.1
453493,0.0
453494,0.15
453507,0.06
453509,0.08
453514,0.26
453524,0.04
453534,0.09
453538,0.07
453544,0.17
453549,0.04
453550,0.19
453551,0.02
453556,0.07
453560,0.16
453566,0.05
453569,0.13
453579,0.04
453582,0.03
453586,0.28
453618,0.05
453620,0.13
453655,0.27
453659,0.0
453668,0.12
453681,0.01
453686,0.18
453687,0.11
453704,0.01
453707,0.1
453708,0.01
453709,0.18
453715,0.02
453721,0.07
453725,0.01
453727,0.04
453747,0.19
453753,0.1
453755,0.0
453761,0.01
453763,0.01
453766,0.06
453774,0.04
453781,0.32
453790,0.05
453797,0.28
453808,0.15
453814,0.16
453836,0.11
453837,0.01
453843,0.04
453844,0.04
453871,0.0
453881,0.16
453892,0.26
453893,0.05
453894,0.15
453895,0.05
453903,0.13
453906,0.09
453918,0.09
453924,0.07
453930,0.16
453940,0.04
453944,0.24
453947,0.33
453949,0.08
453952,0.1
453959,0.1
453971,0.02
453986,0.22
453988,0.05
453989,0.14
453999,0.17
454007,0.16
454021,0.02
454023,0.31
454036,0.05
454046,0.1
454052,0.07
454066,0.09
454070,0.31
454071,0.04
454075,0.14
454080,0.03
454085,0.0
454097,0.09
454103,0.04
454105,0.07
454108,0.07
454109,0.19
454137,0.01
454150,0.0
454155,0.01
454164,0.09
454165,0.05
454170,0.26
454173,0.02
454181,0.04
454183,0.07
454188,0.2
454192,0.01
454198,0.3
454200,0.06
454209,0.02
454211,0.26
454212,0.0
454218,0.39
454220,0.04
454231,0.08
454242,0.01
454245,0.03
454261,0.06
454269,0.06
454271,0.06
454287,0.06
454293,0.16
454296,0.02
454304,0.17
454313,0.15
454315,0.09
454321,0.06
454333,0.25
454334,0.07
454345,0.09
454347,0.05
454361,0.23
454380,0.08
454382,0.23
454386,0.09
454390,0.04
454396,0.11
454398,0.2
454403,0.05
454405,0.01
454406,0.06
454412,0.12
454418,0.09
454436,0.02
454443,0.05
454449,0.08
454457,0.25
454466,0.03
454471,0.1
454476,0.5
454489,0.25
454493,0.22
454495,0.03
454497,0.01
454522,0.02
454554,0.08
454557,0.01
454560,0.06
454561,0.04
454563,0.07
454565,0.05
454566,0.05
454578,0.13
454605,0.05
454608,0.08
454612,0.04
454618,0.07
454622,0.09
454631,0.15
454638,0.11
454639,0.15
454640,0.26
454653,0.19
454663,0.03
454664,0.11
454674,0.33
454678,0.28
454680,0.07
454687,0.08
454690,0.0
454698,0.27
454700,0.07
454707,0.04
454714,0.07
454722,0.11
454723,0.09
454739,0.04
454745,0.02
454763,0.09
454765,0.06
454774,0.15
454778,0.09
454780,0.06
454781,0.11
454789,0.01
454801,0.09
454802,0.1
454835,0.23
454837,0.15
454841,0.04
454872,0.2
454878,0.06
454884,0.06
454891,0.14
454897,0.03
454908,0.09
454912,0.05
454922,0.02
454929,0.0
454935,0.06
454946,0.22
454959,0.06
454970,0.06
454991,0.03
455002,0.27
455005,0.1
455016,0.2
455021,0.12
455022,0.07
455024,0.09
455044,0.03
455050,0.02
455055,0.16
455056,0.23
455067,0.02
455069,0.0
455082,0.1
455087,0.03
455088,0.04
455112,0.06
455126,0.03
455132,0.0
455135,0.23
455148,0.04
455156,0.08
455161,0.12
455162,0.09
455164,0.19
455171,0.07
455174,0.0
455175,0.04
455184,0.22
455188,0.04
455200,0.24
455209,0.17
455212,0.09
455217,0.08
455222,0.01
455223,0.04
455228,0.01
455243,0.06
455246,0.01
455255,0.14
455262,0.05
455268,0.03
455277,0.2
455281,0.43
455296,0.1
455297,0.05
455322,0.0
455326,0.24
455327,0.24
455328,0.07
455368,0.0
455374,0.24
455377,0.02
455378,0.0
455379,0.09
455395,0.06
455424,0.12
455425,0.04
455429,0.03
455434,0.14
455436,0.2
455438,0.04
455439,0.04
455440,0.01
455441,0.04
455481,0.03
455482,0.06
455483,0.03
455484,0.12
455489,0.06
455490,0.16
455513,0.27
455515,0.13
455536,0.04
455537,0.16
455538,0.04
455539,0.06
455567,0.31
455583,0.05
455607,0.04
455636,0.18
455638,0.09
455640,0.25
455644,0.03
455645,0.05
455648,0.04
455650,0.07
455658,0.05
455694,0.03
455695,0.09
455696,0.06
455703,0.25
455742,0.08
455748,0.03
455749,0.13
455750,0.25
455751,0.0
455752,0.11
455787,0.14
455798,0.07
455802,0.07
455803,0.2
455804,0.09
455805,0.0
455829,0.01
455840,0.07
455849,0.09
455850,0.05
455852,0.09
455854,0.28
455863,0.04
455897,0.05
455902,0.01
455907,0.02
455908,0.09
455909,0.03
455940,0.03
455955,0.12
455958,0.08
455959,0.15
455960,0.02
455961,0.19
455962,0.1
455963,0.05
455965,0.01
456007,0.27
456008,0.07
456009,0.06
456010,0.09
456011,0.04
456013,0.12
456028,0.1
456058,0.17
456111,0.22
456114,0.13
456115,0.1
456116,0.02
456119,0.02
456120,0.02
456122,0.14
456123,0.06
456166,0.12
456167,0.06
456168,0.06
456169,0.05
456170,0.03
456189,0.05
456202,0.17
456221,0.04
456222,0.02
456223,0.06
456224,0.1
456250,0.14
