SK_ID_CURR,TARGET
100001,0.11
100005,0.06
100013,0.03
100028,0.12
100038,0.16
100042,0.03
100057,0.0
100065,0.04
100066,0.02
100067,0.24
100074,0.02
100090,0.08
100091,0.16
100092,0.11
100106,0.02
100107,0.32
100109,0.08
100117,0.02
100128,0.21
100141,0.04
100150,0.02
100168,0.02
100169,0.17
100170,0.13
100171,0.06
100172,0.12
100184,0.12
100187,0.06
100212,0.06
100222,0.03
100223,0.02
100232,0.01
100241,0.18
100245,0.11
100253,0.06
100256,0.1
100271,0.1
100278,0.17
100280,0.01
100306,0.14
100311,0.1
100312,0.05
100330,0.17
100331,0.04
100352,0.05
100358,0.18
100367,0.03
100382,0.15
100384,0.22
100385,0.09
100386,0.05
100399,0.05
100404,0.09
100416,0.09
100422,0.04
100426,0.03
100438,0.03
100444,0.19
100445,0.09
100446,0.19
100447,0.04
100450,0.1
100466,0.04
100483,0.01
100484,0.11
100494,0.03
100510,0.14
100512,0.08
100517,0.08
100548,0.09
100551,0.06
100552,0.08
100553,0.06
100561,0.32
100568,0.32
100569,0.0
100591,0.07
100592,0.02
100602,0.02
100607,0.03
100613,0.05
100617,0.12
100618,0.12
100622,0.25
100625,0.16
100677,0.26
100699,0.1
100702,0.25
100711,0.08
100729,0.11
100740,0.14
100744,0.04
100745,0.05
100747,0.16
100751,0.44
100752,0.05
100753,0.31
100754,0.29
100760,0.04
100762,0.06
100763,0.04
100765,0.05
100770,0.15
100772,0.04
100777,0.11
100791,0.03
100792,0.01
100797,0.02
100823,0.03
100826,0.04
100830,0.06
100836,0.1
100872,0.1
100910,0.2
100913,0.36
100918,0.09
100931,0.01
100952,0.02
100953,0.04
100965,0.32
100970,0.01
100982,0.1
100983,0.38
100984,0.16
100987,0.12
100997,0.1
100998,0.15
101002,0.04
101005,0.16
101008,0.24
101020,0.12
101021,0.06
101024,0.08
101025,0.15
101026,0.05
101031,0.02
101041,0.02
101051,0.01
101055,0.11
101056,0.19
101057,0.04
101064,0.08
101079,0.13
101087,0.08
101090,0.15
101092,0.04
101097,0.09
101099,0.04
101107,0.06
101118,0.03
101125,0.13
101126,0.01
101128,0.01
101136,0.11
101140,0.14
101149,0.04
101160,0.02
101169,0.28
101181,0.07
101186,0.04
101190,0.1
101193,0.07
101194,0.27
101198,0.09
101200,0.08
101204,0.0
101211,0.01
101213,0.04
101223,0.06
101225,0.09
101237,0.18
101243,0.1
101244,0.11
101258,0.05
101259,0.16
101268,0.2
101269,0.07
101271,0.07
101279,0.03
101281,0.29
101287,0.13
101292,0.08
101294,0.13
101296,0.06
101297,0.01
101299,0.28
101301,0.01
101305,0.17
101308,0.29
101318,0.01
101327,0.19
101329,0.05
101332,0.05
101337,0.0
101343,0.07
101345,0.01
101346,0.0
101353,0.03
101354,0.3
101355,0.3
101356,0.01
101362,0.11
101363,0.25
101365,0.03
101366,0.02
101367,0.21
101368,0.02
101374,0.2
101380,0.01
101383,0.08
101398,0.03
101399,0.3
101401,0.03
101412,0.18
101426,0.0
101427,0.41
101428,0.12
101429,0.03
101434,0.03
101440,0.15
101448,0.02
101449,0.03
101465,0.12
101467,0.01
101472,0.01
101478,0.28
101497,0.06
101504,0.09
101547,0.01
101548,0.13
101555,0.2
101570,0.04
101572,0.04
101578,0.04
101580,0.17
101588,0.04
101602,0.1
101610,0.13
101614,0.08
101616,0.17
101643,0.06
101644,0.06
101649,0.1
101650,0.05
101665,0.05
101667,0.12
101669,0.29
101674,0.08
101675,0.01
101678,0.22
101682,0.14
101686,0.05
101697,0.15
101700,0.35
101711,0.04
101714,0.05
101715,0.31
101728,0.0
101732,0.03
101757,0.3
101758,0.06
101759,0.02
101762,0.01
101764,0.16
101780,0.26
101784,0.0
101789,0.0
101816,0.01
101819,0.14
101827,0.01
101863,0.05
101867,0.05
101870,0.02
101873,0.11
101878,0.06
101879,0.2
101880,0.05
101887,0.08
101897,0.02
101901,0.11
101903,0.34
101920,0.1
101921,0.02
101922,0.09
101961,0.09
101962,0.07
101971,0.14
101976,0.22
102002,0.13
102005,0.04
102007,0.28
102017,0.04
102019,0.21
102029,0.03
102051,0.23
102052,0.02
102054,0.09
102062,0.1
102067,0.09
102068,0.2
102070,0.01
102090,0.13
102092,0.02
102099,0.05
102100,0.1
102112,0.07
102113,0.02
102122,0.22
102123,0.1
102125,0.01
102126,0.3
102146,0.03
102147,0.09
102151,0.07
102158,0.13
102159,0.04
102162,0.07
102165,0.04
102166,0.0
102174,0.06
102193,0.18
102198,0.02
102205,0.15
102206,0.01
102218,0.01
102221,0.03
102230,0.04
102238,0.18
102248,0.04
102252,0.22
102259,0.09
102262,0.13
102273,0.1
102286,0.19
102293,0.02
102294,0.09
102296,0.27
102298,0.01
102303,0.01
102309,0.02
102315,0.1
102340,0.12
102342,0.22
102344,0.0
102346,0.11
102347,0.04
102374,0.08
102380,0.03
102387,0.02
102393,0.03
102403,0.02
102413,0.04
102414,0.01
102415,0.17
102416,0.13
102439,0.05
102441,0.05
102443,0.0
102444,0.21
102445,0.12
102448,0.08
102449,0.16
102450,0.17
102456,0.1
102458,0.14
102459,0.09
102465,0.22
102470,0.25
102471,0.03
102475,0.06
102476,0.12
102506,0.07
102509,0.08
102519,0.0
102522,0.09
102545,0.09
102549,0.1
102562,0.02
102563,0.01
102568,0.05
102582,0.01
102592,0.02
102597,0.15
102605,0.03
102614,0.01
102617,0.21
102634,0.09
102652,0.06
102655,0.06
102671,0.07
102694,0.1
102701,0.01
102703,0.0
102704,0.01
102713,0.07
102720,0.12
102731,0.03
102733,0.08
102749,0.0
102755,0.11
102763,0.08
102770,0.02
102772,0.11
102799,0.08
102838,0.01
102854,0.0
102862,0.15
102863,0.02
102867,0.02
102868,0.02
102878,0.01
102887,0.08
102898,0.18
102904,0.04
102912,0.07
102919,0.0
102927,0.2
102932,0.07
102933,0.02
102935,0.0
102958,0.0
102969,0.22
102971,0.01
102975,0.08
102979,0.05
102982,0.01
102987,0.31
102989,0.25
102995,0.07
102996,0.02
103000,0.04
103001,0.23
103004,0.06
103010,0.01
103025,0.17
103029,0.1
103046,0.0
103056,0.11
103062,0.07
103078,0.02
103083,0.04
103092,0.05
103096,0.02
103097,0.12
103102,0.14
103112,0.22
103132,0.03
103144,0.15
103145,0.15
103146,0.02
103147,0.07
103158,0.01
103171,0.07
103173,0.04
103184,0.01
103195,0.2
103196,0.1
103206,0.0
103230,0.25
103231,0.14
103232,0.01
103239,0.12
103240,0.14
103243,0.02
103252,0.14
103258,0.08
103259,0.06
103279,0.02
103280,0.0
103286,0.09
103287,0.41
103290,0.01
103298,0.06
103315,0.03
103319,0.01
103334,0.03
103336,0.07
103345,0.04
103368,0.01
103371,0.1
103377,0.05
103398,0.0
103404,0.06
103408,0.29
103410,0.03
103418,0.04
103420,0.34
103432,0.07
103433,0.0
103436,0.01
103440,0.07
103453,0.0
103459,0.1
103460,0.01
103461,0.02
103462,0.04
103473,0.37
103474,0.06
103475,0.21
103478,0.07
103480,0.1
103484,0.04
103494,0.17
103513,0.09
103515,0.05
103516,0.16
103525,0.07
103541,0.29
103544,0.04
103562,0.32
103570,0.31
103572,0.04
103574,0.04
103575,0.07
103591,0.15
103594,0.02
103609,0.07
103613,0.05
103614,0.15
103615,0.1
103624,0.15
103625,0.26
103628,0.13
103629,0.02
103647,0.09
103648,0.11
103651,0.06
103658,0.09
103668,0.11
103669,0.01
103676,0.07
103682,0.03
103683,0.24
103689,0.01
103725,0.28
103733,0.32
103744,0.07
103762,0.14
103771,0.23
103773,0.0
103783,0.03
103784,0.16
103808,0.03
103812,0.0
103813,0.16
103814,0.08
103818,0.13
103824,0.03
103828,0.0
103830,0.3
103840,0.03
103842,0.13
103847,0.11
103848,0.11
103851,0.07
103854,0.16
103857,0.08
103861,0.01
103862,0.12
103865,0.02
103870,0.01
103876,0.01
103891,0.31
103908,0.04
103914,0.06
103918,0.04
103940,0.07
103963,0.15
103966,0.15
103971,0.08
103980,0.02
103984,0.12
103985,0.02
103998,0.35
104019,0.0
104026,0.02
104035,0.07
104044,0.09
104045,0.14
104047,0.37
104051,0.03
104058,0.05
104063,0.01
104066,0.32
104087,0.04
104089,0.01
104095,0.19
104098,0.08
104104,0.03
104110,0.32
104120,0.21
104122,0.05
104131,0.02
104132,0.11
104135,0.05
104136,0.01
104149,0.02
104150,0.12
104156,0.26
104165,0.09
104175,0.09
104179,0.03
104184,0.2
104206,0.03
104216,0.38
104230,0.07
104257,0.02
104272,0.07
104273,0.07
104278,0.02
104294,0.11
104295,0.05
104297,0.0
104298,0.18
104308,0.06
104318,0.02
104319,0.13
104320,0.08
104327,0.18
104334,0.08
104344,0.07
104350,0.0
104351,0.21
104354,0.21
104369,0.14
104376,0.02
104381,0.06
104384,0.07
104391,0.01
104394,0.01
104398,0.1
104402,0.02
104408,0.07
104409,0.01
104410,0.42
104412,0.1
104417,0.18
104424,0.06
104426,0.03
104435,0.06
104445,0.01
104458,0.05
104460,0.07
104466,0.02
104472,0.2
104473,0.09
104479,0.0
104480,0.04
104482,0.12
104499,0.08
104501,0.01
104502,0.02
104506,0.09
104510,0.0
104512,0.12
104520,0.11
104528,0.05
104529,0.01
104541,0.08
104578,0.0
104584,0.15
104588,0.24
104602,0.12
104610,0.04
104611,0.24
104618,0.12
104620,0.04
104622,0.04
104624,0.09
104625,0.12
104634,0.24
104639,0.03
104646,0.06
104647,0.02
104652,0.03
104670,0.07
104677,0.01
104685,0.18
104691,0.03
104696,0.08
104699,0.04
104712,0.05
104714,0.04
104717,0.02
104718,0.03
104740,0.03
104741,0.06
104743,0.01
104744,0.11
104747,0.19
104767,0.07
104772,0.12
104776,0.07
104779,0.05
104814,0.01
104815,0.07
104830,0.04
104831,0.24
104833,0.04
104839,0.06
104840,0.03
104860,0.1
104861,0.12
104866,0.1
104870,0.04
104877,0.07
104878,0.03
104879,0.09
104880,0.02
104899,0.02
104906,0.08
104907,0.03
104913,0.1
104916,0.14
104921,0.06
104930,0.0
104931,0.37
104936,0.05
104937,0.05
104942,0.04
104943,0.07
104969,0.01
104972,0.28
104988,0.08
105013,0.04
105015,0.08
105019,0.28
105027,0.05
105030,0.0
105035,0.3
105041,0.08
105051,0.19
105056,0.06
105067,0.29
105071,0.07
105072,0.01
105074,0.09
105091,0.03
105101,0.04
105103,0.03
105134,0.02
105139,0.0
105142,0.22
105146,0.01
105163,0.12
105168,0.04
105172,0.09
105176,0.31
105195,0.07
105196,0.28
105197,0.0
105203,0.04
105223,0.08
105227,0.35
105228,0.03
105230,0.07
105231,0.22
105239,0.09
105242,0.08
105244,0.09
105245,0.02
105248,0.08
105249,0.02
105266,0.05
105271,0.17
105276,0.02
105282,0.04
105292,0.19
105297,0.01
105332,0.06
105333,0.22
105343,0.13
105344,0.1
105345,0.19
105357,0.09
105359,0.12
105366,0.04
105367,0.17
105370,0.0
105377,0.12
105390,0.06
105399,0.01
105403,0.08
105404,0.01
105414,0.01
105417,0.09
105425,0.18
105452,0.27
105454,0.24
105456,0.05
105470,0.04
105471,0.09
105483,0.23
105493,0.05
105508,0.01
105514,0.1
105515,0.03
105528,0.15
105529,0.06
105531,0.03
105532,0.06
105558,0.03
105574,0.02
105578,0.0
105584,0.35
105595,0.12
105617,0.32
105618,0.05
105621,0.09
105625,0.02
105629,0.08
105630,0.01
105634,0.01
105635,0.0
105641,0.15
105647,0.27
105648,0.14
105655,0.05
105657,0.02
105672,0.01
105678,0.14
105682,0.06
105691,0.04
105692,0.06
105706,0.01
105712,0.05
105720,0.09
105734,0.04
105735,0.0
105736,0.14
105737,0.05
105738,0.07
105740,0.13
105744,0.09
105747,0.04
105749,0.24
105754,0.05
105758,0.12
105760,0.03
105767,0.23
105784,0.11
105791,0.05
105802,0.23
105807,0.13
105809,0.11
105816,0.1
105817,0.04
105824,0.04
105832,0.05
105856,0.05
105865,0.06
105899,0.21
105906,0.05
105916,0.07
105923,0.14
105937,0.09
105965,0.04
105966,0.12
105968,0.19
105973,0.06
105976,0.13
105978,0.11
105979,0.07
105991,0.07
105998,0.15
105999,0.01
106000,0.29
106001,0.01
106010,0.3
106011,0.03
106013,0.07
106015,0.04
106026,0.01
106032,0.03
106035,0.27
106040,0.09
106041,0.16
106044,0.01
106053,0.21
106054,0.03
106065,0.05
106081,0.08
106083,0.05
106087,0.03
106090,0.05
106101,0.08
106102,0.14
106109,0.06
106116,0.11
106150,0.0
106155,0.05
106166,0.03
106176,0.04
106189,0.07
106199,0.06
106205,0.1
106206,0.2
106211,0.07
106214,0.09
106216,0.02
106217,0.03
106225,0.13
106249,0.06
106256,0.16
106258,0.1
106261,0.08
106262,0.24
106264,0.07
106271,0.01
106276,0.02
106277,0.05
106286,0.12
106293,0.04
106295,0.07
106296,0.04
106297,0.08
106298,0.03
106311,0.05
106314,0.05
106320,0.04
106334,0.02
106346,0.2
106347,0.06
106349,0.05
106354,0.01
106360,0.12
106373,0.05
106377,0.07
106386,0.12
106387,0.06
106391,0.03
106401,0.24
106411,0.04
106413,0.39
106426,0.18
106427,0.2
106428,0.08
106434,0.01
106438,0.05
106440,0.01
106441,0.04
106452,0.17
106453,0.15
106454,0.04
106457,0.03
106484,0.02
106488,0.02
106491,0.28
106514,0.27
106527,0.16
106528,0.12
106529,0.06
106534,0.13
106550,0.25
106577,0.05
106585,0.12
106590,0.01
106607,0.03
106610,0.12
106611,0.01
106612,0.15
106624,0.08
106631,0.01
106647,0.39
106660,0.13
106674,0.02
106687,0.02
106712,0.02
106713,0.07
106717,0.08
106720,0.1
106721,0.16
106724,0.09
106735,0.08
106739,0.06
106740,0.05
106754,0.09
106760,0.2
106761,0.14
106784,0.09
106787,0.02
106797,0.02
106798,0.22
106802,0.07
106803,0.14
106804,0.25
106805,0.11
106810,0.12
106812,0.2
106813,0.13
106817,0.07
106822,0.12
106823,0.03
106827,0.02
106841,0.07
106851,0.28
106852,0.28
106853,0.17
106854,0.43
106861,0.02
106873,0.04
106877,0.03
106878,0.01
106881,0.08
106900,0.12
106906,0.09
106907,0.25
106914,0.12
106916,0.07
106924,0.02
106931,0.05
106936,0.12
106937,0.27
106938,0.01
106939,0.11
106943,0.03
106944,0.24
106967,0.12
106980,0.02
106986,0.09
106987,0.02
106990,0.08
107013,0.04
107023,0.01
107033,0.12
107037,0.11
107048,0.01
107071,0.06
107081,0.0
107113,0.07
107130,0.28
107131,0.05
107145,0.05
107156,0.06
107219,0.09
107222,0.12
107223,0.22
107232,0.21
107245,0.08
107246,0.15
107247,0.16
107256,0.01
107259,0.05
107260,0.04
107279,0.28
107280,0.11
107281,0.02
107285,0.12
107329,0.0
107337,0.31
107349,0.06
107350,0.03
107351,0.02
107359,0.11
107391,0.11
107394,0.02
107395,0.13
107406,0.19
107416,0.14
107417,0.02
107418,0.14
107419,0.03
107444,0.01
107445,0.06
107446,0.19
107460,0.09
107470,0.02
107475,0.02
107520,0.02
107526,0.28
107527,0.04
107530,0.06
107532,0.03
107534,0.09
107535,0.08
107554,0.08
107556,0.03
107559,0.13
107561,0.12
107564,0.12
107566,0.02
107571,0.1
107590,0.21
107602,0.09
107625,0.03
107626,0.26
107635,0.0
107636,0.19
107645,0.04
107652,0.17
107655,0.02
107668,0.04
107670,0.07
107677,0.02
107680,0.17
107683,0.25
107684,0.01
107691,0.15
107692,0.07
107703,0.0
107709,0.11
107710,0.23
107721,0.2
107725,0.13
107727,0.05
107739,0.0
107740,0.02
107741,0.01
107747,0.02
107765,0.28
107768,0.03
107775,0.19
107782,0.14
107790,0.02
107801,0.04
107807,0.05
107811,0.03
107817,0.11
107826,0.11
107838,0.09
107839,0.01
107843,0.2
107847,0.12
107849,0.11
107850,0.12
107867,0.1
107871,0.1
107908,0.01
107913,0.05
107927,0.02
107931,0.01
107955,0.13
107962,0.15
107977,0.09
107978,0.13
107993,0.01
108010,0.21
108016,0.0
108018,0.33
108027,0.25
108045,0.41
108069,0.28
108082,0.06
108089,0.08
108092,0.1
108106,0.0
108112,0.13
108120,0.1
108122,0.06
108135,0.02
108170,0.0
108171,0.03
108177,0.01
108180,0.29
108183,0.06
108184,0.05
108185,0.08
108192,0.04
108195,0.21
108196,0.11
108218,0.03
108219,0.07
108243,0.09
108249,0.01
108251,0.05
108274,0.06
108280,0.39
108289,0.05
108292,0.09
108295,0.03
108327,0.07
108332,0.06
108346,0.05
108349,0.18
108353,0.07
108362,0.04
108363,0.07
108377,0.42
108378,0.06
108381,0.03
108383,0.26
108390,0.13
108407,0.0
108408,0.02
108411,0.04
108412,0.08
108419,0.04
108436,0.35
108437,0.08
108438,0.15
108441,0.0
108448,0.04
108449,0.09
108466,0.05
108467,0.13
108473,0.02
108474,0.08
108476,0.06
108479,0.01
108486,0.01
108493,0.02
108501,0.03
108506,0.14
108510,0.07
108511,0.1
108514,0.17
108517,0.02
108519,0.08
108522,0.16
108548,0.3
108554,0.07
108555,0.17
108559,0.1
108562,0.01
108571,0.02
108572,0.08
108579,0.06
108583,0.0
108584,0.03
108592,0.05
108602,0.0
108609,0.02
108613,0.14
108616,0.12
108618,0.12
108620,0.0
108643,0.02
108649,0.04
108654,0.02
108655,0.0
108656,0.07
108667,0.08
108668,0.07
108682,0.09
108690,0.1
108691,0.04
108692,0.14
108695,0.01
108699,0.08
108710,0.19
108718,0.28
108739,0.35
108740,0.01
108741,0.04
108742,0.07
108763,0.03
108767,0.12
108769,0.16
108779,0.12
108788,0.02
108801,0.12
108802,0.02
108810,0.08
108811,0.02
108813,0.08
108814,0.15
108825,0.03
108826,0.06
108830,0.05
108834,0.09
108852,0.08
108887,0.07
108901,0.25
108908,0.03
108910,0.08
108920,0.06
108922,0.03
108929,0.25
108930,0.08
108937,0.2
108938,0.0
108943,0.09
108948,0.04
108953,0.05
108956,0.22
108965,0.11
108985,0.22
108986,0.19
108987,0.05
108990,0.0
108991,0.08
108993,0.11
109000,0.09
109001,0.09
109012,0.36
109014,0.04
109015,0.19
109021,0.12
109037,0.06
109042,0.12
109044,0.06
109046,0.4
109064,0.07
109084,0.05
109086,0.13
109092,0.03
109093,0.13
109100,0.24
109101,0.04
109110,0.05
109114,0.09
109126,0.32
109152,0.05
109162,0.0
109167,0.04
109168,0.16
109169,0.03
109179,0.04
109184,0.07
109191,0.12
109192,0.01
109193,0.0
109196,0.08
109206,0.08
109210,0.11
109244,0.12
109249,0.08
109273,0.09
109276,0.15
109281,0.1
109287,0.2
109297,0.13
109298,0.13
109306,0.07
109309,0.11
109321,0.15
109328,0.22
109336,0.05
109342,0.05
109346,0.0
109347,0.15
109348,0.1
109362,0.1
109363,0.03
109367,0.03
109370,0.0
109393,0.06
109405,0.04
109413,0.07
109414,0.27
109421,0.01
109427,0.09
109428,0.15
109429,0.2
109437,0.02
109443,0.02
109461,0.1
109468,0.17
109469,0.06
109471,0.16
109479,0.08
109484,0.03
109501,0.18
109505,0.11
109535,0.04
109539,0.05
109544,0.06
109545,0.0
109551,0.04
109553,0.13
109555,0.01
109561,0.11
109580,0.03
109583,0.24
109593,0.27
109604,0.06
109620,0.06
109635,0.08
109637,0.23
109638,0.03
109642,0.1
109649,0.06
109652,0.2
109656,0.03
109663,0.17
109696,0.18
109700,0.16
109709,0.09
109735,0.16
109740,0.14
109741,0.08
109749,0.1
109764,0.05
109771,0.2
109772,0.06
109773,0.31
109798,0.14
109802,0.23
109804,0.01
109813,0.07
109818,0.07
109848,0.1
109850,0.02
109851,0.04
109855,0.0
109871,0.22
109877,0.02
109883,0.07
109886,0.02
109905,0.12
109936,0.28
109950,0.1
109958,0.04
109959,0.05
109969,0.04
109971,0.04
109984,0.01
109985,0.12
109988,0.03
109992,0.01
110005,0.05
110009,0.07
110011,0.21
110014,0.07
110026,0.02
110042,0.05
110058,0.01
110069,0.08
110080,0.03
110087,0.05
110091,0.05
110094,0.08
110098,0.18
110105,0.1
110117,0.07
110136,0.13
110138,0.12
110149,0.14
110164,0.02
110202,0.15
110212,0.06
110226,0.0
110236,0.05
110249,0.0
110257,0.01
110258,0.03
110277,0.1
110282,0.08
110284,0.25
110286,0.11
110289,0.05
110304,0.06
110319,0.06
110324,0.1
110326,0.02
110335,0.19
110337,0.08
110338,0.04
110343,0.14
110345,0.04
110347,0.06
110355,0.03
110359,0.06
110360,0.15
110364,0.08
110371,0.2
110372,0.04
110376,0.15
110379,0.17
110380,0.02
110393,0.09
110401,0.29
110406,0.02
110411,0.11
110416,0.02
110420,0.05
110443,0.03
110465,0.07
110468,0.03
110469,0.14
110471,0.11
110487,0.33
110491,0.18
110504,0.03
110547,0.1
110550,0.06
110559,0.33
110578,0.27
110582,0.13
110590,0.1
110598,0.07
110601,0.39
110602,0.0
110604,0.06
110625,0.18
110626,0.15
110636,0.25
110637,0.18
110638,0.09
110646,0.05
110648,0.09
110652,0.07
110681,0.06
110682,0.23
110687,0.18
110691,0.05
110694,0.21
110695,0.03
110696,0.08
110708,0.0
110710,0.0
110717,0.09
110730,0.02
110740,0.11
110742,0.09
110747,0.05
110761,0.05
110766,0.0
110769,0.02
110774,0.11
110803,0.02
110805,0.01
110809,0.28
110827,0.18
110832,0.02
110839,0.07
110859,0.3
110861,0.05
110863,0.22
110865,0.19
110881,0.09
110889,0.06
110891,0.03
110894,0.02
110895,0.14
110907,0.17
110914,0.08
110933,0.04
110934,0.0
110937,0.04
110953,0.11
110954,0.32
110958,0.21
110970,0.17
110974,0.05
110977,0.09
110989,0.08
110993,0.27
110994,0.24
111018,0.02
111019,0.13
111030,0.05
111032,0.02
111041,0.05
111045,0.08
111048,0.09
111052,0.06
111070,0.21
111084,0.1
111091,0.02
111104,0.04
111108,0.03
111112,0.04
111127,0.06
111142,0.14
111146,0.39
111165,0.01
111168,0.01
111169,0.18
111172,0.04
111173,0.06
111174,0.01
111175,0.28
111176,0.16
111177,0.14
111180,0.05
111182,0.08
111192,0.05
111194,0.25
111196,0.2
111197,0.04
111198,0.03
111205,0.09
111207,0.1
111222,0.05
111228,0.04
111233,0.02
111256,0.02
111258,0.01
111262,0.0
111263,0.06
111267,0.12
111269,0.03
111276,0.02
111277,0.17
111279,0.17
111290,0.02
111294,0.07
111295,0.12
111315,0.29
111318,0.11
111327,0.04
111328,0.12
111332,0.13
111338,0.01
111343,0.08
111344,0.01
111345,0.31
111347,0.02
111356,0.0
111359,0.2
111367,0.01
111368,0.03
111391,0.11
111408,0.01
111412,0.14
111419,0.13
111422,0.05
111423,0.26
111439,0.03
111452,0.4
111456,0.03
111467,0.03
111478,0.36
111482,0.07
111488,0.24
111503,0.16
111510,0.04
111512,0.0
111518,0.05
111532,0.1
111537,0.04
111541,0.05
111544,0.3
111550,0.05
111554,0.15
111560,0.14
111566,0.02
111567,0.1
111592,0.02
111618,0.26
111620,0.04
111627,0.02
111641,0.17
111646,0.26
111652,0.05
111657,0.13
111664,0.22
111665,0.22
111669,0.09
111673,0.0
111687,0.03
111688,0.09
111689,0.06
111694,0.01
111695,0.06
111698,0.14
111703,0.02
111709,0.03
111712,0.0
111715,0.07
111724,0.04
111730,0.0
111747,0.02
111760,0.01
111761,0.02
111763,0.16
111776,0.04
111777,0.03
111781,0.0
111793,0.05
111804,0.33
111810,0.21
111816,0.03
111818,0.05
111830,0.26
111832,0.08
111841,0.11
111842,0.06
111843,0.06
111846,0.11
111848,0.21
111856,0.04
111857,0.05
111877,0.02
111882,0.07
111883,0.14
111891,0.05
111893,0.07
111901,0.05
111912,0.1
111913,0.0
111955,0.17
111958,0.02
111960,0.12
111967,0.05
112000,0.11
112003,0.13
112015,0.09
112019,0.35
112020,0.02
112028,0.06
112029,0.09
112031,0.12
112039,0.09
112042,0.02
112049,0.02
112052,0.19
112054,0.01
112055,0.02
112063,0.17
112070,0.09
112071,0.04
112080,0.04
112083,0.04
112085,0.0
112089,0.05
112098,0.16
112100,0.13
112105,0.09
112124,0.01
112126,0.1
112127,0.02
112128,0.01
112148,0.01
112149,0.08
112165,0.14
112170,0.04
112171,0.09
112176,0.12
112186,0.13
112199,0.0
112203,0.01
112214,0.17
112215,0.08
112216,0.04
112224,0.27
112225,0.0
112231,0.24
112234,0.18
112235,0.07
112236,0.16
112254,0.09
112265,0.13
112271,0.05
112284,0.1
112287,0.09
112295,0.23
112303,0.16
112307,0.11
112310,0.14
112312,0.15
112313,0.07
112326,0.02
112333,0.02
112334,0.19
112339,0.09
112347,0.05
112350,0.01
112356,0.11
112357,0.09
112359,0.06
112360,0.11
112371,0.1
112385,0.09
112392,0.03
112401,0.19
112405,0.19
112414,0.27
112429,0.2
112448,0.02
112467,0.03
112468,0.08
112469,0.0
112491,0.08
112500,0.08
112510,0.21
112535,0.25
112537,0.01
112551,0.12
112552,0.06
112556,0.05
112577,0.19
112590,0.05
112593,0.02
112596,0.12
112601,0.07
112604,0.22
112622,0.01
112655,0.03
112663,0.0
112667,0.0
112670,0.07
112676,0.18
112677,0.08
112679,0.05
112683,0.19
112688,0.06
112692,0.2
112696,0.1
112702,0.1
112709,0.0
112720,0.09
112735,0.04
112738,0.03
112742,0.01
112748,0.06
112749,0.04
112766,0.06
112767,0.04
112769,0.1
112771,0.05
112775,0.04
112794,0.1
112795,0.04
112796,0.01
112815,0.02
112817,0.12
112821,0.16
112822,0.15
112829,0.15
112831,0.25
112835,0.13
112838,0.12
112842,0.17
112844,0.16
112845,0.01
112846,0.06
112847,0.01
112867,0.06
112868,0.04
112874,0.0
112879,0.04
112882,0.1
112886,0.02
112895,0.08
112896,0.2
112902,0.01
112904,0.01
112917,0.24
112932,0.07
112944,0.03
112946,0.04
112947,0.03
112948,0.14
112966,0.1
112967,0.0
112971,0.01
112973,0.16
112974,0.05
112978,0.25
112988,0.09
112992,0.23
113003,0.12
113004,0.03
113007,0.27
113020,0.14
113025,0.2
113032,0.05
113042,0.12
113047,0.04
113066,0.02
113067,0.17
113071,0.06
113087,0.17
113108,0.08
113109,0.07
113123,0.11
113128,0.44
113134,0.04
113151,0.07
113175,0.23
113181,0.0
113188,0.4
113191,0.06
113193,0.26
113201,0.27
113209,0.04
113222,0.13
113248,0.03
113272,0.1
113276,0.01
113287,0.0
113302,0.05
113308,0.06
113316,0.13
113318,0.03
113320,0.01
113322,0.13
113325,0.19
113326,0.19
113332,0.03
113346,0.15
113352,0.0
113361,0.04
113362,0.02
113365,0.02
113366,0.03
113368,0.03
113382,0.02
113385,0.05
113390,0.12
113391,0.01
113393,0.11
113396,0.09
113397,0.12
113402,0.19
113403,0.01
113405,0.04
113406,0.11
113410,0.42
113413,0.02
113418,0.17
113419,0.08
113435,0.23
113438,0.15
113447,0.09
113458,0.1
113466,0.07
113475,0.15
113482,0.14
113490,0.01
113505,0.02
113508,0.1
113520,0.08
113532,0.1
113535,0.08
113549,0.02
113557,0.18
113558,0.03
113561,0.13
113566,0.03
113569,0.13
113574,0.04
113576,0.07
113577,0.08
113585,0.0
113587,0.25
113599,0.03
113601,0.03
113602,0.02
113605,0.07
113609,0.15
113611,0.09
113616,0.07
113627,0.51
113631,0.25
113643,0.04
113652,0.1
113657,0.04
113659,0.0
113672,0.14
113680,0.0
113692,0.11
113694,0.12
113695,0.22
113701,0.06
113733,0.05
113738,0.24
113740,0.18
113742,0.01
113777,0.01
113783,0.11
113788,0.1
113789,0.03
113791,0.09
113795,0.08
113799,0.12
113805,0.06
113820,0.27
113822,0.0
113824,0.05
113829,0.04
113832,0.0
113833,0.23
113841,0.02
113849,0.04
113862,0.4
113863,0.07
113864,0.03
113870,0.01
113875,0.08
113882,0.02
113887,0.06
113894,0.02
113909,0.09
113930,0.12
113936,0.18
113939,0.09
113942,0.01
113943,0.2
113945,0.14
113947,0.01
113950,0.05
113951,0.17
113957,0.05
113966,0.17
113967,0.02
113977,0.08
113984,0.14
113986,0.12
113992,0.01
113998,0.0
113999,0.41
114003,0.02
114010,0.08
114011,0.23
114032,0.02
114047,0.09
114055,0.04
114056,0.17
114064,0.27
114065,0.05
114067,0.06
114068,0.0
114075,0.03
114076,0.13
114077,0.06
114094,0.11
114095,0.0
114109,0.11
114114,0.12
114116,0.04
114127,0.02
114158,0.09
114168,0.15
114169,0.03
114171,0.08
114180,0.38
114193,0.03
114198,0.04
114201,0.1
114202,0.3
114207,0.13
114210,0.05
114221,0.04
114222,0.08
114227,0.05
114250,0.0
114253,0.06
114265,0.02
114267,0.07
114273,0.28
114280,0.1
114281,0.07
114283,0.47
114291,0.2
114310,0.08
114316,0.0
114326,0.01
114327,0.19
114339,0.16
114352,0.2
114359,0.22
114360,0.07
114382,0.27
114396,0.07
114397,0.04
114415,0.13
114425,0.06
114434,0.06
114456,0.18
114463,0.03
114469,0.0
114476,0.02
114480,0.04
114482,0.32
114492,0.11
114493,0.15
114501,0.1
114506,0.11
114510,0.05
114515,0.28
114524,0.11
114545,0.18
114546,0.02
114560,0.02
114562,0.26
114563,0.06
114566,0.08
114599,0.06
114601,0.0
114607,0.16
114612,0.04
114622,0.08
114625,0.28
114634,0.06
114635,0.0
114641,0.0
114644,0.02
114645,0.14
114651,0.02
114653,0.0
114654,0.04
114667,0.05
114668,0.23
114670,0.06
114686,0.09
114688,0.29
114690,0.12
114691,0.03
114700,0.11
114706,0.14
114740,0.12
114741,0.18
114755,0.03
114757,0.01
114767,0.04
114772,0.27
114780,0.22
114782,0.04
114791,0.14
114815,0.11
114823,0.13
114835,0.07
114838,0.0
114840,0.05
114842,0.12
114844,0.12
114850,0.16
114853,0.01
114856,0.19
114857,0.11
114858,0.04
114864,0.08
114871,0.09
114875,0.01
114879,0.07
114893,0.02
114912,0.1
114922,0.14
114930,0.06
114945,0.01
114951,0.07
114958,0.01
114962,0.07
114976,0.11
114978,0.11
114987,0.08
115002,0.05
115005,0.03
115023,0.21
115030,0.01
115033,0.28
115034,0.13
115038,0.04
115046,0.06
115049,0.17
115055,0.03
115059,0.06
115076,0.12
115078,0.03
115081,0.12
115085,0.1
115096,0.02
115101,0.05
115114,0.14
115119,0.01
115121,0.15
115122,0.05
115144,0.1
115147,0.27
115151,0.04
115172,0.03
115175,0.19
115183,0.04
115185,0.02
115197,0.09
115200,0.08
115207,0.06
115217,0.02
115230,0.11
115237,0.04
115246,0.02
115251,0.02
115269,0.1
115290,0.12
115299,0.01
115309,0.26
115310,0.04
115311,0.06
115312,0.04
115323,0.0
115324,0.0
115341,0.25
115342,0.01
115343,0.01
115350,0.07
115354,0.07
115360,0.13
115368,0.03
115373,0.08
115396,0.25
115400,0.08
115401,0.04
115404,0.01
115405,0.01
115406,0.04
115407,0.04
115412,0.08
115413,0.03
115415,0.09
115423,0.08
115427,0.11
115428,0.0
115439,0.08
115440,0.17
115447,0.13
115450,0.07
115457,0.04
115459,0.1
115463,0.03
115473,0.19
115477,0.01
115479,0.04
115480,0.12
115481,0.2
115485,0.18
115489,0.0
115495,0.08
115500,0.07
115521,0.09
115572,0.02
115580,0.02
115582,0.0
115586,0.07
115587,0.1
115588,0.01
115591,0.15
115592,0.13
115618,0.04
115619,0.06
115621,0.23
115632,0.14
115646,0.1
115658,0.16
115671,0.06
115680,0.13
115686,0.02
115688,0.02
115705,0.02
115707,0.03
115708,0.05
115726,0.12
115759,0.07
115773,0.08
115777,0.0
115778,0.12
115781,0.04
115801,0.32
115804,0.06
115810,0.13
115812,0.24
115820,0.42
115827,0.1
115831,0.09
115841,0.2
115846,0.12
115852,0.0
115857,0.0
115858,0.08
115860,0.05
115865,0.0
115867,0.16
115869,0.07
115877,0.13
115904,0.04
115913,0.08
115916,0.02
115928,0.07
115932,0.05
115933,0.03
115937,0.35
115938,0.03
115957,0.07
115958,0.04
115969,0.01
115980,0.21
115984,0.0
116006,0.18
116007,0.18
116008,0.1
116009,0.14
116011,0.0
116012,0.07
116015,0.32
116025,0.14
116047,0.03
116052,0.21
116068,0.08
116077,0.1
116084,0.01
116089,0.01
116093,0.02
116097,0.04
116102,0.16
116118,0.09
116119,0.04
116125,0.02
116128,0.08
116135,0.03
116140,0.25
116141,0.09
116142,0.04
116153,0.08
116156,0.0
116157,0.19
116167,0.04
116168,0.16
116175,0.02
116187,0.06
116189,0.05
116191,0.06
116201,0.16
116210,0.29
116213,0.01
116215,0.13
116223,0.04
116226,0.0
116228,0.01
116241,0.0
116247,0.11
116266,0.01
116276,0.31
116287,0.08
116289,0.08
116292,0.23
116306,0.03
116309,0.03
116312,0.01
116313,0.05
116335,0.04
116342,0.06
116348,0.03
116367,0.03
116380,0.08
116383,0.03
116389,0.05
116395,0.4
116397,0.05
116398,0.08
116402,0.12
116404,0.01
116406,0.04
116424,0.32
116428,0.06
116436,0.05
116440,0.03
116448,0.21
116458,0.02
116466,0.01
116469,0.04
116473,0.05
116474,0.05
116479,0.13
116480,0.07
116491,0.05
116493,0.04
116505,0.06
116511,0.07
116525,0.11
116535,0.1
116544,0.01
116546,0.06
116562,0.09
116565,0.01
116578,0.01
116579,0.02
116580,0.25
116582,0.0
116584,0.01
116586,0.21
116596,0.03
116597,0.17
116598,0.03
116604,0.18
116608,0.03
116609,0.08
116613,0.01
116614,0.11
116615,0.16
116633,0.12
116637,0.05
116643,0.13
116647,0.22
116656,0.03
116659,0.09
116662,0.12
116676,0.02
116680,0.0
116681,0.17
116683,0.28
116684,0.06
116712,0.04
116720,0.06
116726,0.11
116729,0.03
116737,0.22
116745,0.06
116747,0.06
116766,0.01
116781,0.01
116783,0.08
116787,0.03
116788,0.24
116789,0.01
116801,0.01
116803,0.02
116804,0.11
116806,0.08
116815,0.1
116817,0.05
116825,0.03
116828,0.0
116829,0.16
116853,0.1
116854,0.11
116859,0.08
116860,0.24
116865,0.08
116872,0.06
116880,0.26
116882,0.02
116893,0.0
116896,0.13
116906,0.03
116908,0.25
116925,0.09
116926,0.31
116948,0.02
116949,0.2
116955,0.15
116964,0.07
116974,0.18
116976,0.18
116990,0.0
116993,0.27
116994,0.09
116997,0.17
117003,0.09
117007,0.17
117011,0.0
117012,0.13
117019,0.02
117021,0.02
117030,0.08
117036,0.05
117043,0.12
117054,0.03
117070,0.26
117077,0.17
117087,0.01
117093,0.08
117105,0.1
117112,0.04
117129,0.52
117135,0.18
117138,0.26
117142,0.03
117148,0.24
117157,0.1
117170,0.02
117171,0.06
117172,0.21
117178,0.26
117186,0.15
117187,0.17
117193,0.1
117194,0.12
117199,0.03
117207,0.02
117211,0.04
117216,0.14
117217,0.03
117218,0.01
117219,0.11
117224,0.13
117225,0.0
117239,0.23
117242,0.07
117249,0.23
117255,0.05
117257,0.22
117272,0.03
117284,0.1
117287,0.2
117293,0.02
117298,0.34
117299,0.11
117307,0.05
117321,0.07
117323,0.24
117326,0.43
117327,0.32
117341,0.03
117350,0.16
117362,0.12
117375,0.09
117391,0.15
117392,0.11
117396,0.26
117399,0.02
117400,0.14
117402,0.11
117406,0.13
117417,0.3
117418,0.01
117425,0.16
117428,0.04
117443,0.01
117448,0.07
117449,0.04
117450,0.19
117463,0.15
117467,0.01
117478,0.03
117480,0.19
117483,0.14
117484,0.11
117495,0.04
117498,0.01
117501,0.1
117503,0.28
117520,0.24
117524,0.08
117525,0.2
117526,0.14
117527,0.08
117531,0.02
117545,0.01
117547,0.34
117557,0.14
117563,0.04
117564,0.12
117598,0.2
117599,0.06
117610,0.02
117614,0.02
117616,0.14
117623,0.01
117625,0.14
117633,0.02
117634,0.08
117639,0.18
117652,0.15
117653,0.1
117660,0.14
117661,0.01
117662,0.19
117676,0.08
117677,0.08
117681,0.03
117684,0.3
117707,0.03
117736,0.17
117737,0.3
117741,0.05
117746,0.34
117753,0.29
117755,0.07
117775,0.07
117784,0.16
117786,0.08
117791,0.01
117801,0.08
117805,0.14
117816,0.01
117824,0.1
117835,0.12
117837,0.02
117847,0.11
117853,0.05
117854,0.12
117886,0.07
117900,0.04
117920,0.42
117924,0.18
117925,0.09
117934,0.01
117957,0.07
117959,0.23
117967,0.12
117969,0.27
117981,0.03
117982,0.06
117996,0.11
118000,0.1
118018,0.11
118025,0.05
118026,0.17
118044,0.1
118045,0.16
118048,0.02
118055,0.25
118058,0.01
118060,0.34
118066,0.01
118071,0.06
118072,0.32
118082,0.01
118089,0.13
118106,0.1
118115,0.03
118127,0.49
118144,0.22
118150,0.01
118151,0.03
118157,0.15
118162,0.08
118163,0.03
118166,0.07
118181,0.05
118191,0.06
118202,0.18
118205,0.17
118214,0.04
118251,0.15
118264,0.33
118271,0.48
118272,0.03
118276,0.35
118287,0.44
118291,0.01
118292,0.06
118294,0.03
118305,0.06
118312,0.01
118319,0.03
118321,0.01
118326,0.48
118342,0.21
118343,0.05
118353,0.13
118354,0.02
118358,0.07
118359,0.05
118365,0.04
118367,0.05
118368,0.04
118371,0.02
118378,0.13
118379,0.03
118383,0.07
118386,0.13
118387,0.01
118400,0.16
118403,0.03
118428,0.12
118440,0.1
118459,0.01
118490,0.04
118491,0.08
118492,0.08
118498,0.18
118499,0.13
118509,0.04
118518,0.05
118531,0.07
118532,0.23
118546,0.0
118548,0.01
118558,0.06
118560,0.18
118561,0.06
118562,0.27
118564,0.0
118569,0.19
118578,0.0
118585,0.03
118591,0.03
118592,0.06
118594,0.07
118611,0.0
118614,0.05
118622,0.1
118641,0.17
118642,0.09
118650,0.13
118666,0.0
118696,0.17
118697,0.09
118710,0.01
118717,0.17
118720,0.0
118735,0.03
118747,0.04
118750,0.16
118789,0.03
118791,0.04
118803,0.06
118804,0.12
118806,0.19
118809,0.09
118823,0.2
118842,0.01
118871,0.32
118874,0.05
118876,0.01
118886,0.09
118888,0.16
118889,0.0
118894,0.24
118898,0.03
118905,0.12
118911,0.02
118915,0.13
118916,0.04
118925,0.05
118926,0.07
118929,0.17
118935,0.09
118947,0.06
118951,0.02
118953,0.15
118960,0.11
118973,0.03
119001,0.11
119003,0.34
119009,0.08
119011,0.02
119012,0.22
119014,0.08
119025,0.01
119047,0.13
119049,0.0
119057,0.05
119062,0.09
119064,0.0
119069,0.06
119079,0.06
119088,0.01
119091,0.28
119095,0.23
119104,0.03
119108,0.27
119109,0.04
119115,0.06
119125,0.0
119146,0.02
119148,0.03
119160,0.09
119164,0.28
119169,0.09
119179,0.21
119187,0.06
119191,0.04
119205,0.02
119207,0.09
119208,0.01
119217,0.23
119230,0.02
119232,0.07
119236,0.26
119238,0.01
119240,0.3
119250,0.2
119251,0.01
119252,0.06
119266,0.02
119267,0.08
119270,0.12
119272,0.14
119276,0.22
119281,0.0
119295,0.09
119313,0.14
119318,0.09
119321,0.23
119340,0.01
119341,0.0
119344,0.19
119348,0.07
119353,0.11
119361,0.13
119362,0.34
119376,0.17
119383,0.04
119391,0.1
119394,0.08
119395,0.06
119415,0.01
119430,0.03
119441,0.02
119454,0.1
119468,0.06
119474,0.4
119492,0.03
119496,0.19
119500,0.28
119501,0.36
119510,0.06
119518,0.0
119524,0.41
119533,0.16
119540,0.1
119553,0.01
119573,0.07
119593,0.1
119594,0.13
119595,0.17
119596,0.05
119607,0.46
119609,0.05
119616,0.14
119618,0.14
119619,0.29
119628,0.05
119630,0.05
119632,0.04
119648,0.39
119671,0.12
119675,0.12
119683,0.07
119689,0.18
119697,0.01
119698,0.36
119702,0.03
119709,0.17
119715,0.0
119718,0.04
119719,0.31
119731,0.15
119736,0.03
119745,0.11
119749,0.05
119751,0.11
119757,0.12
119761,0.04
119762,0.04
119771,0.15
119778,0.01
119784,0.01
119788,0.02
119802,0.0
119803,0.31
119806,0.12
119810,0.01
119811,0.18
119813,0.4
119820,0.16
119821,0.31
119842,0.09
119843,0.06
119844,0.08
119861,0.0
119866,0.07
119868,0.16
119875,0.09
119896,0.51
119898,0.01
119921,0.01
119922,0.03
119929,0.07
119934,0.06
119938,0.12
119947,0.06
119948,0.24
119967,0.07
119977,0.16
119980,0.05
119984,0.07
119989,0.37
119990,0.01
119994,0.19
119999,0.23
120004,0.15
120020,0.28
120030,0.04
120036,0.03
120050,0.41
120051,0.39
120053,0.08
120075,0.07
120076,0.13
120088,0.04
120099,0.04
120101,0.0
120102,0.0
120108,0.05
120145,0.17
120146,0.42
120154,0.22
120156,0.15
120165,0.05
120166,0.05
120176,0.03
120179,0.2
120182,0.04
120198,0.02
120205,0.17
120208,0.15
120214,0.01
120220,0.23
120227,0.13
120233,0.1
120240,0.05
120243,0.01
120266,0.01
120268,0.23
120280,0.08
120281,0.09
120284,0.02
120298,0.05
120304,0.03
120306,0.06
120320,0.13
120325,0.02
120326,0.08
120335,0.2
120341,0.0
120343,0.07
120388,0.08
120390,0.01
120404,0.0
120405,0.05
120408,0.19
120415,0.13
120421,0.26
120422,0.09
120433,0.18
120437,0.36
120440,0.02
120441,0.15
120449,0.14
120457,0.14
120459,0.01
120460,0.02
120463,0.07
120464,0.06
120470,0.06
120488,0.27
120535,0.17
120538,0.09
120539,0.18
120541,0.18
120562,0.04
120570,0.07
120580,0.13
120581,0.09
120591,0.35
120593,0.06
120598,0.06
120603,0.0
120607,0.1
120642,0.03
120647,0.1
120649,0.03
120664,0.01
120665,0.0
120671,0.06
120678,0.04
120679,0.09
120680,0.05
120681,0.1
120691,0.19
120696,0.02
120697,0.16
120713,0.12
120721,0.25
120725,0.08
120734,0.11
120740,0.39
120748,0.2
120755,0.01
120759,0.36
120761,0.15
120764,0.2
120770,0.14
120777,0.02
120796,0.0
120803,0.13
120809,0.1
120811,0.08
120826,0.07
120829,0.1
120832,0.09
120840,0.17
120857,0.09
120885,0.13
120891,0.04
120894,0.06
120905,0.09
120913,0.09
120914,0.01
120918,0.14
120921,0.02
120923,0.04
120927,0.26
120928,0.23
120934,0.2
120936,0.07
120942,0.02
120946,0.02
120947,0.0
120953,0.01
120955,0.07
120956,0.11
120977,0.11
120980,0.26
120981,0.09
120982,0.01
120991,0.21
121011,0.07
121013,0.03
121018,0.1
121020,0.01
121037,0.03
121038,0.02
121039,0.04
121045,0.03
121046,0.01
121059,0.18
121066,0.33
121078,0.05
121080,0.23
121081,0.14
121086,0.02
121099,0.04
121100,0.05
121107,0.25
121108,0.12
121111,0.14
121130,0.05
121131,0.02
121135,0.27
121152,0.01
121156,0.0
121160,0.14
121162,0.21
121175,0.14
121181,0.1
121186,0.16
121197,0.01
121201,0.25
121208,0.03
121215,0.09
121220,0.27
121225,0.2
121227,0.02
121228,0.15
121243,0.08
121258,0.19
121259,0.04
121265,0.02
121279,0.15
121280,0.19
121281,0.09
121283,0.03
121288,0.05
121296,0.03
121300,0.02
121308,0.13
121321,0.06
121323,0.02
121332,0.01
121334,0.05
121348,0.03
121350,0.06
121351,0.06
121363,0.03
121379,0.06
121380,0.3
121383,0.17
121387,0.09
121414,0.12
121416,0.02
121422,0.1
121423,0.11
121427,0.03
121431,0.03
121438,0.04
121460,0.05
121479,0.0
121482,0.05
121483,0.07
121488,0.06
121489,0.15
121492,0.16
121502,0.04
121503,0.08
121513,0.21
121544,0.05
121545,0.06
121546,0.01
121552,0.19
121553,0.0
121556,0.16
121557,0.1
121583,0.2
121588,0.14
121596,0.06
121597,0.03
121612,0.01
121618,0.05
121619,0.01
121621,0.05
121622,0.07
121626,0.24
121628,0.15
121630,0.29
121631,0.0
121632,0.17
121641,0.03
121695,0.14
121733,0.09
121754,0.04
121762,0.2
121765,0.01
121766,0.08
121771,0.05
121772,0.6
121778,0.44
121791,0.16
121792,0.07
121822,0.04
121825,0.08
121832,0.05
121841,0.09
121846,0.01
121850,0.02
121851,0.08
121853,0.23
121857,0.04
121862,0.04
121863,0.01
121875,0.06
121881,0.01
121896,0.08
121901,0.14
121908,0.14
121909,0.24
121916,0.06
121919,0.12
121921,0.16
121933,0.08
121947,0.08
121948,0.23
121963,0.15
121968,0.09
121970,0.08
121978,0.11
121991,0.1
121996,0.04
121997,0.46
122000,0.12
122015,0.17
122017,0.09
122027,0.09
122044,0.01
122047,0.12
122055,0.09
122065,0.04
122069,0.02
122074,0.05
122086,0.11
122089,0.24
122099,0.04
122102,0.17
122118,0.16
122124,0.04
122125,0.05
122129,0.02
122133,0.18
122135,0.15
122136,0.08
122142,0.02
122154,0.05
122158,0.12
122160,0.04
122165,0.04
122166,0.1
122170,0.09
122175,0.0
122192,0.07
122207,0.03
122210,0.12
122215,0.02
122222,0.03
122234,0.35
122235,0.01
122236,0.1
122248,0.16
122256,0.04
122257,0.01
122258,0.15
122259,0.04
122260,0.09
122264,0.01
122266,0.23
122268,0.04
122271,0.18
122283,0.13
122286,0.02
122288,0.02
122301,0.04
122313,0.04
122322,0.2
122323,0.02
122324,0.02
122336,0.23
122338,0.2
122349,0.0
122351,0.03
122354,0.14
122358,0.08
122376,0.19
122378,0.13
122387,0.02
122392,0.11
122405,0.32
122409,0.03
122411,0.08
122415,0.16
122416,0.11
122425,0.26
122452,0.11
122453,0.04
122456,0.0
122458,0.32
122465,0.1
122468,0.01
122477,0.01
122483,0.07
122517,0.2
122521,0.37
122537,0.07
122538,0.12
122552,0.14
122557,0.15
122561,0.03
122568,0.03
122573,0.07
122583,0.14
122590,0.05
122609,0.05
122617,0.0
122621,0.2
122635,0.13
122638,0.12
122639,0.01
122644,0.0
122675,0.11
122699,0.37
122703,0.02
122706,0.13
122712,0.03
122730,0.01
122731,0.0
122736,0.14
122741,0.13
122745,0.03
122751,0.18
122768,0.0
122785,0.1
122797,0.03
122812,0.09
122816,0.04
122817,0.07
122826,0.08
122838,0.12
122845,0.05
122848,0.02
122850,0.03
122856,0.01
122862,0.25
122869,0.06
122871,0.09
122874,0.34
122875,0.21
122885,0.12
122901,0.09
122902,0.04
122903,0.18
122904,0.07
122910,0.03
122921,0.16
122925,0.17
122964,0.06
122975,0.07
122977,0.19
122984,0.22
122999,0.07
123004,0.4
123009,0.1
123012,0.04
123018,0.06
123025,0.18
123037,0.05
123038,0.13
123039,0.01
123045,0.16
123046,0.04
123051,0.0
123052,0.22
123056,0.13
123061,0.04
123072,0.08
123074,0.0
123086,0.22
123087,0.04
123091,0.17
123094,0.0
123105,0.03
123110,0.0
123113,0.04
123114,0.1
123124,0.06
123131,0.02
123136,0.31
123146,0.03
123147,0.04
123155,0.22
123163,0.06
123182,0.1
123196,0.01
123200,0.09
123204,0.06
123207,0.14
123210,0.02
123215,0.08
123227,0.02
123234,0.09
123239,0.21
123249,0.2
123252,0.09
123255,0.04
123257,0.08
123260,0.16
123263,0.17
123274,0.05
123275,0.13
123276,0.02
123292,0.05
123308,0.01
123316,0.02
123328,0.02
123330,0.1
123331,0.06
123334,0.29
123343,0.0
123344,0.05
123345,0.16
123352,0.28
123356,0.03
123365,0.28
123368,0.07
123376,0.11
123381,0.04
123384,0.07
123389,0.01
123401,0.23
123419,0.02
123433,0.12
123438,0.11
123441,0.05
123456,0.24
123457,0.15
123476,0.02
123477,0.16
123489,0.12
123490,0.05
123496,0.08
123502,0.1
123503,0.26
123513,0.09
123515,0.11
123530,0.05
123532,0.02
123537,0.0
123539,0.01
123540,0.16
123546,0.02
123547,0.05
123554,0.06
123572,0.02
123574,0.33
123575,0.27
123576,0.0
123584,0.07
123586,0.02
123591,0.09
123606,0.16
123607,0.14
123615,0.01
123616,0.12
123619,0.05
123621,0.17
123622,0.01
123633,0.07
123635,0.26
123658,0.11
123659,0.01
123663,0.09
123666,0.08
123670,0.07
123678,0.07
123688,0.07
123707,0.04
123709,0.2
123720,0.15
123741,0.03
123751,0.15
123759,0.05
123765,0.25
123766,0.08
123793,0.19
123794,0.14
123809,0.08
123837,0.03
123839,0.02
123843,0.06
123851,0.21
123854,0.05
123860,0.01
123863,0.18
123879,0.03
123888,0.25
123891,0.02
123912,0.06
123942,0.08
123952,0.27
123953,0.05
123958,0.28
123966,0.03
123977,0.03
123981,0.14
124000,0.01
124023,0.08
124026,0.02
124027,0.07
124033,0.17
124053,0.07
124057,0.1
124065,0.15
124074,0.01
124079,0.12
124095,0.01
124110,0.07
124138,0.02
124167,0.23
124168,0.26
124175,0.03
124176,0.09
124181,0.02
124195,0.12
124197,0.03
124206,0.03
124225,0.01
124230,0.05
124231,0.13
124253,0.13
124257,0.02
124263,0.05
124277,0.14
124285,0.06
124289,0.0
124299,0.32
124303,0.06
124309,0.17
124316,0.06
124319,0.11
124335,0.22
124347,0.22
124359,0.12
124362,0.02
124363,0.2
124389,0.09
124390,0.25
124393,0.12
124401,0.27
124406,0.06
124407,0.03
124416,0.08
124423,0.08
124429,0.18
124431,0.04
124439,0.02
124441,0.03
124451,0.08
124454,0.02
124463,0.28
124492,0.09
124493,0.16
124503,0.0
124506,0.06
124514,0.06
124516,0.06
124519,0.02
124520,0.21
124539,0.09
124545,0.22
124546,0.18
124552,0.03
124553,0.34
124555,0.07
124575,0.03
124586,0.07
124587,0.02
124591,0.23
124595,0.09
124597,0.09
124625,0.14
124628,0.09
124647,0.18
124648,0.02
124654,0.22
124655,0.12
124656,0.05
124658,0.02
124674,0.12
124675,0.02
124686,0.12
124696,0.16
124698,0.1
124702,0.02
124704,0.18
124705,0.01
124719,0.01
124732,0.01
124734,0.33
124737,0.01
124742,0.11
124793,0.15
124816,0.27
124820,0.02
124823,0.2
124826,0.01
124829,0.01
124844,0.18
124850,0.02
124866,0.02
124868,0.05
124874,0.11
124875,0.05
124876,0.03
124887,0.01
124893,0.26
124901,0.04
124905,0.31
124906,0.19
124931,0.08
124938,0.1
124940,0.08
124947,0.04
124948,0.07
124949,0.02
124971,0.14
124974,0.02
124976,0.07
125004,0.27
125025,0.06
125029,0.16
125031,0.09
125037,0.23
125046,0.05
125052,0.0
125053,0.04
125090,0.16
125093,0.07
125100,0.13
125101,0.08
125104,0.12
125111,0.13
125133,0.04
125144,0.03
125145,0.06
125149,0.14
125157,0.05
125158,0.51
125164,0.14
125167,0.03
125170,0.02
125177,0.07
125185,0.2
125190,0.15
125196,0.06
125200,0.11
125203,0.2
125215,0.15
125221,0.08
125224,0.01
125227,0.21
125252,0.03
125256,0.02
125264,0.07
125266,0.02
125267,0.07
125268,0.32
125270,0.0
125271,0.03
125276,0.02
125290,0.02
125300,0.02
125311,0.13
125327,0.12
125338,0.03
125359,0.17
125360,0.03
125366,0.03
125373,0.04
125376,0.36
125384,0.08
125387,0.27
125388,0.04
125393,0.03
125394,0.14
125396,0.01
125397,0.01
125408,0.07
125409,0.08
125414,0.24
125423,0.06
125425,0.15
125436,0.35
125450,0.05
125465,0.07
125471,0.25
125488,0.18
125496,0.15
125500,0.39
125505,0.0
125507,0.12
125519,0.05
125521,0.17
125524,0.09
125531,0.28
125542,0.03
125552,0.08
125560,0.03
125573,0.09
125574,0.04
125576,0.08
125592,0.04
125604,0.18
125622,0.11
125628,0.09
125649,0.03
125668,0.15
125695,0.05
125698,0.02
125701,0.28
125705,0.16
125709,0.12
125713,0.02
125720,0.27
125727,0.32
125747,0.02
125752,0.05
125758,0.05
125772,0.15
125779,0.5
125798,0.05
125804,0.09
125814,0.03
125817,0.08
125835,0.04
125838,0.06
125842,0.06
125852,0.21
125878,0.03
125886,0.18
125896,0.26
125924,0.08
125930,0.01
125939,0.03
125957,0.13
125961,0.1
125972,0.06
125973,0.22
125975,0.0
125983,0.02
125984,0.45
125990,0.19
126016,0.16
126022,0.03
126028,0.28
126047,0.34
126048,0.15
126067,0.06
126068,0.0
126069,0.09
126088,0.14
126121,0.02
126123,0.03
126125,0.0
126136,0.27
126159,0.09
126162,0.03
126165,0.03
126172,0.23
126175,0.11
126178,0.04
126184,0.01
126198,0.03
126202,0.12
126203,0.02
126205,0.02
126214,0.11
126231,0.25
126238,0.08
126242,0.09
126252,0.0
126263,0.04
126265,0.08
126267,0.02
126274,0.01
126299,0.23
126307,0.17
126310,0.14
126329,0.1
126331,0.1
126340,0.0
126341,0.15
126348,0.08
126349,0.04
126351,0.05
126354,0.04
126366,0.09
126370,0.0
126398,0.08
126407,0.03
126409,0.23
126431,0.01
126438,0.32
126448,0.11
126462,0.01
126464,0.03
126468,0.04
126472,0.02
126473,0.01
126479,0.05
126484,0.15
126486,0.03
126488,0.05
126490,0.07
126494,0.06
126506,0.07
126510,0.1
126513,0.02
126526,0.29
126533,0.14
126538,0.11
126549,0.3
126553,0.2
126554,0.02
126555,0.06
126579,0.15
126584,0.01
126594,0.12
126595,0.04
126596,0.14
126602,0.03
126611,0.05
126614,0.03
126636,0.07
126638,0.13
126651,0.07
126658,0.06
126674,0.01
126685,0.03
126688,0.19
126689,0.03
126707,0.38
126715,0.04
126716,0.0
126721,0.26
126722,0.15
126732,0.07
126738,0.04
126743,0.27
126744,0.03
126752,0.13
126759,0.15
126763,0.21
126775,0.24
126778,0.17
126784,0.03
126791,0.02
126792,0.05
126804,0.17
126816,0.14
126817,0.01
126822,0.01
126832,0.02
126842,0.01
126849,0.03
126850,0.01
126861,0.01
126871,0.02
126872,0.2
126880,0.06
126888,0.2
126896,0.04
126913,0.04
126918,0.03
126954,0.02
126961,0.04
126963,0.0
126965,0.18
126968,0.23
126971,0.02
126981,0.05
126984,0.08
126985,0.14
126995,0.12
126999,0.14
127007,0.11
127015,0.03
127038,0.01
127054,0.04
127057,0.05
127062,0.08
127083,0.07
127098,0.05
127102,0.05
127110,0.09
127111,0.15
127116,0.06
127126,0.01
127135,0.01
127137,0.07
127142,0.1
127151,0.17
127155,0.05
127156,0.04
127160,0.08
127169,0.13
127174,0.05
127175,0.06
127177,0.01
127192,0.03
127193,0.21
127196,0.07
127197,0.14
127204,0.05
127207,0.09
127215,0.01
127226,0.14
127230,0.22
127244,0.03
127247,0.06
127249,0.02
127259,0.29
127299,0.23
127304,0.0
127308,0.18
127309,0.16
127313,0.05
127316,0.14
127317,0.19
127318,0.17
127333,0.04
127334,0.04
127336,0.09
127346,0.13
127370,0.01
127375,0.15
127390,0.04
127392,0.15
127398,0.03
127400,0.04
127402,0.19
127407,0.18
127412,0.03
127413,0.08
127415,0.07
127418,0.38
127425,0.05
127432,0.01
127436,0.05
127448,0.08
127449,0.12
127463,0.14
127464,0.09
127468,0.05
127481,0.01
127492,0.13
127495,0.05
127496,0.09
127501,0.07
127508,0.09
127531,0.02
127554,0.02
127562,0.08
127565,0.01
127567,0.05
127582,0.06
127593,0.14
127595,0.04
127614,0.04
127627,0.08
127630,0.03
127638,0.17
127639,0.11
127641,0.03
127643,0.08
127665,0.15
127674,0.01
127676,0.13
127693,0.1
127701,0.01
127702,0.09
127709,0.14
127720,0.17
127733,0.02
127739,0.22
127753,0.01
127756,0.06
127757,0.11
127777,0.3
127810,0.13
127811,0.05
127821,0.18
127835,0.08
127839,0.09
127870,0.19
127878,0.16
127887,0.1
127918,0.08
127919,0.06
127920,0.04
127932,0.06
127933,0.2
127953,0.04
127955,0.07
127957,0.02
127961,0.05
127967,0.17
127970,0.17
127975,0.16
127985,0.01
127991,0.05
127997,0.01
127999,0.03
128004,0.0
128005,0.02
128015,0.12
128018,0.14
128044,0.14
128046,0.05
128047,0.1
128048,0.3
128054,0.05
128066,0.09
128070,0.1
128071,0.08
128094,0.02
128095,0.13
128099,0.22
128116,0.01
128130,0.04
128132,0.15
128133,0.38
128140,0.03
128154,0.02
128156,0.24
128160,0.04
128165,0.19
128166,0.0
128169,0.09
128171,0.03
128177,0.0
128178,0.01
128182,0.0
128191,0.19
128199,0.13
128213,0.1
128214,0.07
128216,0.02
128217,0.08
128226,0.04
128229,0.06
128232,0.04
128246,0.01
128273,0.1
128274,0.06
128283,0.06
128284,0.05
128294,0.09
128295,0.11
128297,0.04
128300,0.02
128314,0.04
128317,0.01
128339,0.02
128340,0.0
128342,0.07
128343,0.02
128364,0.03
128368,0.18
128377,0.07
128380,0.02
128383,0.07
128407,0.06
128409,0.07
128423,0.02
128428,0.05
128433,0.04
128438,0.27
128439,0.12
128446,0.21
128447,0.0
128450,0.13
128455,0.24
128457,0.23
128464,0.02
128465,0.1
128471,0.02
128474,0.06
128483,0.11
128514,0.05
128516,0.07
128519,0.03
128528,0.03
128529,0.1
128536,0.08
128541,0.05
128542,0.07
128545,0.08
128557,0.04
128560,0.02
128568,0.09
128571,0.08
128578,0.0
128582,0.1
128588,0.16
128597,0.08
128610,0.05
128619,0.15
128630,0.12
128680,0.07
128684,0.05
128687,0.02
128699,0.27
128702,0.05
128704,0.06
128710,0.28
128720,0.08
128724,0.02
128727,0.1
128744,0.06
128745,0.0
128760,0.05
128766,0.27
128770,0.2
128782,0.18
128822,0.02
128830,0.2
128836,0.13
128845,0.0
128858,0.05
128859,0.02
128860,0.2
128874,0.08
128880,0.08
128882,0.25
128883,0.11
128884,0.06
128892,0.19
128905,0.02
128910,0.06
128912,0.09
128915,0.08
128917,0.1
128937,0.07
128942,0.16
128945,0.09
128957,0.06
128962,0.12
128970,0.05
128985,0.22
128986,0.04
128992,0.0
128994,0.0
129003,0.12
129005,0.18
129010,0.03
129024,0.03
129038,0.02
129042,0.09
129049,0.03
129062,0.2
129067,0.21
129070,0.07
129073,0.0
129074,0.1
129088,0.05
129090,0.15
129101,0.18
129102,0.07
129106,0.32
129108,0.09
129120,0.07
129122,0.06
129123,0.26
129135,0.09
129141,0.06
129152,0.11
129160,0.09
129168,0.15
129174,0.08
129178,0.09
129183,0.02
129187,0.0
129197,0.07
129200,0.03
129205,0.11
129222,0.01
129230,0.07
129235,0.02
129251,0.06
129274,0.04
129282,0.09
129284,0.09
129298,0.06
129299,0.11
129311,0.16
129312,0.09
129313,0.04
129314,0.09
129321,0.12
129329,0.23
129330,0.14
129332,0.0
129338,0.11
129345,0.09
129349,0.13
129353,0.01
129357,0.0
129358,0.06
129365,0.0
129376,0.04
129380,0.0
129382,0.02
129402,0.12
129403,0.0
129412,0.05
129441,0.28
129442,0.07
129448,0.15
129466,0.04
129475,0.05
129483,0.03
129484,0.03
129499,0.03
129501,0.11
129508,0.03
129510,0.08
129526,0.02
129527,0.26
129533,0.11
129535,0.2
129536,0.16
129545,0.04
129553,0.17
129557,0.14
129560,0.08
129576,0.04
129580,0.18
129585,0.11
129587,0.03
129597,0.17
129611,0.02
129619,0.02
129622,0.09
129631,0.16
129632,0.12
129640,0.04
129647,0.03
129658,0.03
129676,0.09
129683,0.0
129685,0.06
129701,0.19
129706,0.18
129707,0.04
129720,0.01
129727,0.33
129728,0.05
129768,0.02
129775,0.03
129790,0.0
129804,0.08
129805,0.14
129813,0.0
129816,0.05
129823,0.05
129826,0.39
129831,0.01
129833,0.01
129851,0.04
129857,0.02
129860,0.09
129914,0.33
129926,0.0
129933,0.03
129939,0.15
129949,0.03
129959,0.13
129962,0.22
129963,0.26
129964,0.03
129977,0.04
129985,0.09
129987,0.03
129992,0.09
130002,0.15
130016,0.04
130045,0.08
130048,0.05
130051,0.03
130053,0.07
130056,0.07
130061,0.14
130062,0.06
130065,0.16
130066,0.11
130070,0.2
130079,0.07
130080,0.08
130098,0.08
130109,0.11
130110,0.04
130116,0.04
130125,0.32
130134,0.3
130137,0.1
130138,0.08
130146,0.05
130148,0.05
130154,0.07
130156,0.01
130158,0.1
130159,0.02
130177,0.01
130186,0.38
130204,0.21
130205,0.29
130206,0.02
130211,0.08
130217,0.03
130218,0.02
130235,0.13
130236,0.22
130239,0.03
130256,0.16
130260,0.04
130261,0.15
130262,0.01
130263,0.08
130264,0.02
130266,0.13
130277,0.09
130278,0.08
130281,0.15
130297,0.1
130302,0.19
130320,0.02
130325,0.1
130329,0.0
130338,0.1
130339,0.17
130340,0.25
130344,0.02
130347,0.06
130353,0.02
130358,0.08
130366,0.04
130371,0.08
130374,0.04
130389,0.04
130390,0.03
130404,0.0
130426,0.02
130440,0.09
130449,0.3
130451,0.04
130452,0.1
130453,0.14
130463,0.14
130466,0.05
130467,0.07
130475,0.11
130489,0.07
130490,0.04
130495,0.15
130497,0.04
130499,0.02
130504,0.24
130513,0.05
130528,0.02
130533,0.3
130543,0.08
130567,0.14
130571,0.03
130572,0.06
130589,0.17
130592,0.12
130603,0.19
130623,0.08
130641,0.16
130687,0.0
130690,0.05
130698,0.07
130707,0.1
130709,0.28
130718,0.23
130722,0.1
130732,0.08
130735,0.05
130757,0.03
130760,0.04
130771,0.0
130772,0.01
130774,0.01
130779,0.1
130795,0.04
130828,0.07
130833,0.07
130843,0.01
130855,0.11
130871,0.02
130878,0.05
130885,0.11
130889,0.13
130894,0.13
130896,0.13
130905,0.04
130906,0.06
130930,0.03
130931,0.05
130943,0.13
130946,0.02
130947,0.2
130950,0.09
130954,0.1
130966,0.03
130983,0.15
131003,0.01
131005,0.02
131009,0.1
131013,0.08
131027,0.05
131030,0.3
131031,0.02
131033,0.0
131039,0.1
131045,0.05
131057,0.24
131072,0.03
131084,0.09
131088,0.03
131089,0.14
131091,0.06
131093,0.05
131114,0.28
131118,0.05
131123,0.03
131130,0.11
131144,0.23
131162,0.12
131163,0.04
131166,0.12
131179,0.2
131181,0.0
131183,0.38
131219,0.0
131227,0.03
131231,0.08
131235,0.12
131242,0.02
131251,0.2
131257,0.17
131263,0.13
131268,0.36
131271,0.07
131275,0.0
131286,0.16
131290,0.08
131300,0.1
131306,0.04
131316,0.11
131321,0.21
131322,0.06
131326,0.0
131333,0.22
131335,0.18
131352,0.04
131354,0.04
131366,0.17
131373,0.03
131388,0.13
131394,0.03
131404,0.21
131405,0.09
131411,0.03
131416,0.36
131421,0.08
131424,0.06
131426,0.04
131443,0.24
131470,0.16
131471,0.3
131476,0.02
131477,0.02
131479,0.27
131493,0.22
131495,0.11
131496,0.08
131498,0.14
131504,0.07
131525,0.38
131528,0.03
131548,0.01
131549,0.15
131550,0.2
131557,0.31
131564,0.09
131565,0.03
131576,0.14
131602,0.16
131628,0.19
131629,0.05
131641,0.11
131647,0.02
131664,0.07
131677,0.06
131681,0.01
131682,0.05
131688,0.12
131690,0.18
131691,0.05
131709,0.04
131713,0.08
131719,0.12
131733,0.09
131734,0.18
131743,0.18
131747,0.22
131748,0.12
131758,0.03
131759,0.37
131764,0.03
131771,0.1
131788,0.01
131791,0.14
131798,0.04
131810,0.05
131812,0.03
131815,0.04
131823,0.18
131824,0.04
131828,0.11
131844,0.1
131846,0.08
131848,0.07
131863,0.01
131864,0.09
131889,0.07
131890,0.15
131892,0.16
131895,0.09
131896,0.15
131897,0.0
131905,0.05
131906,0.05
131907,0.12
131914,0.03
131921,0.02
131922,0.14
131925,0.01
131936,0.03
131941,0.25
131950,0.01
131952,0.08
131959,0.3
131983,0.01
131987,0.17
131994,0.06
132004,0.07
132009,0.11
132012,0.0
132013,0.02
132014,0.25
132028,0.31
132054,0.06
132061,0.01
132062,0.07
132078,0.16
132082,0.05
132086,0.04
132089,0.2
132095,0.04
132109,0.06
132110,0.11
132121,0.11
132125,0.01
132127,0.14
132128,0.01
132134,0.02
132139,0.06
132141,0.11
132149,0.27
132150,0.04
132152,0.01
132153,0.09
132164,0.03
132179,0.34
132182,0.13
132189,0.16
132193,0.06
132194,0.01
132195,0.04
132208,0.33
132211,0.16
132212,0.25
132216,0.15
132219,0.0
132223,0.06
132238,0.04
132242,0.01
132268,0.07
132275,0.07
132276,0.16
132279,0.02
132289,0.47
132290,0.04
132300,0.27
132319,0.05
132340,0.01
132344,0.09
132345,0.04
132346,0.21
132352,0.07
132353,0.06
132358,0.38
132381,0.14
132382,0.05
132383,0.13
132410,0.05
132419,0.02
132423,0.06
132432,0.24
132434,0.07
132440,0.07
132441,0.09
132452,0.02
132453,0.02
132456,0.01
132459,0.02
132462,0.01
132463,0.08
132468,0.11
132485,0.25
132490,0.02
132500,0.03
132521,0.32
132555,0.11
132560,0.05
132562,0.02
132575,0.02
132587,0.01
132591,0.13
132611,0.14
132615,0.02
132617,0.25
132622,0.42
132629,0.03
132638,0.03
132642,0.02
132658,0.04
132664,0.06
132668,0.07
132676,0.27
132704,0.16
132707,0.17
132719,0.04
132723,0.24
132724,0.19
132732,0.03
132754,0.11
132756,0.09
132766,0.1
132767,0.03
132775,0.25
132776,0.24
132785,0.03
132787,0.04
132793,0.12
132807,0.0
132811,0.0
132818,0.07
132834,0.01
132846,0.02
132861,0.06
132870,0.11
132882,0.01
132884,0.07
132885,0.28
132888,0.06
132898,0.08
132912,0.02
132916,0.29
132917,0.03
132932,0.14
132940,0.13
132943,0.07
132962,0.24
132965,0.06
132969,0.03
132974,0.16
132977,0.06
132978,0.02
132982,0.01
132983,0.0
132996,0.13
133006,0.02
133007,0.02
133025,0.0
133027,0.03
133033,0.11
133038,0.26
133040,0.11
133041,0.08
133044,0.12
133053,0.03
133063,0.11
133065,0.04
133083,0.01
133084,0.0
133091,0.15
133092,0.05
133107,0.12
133111,0.1
133122,0.04
133132,0.03
133140,0.12
133147,0.07
133150,0.03
133168,0.02
133170,0.0
133184,0.04
133228,0.03
133229,0.02
133230,0.05
133232,0.15
133242,0.1
133246,0.2
133247,0.09
133253,0.13
133268,0.1
133271,0.16
133272,0.06
133296,0.16
133299,0.24
133302,0.1
133315,0.24
133330,0.05
133331,0.02
133332,0.0
133333,0.04
133334,0.44
133361,0.25
133363,0.1
133404,0.08
133412,0.45
133418,0.01
133422,0.2
133426,0.08
133450,0.05
133465,0.1
133468,0.08
133469,0.01
133474,0.0
133479,0.07
133490,0.06
133492,0.0
133495,0.07
133496,0.0
133501,0.05
133502,0.06
133511,0.06
133515,0.08
133528,0.2
133539,0.02
133551,0.14
133564,0.04
133569,0.15
133570,0.07
133578,0.04
133586,0.11
133587,0.16
133597,0.04
133608,0.05
133624,0.22
133626,0.1
133645,0.09
133655,0.0
133658,0.06
133659,0.1
133660,0.04
133664,0.0
133684,0.2
133685,0.07
133688,0.16
133706,0.13
133713,0.05
133723,0.02
133730,0.06
133733,0.04
133760,0.1
133762,0.21
133777,0.0
133793,0.01
133816,0.08
133818,0.07
133824,0.08
133841,0.07
133850,0.05
133877,0.22
133880,0.09
133887,0.09
133889,0.38
133896,0.17
133916,0.21
133920,0.02
133936,0.15
133939,0.01
133940,0.04
133942,0.08
133956,0.11
133957,0.06
133965,0.0
133972,0.08
133973,0.08
134008,0.02
134016,0.21
134039,0.09
134040,0.04
134045,0.07
134050,0.3
134056,0.1
134082,0.22
134085,0.06
134089,0.0
134102,0.05
134118,0.01
134131,0.0
134135,0.02
134137,0.05
134150,0.12
134159,0.0
134183,0.02
134186,0.11
134211,0.01
134216,0.03
134217,0.06
134218,0.03
134230,0.13
134233,0.07
134234,0.09
134236,0.22
134241,0.02
134242,0.13
134273,0.04
134277,0.08
134287,0.19
134293,0.17
134302,0.03
134306,0.24
134307,0.07
134325,0.07
134330,0.07
134334,0.08
134338,0.27
134339,0.0
134348,0.15
134355,0.0
134369,0.4
134387,0.04
134399,0.2
134400,0.02
134405,0.12
134407,0.02
134433,0.09
134448,0.02
134460,0.03
134463,0.2
134467,0.0
134485,0.03
134486,0.27
134490,0.14
134494,0.16
134501,0.26
134508,0.12
134512,0.18
134514,0.08
134519,0.04
134528,0.17
134536,0.04
134540,0.05
134546,0.04
134549,0.14
134558,0.08
134560,0.16
134588,0.18
134590,0.03
134591,0.13
134594,0.04
134622,0.04
134626,0.07
134639,0.01
134649,0.07
134654,0.23
134658,0.03
134683,0.04
134688,0.3
134689,0.53
134697,0.09
134698,0.15
134718,0.09
134742,0.01
134751,0.07
134760,0.02
134763,0.01
134764,0.08
134765,0.03
134773,0.06
134790,0.01
134794,0.01
134802,0.0
134805,0.0
134807,0.08
134812,0.07
134813,0.03
134823,0.08
134824,0.08
134838,0.05
134841,0.0
134857,0.08
134862,0.16
134865,0.08
134880,0.35
134883,0.08
134884,0.08
134916,0.0
134918,0.05
134919,0.14
134921,0.03
134928,0.22
134943,0.14
134950,0.0
134968,0.15
134971,0.18
134972,0.06
135011,0.12
135013,0.27
135016,0.03
135031,0.09
135036,0.05
135041,0.02
135052,0.03
135053,0.05
135054,0.15
135060,0.02
135072,0.03
135078,0.08
135079,0.06
135090,0.14
135113,0.08
135123,0.02
135128,0.16
135136,0.19
135152,0.1
135163,0.08
135166,0.1
135186,0.05
135188,0.05
135194,0.1
135214,0.04
135220,0.01
135235,0.01
135236,0.02
135241,0.12
135243,0.17
135253,0.04
135258,0.07
135264,0.02
135271,0.06
135274,0.0
135275,0.15
135288,0.14
135290,0.04
135299,0.0
135304,0.07
135309,0.04
135345,0.17
135359,0.04
135360,0.08
135361,0.09
135363,0.26
135365,0.05
135369,0.1
135380,0.0
135387,0.23
135389,0.04
135390,0.24
135393,0.05
135401,0.01
135409,0.24
135410,0.07
135412,0.01
135430,0.04
135434,0.1
135435,0.22
135445,0.31
135449,0.28
135460,0.11
135461,0.09
135491,0.06
135500,0.03
135504,0.15
135506,0.03
135521,0.12
135523,0.17
135527,0.04
135528,0.08
135530,0.37
135540,0.13
135541,0.36
135562,0.29
135578,0.05
135584,0.05
135589,0.19
135590,0.0
135591,0.14
135596,0.04
135607,0.01
135622,0.0
135626,0.14
135635,0.08
135636,0.04
135650,0.02
135656,0.03
135657,0.17
135672,0.41
135673,0.02
135678,0.27
135679,0.0
135684,0.13
135701,0.0
135704,0.18
135713,0.13
135716,0.25
135718,0.03
135723,0.06
135737,0.06
135738,0.02
135745,0.05
135746,0.3
135752,0.12
135755,0.06
135756,0.01
135765,0.02
135778,0.04
135779,0.03
135788,0.01
135803,0.12
135804,0.05
135809,0.0
135811,0.21
135812,0.14
135823,0.14
135834,0.09
135838,0.02
135843,0.05
135847,0.07
135857,0.22
135865,0.08
135872,0.06
135885,0.07
135888,0.09
135899,0.05
135910,0.04
135930,0.07
135941,0.14
135943,0.14
135949,0.27
135950,0.03
135951,0.13
135954,0.13
135966,0.22
135967,0.01
135971,0.04
135974,0.15
135975,0.03
135985,0.01
136004,0.03
136009,0.16
136033,0.11
136041,0.09
136051,0.03
136057,0.14
136070,0.35
136099,0.2
136103,0.03
136114,0.09
136116,0.0
136140,0.07
136160,0.01
136185,0.02
136201,0.07
136211,0.05
136213,0.12
136224,0.14
136234,0.03
136244,0.05
136255,0.07
136257,0.02
136260,0.0
136261,0.02
136263,0.07
136267,0.03
136277,0.06
136289,0.05
136293,0.11
136296,0.11
136302,0.09
136312,0.03
136317,0.2
136337,0.21
136355,0.03
136356,0.17
136383,0.08
136390,0.04
136406,0.08
136416,0.03
136417,0.0
136429,0.14
136440,0.07
136445,0.09
136449,0.02
136454,0.06
136457,0.01
136467,0.09
136474,0.12
136503,0.1
136505,0.15
136558,0.05
136578,0.07
136579,0.02
136582,0.17
136583,0.01
136588,0.01
136593,0.02
136605,0.17
136617,0.02
136620,0.08
136625,0.05
136640,0.02
136643,0.14
136653,0.22
136654,0.23
136660,0.03
136661,0.04
136663,0.16
136683,0.21
136711,0.16
136726,0.23
136730,0.16
136739,0.1
136740,0.06
136745,0.0
136751,0.02
136754,0.23
136758,0.12
136762,0.15
136763,0.03
136778,0.03
136782,0.02
136798,0.09
136808,0.28
136811,0.13
136829,0.02
136832,0.02
136838,0.16
136846,0.08
136848,0.02
136852,0.01
136854,0.0
136856,0.01
136862,0.13
136863,0.02
136885,0.05
136887,0.14
136902,0.24
136918,0.04
136922,0.01
136923,0.0
136929,0.29
136940,0.12
136967,0.17
136968,0.25
136972,0.04
136984,0.16
136993,0.09
136994,0.08
136995,0.06
136999,0.03
137013,0.01
137015,0.11
137023,0.09
137025,0.2
137032,0.02
137033,0.41
137045,0.04
137049,0.04
137051,0.16
137052,0.02
137101,0.3
137119,0.14
137142,0.11
137149,0.09
137166,0.01
137167,0.04
137192,0.01
137193,0.15
137194,0.08
137204,0.22
137214,0.04
137222,0.2
137223,0.13
137234,0.07
137254,0.1
137269,0.01
137284,0.02
137285,0.08
137286,0.25
137287,0.05
137300,0.05
137305,0.04
137313,0.07
137344,0.13
137346,0.18
137354,0.14
137356,0.18
137357,0.16
137364,0.1
137368,0.01
137380,0.02
137383,0.02
137395,0.0
137432,0.04
137433,0.13
137435,0.1
137444,0.03
137453,0.13
137454,0.03
137455,0.2
137456,0.02
137457,0.11
137465,0.11
137476,0.08
137515,0.04
137544,0.24
137549,0.0
137560,0.29
137577,0.23
137590,0.0
137591,0.08
137592,0.05
137595,0.02
137614,0.17
137624,0.03
137640,0.0
137651,0.07
137657,0.0
137658,0.39
137672,0.1
137673,0.09
137687,0.22
137688,0.03
137689,0.02
137700,0.15
137711,0.05
137715,0.05
137718,0.02
137721,0.03
137722,0.35
137726,0.19
137739,0.33
137741,0.05
137743,0.1
137747,0.07
137761,0.09
137796,0.0
137807,0.23
137809,0.1
137824,0.05
137827,0.07
137846,0.29
137862,0.06
137865,0.02
137868,0.05
137875,0.06
137878,0.04
137883,0.0
137888,0.07
137913,0.13
137915,0.02
137934,0.09
137936,0.25
137937,0.01
137942,0.09
137944,0.21
137947,0.01
137960,0.06
137977,0.18
138006,0.05
138007,0.1
138008,0.07
138019,0.18
138021,0.1
138022,0.02
138025,0.09
138044,0.06
138046,0.07
138050,0.14
138068,0.05
138084,0.15
138085,0.03
138086,0.02
138087,0.01
138089,0.13
138100,0.09
138105,0.02
138107,0.08
138127,0.0
138128,0.09
138129,0.02
138131,0.01
138132,0.01
138150,0.05
138156,0.03
138169,0.21
138174,0.06
138177,0.12
138187,0.14
138189,0.03
138193,0.05
138203,0.09
138209,0.09
138237,0.01
138243,0.06
138273,0.03
138274,0.07
138275,0.04
138277,0.04
138285,0.05
138289,0.21
138308,0.09
138313,0.07
138317,0.02
138326,0.04
138327,0.1
138338,0.08
138367,0.05
138377,0.14
138416,0.06
138417,0.04
138419,0.11
138425,0.18
138430,0.03
138454,0.11
138465,0.08
138470,0.01
138480,0.02
138481,0.26
138486,0.13
138492,0.0
138496,0.08
138519,0.14
138520,0.04
138522,0.1
138545,0.03
138556,0.12
138560,0.01
138564,0.08
138573,0.1
138581,0.35
138585,0.16
138591,0.11
138598,0.16
138600,0.14
138602,0.02
138613,0.19
138639,0.03
138651,0.07
138652,0.08
138661,0.23
138674,0.13
138678,0.26
138679,0.01
138686,0.04
138695,0.03
138711,0.01
138728,0.1
138731,0.0
138744,0.12
138752,0.2
138754,0.11
138756,0.15
138770,0.02
138771,0.28
138807,0.03
138818,0.05
138819,0.09
138820,0.05
138831,0.03
138843,0.03
138871,0.12
138873,0.09
138876,0.04
138880,0.12
138881,0.05
138882,0.05
138890,0.01
138892,0.03
138893,0.11
138917,0.03
138921,0.18
138922,0.12
138924,0.05
138926,0.04
138932,0.06
138946,0.15
138959,0.22
138961,0.03
138964,0.0
138968,0.25
138969,0.3
138980,0.1
138992,0.14
139002,0.32
139010,0.08
139011,0.09
139017,0.33
139030,0.03
139032,0.21
139034,0.04
139039,0.02
139049,0.23
139053,0.02
139058,0.11
139062,0.21
139067,0.21
139069,0.29
139070,0.23
139075,0.02
139082,0.19
139092,0.18
139098,0.11
139108,0.15
139127,0.2
139130,0.24
139145,0.09
139164,0.03
139174,0.08
139175,0.1
139178,0.0
139180,0.01
139181,0.38
139186,0.08
139189,0.04
139190,0.04
139191,0.0
139198,0.02
139201,0.13
139204,0.21
139208,0.03
139211,0.02
139215,0.04
139225,0.19
139226,0.09
139231,0.02
139246,0.13
139252,0.16
139256,0.11
139258,0.07
139268,0.04
139272,0.03
139283,0.11
139286,0.03
139289,0.06
139290,0.41
139291,0.01
139293,0.02
139303,0.02
139304,0.03
139307,0.34
139319,0.04
139321,0.11
139326,0.06
139327,0.02
139355,0.12
139363,0.07
139375,0.04
139397,0.06
139412,0.11
139413,0.04
139415,0.05
139416,0.06
139449,0.26
139461,0.07
139462,0.16
139463,0.17
139486,0.0
139493,0.15
139515,0.1
139516,0.08
139522,0.12
139532,0.0
139542,0.06
139545,0.05
139552,0.21
139553,0.12
139555,0.06
139559,0.12
139560,0.21
139564,0.02
139565,0.08
139567,0.01
139568,0.04
139572,0.04
139573,0.1
139592,0.06
139595,0.11
139597,0.08
139598,0.15
139607,0.12
139609,0.1
139628,0.02
139653,0.12
139656,0.38
139661,0.05
139673,0.03
139674,0.05
139683,0.01
139714,0.17
139724,0.02
139737,0.28
139749,0.12
139755,0.01
139756,0.33
139757,0.02
139763,0.01
139769,0.12
139774,0.38
139775,0.03
139777,0.06
139780,0.08
139788,0.16
139794,0.07
139831,0.19
139832,0.0
139834,0.03
139839,0.09
139843,0.14
139844,0.0
139858,0.15
139861,0.32
139864,0.16
139865,0.17
139874,0.04
139876,0.04
139895,0.14
139903,0.27
139917,0.07
139930,0.03
139934,0.09
139935,0.01
139946,0.08
139958,0.05
139977,0.01
139981,0.06
139989,0.02
139992,0.19
139995,0.01
139996,0.13
139997,0.07
140005,0.19
140010,0.18
140018,0.14
140026,0.03
140027,0.09
140031,0.15
140037,0.04
140039,0.02
140040,0.12
140042,0.0
140049,0.09
140084,0.19
140087,0.01
140096,0.08
140101,0.34
140114,0.05
140117,0.03
140129,0.3
140131,0.24
140132,0.09
140136,0.13
140144,0.05
140151,0.03
140172,0.05
140174,0.04
140190,0.05
140196,0.09
140200,0.2
140204,0.08
140223,0.08
140232,0.08
140234,0.11
140237,0.06
140245,0.21
140247,0.13
140248,0.07
140298,0.02
140305,0.28
140311,0.04
140312,0.11
140318,0.06
140325,0.17
140327,0.43
140334,0.19
140337,0.05
140338,0.02
140343,0.12
140376,0.07
140378,0.16
140381,0.01
140382,0.09
140384,0.05
140386,0.11
140390,0.0
140402,0.07
140406,0.04
140425,0.01
140426,0.1
140434,0.01
140435,0.07
140436,0.38
140451,0.04
140452,0.04
140454,0.07
140455,0.17
140483,0.0
140504,0.02
140512,0.06
140518,0.02
140534,0.3
140545,0.01
140546,0.1
140560,0.01
140563,0.01
140564,0.07
140569,0.0
140577,0.03
140638,0.01
140655,0.04
140664,0.03
140669,0.01
140672,0.33
140682,0.04
140693,0.09
140700,0.05
140701,0.23
140704,0.02
140705,0.05
140719,0.02
140749,0.24
140750,0.02
140751,0.34
140752,0.02
140762,0.13
140772,0.12
140778,0.24
140779,0.02
140780,0.0
140802,0.01
140804,0.09
140807,0.05
140813,0.03
140827,0.04
140840,0.06
140845,0.09
140847,0.17
140861,0.01
140862,0.02
140872,0.07
140879,0.03
140880,0.17
140886,0.1
140924,0.03
140938,0.02
140944,0.1
140945,0.19
140961,0.09
140963,0.04
140967,0.07
140982,0.09
140990,0.01
140993,0.04
140996,0.18
141004,0.03
141025,0.62
141030,0.01
141031,0.05
141032,0.12
141067,0.06
141072,0.11
141081,0.06
141084,0.06
141085,0.07
141089,0.06
141090,0.09
141093,0.04
141095,0.09
141110,0.08
141114,0.0
141119,0.28
141147,0.11
141150,0.33
141159,0.04
141160,0.15
141167,0.01
141206,0.17
141213,0.04
141215,0.31
141222,0.05
141255,0.11
141283,0.01
141298,0.08
141306,0.07
141310,0.26
141320,0.01
141323,0.15
141329,0.06
141333,0.04
141339,0.0
141340,0.05
141344,0.02
141345,0.09
141347,0.06
141350,0.1
141356,0.11
141358,0.04
141365,0.09
141368,0.05
141369,0.0
141376,0.12
141377,0.03
141385,0.03
141387,0.04
141388,0.21
141389,0.04
141390,0.09
141409,0.01
141410,0.05
141411,0.18
141414,0.08
141422,0.13
141426,0.13
141457,0.01
141470,0.12
141480,0.04
141481,0.02
141492,0.06
141493,0.07
141496,0.08
141497,0.03
141502,0.01
141503,0.02
141504,0.25
141507,0.2
141515,0.06
141524,0.36
141528,0.02
141540,0.0
141542,0.02
141551,0.37
141573,0.05
141580,0.03
141588,0.17
141596,0.14
141597,0.01
141602,0.24
141608,0.21
141611,0.03
141612,0.22
141618,0.08
141628,0.03
141632,0.13
141634,0.14
141637,0.04
141638,0.16
141639,0.0
141640,0.1
141644,0.14
141654,0.17
141656,0.03
141668,0.08
141717,0.08
141718,0.09
141723,0.19
141743,0.09
141744,0.11
141750,0.04
141753,0.04
141762,0.11
141809,0.05
141815,0.17
141826,0.07
141832,0.01
141840,0.01
141869,0.16
141870,0.27
141887,0.23
141915,0.01
141925,0.06
141945,0.52
141949,0.02
141958,0.08
141959,0.01
141963,0.09
141989,0.01
141995,0.02
141997,0.08
142005,0.07
142008,0.08
142012,0.12
142014,0.0
142025,0.11
142036,0.0
142037,0.07
142038,0.0
142039,0.03
142064,0.14
142065,0.32
142070,0.04
142074,0.0
142079,0.08
142084,0.09
142087,0.02
142102,0.11
142106,0.1
142115,0.04
142120,0.11
142132,0.13
142139,0.03
142142,0.04
142153,0.13
142160,0.05
142162,0.04
142163,0.02
142167,0.03
142168,0.18
142177,0.04
142180,0.17
142183,0.01
142186,0.1
142189,0.06
142195,0.05
142198,0.01
142210,0.08
142215,0.22
142222,0.02
142223,0.2
142224,0.11
142236,0.09
142237,0.06
142239,0.0
142242,0.11
142243,0.01
142244,0.04
142255,0.01
142273,0.09
142289,0.03
142294,0.01
142303,0.16
142305,0.23
142339,0.05
142359,0.08
142361,0.06
142364,0.04
142378,0.4
142380,0.16
142383,0.22
142387,0.04
142393,0.16
142396,0.3
142407,0.25
142409,0.17
142427,0.0
142429,0.21
142430,0.1
142431,0.06
142433,0.16
142439,0.26
142440,0.02
142446,0.06
142459,0.09
142478,0.0
142481,0.08
142491,0.07
142495,0.02
142497,0.0
142510,0.01
142513,0.27
142521,0.01
142529,0.26
142537,0.04
142542,0.31
142558,0.13
142574,0.03
142575,0.02
142579,0.19
142587,0.03
142590,0.45
142610,0.06
142614,0.02
142621,0.03
142641,0.1
142650,0.07
142653,0.21
142667,0.19
142671,0.12
142676,0.19
142680,0.11
142684,0.07
142685,0.02
142686,0.06
142689,0.04
142691,0.1
142704,0.08
142707,0.05
142724,0.03
142727,0.01
142728,0.08
142741,0.04
142747,0.15
142748,0.12
142752,0.09
142755,0.03
142756,0.06
142759,0.0
142762,0.06
142771,0.08
142778,0.06
142783,0.05
142789,0.17
142790,0.02
142791,0.14
142793,0.21
142795,0.12
142803,0.29
142819,0.07
142822,0.13
142825,0.15
142833,0.04
142871,0.06
142872,0.01
142883,0.05
142905,0.0
142906,0.04
142917,0.12
142921,0.1
142927,0.22
142932,0.01
142940,0.18
142962,0.06
142969,0.09
142976,0.02
142977,0.15
142982,0.04
142988,0.03
142990,0.09
142992,0.04
143012,0.06
143013,0.09
143016,0.15
143017,0.05
143033,0.06
143058,0.05
143059,0.05
143060,0.08
143065,0.01
143076,0.04
143081,0.37
143088,0.0
143089,0.11
143090,0.08
143094,0.0
143100,0.06
143115,0.0
143132,0.04
143135,0.01
143136,0.28
143149,0.1
143151,0.03
143152,0.08
143153,0.17
143162,0.05
143166,0.04
143167,0.02
143187,0.18
143188,0.04
143190,0.05
143191,0.02
143195,0.32
143207,0.15
143209,0.12
143227,0.18
143231,0.04
143232,0.05
143244,0.05
143263,0.24
143268,0.11
143275,0.11
143278,0.2
143302,0.08
143320,0.03
143328,0.14
143336,0.09
143339,0.01
143340,0.09
143353,0.02
143360,0.01
143361,0.08
143385,0.27
143388,0.14
143389,0.13
143390,0.03
143393,0.23
143396,0.14
143419,0.06
143421,0.0
143422,0.02
143431,0.06
143433,0.06
143440,0.14
143442,0.12
143463,0.08
143466,0.04
143475,0.11
143500,0.05
143510,0.04
143528,0.04
143532,0.01
143535,0.09
143538,0.01
143548,0.07
143550,0.14
143555,0.08
143576,0.18
143593,0.14
143595,0.06
143596,0.04
143597,0.02
143599,0.1
143601,0.05
143602,0.03
143605,0.02
143609,0.24
143611,0.11
143613,0.04
143618,0.13
143652,0.04
143667,0.05
143679,0.17
143680,0.0
143692,0.06
143703,0.05
143712,0.11
143714,0.05
143715,0.01
143729,0.09
143732,0.12
143738,0.01
143740,0.07
143743,0.13
143772,0.0
143773,0.08
143792,0.05
143802,0.02
143808,0.06
143819,0.01
143820,0.15
143825,0.06
143828,0.02
143831,0.18
143834,0.03
143835,0.03
143843,0.03
143860,0.03
143874,0.13
143889,0.22
143903,0.05
143921,0.14
143936,0.11
143944,0.04
143947,0.1
143948,0.02
143957,0.18
143964,0.33
143965,0.01
143971,0.13
143976,0.15
143977,0.39
143983,0.33
143991,0.02
144015,0.04
144032,0.04
144057,0.07
144065,0.03
144087,0.02
144090,0.11
144091,0.09
144092,0.05
144139,0.09
144150,0.11
144151,0.04
144153,0.13
144154,0.4
144159,0.3
144168,0.29
144169,0.01
144178,0.19
144179,0.01
144183,0.01
144186,0.08
144190,0.23
144191,0.15
144199,0.1
144226,0.0
144227,0.08
144229,0.02
144237,0.12
144247,0.1
144249,0.11
144259,0.03
144260,0.02
144282,0.1
144295,0.09
144304,0.06
144314,0.03
144318,0.05
144324,0.24
144325,0.03
144333,0.06
144334,0.05
144336,0.0
144350,0.05
144354,0.02
144357,0.0
144359,0.05
144365,0.03
144385,0.02
144386,0.01
144387,0.13
144390,0.1
144393,0.06
144398,0.1
144402,0.04
144416,0.09
144422,0.06
144446,0.12
144451,0.24
144461,0.03
144464,0.11
144483,0.06
144498,0.19
144499,0.03
144534,0.01
144549,0.05
144563,0.02
144570,0.4
144579,0.04
144580,0.03
144581,0.0
144582,0.04
144587,0.02
144588,0.08
144589,0.01
144590,0.02
144598,0.16
144601,0.06
144610,0.04
144611,0.2
144612,0.0
144613,0.05
144617,0.05
144635,0.3
144640,0.03
144644,0.01
144645,0.03
144654,0.0
144656,0.05
144657,0.11
144658,0.13
144659,0.17
144665,0.01
144667,0.06
144675,0.05
144677,0.07
144678,0.0
144690,0.06
144701,0.25
144702,0.2
144716,0.03
144721,0.05
144722,0.24
144729,0.07
144744,0.07
144753,0.01
144761,0.0
144764,0.3
144767,0.05
144780,0.29
144781,0.02
144784,0.07
144806,0.03
144810,0.19
144811,0.08
144824,0.13
144828,0.12
144829,0.01
144835,0.14
144849,0.02
144850,0.06
144870,0.03
144881,0.12
144891,0.06
144898,0.16
144904,0.11
144906,0.01
144909,0.01
144910,0.12
144912,0.14
144963,0.05
144965,0.1
144966,0.03
144979,0.21
144990,0.02
144991,0.01
144992,0.31
144999,0.06
145006,0.03
145007,0.02
145008,0.03
145009,0.08
145011,0.05
145014,0.21
145025,0.06
145036,0.02
145041,0.07
145058,0.25
145071,0.05
145106,0.08
145110,0.03
145142,0.19
145146,0.12
145147,0.11
145148,0.06
145149,0.01
145154,0.03
145157,0.05
145158,0.02
145167,0.08
145172,0.07
145174,0.01
145192,0.1
145195,0.05
145196,0.24
145199,0.03
145209,0.04
145242,0.01
145248,0.04
145249,0.03
145250,0.07
145281,0.06
145287,0.04
145288,0.1
145298,0.24
145303,0.02
145309,0.04
145333,0.11
145336,0.02
145339,0.05
145350,0.04
145353,0.0
145354,0.05
145358,0.16
145382,0.17
145383,0.18
145389,0.02
145390,0.08
145391,0.05
145392,0.19
145407,0.03
145410,0.04
145412,0.09
145415,0.12
145418,0.09
145419,0.06
145440,0.0
145451,0.15
145476,0.23
145481,0.09
145482,0.0
145484,0.06
145502,0.04
145512,0.02
145515,0.05
145521,0.04
145523,0.03
145554,0.03
145557,0.01
145560,0.04
145563,0.18
145569,0.04
145586,0.1
145601,0.14
145602,0.1
145615,0.09
145623,0.17
145638,0.02
145640,0.01
145645,0.0
145654,0.14
145664,0.09
145677,0.1
145679,0.01
145681,0.11
145698,0.04
145709,0.02
145713,0.04
145720,0.1
145780,0.18
145781,0.16
145798,0.23
145811,0.23
145819,0.04
145833,0.09
145834,0.04
145835,0.01
145844,0.15
145862,0.06
145869,0.03
145871,0.09
145872,0.0
145874,0.58
145888,0.05
145891,0.16
145907,0.15
145908,0.16
145919,0.11
145925,0.03
145940,0.22
145941,0.08
145943,0.04
145951,0.05
145954,0.31
145957,0.03
145962,0.11
145974,0.04
145976,0.05
145987,0.07
145988,0.37
145989,0.04
145990,0.16
145991,0.12
145993,0.14
146000,0.17
146001,0.04
146006,0.06
146011,0.0
146014,0.03
146020,0.05
146021,0.02
146022,0.07
146026,0.14
146028,0.26
146032,0.04
146033,0.08
146037,0.19
146059,0.02
146060,0.19
146063,0.28
146069,0.1
146086,0.01
146090,0.42
146092,0.04
146094,0.26
146097,0.0
146098,0.15
146106,0.07
146115,0.09
146121,0.35
146122,0.08
146140,0.01
146142,0.09
146146,0.1
146149,0.09
146153,0.07
146155,0.07
146156,0.01
146159,0.03
146172,0.11
146176,0.05
146184,0.07
146186,0.12
146191,0.13
146198,0.05
146199,0.08
146202,0.02
146206,0.22
146214,0.02
146221,0.08
146232,0.06
146239,0.06
146246,0.25
146247,0.06
146252,0.08
146255,0.0
146256,0.01
146262,0.07
146277,0.15
146292,0.13
146303,0.07
146305,0.07
146313,0.15
146317,0.05
146330,0.06
146344,0.14
146345,0.02
146347,0.15
146356,0.02
146369,0.05
146384,0.12
146385,0.0
146386,0.09
146388,0.03
146404,0.03
146409,0.17
146413,0.05
146421,0.08
146428,0.08
146451,0.14
146458,0.03
146466,0.0
146476,0.01
146485,0.03
146486,0.07
146487,0.22
146500,0.0
146502,0.03
146512,0.31
146514,0.03
146515,0.23
146516,0.05
146533,0.07
146535,0.05
146541,0.22
146557,0.08
146562,0.13
146565,0.09
146570,0.02
146571,0.01
146574,0.02
146587,0.14
146591,0.05
146597,0.15
146600,0.07
146614,0.23
146621,0.15
146623,0.2
146631,0.05
146644,0.02
146649,0.0
146651,0.02
146652,0.11
146663,0.14
146680,0.07
146683,0.09
146714,0.37
146724,0.15
146730,0.08
146732,0.06
146738,0.12
146752,0.06
146755,0.14
146756,0.1
146759,0.12
146760,0.16
146761,0.04
146765,0.02
146806,0.05
146809,0.16
146810,0.02
146811,0.08
146815,0.2
146820,0.22
146821,0.0
146824,0.24
146829,0.02
146842,0.14
146864,0.02
146891,0.22
146918,0.03
146955,0.02
146957,0.26
146972,0.05
146973,0.09
146979,0.2
146982,0.07
146984,0.04
146997,0.08
147001,0.12
147008,0.35
147014,0.03
147022,0.02
147038,0.1
147048,0.09
147060,0.06
147061,0.11
147077,0.08
147082,0.03
147083,0.12
147085,0.11
147086,0.13
147099,0.05
147127,0.07
147128,0.06
147133,0.12
147138,0.0
147139,0.04
147150,0.05
147155,0.1
147171,0.07
147172,0.05
147182,0.01
147195,0.07
147199,0.0
147216,0.1
147224,0.06
147225,0.08
147230,0.23
147240,0.25
147250,0.03
147253,0.01
147254,0.33
147264,0.03
147294,0.16
147308,0.12
147309,0.25
147315,0.07
147319,0.01
147329,0.03
147340,0.04
147345,0.2
147353,0.02
147354,0.11
147364,0.25
147366,0.07
147373,0.14
147382,0.06
147383,0.23
147390,0.06
147408,0.07
147411,0.03
147415,0.06
147416,0.1
147425,0.02
147427,0.09
147438,0.08
147439,0.04
147457,0.02
147459,0.01
147463,0.07
147469,0.13
147476,0.3
147483,0.06
147497,0.05
147502,0.26
147515,0.14
147523,0.07
147527,0.05
147541,0.13
147551,0.03
147552,0.08
147561,0.02
147571,0.05
147587,0.0
147657,0.05
147659,0.07
147670,0.05
147695,0.13
147696,0.2
147702,0.22
147710,0.32
147711,0.01
147712,0.08
147713,0.09
147720,0.04
147722,0.07
147742,0.03
147750,0.02
147761,0.19
147764,0.04
147770,0.04
147771,0.11
147774,0.2
147786,0.02
147787,0.36
147791,0.01
147792,0.14
147793,0.18
147794,0.02
147801,0.09
147824,0.05
147826,0.08
147840,0.16
147847,0.01
147862,0.07
147865,0.04
147882,0.1
147893,0.34
147925,0.02
147932,0.08
147942,0.12
147953,0.09
147955,0.19
147964,0.17
147966,0.25
147981,0.06
147982,0.21
147990,0.04
147998,0.04
148002,0.17
148013,0.18
148025,0.17
148026,0.07
148031,0.14
148035,0.08
148042,0.06
148047,0.0
148050,0.02
148063,0.02
148065,0.34
148069,0.13
148070,0.04
148075,0.22
148076,0.07
148087,0.01
148091,0.08
148102,0.13
148107,0.11
148108,0.04
148113,0.06
148131,0.06
148141,0.08
148149,0.05
148150,0.18
148163,0.13
148175,0.01
148185,0.16
148187,0.11
148198,0.34
148204,0.13
148205,0.07
148212,0.08
148216,0.46
148217,0.06
148223,0.1
148224,0.15
148235,0.19
148255,0.18
148276,0.07
148285,0.02
148289,0.02
148292,0.12
148294,0.1
148314,0.03
148319,0.04
148320,0.12
148322,0.09
148323,0.09
148325,0.05
148333,0.11
148339,0.02
148359,0.08
148361,0.26
148364,0.15
148380,0.14
148382,0.12
148386,0.15
148393,0.16
148394,0.05
148404,0.1
148419,0.05
148423,0.1
148437,0.32
148440,0.13
148448,0.03
148449,0.01
148450,0.02
148451,0.12
148458,0.24
148471,0.08
148475,0.01
148476,0.11
148497,0.09
148511,0.0
148512,0.03
148534,0.14
148545,0.2
148557,0.15
148564,0.07
148570,0.04
148586,0.11
148596,0.13
148600,0.02
148607,0.04
148609,0.12
148622,0.06
148623,0.06
148625,0.25
148626,0.02
148628,0.01
148632,0.08
148639,0.05
148643,0.1
148644,0.14
148680,0.02
148702,0.13
148716,0.11
148717,0.12
148726,0.12
148738,0.14
148746,0.0
148749,0.06
148750,0.08
148769,0.12
148791,0.09
148803,0.11
148804,0.02
148823,0.0
148831,0.1
148849,0.11
148850,0.03
148855,0.02
148893,0.04
148896,0.1
148899,0.15
148903,0.22
148910,0.09
148911,0.08
148912,0.19
148913,0.03
148933,0.04
148935,0.03
148937,0.11
148946,0.24
148955,0.12
148980,0.03
148996,0.14
149015,0.31
149025,0.03
149028,0.13
149029,0.02
149035,0.02
149050,0.05
149051,0.07
149052,0.2
149056,0.0
149062,0.05
149067,0.27
149076,0.09
149090,0.42
149106,0.27
149107,0.03
149118,0.28
149119,0.07
149130,0.14
149154,0.03
149157,0.07
149158,0.02
149160,0.0
149163,0.06
149164,0.1
149165,0.0
149166,0.2
149214,0.14
149231,0.06
149236,0.04
149237,0.04
149246,0.02
149247,0.05
149253,0.13
149254,0.0
149265,0.26
149266,0.09
149277,0.09
149283,0.22
149289,0.06
149310,0.06
149314,0.09
149318,0.04
149319,0.09
149320,0.06
149321,0.08
149333,0.03
149337,0.12
149338,0.05
149341,0.06
149342,0.02
149349,0.01
149351,0.15
149354,0.12
149360,0.0
149362,0.08
149366,0.0
149372,0.33
149376,0.11
149388,0.05
149393,0.05
149401,0.01
149405,0.22
149412,0.16
149415,0.05
149416,0.02
149430,0.12
149435,0.06
149436,0.08
149444,0.12
149456,0.01
149471,0.02
149480,0.04
149481,0.08
149490,0.11
149491,0.03
149503,0.04
149512,0.14
149524,0.02
149525,0.02
149532,0.1
149533,0.2
149536,0.37
149540,0.06
149548,0.04
149563,0.15
149568,0.04
149569,0.06
149570,0.19
149582,0.01
149584,0.12
149587,0.15
149592,0.04
149596,0.05
149599,0.05
149612,0.1
149643,0.15
149648,0.28
149665,0.01
149666,0.28
149671,0.01
149675,0.19
149676,0.2
149677,0.02
149680,0.18
149711,0.07
149723,0.17
149726,0.12
149727,0.07
149730,0.0
149733,0.15
149734,0.38
149736,0.13
149750,0.03
149752,0.38
149767,0.02
149791,0.06
149793,0.27
149810,0.01
149850,0.07
149857,0.09
149858,0.24
149860,0.3
149882,0.0
149889,0.05
149890,0.24
149918,0.11
149919,0.06
149927,0.0
149928,0.04
149940,0.28
149944,0.05
149947,0.14
149951,0.15
149956,0.08
149958,0.24
149969,0.0
149988,0.16
149996,0.04
150007,0.0
150018,0.08
150025,0.03
150054,0.03
150064,0.13
150070,0.14
150074,0.08
150078,0.06
150084,0.05
150106,0.04
150111,0.34
150115,0.02
150117,0.22
150120,0.07
150127,0.05
150128,0.07
150130,0.02
150132,0.17
150135,0.02
150145,0.02
150148,0.05
150153,0.18
150154,0.05
150173,0.01
150174,0.17
150176,0.15
150177,0.07
150178,0.09
150179,0.16
150187,0.0
150207,0.04
150223,0.07
150224,0.05
150229,0.01
150233,0.0
150245,0.03
150252,0.05
150257,0.13
150258,0.03
150267,0.05
150268,0.07
150272,0.41
150282,0.04
150289,0.25
150299,0.03
150307,0.02
150310,0.06
150311,0.27
150312,0.17
150313,0.11
150324,0.36
150335,0.03
150343,0.03
150354,0.07
150363,0.07
150365,0.01
150377,0.01
150381,0.16
150382,0.01
150414,0.08
150418,0.15
150431,0.03
150449,0.0
150450,0.21
150473,0.04
150475,0.01
150476,0.18
150478,0.12
150488,0.2
150499,0.1
150501,0.28
150503,0.06
150518,0.03
150529,0.15
150531,0.01
150532,0.19
150535,0.06
150543,0.14
150545,0.15
150548,0.04
150552,0.16
150558,0.22
150574,0.1
150576,0.31
150577,0.08
150594,0.1
150601,0.1
150604,0.05
150618,0.01
150626,0.07
150627,0.03
150635,0.15
150648,0.06
150649,0.07
150650,0.07
150651,0.1
150652,0.02
150657,0.13
150659,0.08
150666,0.08
150667,0.12
150680,0.03
150698,0.4
150700,0.43
150713,0.07
150715,0.01
150718,0.04
150724,0.06
150731,0.07
150734,0.0
150738,0.04
150744,0.02
150745,0.26
150746,0.07
150749,0.05
150750,0.2
150753,0.09
150759,0.02
150762,0.0
150764,0.08
150782,0.06
150784,0.02
150785,0.19
150786,0.05
150789,0.3
150802,0.13
150809,0.0
150810,0.04
150817,0.08
150820,0.05
150822,0.05
150845,0.05
150846,0.12
150854,0.08
150858,0.41
150866,0.06
150869,0.01
150874,0.02
150887,0.03
150889,0.04
150892,0.2
150896,0.03
150901,0.43
150914,0.35
150918,0.03
150919,0.02
150929,0.21
150935,0.02
150941,0.02
150949,0.04
150950,0.15
150951,0.01
150952,0.0
150980,0.25
150981,0.04
150986,0.4
150987,0.03
151004,0.05
151005,0.13
151010,0.07
151012,0.04
151016,0.01
151021,0.1
151022,0.0
151023,0.32
151024,0.2
151035,0.26
151036,0.1
151039,0.07
151041,0.04
151043,0.12
151052,0.22
151058,0.41
151065,0.19
151066,0.09
151067,0.22
151069,0.09
151070,0.0
151080,0.14
151090,0.13
151092,0.48
151100,0.07
151108,0.1
151113,0.03
151119,0.02
151131,0.05
151145,0.05
151147,0.2
151148,0.0
151149,0.08
151153,0.2
151158,0.01
151167,0.05
151169,0.09
151185,0.01
151186,0.29
151187,0.26
151203,0.01
151206,0.06
151213,0.15
151237,0.1
151254,0.02
151255,0.05
151264,0.16
151266,0.04
151267,0.06
151270,0.0
151286,0.06
151288,0.04
151289,0.06
151290,0.08
151303,0.15
151304,0.15
151308,0.01
151315,0.0
151324,0.08
151329,0.04
151335,0.03
151343,0.02
151347,0.17
151348,0.19
151357,0.19
151366,0.03
151372,0.05
151374,0.05
151394,0.01
151395,0.1
151403,0.06
151410,0.03
151412,0.04
151419,0.07
151443,0.04
151464,0.02
151466,0.1
151467,0.05
151476,0.01
151480,0.07
151481,0.26
151486,0.05
151487,0.25
151490,0.16
151498,0.08
151500,0.03
151504,0.04
151516,0.0
151519,0.19
151528,0.13
151529,0.12
151539,0.39
151540,0.06
151556,0.2
151558,0.04
151559,0.1
151581,0.19
151586,0.17
151589,0.08
151603,0.24
151604,0.22
151610,0.03
151637,0.13
151652,0.45
151654,0.03
151667,0.08
151668,0.39
151669,0.01
151678,0.0
151697,0.02
151706,0.05
151729,0.04
151730,0.09
151737,0.09
151744,0.16
151756,0.11
151785,0.02
151800,0.01
151801,0.03
151821,0.04
151822,0.13
151834,0.04
151845,0.29
151846,0.23
151847,0.06
151848,0.08
151859,0.13
151872,0.08
151875,0.09
151883,0.04
151888,0.06
151895,0.02
151896,0.0
151900,0.2
151913,0.01
151920,0.05
151928,0.03
151933,0.04
151934,0.11
151948,0.08
151951,0.02
151963,0.02
151964,0.01
151965,0.02
151966,0.12
151974,0.02
151975,0.17
151978,0.03
151982,0.09
151993,0.13
152002,0.07
152005,0.15
152017,0.15
152020,0.15
152039,0.14
152047,0.19
152064,0.04
152071,0.05
152076,0.05
152088,0.03
152091,0.02
152093,0.08
152100,0.28
152107,0.01
152115,0.04
152119,0.0
152123,0.05
152129,0.11
152140,0.34
152141,0.01
152142,0.04
152148,0.01
152170,0.02
152171,0.01
152176,0.07
152186,0.04
152192,0.18
152204,0.34
152215,0.02
152220,0.08
152230,0.08
152256,0.01
152265,0.12
152266,0.3
152268,0.06
152272,0.1
152286,0.02
152299,0.02
152305,0.2
152324,0.06
152329,0.11
152355,0.0
152356,0.01
152365,0.15
152369,0.28
152373,0.05
152374,0.18
152383,0.02
152395,0.06
152403,0.3
152404,0.06
152406,0.0
152425,0.14
152437,0.02
152438,0.17
152442,0.3
152460,0.11
152461,0.07
152462,0.05
152472,0.04
152473,0.36
152477,0.08
152506,0.05
152522,0.02
152530,0.1
152535,0.03
152543,0.01
152548,0.04
152556,0.03
152562,0.14
152563,0.31
152565,0.03
152591,0.0
152593,0.12
152612,0.2
152619,0.03
152627,0.0
152628,0.0
152632,0.29
152638,0.07
152646,0.18
152662,0.15
152679,0.07
152680,0.08
152699,0.08
152703,0.04
152717,0.28
152720,0.13
152721,0.09
152735,0.11
152736,0.08
152739,0.16
152755,0.05
152769,0.02
152785,0.23
152788,0.01
152791,0.01
152808,0.08
152815,0.01
152816,0.14
152817,0.15
152818,0.08
152819,0.15
152820,0.12
152823,0.04
152831,0.04
152832,0.06
152833,0.27
152835,0.08
152838,0.0
152846,0.02
152862,0.14
152864,0.08
152865,0.07
152871,0.06
152874,0.0
152875,0.0
152876,0.15
152877,0.4
152881,0.15
152892,0.0
152908,0.18
152909,0.07
152915,0.03
152916,0.19
152923,0.04
152932,0.09
152934,0.04
152936,0.06
152948,0.13
152951,0.13
152956,0.11
152963,0.0
152964,0.4
152978,0.11
152980,0.04
152986,0.2
153001,0.17
153002,0.04
153007,0.06
153009,0.05
153017,0.05
153018,0.27
153022,0.16
153027,0.23
153032,0.01
153033,0.15
153034,0.02
153037,0.07
153051,0.32
153052,0.03
153057,0.05
153067,0.07
153084,0.06
153088,0.1
153089,0.01
153093,0.05
153094,0.1
153095,0.16
153105,0.24
153108,0.19
153110,0.12
153119,0.15
153135,0.04
153139,0.0
153146,0.08
153154,0.06
153185,0.02
153195,0.29
153196,0.02
153198,0.11
153202,0.02
153203,0.01
153209,0.06
153223,0.15
153224,0.06
153227,0.07
153230,0.06
153233,0.15
153234,0.0
153235,0.16
153243,0.07
153263,0.16
153269,0.04
153272,0.08
153276,0.1
153279,0.01
153291,0.06
153311,0.05
153328,0.25
153330,0.13
153341,0.34
153345,0.13
153393,0.04
153394,0.03
153395,0.04
153420,0.11
153428,0.03
153432,0.13
153449,0.07
153458,0.47
153459,0.02
153472,0.04
153475,0.0
153479,0.12
153480,0.23
153490,0.03
153491,0.05
153501,0.02
153502,0.01
153507,0.22
153513,0.19
153514,0.01
153519,0.18
153520,0.0
153556,0.08
153577,0.18
153582,0.21
153594,0.04
153595,0.13
153598,0.4
153601,0.1
153625,0.06
153641,0.06
153654,0.02
153676,0.14
153681,0.09
153704,0.24
153706,0.08
153710,0.14
153720,0.14
153734,0.17
153738,0.06
153743,0.03
153748,0.16
153756,0.09
153757,0.01
153759,0.07
153764,0.1
153782,0.0
153796,0.12
153802,0.25
153809,0.49
153810,0.04
153817,0.32
153821,0.07
153823,0.06
153830,0.02
153834,0.0
153839,0.06
153842,0.19
153847,0.15
153855,0.01
153873,0.03
153875,0.02
153882,0.09
153884,0.05
153885,0.32
153886,0.04
153890,0.09
153892,0.01
153897,0.01
153898,0.08
153901,0.22
153924,0.13
153928,0.03
153929,0.07
153949,0.02
153979,0.1
153980,0.06
153981,0.05
154010,0.32
154015,0.01
154039,0.26
154043,0.01
154044,0.01
154046,0.06
154047,0.03
154058,0.03
154060,0.04
154065,0.23
154083,0.04
154100,0.07
154108,0.11
154120,0.13
154121,0.04
154122,0.05
154128,0.01
154137,0.03
154143,0.22
154151,0.09
154158,0.07
154176,0.03
154184,0.12
154191,0.02
154215,0.11
154216,0.03
154220,0.0
154222,0.2
154227,0.06
154241,0.0
154243,0.02
154244,0.04
154254,0.05
154264,0.07
154265,0.14
154268,0.03
154269,0.01
154299,0.05
154307,0.15
154315,0.1
154325,0.16
154327,0.15
154332,0.15
154346,0.01
154347,0.1
154353,0.3
154369,0.12
154376,0.02
154377,0.23
154379,0.02
154389,0.02
154402,0.14
154403,0.12
154416,0.0
154428,0.06
154430,0.07
154442,0.36
154447,0.1
154468,0.0
154470,0.01
154473,0.08
154480,0.06
154486,0.03
154500,0.11
154507,0.13
154529,0.0
154549,0.07
154557,0.02
154571,0.06
154578,0.03
154580,0.02
154591,0.05
154611,0.21
154623,0.0
154650,0.05
154655,0.21
154659,0.0
154680,0.07
154681,0.01
154690,0.06
154711,0.06
154712,0.07
154722,0.02
154731,0.06
154747,0.14
154749,0.22
154750,0.16
154760,0.12
154763,0.11
154786,0.1
154788,0.12
154792,0.16
154807,0.24
154812,0.07
154818,0.37
154819,0.09
154824,0.13
154839,0.15
154840,0.02
154843,0.09
154847,0.24
154849,0.18
154850,0.03
154851,0.13
154853,0.02
154858,0.15
154868,0.15
154871,0.05
154877,0.09
154916,0.08
154920,0.05
154922,0.09
154924,0.04
154933,0.17
154942,0.34
154955,0.08
154957,0.34
154966,0.03
154971,0.15
154972,0.01
154973,0.04
154974,0.0
154979,0.0
154982,0.17
154990,0.11
154991,0.01
154994,0.11
154995,0.01
155009,0.07
155014,0.0
155017,0.07
155018,0.02
155019,0.07
155020,0.03
155027,0.02
155034,0.12
155047,0.04
155049,0.26
155052,0.1
155053,0.03
155059,0.06
155060,0.24
155069,0.01
155077,0.26
155078,0.11
155086,0.1
155088,0.06
155094,0.02
155099,0.03
155100,0.0
155116,0.02
155117,0.22
155119,0.04
155120,0.0
155133,0.06
155135,0.45
155141,0.09
155144,0.01
155145,0.11
155174,0.08
155194,0.12
155196,0.18
155204,0.04
155232,0.13
155240,0.17
155246,0.06
155254,0.04
155267,0.02
155273,0.14
155274,0.06
155283,0.08
155296,0.29
155312,0.01
155318,0.01
155322,0.09
155323,0.05
155329,0.21
155342,0.0
155346,0.23
155366,0.28
155369,0.11
155372,0.13
155378,0.15
155382,0.27
155390,0.01
155401,0.24
155428,0.03
155443,0.04
155445,0.03
155450,0.18
155452,0.2
155453,0.01
155480,0.14
155482,0.0
155484,0.14
155485,0.05
155496,0.25
155497,0.14
155531,0.03
155541,0.02
155547,0.18
155550,0.14
155551,0.07
155565,0.2
155567,0.03
155569,0.14
155573,0.05
155575,0.12
155581,0.02
155591,0.13
155593,0.26
155594,0.04
155610,0.24
155623,0.03
155624,0.14
155629,0.0
155638,0.08
155650,0.13
155652,0.08
155687,0.11
155697,0.3
155715,0.21
155718,0.05
155719,0.03
155723,0.06
155730,0.11
155731,0.04
155737,0.24
155738,0.16
155740,0.03
155742,0.12
155755,0.09
155766,0.01
155768,0.01
155771,0.06
155803,0.04
155808,0.02
155809,0.05
155812,0.04
155820,0.19
155832,0.18
155841,0.11
155847,0.25
155848,0.13
155855,0.04
155886,0.07
155893,0.08
155905,0.05
155910,0.24
155912,0.01
155919,0.2
155921,0.03
155937,0.08
155939,0.07
155950,0.12
155987,0.11
155988,0.02
156005,0.01
156006,0.02
156010,0.12
156018,0.08
156021,0.07
156026,0.21
156030,0.11
156033,0.0
156038,0.15
156041,0.28
156049,0.06
156050,0.0
156068,0.07
156069,0.38
156087,0.02
156088,0.15
156095,0.08
156104,0.1
156107,0.05
156108,0.12
156111,0.17
156119,0.01
156123,0.1
156140,0.19
156149,0.09
156161,0.0
156180,0.25
156186,0.13
156189,0.11
156194,0.03
156200,0.01
156213,0.37
156214,0.02
156228,0.0
156234,0.02
156236,0.06
156243,0.23
156256,0.01
156268,0.05
156269,0.18
156270,0.09
156274,0.04
156290,0.14
156291,0.01
156292,0.09
156298,0.03
156301,0.19
156302,0.22
156309,0.08
156355,0.03
156365,0.04
156367,0.4
156372,0.0
156376,0.05
156377,0.0
156389,0.07
156400,0.15
156404,0.14
156405,0.07
156426,0.13
156427,0.03
156429,0.0
156430,0.07
156431,0.16
156432,0.06
156449,0.05
156463,0.02
156464,0.09
156478,0.02
156492,0.06
156508,0.18
156509,0.06
156517,0.1
156526,0.13
156527,0.01
156538,0.32
156542,0.04
156543,0.03
156555,0.01
156556,0.13
156561,0.06
156563,0.0
156564,0.06
156567,0.02
156570,0.07
156581,0.08
156594,0.06
156597,0.04
156600,0.02
156601,0.02
156627,0.12
156629,0.23
156642,0.05
156644,0.03
156663,0.0
156674,0.02
156688,0.01
156696,0.03
156707,0.0
156723,0.07
156728,0.21
156731,0.23
156732,0.08
156733,0.1
156768,0.08
156773,0.13
156782,0.12
156815,0.08
156837,0.01
156854,0.18
156861,0.31
156862,0.01
156878,0.16
156903,0.17
156910,0.05
156925,0.07
156933,0.09
156952,0.06
156953,0.11
156963,0.37
156965,0.28
156989,0.08
156994,0.06
156996,0.03
157005,0.02
157011,0.04
157046,0.06
157058,0.19
157061,0.21
157065,0.09
157066,0.12
157067,0.06
157090,0.24
157091,0.03
157096,0.07
157101,0.39
157104,0.0
157109,0.06
157116,0.08
157120,0.22
157121,0.03
157124,0.11
157125,0.06
157132,0.09
157153,0.15
157157,0.21
157159,0.15
157168,0.12
157189,0.03
157195,0.06
157203,0.09
157210,0.08
157212,0.09
157220,0.04
157239,0.09
157241,0.0
157246,0.22
157247,0.18
157252,0.01
157253,0.47
157265,0.07
157291,0.06
157292,0.01
157301,0.06
157306,0.08
157312,0.4
157314,0.17
157332,0.12
157333,0.08
157337,0.11
157345,0.12
157347,0.32
157363,0.26
157376,0.02
157382,0.03
157397,0.01
157409,0.06
157411,0.02
157422,0.02
157428,0.04
157434,0.31
157442,0.06
157446,0.0
157456,0.01
157465,0.02
157469,0.04
157482,0.0
157497,0.11
157507,0.11
157510,0.05
157515,0.01
157529,0.07
157530,0.1
157541,0.24
157546,0.09
157553,0.05
157554,0.06
157562,0.19
157565,0.09
157566,0.15
157571,0.02
157572,0.06
157574,0.07
157575,0.05
157581,0.26
157590,0.24
157604,0.01
157611,0.08
157617,0.28
157620,0.04
157623,0.21
157651,0.08
157653,0.04
157664,0.06
157690,0.02
157704,0.16
157712,0.11
157722,0.18
157727,0.04
157764,0.01
157765,0.3
157775,0.0
157777,0.09
157789,0.12
157802,0.18
157803,0.03
157804,0.03
157805,0.13
157822,0.03
157823,0.01
157827,0.15
157836,0.02
157839,0.04
157847,0.13
157859,0.05
157864,0.06
157866,0.38
157877,0.43
157886,0.09
157892,0.06
157903,0.0
157913,0.07
157919,0.11
157920,0.21
157923,0.07
157926,0.2
157927,0.08
157948,0.0
157949,0.02
157952,0.1
157955,0.15
157958,0.15
157960,0.08
157966,0.1
157970,0.04
157979,0.04
157980,0.11
157985,0.02
157997,0.07
157998,0.16
158002,0.02
158004,0.15
158005,0.32
158007,0.05
158008,0.09
158015,0.01
158033,0.23
158036,0.06
158041,0.08
158044,0.04
158049,0.09
158061,0.03
158078,0.01
158099,0.07
158100,0.06
158102,0.13
158107,0.07
158114,0.12
158127,0.26
158128,0.23
158142,0.05
158145,0.24
158146,0.13
158167,0.03
158176,0.12
158184,0.04
158197,0.12
158201,0.02
158202,0.04
158205,0.03
158208,0.25
158211,0.06
158215,0.01
158218,0.01
158221,0.36
158223,0.03
158230,0.02
158234,0.1
158235,0.04
158245,0.24
158254,0.16
158267,0.06
158277,0.0
158283,0.15
158289,0.16
158290,0.1
158298,0.01
158307,0.0
158332,0.08
158336,0.06
158342,0.03
158344,0.09
158347,0.1
158352,0.02
158354,0.12
158355,0.05
158357,0.05
158365,0.05
158366,0.01
158367,0.0
158368,0.36
158384,0.09
158388,0.02
158395,0.17
158413,0.09
158425,0.09
158426,0.04
158432,0.0
158444,0.2
158453,0.04
158454,0.1
158459,0.0
158462,0.05
158468,0.14
158469,0.15
158470,0.04
158483,0.17
158485,0.07
158490,0.21
158494,0.03
158500,0.03
158503,0.03
158504,0.04
158519,0.14
158523,0.08
158527,0.08
158533,0.03
158535,0.0
158539,0.02
158544,0.17
158547,0.04
158551,0.11
158552,0.02
158560,0.06
158616,0.17
158638,0.02
158642,0.1
158651,0.06
158653,0.02
158677,0.05
158683,0.0
158687,0.04
158693,0.04
158700,0.09
158703,0.08
158705,0.15
158706,0.05
158708,0.03
158712,0.11
158714,0.12
158715,0.01
158752,0.05
158753,0.04
158763,0.02
158764,0.22
158767,0.24
158770,0.0
158781,0.04
158789,0.12
158790,0.04
158791,0.2
158795,0.3
158796,0.05
158800,0.13
158806,0.14
158807,0.31
158815,0.17
158824,0.1
158828,0.15
158831,0.34
158840,0.06
158841,0.09
158847,0.03
158856,0.08
158858,0.16
158884,0.07
158885,0.02
158891,0.2
158898,0.04
158911,0.02
158913,0.02
158918,0.09
158926,0.0
158929,0.09
158939,0.09
158940,0.2
158952,0.18
158963,0.05
158973,0.02
158977,0.27
158988,0.11
159013,0.24
159016,0.1
159018,0.01
159024,0.46
159034,0.09
159035,0.3
159039,0.04
159049,0.06
159056,0.17
159068,0.02
159078,0.19
159099,0.19
159103,0.06
159106,0.13
159113,0.03
159117,0.11
159124,0.24
159132,0.42
159139,0.22
159142,0.05
159145,0.09
159147,0.06
159174,0.07
159201,0.19
159203,0.08
159212,0.12
159214,0.15
159221,0.23
159240,0.07
159241,0.04
159242,0.04
159244,0.1
159250,0.13
159275,0.02
159284,0.14
159293,0.1
159295,0.03
159301,0.01
159310,0.07
159314,0.12
159318,0.04
159333,0.08
159334,0.02
159335,0.06
159337,0.19
159338,0.1
159340,0.27
159361,0.06
159384,0.08
159402,0.03
159421,0.1
159424,0.19
159425,0.0
159426,0.09
159439,0.24
159445,0.07
159449,0.02
159460,0.35
159475,0.05
159481,0.07
159483,0.07
159494,0.13
159504,0.02
159512,0.25
159522,0.09
159524,0.08
159526,0.06
159528,0.12
159547,0.19
159555,0.02
159562,0.08
159563,0.02
159565,0.21
159569,0.06
159578,0.0
159579,0.13
159581,0.11
159594,0.11
159598,0.02
159604,0.06
159605,0.02
159620,0.05
159631,0.03
159633,0.03
159659,0.06
159661,0.23
159667,0.03
159669,0.03
159682,0.06
159683,0.07
159693,0.04
159698,0.01
159702,0.22
159703,0.08
159707,0.04
159716,0.05
159732,0.09
159734,0.02
159740,0.07
159748,0.12
159751,0.07
159756,0.29
159758,0.18
159767,0.12
159769,0.23
159775,0.18
159802,0.01
159804,0.1
159817,0.06
159818,0.02
159824,0.01
159837,0.0
159840,0.03
159842,0.29
159851,0.02
159865,0.4
159866,0.14
159872,0.07
159874,0.02
159879,0.03
159883,0.08
159884,0.04
159898,0.22
159903,0.28
159906,0.13
159914,0.13
159915,0.16
159917,0.09
159929,0.19
159949,0.21
159951,0.05
159953,0.11
159957,0.14
159968,0.07
159972,0.07
159973,0.25
159993,0.09
160008,0.28
160011,0.08
160013,0.02
160015,0.06
160017,0.02
160023,0.16
160028,0.14
160035,0.06
160074,0.07
160076,0.16
160077,0.41
160080,0.05
160084,0.05
160089,0.37
160094,0.0
160101,0.07
160103,0.1
160111,0.09
160114,0.07
160116,0.01
160119,0.05
160123,0.01
160141,0.06
160147,0.05
160151,0.13
160172,0.43
160173,0.01
160177,0.07
160178,0.13
160180,0.02
160181,0.07
160188,0.07
160189,0.05
160193,0.0
160205,0.09
160214,0.08
160215,0.16
160217,0.24
160262,0.05
160263,0.02
160273,0.12
160282,0.39
160295,0.26
160297,0.01
160303,0.0
160305,0.04
160309,0.03
160324,0.07
160338,0.08
160366,0.06
160375,0.16
160381,0.05
160398,0.04
160400,0.01
160406,0.15
160410,0.04
160411,0.01
160418,0.03
160440,0.02
160441,0.16
160450,0.18
160465,0.02
160470,0.06
160471,0.1
160472,0.35
160479,0.09
160490,0.08
160500,0.17
160503,0.03
160504,0.07
160515,0.05
160541,0.04
160545,0.01
160562,0.05
160589,0.28
160594,0.04
160595,0.1
160598,0.1
160601,0.01
160605,0.04
160606,0.03
160607,0.02
160608,0.15
160610,0.05
160614,0.13
160615,0.0
160626,0.08
160634,0.0
160656,0.08
160660,0.02
160666,0.1
160672,0.11
160673,0.06
160674,0.02
160681,0.05
160683,0.06
160694,0.06
160710,0.2
160715,0.04
160719,0.05
160732,0.08
160734,0.01
160737,0.19
160742,0.05
160747,0.02
160749,0.26
160753,0.1
160756,0.08
160757,0.03
160763,0.02
160782,0.02
160789,0.05
160804,0.11
160805,0.06
160813,0.09
160815,0.02
160819,0.0
160820,0.12
160822,0.14
160823,0.28
160837,0.09
160841,0.01
160847,0.13
160861,0.12
160886,0.03
160891,0.14
160897,0.1
160914,0.14
160915,0.23
160929,0.1
160930,0.04
160931,0.03
160935,0.1
160939,0.13
160953,0.03
160954,0.02
160962,0.1
160966,0.05
160982,0.02
160983,0.04
160991,0.08
160998,0.08
161009,0.33
161014,0.14
161017,0.08
161021,0.01
161023,0.05
161027,0.06
161028,0.09
161030,0.39
161031,0.05
161033,0.17
161050,0.12
161053,0.08
161054,0.08
161055,0.05
161059,0.0
161061,0.12
161065,0.1
161069,0.1
161072,0.0
161073,0.0
161080,0.07
161083,0.12
161104,0.02
161111,0.1
161139,0.22
161149,0.05
161158,0.2
161171,0.04
161175,0.2
161201,0.1
161202,0.12
161205,0.2
161228,0.05
161233,0.01
161234,0.3
161237,0.0
161238,0.04
161250,0.13
161251,0.04
161253,0.03
161254,0.06
161283,0.12
161291,0.04
161297,0.14
161300,0.02
161314,0.07
161315,0.0
161336,0.01
161341,0.18
161343,0.22
161351,0.18
161352,0.03
161353,0.16
161361,0.07
161366,0.08
161368,0.25
161378,0.04
161379,0.27
161380,0.04
161398,0.18
161408,0.04
161432,0.01
161439,0.19
161461,0.07
161467,0.23
161468,0.11
161471,0.05
161477,0.14
161503,0.05
161514,0.02
161524,0.3
161527,0.01
161528,0.04
161531,0.16
161536,0.02
161537,0.03
161548,0.07
161558,0.01
161572,0.02
161586,0.05
161605,0.09
161606,0.05
161607,0.19
161618,0.12
161640,0.14
161658,0.08
161660,0.05
161661,0.08
161662,0.1
161677,0.07
161681,0.1
161682,0.01
161683,0.18
161685,0.01
161686,0.0
161687,0.06
161691,0.03
161701,0.13
161707,0.05
161709,0.09
161710,0.0
161711,0.05
161714,0.25
161742,0.1
161751,0.02
161764,0.14
161771,0.2
161781,0.14
161782,0.04
161800,0.06
161810,0.08
161812,0.11
161813,0.0
161816,0.0
161838,0.19
161841,0.1
161845,0.08
161871,0.33
161877,0.25
161882,0.07
161885,0.09
161886,0.0
161895,0.03
161897,0.14
161914,0.05
161921,0.19
161922,0.08
161927,0.51
161946,0.0
161952,0.13
161954,0.09
161955,0.04
161961,0.14
161977,0.23
161980,0.05
161989,0.25
161993,0.21
162002,0.07
162011,0.07
162012,0.0
162015,0.0
162016,0.0
162019,0.05
162021,0.15
162022,0.11
162023,0.07
162025,0.09
162028,0.02
162029,0.04
162030,0.02
162031,0.3
162033,0.15
162037,0.01
162044,0.05
162071,0.15
162093,0.13
162094,0.08
162100,0.0
162102,0.1
162105,0.11
162109,0.07
162116,0.03
162117,0.1
162118,0.24
162120,0.11
162125,0.1
162128,0.31
162131,0.25
162133,0.13
162135,0.12
162156,0.02
162157,0.11
162165,0.1
162166,0.12
162170,0.08
162201,0.02
162202,0.04
162206,0.01
162211,0.09
162227,0.04
162232,0.08
162235,0.14
162237,0.34
162248,0.05
162261,0.07
162262,0.04
162280,0.04
162282,0.14
162284,0.04
162287,0.24
162305,0.11
162308,0.06
162309,0.15
162312,0.17
162313,0.01
162316,0.05
162324,0.03
162325,0.17
162333,0.02
162334,0.05
162337,0.15
162340,0.09
162344,0.21
162347,0.01
162350,0.17
162351,0.07
162365,0.05
162368,0.02
162379,0.12
162383,0.05
162392,0.09
162393,0.12
162397,0.06
162398,0.25
162406,0.26
162410,0.08
162418,0.04
162420,0.08
162424,0.31
162425,0.0
162438,0.07
162442,0.09
162462,0.07
162476,0.0
162477,0.08
162480,0.05
162491,0.06
162493,0.09
162503,0.02
162504,0.19
162513,0.04
162516,0.22
162517,0.03
162522,0.07
162523,0.05
162542,0.08
162584,0.43
162586,0.03
162589,0.12
162594,0.08
162616,0.02
162630,0.07
162637,0.08
162652,0.09
162659,0.27
162668,0.01
162674,0.03
162680,0.03
162685,0.2
162689,0.09
162711,0.16
162714,0.02
162732,0.09
162741,0.07
162758,0.09
162759,0.06
162775,0.15
162776,0.14
162777,0.12
162782,0.06
162786,0.01
162794,0.15
162799,0.02
162801,0.1
162802,0.26
162807,0.05
162820,0.04
162827,0.02
162833,0.06
162837,0.09
162844,0.15
162860,0.12
162862,0.12
162864,0.06
162868,0.22
162880,0.06
162895,0.16
162898,0.06
162918,0.18
162924,0.11
162931,0.06
162936,0.14
162978,0.1
162979,0.02
162988,0.02
162989,0.15
163013,0.29
163014,0.05
163021,0.02
163024,0.01
163027,0.07
163030,0.01
163031,0.07
163032,0.02
163039,0.08
163042,0.01
163048,0.06
163049,0.06
163068,0.11
163071,0.06
163074,0.1
163079,0.0
163080,0.04
163085,0.04
163093,0.06
163094,0.14
163109,0.08
163116,0.03
163117,0.02
163118,0.21
163119,0.23
163121,0.0
163131,0.03
163132,0.07
163133,0.15
163182,0.08
163187,0.02
163188,0.18
163195,0.08
163197,0.07
163200,0.02
163206,0.27
163207,0.01
163214,0.13
163222,0.02
163224,0.0
163226,0.15
163235,0.16
163240,0.05
163258,0.13
163263,0.02
163264,0.12
163265,0.06
163266,0.05
163268,0.17
163272,0.06
163273,0.29
163278,0.09
163288,0.05
163299,0.02
163302,0.25
163307,0.03
163321,0.08
163349,0.07
163352,0.27
163353,0.08
163357,0.1
163362,0.05
163375,0.05
163385,0.12
163386,0.12
163390,0.05
163408,0.33
163423,0.06
163426,0.18
163437,0.35
163452,0.05
163472,0.06
163473,0.08
163479,0.05
163480,0.03
163487,0.07
163492,0.08
163493,0.12
163523,0.19
163524,0.03
163527,0.19
163528,0.09
163531,0.02
163538,0.26
163556,0.01
163563,0.53
163566,0.09
163570,0.06
163571,0.04
163574,0.14
163578,0.07
163580,0.14
163597,0.23
163601,0.06
163604,0.14
163609,0.1
163618,0.19
163634,0.06
163647,0.16
163660,0.18
163661,0.04
163666,0.02
163667,0.27
163669,0.18
163676,0.03
163681,0.01
163682,0.04
163684,0.16
163714,0.12
163724,0.02
163728,0.08
163729,0.03
163738,0.0
163742,0.04
163743,0.12
163748,0.05
163759,0.06
163782,0.03
163793,0.18
163800,0.04
163801,0.17
163802,0.08
163814,0.13
163820,0.02
163821,0.14
163848,0.06
163852,0.2
163854,0.02
163855,0.16
163882,0.02
163895,0.06
163900,0.19
163907,0.14
163915,0.04
163926,0.09
163929,0.0
163934,0.11
163940,0.16
163943,0.05
163944,0.02
163949,0.02
163951,0.14
163952,0.06
163965,0.18
163970,0.02
163980,0.03
163981,0.02
163988,0.1
163989,0.11
163991,0.0
164015,0.11
164028,0.09
164030,0.1
164031,0.06
164037,0.01
164049,0.07
164052,0.11
164059,0.01
164083,0.16
164095,0.02
164106,0.27
164116,0.17
164117,0.38
164119,0.0
164133,0.07
164134,0.09
164142,0.02
164143,0.01
164147,0.01
164148,0.11
164150,0.18
164152,0.2
164156,0.17
164157,0.05
164158,0.09
164166,0.22
164191,0.04
164194,0.05
164198,0.01
164201,0.12
164202,0.05
164207,0.3
164228,0.07
164240,0.12
164241,0.18
164244,0.01
164256,0.24
164262,0.02
164269,0.09
164276,0.01
164281,0.14
164290,0.06
164300,0.28
164305,0.18
164307,0.04
164308,0.02
164309,0.01
164314,0.17
164319,0.04
164331,0.0
164332,0.0
164343,0.14
164349,0.1
164363,0.08
164373,0.09
164410,0.25
164417,0.04
164436,0.02
164438,0.03
164441,0.04
164445,0.03
164451,0.05
164452,0.07
164502,0.11
164513,0.08
164526,0.29
164527,0.03
164528,0.18
164530,0.05
164537,0.1
164542,0.15
164546,0.01
164555,0.39
164556,0.01
164568,0.27
164571,0.28
164572,0.12
164574,0.09
164580,0.05
164597,0.0
164601,0.0
164619,0.23
164633,0.06
164642,0.04
164652,0.06
164676,0.08
164682,0.05
164685,0.2
164691,0.05
164696,0.1
164708,0.04
164711,0.06
164712,0.05
164717,0.11
164721,0.14
164740,0.02
164746,0.01
164755,0.16
164761,0.07
164764,0.01
164766,0.45
164776,0.23
164777,0.01
164783,0.04
164786,0.02
164799,0.06
164808,0.1
164812,0.09
164815,0.06
164816,0.04
164817,0.11
164818,0.1
164819,0.28
164821,0.17
164822,0.02
164825,0.02
164834,0.04
164841,0.03
164842,0.2
164853,0.03
164855,0.18
164856,0.02
164878,0.04
164883,0.07
164887,0.03
164888,0.16
164889,0.06
164891,0.3
164892,0.0
164922,0.0
164924,0.11
164933,0.21
164938,0.08
164939,0.17
164949,0.01
164950,0.01
164957,0.15
164961,0.11
164963,0.01
164972,0.04
164980,0.02
164981,0.05
165020,0.04
165027,0.16
165046,0.08
165048,0.04
165049,0.01
165058,0.07
165065,0.02
165081,0.04
165082,0.21
165090,0.03
165107,0.06
165131,0.01
165133,0.12
165137,0.06
165140,0.14
165142,0.15
165143,0.09
165152,0.18
165154,0.04
165158,0.2
165166,0.01
165168,0.07
165171,0.03
165175,0.24
165182,0.02
165188,0.12
165190,0.01
165199,0.13
165202,0.03
165203,0.0
165204,0.21
165208,0.06
165221,0.06
165243,0.0
165283,0.3
165300,0.07
165302,0.01
165304,0.07
165313,0.04
165336,0.07
165339,0.2
165363,0.08
165376,0.21
165380,0.19
165385,0.01
165386,0.13
165410,0.03
165422,0.03
165426,0.03
165428,0.11
165445,0.25
165452,0.08
165454,0.08
165455,0.05
165462,0.06
165465,0.1
165466,0.19
165467,0.18
165476,0.02
165477,0.01
165478,0.55
165497,0.13
165500,0.19
165511,0.12
165513,0.06
165515,0.24
165521,0.02
165522,0.06
165523,0.03
165530,0.02
165537,0.01
165538,0.01
165539,0.07
165545,0.05
165550,0.07
165551,0.1
165552,0.1
165557,0.13
165558,0.09
165560,0.07
165574,0.1
165576,0.34
165587,0.03
165601,0.02
165605,0.03
165606,0.01
165607,0.03
165624,0.15
165632,0.06
165633,0.05
165634,0.08
165646,0.08
165649,0.02
165651,0.18
165661,0.0
165666,0.26
165669,0.07
165674,0.02
165685,0.21
165687,0.02
165692,0.09
165721,0.31
165726,0.12
165748,0.02
165749,0.11
165752,0.05
165755,0.02
165758,0.11
165761,0.04
165762,0.07
165780,0.05
165781,0.2
165789,0.17
165802,0.0
165806,0.01
165817,0.1
165822,0.24
165837,0.01
165840,0.12
165846,0.01
165853,0.01
165864,0.32
165865,0.09
165868,0.11
165869,0.04
165871,0.04
165880,0.05
165887,0.15
165904,0.1
165907,0.09
165910,0.14
165915,0.11
165917,0.09
165918,0.48
165919,0.28
165923,0.06
165931,0.01
165932,0.04
165934,0.36
165939,0.1
165944,0.2
165951,0.19
165955,0.01
165959,0.09
165966,0.24
165970,0.08
165975,0.03
165977,0.07
165990,0.13
165997,0.01
166003,0.03
166008,0.0
166020,0.06
166025,0.0
166033,0.04
166038,0.02
166042,0.03
166049,0.0
166071,0.02
166091,0.18
166093,0.2
166095,0.04
166104,0.01
166107,0.05
166108,0.02
166110,0.02
166112,0.11
166135,0.1
166136,0.03
166138,0.17
166153,0.23
166155,0.07
166158,0.1
166164,0.12
166186,0.04
166191,0.24
166196,0.0
166197,0.27
166202,0.03
166215,0.0
166230,0.04
166243,0.2
166244,0.02
166255,0.01
166258,0.26
166263,0.21
166271,0.1
166283,0.21
166286,0.07
166291,0.11
166294,0.1
166303,0.15
166306,0.13
166309,0.02
166316,0.14
166317,0.04
166321,0.11
166331,0.08
166349,0.09
166374,0.02
166387,0.01
166393,0.07
166400,0.01
166420,0.0
166446,0.0
166449,0.03
166452,0.1
166495,0.03
166501,0.08
166514,0.13
166515,0.16
166521,0.04
166525,0.06
166529,0.12
166536,0.04
166542,0.06
166543,0.11
166545,0.05
166550,0.02
166560,0.13
166567,0.02
166570,0.14
166573,0.37
166582,0.28
166583,0.3
166590,0.02
166594,0.09
166618,0.47
166623,0.12
166626,0.05
166641,0.21
166654,0.03
166682,0.25
166685,0.21
166688,0.05
166692,0.04
166701,0.02
166702,0.15
166705,0.07
166713,0.26
166733,0.04
166734,0.14
166738,0.03
166739,0.11
166740,0.07
166755,0.21
166761,0.31
166764,0.13
166773,0.11
166774,0.15
166814,0.1
166819,0.29
166834,0.15
166841,0.14
166848,0.35
166857,0.15
166858,0.08
166873,0.07
166889,0.07
166890,0.0
166891,0.1
166902,0.05
166908,0.09
166916,0.13
166920,0.14
166922,0.08
166926,0.05
166928,0.04
166930,0.18
166931,0.09
166932,0.04
166937,0.01
166941,0.04
166944,0.0
166960,0.11
166972,0.1
166973,0.04
166978,0.0
166984,0.1
166994,0.15
166995,0.02
166996,0.01
167001,0.04
167006,0.02
167007,0.09
167037,0.14
167041,0.02
167051,0.1
167052,0.13
167054,0.06
167057,0.06
167058,0.09
167059,0.02
167060,0.01
167066,0.08
167077,0.06
167078,0.08
167080,0.07
167089,0.08
167090,0.06
167091,0.0
167096,0.06
167105,0.07
167121,0.18
167128,0.09
167131,0.22
167139,0.07
167140,0.07
167149,0.05
167152,0.5
167153,0.21
167163,0.14
167167,0.12
167171,0.18
167178,0.07
167179,0.05
167182,0.07
167187,0.02
167192,0.16
167208,0.02
167212,0.18
167217,0.01
167230,0.07
167236,0.0
167238,0.15
167239,0.05
167257,0.12
167260,0.05
167264,0.2
167271,0.02
167273,0.2
167276,0.13
167283,0.2
167295,0.06
167296,0.29
167299,0.09
167310,0.0
167313,0.14
167323,0.12
167328,0.27
167329,0.15
167333,0.04
167349,0.06
167351,0.1
167359,0.06
167363,0.01
167371,0.01
167384,0.14
167387,0.16
167389,0.06
167393,0.05
167401,0.01
167427,0.01
167428,0.03
167433,0.1
167434,0.05
167437,0.04
167438,0.06
167454,0.09
167475,0.01
167480,0.07
167491,0.14
167494,0.04
167495,0.05
167503,0.01
167521,0.06
167529,0.07
167530,0.04
167550,0.05
167554,0.08
167557,0.1
167562,0.05
167566,0.16
167572,0.27
167573,0.13
167578,0.06
167592,0.16
167597,0.03
167621,0.07
167622,0.02
167631,0.23
167637,0.34
167638,0.0
167645,0.07
167648,0.25
167697,0.15
167698,0.02
167701,0.02
167708,0.0
167714,0.03
167717,0.13
167727,0.01
167737,0.02
167746,0.25
167751,0.15
167753,0.15
167755,0.03
167771,0.11
167805,0.06
167811,0.02
167815,0.09
167829,0.1
167830,0.05
167834,0.07
167841,0.1
167846,0.01
167851,0.25
167871,0.0
167890,0.19
167898,0.04
167901,0.05
167902,0.15
167907,0.33
167911,0.06
167912,0.01
167916,0.02
167917,0.03
167928,0.11
167940,0.09
167947,0.08
167948,0.26
167953,0.01
167957,0.18
167958,0.1
167968,0.04
167970,0.0
167977,0.05
167980,0.02
167993,0.15
167994,0.08
167998,0.07
168000,0.06
168006,0.01
168011,0.05
168012,0.0
168013,0.13
168022,0.05
168026,0.07
168032,0.07
168046,0.09
168054,0.2
168071,0.07
168078,0.23
168092,0.05
168093,0.21
168097,0.04
168105,0.01
168107,0.06
168108,0.05
168115,0.23
168127,0.05
168133,0.23
168135,0.02
168162,0.02
168163,0.0
168165,0.2
168169,0.03
168171,0.2
168174,0.15
168175,0.34
168186,0.01
168202,0.0
168204,0.02
168208,0.03
168229,0.08
168239,0.07
168245,0.02
168276,0.03
168309,0.07
168313,0.15
168322,0.02
168323,0.01
168326,0.12
168331,0.11
168349,0.17
168384,0.03
168398,0.04
168403,0.0
168405,0.08
168416,0.02
168418,0.02
168420,0.14
168422,0.01
168436,0.11
168438,0.0
168443,0.05
168444,0.01
168446,0.02
168454,0.09
168459,0.04
168462,0.16
168472,0.03
168485,0.02
168496,0.06
168503,0.01
168515,0.05
168516,0.23
168520,0.14
168521,0.09
168531,0.02
168542,0.07
168548,0.03
168551,0.02
168575,0.05
168580,0.05
168588,0.15
168593,0.02
168614,0.01
168615,0.02
168622,0.02
168623,0.09
168634,0.13
168645,0.14
168651,0.15
168683,0.08
168691,0.19
168708,0.17
168716,0.17
168718,0.05
168720,0.07
168722,0.2
168731,0.03
168736,0.07
168738,0.16
168747,0.01
168751,0.35
168752,0.08
168753,0.03
168774,0.14
168782,0.02
168788,0.01
168790,0.06
168791,0.21
168793,0.12
168796,0.14
168802,0.27
168803,0.07
168810,0.31
168817,0.01
168820,0.33
168823,0.05
168827,0.08
168828,0.17
168831,0.01
168842,0.08
168845,0.11
168855,0.17
168856,0.08
168861,0.11
168876,0.0
168897,0.26
168899,0.02
168913,0.19
168915,0.03
168916,0.13
168929,0.12
168930,0.05
168933,0.1
168954,0.03
168957,0.13
168959,0.05
168960,0.12
168961,0.08
168968,0.11
168969,0.03
168994,0.18
168995,0.12
169003,0.02
169004,0.36
169008,0.06
169009,0.09
169014,0.16
169030,0.1
169048,0.1
169061,0.06
169070,0.15
169092,0.02
169117,0.38
169118,0.32
169121,0.05
169123,0.1
169124,0.26
169137,0.1
169138,0.02
169143,0.02
169165,0.07
169166,0.04
169167,0.19
169168,0.08
169175,0.03
169184,0.03
169195,0.17
169196,0.01
169197,0.07
169202,0.36
169204,0.13
169212,0.09
169214,0.18
169218,0.11
169239,0.04
169248,0.03
169252,0.01
169254,0.24
169257,0.08
169264,0.2
169267,0.03
169269,0.2
169278,0.18
169297,0.07
169299,0.24
169301,0.14
169306,0.11
169323,0.26
169328,0.3
169330,0.08
169331,0.0
169346,0.16
169348,0.05
169350,0.09
169353,0.02
169355,0.08
169364,0.31
169365,0.01
169367,0.02
169370,0.03
169378,0.09
169385,0.01
169387,0.13
169389,0.03
169395,0.28
169412,0.04
169426,0.21
169427,0.13
169432,0.04
169436,0.15
169453,0.13
169455,0.18
169457,0.11
169458,0.03
169461,0.05
169467,0.02
169470,0.02
169477,0.08
169481,0.05
169483,0.13
169490,0.13
169491,0.04
169495,0.01
169504,0.05
169514,0.02
169517,0.04
169523,0.01
169528,0.16
169534,0.03
169535,0.04
169537,0.08
169541,0.09
169546,0.02
169549,0.03
169554,0.31
169561,0.05
169571,0.03
169580,0.27
169597,0.05
169598,0.0
169625,0.16
169626,0.19
169627,0.06
169628,0.11
169629,0.07
169658,0.11
169659,0.05
169668,0.03
169669,0.23
169673,0.02
169674,0.03
169676,0.16
169677,0.14
169678,0.04
169680,0.01
169695,0.22
169698,0.14
169710,0.21
169719,0.06
169720,0.09
169722,0.01
169735,0.05
169745,0.0
169749,0.04
169754,0.0
169760,0.18
169772,0.09
169773,0.01
169780,0.02
169788,0.01
169793,0.13
169809,0.23
169810,0.1
169824,0.03
169831,0.06
169833,0.02
169836,0.08
169859,0.08
169864,0.28
169872,0.08
169895,0.13
169911,0.12
169914,0.09
169960,0.1
169961,0.15
169964,0.09
169974,0.08
169988,0.01
169989,0.03
169995,0.01
170007,0.08
170026,0.22
170030,0.15
170033,0.1
170041,0.14
170043,0.01
170048,0.01
170050,0.07
170051,0.12
170056,0.2
170072,0.39
170076,0.0
170080,0.15
170101,0.03
170102,0.02
170107,0.19
170115,0.08
170119,0.08
170128,0.18
170129,0.01
170134,0.14
170136,0.1
170139,0.01
170140,0.09
170143,0.16
170148,0.48
170159,0.06
170163,0.16
170164,0.2
170173,0.03
170178,0.12
170179,0.01
170199,0.18
170203,0.04
170207,0.09
170211,0.05
170217,0.01
170224,0.02
170225,0.11
170255,0.24
170258,0.06
170259,0.03
170262,0.02
170278,0.26
170284,0.01
170285,0.33
170292,0.01
170293,0.24
170301,0.12
170302,0.22
170305,0.15
170309,0.06
170310,0.02
170326,0.07
170327,0.02
170328,0.12
170329,0.02
170330,0.2
170331,0.06
170337,0.11
170340,0.18
170341,0.05
170343,0.14
170361,0.14
170366,0.16
170376,0.13
170382,0.26
170396,0.03
170400,0.11
170403,0.12
170409,0.31
170410,0.0
170421,0.07
170425,0.18
170427,0.01
170428,0.05
170435,0.05
170438,0.07
170442,0.03
170446,0.09
170461,0.08
170473,0.28
170477,0.17
170516,0.05
170517,0.01
170522,0.08
170523,0.0
170534,0.07
170535,0.07
170538,0.17
170549,0.02
170556,0.06
170563,0.07
170570,0.11
170580,0.34
170582,0.07
170584,0.25
170585,0.06
170587,0.21
170590,0.13
170598,0.18
170599,0.15
170601,0.07
170612,0.15
170617,0.05
170620,0.04
170629,0.06
170647,0.3
170651,0.05
170654,0.03
170657,0.18
170662,0.11
170707,0.02
170719,0.08
170722,0.02
170723,0.13
170731,0.3
170735,0.07
170750,0.05
170769,0.01
170770,0.07
170776,0.23
170783,0.09
170789,0.15
170800,0.08
170809,0.19
170810,0.02
170811,0.2
170827,0.01
170842,0.01
170854,0.05
170857,0.16
170865,0.13
170867,0.0
170869,0.05
170870,0.1
170878,0.11
170881,0.22
170910,0.26
170913,0.32
170919,0.14
170932,0.12
170939,0.12
170947,0.06
170950,0.14
170953,0.26
170954,0.02
170970,0.08
170972,0.03
170973,0.14
170980,0.03
170981,0.04
170983,0.1
170998,0.06
171001,0.13
171004,0.05
171020,0.13
171023,0.06
171026,0.02
171060,0.16
171061,0.08
171065,0.05
171077,0.19
171081,0.07
171103,0.11
171110,0.34
171114,0.14
171118,0.02
171119,0.15
171120,0.2
171137,0.26
171147,0.07
171153,0.05
171156,0.2
171158,0.12
171163,0.1
171169,0.02
171170,0.06
171172,0.01
171173,0.06
171176,0.04
171181,0.2
171182,0.12
171191,0.01
171193,0.05
171195,0.17
171198,0.0
171205,0.09
171212,0.2
171237,0.03
171241,0.06
171262,0.03
171263,0.04
171266,0.02
171274,0.04
171290,0.07
171291,0.26
171297,0.03
171307,0.03
171311,0.29
171320,0.04
171322,0.0
171328,0.01
171337,0.08
171346,0.18
171348,0.11
171354,0.09
171358,0.01
171359,0.12
171360,0.11
171369,0.09
171379,0.04
171384,0.04
171388,0.1
171390,0.13
171394,0.0
171395,0.07
171399,0.21
171403,0.05
171422,0.04
171423,0.05
171469,0.11
171480,0.14
171487,0.0
171497,0.08
171502,0.27
171503,0.04
171506,0.09
171521,0.1
171530,0.13
171540,0.2
171541,0.15
171544,0.08
171551,0.11
171582,0.19
171587,0.11
171597,0.15
171603,0.32
171610,0.07
171614,0.01
171619,0.03
171621,0.04
171625,0.01
171626,0.0
171638,0.02
171642,0.09
171658,0.06
171674,0.12
171677,0.14
171684,0.05
171685,0.24
171686,0.05
171695,0.03
171702,0.02
171703,0.03
171704,0.0
171705,0.05
171706,0.01
171709,0.02
171712,0.12
171716,0.01
171730,0.03
171748,0.01
171757,0.18
171767,0.08
171768,0.26
171771,0.16
171775,0.03
171778,0.26
171780,0.21
171781,0.0
171785,0.11
171786,0.28
171789,0.17
171802,0.02
171803,0.01
171812,0.16
171862,0.03
171864,0.15
171891,0.23
171892,0.05
171913,0.03
171914,0.3
171922,0.17
171927,0.01
171933,0.05
171934,0.19
171943,0.18
171945,0.07
171960,0.03
171964,0.0
171975,0.18
171994,0.18
171996,0.14
171997,0.04
172000,0.03
172029,0.02
172038,0.05
172039,0.0
172043,0.19
172046,0.02
172048,0.05
172049,0.16
172053,0.21
172054,0.24
172058,0.04
172060,0.0
172061,0.01
172067,0.04
172072,0.05
172073,0.1
172098,0.13
172100,0.05
172101,0.14
172113,0.24
172144,0.02
172147,0.01
172149,0.12
172168,0.06
172169,0.01
172175,0.03
172197,0.14
172200,0.11
172205,0.2
172207,0.06
172210,0.03
172261,0.23
172279,0.08
172294,0.02
172300,0.0
172301,0.04
172310,0.05
172351,0.02
172353,0.0
172358,0.0
172374,0.05
172380,0.12
172384,0.03
172400,0.17
172403,0.04
172408,0.21
172411,0.02
172420,0.06
172426,0.25
172433,0.03
172434,0.05
172442,0.05
172443,0.16
172452,0.26
172454,0.14
172456,0.18
172460,0.15
172470,0.16
172479,0.11
172481,0.02
172483,0.01
172484,0.24
172485,0.03
172486,0.21
172493,0.05
172494,0.18
172497,0.16
172504,0.03
172518,0.17
172523,0.14
172527,0.13
172533,0.03
172536,0.06
172540,0.08
172541,0.15
172543,0.03
172545,0.11
172547,0.05
172551,0.02
172556,0.13
172562,0.0
172570,0.1
172574,0.06
172575,0.02
172599,0.07
172611,0.14
172612,0.13
172616,0.07
172623,0.15
172627,0.06
172635,0.24
172643,0.18
172644,0.05
172652,0.15
172656,0.1
172661,0.05
172664,0.01
172672,0.08
172678,0.06
172680,0.05
172683,0.0
172684,0.13
172690,0.07
172695,0.06
172696,0.01
172701,0.0
172713,0.08
172714,0.0
172731,0.1
172738,0.0
172761,0.06
172767,0.2
172770,0.2
172771,0.05
172799,0.0
172800,0.15
172804,0.13
172805,0.05
172820,0.07
172829,0.32
172831,0.12
172833,0.0
172843,0.01
172853,0.05
172855,0.06
172856,0.06
172857,0.01
172863,0.01
172877,0.06
172881,0.03
172895,0.08
172896,0.01
172910,0.06
172922,0.02
172939,0.2
172942,0.28
172945,0.17
172948,0.01
172949,0.14
172953,0.01
172967,0.18
172993,0.06
172995,0.04
172996,0.44
172997,0.18
172998,0.11
172999,0.04
173004,0.02
173006,0.23
173007,0.12
173013,0.09
173016,0.07
173020,0.22
173030,0.1
173048,0.05
173056,0.01
173066,0.03
173079,0.12
173107,0.08
173109,0.08
173127,0.02
173128,0.07
173130,0.15
173137,0.03
173157,0.07
173160,0.06
173168,0.06
173193,0.04
173197,0.2
173215,0.05
173216,0.13
173227,0.03
173236,0.14
173237,0.18
173247,0.16
173250,0.15
173259,0.18
173277,0.23
173285,0.09
173286,0.07
173299,0.09
173310,0.27
173312,0.09
173313,0.01
173320,0.12
173330,0.11
173333,0.02
173351,0.13
173370,0.24
173372,0.14
173381,0.14
173386,0.02
173387,0.33
173388,0.14
173393,0.0
173394,0.25
173403,0.02
173467,0.05
173469,0.22
173475,0.1
173476,0.15
173477,0.04
173484,0.28
173485,0.13
173488,0.21
173491,0.0
173520,0.1
173522,0.18
173535,0.02
173539,0.11
173549,0.06
173552,0.02
173565,0.12
173586,0.02
173587,0.01
173588,0.03
173595,0.01
173606,0.11
173620,0.18
173623,0.06
173629,0.06
173647,0.02
173649,0.18
173650,0.16
173652,0.01
173654,0.08
173665,0.08
173667,0.25
173685,0.06
173710,0.12
173711,0.14
173713,0.03
173718,0.21
173743,0.03
173744,0.12
173762,0.27
173768,0.1
173769,0.39
173770,0.02
173773,0.13
173779,0.19
173780,0.06
173781,0.21
173783,0.03
173795,0.04
173800,0.23
173812,0.08
173823,0.16
173834,0.14
173874,0.15
173891,0.04
173904,0.11
173909,0.03
173925,0.01
173941,0.1
173942,0.09
173944,0.09
173955,0.01
173959,0.05
174000,0.02
174004,0.03
174006,0.01
174008,0.09
174012,0.06
174017,0.06
174020,0.04
174044,0.15
174051,0.08
174052,0.07
174059,0.04
174060,0.03
174061,0.04
174063,0.09
174068,0.16
174069,0.14
174072,0.06
174074,0.01
174091,0.08
174092,0.02
174098,0.17
174105,0.13
174107,0.01
174110,0.0
174121,0.03
174126,0.22
174153,0.0
174156,0.02
174160,0.12
174173,0.02
174183,0.01
174185,0.0
174188,0.34
174198,0.01
174206,0.07
174207,0.03
174211,0.14
174239,0.08
174260,0.12
174261,0.02
174262,0.23
174264,0.02
174271,0.01
174275,0.28
174277,0.05
174286,0.0
174301,0.0
174312,0.33
174314,0.07
174322,0.12
174323,0.24
174325,0.09
174326,0.1
174327,0.06
174334,0.15
174360,0.01
174362,0.03
174367,0.04
174371,0.03
174372,0.07
174384,0.01
174390,0.03
174391,0.01
174396,0.02
174412,0.05
174423,0.29
174428,0.11
174429,0.38
174438,0.04
174481,0.08
174483,0.14
174484,0.02
174485,0.13
174488,0.05
174497,0.04
174509,0.19
174513,0.09
174514,0.21
174520,0.09
174526,0.01
174532,0.01
174536,0.13
174537,0.03
174538,0.1
174539,0.1
174540,0.04
174549,0.0
174551,0.12
174563,0.18
174574,0.08
174575,0.14
174586,0.02
174590,0.08
174606,0.37
174607,0.17
174609,0.04
174610,0.22
174630,0.17
174631,0.04
174661,0.0
174665,0.02
174666,0.03
174677,0.07
174690,0.35
174700,0.06
174702,0.1
174703,0.02
174713,0.04
174721,0.06
174726,0.11
174729,0.06
174741,0.13
174742,0.13
174754,0.01
174757,0.01
174782,0.42
174795,0.03
174805,0.0
174806,0.09
174809,0.06
174810,0.14
174829,0.06
174830,0.38
174832,0.08
174836,0.12
174839,0.01
174843,0.19
174854,0.13
174861,0.1
174863,0.02
174867,0.04
174871,0.04
174887,0.08
174890,0.04
174897,0.0
174901,0.1
174903,0.04
174912,0.01
174913,0.18
174920,0.22
174922,0.19
174924,0.07
174925,0.14
174928,0.0
174938,0.14
174939,0.0
174943,0.05
174950,0.14
174954,0.2
174955,0.02
174957,0.11
174965,0.04
174966,0.05
174967,0.2
174977,0.13
174983,0.04
174986,0.23
174987,0.02
175012,0.35
175015,0.02
175025,0.14
175027,0.17
175029,0.07
175056,0.07
175075,0.11
175081,0.04
175097,0.27
175128,0.04
175129,0.07
175138,0.06
175169,0.19
175183,0.16
175211,0.0
175212,0.06
175215,0.04
175223,0.02
175225,0.0
175233,0.13
175250,0.02
175253,0.05
175257,0.04
175260,0.01
175261,0.04
175264,0.04
175284,0.29
175288,0.0
175295,0.03
175309,0.05
175310,0.13
175313,0.06
175334,0.11
175337,0.03
175346,0.03
175347,0.02
175349,0.04
175350,0.06
175351,0.13
175367,0.13
175369,0.08
175371,0.09
175372,0.02
175392,0.17
175400,0.01
175402,0.02
175403,0.24
175407,0.18
175408,0.03
175414,0.1
175431,0.01
175435,0.14
175442,0.02
175454,0.01
175456,0.03
175457,0.04
175464,0.07
175465,0.14
175477,0.06
175488,0.11
175495,0.08
175499,0.09
175500,0.08
175515,0.14
175519,0.13
175520,0.09
175531,0.01
175534,0.13
175543,0.08
175566,0.01
175568,0.01
175573,0.05
175574,0.02
175576,0.07
175591,0.01
175593,0.02
175605,0.28
175609,0.23
175617,0.01
175624,0.36
175629,0.01
175633,0.09
175645,0.18
175649,0.0
175650,0.01
175653,0.03
175659,0.1
175660,0.01
175661,0.17
175664,0.04
175665,0.08
175677,0.01
175682,0.26
175684,0.17
175687,0.0
175690,0.11
175706,0.03
175722,0.17
175724,0.15
175730,0.11
175731,0.11
175737,0.04
175743,0.14
175745,0.15
175758,0.04
175768,0.05
175769,0.01
175773,0.03
175775,0.07
175794,0.0
175798,0.1
175809,0.16
175818,0.01
175830,0.0
175835,0.03
175840,0.29
175864,0.03
175875,0.09
175890,0.01
175892,0.04
175914,0.17
175930,0.21
175935,0.06
175955,0.01
175958,0.0
175959,0.02
175960,0.32
175964,0.0
175968,0.03
175986,0.29
175987,0.17
175997,0.0
175998,0.16
176003,0.06
176004,0.1
176021,0.07
176034,0.04
176035,0.11
176043,0.19
176045,0.17
176051,0.05
176052,0.0
176059,0.01
176067,0.03
176073,0.16
176076,0.0
176077,0.04
176085,0.02
176088,0.15
176095,0.06
176118,0.13
176129,0.04
176177,0.01
176183,0.01
176206,0.27
176218,0.02
176240,0.05
176253,0.1
176260,0.13
176275,0.01
176285,0.02
176288,0.04
176289,0.06
176290,0.14
176297,0.06
176300,0.15
176301,0.02
176319,0.05
176322,0.12
176337,0.02
176346,0.08
176347,0.2
176352,0.04
176358,0.0
176359,0.13
176365,0.05
176371,0.22
176403,0.09
176419,0.26
176428,0.02
176429,0.17
176430,0.07
176432,0.29
176437,0.17
176440,0.02
176441,0.23
176450,0.02
176454,0.05
176459,0.08
176460,0.04
176467,0.03
176472,0.37
176482,0.08
176483,0.46
176486,0.18
176487,0.2
176494,0.11
176497,0.06
176500,0.14
176509,0.09
176511,0.06
176512,0.04
176522,0.06
176525,0.11
176526,0.21
176537,0.01
176538,0.04
176572,0.02
176573,0.11
176574,0.35
176579,0.07
176580,0.01
176592,0.4
176601,0.05
176603,0.14
176605,0.07
176606,0.06
176615,0.09
176620,0.14
176634,0.07
176635,0.02
176638,0.04
176639,0.06
176641,0.04
176661,0.05
176668,0.08
176669,0.11
176683,0.21
176688,0.02
176700,0.14
176702,0.04
176705,0.28
176709,0.05
176710,0.19
176720,0.05
176726,0.03
176731,0.12
176732,0.06
176733,0.1
176734,0.02
176736,0.23
176741,0.01
176756,0.09
176785,0.02
176790,0.1
176793,0.09
176820,0.29
176827,0.11
176828,0.03
176839,0.41
176848,0.04
176850,0.09
176853,0.02
176866,0.02
176867,0.04
176875,0.09
176883,0.08
176888,0.19
176890,0.16
176898,0.14
176917,0.03
176925,0.19
176929,0.04
176934,0.3
176938,0.08
176953,0.02
176957,0.12
176970,0.04
176997,0.05
177029,0.08
177030,0.03
177031,0.05
177032,0.15
177047,0.02
177048,0.03
177051,0.03
177055,0.01
177060,0.05
177064,0.12
177065,0.04
177069,0.19
177076,0.18
177085,0.08
177087,0.07
177105,0.08
177126,0.05
177133,0.13
177141,0.03
177146,0.15
177156,0.17
177179,0.03
177187,0.32
177192,0.29
177203,0.15
177228,0.19
177229,0.12
177249,0.05
177250,0.17
177253,0.15
177260,0.02
177262,0.12
177270,0.11
177275,0.15
177284,0.04
177285,0.18
177314,0.12
177319,0.13
177325,0.07
177327,0.1
177339,0.02
177344,0.13
177378,0.05
177384,0.09
177385,0.1
177386,0.05
177387,0.01
177405,0.05
177423,0.12
177424,0.03
177425,0.0
177430,0.18
177435,0.19
177447,0.2
177448,0.07
177449,0.01
177451,0.15
177460,0.22
177479,0.11
177489,0.03
177504,0.07
177505,0.03
177511,0.22
177524,0.08
177526,0.1
177535,0.06
177558,0.11
177562,0.27
177569,0.09
177579,0.04
177580,0.06
177583,0.01
177584,0.06
177585,0.07
177605,0.16
177606,0.06
177618,0.23
177639,0.16
177649,0.03
177656,0.05
177657,0.02
177661,0.2
177665,0.05
177669,0.08
177680,0.3
177688,0.26
177689,0.06
177694,0.04
177696,0.14
177700,0.08
177705,0.06
177710,0.04
177720,0.0
177728,0.05
177729,0.12
177731,0.08
177733,0.06
177749,0.03
177751,0.21
177767,0.13
177776,0.05
177780,0.11
177783,0.02
177785,0.12
177791,0.05
177797,0.21
177798,0.07
177799,0.12
177802,0.06
177803,0.02
177805,0.03
177820,0.03
177824,0.06
177825,0.05
177829,0.02
177839,0.16
177861,0.12
177865,0.08
177867,0.05
177875,0.07
177876,0.26
177878,0.02
177883,0.04
177886,0.03
177891,0.05
177892,0.07
177902,0.05
177904,0.08
177931,0.12
177939,0.02
177944,0.1
177946,0.14
177959,0.21
177977,0.1
177992,0.21
177993,0.07
178005,0.17
178008,0.08
178009,0.06
178012,0.12
178015,0.02
178018,0.02
178037,0.08
178050,0.06
178058,0.07
178060,0.04
178064,0.25
178074,0.06
178077,0.1
178094,0.11
178095,0.2
178096,0.02
178107,0.0
178117,0.0
178146,0.01
178154,0.13
178160,0.05
178164,0.03
178172,0.03
178174,0.15
178182,0.21
178184,0.08
178196,0.09
178223,0.26
178225,0.08
178226,0.04
178240,0.12
178242,0.02
178250,0.09
178268,0.12
178282,0.02
178285,0.06
178288,0.04
178290,0.02
178295,0.03
178312,0.04
178317,0.02
178342,0.17
178343,0.05
178344,0.06
178346,0.02
178353,0.11
178356,0.42
178358,0.06
178359,0.11
178362,0.08
178380,0.1
178387,0.0
178391,0.17
178395,0.2
178408,0.15
178415,0.02
178421,0.09
178424,0.14
178428,0.13
178432,0.0
178433,0.08
178436,0.17
178442,0.04
178453,0.03
178459,0.14
178467,0.18
178472,0.16
178491,0.06
178499,0.01
178504,0.24
178506,0.17
178509,0.03
178517,0.02
178525,0.13
178530,0.09
178531,0.12
178537,0.14
178553,0.19
178557,0.03
178565,0.07
178566,0.02
178579,0.06
178586,0.07
178589,0.05
178592,0.14
178610,0.07
178620,0.07
178621,0.0
178622,0.2
178643,0.04
178665,0.05
178671,0.02
178675,0.08
178692,0.05
178722,0.0
178723,0.01
178726,0.26
178731,0.27
178737,0.18
178739,0.03
178745,0.02
178766,0.06
178771,0.04
178775,0.01
178785,0.1
178789,0.11
178790,0.03
178792,0.06
178804,0.01
178817,0.04
178821,0.05
178825,0.02
178830,0.12
178831,0.12
178832,0.21
178847,0.03
178853,0.16
178856,0.09
178867,0.03
178868,0.04
178881,0.03
178887,0.03
178888,0.29
178908,0.04
178909,0.13
178942,0.06
178943,0.22
178946,0.02
178947,0.19
178950,0.04
178958,0.14
178976,0.0
178986,0.0
178989,0.0
178995,0.15
178996,0.05
179006,0.11
179025,0.07
179034,0.06
179038,0.22
179043,0.01
179050,0.09
179051,0.06
179076,0.34
179077,0.03
179091,0.11
179092,0.11
179111,0.03
179128,0.14
179132,0.12
179137,0.06
179138,0.04
179146,0.2
179148,0.09
179149,0.01
179150,0.01
179155,0.02
179164,0.0
179177,0.01
179178,0.12
179182,0.05
179184,0.0
179186,0.25
179191,0.33
179194,0.04
179201,0.14
179210,0.03
179211,0.09
179212,0.05
179216,0.12
179229,0.07
179235,0.01
179236,0.03
179241,0.09
179244,0.05
179249,0.0
179256,0.37
179260,0.14
179262,0.27
179264,0.2
179268,0.05
179272,0.05
179280,0.09
179287,0.19
179288,0.05
179290,0.0
179295,0.07
179298,0.08
179306,0.06
179307,0.05
179310,0.29
179314,0.01
179317,0.15
179319,0.04
179327,0.03
179336,0.02
179342,0.02
179344,0.33
179347,0.02
179357,0.06
179368,0.29
179413,0.03
179425,0.12
179435,0.07
179447,0.1
179449,0.04
179458,0.0
179460,0.01
179475,0.1
179486,0.16
179493,0.03
179499,0.02
179501,0.02
179508,0.07
179511,0.02
179513,0.05
179519,0.07
179537,0.02
179550,0.06
179559,0.05
179560,0.0
179578,0.05
179583,0.06
179590,0.02
179597,0.18
179599,0.04
179602,0.19
179609,0.05
179621,0.09
179624,0.12
179625,0.1
179630,0.05
179640,0.03
179641,0.07
179644,0.0
179649,0.14
179650,0.13
179652,0.03
179653,0.31
179660,0.1
179662,0.06
179673,0.27
179678,0.04
179679,0.04
179686,0.04
179721,0.03
179733,0.13
179736,0.13
179737,0.03
179748,0.11
179750,0.2
179751,0.13
179752,0.12
179753,0.18
179765,0.16
179768,0.11
179798,0.04
179827,0.01
179837,0.01
179838,0.04
179851,0.08
179868,0.44
179875,0.05
179876,0.05
179882,0.06
179883,0.06
179894,0.02
179905,0.19
179907,0.1
179919,0.04
179926,0.13
179936,0.06
179941,0.02
179945,0.24
179951,0.26
179960,0.04
179967,0.02
179980,0.28
179985,0.31
179997,0.13
180001,0.04
180007,0.03
180011,0.21
180017,0.06
180027,0.03
180033,0.02
180036,0.42
180037,0.15
180041,0.21
180042,0.27
180050,0.25
180059,0.04
180066,0.03
180067,0.01
180085,0.08
180092,0.01
180099,0.08
180101,0.14
180115,0.07
180122,0.02
180126,0.06
180127,0.04
180140,0.1
180141,0.12
180158,0.05
180163,0.15
180178,0.04
180189,0.09
180198,0.06
180201,0.25
180202,0.05
180209,0.19
180239,0.09
180244,0.03
180270,0.03
180271,0.06
180286,0.1
180287,0.03
180291,0.06
180293,0.18
180296,0.08
180297,0.17
180305,0.04
180318,0.07
180319,0.12
180322,0.01
180323,0.0
180331,0.03
180365,0.01
180368,0.06
180369,0.12
180382,0.14
180387,0.07
180388,0.41
180389,0.09
180398,0.03
180399,0.07
180402,0.09
180406,0.01
180407,0.04
180408,0.02
180413,0.09
180416,0.01
180420,0.04
180429,0.26
180430,0.47
180431,0.02
180438,0.11
180441,0.03
180448,0.04
180453,0.03
180478,0.26
180480,0.05
180510,0.05
180524,0.16
180534,0.05
180537,0.42
180545,0.04
180550,0.04
180559,0.1
180583,0.02
180587,0.04
180594,0.17
180597,0.11
180598,0.13
180599,0.03
180601,0.15
180624,0.19
180625,0.34
180634,0.13
180647,0.01
180652,0.16
180656,0.13
180664,0.17
180666,0.2
180674,0.2
180679,0.04
180685,0.19
180692,0.11
180698,0.01
180699,0.03
180700,0.0
180702,0.03
180710,0.04
180736,0.0
180739,0.07
180741,0.04
180743,0.15
180747,0.0
180754,0.09
180755,0.14
180756,0.01
180768,0.05
180773,0.07
180775,0.05
180784,0.01
180787,0.0
180795,0.18
180796,0.11
180799,0.05
180811,0.06
180813,0.17
180827,0.13
180828,0.03
180833,0.35
180834,0.07
180847,0.04
180852,0.3
180853,0.04
180854,0.05
180855,0.06
180856,0.04
180858,0.07
180859,0.12
180867,0.16
180868,0.05
180872,0.1
180873,0.14
180874,0.11
180875,0.07
180878,0.11
180888,0.14
180889,0.01
180891,0.07
180902,0.05
180907,0.05
180913,0.02
180916,0.06
180954,0.05
180962,0.1
180963,0.05
180967,0.1
180971,0.16
180975,0.05
180985,0.07
180991,0.03
181009,0.02
181012,0.01
181015,0.05
181034,0.16
181064,0.18
181071,0.28
181083,0.19
181084,0.01
181085,0.07
181088,0.04
181098,0.1
181110,0.09
181111,0.16
181112,0.01
181114,0.34
181117,0.23
181157,0.05
181160,0.14
181161,0.11
181165,0.14
181179,0.29
181186,0.11
181196,0.02
181197,0.17
181204,0.15
181213,0.09
181214,0.42
181221,0.18
181224,0.08
181226,0.06
181236,0.07
181256,0.43
181257,0.06
181279,0.02
181282,0.05
181285,0.15
181288,0.01
181289,0.19
181290,0.0
181298,0.01
181299,0.22
181307,0.09
181312,0.25
181318,0.09
181322,0.09
181338,0.06
181340,0.07
181342,0.01
181344,0.12
181350,0.02
181373,0.01
181374,0.03
181375,0.01
181379,0.15
181381,0.05
181385,0.18
181388,0.06
181392,0.08
181393,0.14
181425,0.01
181465,0.07
181481,0.09
181484,0.09
181494,0.05
181501,0.03
181507,0.08
181521,0.03
181524,0.01
181538,0.33
181540,0.03
181547,0.1
181551,0.08
181555,0.07
181561,0.12
181564,0.09
181567,0.08
181599,0.01
181602,0.22
181612,0.12
181613,0.18
181615,0.04
181621,0.0
181622,0.16
181629,0.11
181630,0.0
181633,0.05
181635,0.25
181641,0.13
181643,0.26
181644,0.08
181649,0.09
181659,0.05
181660,0.08
181665,0.16
181666,0.08
181672,0.09
181682,0.09
181693,0.24
181697,0.16
181703,0.05
181704,0.03
181720,0.05
181722,0.17
181732,0.17
181733,0.07
181736,0.0
181737,0.11
181747,0.04
181758,0.27
181764,0.06
181770,0.12
181774,0.06
181783,0.15
181788,0.02
181789,0.12
181804,0.06
181809,0.0
181821,0.23
181836,0.02
181863,0.12
181867,0.1
181868,0.06
181871,0.03
181904,0.23
181931,0.0
181932,0.06
181941,0.08
181944,0.21
181958,0.02
181971,0.02
181986,0.0
182002,0.06
182007,0.07
182012,0.05
182022,0.02
182031,0.0
182050,0.03
182053,0.2
182071,0.06
182072,0.05
182073,0.02
182102,0.05
182106,0.01
182116,0.02
182117,0.06
182118,0.06
182124,0.24
182125,0.04
182145,0.03
182150,0.13
182154,0.11
182167,0.18
182179,0.17
182181,0.05
182183,0.08
182218,0.06
182225,0.07
182226,0.18
182266,0.14
182272,0.1
182275,0.21
182295,0.3
182305,0.01
182312,0.03
182313,0.05
182327,0.05
182337,0.01
182340,0.02
182341,0.07
182342,0.01
182345,0.01
182353,0.01
182355,0.02
182371,0.01
182376,0.01
182381,0.0
182382,0.02
182384,0.11
182387,0.05
182412,0.02
182419,0.08
182432,0.06
182438,0.06
182448,0.43
182450,0.14
182465,0.01
182468,0.04
182474,0.02
182483,0.0
182484,0.15
182485,0.03
182486,0.03
182489,0.25
182500,0.07
182501,0.15
182504,0.23
182514,0.05
182524,0.11
182525,0.05
182533,0.07
182536,0.13
182539,0.01
182550,0.05
182553,0.05
182568,0.03
182571,0.04
182573,0.05
182580,0.1
182615,0.06
182618,0.07
182624,0.0
182644,0.09
182686,0.19
182687,0.06
182695,0.42
182718,0.06
182726,0.07
182735,0.19
182742,0.03
182747,0.06
182748,0.09
182752,0.04
182761,0.05
182800,0.02
182802,0.18
182807,0.18
182816,0.06
182818,0.02
182826,0.13
182836,0.01
182840,0.29
182841,0.29
182846,0.02
182862,0.02
182864,0.08
182871,0.06
182878,0.04
182880,0.17
182885,0.04
182893,0.04
182894,0.21
182895,0.01
182901,0.05
182907,0.18
182921,0.12
182952,0.03
182964,0.08
182966,0.13
182980,0.04
182985,0.31
182989,0.02
182994,0.1
183035,0.39
183037,0.25
183042,0.06
183049,0.1
183050,0.0
183051,0.03
183062,0.0
183063,0.05
183064,0.02
183076,0.14
183078,0.19
183086,0.0
183089,0.16
183091,0.08
183097,0.11
183104,0.01
183118,0.45
183119,0.11
183134,0.04
183142,0.21
183157,0.07
183162,0.03
183180,0.22
183193,0.15
183213,0.0
183216,0.16
183223,0.08
183226,0.04
183264,0.06
183273,0.08
183278,0.05
183282,0.08
183283,0.07
183286,0.13
183288,0.13
183299,0.01
183310,0.0
183315,0.18
183332,0.02
183336,0.18
183341,0.13
183342,0.01
183345,0.0
183347,0.02
183360,0.04
183362,0.01
183370,0.01
183379,0.01
183386,0.07
183410,0.16
183417,0.13
183419,0.13
183421,0.23
183425,0.14
183427,0.06
183433,0.15
183434,0.04
183438,0.04
183439,0.02
183440,0.11
183450,0.05
183451,0.18
183453,0.02
183454,0.01
183455,0.27
183457,0.08
183463,0.27
183475,0.01
183478,0.12
183480,0.18
183490,0.0
183494,0.3
183503,0.06
183512,0.17
183517,0.13
183530,0.1
183532,0.03
183533,0.03
183536,0.05
183545,0.03
183549,0.03
183550,0.08
183551,0.18
183555,0.13
183560,0.04
183585,0.0
183591,0.05
183592,0.04
183603,0.42
183610,0.0
183628,0.24
183644,0.06
183646,0.2
183649,0.01
183656,0.12
183658,0.36
183688,0.04
183690,0.01
183691,0.11
183697,0.11
183709,0.26
183711,0.04
183714,0.11
183725,0.16
183736,0.13
183742,0.0
183772,0.08
183776,0.1
183787,0.02
183792,0.26
183793,0.24
183799,0.32
183816,0.06
183818,0.17
183832,0.08
183836,0.04
183839,0.06
183840,0.01
183855,0.06
183857,0.13
183863,0.08
183866,0.13
183876,0.02
183878,0.21
183897,0.01
183902,0.05
183915,0.03
183925,0.33
183936,0.07
183939,0.01
183951,0.0
183956,0.03
183957,0.01
183974,0.0
183982,0.22
183994,0.11
184008,0.07
184013,0.13
184016,0.05
184019,0.09
184024,0.05
184025,0.13
184038,0.0
184045,0.01
184056,0.09
184060,0.14
184071,0.04
184073,0.07
184074,0.07
184077,0.05
184105,0.11
184106,0.19
184133,0.26
184154,0.27
184163,0.03
184165,0.12
184193,0.34
184194,0.09
184195,0.02
184202,0.04
184226,0.45
184230,0.02
184231,0.13
184234,0.09
184238,0.07
184248,0.05
184257,0.0
184268,0.02
184282,0.02
184291,0.03
184294,0.01
184295,0.22
184304,0.08
184309,0.0
184318,0.13
184325,0.12
184329,0.03
184330,0.03
184333,0.25
184337,0.0
184338,0.18
184340,0.0
184341,0.0
184347,0.06
184354,0.05
184355,0.03
184372,0.05
184384,0.14
184385,0.06
184386,0.0
184389,0.16
184401,0.01
184405,0.12
184431,0.14
184450,0.07
184453,0.31
184470,0.08
184471,0.0
184486,0.16
184488,0.03
184489,0.12
184497,0.15
184508,0.03
184509,0.03
184516,0.15
184525,0.08
184526,0.04
184531,0.09
184557,0.05
184576,0.03
184589,0.0
184605,0.02
184613,0.06
184630,0.01
184635,0.07
184636,0.02
184643,0.02
184645,0.07
184653,0.05
184655,0.04
184656,0.11
184660,0.05
184716,0.11
184736,0.05
184758,0.08
184767,0.1
184770,0.11
184773,0.01
184776,0.06
184792,0.11
184812,0.2
184820,0.04
184829,0.11
184831,0.3
184832,0.1
184834,0.0
184847,0.17
184848,0.09
184858,0.0
184866,0.06
184869,0.05
184870,0.04
184873,0.05
184874,0.0
184876,0.06
184879,0.24
184880,0.06
184885,0.02
184896,0.18
184916,0.23
184918,0.11
184919,0.04
184921,0.09
184936,0.02
184944,0.14
184956,0.09
184963,0.07
184964,0.0
184965,0.12
184972,0.09
184977,0.11
184982,0.07
184988,0.37
184992,0.09
184994,0.04
184998,0.16
185017,0.01
185024,0.08
185032,0.15
185037,0.02
185040,0.0
185043,0.1
185048,0.04
185059,0.15
185076,0.17
185083,0.0
185090,0.18
185099,0.08
185101,0.06
185106,0.16
185121,0.08
185125,0.33
185126,0.23
185127,0.02
185153,0.04
185167,0.22
185171,0.1
185178,0.06
185180,0.12
185181,0.04
185183,0.04
185186,0.13
185187,0.18
185188,0.04
185189,0.1
185194,0.13
185207,0.09
185209,0.05
185210,0.1
185212,0.0
185220,0.12
185221,0.14
185230,0.37
185231,0.16
185245,0.0
185249,0.07
185262,0.01
185285,0.19
185286,0.16
185288,0.01
185296,0.01
185298,0.24
185299,0.02
185308,0.0
185311,0.06
185313,0.02
185314,0.15
185332,0.25
185337,0.0
185338,0.03
185339,0.09
185341,0.01
185342,0.01
185344,0.04
185349,0.11
185362,0.09
185363,0.07
185394,0.01
185410,0.05
185418,0.1
185423,0.11
185428,0.02
185442,0.11
185447,0.29
185450,0.03
185454,0.05
185475,0.18
185481,0.21
185483,0.04
185485,0.19
185496,0.01
185504,0.02
185505,0.0
185512,0.04
185515,0.01
185534,0.08
185536,0.04
185538,0.08
185552,0.0
185569,0.08
185576,0.02
185578,0.14
185581,0.08
185584,0.03
185585,0.06
185586,0.14
185592,0.07
185604,0.08
185606,0.1
185607,0.07
185618,0.05
185622,0.16
185628,0.09
185629,0.02
185634,0.06
185637,0.17
185638,0.01
185640,0.09
185641,0.01
185645,0.04
185646,0.1
185647,0.01
185662,0.02
185669,0.03
185675,0.02
185687,0.01
185688,0.1
185689,0.04
185690,0.13
185697,0.1
185710,0.13
185733,0.05
185740,0.16
185806,0.07
185812,0.09
185824,0.03
185825,0.02
185826,0.12
185827,0.14
185828,0.02
185837,0.03
185859,0.08
185861,0.02
185872,0.01
185874,0.01
185891,0.13
185893,0.11
185897,0.07
185900,0.07
185910,0.06
185919,0.02
185932,0.02
185937,0.1
185939,0.0
185965,0.1
185968,0.06
185971,0.1
185978,0.14
185980,0.02
185981,0.02
185982,0.09
185991,0.1
185997,0.03
185998,0.02
186014,0.17
186021,0.02
186025,0.11
186034,0.06
186054,0.09
186061,0.11
186065,0.0
186066,0.03
186070,0.28
186080,0.04
186085,0.03
186094,0.27
186110,0.15
186113,0.03
186116,0.1
186127,0.05
186129,0.08
186135,0.1
186139,0.26
186151,0.02
186153,0.11
186156,0.05
186158,0.06
186159,0.02
186166,0.11
186168,0.1
186169,0.1
186170,0.08
186179,0.03
186188,0.01
186210,0.01
186227,0.08
186229,0.08
186230,0.1
186249,0.13
186254,0.08
186264,0.01
186265,0.04
186273,0.02
186276,0.08
186289,0.09
186296,0.13
186308,0.02
186309,0.01
186310,0.02
186316,0.03
186321,0.02
186333,0.14
186346,0.02
186391,0.1
186398,0.18
186407,0.07
186411,0.19
186415,0.05
186426,0.26
186444,0.03
186448,0.26
186453,0.07
186456,0.0
186460,0.01
186461,0.13
186473,0.11
186489,0.41
186490,0.16
186491,0.01
186492,0.01
186493,0.08
186503,0.14
186505,0.04
186506,0.03
186508,0.02
186524,0.08
186526,0.07
186536,0.03
186539,0.06
186543,0.11
186558,0.19
186568,0.29
186573,0.14
186587,0.01
186599,0.04
186609,0.26
186610,0.0
186612,0.1
186632,0.25
186634,0.12
186649,0.06
186652,0.14
186660,0.1
186668,0.1
186674,0.06
186675,0.02
186679,0.08
186682,0.04
186683,0.04
186695,0.39
186696,0.06
186704,0.23
186709,0.16
186714,0.1
186723,0.01
186726,0.19
186728,0.04
186729,0.01
186731,0.07
186737,0.28
186742,0.0
186743,0.02
186745,0.18
186747,0.02
186750,0.01
186769,0.02
186771,0.32
186787,0.01
186796,0.18
186802,0.26
186811,0.01
186812,0.09
186815,0.04
186840,0.09
186842,0.32
186853,0.21
186859,0.09
186878,0.02
186885,0.04
186890,0.06
186906,0.15
186916,0.01
186927,0.05
186928,0.1
186931,0.2
186934,0.11
186938,0.08
186943,0.14
186944,0.12
186945,0.03
186947,0.12
186952,0.03
186953,0.05
186960,0.15
186962,0.03
186991,0.04
187001,0.4
187017,0.12
187019,0.08
187024,0.05
187035,0.0
187037,0.04
187056,0.02
187057,0.06
187058,0.26
187065,0.04
187066,0.19
187069,0.04
187070,0.08
187074,0.09
187085,0.07
187087,0.07
187100,0.08
187117,0.22
187158,0.11
187159,0.06
187162,0.08
187164,0.04
187167,0.06
187168,0.05
187171,0.01
187184,0.15
187194,0.13
187208,0.08
187211,0.01
187220,0.1
187224,0.11
187242,0.06
187259,0.0
187260,0.05
187267,0.18
187280,0.23
187287,0.06
187291,0.06
187296,0.08
187301,0.14
187315,0.16
187319,0.04
187326,0.4
187328,0.12
187329,0.04
187330,0.02
187335,0.07
187339,0.1
187340,0.11
187353,0.11
187356,0.0
187367,0.07
187383,0.08
187388,0.05
187401,0.06
187415,0.09
187422,0.0
187439,0.33
187440,0.1
187442,0.2
187447,0.15
187448,0.0
187451,0.12
187468,0.0
187475,0.06
187477,0.09
187480,0.03
187498,0.1
187499,0.08
187516,0.0
187524,0.07
187534,0.07
187552,0.01
187577,0.12
187584,0.03
187585,0.03
187603,0.01
187608,0.1
187625,0.01
187637,0.22
187639,0.06
187641,0.0
187652,0.02
187684,0.06
187689,0.18
187698,0.07
187708,0.05
187716,0.07
187717,0.05
187719,0.04
187720,0.18
187743,0.03
187749,0.14
187762,0.18
187763,0.05
187772,0.1
187786,0.15
187787,0.07
187809,0.15
187826,0.22
187828,0.01
187829,0.03
187833,0.03
187847,0.02
187852,0.0
187862,0.09
187867,0.05
187868,0.22
187870,0.07
187871,0.02
187879,0.2
187894,0.19
187895,0.02
187899,0.09
187903,0.14
187915,0.03
187919,0.04
187941,0.04
187942,0.1
187944,0.07
187947,0.08
187949,0.31
187950,0.03
187952,0.07
187964,0.21
187967,0.03
187977,0.0
187983,0.06
187987,0.07
187988,0.09
187990,0.11
187991,0.32
187998,0.09
188014,0.11
188017,0.03
188021,0.15
188032,0.05
188039,0.04
188040,0.05
188044,0.04
188045,0.0
188054,0.24
188069,0.08
188070,0.05
188081,0.0
188092,0.24
188106,0.05
188108,0.06
188117,0.0
188120,0.02
188130,0.07
188133,0.14
188136,0.06
188151,0.0
188153,0.07
188158,0.03
188171,0.06
188175,0.09
188192,0.18
188194,0.07
188198,0.08
188199,0.04
188228,0.16
188232,0.03
188233,0.08
188234,0.06
188245,0.05
188248,0.05
188254,0.05
188261,0.05
188262,0.17
188267,0.06
188276,0.05
188281,0.45
188282,0.05
188295,0.05
188309,0.03
188313,0.11
188324,0.11
188327,0.19
188328,0.08
188329,0.13
188336,0.06
188337,0.12
188350,0.01
188389,0.08
188399,0.0
188413,0.01
188415,0.14
188421,0.03
188438,0.14
188449,0.39
188466,0.1
188470,0.03
188486,0.06
188492,0.11
188507,0.08
188511,0.0
188521,0.05
188540,0.22
188542,0.08
188551,0.22
188557,0.02
188558,0.03
188561,0.07
188563,0.07
188565,0.08
188577,0.12
188586,0.05
188591,0.07
188594,0.11
188614,0.2
188622,0.0
188626,0.06
188632,0.11
188635,0.19
188639,0.14
188645,0.13
188646,0.18
188647,0.04
188653,0.01
188659,0.04
188677,0.14
188694,0.03
188695,0.01
188696,0.0
188707,0.05
188714,0.13
188715,0.23
188722,0.09
188724,0.03
188729,0.04
188734,0.05
188739,0.52
188746,0.07
188747,0.01
188768,0.06
188770,0.11
188772,0.02
188787,0.05
188792,0.07
188793,0.01
188808,0.04
188828,0.21
188848,0.07
188851,0.07
188856,0.09
188862,0.13
188875,0.16
188876,0.31
188878,0.12
188880,0.04
188890,0.05
188900,0.07
188914,0.16
188928,0.16
188936,0.03
188946,0.07
188947,0.0
188948,0.12
188949,0.02
188950,0.15
188980,0.1
188982,0.2
188988,0.25
188990,0.17
188992,0.01
188993,0.03
188994,0.03
188997,0.11
188998,0.11
189009,0.14
189018,0.06
189022,0.05
189034,0.08
189045,0.02
189059,0.06
189062,0.1
189075,0.17
189086,0.06
189087,0.05
189107,0.15
189113,0.02
189144,0.08
189148,0.05
189199,0.16
189201,0.06
189202,0.04
189207,0.18
189213,0.02
189214,0.19
189224,0.0
189230,0.02
189251,0.09
189252,0.01
189255,0.04
189256,0.1
189257,0.11
189260,0.04
189261,0.05
189262,0.02
189263,0.02
189272,0.03
189282,0.01
189284,0.23
189294,0.17
189304,0.15
189314,0.25
189317,0.27
189333,0.02
189337,0.26
189347,0.01
189355,0.15
189357,0.1
189366,0.07
189374,0.15
189379,0.0
189388,0.11
189397,0.04
189418,0.18
189453,0.03
189458,0.03
189460,0.05
189481,0.01
189482,0.19
189483,0.05
189490,0.07
189491,0.03
189492,0.06
189511,0.1
189512,0.06
189518,0.01
189519,0.11
189531,0.07
189541,0.16
189550,0.08
189551,0.03
189559,0.15
189564,0.03
189573,0.08
189585,0.0
189587,0.2
189605,0.12
189612,0.02
189633,0.19
189640,0.03
189641,0.31
189643,0.06
189650,0.1
189652,0.04
189656,0.14
189661,0.3
189663,0.18
189684,0.17
189688,0.05
189711,0.18
189729,0.13
189747,0.16
189761,0.14
189773,0.11
189774,0.02
189779,0.13
189780,0.09
189796,0.04
189799,0.02
189800,0.0
189807,0.05
189808,0.05
189826,0.17
189836,0.02
189843,0.13
189845,0.02
189852,0.14
189853,0.2
189855,0.0
189866,0.02
189886,0.17
189888,0.04
189902,0.14
189907,0.1
189910,0.07
189922,0.01
189924,0.04
189933,0.01
189935,0.11
189939,0.01
189951,0.21
189965,0.08
189966,0.1
189977,0.13
189989,0.03
189990,0.13
190002,0.03
190006,0.27
190008,0.05
190009,0.05
190021,0.03
190058,0.03
190061,0.02
190069,0.03
190072,0.08
190078,0.25
190109,0.11
190112,0.29
190117,0.13
190132,0.03
190133,0.34
190153,0.12
190164,0.0
190167,0.01
190169,0.23
190179,0.28
190184,0.03
190188,0.02
190199,0.03
190200,0.24
190201,0.2
190227,0.1
190229,0.05
190245,0.01
190272,0.25
190274,0.11
190281,0.06
190282,0.18
190290,0.06
190299,0.12
190301,0.08
190304,0.04
190306,0.03
190311,0.22
190341,0.07
190354,0.0
190364,0.02
190368,0.04
190375,0.23
190383,0.02
190384,0.25
190387,0.05
190388,0.21
190392,0.31
190394,0.25
190405,0.2
190406,0.23
190412,0.01
190413,0.16
190431,0.0
190452,0.01
190454,0.07
190461,0.09
190475,0.06
190489,0.03
190507,0.17
190513,0.05
190515,0.17
190516,0.01
190522,0.02
190523,0.19
190526,0.06
190533,0.01
190537,0.14
190542,0.01
190545,0.1
190548,0.02
190555,0.28
190561,0.04
190562,0.04
190566,0.06
190581,0.12
190590,0.0
190591,0.25
190593,0.0
190612,0.03
190617,0.04
190618,0.04
190619,0.1
190643,0.08
190647,0.18
190663,0.01
190664,0.04
190678,0.02
190691,0.04
190697,0.13
190698,0.01
190701,0.42
190702,0.19
190713,0.05
190739,0.1
190744,0.18
190756,0.15
190767,0.16
190777,0.14
190808,0.06
190825,0.13
190830,0.1
190844,0.33
190855,0.03
190860,0.16
190861,0.15
190865,0.0
190884,0.22
190886,0.14
190887,0.03
190893,0.19
190899,0.1
190900,0.09
190901,0.06
190903,0.01
190909,0.03
190911,0.16
190916,0.15
190922,0.01
190926,0.06
190927,0.06
190929,0.03
190931,0.1
190948,0.07
190954,0.01
190957,0.05
190965,0.12
190978,0.14
190986,0.09
190990,0.04
190993,0.05
190998,0.05
190999,0.06
191028,0.03
191033,0.07
191042,0.36
191076,0.01
191114,0.05
191137,0.38
191138,0.13
191140,0.12
191141,0.0
191143,0.18
191145,0.13
191161,0.11
191167,0.16
191192,0.03
191199,0.12
191200,0.0
191205,0.01
191206,0.03
191214,0.03
191217,0.01
191222,0.08
191224,0.01
191232,0.26
191238,0.12
191243,0.05
191247,0.03
191250,0.02
191266,0.1
191278,0.05
191279,0.0
191282,0.18
191287,0.3
191290,0.05
191291,0.05
191296,0.12
191301,0.09
191304,0.03
191305,0.05
191306,0.13
191324,0.08
191359,0.04
191360,0.02
191362,0.02
191371,0.1
191379,0.26
191394,0.03
191413,0.32
191430,0.05
191435,0.08
191449,0.02
191452,0.01
191464,0.17
191465,0.02
191466,0.04
191469,0.16
191490,0.34
191494,0.12
191498,0.34
191506,0.21
191508,0.06
191509,0.0
191515,0.36
191524,0.06
191548,0.03
191562,0.01
191568,0.11
191596,0.1
191609,0.05
191619,0.04
191624,0.21
191628,0.02
191630,0.26
191648,0.16
191649,0.08
191654,0.09
191655,0.0
191659,0.11
191674,0.07
191675,0.04
191680,0.1
191681,0.03
191684,0.13
191686,0.01
191721,0.26
191722,0.03
191726,0.18
191727,0.05
191732,0.08
191735,0.01
191738,0.33
191745,0.18
191746,0.03
191751,0.08
191761,0.15
191772,0.02
191785,0.04
191794,0.01
191799,0.06
191806,0.13
191807,0.03
191809,0.2
191824,0.22
191826,0.07
191834,0.12
191837,0.01
191841,0.0
191845,0.0
191847,0.06
191850,0.01
191869,0.09
191873,0.05
191876,0.14
191878,0.35
191880,0.03
191881,0.15
191883,0.08
191898,0.02
191907,0.01
191910,0.09
191918,0.12
191920,0.15
191923,0.02
191942,0.04
191943,0.11
191951,0.05
191952,0.03
191958,0.13
191963,0.18
191971,0.07
191992,0.25
192000,0.23
192001,0.08
192008,0.04
192018,0.01
192029,0.04
192030,0.03
192031,0.02
192043,0.06
192045,0.09
192052,0.18
192056,0.01
192071,0.06
192082,0.1
192088,0.0
192103,0.05
192105,0.12
192119,0.01
192144,0.04
192151,0.01
192158,0.09
192163,0.02
192172,0.16
192176,0.07
192177,0.1
192212,0.02
192221,0.27
192223,0.25
192224,0.04
192238,0.1
192239,0.08
192252,0.32
192259,0.11
192268,0.02
192274,0.27
192276,0.07
192277,0.0
192289,0.0
192296,0.09
192308,0.13
192309,0.01
192315,0.09
192322,0.18
192324,0.1
192343,0.15
192345,0.02
192367,0.05
192375,0.06
192382,0.14
192389,0.03
192390,0.14
192391,0.03
192423,0.06
192427,0.06
192431,0.06
192433,0.0
192451,0.02
192453,0.06
192455,0.07
192468,0.13
192469,0.06
192474,0.0
192481,0.1
192482,0.05
192483,0.01
192486,0.16
192490,0.08
192491,0.05
192494,0.05
192507,0.04
192508,0.04
192509,0.21
192525,0.07
192526,0.03
192528,0.04
192535,0.17
192545,0.15
192548,0.13
192572,0.27
192594,0.14
192607,0.01
192625,0.09
192626,0.0
192631,0.05
192632,0.12
192636,0.04
192637,0.01
192655,0.01
192657,0.0
192674,0.18
192675,0.06
192680,0.06
192682,0.19
192686,0.04
192698,0.12
192703,0.0
192705,0.05
192717,0.14
192720,0.08
192721,0.1
192722,0.02
192728,0.0
192734,0.0
192739,0.08
192740,0.1
192752,0.01
192761,0.05
192770,0.08
192780,0.03
192782,0.05
192783,0.24
192789,0.21
192796,0.0
192800,0.06
192802,0.02
192811,0.02
192812,0.14
192815,0.03
192838,0.16
192861,0.15
192868,0.07
192872,0.11
192876,0.02
192877,0.13
192897,0.13
192898,0.06
192903,0.03
192904,0.04
192905,0.02
192911,0.21
192920,0.1
192921,0.11
192922,0.02
192942,0.19
192946,0.37
192963,0.03
192978,0.03
192979,0.19
192981,0.13
192991,0.09
192995,0.13
192998,0.13
193019,0.11
193027,0.07
193028,0.18
193032,0.03
193036,0.04
193044,0.08
193046,0.13
193049,0.02
193050,0.08
193054,0.02
193057,0.02
193060,0.15
193075,0.04
193088,0.02
193091,0.18
193112,0.03
193122,0.01
193123,0.21
193128,0.15
193133,0.03
193143,0.12
193150,0.07
193151,0.04
193160,0.35
193180,0.27
193198,0.0
193204,0.21
193207,0.04
193210,0.1
193225,0.01
193232,0.23
193248,0.15
193249,0.36
193262,0.0
193270,0.06
193273,0.21
193275,0.05
193286,0.03
193289,0.31
193290,0.01
193311,0.22
193321,0.12
193322,0.16
193340,0.14
193349,0.03
193368,0.14
193369,0.04
193375,0.03
193385,0.16
193389,0.03
193394,0.01
193396,0.1
193398,0.01
193402,0.09
193409,0.04
193421,0.04
193426,0.0
193430,0.01
193436,0.2
193437,0.08
193440,0.04
193441,0.13
193449,0.18
193462,0.01
193464,0.15
193468,0.09
193474,0.0
193475,0.01
193479,0.16
193484,0.15
193488,0.03
193496,0.25
193507,0.18
193510,0.07
193512,0.0
193514,0.03
193515,0.08
193516,0.19
193520,0.02
193522,0.17
193541,0.0
193545,0.03
193549,0.09
193554,0.08
193558,0.14
193568,0.02
193569,0.14
193579,0.03
193587,0.06
193589,0.07
193613,0.07
193642,0.13
193643,0.03
193647,0.03
193648,0.01
193663,0.05
193664,0.24
193665,0.01
193672,0.05
193675,0.36
193686,0.4
193692,0.02
193706,0.06
193725,0.02
193726,0.06
193727,0.04
193733,0.05
193738,0.37
193739,0.02
193745,0.15
193759,0.04
193767,0.02
193774,0.2
193776,0.04
193777,0.27
193787,0.19
193789,0.0
193793,0.1
193805,0.0
193808,0.16
193816,0.04
193817,0.07
193821,0.16
193831,0.09
193832,0.01
193874,0.02
193879,0.02
193882,0.17
193910,0.02
193915,0.08
193916,0.13
193921,0.21
193924,0.14
193926,0.01
193927,0.14
193949,0.01
193954,0.02
193966,0.16
193970,0.12
193971,0.04
193975,0.03
193980,0.11
193982,0.25
193983,0.15
193987,0.12
193997,0.01
194000,0.2
194013,0.05
194014,0.15
194026,0.06
194039,0.04
194042,0.04
194054,0.1
194057,0.11
194058,0.01
194068,0.02
194071,0.29
194073,0.15
194075,0.07
194093,0.19
194098,0.07
194105,0.02
194106,0.18
194110,0.1
194128,0.1
194137,0.04
194149,0.01
194150,0.06
194155,0.02
194157,0.03
194158,0.07
194164,0.08
194165,0.08
194166,0.06
194170,0.13
194171,0.05
194177,0.02
194187,0.04
194188,0.03
194213,0.1
194229,0.19
194230,0.05
194241,0.04
194243,0.06
194244,0.08
194276,0.02
194279,0.02
194280,0.08
194281,0.15
194291,0.02
194293,0.39
194306,0.1
194307,0.14
194308,0.09
194310,0.2
194314,0.06
194326,0.14
194330,0.22
194338,0.04
194366,0.09
194370,0.0
194371,0.02
194379,0.03
194382,0.05
194383,0.24
194395,0.15
194402,0.11
194406,0.0
194408,0.2
194413,0.07
194414,0.11
194419,0.08
194423,0.16
194424,0.05
194429,0.04
194436,0.1
194468,0.04
194469,0.0
194478,0.05
194480,0.41
194484,0.11
194505,0.13
194514,0.1
194516,0.0
194523,0.27
194526,0.02
194533,0.16
194534,0.01
194536,0.08
194548,0.12
194552,0.21
194558,0.0
194561,0.11
194563,0.01
194569,0.09
194581,0.36
194586,0.06
194590,0.02
194598,0.09
194600,0.09
194603,0.03
194604,0.0
194605,0.03
194607,0.17
194610,0.11
194620,0.04
194627,0.12
194650,0.22
194652,0.01
194659,0.03
194660,0.07
194662,0.02
194665,0.12
194675,0.01
194677,0.08
194679,0.02
194691,0.45
194696,0.03
194713,0.06
194716,0.13
194717,0.08
194725,0.06
194732,0.04
194737,0.06
194738,0.14
194769,0.04
194791,0.06
194802,0.11
194806,0.06
194810,0.02
194812,0.12
194813,0.04
194816,0.01
194827,0.04
194844,0.0
194856,0.08
194860,0.07
194866,0.1
194867,0.04
194877,0.21
194879,0.22
194880,0.02
194881,0.04
194887,0.03
194900,0.05
194906,0.09
194907,0.13
194908,0.16
194914,0.04
194934,0.26
194955,0.15
194956,0.0
194965,0.01
194966,0.04
194980,0.05
194985,0.08
194986,0.02
194995,0.1
194999,0.0
195000,0.04
195010,0.1
195013,0.07
195044,0.03
195048,0.03
195050,0.54
195051,0.23
195055,0.18
195070,0.07
195074,0.38
195075,0.13
195077,0.2
195081,0.01
195088,0.05
195089,0.04
195091,0.02
195096,0.21
195100,0.08
195103,0.18
195116,0.11
195117,0.07
195129,0.03
195151,0.02
195158,0.11
195164,0.04
195176,0.22
195186,0.17
195187,0.34
195198,0.02
195201,0.07
195207,0.03
195214,0.03
195215,0.15
195234,0.02
195235,0.0
195239,0.01
195240,0.08
195253,0.1
195255,0.01
195280,0.04
195291,0.04
195293,0.07
195300,0.0
195306,0.06
195307,0.25
195322,0.05
195326,0.27
195330,0.02
195341,0.07
195343,0.03
195367,0.01
195369,0.05
195371,0.02
195372,0.0
195389,0.17
195415,0.09
195435,0.04
195439,0.06
195440,0.06
195444,0.05
195447,0.05
195450,0.0
195451,0.05
195456,0.02
195457,0.25
195461,0.23
195462,0.08
195463,0.01
195466,0.08
195468,0.01
195469,0.11
195489,0.01
195495,0.07
195496,0.34
195504,0.07
195505,0.31
195506,0.04
195511,0.11
195518,0.01
195519,0.23
195529,0.11
195531,0.03
195546,0.09
195547,0.03
195552,0.08
195577,0.07
195579,0.03
195588,0.05
195597,0.17
195607,0.04
195617,0.05
195626,0.05
195632,0.18
195634,0.37
195635,0.07
195645,0.06
195648,0.01
195674,0.3
195691,0.02
195695,0.12
195703,0.06
195710,0.29
195711,0.0
195727,0.09
195729,0.05
195734,0.03
195739,0.01
195740,0.1
195746,0.21
195750,0.22
195769,0.36
195772,0.23
195785,0.0
195789,0.17
195793,0.08
195801,0.01
195803,0.06
195810,0.11
195818,0.02
195819,0.23
195823,0.06
195828,0.15
195836,0.03
195843,0.14
195858,0.08
195876,0.13
195890,0.04
195891,0.12
195900,0.11
195905,0.11
195910,0.17
195911,0.08
195912,0.11
195917,0.13
195918,0.15
195923,0.26
195937,0.13
195940,0.46
195945,0.02
195946,0.01
195948,0.05
195955,0.02
195957,0.14
195958,0.12
195959,0.25
195970,0.03
195974,0.01
195979,0.16
195990,0.06
196004,0.07
196007,0.24
196012,0.25
196019,0.06
196029,0.14
196034,0.1
196042,0.06
196066,0.2
196067,0.19
196071,0.06
196074,0.12
196075,0.03
196079,0.04
196080,0.2
196082,0.12
196083,0.08
196085,0.19
196115,0.1
196118,0.19
196128,0.07
196149,0.04
196150,0.08
196162,0.17
196194,0.13
196198,0.02
196204,0.02
196206,0.02
196210,0.21
196220,0.01
196221,0.05
196230,0.02
196236,0.22
196242,0.17
196256,0.22
196261,0.25
196274,0.0
196281,0.02
196303,0.03
196305,0.28
196322,0.04
196343,0.01
196346,0.02
196354,0.04
196357,0.11
196359,0.09
196360,0.19
196361,0.0
196364,0.28
196371,0.02
196375,0.0
196377,0.05
196378,0.07
196381,0.0
196384,0.04
196385,0.13
196388,0.26
196394,0.16
196400,0.16
196401,0.03
196404,0.1
196411,0.27
196436,0.14
196443,0.16
196444,0.14
196446,0.34
196475,0.16
196476,0.18
196486,0.01
196489,0.09
196492,0.03
196498,0.14
196500,0.02
196505,0.15
196507,0.17
196510,0.02
196514,0.05
196530,0.0
196544,0.0
196551,0.22
196578,0.09
196585,0.17
196587,0.01
196588,0.22
196594,0.3
196598,0.23
196605,0.02
196618,0.04
196619,0.08
196623,0.05
196624,0.01
196643,0.1
196649,0.03
196650,0.0
196656,0.09
196663,0.34
196667,0.12
196669,0.06
196681,0.24
196717,0.06
196726,0.19
196728,0.06
196729,0.08
196731,0.1
196736,0.04
196738,0.14
196745,0.14
196747,0.02
196748,0.05
196753,0.02
196757,0.03
196760,0.1
196777,0.29
196788,0.04
196799,0.07
196808,0.02
196819,0.04
196825,0.08
196826,0.16
196834,0.02
196841,0.19
196847,0.2
196849,0.04
196851,0.1
196867,0.02
196884,0.11
196889,0.13
196898,0.13
196901,0.03
196917,0.05
196930,0.1
196936,0.07
196956,0.04
196959,0.03
196962,0.02
196963,0.07
196971,0.27
196972,0.06
196977,0.01
196984,0.08
196985,0.29
197010,0.21
197029,0.14
197040,0.06
197058,0.26
197060,0.06
197064,0.3
197075,0.06
197083,0.14
197102,0.31
197103,0.09
197107,0.06
197129,0.13
197135,0.12
197140,0.0
197150,0.14
197152,0.01
197153,0.05
197154,0.03
197156,0.22
197166,0.01
197167,0.0
197177,0.12
197178,0.04
197187,0.0
197191,0.17
197205,0.03
197206,0.16
197219,0.28
197224,0.07
197245,0.14
197246,0.08
197273,0.28
197275,0.04
197278,0.09
197288,0.06
197290,0.24
197294,0.03
197295,0.05
197311,0.01
197314,0.17
197320,0.17
197321,0.24
197324,0.15
197327,0.12
197332,0.15
197333,0.35
197335,0.1
197348,0.02
197362,0.2
197363,0.19
197368,0.03
197378,0.05
197381,0.19
197384,0.02
197386,0.27
197393,0.09
197396,0.05
197400,0.05
197408,0.03
197412,0.08
197413,0.09
197415,0.01
197418,0.17
197427,0.11
197443,0.22
197448,0.17
197449,0.0
197470,0.05
197478,0.12
197482,0.14
197488,0.08
197491,0.1
197495,0.1
197498,0.25
197502,0.16
197507,0.15
197509,0.12
197510,0.13
197512,0.12
197513,0.08
197524,0.06
197525,0.05
197529,0.3
197533,0.01
197534,0.15
197540,0.02
197541,0.05
197559,0.07
197566,0.05
197582,0.02
197585,0.09
197587,0.08
197595,0.1
197598,0.04
197601,0.04
197603,0.04
197607,0.17
197611,0.12
197625,0.34
197631,0.01
197633,0.06
197638,0.3
197640,0.08
197644,0.0
197645,0.02
197646,0.15
197650,0.03
197657,0.04
197664,0.02
197668,0.08
197681,0.04
197682,0.08
197693,0.08
197695,0.16
197699,0.37
197709,0.01
197711,0.2
197715,0.01
197716,0.1
197722,0.2
197728,0.25
197729,0.1
197730,0.14
197744,0.03
197768,0.1
197770,0.06
197775,0.16
197788,0.02
197795,0.06
197806,0.12
197808,0.08
197812,0.14
197813,0.1
197822,0.05
197827,0.01
197828,0.04
197836,0.1
197857,0.06
197862,0.11
197872,0.11
197892,0.04
197903,0.1
197907,0.08
197908,0.11
197916,0.13
197921,0.05
197924,0.05
197930,0.1
197934,0.19
197942,0.02
197945,0.28
197958,0.0
197959,0.01
197967,0.07
197969,0.2
197978,0.15
197999,0.01
198001,0.08
198004,0.08
198007,0.09
198019,0.13
198020,0.04
198024,0.13
198026,0.06
198038,0.01
198044,0.01
198050,0.16
198054,0.38
198055,0.03
198082,0.12
198094,0.03
198095,0.02
198099,0.04
198101,0.16
198102,0.01
198114,0.12
198125,0.02
198127,0.02
198128,0.03
198137,0.04
198141,0.02
198142,0.04
198155,0.13
198179,0.12
198181,0.2
198184,0.02
198185,0.02
198186,0.09
198187,0.09
198193,0.12
198197,0.06
198209,0.01
198221,0.09
198225,0.04
198229,0.26
198237,0.2
198239,0.37
198247,0.05
198253,0.05
198272,0.01
198279,0.04
198282,0.04
198284,0.02
198285,0.0
198287,0.26
198294,0.07
198309,0.19
198312,0.1
198315,0.02
198323,0.05
198331,0.08
198333,0.24
198359,0.1
198370,0.27
198378,0.01
198379,0.11
198381,0.02
198383,0.03
198384,0.17
198385,0.05
198420,0.11
198421,0.3
198425,0.06
198427,0.2
198429,0.02
198437,0.06
198445,0.02
198452,0.05
198454,0.09
198487,0.0
198523,0.06
198528,0.15
198530,0.17
198539,0.03
198540,0.11
198547,0.05
198566,0.02
198568,0.0
198569,0.08
198595,0.02
198600,0.01
198614,0.01
198617,0.04
198619,0.25
198627,0.13
198640,0.01
198655,0.26
198664,0.05
198665,0.0
198666,0.24
198670,0.04
198673,0.38
198680,0.11
198689,0.03
198690,0.14
198702,0.04
198703,0.02
198704,0.25
198714,0.06
198715,0.15
198717,0.02
198718,0.1
198720,0.21
198721,0.0
198730,0.01
198739,0.17
198754,0.03
198761,0.08
198772,0.01
198774,0.03
198775,0.11
198779,0.01
198783,0.0
198790,0.16
198794,0.32
198798,0.23
198799,0.01
198802,0.26
198806,0.02
198847,0.07
198854,0.22
198858,0.04
198859,0.26
198865,0.09
198872,0.03
198874,0.03
198878,0.01
198883,0.07
198884,0.05
198891,0.04
198899,0.15
198907,0.1
198916,0.07
198917,0.25
198934,0.01
198937,0.05
198938,0.06
198941,0.17
198957,0.09
198966,0.19
198984,0.03
198997,0.02
199001,0.14
199003,0.14
199009,0.05
199011,0.01
199013,0.04
199015,0.09
199024,0.17
199026,0.06
199027,0.29
199029,0.06
199030,0.03
199041,0.02
199048,0.11
199057,0.1
199058,0.06
199062,0.03
199067,0.05
199070,0.06
199075,0.04
199076,0.0
199092,0.08
199096,0.0
199104,0.11
199114,0.04
199115,0.0
199117,0.11
199126,0.09
199131,0.03
199141,0.06
199145,0.0
199150,0.15
199151,0.01
199153,0.02
199166,0.1
199167,0.19
199177,0.14
199182,0.06
199183,0.16
199185,0.02
199212,0.03
199213,0.18
199222,0.34
199229,0.02
199230,0.11
199242,0.29
199243,0.01
199246,0.09
199247,0.04
199249,0.0
199262,0.17
199263,0.03
199275,0.09
199276,0.19
199287,0.05
199298,0.12
199304,0.16
199307,0.0
199311,0.1
199316,0.0
199320,0.2
199321,0.06
199325,0.06
199326,0.14
199327,0.12
199334,0.03
199344,0.17
199345,0.06
199352,0.08
199364,0.14
199378,0.08
199379,0.05
199387,0.04
199405,0.12
199418,0.2
199424,0.19
199425,0.0
199432,0.02
199433,0.02
199442,0.21
199446,0.05
199457,0.05
199458,0.17
199477,0.05
199522,0.1
199525,0.28
199533,0.15
199536,0.02
199537,0.02
199550,0.07
199560,0.13
199564,0.22
199575,0.16
199580,0.0
199586,0.04
199597,0.02
199598,0.06
199604,0.0
199608,0.09
199609,0.21
199616,0.0
199625,0.06
199648,0.47
199650,0.06
199655,0.05
199663,0.01
199670,0.02
199673,0.07
199685,0.17
199696,0.18
199703,0.13
199704,0.13
199706,0.02
199727,0.09
199740,0.17
199746,0.33
199764,0.12
199766,0.21
199785,0.03
199786,0.05
199795,0.07
199797,0.09
199803,0.24
199804,0.11
199810,0.03
199815,0.01
199822,0.08
199824,0.01
199828,0.09
199833,0.36
199840,0.02
199844,0.05
199846,0.06
199858,0.1
199862,0.04
199865,0.24
199866,0.13
199869,0.07
199870,0.0
199871,0.23
199878,0.05
199889,0.1
199891,0.01
199898,0.01
199903,0.0
199904,0.02
199924,0.13
199950,0.02
199954,0.05
199956,0.0
199962,0.33
199965,0.24
199971,0.02
199972,0.09
199988,0.11
199995,0.1
199997,0.03
199998,0.07
199999,0.04
200011,0.09
200012,0.02
200016,0.02
200019,0.0
200030,0.09
200031,0.05
200032,0.13
200038,0.08
200043,0.08
200044,0.15
200045,0.1
200053,0.2
200057,0.02
200061,0.03
200064,0.04
200071,0.24
200084,0.19
200085,0.01
200086,0.21
200093,0.15
200095,0.07
200105,0.02
200111,0.16
200116,0.36
200125,0.42
200126,0.07
200157,0.06
200173,0.13
200181,0.09
200185,0.06
200187,0.01
200193,0.08
200200,0.19
200202,0.04
200206,0.18
200207,0.03
200216,0.01
200229,0.05
200234,0.0
200241,0.18
200244,0.06
200258,0.11
200262,0.06
200268,0.25
200277,0.09
200286,0.07
200293,0.02
200299,0.31
200306,0.19
200335,0.02
200358,0.06
200366,0.02
200367,0.01
200370,0.06
200373,0.21
200374,0.12
200383,0.15
200387,0.06
200390,0.14
200391,0.09
200421,0.04
200437,0.03
200442,0.01
200447,0.01
200460,0.19
200463,0.05
200467,0.23
200487,0.07
200488,0.11
200490,0.13
200493,0.1
200494,0.06
200501,0.07
200506,0.02
200516,0.03
200518,0.05
200520,0.23
200523,0.13
200524,0.11
200525,0.08
200534,0.13
200538,0.1
200552,0.01
200556,0.11
200557,0.16
200567,0.02
200568,0.16
200570,0.04
200572,0.13
200576,0.01
200585,0.04
200587,0.2
200588,0.09
200593,0.05
200594,0.05
200595,0.08
200603,0.45
200615,0.06
200624,0.17
200631,0.38
200632,0.02
200636,0.09
200638,0.04
200641,0.14
200650,0.0
200653,0.1
200657,0.11
200668,0.06
200669,0.1
200670,0.05
200676,0.07
200697,0.0
200710,0.15
200720,0.01
200729,0.01
200749,0.06
200753,0.24
200755,0.03
200756,0.06
200757,0.1
200768,0.22
200776,0.0
200799,0.11
200801,0.02
200810,0.03
200823,0.08
200832,0.34
200836,0.06
200838,0.02
200864,0.22
200867,0.06
200869,0.08
200873,0.11
200876,0.04
200881,0.05
200883,0.05
200890,0.02
200895,0.28
200897,0.0
200899,0.04
200900,0.11
200907,0.03
200912,0.03
200926,0.01
200930,0.14
200971,0.01
200974,0.05
200979,0.02
200998,0.01
201008,0.29
201018,0.31
201026,0.01
201043,0.0
201049,0.01
201050,0.15
201061,0.06
201062,0.04
201072,0.15
201076,0.3
201077,0.1
201081,0.14
201084,0.24
201089,0.02
201092,0.01
201109,0.06
201110,0.09
201116,0.03
201122,0.03
201135,0.18
201143,0.01
201153,0.08
201159,0.14
201165,0.02
201187,0.23
201197,0.06
201218,0.19
201219,0.13
201231,0.05
201234,0.02
201243,0.06
201246,0.11
201254,0.06
201256,0.02
201262,0.46
201263,0.02
201272,0.16
201273,0.03
201281,0.13
201290,0.04
201294,0.07
201296,0.0
201320,0.07
201332,0.03
201342,0.08
201343,0.01
201347,0.05
201350,0.02
201351,0.11
201362,0.22
201363,0.07
201368,0.01
201373,0.04
201375,0.02
201378,0.07
201386,0.11
201387,0.05
201390,0.11
201393,0.16
201409,0.12
201442,0.13
201444,0.05
201447,0.08
201451,0.04
201474,0.09
201481,0.0
201491,0.01
201498,0.1
201499,0.17
201501,0.06
201502,0.03
201516,0.04
201517,0.23
201524,0.03
201526,0.28
201528,0.01
201532,0.04
201543,0.31
201544,0.08
201546,0.17
201552,0.01
201554,0.04
201556,0.1
201557,0.06
201559,0.06
201575,0.25
201592,0.13
201593,0.23
201600,0.12
201630,0.12
201631,0.13
201635,0.12
201638,0.03
201642,0.02
201645,0.02
201660,0.02
201663,0.07
201665,0.02
201674,0.02
201675,0.09
201677,0.11
201688,0.11
201698,0.08
201706,0.09
201709,0.04
201710,0.34
201718,0.07
201720,0.19
201727,0.18
201730,0.02
201732,0.08
201733,0.01
201736,0.04
201738,0.07
201744,0.17
201747,0.1
201751,0.17
201766,0.31
201777,0.02
201778,0.02
201785,0.29
201804,0.03
201808,0.1
201813,0.24
201815,0.05
201820,0.14
201825,0.05
201830,0.01
201838,0.0
201839,0.12
201845,0.07
201849,0.0
201850,0.06
201853,0.05
201856,0.04
201873,0.18
201875,0.04
201906,0.19
201907,0.07
201908,0.02
201909,0.08
201911,0.04
201927,0.03
201928,0.11
201937,0.12
201943,0.11
201946,0.04
201948,0.01
201949,0.13
201955,0.0
201962,0.01
201977,0.05
201996,0.07
201997,0.14
202004,0.01
202005,0.04
202006,0.05
202010,0.02
202020,0.04
202029,0.32
202033,0.1
202034,0.02
202040,0.24
202045,0.0
202048,0.03
202055,0.05
202058,0.03
202062,0.04
202073,0.17
202078,0.1
202079,0.13
202080,0.08
202085,0.11
202090,0.05
202092,0.07
202114,0.08
202124,0.04
202133,0.24
202136,0.09
202150,0.1
202156,0.0
202159,0.05
202165,0.02
202167,0.09
202168,0.06
202169,0.09
202170,0.22
202204,0.01
202209,0.02
202216,0.16
202220,0.11
202228,0.03
202229,0.1
202231,0.11
202232,0.01
202234,0.36
202252,0.15
202253,0.25
202272,0.08
202273,0.07
202292,0.0
202300,0.01
202302,0.1
202311,0.02
202316,0.02
202318,0.16
202324,0.07
202343,0.04
202344,0.06
202349,0.05
202351,0.27
202355,0.0
202379,0.18
202407,0.02
202409,0.19
202410,0.04
202422,0.06
202423,0.27
202435,0.13
202437,0.21
202438,0.19
202439,0.16
202441,0.16
202444,0.03
202446,0.22
202450,0.08
202455,0.04
202457,0.0
202461,0.17
202463,0.07
202473,0.09
202478,0.0
202484,0.23
202490,0.11
202491,0.06
202492,0.36
202497,0.28
202508,0.06
202509,0.12
202510,0.0
202511,0.01
202514,0.04
202524,0.04
202527,0.15
202547,0.12
202554,0.01
202557,0.12
202568,0.3
202573,0.07
202587,0.11
202599,0.01
202610,0.05
202613,0.1
202618,0.26
202621,0.07
202645,0.04
202646,0.02
202649,0.26
202653,0.09
202655,0.08
202656,0.04
202659,0.22
202661,0.07
202681,0.08
202688,0.05
202691,0.07
202692,0.04
202697,0.32
202698,0.16
202717,0.04
202720,0.14
202724,0.36
202725,0.13
202734,0.15
202740,0.02
202743,0.04
202746,0.04
202760,0.0
202761,0.05
202765,0.04
202769,0.02
202785,0.09
202793,0.13
202796,0.07
202805,0.01
202816,0.04
202823,0.18
202825,0.02
202829,0.06
202830,0.21
202848,0.15
202861,0.12
202862,0.1
202863,0.1
202879,0.31
202889,0.0
202894,0.21
202895,0.03
202897,0.0
202899,0.0
202900,0.05
202907,0.06
202927,0.19
202945,0.09
202951,0.08
202955,0.07
202960,0.03
202967,0.12
202972,0.02
202982,0.05
202993,0.01
202996,0.07
202998,0.06
203008,0.05
203026,0.08
203038,0.15
203044,0.1
203054,0.06
203070,0.23
203075,0.09
203082,0.03
203089,0.05
203090,0.02
203098,0.09
203108,0.07
203109,0.0
203113,0.01
203123,0.02
203124,0.0
203128,0.16
203129,0.34
203131,0.25
203142,0.16
203154,0.19
203175,0.05
203176,0.06
203183,0.02
203185,0.02
203195,0.05
203201,0.13
203205,0.19
203218,0.05
203241,0.05
203244,0.16
203245,0.02
203253,0.27
203259,0.02
203264,0.36
203276,0.06
203283,0.15
203286,0.0
203288,0.1
203290,0.03
203298,0.18
203300,0.03
203312,0.12
203318,0.03
203331,0.09
203337,0.01
203339,0.07
203344,0.03
203348,0.06
203349,0.09
203350,0.09
203358,0.08
203366,0.04
203371,0.05
203377,0.13
203399,0.05
203402,0.12
203407,0.2
203410,0.01
203421,0.08
203428,0.1
203431,0.1
203433,0.15
203459,0.09
203460,0.32
203462,0.07
203470,0.07
203475,0.1
203476,0.02
203496,0.26
203518,0.0
203547,0.04
203549,0.05
203550,0.04
203552,0.0
203561,0.23
203564,0.13
203567,0.12
203575,0.04
203590,0.12
203591,0.0
203605,0.09
203606,0.03
203640,0.15
203643,0.48
203647,0.23
203648,0.0
203669,0.05
203671,0.02
203692,0.0
203695,0.16
203706,0.02
203713,0.01
203730,0.16
203736,0.06
203745,0.22
203751,0.11
203753,0.01
203755,0.01
203762,0.09
203769,0.09
203774,0.08
203796,0.06
203799,0.03
203806,0.01
203807,0.11
203810,0.05
203816,0.19
203821,0.17
203822,0.04
203850,0.08
203854,0.01
203862,0.25
203868,0.11
203869,0.01
203870,0.0
203876,0.14
203878,0.08
203889,0.03
203897,0.02
203905,0.13
203914,0.07
203915,0.02
203950,0.05
203956,0.07
203957,0.06
203973,0.2
203975,0.03
203980,0.03
203997,0.09
204001,0.13
204008,0.16
204017,0.1
204020,0.18
204021,0.21
204026,0.02
204027,0.2
204043,0.01
204047,0.02
204055,0.02
204059,0.05
204060,0.03
204061,0.04
204073,0.02
204076,0.15
204086,0.16
204088,0.02
204102,0.2
204116,0.18
204117,0.01
204121,0.11
204129,0.14
204139,0.24
204148,0.0
204149,0.1
204175,0.01
204181,0.1
204183,0.08
204187,0.04
204193,0.25
204194,0.21
204195,0.02
204196,0.05
204202,0.09
204206,0.02
204207,0.13
204214,0.03
204222,0.09
204226,0.01
204227,0.12
204228,0.19
204231,0.11
204232,0.18
204235,0.51
204237,0.03
204239,0.01
204242,0.04
204254,0.03
204255,0.04
204259,0.09
204268,0.17
204280,0.12
204282,0.16
204307,0.03
204314,0.1
204318,0.05
204321,0.06
204330,0.01
204335,0.08
204339,0.29
204344,0.0
204350,0.11
204371,0.02
204372,0.0
204374,0.16
204383,0.07
204392,0.26
204403,0.03
204409,0.02
204416,0.06
204417,0.05
204437,0.15
204440,0.03
204445,0.01
204446,0.04
204449,0.13
204468,0.0
204504,0.0
204506,0.04
204536,0.01
204539,0.25
204601,0.01
204614,0.14
204616,0.29
204618,0.06
204623,0.09
204630,0.1
204636,0.15
204639,0.06
204642,0.05
204644,0.01
204648,0.03
204662,0.06
204673,0.02
204674,0.07
204681,0.0
204682,0.02
204683,0.21
204689,0.25
204690,0.17
204707,0.11
204728,0.09
204736,0.48
204740,0.08
204749,0.04
204756,0.02
204771,0.02
204778,0.09
204808,0.02
204822,0.15
204827,0.42
204831,0.06
204836,0.04
204837,0.04
204843,0.07
204846,0.02
204847,0.0
204850,0.24
204852,0.04
204854,0.16
204856,0.12
204857,0.2
204863,0.1
204870,0.05
204885,0.06
204895,0.03
204905,0.1
204911,0.01
204927,0.09
204929,0.09
204941,0.17
204959,0.3
204962,0.21
204965,0.35
204970,0.17
204971,0.01
204972,0.02
205000,0.15
205011,0.0
205013,0.01
205014,0.37
205019,0.09
205043,0.08
205045,0.12
205054,0.01
205066,0.04
205069,0.16
205070,0.11
205071,0.05
205073,0.03
205077,0.15
205078,0.03
205088,0.09
205104,0.1
205107,0.04
205117,0.06
205118,0.02
205128,0.22
205134,0.04
205140,0.01
205141,0.14
205142,0.02
205153,0.24
205158,0.0
205169,0.06
205170,0.08
205183,0.0
205184,0.05
205197,0.03
205199,0.31
205204,0.02
205208,0.01
205209,0.06
205210,0.1
205216,0.09
205219,0.18
205222,0.03
205225,0.02
205235,0.27
205236,0.05
205241,0.01
205244,0.04
205251,0.3
205252,0.04
205258,0.02
205262,0.06
205264,0.0
205274,0.15
205277,0.11
205281,0.08
205306,0.01
205307,0.04
205323,0.05
205336,0.12
205337,0.3
205360,0.4
205363,0.06
205365,0.01
205367,0.01
205368,0.09
205375,0.01
205403,0.04
205411,0.07
205415,0.01
205429,0.03
205434,0.1
205445,0.06
205463,0.01
205471,0.05
205472,0.13
205479,0.28
205480,0.0
205493,0.03
205503,0.19
205508,0.06
205524,0.31
205525,0.07
205526,0.05
205533,0.01
205542,0.03
205545,0.12
205552,0.0
205561,0.05
205563,0.04
205564,0.02
205565,0.05
205566,0.04
205569,0.08
205579,0.13
205585,0.24
205587,0.0
205588,0.1
205591,0.02
205594,0.18
205600,0.04
205608,0.03
205613,0.03
205618,0.03
205619,0.03
205623,0.03
205627,0.39
205628,0.13
205635,0.01
205638,0.04
205640,0.06
205641,0.36
205642,0.42
205643,0.04
205646,0.12
205655,0.13
205672,0.08
205678,0.04
205681,0.02
205682,0.11
205690,0.01
205693,0.02
205695,0.11
205724,0.05
205738,0.01
205741,0.11
205744,0.02
205750,0.01
205751,0.17
205752,0.03
205766,0.02
205773,0.05
205775,0.08
205776,0.01
205789,0.3
205793,0.07
205797,0.02
205798,0.09
205802,0.0
205806,0.15
205807,0.03
205815,0.05
205819,0.01
205821,0.12
205822,0.1
205831,0.12
205832,0.04
205836,0.03
205843,0.09
205862,0.08
205863,0.11
205866,0.11
205873,0.03
205877,0.07
205879,0.1
205880,0.03
205886,0.14
205898,0.18
205903,0.0
205907,0.16
205908,0.13
205909,0.15
205930,0.02
205931,0.01
205932,0.0
205951,0.03
205957,0.32
205960,0.03
205987,0.02
205994,0.15
205995,0.18
206006,0.03
206007,0.09
206013,0.02
206020,0.12
206030,0.04
206035,0.0
206038,0.0
206039,0.07
206061,0.05
206066,0.02
206068,0.07
206071,0.2
206076,0.17
206077,0.1
206091,0.14
206097,0.09
206101,0.09
206145,0.07
206147,0.02
206163,0.02
206171,0.05
206173,0.13
206174,0.22
206197,0.05
206198,0.05
206209,0.24
206211,0.07
206213,0.09
206246,0.17
206252,0.05
206253,0.19
206254,0.03
206257,0.07
206270,0.08
206283,0.01
206290,0.11
206291,0.02
206292,0.18
206307,0.07
206315,0.04
206319,0.21
206324,0.07
206326,0.25
206338,0.15
206339,0.04
206354,0.11
206359,0.09
206374,0.13
206377,0.04
206395,0.2
206403,0.02
206410,0.11
206413,0.01
206414,0.03
206418,0.05
206424,0.09
206427,0.02
206428,0.08
206429,0.12
206430,0.09
206447,0.01
206451,0.11
206465,0.14
206477,0.13
206484,0.19
206497,0.01
206517,0.12
206533,0.09
206542,0.23
206557,0.03
206563,0.06
206564,0.12
206565,0.06
206582,0.05
206593,0.19
206605,0.28
206606,0.1
206621,0.13
206639,0.05
206640,0.08
206641,0.02
206645,0.24
206656,0.15
206666,0.05
206679,0.08
206681,0.05
206684,0.01
206686,0.02
206687,0.03
206697,0.05
206700,0.0
206702,0.09
206703,0.06
206708,0.07
206710,0.02
206721,0.08
206723,0.18
206735,0.07
206739,0.31
206742,0.03
206744,0.16
206747,0.2
206752,0.0
206774,0.2
206776,0.34
206792,0.09
206799,0.24
206805,0.05
206806,0.2
206809,0.14
206812,0.08
206814,0.0
206830,0.05
206831,0.01
206878,0.23
206905,0.05
206908,0.12
206910,0.05
206917,0.05
206920,0.18
206927,0.04
206933,0.08
206945,0.06
206968,0.0
206987,0.1
206989,0.03
207017,0.23
207027,0.02
207029,0.16
207030,0.23
207035,0.09
207040,0.1
207043,0.17
207054,0.14
207055,0.07
207059,0.09
207060,0.02
207062,0.02
207071,0.04
207073,0.29
207079,0.11
207100,0.1
207107,0.09
207129,0.04
207132,0.21
207139,0.07
207148,0.1
207153,0.05
207163,0.29
207164,0.02
207168,0.05
207171,0.0
207173,0.17
207174,0.02
207181,0.03
207182,0.09
207198,0.07
207201,0.01
207213,0.13
207234,0.1
207238,0.05
207256,0.19
207257,0.09
207264,0.25
207268,0.35
207275,0.03
207291,0.01
207296,0.07
207304,0.13
207308,0.09
207314,0.01
207324,0.01
207332,0.09
207333,0.16
207339,0.09
207349,0.05
207351,0.01
207359,0.18
207361,0.0
207365,0.04
207369,0.06
207372,0.08
207377,0.18
207380,0.02
207394,0.05
207412,0.15
207423,0.06
207426,0.02
207427,0.39
207428,0.06
207430,0.38
207437,0.17
207440,0.17
207455,0.02
207456,0.09
207471,0.2
207476,0.16
207483,0.1
207497,0.13
207506,0.03
207515,0.35
207529,0.08
207533,0.16
207534,0.08
207541,0.06
207560,0.04
207561,0.13
207570,0.05
207600,0.03
207630,0.28
207633,0.33
207634,0.0
207635,0.04
207660,0.08
207682,0.08
207684,0.13
207687,0.06
207706,0.09
207708,0.16
207713,0.04
207714,0.1
207718,0.0
207721,0.02
207724,0.03
207727,0.11
207731,0.05
207732,0.11
207734,0.06
207739,0.16
207744,0.17
207787,0.17
207792,0.03
207801,0.12
207811,0.12
207817,0.02
207818,0.13
207819,0.04
207830,0.13
207834,0.03
207841,0.23
207844,0.21
207849,0.15
207856,0.06
207865,0.05
207867,0.04
207873,0.28
207882,0.15
207887,0.0
207888,0.02
207889,0.01
207907,0.03
207921,0.12
207922,0.01
207928,0.03
207930,0.2
207940,0.1
207941,0.05
207956,0.11
207960,0.07
207961,0.13
207968,0.05
207971,0.09
207972,0.27
207975,0.05
207976,0.1
207979,0.15
207997,0.03
207999,0.35
208008,0.23
208027,0.11
208030,0.01
208033,0.32
208035,0.07
208040,0.12
208052,0.24
208067,0.02
208090,0.11
208100,0.01
208102,0.08
208110,0.14
208117,0.06
208119,0.06
208123,0.06
208127,0.43
208136,0.0
208139,0.0
208140,0.03
208144,0.15
208149,0.03
208156,0.21
208166,0.26
208168,0.02
208170,0.38
208172,0.29
208178,0.3
208193,0.03
208195,0.06
208211,0.07
208213,0.08
208229,0.01
208231,0.14
208235,0.01
208238,0.07
208240,0.08
208249,0.0
208262,0.05
208263,0.04
208270,0.06
208288,0.07
208292,0.05
208302,0.02
208303,0.16
208312,0.07
208317,0.02
208322,0.07
208331,0.17
208336,0.07
208337,0.18
208339,0.12
208346,0.17
208353,0.0
208358,0.04
208359,0.02
208360,0.07
208370,0.08
208373,0.02
208390,0.03
208391,0.22
208394,0.09
208396,0.03
208397,0.07
208398,0.19
208400,0.08
208410,0.06
208420,0.16
208421,0.18
208431,0.38
208450,0.08
208451,0.22
208455,0.14
208478,0.08
208479,0.06
208482,0.08
208502,0.09
208516,0.0
208518,0.03
208534,0.23
208550,0.01
208551,0.06
208566,0.1
208567,0.03
208575,0.09
208576,0.0
208588,0.04
208590,0.07
208595,0.02
208619,0.04
208620,0.13
208627,0.22
208629,0.09
208642,0.02
208645,0.01
208661,0.08
208662,0.06
208679,0.07
208681,0.02
208689,0.11
208696,0.08
208701,0.06
208707,0.13
208719,0.0
208720,0.16
208730,0.11
208748,0.01
208753,0.1
208755,0.12
208769,0.03
208775,0.07
208785,0.0
208796,0.05
208806,0.09
208815,0.13
208830,0.05
208833,0.14
208837,0.0
208842,0.05
208860,0.0
208874,0.05
208886,0.05
208897,0.05
208898,0.07
208905,0.08
208907,0.03
208924,0.12
208925,0.12
208933,0.09
208941,0.06
208948,0.01
208960,0.01
208962,0.03
208963,0.01
208965,0.04
208973,0.05
208974,0.03
208986,0.04
208992,0.04
208995,0.12
209001,0.02
209006,0.12
209012,0.03
209022,0.09
209055,0.36
209056,0.11
209057,0.11
209060,0.07
209067,0.0
209071,0.05
209078,0.0
209080,0.0
209094,0.02
209097,0.02
209098,0.04
209101,0.03
209108,0.05
209109,0.1
209111,0.04
209116,0.16
209117,0.33
209121,0.06
209126,0.02
209127,0.02
209141,0.05
209142,0.08
209159,0.03
209164,0.2
209168,0.32
209177,0.32
209197,0.04
209202,0.02
209209,0.01
209211,0.0
209233,0.11
209234,0.12
209253,0.16
209260,0.06
209263,0.05
209268,0.06
209275,0.07
209288,0.3
209298,0.38
209305,0.07
209326,0.16
209340,0.17
209352,0.17
209362,0.12
209367,0.11
209369,0.03
209377,0.01
209387,0.01
209392,0.02
209393,0.0
209420,0.0
209423,0.16
209457,0.04
209458,0.1
209470,0.33
209479,0.14
209483,0.27
209488,0.3
209489,0.02
209497,0.05
209504,0.12
209510,0.09
209513,0.01
209547,0.04
209549,0.04
209556,0.01
209561,0.11
209565,0.23
209591,0.04
209595,0.08
209596,0.15
209608,0.12
209628,0.08
209643,0.1
209645,0.37
209651,0.01
209659,0.06
209660,0.06
209661,0.16
209665,0.1
209682,0.07
209687,0.22
209689,0.01
209699,0.09
209705,0.15
209707,0.04
209713,0.07
209717,0.12
209718,0.13
209723,0.07
209727,0.12
209729,0.04
209739,0.08
209741,0.11
209744,0.21
209748,0.17
209749,0.13
209758,0.01
209761,0.05
209764,0.1
209772,0.01
209773,0.02
209794,0.05
209795,0.19
209814,0.17
209828,0.06
209838,0.04
209839,0.25
209845,0.29
209855,0.08
209862,0.05
209869,0.09
209872,0.02
209879,0.25
209881,0.02
209882,0.22
209893,0.26
209913,0.18
209918,0.11
209920,0.34
209921,0.09
209929,0.22
209943,0.07
209957,0.02
209960,0.07
209962,0.02
209969,0.11
209980,0.06
209986,0.03
209989,0.09
209990,0.03
209991,0.09
210007,0.04
210016,0.03
210018,0.06
210019,0.09
210020,0.03
210036,0.06
210050,0.02
210080,0.05
210084,0.04
210089,0.23
210104,0.06
210129,0.04
210135,0.03
210137,0.18
210140,0.22
210145,0.03
210146,0.03
210147,0.03
210152,0.02
210157,0.14
210158,0.1
210164,0.13
210170,0.11
210171,0.01
210173,0.21
210174,0.15
210176,0.12
210190,0.05
210191,0.32
210195,0.21
210196,0.06
210201,0.16
210211,0.09
210231,0.01
210239,0.11
210241,0.07
210242,0.03
210255,0.21
210278,0.09
210283,0.04
210284,0.06
210304,0.01
210307,0.06
210330,0.09
210332,0.19
210350,0.1
210379,0.05
210385,0.09
210401,0.07
210405,0.1
210413,0.23
210414,0.2
210415,0.16
210419,0.09
210429,0.05
210467,0.16
210481,0.05
210482,0.05
210492,0.01
210502,0.34
210523,0.01
210525,0.1
210529,0.2
210538,0.0
210543,0.03
210549,0.36
210551,0.05
210555,0.23
210558,0.18
210591,0.13
210597,0.3
210599,0.0
210610,0.0
210616,0.2
210618,0.02
210622,0.23
210639,0.05
210645,0.05
210650,0.03
210672,0.02
210676,0.04
210683,0.23
210697,0.38
210701,0.1
210706,0.05
210712,0.1
210717,0.02
210728,0.08
210729,0.06
210730,0.15
210731,0.03
210733,0.19
210735,0.09
210742,0.03
210748,0.01
210749,0.16
210758,0.1
210767,0.28
210769,0.08
210777,0.07
210789,0.01
210791,0.05
210794,0.04
210811,0.02
210814,0.02
210821,0.14
210833,0.02
210835,0.05
210859,0.07
210862,0.13
210870,0.02
210886,0.0
210893,0.04
210901,0.01
210906,0.29
210913,0.04
210953,0.05
210961,0.22
210962,0.27
210966,0.04
210983,0.06
211000,0.21
211025,0.12
211036,0.04
211043,0.05
211062,0.3
211076,0.08
211085,0.07
211096,0.05
211097,0.19
211098,0.22
211103,0.05
211108,0.13
211131,0.14
211135,0.15
211139,0.07
211146,0.0
211150,0.01
211158,0.07
211170,0.39
211177,0.04
211183,0.24
211187,0.26
211191,0.0
211194,0.11
211196,0.12
211203,0.03
211209,0.21
211210,0.1
211211,0.09
211232,0.28
211244,0.11
211263,0.03
211264,0.12
211270,0.14
211278,0.01
211292,0.13
211293,0.09
211295,0.03
211296,0.14
211308,0.17
211310,0.07
211312,0.18
211325,0.06
211326,0.03
211330,0.02
211333,0.03
211341,0.04
211342,0.03
211350,0.05
211355,0.25
211357,0.26
211358,0.13
211362,0.02
211377,0.02
211378,0.17
211379,0.04
211384,0.23
211395,0.17
211398,0.04
211399,0.07
211417,0.0
211419,0.37
211420,0.14
211439,0.08
211442,0.03
211451,0.0
211457,0.09
211469,0.05
211483,0.1
211505,0.11
211508,0.09
211509,0.34
211510,0.09
211526,0.1
211547,0.12
211548,0.11
211550,0.01
211551,0.12
211553,0.25
211562,0.04
211563,0.1
211564,0.11
211565,0.25
211571,0.28
211572,0.39
211577,0.14
211580,0.06
211609,0.03
211625,0.0
211635,0.28
211646,0.06
211660,0.01
211670,0.04
211672,0.11
211688,0.1
211694,0.07
211696,0.04
211711,0.25
211718,0.03
211732,0.03
211735,0.05
211736,0.09
211740,0.07
211741,0.02
211746,0.04
211751,0.05
211754,0.31
211770,0.03
211771,0.12
211787,0.54
211788,0.11
211802,0.02
211804,0.07
211810,0.13
211832,0.07
211839,0.05
211860,0.12
211863,0.27
211866,0.04
211869,0.09
211872,0.05
211894,0.05
211901,0.1
211902,0.14
211903,0.23
211946,0.02
211950,0.06
211959,0.11
211964,0.1
211965,0.03
211979,0.09
211983,0.11
211986,0.04
211987,0.04
211988,0.1
211999,0.03
212002,0.08
212004,0.06
212009,0.1
212015,0.13
212023,0.03
212048,0.03
212055,0.02
212067,0.16
212079,0.01
212080,0.04
212083,0.04
212085,0.08
212088,0.11
212089,0.02
212092,0.02
212097,0.14
212124,0.03
212132,0.02
212136,0.04
212144,0.02
212145,0.15
212167,0.03
212174,0.15
212175,0.02
212187,0.28
212191,0.05
212194,0.03
212238,0.11
212242,0.05
212245,0.09
212258,0.04
212262,0.11
212277,0.0
212283,0.03
212287,0.06
212288,0.08
212289,0.12
212293,0.09
212296,0.16
212300,0.15
212303,0.33
212326,0.11
212327,0.17
212328,0.02
212329,0.05
212339,0.13
212340,0.07
212343,0.03
212360,0.14
212389,0.07
212401,0.22
212407,0.01
212409,0.13
212422,0.17
212424,0.1
212440,0.02
212441,0.04
212443,0.02
212448,0.07
212472,0.12
212478,0.03
212481,0.08
212493,0.07
212508,0.09
212511,0.02
212525,0.04
212531,0.08
212533,0.04
212555,0.03
212592,0.12
212610,0.02
212621,0.08
212629,0.12
212635,0.1
212636,0.04
212637,0.01
212643,0.1
212648,0.01
212654,0.16
212655,0.28
212660,0.06
212661,0.08
212664,0.0
212669,0.01
212670,0.0
212674,0.13
212676,0.34
212690,0.04
212691,0.1
212696,0.05
212710,0.18
212712,0.01
212716,0.05
212718,0.02
212720,0.13
212723,0.01
212730,0.01
212740,0.09
212747,0.11
212763,0.09
212773,0.02
212775,0.01
212776,0.15
212777,0.16
212781,0.21
212782,0.18
212785,0.02
212786,0.07
212795,0.0
212800,0.14
212818,0.17
212834,0.06
212837,0.13
212841,0.04
212842,0.06
212847,0.19
212848,0.1
212851,0.03
212865,0.0
212866,0.01
212874,0.21
212880,0.03
212894,0.03
212897,0.04
212912,0.01
212913,0.0
212916,0.06
212917,0.01
212933,0.16
212935,0.04
212936,0.07
212950,0.1
212957,0.04
212958,0.25
212961,0.11
212962,0.02
212963,0.1
212964,0.14
212968,0.12
212969,0.04
212976,0.04
212978,0.07
212983,0.26
212993,0.16
213004,0.01
213008,0.03
213014,0.01
213018,0.1
213021,0.03
213024,0.05
213045,0.07
213054,0.06
213059,0.15
213076,0.11
213095,0.03
213096,0.03
213100,0.05
213101,0.09
213109,0.02
213111,0.05
213116,0.0
213133,0.33
213140,0.07
213141,0.06
213143,0.23
213150,0.04
213152,0.01
213158,0.08
213159,0.03
213166,0.03
213167,0.19
213170,0.3
213178,0.13
213179,0.05
213189,0.17
213196,0.14
213201,0.03
213203,0.19
213204,0.03
213205,0.08
213206,0.01
213207,0.18
213208,0.03
213212,0.01
213214,0.04
213220,0.04
213240,0.02
213244,0.03
213263,0.5
213264,0.03
213265,0.02
213270,0.2
213283,0.1
213287,0.06
213292,0.16
213295,0.07
213299,0.22
213303,0.15
213307,0.05
213308,0.02
213312,0.17
213313,0.12
213316,0.01
213317,0.03
213338,0.08
213357,0.05
213368,0.32
213374,0.03
213375,0.06
213386,0.26
213390,0.1
213393,0.01
213401,0.04
213423,0.13
213430,0.06
213431,0.06
213447,0.01
213465,0.09
213468,0.03
213473,0.05
213475,0.1
213476,0.02
213482,0.01
213493,0.09
213531,0.11
213534,0.14
213542,0.07
213546,0.09
213569,0.11
213570,0.08
213588,0.07
213591,0.07
213595,0.05
213597,0.12
213598,0.1
213604,0.09
213622,0.09
213623,0.36
213633,0.01
213639,0.12
213641,0.04
213649,0.06
213671,0.01
213675,0.02
213679,0.12
213680,0.08
213684,0.1
213685,0.0
213689,0.05
213691,0.2
213693,0.08
213712,0.0
213717,0.0
213734,0.07
213739,0.34
213765,0.02
213775,0.12
213776,0.13
213804,0.15
213808,0.02
213818,0.14
213821,0.05
213829,0.11
213836,0.1
213838,0.06
213843,0.06
213854,0.12
213859,0.15
213862,0.38
213874,0.11
213878,0.12
213886,0.01
213888,0.11
213892,0.02
213910,0.03
213921,0.03
213926,0.02
213928,0.1
213935,0.02
213949,0.02
213957,0.07
213959,0.06
213967,0.05
213974,0.05
213975,0.03
213983,0.15
213984,0.0
213998,0.26
214004,0.07
214006,0.07
214008,0.01
214014,0.02
214015,0.05
214034,0.0
214059,0.03
214067,0.01
214077,0.03
214078,0.13
214079,0.15
214085,0.1
214088,0.23
214099,0.03
214138,0.1
214141,0.01
214152,0.18
214154,0.04
214155,0.03
214177,0.14
214188,0.19
214192,0.09
214207,0.07
214217,0.04
214219,0.1
214228,0.09
214229,0.14
214233,0.08
214236,0.21
214242,0.03
214249,0.0
214263,0.11
214264,0.0
214265,0.15
214268,0.1
214281,0.11
214282,0.02
214295,0.04
214311,0.02
214315,0.03
214325,0.0
214334,0.11
214336,0.03
214337,0.07
214342,0.23
214344,0.1
214349,0.02
214355,0.0
214356,0.14
214358,0.04
214363,0.12
214364,0.01
214371,0.08
214377,0.32
214379,0.05
214383,0.04
214406,0.01
214407,0.05
214411,0.12
214415,0.24
214418,0.14
214419,0.12
214421,0.01
214430,0.07
214436,0.04
214463,0.06
214472,0.17
214474,0.12
214476,0.18
214478,0.03
214481,0.08
214484,0.02
214488,0.02
214491,0.05
214505,0.06
214507,0.2
214510,0.09
214518,0.18
214523,0.25
214539,0.06
214542,0.04
214544,0.08
214553,0.12
214554,0.2
214561,0.07
214563,0.11
214566,0.01
214581,0.12
214587,0.07
214588,0.15
214589,0.2
214593,0.24
214620,0.3
214630,0.12
214643,0.04
214644,0.06
214647,0.05
214654,0.1
214657,0.03
214658,0.06
214662,0.05
214666,0.07
214680,0.03
214685,0.07
214693,0.03
214701,0.05
214705,0.03
214706,0.07
214719,0.03
214721,0.46
214724,0.02
214741,0.05
214769,0.09
214777,0.01
214780,0.01
214786,0.06
214789,0.14
214797,0.08
214804,0.05
214808,0.25
214810,0.22
214828,0.32
214830,0.06
214835,0.16
214844,0.07
214859,0.22
214861,0.06
214863,0.03
214887,0.04
214898,0.06
214906,0.07
214913,0.02
214915,0.25
214937,0.05
214944,0.16
214948,0.1
214970,0.05
214976,0.09
214999,0.1
215000,0.34
215016,0.01
215024,0.0
215029,0.29
215033,0.28
215037,0.29
215054,0.11
215057,0.19
215064,0.13
215074,0.07
215077,0.13
215082,0.08
215096,0.04
215101,0.06
215103,0.05
215109,0.06
215124,0.1
215142,0.19
215143,0.12
215145,0.0
215157,0.0
215159,0.02
215161,0.22
215166,0.06
215177,0.1
215186,0.03
215194,0.27
215196,0.1
215204,0.22
215211,0.03
215230,0.24
215241,0.0
215256,0.07
215257,0.12
215266,0.19
215267,0.03
215268,0.04
215278,0.08
215280,0.31
215318,0.14
215326,0.0
215331,0.06
215337,0.02
215344,0.24
215346,0.1
215348,0.13
215351,0.02
215358,0.19
215360,0.04
215367,0.02
215369,0.12
215383,0.02
215395,0.12
215407,0.05
215408,0.04
215412,0.03
215433,0.1
215454,0.14
215463,0.21
215488,0.01
215508,0.14
215512,0.01
215516,0.14
215525,0.11
215531,0.09
215534,0.2
215537,0.0
215539,0.16
215548,0.03
215554,0.04
215556,0.01
215559,0.34
215560,0.02
215563,0.14
215564,0.04
215569,0.02
215574,0.4
215586,0.07
215594,0.13
215608,0.01
215614,0.01
215623,0.16
215628,0.01
215637,0.2
215638,0.08
215649,0.03
215651,0.0
215653,0.14
215678,0.18
215708,0.03
215711,0.11
215733,0.05
215739,0.08
215742,0.05
215756,0.18
215772,0.15
215775,0.12
215791,0.05
215796,0.3
215803,0.02
215805,0.1
215807,0.07
215829,0.03
215855,0.03
215856,0.09
215860,0.09
215861,0.16
215877,0.09
215883,0.2
215889,0.05
215897,0.03
215898,0.01
215901,0.07
215908,0.09
215910,0.47
215911,0.0
215923,0.1
215928,0.07
215934,0.09
215936,0.2
215947,0.04
215951,0.07
215958,0.03
215959,0.05
215963,0.04
215968,0.06
215972,0.07
215976,0.14
215978,0.03
215981,0.16
215999,0.08
216001,0.17
216012,0.03
216020,0.12
216035,0.0
216038,0.12
216041,0.06
216049,0.03
216065,0.01
216096,0.15
216110,0.02
216115,0.2
216121,0.09
216122,0.39
216129,0.06
216131,0.2
216138,0.12
216142,0.06
216143,0.24
216150,0.07
216180,0.03
216184,0.14
216189,0.04
216190,0.1
216197,0.1
216218,0.15
216219,0.07
216221,0.16
216231,0.0
216240,0.16
216272,0.09
216281,0.06
216284,0.04
216290,0.05
216297,0.06
216305,0.05
216306,0.14
216317,0.03
216333,0.04
216338,0.04
216339,0.24
216346,0.01
216349,0.29
216350,0.21
216351,0.03
216353,0.09
216355,0.06
216364,0.12
216387,0.08
216392,0.01
216393,0.31
216399,0.01
216416,0.03
216433,0.01
216435,0.01
216442,0.3
216458,0.07
216461,0.35
216468,0.06
216469,0.05
216471,0.07
216473,0.01
216475,0.09
216496,0.05
216510,0.15
216511,0.07
216515,0.1
216516,0.07
216521,0.07
216532,0.03
216548,0.02
216551,0.33
216560,0.12
216562,0.16
216563,0.08
216565,0.06
216582,0.09
216587,0.05
216589,0.0
216597,0.04
216606,0.05
216607,0.03
216608,0.29
216621,0.01
216622,0.02
216627,0.1
216636,0.08
216647,0.01
216655,0.11
216659,0.09
216666,0.06
216676,0.04
216677,0.12
216679,0.11
216681,0.09
216686,0.02
216687,0.2
216694,0.01
216697,0.09
216714,0.02
216719,0.16
216720,0.06
216721,0.01
216723,0.05
216740,0.08
216746,0.07
216747,0.03
216751,0.0
216758,0.1
216768,0.04
216778,0.12
216786,0.1
216801,0.09
216802,0.24
216807,0.01
216808,0.1
216810,0.04
216818,0.0
216823,0.05
216826,0.06
216827,0.0
216828,0.02
216840,0.47
216844,0.08
216845,0.14
216851,0.14
216857,0.03
216858,0.03
216862,0.02
216874,0.17
216880,0.05
216900,0.0
216902,0.09
216903,0.09
216904,0.03
216931,0.06
216936,0.04
216938,0.1
216952,0.14
216954,0.1
216955,0.0
216961,0.05
216981,0.13
216985,0.03
216992,0.06
216995,0.03
216997,0.0
216998,0.0
216999,0.06
217022,0.08
217034,0.04
217038,0.02
217050,0.07
217055,0.05
217064,0.05
217071,0.02
217078,0.06
217083,0.24
217084,0.0
217086,0.15
217096,0.26
217101,0.2
217109,0.24
217118,0.02
217121,0.22
217125,0.07
217130,0.19
217136,0.04
217137,0.08
217143,0.05
217148,0.05
217155,0.03
217162,0.03
217172,0.12
217174,0.05
217175,0.16
217177,0.02
217178,0.16
217192,0.06
217220,0.03
217221,0.04
217223,0.01
217232,0.14
217243,0.04
217248,0.04
217250,0.09
217271,0.12
217283,0.02
217297,0.15
217323,0.26
217326,0.02
217334,0.1
217338,0.04
217341,0.28
217342,0.18
217355,0.02
217362,0.16
217366,0.08
217367,0.03
217371,0.06
217383,0.07
217401,0.15
217404,0.07
217419,0.09
217422,0.23
217423,0.05
217427,0.03
217429,0.01
217430,0.08
217441,0.04
217444,0.01
217465,0.08
217471,0.04
217488,0.02
217493,0.05
217509,0.11
217510,0.02
217511,0.39
217519,0.02
217522,0.33
217562,0.07
217574,0.01
217577,0.04
217579,0.15
217596,0.03
217602,0.02
217612,0.05
217632,0.06
217635,0.03
217636,0.1
217638,0.12
217639,0.2
217651,0.16
217652,0.01
217663,0.22
217669,0.06
217686,0.05
217699,0.06
217700,0.05
217703,0.1
217706,0.12
217714,0.22
217732,0.01
217736,0.06
217749,0.29
217763,0.0
217770,0.06
217771,0.01
217772,0.06
217776,0.05
217777,0.0
217778,0.18
217782,0.04
217790,0.05
217792,0.0
217793,0.02
217795,0.25
217796,0.01
217800,0.06
217804,0.05
217807,0.01
217846,0.1
217847,0.14
217853,0.0
217856,0.07
217864,0.03
217867,0.07
217868,0.16
217885,0.22
217887,0.05
217889,0.13
217900,0.01
217903,0.03
217905,0.21
217909,0.0
217913,0.0
217944,0.05
217946,0.09
217954,0.04
217956,0.2
217957,0.02
217961,0.38
217962,0.05
217976,0.06
217980,0.1
217981,0.06
218006,0.02
218009,0.03
218032,0.1
218049,0.04
218053,0.05
218078,0.05
218080,0.22
218081,0.05
218094,0.17
218098,0.05
218099,0.23
218100,0.2
218113,0.08
218117,0.1
218118,0.04
218119,0.04
218125,0.02
218133,0.12
218153,0.39
218165,0.02
218166,0.05
218177,0.07
218178,0.08
218202,0.04
218203,0.12
218207,0.2
218209,0.03
218236,0.12
218244,0.02
218247,0.04
218250,0.07
218266,0.08
218275,0.21
218276,0.13
218287,0.06
218292,0.03
218298,0.11
218300,0.0
218320,0.04
218321,0.23
218333,0.02
218347,0.1
218353,0.05
218366,0.05
218368,0.03
218369,0.02
218372,0.13
218376,0.02
218378,0.0
218403,0.16
218413,0.15
218418,0.04
218449,0.17
218450,0.16
218458,0.01
218464,0.09
218475,0.11
218476,0.11
218478,0.14
218515,0.1
218517,0.15
218518,0.06
218538,0.08
218539,0.26
218550,0.24
218551,0.08
218565,0.28
218580,0.0
218591,0.18
218598,0.01
218600,0.1
218602,0.07
218607,0.3
218651,0.12
218652,0.02
218656,0.21
218658,0.08
218669,0.19
218670,0.08
218671,0.05
218677,0.09
218680,0.08
218685,0.13
218686,0.21
218692,0.09
218693,0.05
218699,0.23
218709,0.02
218729,0.16
218734,0.06
218742,0.03
218743,0.04
218756,0.04
218772,0.17
218782,0.03
218786,0.08
218788,0.07
218796,0.1
218801,0.14
218812,0.18
218832,0.3
218834,0.15
218846,0.17
218847,0.15
218848,0.0
218853,0.27
218865,0.14
218870,0.03
218873,0.02
218884,0.04
218893,0.12
218898,0.02
218911,0.19
218933,0.1
218934,0.11
218939,0.04
218948,0.02
218957,0.15
218962,0.33
218973,0.02
218975,0.13
219000,0.0
219001,0.07
219006,0.08
219027,0.09
219036,0.18
219043,0.22
219047,0.08
219057,0.02
219059,0.22
219062,0.0
219074,0.02
219085,0.09
219087,0.1
219095,0.08
219114,0.03
219115,0.0
219119,0.05
219140,0.05
219147,0.02
219170,0.02
219171,0.27
219174,0.19
219177,0.05
219180,0.02
219195,0.03
219203,0.02
219207,0.13
219223,0.18
219229,0.14
219236,0.0
219238,0.04
219243,0.09
219245,0.03
219247,0.18
219273,0.18
219278,0.08
219279,0.1
219284,0.01
219319,0.0
219326,0.14
219336,0.03
219344,0.23
219359,0.18
219360,0.03
219364,0.04
219368,0.12
219376,0.1
219382,0.01
219388,0.04
219396,0.15
219398,0.15
219403,0.04
219405,0.09
219406,0.21
219410,0.09
219424,0.1
219446,0.04
219450,0.06
219451,0.14
219464,0.04
219465,0.01
219469,0.08
219472,0.25
219482,0.02
219506,0.05
219507,0.14
219516,0.16
219521,0.24
219564,0.26
219565,0.0
219568,0.1
219570,0.0
219578,0.07
219579,0.16
219588,0.18
219593,0.05
219594,0.02
219601,0.02
219608,0.13
219616,0.06
219620,0.02
219621,0.02
219628,0.12
219632,0.13
219637,0.09
219670,0.04
219688,0.01
219704,0.03
219717,0.12
219723,0.26
219741,0.03
219772,0.05
219774,0.04
219775,0.1
219778,0.01
219787,0.05
219788,0.09
219806,0.13
219811,0.08
219815,0.02
219817,0.13
219835,0.07
219845,0.03
219848,0.04
219864,0.24
219866,0.06
219868,0.06
219870,0.03
219886,0.03
219908,0.07
219910,0.11
219914,0.15
219925,0.23
219935,0.34
219940,0.13
219959,0.07
219962,0.1
219975,0.0
219981,0.06
219998,0.0
219999,0.24
220006,0.04
220010,0.24
220012,0.01
220014,0.06
220018,0.17
220019,0.13
220021,0.03
220058,0.05
220060,0.21
220061,0.05
220063,0.04
220066,0.16
220070,0.13
220071,0.14
220082,0.06
220094,0.3
220107,0.01
220114,0.05
220120,0.03
220126,0.06
220143,0.04
220147,0.09
220157,0.15
220160,0.06
220169,0.1
220177,0.11
220181,0.04
220186,0.12
220189,0.0
220206,0.22
220221,0.06
220227,0.04
220228,0.13
220248,0.23
220277,0.22
220304,0.27
220311,0.14
220315,0.09
220316,0.04
220323,0.01
220325,0.01
220358,0.02
220363,0.09
220369,0.16
220370,0.12
220380,0.09
220386,0.12
220387,0.04
220393,0.07
220394,0.13
220412,0.16
220415,0.05
220416,0.41
220417,0.3
220418,0.01
220422,0.06
220431,0.09
220439,0.2
220456,0.0
220458,0.04
220468,0.03
220474,0.04
220479,0.05
220494,0.03
220501,0.1
220503,0.01
220511,0.01
220514,0.09
220516,0.27
220521,0.16
220530,0.09
220562,0.06
220565,0.01
220582,0.24
220594,0.02
220600,0.28
220614,0.06
220621,0.15
220624,0.27
220629,0.13
220632,0.12
220639,0.01
220655,0.01
220664,0.04
220670,0.03
220686,0.05
220699,0.04
220714,0.07
220729,0.12
220732,0.14
220733,0.03
220735,0.04
220740,0.01
220741,0.06
220747,0.12
220748,0.09
220749,0.02
220755,0.01
220764,0.03
220767,0.14
220772,0.03
220779,0.13
220781,0.03
220790,0.04
220806,0.19
220811,0.03
220816,0.07
220822,0.0
220827,0.26
220828,0.01
220829,0.04
220832,0.01
220833,0.09
220841,0.17
220842,0.03
220856,0.06
220874,0.16
220881,0.14
220882,0.06
220887,0.01
220893,0.02
220909,0.06
220916,0.04
220917,0.13
220918,0.01
220924,0.0
220931,0.06
220932,0.09
220949,0.02
220950,0.14
220956,0.1
220972,0.0
220994,0.1
221004,0.25
221008,0.14
221011,0.03
221030,0.02
221032,0.01
221035,0.02
221058,0.12
221059,0.08
221075,0.03
221079,0.07
221080,0.07
221107,0.05
221116,0.24
221129,0.19
221148,0.14
221158,0.02
221165,0.09
221169,0.08
221171,0.03
221198,0.07
221202,0.16
221205,0.11
221223,0.06
221227,0.09
221228,0.06
221234,0.03
221242,0.03
221252,0.25
221256,0.17
221260,0.04
221261,0.11
221264,0.16
221267,0.07
221272,0.05
221284,0.05
221292,0.23
221311,0.08
221322,0.08
221327,0.16
221339,0.1
221371,0.08
221372,0.13
221404,0.06
221411,0.09
221438,0.19
221451,0.02
221465,0.08
221477,0.31
221483,0.1
221493,0.15
221495,0.02
221498,0.16
221500,0.15
221506,0.08
221513,0.06
221523,0.07
221528,0.16
221529,0.09
221530,0.0
221531,0.01
221549,0.01
221550,0.03
221565,0.2
221570,0.29
221573,0.02
221575,0.03
221576,0.08
221604,0.12
221615,0.07
221626,0.03
221629,0.17
221630,0.12
221636,0.08
221656,0.03
221659,0.06
221663,0.08
221665,0.17
221675,0.08
221676,0.08
221677,0.08
221679,0.13
221707,0.01
221712,0.19
221717,0.1
221725,0.15
221733,0.07
221741,0.0
221747,0.02
221762,0.1
221763,0.06
221770,0.13
221771,0.04
221787,0.06
221793,0.0
221804,0.05
221805,0.07
221825,0.04
221827,0.14
221828,0.19
221829,0.01
221845,0.05
221859,0.05
221860,0.06
221867,0.22
221868,0.03
221870,0.11
221876,0.19
221884,0.16
221895,0.01
221911,0.01
221921,0.08
221931,0.29
221935,0.07
221955,0.14
221959,0.0
221966,0.03
221974,0.07
221981,0.04
222002,0.38
222010,0.01
222012,0.19
222013,0.2
222023,0.15
222034,0.17
222048,0.17
222052,0.26
222059,0.1
222060,0.1
222061,0.18
222067,0.02
222076,0.1
222081,0.11
222120,0.15
222121,0.03
222133,0.19
222149,0.1
222150,0.08
222153,0.05
222154,0.02
222159,0.06
222165,0.11
222167,0.03
222170,0.08
222178,0.21
222179,0.07
222188,0.05
222189,0.05
222195,0.12
222198,0.19
222224,0.1
222234,0.03
222254,0.02
222256,0.15
222264,0.04
222281,0.12
222296,0.52
222303,0.25
222309,0.04
222310,0.03
222313,0.11
222321,0.12
222322,0.02
222328,0.03
222333,0.03
222334,0.13
222338,0.02
222347,0.03
222349,0.07
222351,0.1
222352,0.03
222357,0.07
222362,0.02
222381,0.17
222392,0.07
222401,0.05
222413,0.07
222422,0.04
222423,0.06
222430,0.14
222432,0.02
222452,0.04
222459,0.0
222473,0.06
222475,0.05
222481,0.13
222482,0.06
222489,0.01
222496,0.03
222505,0.08
222516,0.32
222537,0.02
222555,0.09
222566,0.08
222572,0.08
222577,0.08
222618,0.06
222619,0.03
222624,0.02
222625,0.02
222626,0.05
222629,0.02
222634,0.02
222636,0.2
222637,0.0
222641,0.0
222646,0.14
222648,0.13
222659,0.0
222663,0.03
222665,0.0
222671,0.21
222674,0.01
222675,0.06
222707,0.07
222709,0.06
222711,0.06
222717,0.09
222728,0.11
222752,0.1
222753,0.05
222755,0.0
222765,0.01
222768,0.28
222769,0.27
222783,0.18
222799,0.07
222821,0.04
222825,0.12
222837,0.31
222862,0.1
222863,0.09
222869,0.16
222876,0.08
222892,0.12
222898,0.07
222912,0.06
222920,0.05
222926,0.17
222934,0.17
222938,0.05
222945,0.17
222947,0.0
222966,0.18
222971,0.07
222994,0.01
223008,0.28
223019,0.02
223040,0.2
223042,0.29
223049,0.01
223051,0.04
223056,0.08
223058,0.17
223064,0.01
223067,0.07
223073,0.21
223075,0.02
223078,0.03
223079,0.01
223082,0.12
223098,0.44
223112,0.06
223116,0.06
223121,0.05
223128,0.11
223135,0.07
223136,0.18
223144,0.03
223151,0.12
223157,0.08
223181,0.08
223190,0.04
223197,0.05
223205,0.03
223209,0.06
223221,0.13
223235,0.16
223238,0.01
223244,0.04
223258,0.13
223262,0.1
223272,0.14
223288,0.04
223298,0.09
223310,0.01
223320,0.01
223357,0.23
223365,0.01
223369,0.07
223375,0.29
223384,0.0
223393,0.05
223412,0.0
223428,0.0
223440,0.36
223456,0.27
223470,0.01
223471,0.08
223484,0.08
223488,0.05
223489,0.02
223490,0.06
223492,0.05
223496,0.15
223503,0.05
223507,0.09
223518,0.15
223519,0.11
223521,0.03
223524,0.03
223526,0.03
223527,0.13
223529,0.04
223534,0.02
223538,0.14
223547,0.04
223549,0.04
223551,0.13
223552,0.14
223567,0.07
223571,0.21
223582,0.06
223584,0.05
223585,0.12
223586,0.02
223588,0.03
223592,0.0
223594,0.01
223607,0.11
223608,0.05
223609,0.14
223610,0.04
223611,0.09
223635,0.04
223636,0.01
223638,0.07
223649,0.0
223670,0.2
223688,0.03
223698,0.03
223699,0.28
223716,0.08
223718,0.08
223720,0.01
223727,0.05
223729,0.0
223739,0.1
223740,0.04
223741,0.06
223750,0.0
223752,0.05
223764,0.09
223781,0.0
223783,0.06
223794,0.09
223808,0.02
223810,0.17
223814,0.04
223817,0.02
223830,0.13
223839,0.09
223849,0.13
223851,0.19
223854,0.08
223888,0.2
223914,0.02
223923,0.17
223925,0.06
223939,0.07
223949,0.04
223951,0.2
223952,0.19
223967,0.03
223971,0.34
223974,0.05
223978,0.11
223991,0.15
224008,0.02
224016,0.02
224024,0.01
224039,0.01
224040,0.2
224044,0.11
224047,0.11
224055,0.02
224061,0.26
224065,0.13
224079,0.03
224080,0.07
224089,0.02
224094,0.3
224095,0.19
224109,0.1
224111,0.05
224112,0.1
224134,0.1
224135,0.09
224138,0.06
224139,0.12
224158,0.06
224161,0.07
224171,0.23
224182,0.29
224191,0.05
224194,0.11
224195,0.09
224205,0.07
224206,0.25
224211,0.03
224213,0.03
224214,0.21
224236,0.0
224239,0.31
224241,0.09
224251,0.02
224259,0.23
224262,0.07
224263,0.03
224268,0.06
224270,0.04
224282,0.05
224300,0.04
224315,0.05
224319,0.01
224325,0.02
224337,0.04
224339,0.13
224343,0.0
224344,0.19
224347,0.1
224353,0.08
224363,0.09
224370,0.04
224379,0.07
224380,0.16
224393,0.08
224395,0.11
224407,0.02
224408,0.09
224426,0.0
224427,0.07
224428,0.01
224437,0.47
224444,0.0
224445,0.07
224459,0.06
224473,0.21
224488,0.14
224490,0.28
224493,0.14
224494,0.07
224495,0.03
224499,0.07
224524,0.01
224528,0.06
224538,0.37
224553,0.04
224554,0.04
224575,0.11
224586,0.01
224593,0.02
224599,0.06
224614,0.08
224625,0.02
224626,0.0
224627,0.17
224628,0.04
224631,0.0
224651,0.08
224658,0.03
224664,0.12
224668,0.02
224673,0.21
224674,0.09
224683,0.13
224708,0.39
224748,0.2
224756,0.09
224757,0.09
224760,0.0
224771,0.2
224772,0.06
224797,0.11
224823,0.04
224831,0.12
224841,0.05
224843,0.05
224844,0.11
224849,0.01
224855,0.35
224856,0.09
224864,0.01
224871,0.12
224876,0.19
224889,0.17
224896,0.09
224899,0.04
224912,0.01
224916,0.14
224918,0.24
224925,0.06
224929,0.07
224934,0.14
224950,0.16
224953,0.07
224956,0.04
224958,0.09
224960,0.28
224971,0.17
224975,0.06
224978,0.07
224986,0.03
224987,0.12
224990,0.07
225010,0.08
225041,0.02
225044,0.03
225045,0.08
225048,0.02
225053,0.16
225058,0.01
225075,0.11
225085,0.01
225103,0.03
225107,0.0
225114,0.14
225122,0.13
225130,0.1
225131,0.36
225132,0.03
225134,0.1
225136,0.02
225141,0.03
225145,0.02
225146,0.05
225156,0.07
225158,0.16
225165,0.07
225185,0.01
225194,0.0
225195,0.02
225223,0.02
225224,0.28
225231,0.03
225233,0.03
225246,0.11
225281,0.0
225286,0.11
225301,0.08
225302,0.08
225336,0.12
225347,0.08
225351,0.03
225362,0.1
225363,0.03
225364,0.03
225370,0.03
225374,0.08
225375,0.03
225380,0.09
225381,0.07
225382,0.03
225392,0.15
225410,0.11
225425,0.04
225431,0.06
225456,0.02
225460,0.27
225475,0.13
225478,0.03
225483,0.11
225499,0.08
225514,0.29
225517,0.02
225524,0.25
225532,0.09
225545,0.12
225546,0.18
225550,0.02
225580,0.08
225581,0.29
225582,0.02
225585,0.25
225601,0.08
225612,0.26
225621,0.08
225636,0.09
225639,0.24
225650,0.03
225654,0.07
225664,0.01
225665,0.16
225666,0.08
225686,0.05
225689,0.01
225691,0.02
225721,0.02
225733,0.06
225739,0.06
225741,0.09
225766,0.05
225776,0.29
225788,0.05
225792,0.06
225803,0.04
225804,0.06
225805,0.37
225808,0.02
225819,0.07
225826,0.13
225832,0.07
225850,0.08
225851,0.18
225854,0.02
225858,0.09
225875,0.06
225884,0.01
225890,0.11
225906,0.04
225908,0.14
225910,0.09
225920,0.27
225950,0.31
225990,0.05
225991,0.02
226010,0.1
226011,0.04
226018,0.08
226029,0.03
226030,0.02
226041,0.15
226044,0.06
226051,0.03
226054,0.1
226085,0.14
226105,0.1
226116,0.4
226130,0.09
226131,0.09
226170,0.09
226171,0.07
226176,0.03
226177,0.12
226183,0.07
226187,0.05
226188,0.11
226190,0.17
226206,0.18
226213,0.13
226214,0.17
226226,0.0
226244,0.16
226245,0.02
226251,0.06
226258,0.05
226259,0.03
226265,0.15
226291,0.21
226294,0.05
226299,0.05
226300,0.09
226301,0.16
226302,0.07
226308,0.03
226309,0.1
226318,0.05
226319,0.12
226320,0.05
226325,0.09
226334,0.07
226337,0.32
226348,0.02
226353,0.04
226361,0.0
226387,0.17
226395,0.07
226413,0.01
226416,0.04
226427,0.02
226433,0.07
226447,0.08
226487,0.04
226495,0.2
226496,0.18
226499,0.02
226501,0.27
226505,0.07
226506,0.04
226507,0.04
226516,0.09
226523,0.03
226527,0.06
226533,0.01
226537,0.09
226539,0.0
226551,0.14
226556,0.02
226557,0.04
226561,0.3
226565,0.01
226567,0.01
226590,0.02
226599,0.29
226639,0.1
226654,0.15
226664,0.05
226668,0.11
226677,0.15
226682,0.26
226689,0.12
226691,0.13
226698,0.02
226713,0.02
226720,0.03
226734,0.05
226735,0.11
226738,0.1
226742,0.0
226763,0.03
226766,0.04
226772,0.03
226779,0.2
226780,0.09
226787,0.35
226790,0.15
226792,0.09
226797,0.1
226803,0.06
226807,0.08
226827,0.17
226828,0.03
226836,0.09
226837,0.03
226838,0.11
226847,0.23
226881,0.21
226882,0.04
226884,0.09
226917,0.03
226921,0.12
226933,0.22
226938,0.17
226948,0.04
226952,0.0
226954,0.09
226965,0.04
226970,0.01
226977,0.22
226986,0.06
227005,0.0
227009,0.12
227010,0.03
227013,0.03
227019,0.2
227025,0.03
227026,0.12
227027,0.0
227029,0.07
227049,0.06
227053,0.03
227054,0.09
227058,0.04
227074,0.01
227099,0.04
227100,0.04
227109,0.04
227111,0.06
227112,0.1
227125,0.32
227145,0.07
227148,0.15
227151,0.06
227160,0.17
227165,0.08
227200,0.22
227210,0.05
227213,0.17
227235,0.05
227242,0.06
227245,0.24
227246,0.06
227248,0.07
227251,0.11
227252,0.02
227258,0.01
227264,0.17
227270,0.08
227272,0.04
227274,0.04
227281,0.04
227290,0.17
227293,0.17
227299,0.03
227306,0.11
227323,0.01
227325,0.05
227326,0.13
227332,0.06
227336,0.08
227343,0.04
227344,0.08
227345,0.08
227348,0.18
227360,0.01
227376,0.05
227386,0.13
227392,0.18
227393,0.23
227401,0.1
227404,0.09
227413,0.08
227420,0.16
227459,0.04
227460,0.03
227462,0.08
227463,0.14
227481,0.16
227482,0.01
227485,0.12
227486,0.0
227493,0.04
227500,0.05
227501,0.02
227502,0.04
227506,0.12
227523,0.13
227525,0.1
227531,0.07
227532,0.31
227535,0.0
227542,0.09
227545,0.08
227566,0.05
227578,0.04
227585,0.28
227586,0.1
227587,0.02
227590,0.05
227595,0.28
227596,0.07
227597,0.15
227600,0.16
227621,0.26
227637,0.02
227640,0.3
227649,0.17
227653,0.06
227674,0.08
227675,0.03
227680,0.16
227696,0.02
227701,0.43
227707,0.21
227713,0.18
227715,0.15
227728,0.11
227730,0.02
227731,0.02
227732,0.07
227736,0.25
227739,0.11
227740,0.26
227741,0.28
227742,0.23
227745,0.04
227749,0.31
227752,0.05
227756,0.38
227769,0.09
227779,0.07
227783,0.17
227799,0.07
227803,0.03
227818,0.03
227822,0.05
227823,0.05
227824,0.06
227825,0.0
227826,0.22
227833,0.06
227834,0.21
227837,0.09
227839,0.02
227856,0.02
227872,0.02
227876,0.07
227905,0.45
227908,0.16
227909,0.42
227912,0.04
227917,0.03
227931,0.04
227936,0.12
227939,0.15
227941,0.12
227942,0.13
227944,0.09
227945,0.13
227952,0.11
227954,0.03
227968,0.04
227975,0.05
227989,0.05
227992,0.19
227993,0.03
227996,0.06
227997,0.07
227998,0.04
228040,0.01
228044,0.15
228045,0.06
228046,0.13
228051,0.11
228052,0.11
228053,0.02
228059,0.01
228062,0.05
228070,0.03
228074,0.01
228077,0.11
228078,0.05
228097,0.09
228099,0.2
228100,0.07
228102,0.3
228103,0.05
228104,0.21
228107,0.11
228117,0.26
228123,0.03
228125,0.02
228130,0.02
228134,0.04
228141,0.08
228153,0.27
228163,0.05
228164,0.02
228166,0.03
228168,0.27
228169,0.08
228183,0.19
228198,0.14
228199,0.17
228201,0.02
228207,0.14
228209,0.07
228219,0.02
228239,0.03
228248,0.04
228260,0.1
228268,0.42
228280,0.08
228282,0.09
228288,0.0
228289,0.08
228295,0.01
228296,0.06
228297,0.12
228298,0.04
228299,0.16
228301,0.01
228322,0.11
228324,0.05
228332,0.07
228334,0.05
228342,0.03
228351,0.06
228354,0.04
228355,0.0
228362,0.0
228375,0.05
228383,0.1
228389,0.09
228392,0.1
228411,0.02
228414,0.1
228420,0.01
228424,0.07
228426,0.23
228429,0.13
228447,0.4
228455,0.06
228458,0.1
228467,0.24
228472,0.14
228479,0.01
228482,0.04
228488,0.04
228489,0.35
228499,0.03
228501,0.05
228502,0.01
228503,0.2
228509,0.07
228512,0.18
228514,0.09
228519,0.06
228530,0.03
228534,0.11
228536,0.05
228537,0.02
228538,0.08
228539,0.0
228557,0.18
228591,0.13
228592,0.01
228608,0.14
228609,0.01
228636,0.19
228647,0.08
228656,0.16
228657,0.03
228661,0.15
228663,0.11
228671,0.04
228682,0.13
228697,0.17
228698,0.08
228712,0.06
228713,0.07
228729,0.06
228730,0.06
228737,0.17
228744,0.06
228752,0.12
228761,0.28
228763,0.3
228764,0.01
228770,0.01
228774,0.01
228781,0.1
228792,0.14
228794,0.14
228796,0.0
228799,0.11
228808,0.22
228809,0.11
228810,0.02
228813,0.02
228821,0.36
228826,0.0
228830,0.07
228831,0.1
228835,0.1
228854,0.01
228855,0.08
228863,0.25
228869,0.13
228872,0.12
228885,0.25
228888,0.09
228889,0.14
228890,0.13
228891,0.04
228894,0.17
228902,0.12
228907,0.05
228915,0.14
228918,0.1
228919,0.04
228933,0.04
228946,0.0
228947,0.25
228954,0.0
228956,0.24
228958,0.28
228969,0.04
228973,0.09
228978,0.0
228979,0.39
228988,0.03
228995,0.24
229019,0.11
229037,0.0
229041,0.06
229042,0.05
229046,0.01
229048,0.01
229053,0.12
229064,0.38
229073,0.03
229074,0.04
229077,0.04
229095,0.08
229100,0.18
229103,0.04
229104,0.07
229105,0.01
229107,0.0
229115,0.07
229117,0.3
229118,0.02
229124,0.23
229125,0.0
229130,0.29
229157,0.06
229162,0.0
229185,0.12
229195,0.04
229201,0.22
229202,0.03
229219,0.14
229220,0.01
229223,0.11
229224,0.28
229229,0.05
229233,0.07
229255,0.22
229261,0.07
229262,0.14
229271,0.05
229276,0.07
229277,0.23
229278,0.06
229280,0.03
229298,0.05
229301,0.13
229316,0.07
229325,0.05
229329,0.12
229334,0.01
229336,0.1
229337,0.13
229342,0.0
229349,0.08
229357,0.03
229369,0.07
229374,0.06
229402,0.06
229427,0.06
229452,0.08
229455,0.2
229459,0.35
229462,0.0
229482,0.06
229488,0.0
229496,0.08
229507,0.04
229508,0.0
229531,0.07
229576,0.03
229595,0.14
229602,0.27
229609,0.08
229610,0.23
229614,0.25
229615,0.12
229631,0.03
229632,0.11
229638,0.05
229647,0.15
229651,0.04
229659,0.09
229663,0.03
229671,0.04
229672,0.13
229675,0.01
229684,0.01
229687,0.34
229705,0.03
229711,0.0
229713,0.09
229714,0.0
229731,0.08
229738,0.03
229742,0.15
229745,0.03
229746,0.02
229749,0.13
229765,0.13
229767,0.09
229779,0.24
229782,0.05
229802,0.06
229805,0.15
229810,0.37
229816,0.02
229828,0.13
229838,0.08
229850,0.09
229858,0.08
229860,0.02
229877,0.07
229888,0.03
229894,0.05
229898,0.05
229905,0.07
229912,0.18
229913,0.02
229921,0.24
229923,0.0
229930,0.02
229962,0.08
229963,0.25
229977,0.04
229984,0.07
229998,0.09
230012,0.01
230016,0.32
230020,0.08
230024,0.39
230037,0.03
230038,0.15
230040,0.01
230042,0.06
230044,0.14
230050,0.2
230056,0.14
230067,0.05
230076,0.03
230077,0.22
230084,0.16
230098,0.08
230107,0.09
230116,0.06
230119,0.06
230121,0.08
230122,0.07
230135,0.27
230139,0.06
230179,0.01
230180,0.07
230185,0.05
230192,0.06
230203,0.16
230216,0.12
230226,0.03
230260,0.05
230268,0.22
230289,0.2
230296,0.14
230317,0.01
230328,0.24
230329,0.19
230330,0.05
230332,0.15
230338,0.04
230343,0.06
230344,0.1
230349,0.02
230369,0.09
230379,0.18
230391,0.04
230393,0.43
230394,0.01
230402,0.1
230404,0.24
230416,0.04
230417,0.12
230423,0.22
230427,0.12
230448,0.29
230449,0.04
230451,0.03
230453,0.04
230454,0.01
230457,0.07
230458,0.22
230459,0.14
230461,0.03
230464,0.13
230494,0.01
230517,0.01
230520,0.09
230521,0.12
230534,0.0
230553,0.09
230581,0.11
230585,0.04
230590,0.05
230592,0.06
230605,0.01
230610,0.01
230623,0.04
230628,0.1
230629,0.07
230640,0.03
230641,0.1
230642,0.0
230655,0.07
230656,0.18
230662,0.06
230675,0.21
230677,0.03
230688,0.01
230709,0.32
230716,0.02
230742,0.0
230748,0.14
230763,0.06
230779,0.17
230780,0.16
230781,0.25
230783,0.04
230788,0.28
230789,0.04
230792,0.13
230817,0.06
230820,0.01
230827,0.13
230828,0.06
230860,0.04
230864,0.05
230875,0.1
230878,0.04
230880,0.1
230929,0.04
230931,0.05
230934,0.13
230939,0.09
230940,0.04
230941,0.01
230942,0.23
230982,0.04
231028,0.04
231031,0.11
231039,0.06
231048,0.03
231065,0.08
231076,0.08
231079,0.07
231082,0.08
231086,0.15
231107,0.18
231118,0.14
231127,0.0
231134,0.01
231136,0.03
231137,0.09
231156,0.04
231160,0.25
231175,0.07
231177,0.02
231189,0.13
231191,0.28
231194,0.12
231198,0.04
231203,0.08
231211,0.01
231226,0.03
231245,0.05
231257,0.17
231268,0.05
231279,0.07
231290,0.14
231298,0.11
231299,0.05
231301,0.08
231306,0.05
231312,0.03
231314,0.22
231326,0.38
231343,0.08
231353,0.07
231359,0.22
231364,0.02
231387,0.12
231392,0.05
231409,0.07
231423,0.05
231427,0.01
231429,0.17
231433,0.21
231437,0.03
231448,0.05
231454,0.51
231460,0.02
231480,0.0
231496,0.0
231504,0.06
231513,0.01
231516,0.04
231523,0.06
231529,0.03
231532,0.15
231533,0.07
231542,0.0
231546,0.01
231554,0.05
231556,0.11
231561,0.02
231562,0.14
231563,0.01
231568,0.11
231589,0.05
231598,0.2
231616,0.02
231628,0.07
231637,0.13
231641,0.08
231656,0.15
231679,0.4
231682,0.25
231689,0.03
231690,0.03
231713,0.17
231716,0.06
231726,0.01
231734,0.07
231736,0.0
231742,0.02
231754,0.2
231757,0.04
231758,0.02
231761,0.1
231771,0.0
231773,0.05
231782,0.25
231785,0.35
231786,0.03
231789,0.0
231790,0.19
231791,0.16
231804,0.17
231835,0.02
231837,0.07
231840,0.1
231845,0.23
231863,0.25
231867,0.14
231874,0.08
231877,0.18
231887,0.02
231892,0.01
231899,0.05
231912,0.29
231914,0.06
231924,0.11
231927,0.08
231935,0.04
231938,0.26
231940,0.41
231947,0.03
231954,0.02
231955,0.11
231956,0.06
231969,0.02
231982,0.0
231983,0.01
231984,0.01
231987,0.03
232006,0.08
232012,0.06
232022,0.04
232023,0.09
232028,0.08
232034,0.04
232047,0.06
232050,0.05
232054,0.05
232063,0.14
232066,0.0
232081,0.09
232083,0.16
232094,0.11
232103,0.0
232108,0.02
232110,0.03
232122,0.05
232123,0.07
232132,0.01
232148,0.32
232149,0.01
232152,0.17
232157,0.16
232164,0.05
232170,0.04
232172,0.04
232174,0.12
232177,0.15
232227,0.12
232228,0.03
232237,0.0
232256,0.17
232275,0.19
232278,0.02
232279,0.08
232282,0.12
232285,0.2
232288,0.02
232301,0.17
232303,0.03
232309,0.05
232325,0.23
232329,0.12
232331,0.0
232335,0.1
232370,0.1
232371,0.0
232372,0.02
232390,0.21
232391,0.02
232392,0.06
232410,0.04
232423,0.01
232426,0.2
232428,0.34
232450,0.15
232466,0.19
232478,0.1
232493,0.12
232506,0.04
232516,0.2
232518,0.1
232530,0.11
232534,0.01
232535,0.07
232541,0.01
232547,0.06
232552,0.14
232558,0.08
232559,0.06
232560,0.04
232566,0.08
232570,0.03
232575,0.38
232578,0.03
232590,0.06
232615,0.01
232640,0.36
232643,0.03
232664,0.07
232676,0.0
232699,0.09
232702,0.04
232720,0.08
232733,0.01
232736,0.03
232738,0.01
232752,0.02
232758,0.01
232779,0.12
232784,0.24
232790,0.09
232799,0.1
232823,0.03
232824,0.02
232842,0.03
232849,0.05
232853,0.15
232859,0.02
232862,0.1
232864,0.01
232866,0.18
232869,0.07
232871,0.05
232876,0.11
232881,0.0
232898,0.25
232899,0.06
232914,0.06
232917,0.08
232923,0.0
232925,0.03
232942,0.24
232943,0.12
232965,0.04
232968,0.29
232972,0.05
232980,0.18
232999,0.02
233013,0.09
233021,0.26
233022,0.01
233054,0.22
233059,0.15
233065,0.08
233071,0.05
233074,0.01
233093,0.08
233095,0.28
233102,0.01
233104,0.14
233107,0.04
233108,0.03
233109,0.44
233112,0.18
233113,0.03
233122,0.03
233125,0.09
233126,0.14
233170,0.02
233171,0.08
233172,0.47
233175,0.12
233179,0.05
233189,0.07
233223,0.22
233224,0.01
233228,0.0
233247,0.31
233249,0.27
233263,0.05
233271,0.01
233273,0.03
233301,0.07
233305,0.09
233310,0.09
233311,0.16
233312,0.06
233324,0.01
233326,0.18
233327,0.04
233335,0.09
233349,0.11
233352,0.16
233362,0.05
233373,0.04
233390,0.16
233393,0.18
233400,0.12
233401,0.27
233404,0.14
233405,0.04
233406,0.08
233411,0.02
233421,0.06
233423,0.03
233424,0.04
233427,0.08
233429,0.24
233431,0.02
233432,0.07
233438,0.06
233448,0.09
233450,0.05
233451,0.01
233453,0.02
233480,0.05
233482,0.11
233483,0.11
233489,0.42
233490,0.08
233496,0.31
233497,0.17
233508,0.46
233509,0.23
233512,0.04
233517,0.11
233526,0.22
233528,0.02
233544,0.03
233554,0.23
233566,0.12
233572,0.01
233575,0.01
233578,0.18
233582,0.37
233583,0.11
233589,0.03
233594,0.2
233603,0.14
233627,0.02
233632,0.08
233639,0.01
233651,0.16
233652,0.23
233658,0.02
233675,0.0
233677,0.11
233682,0.09
233688,0.05
233689,0.2
233692,0.1
233697,0.2
233704,0.25
233709,0.23
233711,0.09
233721,0.05
233729,0.06
233734,0.08
233744,0.02
233764,0.15
233775,0.05
233783,0.07
233792,0.08
233796,0.14
233797,0.05
233798,0.11
233810,0.04
233818,0.02
233819,0.07
233830,0.02
233831,0.02
233838,0.0
233852,0.07
233854,0.03
233856,0.02
233858,0.11
233883,0.0
233888,0.04
233889,0.03
233892,0.06
233893,0.02
233894,0.05
233895,0.17
233901,0.03
233927,0.18
233928,0.03
233929,0.18
233960,0.04
233965,0.1
233970,0.12
233975,0.09
233981,0.08
233991,0.28
234012,0.02
234016,0.11
234024,0.01
234025,0.01
234027,0.33
234034,0.14
234035,0.03
234048,0.0
234069,0.05
234077,0.02
234086,0.27
234103,0.1
234110,0.05
234115,0.06
234126,0.02
234135,0.17
234136,0.02
234147,0.01
234151,0.0
234159,0.0
234163,0.02
234174,0.06
234186,0.02
234187,0.06
234192,0.06
234198,0.09
234205,0.13
234215,0.1
234220,0.04
234225,0.04
234227,0.06
234228,0.0
234231,0.18
234232,0.06
234236,0.12
234239,0.06
234240,0.1
234242,0.0
234262,0.17
234267,0.21
234283,0.03
234284,0.0
234286,0.03
234291,0.09
234302,0.25
234303,0.08
234308,0.01
234320,0.05
234326,0.1
234336,0.07
234340,0.08
234362,0.03
234365,0.04
234371,0.13
234373,0.1
234395,0.02
234400,0.08
234404,0.01
234412,0.05
234431,0.05
234433,0.21
234440,0.07
234453,0.09
234454,0.05
234460,0.13
234470,0.2
234473,0.06
234502,0.2
234503,0.08
234507,0.3
234529,0.11
234531,0.04
234543,0.05
234550,0.07
234556,0.02
234560,0.01
234567,0.02
234580,0.08
234582,0.09
234594,0.05
234599,0.07
234604,0.0
234605,0.22
234611,0.02
234617,0.05
234648,0.07
234660,0.02
234661,0.17
234663,0.08
234664,0.08
234670,0.02
234671,0.03
234673,0.06
234687,0.07
234688,0.04
234690,0.13
234694,0.02
234695,0.01
234704,0.15
234705,0.19
234710,0.16
234718,0.16
234719,0.12
234732,0.04
234739,0.08
234755,0.17
234760,0.06
234778,0.11
234781,0.04
234786,0.15
234788,0.07
234789,0.0
234802,0.01
234809,0.55
234814,0.08
234823,0.01
234825,0.04
234829,0.16
234838,0.09
234847,0.16
234876,0.0
234908,0.26
234914,0.07
234917,0.17
234935,0.09
234936,0.06
234941,0.13
234942,0.11
234943,0.11
234946,0.09
234947,0.02
234960,0.13
234967,0.03
234980,0.15
234990,0.29
234996,0.02
234999,0.04
235002,0.09
235021,0.13
235025,0.17
235034,0.07
235037,0.04
235046,0.02
235051,0.04
235052,0.23
235054,0.05
235061,0.04
235066,0.02
235076,0.05
235087,0.03
235089,0.13
235091,0.15
235107,0.07
235118,0.01
235123,0.17
235134,0.05
235137,0.15
235146,0.01
235147,0.05
235153,0.0
235166,0.12
235168,0.11
235183,0.0
235187,0.09
235189,0.12
235202,0.04
235214,0.02
235215,0.04
235216,0.2
235219,0.18
235223,0.09
235231,0.03
235240,0.06
235252,0.0
235253,0.01
235254,0.04
235259,0.21
235270,0.05
235275,0.1
235283,0.07
235291,0.07
235306,0.02
235327,0.04
235337,0.26
235342,0.0
235356,0.07
235357,0.05
235372,0.22
235378,0.1
235386,0.02
235401,0.01
235403,0.03
235423,0.04
235424,0.01
235434,0.16
235435,0.01
235438,0.18
235451,0.06
235452,0.03
235454,0.13
235456,0.02
235459,0.11
235460,0.04
235463,0.09
235491,0.18
235492,0.15
235501,0.06
235505,0.13
235512,0.1
235519,0.1
235549,0.11
235592,0.02
235597,0.08
235601,0.02
235602,0.14
235612,0.15
235617,0.05
235622,0.02
235636,0.1
235641,0.02
235644,0.03
235645,0.07
235651,0.12
235664,0.01
235668,0.3
235677,0.0
235692,0.02
235693,0.0
235698,0.05
235722,0.31
235741,0.01
235743,0.34
235752,0.0
235757,0.05
235766,0.03
235768,0.06
235769,0.08
235775,0.01
235778,0.17
235782,0.29
235791,0.1
235792,0.07
235796,0.12
235797,0.22
235799,0.25
235803,0.08
235804,0.32
235809,0.03
235811,0.18
235812,0.04
235827,0.2
235837,0.01
235839,0.04
235850,0.43
235852,0.07
235854,0.19
235860,0.03
235862,0.02
235869,0.04
235877,0.04
235889,0.06
235890,0.17
235891,0.14
235893,0.06
235900,0.02
235901,0.01
235914,0.06
235915,0.09
235924,0.07
235950,0.04
235968,0.11
235977,0.02
235978,0.06
235980,0.15
235990,0.05
235999,0.1
236002,0.14
236022,0.03
236033,0.08
236034,0.05
236037,0.32
236038,0.05
236039,0.14
236040,0.03
236053,0.22
236064,0.05
236068,0.11
236069,0.14
236094,0.05
236107,0.18
236123,0.07
236143,0.01
236214,0.04
236215,0.11
236221,0.22
236229,0.08
236234,0.06
236236,0.06
236237,0.01
236239,0.19
236266,0.53
236271,0.03
236283,0.03
236286,0.0
236287,0.36
236289,0.02
236293,0.08
236302,0.04
236303,0.2
236313,0.19
236324,0.04
236330,0.08
236332,0.12
236345,0.06
236350,0.04
236352,0.3
236359,0.04
236362,0.07
236373,0.12
236378,0.09
236391,0.03
236395,0.24
236412,0.14
236418,0.11
236421,0.06
236451,0.16
236454,0.0
236457,0.01
236463,0.19
236469,0.11
236476,0.07
236485,0.05
236508,0.15
236509,0.08
236525,0.1
236527,0.03
236529,0.1
236555,0.13
236562,0.29
236568,0.1
236569,0.16
236580,0.03
236581,0.0
236583,0.09
236586,0.06
236594,0.05
236631,0.06
236632,0.18
236634,0.09
236638,0.0
236643,0.04
236648,0.14
236655,0.15
236656,0.1
236657,0.02
236663,0.06
236681,0.0
236683,0.03
236691,0.04
236698,0.06
236713,0.02
236727,0.27
236732,0.05
236733,0.0
236735,0.01
236737,0.03
236749,0.06
236750,0.03
236752,0.03
236765,0.0
236766,0.04
236769,0.08
236771,0.14
236774,0.1
236775,0.05
236790,0.22
236793,0.06
236797,0.34
236798,0.01
236809,0.16
236821,0.05
236831,0.03
236836,0.04
236838,0.0
236849,0.02
236852,0.05
236860,0.1
236862,0.0
236865,0.02
236873,0.07
236885,0.19
236891,0.03
236894,0.05
236904,0.13
236905,0.06
236911,0.09
236939,0.03
236948,0.08
236950,0.02
236957,0.02
236965,0.09
236974,0.17
236975,0.0
236981,0.03
236985,0.02
236995,0.11
237023,0.09
237025,0.01
237038,0.06
237058,0.1
237060,0.06
237078,0.1
237079,0.05
237080,0.17
237084,0.02
237086,0.01
237087,0.01
237091,0.16
237092,0.04
237093,0.05
237094,0.03
237103,0.04
237116,0.07
237118,0.08
237126,0.1
237136,0.03
237144,0.26
237149,0.1
237150,0.06
237157,0.05
237158,0.0
237170,0.09
237171,0.07
237193,0.0
237196,0.09
237200,0.02
237248,0.22
237254,0.12
237256,0.03
237257,0.0
237267,0.16
237268,0.0
237269,0.0
237271,0.0
237280,0.1
237301,0.07
237304,0.17
237308,0.04
237311,0.13
237334,0.1
237338,0.2
237344,0.08
237361,0.03
237362,0.2
237368,0.1
237369,0.06
237371,0.19
237373,0.2
237377,0.03
237378,0.09
237383,0.0
237386,0.0
237392,0.02
237399,0.0
237408,0.11
237411,0.04
237414,0.02
237417,0.16
237424,0.09
237439,0.04
237457,0.04
237458,0.04
237459,0.01
237471,0.05
237474,0.13
237475,0.07
237476,0.07
237490,0.06
237491,0.09
237495,0.13
237501,0.04
237512,0.07
237516,0.05
237518,0.15
237528,0.05
237529,0.04
237537,0.34
237543,0.1
237547,0.02
237552,0.04
237563,0.06
237585,0.0
237598,0.12
237606,0.01
237624,0.24
237632,0.02
237635,0.03
237640,0.02
237642,0.12
237647,0.07
237648,0.19
237651,0.16
237657,0.06
237663,0.19
237692,0.02
237701,0.15
237715,0.1
237726,0.02
237728,0.08
237731,0.03
237732,0.22
237746,0.02
237759,0.02
237768,0.03
237772,0.33
237780,0.28
237787,0.09
237792,0.09
237804,0.1
237812,0.12
237815,0.03
237821,0.09
237827,0.08
237845,0.08
237862,0.05
237869,0.14
237872,0.06
237900,0.38
237909,0.04
237917,0.02
237921,0.02
237951,0.17
237952,0.15
237957,0.0
237960,0.07
237963,0.08
237973,0.0
237984,0.09
237990,0.35
237997,0.14
237998,0.21
238025,0.13
238027,0.01
238052,0.01
238053,0.07
238054,0.11
238065,0.01
238066,0.11
238075,0.11
238082,0.17
238087,0.12
238114,0.08
238117,0.25
238127,0.12
238129,0.19
238133,0.02
238135,0.03
238152,0.07
238157,0.11
238163,0.0
238170,0.02
238176,0.04
238180,0.21
238195,0.03
238198,0.13
238199,0.0
238206,0.23
238218,0.02
238219,0.06
238222,0.12
238224,0.09
238230,0.05
238237,0.16
238238,0.02
238247,0.07
238254,0.12
238256,0.01
238257,0.03
238270,0.18
238278,0.13
238279,0.08
238282,0.03
238286,0.01
238293,0.14
238298,0.04
238299,0.06
238306,0.21
238307,0.02
238308,0.08
238322,0.0
238327,0.04
238328,0.1
238330,0.02
238335,0.02
238347,0.02
238355,0.15
238356,0.24
238361,0.04
238367,0.07
238377,0.02
238413,0.03
238419,0.09
238436,0.04
238437,0.07
238443,0.01
238450,0.0
238452,0.02
238453,0.15
238454,0.28
238457,0.13
238467,0.22
238469,0.03
238470,0.04
238474,0.2
238478,0.14
238480,0.16
238492,0.02
238496,0.09
238500,0.09
238508,0.39
238512,0.01
238520,0.02
238540,0.09
238548,0.06
238549,0.01
238550,0.02
238563,0.02
238586,0.09
238607,0.06
238608,0.02
238615,0.08
238623,0.22
238627,0.0
238630,0.2
238635,0.04
238638,0.1
238642,0.0
238646,0.03
238656,0.04
238665,0.04
238674,0.1
238687,0.0
238702,0.08
238703,0.01
238705,0.05
238712,0.42
238716,0.02
238717,0.08
238718,0.04
238747,0.09
238754,0.09
238767,0.01
238793,0.0
238794,0.31
238796,0.12
238806,0.01
238832,0.06
238833,0.02
238840,0.14
238850,0.01
238853,0.13
238855,0.0
238858,0.03
238867,0.28
238868,0.04
238869,0.21
238873,0.09
238879,0.16
238893,0.17
238903,0.12
238904,0.22
238906,0.05
238928,0.15
238933,0.02
238941,0.03
238945,0.01
238947,0.01
238954,0.03
238963,0.11
238986,0.14
239003,0.26
239018,0.07
239019,0.06
239020,0.22
239021,0.19
239031,0.08
239042,0.13
239051,0.02
239056,0.02
239058,0.01
239075,0.06
239078,0.03
239079,0.08
239081,0.0
239082,0.27
239085,0.07
239100,0.05
239104,0.09
239120,0.04
239123,0.05
239140,0.32
239144,0.04
239145,0.06
239146,0.06
239153,0.05
239155,0.02
239161,0.1
239168,0.3
239177,0.03
239180,0.03
239193,0.03
239199,0.03
239206,0.07
239207,0.05
239209,0.03
239221,0.08
239225,0.02
239227,0.09
239237,0.0
239249,0.05
239273,0.31
239282,0.09
239290,0.2
239298,0.06
239302,0.25
239307,0.22
239309,0.01
239314,0.0
239319,0.12
239328,0.08
239334,0.02
239343,0.07
239344,0.07
239356,0.1
239357,0.16
239428,0.02
239429,0.11
239453,0.0
239471,0.19
239479,0.22
239480,0.09
239485,0.06
239489,0.1
239518,0.17
239522,0.09
239525,0.05
239540,0.11
239567,0.01
239573,0.15
239574,0.09
239578,0.07
239587,0.05
239588,0.07
239597,0.03
239603,0.01
239612,0.21
239616,0.35
239617,0.09
239618,0.29
239631,0.27
239639,0.2
239644,0.08
239672,0.07
239680,0.07
239685,0.02
239687,0.03
239715,0.01
239722,0.19
239733,0.04
239746,0.01
239748,0.01
239760,0.35
239765,0.11
239766,0.19
239774,0.15
239775,0.07
239788,0.21
239795,0.07
239796,0.05
239801,0.11
239808,0.06
239816,0.01
239819,0.03
239825,0.17
239832,0.13
239840,0.0
239845,0.03
239853,0.02
239862,0.02
239867,0.12
239873,0.04
239884,0.04
239920,0.12
239924,0.16
239937,0.03
239938,0.02
239948,0.01
239951,0.08
239952,0.1
239996,0.03
239998,0.2
240013,0.17
240027,0.09
240028,0.1
240036,0.2
240041,0.16
240046,0.01
240063,0.05
240076,0.03
240082,0.08
240086,0.03
240087,0.03
240089,0.18
240090,0.06
240093,0.24
240110,0.16
240111,0.13
240113,0.0
240117,0.0
240118,0.03
240120,0.04
240125,0.1
240130,0.14
240131,0.33
240133,0.06
240138,0.15
240149,0.06
240161,0.05
240177,0.16
240188,0.12
240197,0.08
240204,0.1
240215,0.04
240257,0.13
240266,0.02
240284,0.05
240296,0.13
240300,0.04
240312,0.01
240314,0.15
240320,0.04
240321,0.14
240337,0.02
240339,0.11
240341,0.15
240342,0.05
240346,0.01
240348,0.24
240364,0.12
240378,0.03
240382,0.13
240387,0.07
240404,0.05
240409,0.12
240412,0.05
240413,0.3
240414,0.01
240415,0.01
240416,0.03
240427,0.02
240428,0.04
240438,0.07
240447,0.06
240489,0.29
240494,0.31
240495,0.03
240507,0.02
240526,0.12
240530,0.16
240531,0.04
240554,0.01
240559,0.07
240561,0.08
240577,0.04
240578,0.05
240585,0.0
240587,0.04
240594,0.06
240603,0.07
240615,0.07
240629,0.11
240631,0.01
240637,0.08
240646,0.41
240649,0.19
240657,0.02
240664,0.29
240665,0.31
240668,0.08
240670,0.12
240685,0.32
240689,0.24
240702,0.1
240707,0.05
240709,0.13
240712,0.14
240716,0.02
240717,0.02
240725,0.02
240733,0.02
240742,0.22
240744,0.06
240819,0.05
240820,0.02
240826,0.08
240836,0.25
240839,0.04
240847,0.34
240859,0.19
240866,0.24
240868,0.17
240875,0.08
240878,0.01
240888,0.09
240896,0.17
240897,0.08
240898,0.25
240899,0.28
240900,0.13
240901,0.18
240902,0.01
240903,0.06
240904,0.01
240910,0.12
240916,0.04
240921,0.09
240923,0.05
240929,0.07
240930,0.08
240931,0.03
240932,0.04
240938,0.17
240943,0.04
240948,0.05
240954,0.03
240972,0.01
240992,0.05
240993,0.08
240994,0.11
241018,0.04
241026,0.0
241031,0.19
241052,0.03
241060,0.08
241076,0.08
241113,0.03
241116,0.11
241118,0.04
241121,0.07
241130,0.21
241142,0.0
241146,0.09
241159,0.05
241160,0.03
241161,0.21
241163,0.47
241176,0.01
241187,0.03
241188,0.12
241191,0.13
241192,0.16
241198,0.31
241208,0.35
241210,0.05
241226,0.03
241244,0.14
241252,0.12
241254,0.02
241256,0.09
241264,0.09
241266,0.03
241267,0.05
241274,0.06
241279,0.06
241281,0.12
241284,0.01
241293,0.0
241330,0.02
241333,0.03
241344,0.23
241348,0.1
241359,0.06
241362,0.26
241372,0.01
241377,0.0
241381,0.11
241390,0.04
241395,0.01
241397,0.03
241401,0.02
241402,0.19
241415,0.04
241417,0.06
241426,0.27
241432,0.04
241436,0.01
241444,0.01
241447,0.11
241456,0.04
241457,0.0
241464,0.04
241465,0.13
241469,0.03
241479,0.05
241482,0.19
241488,0.12
241489,0.07
241507,0.14
241509,0.0
241511,0.03
241520,0.0
241523,0.01
241536,0.25
241545,0.14
241574,0.03
241577,0.15
241599,0.15
241608,0.09
241627,0.01
241631,0.03
241640,0.0
241642,0.01
241645,0.13
241647,0.01
241649,0.21
241654,0.33
241655,0.03
241657,0.11
241665,0.04
241671,0.11
241678,0.2
241683,0.04
241686,0.06
241699,0.02
241704,0.24
241706,0.08
241709,0.04
241718,0.04
241723,0.16
241729,0.03
241739,0.16
241741,0.15
241752,0.18
241756,0.07
241763,0.03
241779,0.11
241793,0.05
241797,0.11
241804,0.04
241813,0.04
241816,0.08
241817,0.09
241821,0.0
241838,0.07
241839,0.11
241855,0.15
241857,0.01
241887,0.01
241888,0.03
241899,0.14
241903,0.17
241908,0.2
241914,0.02
241919,0.0
241933,0.03
241943,0.0
241947,0.19
241957,0.19
241960,0.18
241961,0.1
241965,0.15
241971,0.07
241982,0.01
241990,0.01
242011,0.0
242022,0.09
242023,0.22
242025,0.14
242035,0.06
242037,0.09
242043,0.03
242067,0.01
242075,0.05
242077,0.1
242088,0.18
242103,0.02
242125,0.08
242134,0.28
242143,0.08
242144,0.05
242148,0.13
242155,0.09
242163,0.05
242171,0.01
242182,0.12
242185,0.02
242188,0.14
242201,0.28
242203,0.07
242204,0.03
242208,0.18
242210,0.05
242217,0.22
242219,0.05
242222,0.14
242224,0.42
242229,0.13
242231,0.57
242236,0.25
242256,0.16
242264,0.1
242269,0.01
242280,0.29
242281,0.0
242285,0.17
242295,0.04
242302,0.16
242314,0.03
242319,0.16
242332,0.11
242338,0.03
242342,0.29
242343,0.07
242345,0.0
242354,0.0
242361,0.07
242365,0.26
242373,0.09
242378,0.1
242383,0.09
242385,0.18
242389,0.02
242397,0.16
242404,0.36
242406,0.11
242410,0.13
242436,0.05
242439,0.04
242440,0.09
242444,0.02
242445,0.11
242455,0.11
242477,0.09
242479,0.17
242484,0.07
242491,0.1
242492,0.02
242497,0.16
242498,0.01
242499,0.3
242500,0.05
242501,0.14
242502,0.12
242516,0.1
242518,0.11
242523,0.2
242525,0.04
242537,0.01
242549,0.05
242550,0.01
242553,0.0
242554,0.01
242561,0.04
242566,0.26
242567,0.41
242587,0.0
242598,0.03
242609,0.17
242611,0.06
242614,0.12
242617,0.27
242622,0.16
242623,0.05
242629,0.08
242633,0.02
242636,0.19
242637,0.09
242642,0.04
242651,0.04
242655,0.07
242667,0.01
242668,0.01
242670,0.11
242681,0.02
242689,0.04
242690,0.34
242692,0.12
242693,0.15
242699,0.01
242706,0.01
242712,0.06
242714,0.05
242715,0.0
242721,0.13
242725,0.02
242728,0.03
242740,0.0
242741,0.02
242762,0.17
242766,0.06
242772,0.01
242779,0.03
242782,0.1
242795,0.16
242796,0.01
242800,0.02
242810,0.09
242816,0.05
242824,0.16
242829,0.31
242833,0.04
242837,0.09
242851,0.03
242857,0.06
242858,0.11
242860,0.02
242874,0.01
242876,0.08
242877,0.02
242879,0.0
242890,0.15
242897,0.02
242898,0.05
242904,0.01
242916,0.05
242920,0.01
242924,0.34
242930,0.0
242936,0.02
242938,0.0
242951,0.09
242952,0.16
242956,0.0
242970,0.36
242972,0.17
242973,0.05
242975,0.04
242979,0.32
242985,0.03
242989,0.0
242994,0.23
242996,0.32
243004,0.05
243013,0.04
243015,0.06
243017,0.03
243022,0.02
243075,0.22
243077,0.02
243089,0.06
243096,0.14
243099,0.01
243109,0.01
243110,0.01
243111,0.08
243112,0.28
243114,0.11
243124,0.24
243128,0.19
243136,0.09
243143,0.09
243148,0.07
243151,0.05
243152,0.02
243163,0.12
243170,0.07
243173,0.0
243184,0.09
243187,0.05
243193,0.02
243206,0.1
243208,0.0
243236,0.05
243237,0.05
243241,0.03
243244,0.05
243251,0.07
243256,0.01
243257,0.01
243263,0.07
243265,0.02
243276,0.04
243283,0.1
243287,0.03
243289,0.08
243291,0.03
243294,0.04
243299,0.23
243301,0.24
243302,0.04
243310,0.15
243313,0.32
243334,0.12
243335,0.05
243345,0.1
243353,0.03
243369,0.1
243371,0.25
243375,0.2
243383,0.14
243387,0.01
243390,0.16
243398,0.0
243399,0.07
243401,0.04
243412,0.0
243430,0.08
243433,0.06
243440,0.07
243445,0.05
243475,0.14
243481,0.04
243501,0.19
243518,0.17
243528,0.0
243544,0.05
243550,0.02
243555,0.07
243558,0.18
243559,0.27
243569,0.11
243580,0.0
243581,0.03
243590,0.02
243611,0.05
243619,0.02
243643,0.05
243659,0.07
243664,0.09
243665,0.18
243679,0.02
243680,0.14
243681,0.12
243689,0.19
243699,0.25
243700,0.14
243703,0.2
243714,0.47
243734,0.1
243741,0.27
243747,0.16
243757,0.14
243764,0.31
243766,0.04
243770,0.05
243774,0.14
243777,0.01
243778,0.03
243783,0.17
243788,0.13
243801,0.21
243802,0.02
243805,0.3
243821,0.08
243828,0.03
243831,0.05
243838,0.22
243850,0.05
243861,0.13
243871,0.28
243873,0.12
243874,0.21
243875,0.13
243891,0.06
243893,0.18
243900,0.04
243907,0.07
243908,0.36
243916,0.18
243921,0.02
243943,0.02
243958,0.32
243963,0.25
243965,0.09
243968,0.12
243978,0.19
243993,0.02
243996,0.02
244004,0.31
244006,0.08
244045,0.05
244046,0.01
244047,0.0
244049,0.0
244051,0.23
244058,0.16
244093,0.07
244100,0.11
244102,0.17
244104,0.04
244108,0.0
244112,0.19
244114,0.15
244134,0.1
244136,0.08
244140,0.01
244151,0.03
244152,0.21
244164,0.11
244168,0.07
244173,0.0
244176,0.02
244179,0.01
244189,0.18
244201,0.02
244205,0.21
244212,0.13
244216,0.11
244226,0.29
244228,0.12
244238,0.08
244246,0.02
244252,0.03
244257,0.02
244266,0.06
244268,0.14
244280,0.07
244290,0.07
244294,0.29
244295,0.12
244296,0.37
244298,0.2
244307,0.17
244321,0.0
244322,0.25
244324,0.07
244335,0.08
244346,0.13
244364,0.07
244372,0.23
244377,0.08
244387,0.19
244388,0.09
244395,0.08
244396,0.07
244403,0.12
244416,0.18
244417,0.0
244420,0.12
244421,0.13
244428,0.06
244429,0.19
244432,0.1
244456,0.18
244460,0.04
244461,0.04
244464,0.04
244470,0.01
244475,0.14
244484,0.12
244487,0.02
244489,0.1
244498,0.07
244526,0.12
244529,0.38
244534,0.01
244536,0.13
244543,0.26
244545,0.01
244555,0.12
244560,0.2
244562,0.21
244570,0.09
244572,0.19
244574,0.1
244605,0.09
244612,0.1
244624,0.02
244631,0.0
244632,0.36
244643,0.01
244652,0.06
244666,0.01
244671,0.02
244672,0.02
244683,0.12
244690,0.07
244696,0.04
244703,0.1
244710,0.23
244713,0.05
244719,0.0
244724,0.18
244736,0.08
244763,0.19
244764,0.19
244765,0.15
244767,0.12
244772,0.1
244786,0.05
244789,0.14
244794,0.05
244799,0.01
244810,0.01
244815,0.0
244830,0.0
244848,0.17
244852,0.04
244866,0.07
244867,0.06
244874,0.15
244887,0.11
244891,0.09
244897,0.18
244898,0.06
244909,0.14
244910,0.11
244913,0.09
244925,0.08
244928,0.06
244932,0.09
244942,0.02
244943,0.11
244949,0.07
244954,0.03
244971,0.09
244973,0.38
244989,0.19
245001,0.1
245012,0.05
245026,0.23
245030,0.09
245036,0.05
245049,0.33
245057,0.03
245062,0.16
245063,0.1
245074,0.05
245076,0.16
245105,0.07
245106,0.02
245121,0.0
245124,0.05
245129,0.03
245133,0.16
245138,0.14
245150,0.09
245156,0.11
245157,0.05
245168,0.13
245170,0.05
245177,0.02
245178,0.05
245182,0.1
245208,0.18
245219,0.13
245221,0.0
245222,0.06
245224,0.01
245225,0.01
245233,0.08
245234,0.21
245244,0.11
245253,0.52
245260,0.05
245272,0.06
245281,0.08
245296,0.32
245297,0.15
245303,0.06
245309,0.02
245313,0.18
245316,0.01
245328,0.06
245344,0.06
245351,0.03
245357,0.16
245367,0.11
245369,0.35
245376,0.01
245381,0.03
245411,0.25
245426,0.07
245428,0.12
245430,0.23
245437,0.25
245443,0.1
245450,0.04
245452,0.01
245468,0.03
245481,0.0
245486,0.03
245496,0.03
245501,0.13
245502,0.04
245503,0.02
245564,0.27
245567,0.22
245568,0.32
245576,0.35
245577,0.01
245578,0.02
245595,0.03
245598,0.19
245604,0.02
245611,0.02
245615,0.18
245617,0.03
245627,0.14
245659,0.01
245661,0.15
245681,0.02
245687,0.09
245697,0.12
245708,0.07
245713,0.07
245717,0.0
245720,0.08
245721,0.09
245724,0.04
245728,0.01
245738,0.05
245746,0.06
245747,0.09
245748,0.17
245766,0.02
245767,0.15
245784,0.09
245792,0.04
245802,0.2
245804,0.0
245815,0.01
245820,0.16
245830,0.12
245834,0.06
245836,0.06
245844,0.02
245853,0.13
245862,0.02
245863,0.12
245882,0.16
245892,0.06
245906,0.1
245913,0.07
245926,0.05
245932,0.12
245933,0.02
245934,0.1
245939,0.22
245948,0.09
245955,0.07
245957,0.0
245967,0.1
245979,0.15
245980,0.06
245989,0.04
245992,0.01
245994,0.03
246006,0.05
246010,0.07
246017,0.13
246041,0.1
246045,0.05
246053,0.08
246057,0.01
246059,0.13
246061,0.09
246079,0.02
246082,0.01
246089,0.0
246091,0.07
246102,0.12
246127,0.16
246134,0.01
246135,0.12
246138,0.34
246143,0.05
246146,0.1
246148,0.06
246152,0.2
246155,0.07
246164,0.04
246171,0.03
246185,0.06
246192,0.13
246200,0.11
246208,0.03
246210,0.05
246213,0.23
246214,0.14
246229,0.01
246242,0.1
246250,0.1
246258,0.06
246267,0.31
246273,0.02
246287,0.03
246289,0.04
246290,0.17
246302,0.0
246303,0.01
246304,0.09
246312,0.12
246319,0.32
246321,0.08
246335,0.03
246337,0.12
246348,0.07
246358,0.16
246362,0.22
246369,0.01
246374,0.07
246382,0.07
246384,0.06
246386,0.27
246390,0.16
246396,0.07
246400,0.05
246401,0.08
246405,0.03
246415,0.13
246416,0.05
246418,0.32
246422,0.01
246423,0.01
246426,0.26
246429,0.28
246432,0.05
246444,0.06
246448,0.08
246455,0.1
246469,0.02
246482,0.0
246488,0.13
246489,0.1
246491,0.04
246502,0.02
246516,0.03
246524,0.15
246525,0.28
246543,0.09
246550,0.21
246554,0.08
246558,0.05
246559,0.05
246560,0.07
246561,0.04
246562,0.04
246564,0.02
246585,0.28
246615,0.08
246618,0.01
246619,0.04
246621,0.09
246624,0.07
246625,0.0
246627,0.19
246628,0.09
246631,0.07
246633,0.23
246654,0.01
246660,0.16
246665,0.23
246669,0.08
246681,0.0
246700,0.14
246705,0.05
246708,0.09
246711,0.13
246724,0.2
246740,0.02
246744,0.09
246745,0.31
246746,0.03
246748,0.01
246752,0.18
246758,0.17
246762,0.02
246765,0.09
246786,0.04
246798,0.02
246807,0.1
246816,0.14
246820,0.04
246833,0.18
246835,0.38
246836,0.11
246845,0.13
246849,0.08
246857,0.08
246861,0.15
246871,0.0
246872,0.08
246877,0.03
246879,0.04
246894,0.14
246896,0.04
246905,0.09
246907,0.21
246928,0.01
246935,0.02
246939,0.1
246947,0.03
246951,0.01
246956,0.0
246972,0.12
246979,0.08
247003,0.04
247005,0.06
247006,0.13
247008,0.02
247014,0.14
247027,0.0
247032,0.04
247036,0.14
247080,0.05
247083,0.01
247086,0.08
247092,0.19
247098,0.05
247103,0.08
247105,0.03
247108,0.02
247118,0.19
247123,0.1
247129,0.14
247139,0.02
247147,0.09
247153,0.27
247157,0.0
247179,0.05
247190,0.06
247213,0.05
247220,0.07
247234,0.03
247260,0.04
247265,0.06
247269,0.35
247272,0.05
247277,0.24
247278,0.32
247280,0.05
247290,0.1
247296,0.07
247314,0.11
247316,0.1
247328,0.1
247332,0.05
247336,0.31
247340,0.21
247342,0.04
247347,0.12
247350,0.1
247351,0.0
247353,0.14
247354,0.03
247360,0.02
247371,0.1
247378,0.01
247394,0.14
247402,0.03
247406,0.09
247409,0.06
247446,0.0
247453,0.05
247455,0.1
247463,0.03
247484,0.02
247485,0.09
247492,0.04
247497,0.25
247510,0.05
247521,0.22
247527,0.06
247534,0.05
247537,0.02
247558,0.05
247559,0.07
247560,0.1
247567,0.05
247572,0.05
247582,0.02
247583,0.16
247594,0.21
247595,0.02
247597,0.07
247598,0.15
247607,0.11
247619,0.11
247632,0.21
247638,0.2
247639,0.17
247646,0.08
247655,0.02
247660,0.12
247672,0.23
247677,0.02
247682,0.1
247685,0.31
247690,0.04
247701,0.0
247708,0.09
247715,0.02
247734,0.08
247758,0.04
247761,0.03
247763,0.0
247766,0.05
247774,0.02
247775,0.05
247779,0.07
247781,0.07
247783,0.16
247785,0.02
247787,0.07
247793,0.05
247798,0.02
247802,0.23
247805,0.09
247814,0.01
247816,0.09
247834,0.03
247836,0.04
247844,0.13
247849,0.15
247852,0.0
247859,0.03
247861,0.17
247867,0.07
247868,0.02
247883,0.04
247890,0.04
247892,0.4
247896,0.01
247897,0.02
247902,0.39
247904,0.11
247909,0.02
247910,0.0
247911,0.06
247929,0.06
247930,0.01
247935,0.04
247942,0.34
247950,0.01
247951,0.06
247972,0.17
247989,0.01
247993,0.13
247995,0.14
248012,0.01
248018,0.1
248019,0.2
248036,0.0
248037,0.04
248039,0.04
248040,0.11
248043,0.07
248054,0.02
248056,0.06
248068,0.22
248075,0.13
248085,0.04
248087,0.03
248089,0.01
248095,0.02
248105,0.06
248109,0.06
248115,0.05
248131,0.22
248135,0.12
248148,0.21
248154,0.09
248156,0.21
248165,0.06
248169,0.08
248173,0.15
248179,0.1
248187,0.02
248204,0.06
248207,0.25
248210,0.15
248212,0.15
248214,0.04
248229,0.0
248236,0.07
248239,0.04
248240,0.28
248246,0.06
248249,0.08
248261,0.03
248267,0.1
248268,0.07
248272,0.14
248276,0.15
248293,0.03
248303,0.13
248307,0.03
248308,0.38
248327,0.09
248330,0.08
248345,0.04
248355,0.11
248364,0.04
248368,0.15
248373,0.05
248375,0.11
248378,0.13
248390,0.07
248394,0.08
248405,0.01
248409,0.04
248411,0.02
248415,0.1
248416,0.1
248419,0.27
248421,0.05
248422,0.02
248424,0.07
248427,0.0
248429,0.21
248435,0.02
248452,0.06
248461,0.09
248467,0.01
248472,0.17
248473,0.09
248476,0.08
248488,0.2
248489,0.02
248505,0.0
248509,0.32
248510,0.11
248512,0.13
248524,0.33
248526,0.4
248528,0.02
248533,0.05
248546,0.15
248568,0.07
248570,0.06
248579,0.04
248583,0.05
248585,0.05
248586,0.14
248596,0.01
248597,0.13
248601,0.05
248605,0.06
248613,0.02
248618,0.06
248622,0.03
248626,0.01
248627,0.15
248628,0.16
248635,0.09
248636,0.06
248644,0.04
248667,0.22
248675,0.06
248677,0.08
248693,0.05
248694,0.05
248699,0.04
248706,0.25
248726,0.13
248728,0.01
248731,0.14
248736,0.26
248738,0.25
248739,0.04
248744,0.07
248745,0.05
248756,0.0
248760,0.16
248767,0.22
248770,0.01
248772,0.07
248773,0.04
248785,0.06
248789,0.04
248791,0.05
248797,0.04
248826,0.03
248853,0.03
248854,0.02
248856,0.06
248861,0.2
248869,0.28
248871,0.07
248877,0.03
248883,0.1
248891,0.04
248892,0.31
248905,0.09
248910,0.06
248914,0.01
248921,0.16
248931,0.19
248934,0.11
248951,0.02
248954,0.06
248961,0.03
248966,0.03
248968,0.15
248977,0.1
248978,0.06
248986,0.2
249000,0.1
249005,0.01
249025,0.02
249040,0.28
249045,0.1
249056,0.06
249057,0.02
249075,0.09
249084,0.02
249089,0.12
249095,0.23
249101,0.07
249113,0.08
249116,0.1
249118,0.23
249137,0.09
249140,0.12
249149,0.08
249151,0.06
249154,0.06
249155,0.04
249171,0.03
249173,0.14
249190,0.0
249191,0.0
249197,0.04
249205,0.18
249212,0.22
249228,0.03
249235,0.14
249266,0.03
249269,0.01
249277,0.02
249298,0.01
249305,0.12
249310,0.03
249313,0.06
249320,0.08
249321,0.01
249332,0.02
249333,0.15
249339,0.14
249343,0.38
249345,0.24
249347,0.17
249348,0.03
249358,0.01
249370,0.26
249382,0.22
249397,0.02
249398,0.18
249400,0.11
249403,0.27
249412,0.11
249421,0.14
249422,0.06
249426,0.08
249445,0.09
249460,0.1
249465,0.04
249467,0.02
249481,0.29
249495,0.02
249496,0.07
249505,0.08
249507,0.0
249523,0.05
249528,0.04
249532,0.29
249534,0.06
249540,0.04
249542,0.09
249557,0.03
249559,0.26
249578,0.04
249581,0.01
249588,0.22
249595,0.02
249603,0.16
249615,0.04
249630,0.02
249636,0.04
249640,0.09
249648,0.06
249657,0.04
249661,0.03
249664,0.05
249668,0.08
249677,0.16
249681,0.22
249687,0.04
249688,0.11
249695,0.37
249703,0.05
249705,0.09
249718,0.1
249719,0.04
249720,0.04
249726,0.03
249728,0.11
249742,0.15
249764,0.13
249768,0.17
249770,0.05
249774,0.02
249779,0.06
249783,0.03
249801,0.45
249808,0.03
249818,0.03
249820,0.24
249832,0.37
249839,0.06
249843,0.26
249845,0.08
249847,0.14
249878,0.2
249883,0.02
249895,0.11
249898,0.12
249906,0.06
249909,0.01
249913,0.03
249920,0.24
249921,0.0
249928,0.24
249941,0.13
249951,0.0
249955,0.04
250020,0.09
250022,0.05
250026,0.16
250038,0.22
250045,0.2
250048,0.04
250049,0.01
250051,0.13
250056,0.16
250073,0.06
250085,0.0
250088,0.13
250091,0.04
250092,0.19
250093,0.05
250095,0.14
250098,0.18
250105,0.04
250114,0.28
250127,0.21
250134,0.14
250137,0.01
250153,0.11
250156,0.07
250176,0.16
250188,0.03
250189,0.02
250211,0.07
250212,0.11
250217,0.01
250226,0.15
250236,0.41
250237,0.22
250246,0.13
250270,0.03
250276,0.22
250299,0.06
250311,0.01
250312,0.28
250319,0.05
250324,0.07
250331,0.07
250340,0.09
250347,0.01
250354,0.09
250358,0.1
250359,0.03
250361,0.32
250363,0.04
250371,0.18
250377,0.09
250381,0.0
250391,0.02
250415,0.08
250416,0.36
250430,0.34
250431,0.15
250438,0.09
250444,0.17
250453,0.03
250458,0.06
250462,0.26
250469,0.02
250473,0.01
250481,0.16
250498,0.36
250502,0.17
250508,0.13
250514,0.0
250521,0.07
250522,0.23
250530,0.01
250531,0.08
250533,0.0
250539,0.07
250541,0.05
250545,0.13
250557,0.31
250576,0.08
250579,0.0
250585,0.2
250586,0.03
250591,0.25
250592,0.03
250596,0.06
250616,0.03
250617,0.01
250632,0.2
250636,0.06
250640,0.1
250657,0.06
250658,0.22
250661,0.05
250684,0.08
250685,0.01
250691,0.1
250692,0.06
250712,0.0
250713,0.03
250719,0.12
250737,0.25
250749,0.01
250772,0.11
250773,0.14
250774,0.09
250781,0.2
250783,0.02
250810,0.16
250814,0.0
250819,0.03
250831,0.03
250855,0.01
250867,0.14
250878,0.05
250887,0.01
250889,0.0
250890,0.0
250900,0.12
250904,0.13
250909,0.08
250913,0.09
250914,0.05
250915,0.12
250918,0.19
250922,0.27
250925,0.05
250939,0.12
250949,0.04
250956,0.05
250961,0.01
250963,0.12
250965,0.12
250968,0.04
250970,0.06
250981,0.0
250990,0.0
251001,0.24
251002,0.04
251011,0.19
251013,0.0
251021,0.0
251022,0.0
251029,0.05
251046,0.06
251047,0.04
251058,0.05
251063,0.08
251064,0.11
251073,0.33
251083,0.05
251085,0.08
251091,0.21
251096,0.1
251105,0.25
251115,0.14
251123,0.05
251133,0.05
251152,0.16
251165,0.02
251180,0.16
251196,0.26
251197,0.2
251214,0.0
251215,0.27
251217,0.1
251219,0.05
251233,0.04
251234,0.12
251245,0.01
251248,0.22
251255,0.03
251267,0.04
251272,0.05
251276,0.03
251288,0.08
251297,0.03
251298,0.06
251300,0.03
251301,0.03
251302,0.09
251303,0.22
251311,0.05
251314,0.1
251322,0.05
251324,0.14
251333,0.17
251336,0.18
251341,0.04
251346,0.08
251370,0.09
251378,0.16
251396,0.15
251401,0.15
251413,0.0
251422,0.08
251423,0.06
251434,0.09
251436,0.01
251443,0.03
251445,0.1
251455,0.02
251465,0.18
251470,0.17
251475,0.28
251488,0.07
251498,0.07
251504,0.03
251506,0.09
251530,0.14
251534,0.07
251538,0.13
251543,0.03
251557,0.11
251558,0.02
251567,0.01
251575,0.15
251579,0.05
251598,0.08
251599,0.06
251606,0.0
251608,0.17
251620,0.2
251624,0.01
251629,0.06
251631,0.04
251654,0.1
251671,0.01
251677,0.07
251682,0.09
251684,0.19
251689,0.09
251700,0.13
251716,0.01
251719,0.13
251727,0.03
251731,0.21
251732,0.06
251737,0.11
251744,0.04
251750,0.05
251754,0.04
251759,0.02
251761,0.36
251762,0.17
251765,0.03
251768,0.17
251770,0.09
251777,0.01
251786,0.07
251795,0.08
251805,0.1
251833,0.15
251839,0.0
251848,0.37
251851,0.03
251893,0.01
251909,0.03
251918,0.06
251920,0.18
251922,0.24
251923,0.21
251926,0.15
251933,0.01
251938,0.08
251948,0.1
251955,0.1
251956,0.15
251957,0.1
251964,0.18
251965,0.05
251966,0.06
251972,0.03
251980,0.06
252003,0.0
252016,0.12
252028,0.03
252032,0.05
252046,0.01
252054,0.02
252060,0.11
252073,0.0
252088,0.01
252092,0.0
252096,0.18
252113,0.01
252115,0.0
252121,0.0
252133,0.12
252135,0.02
252145,0.02
252151,0.01
252167,0.08
252169,0.15
252175,0.22
252189,0.02
252190,0.19
252191,0.12
252198,0.04
252212,0.07
252223,0.08
252224,0.18
252228,0.23
252253,0.03
252257,0.27
252261,0.14
252265,0.19
252272,0.14
252273,0.13
252286,0.38
252312,0.02
252322,0.14
252326,0.03
252332,0.12
252345,0.2
252348,0.01
252354,0.09
252358,0.19
252364,0.03
252366,0.19
252369,0.12
252374,0.13
252382,0.05
252417,0.25
252425,0.16
252426,0.22
252429,0.06
252434,0.12
252447,0.05
252450,0.02
252452,0.32
252460,0.0
252463,0.09
252465,0.13
252492,0.11
252493,0.28
252518,0.1
252522,0.1
252524,0.03
252531,0.05
252533,0.08
252540,0.16
252543,0.08
252544,0.11
252555,0.06
252558,0.1
252562,0.06
252565,0.21
252568,0.06
252569,0.01
252573,0.07
252582,0.09
252596,0.1
252599,0.0
252603,0.08
252606,0.13
252630,0.03
252636,0.03
252651,0.03
252653,0.0
252679,0.24
252682,0.17
252687,0.1
252713,0.06
252715,0.03
252721,0.28
252726,0.06
252746,0.05
252754,0.03
252760,0.04
252762,0.38
252763,0.01
252764,0.19
252768,0.12
252773,0.06
252774,0.08
252782,0.07
252784,0.04
252797,0.05
252798,0.04
252809,0.04
252819,0.01
252840,0.05
252862,0.02
252863,0.3
252865,0.22
252870,0.06
252880,0.06
252881,0.05
252888,0.1
252889,0.11
252894,0.02
252899,0.2
252911,0.04
252918,0.0
252926,0.07
252929,0.1
252932,0.11
252939,0.01
252940,0.12
252970,0.0
252971,0.03
252980,0.06
252981,0.08
252986,0.02
252990,0.05
253004,0.11
253011,0.03
253015,0.02
253022,0.05
253032,0.06
253044,0.38
253056,0.03
253065,0.06
253066,0.16
253067,0.04
253079,0.01
253088,0.06
253098,0.01
253099,0.23
253112,0.09
253113,0.07
253133,0.11
253149,0.0
253151,0.05
253153,0.07
253160,0.05
253164,0.0
253169,0.1
253177,0.01
253183,0.21
253198,0.17
253206,0.22
253214,0.1
253218,0.01
253224,0.09
253227,0.03
253231,0.06
253247,0.04
253251,0.1
253262,0.12
253264,0.04
253265,0.14
253273,0.26
253275,0.17
253278,0.0
253284,0.16
253298,0.06
253313,0.1
253317,0.0
253322,0.05
253326,0.05
253332,0.34
253338,0.0
253339,0.03
253346,0.01
253348,0.22
253350,0.03
253357,0.09
253363,0.09
253365,0.02
253369,0.07
253373,0.24
253378,0.05
253383,0.26
253392,0.06
253395,0.04
253398,0.07
253410,0.33
253419,0.04
253420,0.11
253421,0.36
253441,0.04
253442,0.07
253446,0.08
253447,0.25
253465,0.12
253488,0.18
253492,0.01
253499,0.57
253500,0.14
253501,0.06
253509,0.02
253521,0.02
253534,0.03
253544,0.0
253555,0.1
253557,0.16
253559,0.02
253583,0.1
253587,0.12
253589,0.11
253591,0.04
253596,0.02
253600,0.02
253605,0.05
253620,0.03
253628,0.03
253631,0.13
253634,0.02
253639,0.02
253641,0.12
253661,0.14
253672,0.02
253679,0.04
253683,0.05
253696,0.09
253706,0.03
253708,0.14
253712,0.04
253717,0.06
253720,0.02
253731,0.04
253734,0.18
253743,0.12
253744,0.05
253748,0.14
253754,0.05
253761,0.1
253787,0.14
253788,0.03
253796,0.32
253826,0.2
253829,0.18
253837,0.15
253841,0.12
253843,0.02
253844,0.26
253845,0.02
253849,0.18
253854,0.02
253861,0.09
253863,0.04
253875,0.07
253891,0.1
253894,0.28
253895,0.32
253918,0.15
253930,0.02
253939,0.08
253940,0.15
253945,0.14
253950,0.01
253951,0.03
253964,0.3
253967,0.13
253975,0.32
253986,0.01
253998,0.14
254017,0.08
254025,0.19
254026,0.1
254031,0.1
254035,0.05
254040,0.22
254042,0.08
254047,0.04
254051,0.33
254056,0.11
254060,0.17
254068,0.06
254073,0.11
254088,0.02
254100,0.05
254110,0.19
254115,0.01
254116,0.35
254125,0.01
254130,0.03
254135,0.04
254149,0.14
254161,0.07
254167,0.13
254176,0.07
254205,0.01
254226,0.04
254228,0.07
254238,0.04
254242,0.07
254257,0.22
254261,0.07
254280,0.04
254295,0.01
254316,0.08
254325,0.22
254326,0.19
254327,0.01
254335,0.09
254342,0.13
254347,0.04
254355,0.12
254358,0.02
254359,0.03
254368,0.0
254376,0.12
254382,0.12
254383,0.04
254390,0.1
254392,0.15
254394,0.04
254400,0.01
254406,0.02
254411,0.09
254421,0.02
254435,0.18
254437,0.0
254440,0.01
254460,0.06
254470,0.07
254471,0.02
254472,0.08
254483,0.34
254493,0.0
254513,0.05
254518,0.12
254520,0.06
254534,0.12
254537,0.26
254562,0.08
254567,0.0
254577,0.14
254578,0.06
254580,0.11
254586,0.04
254591,0.05
254593,0.05
254597,0.41
254599,0.0
254613,0.0
254629,0.03
254631,0.02
254633,0.1
254639,0.08
254642,0.15
254650,0.11
254659,0.01
254662,0.02
254671,0.23
254672,0.04
254674,0.28
254676,0.28
254679,0.01
254701,0.15
254722,0.0
254728,0.03
254742,0.08
254748,0.2
254750,0.01
254751,0.05
254753,0.05
254773,0.07
254783,0.06
254805,0.03
254806,0.2
254810,0.04
254817,0.06
254820,0.04
254829,0.11
254835,0.01
254837,0.06
254843,0.12
254850,0.07
254858,0.05
254861,0.1
254884,0.01
254885,0.27
254890,0.02
254910,0.13
254916,0.33
254917,0.08
254920,0.01
254926,0.01
254928,0.01
254930,0.16
254937,0.29
254940,0.08
254953,0.09
254956,0.0
254969,0.07
254982,0.1
254988,0.04
254998,0.19
255013,0.29
255017,0.03
255018,0.03
255029,0.03
255033,0.38
255035,0.06
255061,0.44
255067,0.0
255068,0.01
255070,0.2
255084,0.04
255096,0.07
255106,0.06
255114,0.08
255117,0.02
255135,0.1
255142,0.2
255143,0.02
255146,0.08
255155,0.07
255156,0.24
255158,0.02
255167,0.09
255172,0.07
255199,0.0
255204,0.0
255206,0.15
255210,0.03
255226,0.06
255230,0.03
255253,0.06
255259,0.12
255260,0.12
255278,0.1
255288,0.0
255312,0.06
255317,0.18
255319,0.12
255320,0.28
255322,0.03
255332,0.3
255337,0.05
255344,0.02
255347,0.11
255348,0.01
255351,0.07
255366,0.22
255371,0.01
255372,0.01
255373,0.24
255377,0.17
255378,0.07
255405,0.12
255408,0.03
255425,0.11
255434,0.15
255441,0.02
255442,0.28
255451,0.06
255486,0.0
255490,0.33
255493,0.03
255501,0.05
255503,0.03
255515,0.05
255522,0.09
255526,0.09
255538,0.22
255541,0.06
255546,0.17
255549,0.03
255557,0.0
255564,0.12
255568,0.01
255572,0.05
255581,0.08
255585,0.02
255586,0.22
255596,0.23
255598,0.09
255600,0.19
255619,0.09
255620,0.0
255623,0.0
255631,0.04
255632,0.21
255633,0.08
255646,0.03
255647,0.19
255649,0.0
255659,0.23
255666,0.01
255669,0.09
255674,0.03
255675,0.06
255678,0.09
255682,0.08
255690,0.08
255691,0.04
255694,0.27
255706,0.04
255717,0.07
255720,0.04
255723,0.09
255724,0.23
255729,0.01
255731,0.07
255733,0.06
255734,0.18
255738,0.11
255760,0.05
255766,0.11
255770,0.08
255772,0.01
255775,0.02
255776,0.04
255786,0.06
255795,0.02
255797,0.34
255810,0.08
255813,0.01
255829,0.09
255830,0.04
255832,0.04
255847,0.04
255853,0.17
255876,0.08
255881,0.04
255883,0.03
255891,0.09
255899,0.01
255900,0.29
255906,0.12
255907,0.11
255911,0.11
255921,0.06
255925,0.27
255930,0.35
255941,0.0
255948,0.03
255969,0.13
255973,0.21
255974,0.09
255976,0.06
255977,0.05
255978,0.01
255981,0.01
255988,0.05
255990,0.12
255992,0.03
255998,0.0
256015,0.09
256016,0.05
256036,0.09
256045,0.01
256050,0.08
256066,0.33
256076,0.13
256080,0.03
256083,0.2
256086,0.04
256103,0.09
256108,0.01
256114,0.09
256115,0.08
256139,0.12
256141,0.01
256146,0.04
256150,0.04
256177,0.1
256179,0.03
256194,0.06
256195,0.0
256200,0.06
256204,0.05
256205,0.13
256213,0.09
256222,0.02
256224,0.09
256235,0.14
256264,0.02
256268,0.08
256276,0.08
256277,0.01
256282,0.02
256285,0.05
256293,0.01
256294,0.1
256296,0.27
256297,0.03
256315,0.02
256317,0.01
256334,0.25
256339,0.01
256342,0.28
256345,0.06
256348,0.16
256350,0.21
256351,0.13
256357,0.11
256375,0.21
256377,0.1
256379,0.11
256392,0.01
256398,0.02
256419,0.04
256422,0.02
256424,0.0
256431,0.04
256432,0.07
256438,0.37
256459,0.04
256460,0.3
256506,0.14
256507,0.06
256511,0.15
256513,0.26
256519,0.2
256533,0.02
256539,0.07
256590,0.01
256606,0.28
256614,0.33
256642,0.17
256644,0.02
256653,0.05
256663,0.06
256666,0.01
256669,0.11
256678,0.18
256685,0.04
256705,0.04
256708,0.01
256713,0.02
256715,0.05
256718,0.07
256745,0.03
256752,0.1
256753,0.0
256754,0.05
256763,0.03
256772,0.08
256773,0.37
256774,0.2
256776,0.26
256783,0.05
256790,0.1
256801,0.18
256802,0.4
256803,0.1
256808,0.04
256809,0.14
256810,0.23
256818,0.22
256824,0.01
256825,0.05
256826,0.0
256829,0.03
256834,0.11
256843,0.32
256866,0.3
256875,0.05
256876,0.05
256887,0.09
256888,0.02
256894,0.05
256909,0.11
256918,0.2
256927,0.19
256931,0.0
256933,0.19
256937,0.15
256950,0.27
256955,0.04
256962,0.09
256972,0.02
256985,0.17
256987,0.1
256993,0.0
257000,0.22
257017,0.0
257019,0.12
257020,0.24
257022,0.02
257023,0.17
257025,0.06
257050,0.02
257056,0.0
257060,0.19
257064,0.25
257066,0.0
257071,0.05
257073,0.02
257076,0.08
257084,0.06
257088,0.07
257102,0.09
257118,0.02
257119,0.14
257120,0.03
257131,0.08
257145,0.12
257150,0.14
257154,0.19
257169,0.12
257192,0.21
257200,0.03
257204,0.02
257205,0.17
257213,0.04
257216,0.06
257219,0.02
257232,0.14
257234,0.03
257244,0.07
257251,0.0
257255,0.06
257260,0.09
257263,0.15
257267,0.12
257277,0.03
257293,0.02
257294,0.11
257304,0.0
257307,0.04
257312,0.12
257324,0.06
257325,0.07
257326,0.1
257353,0.03
257354,0.05
257369,0.05
257372,0.0
257375,0.09
257388,0.2
257393,0.05
257395,0.05
257399,0.11
257406,0.02
257409,0.1
257437,0.03
257441,0.01
257442,0.09
257473,0.02
257476,0.03
257477,0.17
257483,0.26
257500,0.05
257506,0.23
257508,0.09
257511,0.26
257514,0.03
257527,0.4
257528,0.01
257545,0.02
257546,0.05
257548,0.01
257551,0.0
257564,0.04
257565,0.12
257567,0.06
257572,0.02
257575,0.12
257577,0.24
257578,0.03
257585,0.04
257589,0.16
257590,0.13
257594,0.14
257596,0.02
257614,0.15
257618,0.23
257624,0.1
257632,0.0
257638,0.04
257644,0.09
257650,0.08
257653,0.19
257660,0.17
257663,0.09
257665,0.09
257677,0.1
257678,0.03
257690,0.16
257700,0.04
257711,0.19
257712,0.16
257715,0.05
257718,0.0
257720,0.03
257740,0.22
257748,0.19
257765,0.04
257768,0.14
257777,0.05
257778,0.13
257785,0.31
257789,0.06
257794,0.08
257796,0.06
257821,0.06
257823,0.17
257832,0.16
257844,0.33
257848,0.12
257854,0.02
257861,0.26
257872,0.07
257875,0.02
257876,0.16
257883,0.03
257888,0.03
257895,0.01
257900,0.11
257906,0.0
257907,0.09
257920,0.08
257921,0.08
257926,0.02
257932,0.1
257940,0.07
257947,0.17
257953,0.11
257958,0.0
257967,0.17
257977,0.01
257986,0.03
258012,0.21
258013,0.06
258031,0.0
258034,0.0
258037,0.29
258051,0.15
258056,0.02
258058,0.13
258066,0.01
258074,0.03
258077,0.0
258090,0.14
258109,0.06
258114,0.01
258124,0.03
258127,0.16
258141,0.07
258148,0.16
258151,0.15
258163,0.12
258166,0.09
258169,0.02
258179,0.07
258190,0.07
258193,0.08
258207,0.19
258220,0.05
258222,0.05
258223,0.07
258225,0.03
258227,0.02
258231,0.19
258233,0.2
258249,0.0
258255,0.11
258259,0.15
258276,0.06
258281,0.21
258302,0.03
258305,0.17
258310,0.19
258334,0.16
258335,0.1
258338,0.02
258345,0.03
258360,0.0
258363,0.02
258381,0.17
258384,0.06
258387,0.15
258400,0.13
258402,0.03
258406,0.19
258408,0.24
258432,0.02
258443,0.06
258461,0.06
258488,0.1
258489,0.01
258508,0.12
258524,0.03
258527,0.03
258545,0.03
258549,0.02
258560,0.28
258565,0.21
258567,0.12
258575,0.05
258590,0.04
258591,0.06
258592,0.04
258603,0.2
258606,0.03
258610,0.06
258627,0.1
258631,0.01
258637,0.07
258638,0.12
258640,0.13
258645,0.07
258651,0.06
258652,0.22
258653,0.09
258662,0.17
258663,0.04
258671,0.01
258679,0.02
258685,0.06
258686,0.18
258697,0.02
258705,0.26
258723,0.12
258724,0.1
258734,0.03
258763,0.04
258764,0.07
258771,0.05
258773,0.06
258782,0.12
258784,0.0
258790,0.02
258811,0.03
258817,0.1
258818,0.04
258832,0.16
258837,0.22
258841,0.17
258842,0.04
258843,0.05
258860,0.1
258875,0.05
258881,0.06
258887,0.0
258889,0.1
258924,0.08
258925,0.22
258948,0.04
258949,0.02
258963,0.2
258964,0.06
258966,0.31
258973,0.14
258974,0.0
258979,0.07
258989,0.11
258997,0.15
259001,0.08
259013,0.21
259018,0.09
259020,0.3
259031,0.19
259044,0.06
259050,0.34
259064,0.07
259078,0.2
259088,0.19
259124,0.01
259125,0.0
259135,0.01
259137,0.02
259146,0.02
259148,0.26
259168,0.1
259178,0.09
259194,0.01
259198,0.0
259204,0.11
259209,0.07
259223,0.03
259228,0.01
259234,0.19
259237,0.12
259246,0.06
259247,0.01
259249,0.08
259264,0.09
259274,0.05
259281,0.24
259283,0.06
259284,0.07
259285,0.04
259286,0.05
259291,0.11
259304,0.05
259309,0.06
259322,0.04
259323,0.3
259331,0.12
259339,0.06
259344,0.09
259350,0.22
259353,0.06
259356,0.22
259365,0.17
259377,0.15
259397,0.01
259403,0.1
259411,0.03
259415,0.07
259420,0.08
259423,0.12
259424,0.03
259431,0.05
259434,0.23
259438,0.07
259439,0.1
259441,0.03
259452,0.01
259460,0.09
259471,0.05
259483,0.14
259494,0.0
259496,0.1
259500,0.13
259512,0.09
259526,0.02
259528,0.06
259548,0.03
259568,0.11
259593,0.26
259603,0.14
259611,0.03
259620,0.06
259621,0.27
259623,0.1
259633,0.15
259648,0.02
259678,0.0
259691,0.02
259693,0.02
259708,0.23
259720,0.1
259734,0.02
259741,0.16
259749,0.04
259750,0.01
259752,0.08
259755,0.02
259759,0.12
259776,0.02
259779,0.04
259790,0.16
259797,0.01
259799,0.07
259804,0.01
259807,0.08
259810,0.1
259811,0.4
259822,0.01
259833,0.04
259838,0.0
259844,0.33
259846,0.11
259848,0.01
259861,0.13
259867,0.06
259876,0.03
259880,0.06
259897,0.16
259908,0.19
259912,0.03
259920,0.16
259922,0.07
259928,0.07
259932,0.0
259946,0.07
259962,0.1
259982,0.03
259985,0.02
259994,0.17
259996,0.14
260000,0.12
260007,0.24
260018,0.12
260021,0.07
260038,0.04
260051,0.23
260052,0.08
260070,0.11
260074,0.02
260080,0.07
260092,0.03
260097,0.01
260101,0.0
260108,0.02
260117,0.03
260129,0.01
260142,0.04
260145,0.0
260146,0.13
260147,0.03
260148,0.33
260153,0.05
260156,0.03
260171,0.01
260202,0.0
260221,0.04
260222,0.1
260226,0.09
260227,0.14
260247,0.03
260251,0.08
260261,0.0
260264,0.15
260266,0.08
260268,0.19
260289,0.08
260301,0.1
260316,0.03
260348,0.03
260359,0.05
260364,0.1
260391,0.21
260422,0.23
260435,0.13
260438,0.29
260446,0.06
260447,0.13
260458,0.11
260461,0.07
260469,0.18
260471,0.01
260482,0.25
260484,0.09
260487,0.14
260489,0.09
260500,0.17
260508,0.06
260509,0.07
260512,0.12
260525,0.04
260530,0.21
260533,0.07
260538,0.09
260541,0.37
260546,0.08
260551,0.0
260556,0.13
260561,0.0
260566,0.16
260572,0.06
260579,0.15
260582,0.26
260583,0.06
260584,0.09
260586,0.11
260589,0.12
260608,0.07
260632,0.03
260634,0.01
260635,0.31
260645,0.02
260659,0.09
260665,0.04
260673,0.12
260675,0.22
260676,0.08
260700,0.11
260721,0.36
260723,0.17
260732,0.05
260738,0.01
260748,0.07
260782,0.03
260806,0.16
260820,0.04
260825,0.12
260830,0.05
260844,0.06
260858,0.02
260860,0.1
260863,0.08
260867,0.17
260875,0.04
260877,0.27
260902,0.21
260910,0.12
260913,0.02
260923,0.03
260926,0.31
260936,0.0
260937,0.23
260948,0.16
260949,0.13
260959,0.14
260962,0.24
260986,0.22
260988,0.09
260992,0.13
260997,0.02
261007,0.15
261031,0.04
261039,0.19
261044,0.09
261055,0.05
261058,0.07
261069,0.02
261079,0.14
261084,0.07
261097,0.11
261101,0.04
261111,0.11
261115,0.05
261116,0.3
261121,0.05
261124,0.12
261126,0.05
261132,0.04
261161,0.03
261162,0.01
261175,0.18
261187,0.05
261191,0.08
261195,0.02
261197,0.16
261204,0.12
261231,0.07
261248,0.08
261263,0.17
261268,0.28
261273,0.22
261274,0.23
261277,0.35
261283,0.02
261293,0.19
261302,0.32
261309,0.02
261318,0.02
261340,0.12
261346,0.04
261355,0.04
261357,0.04
261365,0.07
261366,0.15
261376,0.04
261380,0.02
261385,0.24
261403,0.11
261416,0.22
261424,0.33
261425,0.1
261431,0.0
261433,0.07
261435,0.06
261440,0.05
261450,0.07
261456,0.37
261464,0.34
261465,0.03
261473,0.01
261475,0.06
261476,0.13
261480,0.03
261481,0.02
261495,0.07
261500,0.04
261506,0.04
261544,0.11
261551,0.03
261566,0.1
261573,0.03
261587,0.09
261592,0.01
261594,0.02
261626,0.02
261635,0.0
261649,0.02
261653,0.05
261660,0.12
261668,0.06
261669,0.04
261676,0.02
261688,0.04
261691,0.09
261699,0.02
261704,0.19
261718,0.22
261719,0.04
261735,0.12
261742,0.02
261746,0.18
261749,0.12
261759,0.08
261763,0.04
261772,0.02
261795,0.08
261798,0.06
261804,0.04
261806,0.08
261813,0.35
261814,0.18
261827,0.01
261835,0.01
261839,0.2
261840,0.08
261845,0.01
261846,0.05
261850,0.04
261853,0.0
261870,0.22
261871,0.03
261883,0.16
261885,0.03
261888,0.09
261892,0.03
261895,0.02
261906,0.13
261912,0.09
261918,0.01
261926,0.03
261930,0.01
261947,0.01
261956,0.06
261958,0.06
261960,0.1
261961,0.44
261965,0.09
261967,0.23
261968,0.01
261974,0.08
261980,0.06
261981,0.18
261983,0.09
261992,0.09
261998,0.07
262002,0.05
262006,0.01
262014,0.01
262017,0.06
262021,0.22
262038,0.16
262040,0.12
262043,0.05
262052,0.12
262054,0.01
262056,0.02
262058,0.03
262062,0.16
262065,0.11
262067,0.05
262070,0.02
262078,0.03
262084,0.14
262091,0.4
262092,0.12
262112,0.15
262114,0.05
262132,0.06
262140,0.27
262152,0.15
262159,0.01
262172,0.19
262180,0.08
262181,0.03
262188,0.5
262202,0.06
262206,0.05
262213,0.08
262227,0.13
262239,0.18
262243,0.04
262246,0.01
262251,0.05
262269,0.01
262272,0.08
262276,0.13
262277,0.07
262278,0.08
262281,0.04
262298,0.06
262308,0.01
262316,0.01
262320,0.04
262321,0.47
262337,0.1
262354,0.36
262362,0.07
262364,0.02
262365,0.01
262372,0.03
262373,0.22
262380,0.18
262392,0.08
262399,0.07
262407,0.25
262418,0.2
262429,0.19
262430,0.03
262446,0.08
262455,0.02
262459,0.14
262475,0.03
262478,0.11
262492,0.09
262520,0.04
262535,0.13
262537,0.03
262538,0.17
262541,0.01
262554,0.18
262559,0.09
262561,0.04
262562,0.0
262575,0.3
262576,0.06
262579,0.07
262581,0.32
262590,0.06
262599,0.05
262607,0.03
262608,0.16
262613,0.13
262620,0.07
262621,0.49
262622,0.03
262623,0.04
262629,0.02
262633,0.06
262650,0.07
262655,0.07
262659,0.03
262660,0.09
262663,0.07
262665,0.06
262666,0.06
262679,0.07
262681,0.15
262702,0.12
262705,0.04
262716,0.05
262725,0.11
262732,0.06
262743,0.08
262749,0.28
262752,0.08
262756,0.1
262758,0.12
262772,0.18
262784,0.05
262791,0.11
262793,0.23
262802,0.18
262814,0.24
262817,0.11
262820,0.03
262827,0.12
262832,0.02
262845,0.02
262847,0.02
262859,0.15
262862,0.1
262864,0.03
262865,0.06
262887,0.0
262914,0.06
262939,0.16
262943,0.21
262958,0.21
262963,0.09
262970,0.04
262979,0.23
262986,0.11
263004,0.08
263015,0.06
263016,0.06
263028,0.1
263029,0.13
263031,0.14
263044,0.08
263046,0.2
263056,0.11
263059,0.09
263061,0.14
263077,0.06
263087,0.05
263105,0.11
263116,0.24
263120,0.14
263127,0.46
263137,0.1
263166,0.03
263175,0.13
263184,0.1
263185,0.01
263205,0.05
263208,0.02
263210,0.34
263220,0.07
263224,0.1
263228,0.04
263240,0.07
263243,0.2
263288,0.07
263290,0.06
263306,0.05
263312,0.11
263319,0.12
263326,0.02
263331,0.04
263339,0.08
263347,0.0
263353,0.0
263355,0.33
263368,0.36
263408,0.17
263414,0.07
263421,0.01
263440,0.08
263458,0.0
263460,0.03
263475,0.11
263477,0.06
263479,0.1
263489,0.05
263492,0.14
263493,0.21
263498,0.13
263510,0.05
263513,0.05
263514,0.02
263517,0.05
263518,0.0
263548,0.0
263561,0.11
263564,0.05
263565,0.1
263576,0.02
263580,0.29
263582,0.0
263584,0.01
263593,0.38
263594,0.1
263598,0.06
263602,0.11
263611,0.07
263640,0.28
263642,0.1
263643,0.04
263646,0.05
263658,0.13
263664,0.01
263683,0.0
263703,0.09
263705,0.06
263709,0.04
263715,0.01
263728,0.24
263732,0.1
263735,0.06
263748,0.11
263750,0.13
263751,0.06
263759,0.14
263763,0.02
263765,0.0
263780,0.06
263783,0.1
263786,0.19
263794,0.14
263799,0.01
263802,0.04
263803,0.1
263820,0.11
263846,0.22
263857,0.01
263858,0.05
263860,0.27
263864,0.11
263870,0.01
263879,0.06
263881,0.09
263882,0.02
263895,0.04
263909,0.37
263918,0.11
263940,0.08
263945,0.0
263946,0.16
263947,0.03
263948,0.1
263962,0.22
263972,0.2
263974,0.02
263981,0.03
263984,0.12
263992,0.4
264001,0.05
264007,0.1
264010,0.03
264011,0.33
264015,0.08
264023,0.13
264030,0.08
264033,0.03
264037,0.13
264043,0.02
264044,0.09
264045,0.16
264050,0.02
264055,0.03
264059,0.11
264060,0.19
264062,0.09
264069,0.13
264077,0.01
264078,0.01
264087,0.03
264094,0.13
264095,0.21
264112,0.07
264113,0.2
264131,0.02
264145,0.08
264148,0.03
264157,0.12
264161,0.02
264173,0.16
264188,0.05
264195,0.1
264198,0.06
264199,0.02
264207,0.12
264209,0.02
264226,0.01
264227,0.05
264243,0.19
264246,0.31
264252,0.02
264254,0.18
264259,0.0
264274,0.01
264280,0.32
264285,0.04
264299,0.07
264331,0.08
264334,0.0
264338,0.03
264341,0.08
264344,0.11
264347,0.3
264350,0.08
264360,0.07
264365,0.03
264367,0.01
264378,0.05
264381,0.14
264397,0.04
264401,0.11
264405,0.04
264417,0.08
264422,0.02
264423,0.08
264424,0.11
264436,0.34
264441,0.04
264451,0.04
264453,0.05
264457,0.0
264460,0.11
264464,0.04
264469,0.14
264485,0.04
264491,0.09
264505,0.0
264535,0.06
264538,0.06
264541,0.01
264544,0.14
264545,0.09
264549,0.07
264557,0.22
264563,0.09
264569,0.04
264574,0.29
264587,0.21
264608,0.11
264610,0.29
264621,0.0
264627,0.28
264642,0.11
264644,0.01
264655,0.0
264660,0.15
264667,0.07
264691,0.04
264694,0.21
264695,0.0
264700,0.01
264709,0.0
264712,0.0
264714,0.1
264722,0.0
264728,0.05
264742,0.17
264744,0.13
264748,0.04
264760,0.05
264763,0.2
264771,0.15
264773,0.04
264782,0.43
264786,0.03
264787,0.03
264809,0.0
264811,0.01
264822,0.07
264823,0.22
264831,0.02
264834,0.04
264841,0.0
264848,0.19
264849,0.18
264863,0.24
264867,0.01
264874,0.12
264875,0.04
264877,0.04
264897,0.03
264900,0.07
264906,0.01
264909,0.12
264913,0.0
264922,0.05
264924,0.1
264927,0.11
264935,0.04
264938,0.32
264968,0.19
264975,0.19
264979,0.06
264989,0.06
265001,0.05
265009,0.03
265014,0.15
265016,0.06
265027,0.12
265049,0.0
265061,0.25
265062,0.01
265068,0.0
265072,0.07
265100,0.02
265105,0.09
265106,0.03
265110,0.0
265123,0.01
265126,0.24
265131,0.14
265134,0.09
265144,0.04
265146,0.15
265154,0.12
265164,0.25
265170,0.04
265172,0.06
265173,0.01
265178,0.04
265187,0.1
265191,0.11
265194,0.34
265216,0.07
265228,0.03
265231,0.01
265232,0.03
265233,0.16
265242,0.26
265243,0.1
265246,0.02
265259,0.06
265265,0.42
265266,0.02
265268,0.13
265280,0.0
265287,0.0
265297,0.02
265298,0.12
265300,0.04
265301,0.11
265305,0.25
265307,0.05
265314,0.11
265320,0.02
265331,0.02
265333,0.25
265336,0.0
265337,0.04
265344,0.08
265346,0.09
265371,0.02
265380,0.13
265386,0.03
265389,0.04
265409,0.07
265414,0.07
265415,0.0
265419,0.05
265422,0.04
265457,0.13
265461,0.1
265463,0.14
265468,0.1
265474,0.18
265478,0.06
265480,0.27
265488,0.11
265493,0.12
265510,0.03
265519,0.07
265521,0.3
265529,0.01
265533,0.18
265577,0.06
265591,0.17
265596,0.33
265607,0.11
265618,0.13
265619,0.05
265620,0.08
265628,0.02
265661,0.02
265669,0.01
265680,0.22
265707,0.18
265714,0.06
265716,0.0
265717,0.14
265718,0.09
265723,0.13
265730,0.04
265732,0.01
265744,0.17
265751,0.11
265760,0.1
265777,0.05
265783,0.09
265791,0.03
265792,0.06
265797,0.18
265798,0.0
265806,0.17
265815,0.12
265816,0.15
265821,0.04
265833,0.01
265854,0.02
265856,0.29
265858,0.0
265862,0.05
265863,0.28
265879,0.09
265881,0.01
265894,0.02
265895,0.41
265896,0.13
265898,0.16
265900,0.11
265907,0.01
265910,0.1
265917,0.07
265941,0.21
265955,0.13
265957,0.17
265961,0.01
265966,0.01
265969,0.2
265974,0.23
265976,0.04
265979,0.03
265985,0.08
265988,0.07
265990,0.07
265991,0.07
265993,0.04
265995,0.26
266009,0.13
266010,0.07
266014,0.17
266020,0.17
266022,0.18
266029,0.02
266045,0.06
266057,0.27
266060,0.1
266065,0.06
266071,0.01
266072,0.12
266074,0.12
266076,0.02
266089,0.15
266091,0.02
266097,0.05
266099,0.12
266106,0.07
266117,0.11
266120,0.06
266129,0.0
266132,0.08
266139,0.22
266140,0.16
266141,0.06
266146,0.24
266149,0.06
266159,0.04
266165,0.02
266171,0.11
266173,0.15
266177,0.17
266179,0.1
266186,0.01
266210,0.17
266227,0.03
266266,0.09
266291,0.04
266319,0.08
266321,0.29
266323,0.02
266329,0.03
266331,0.02
266333,0.33
266334,0.1
266338,0.09
266340,0.1
266344,0.14
266354,0.11
266359,0.05
266362,0.08
266364,0.07
266365,0.08
266379,0.01
266380,0.12
266387,0.04
266393,0.0
266396,0.06
266406,0.02
266418,0.12
266424,0.01
266440,0.05
266442,0.01
266444,0.11
266453,0.07
266455,0.05
266461,0.1
266462,0.05
266465,0.03
266466,0.22
266468,0.43
266471,0.02
266479,0.02
266499,0.16
266536,0.25
266543,0.11
266544,0.01
266556,0.17
266561,0.06
266573,0.08
266578,0.02
266590,0.24
266596,0.22
266624,0.05
266629,0.09
266635,0.02
266644,0.08
266650,0.03
266659,0.12
266666,0.13
266668,0.01
266674,0.23
266680,0.2
266686,0.38
266714,0.14
266730,0.09
266734,0.09
266740,0.22
266745,0.0
266749,0.09
266750,0.01
266751,0.03
266752,0.05
266753,0.02
266759,0.16
266763,0.07
266766,0.01
266783,0.09
266805,0.0
266812,0.03
266813,0.18
266816,0.23
266819,0.06
266820,0.27
266833,0.23
266842,0.18
266847,0.1
266848,0.05
266865,0.29
266867,0.22
266874,0.04
266885,0.15
266888,0.01
266890,0.1
266932,0.1
266941,0.29
266942,0.11
266948,0.21
266959,0.01
266977,0.04
266983,0.01
266984,0.07
266999,0.09
267000,0.15
267023,0.21
267031,0.07
267035,0.01
267046,0.07
267050,0.02
267058,0.09
267070,0.0
267079,0.14
267080,0.05
267093,0.11
267094,0.18
267102,0.09
267107,0.05
267108,0.12
267113,0.1
267127,0.01
267136,0.03
267143,0.0
267155,0.11
267180,0.02
267182,0.03
267184,0.03
267192,0.07
267195,0.12
267220,0.01
267228,0.03
267237,0.23
267241,0.01
267242,0.22
267247,0.07
267259,0.1
267260,0.29
267265,0.05
267269,0.37
267272,0.06
267275,0.16
267282,0.31
267284,0.47
267294,0.01
267298,0.06
267304,0.09
267316,0.2
267324,0.03
267327,0.04
267333,0.0
267338,0.02
267341,0.16
267342,0.14
267344,0.08
267345,0.23
267347,0.08
267361,0.23
267374,0.02
267379,0.02
267380,0.09
267382,0.01
267394,0.11
267403,0.17
267405,0.18
267412,0.0
267421,0.21
267437,0.03
267438,0.02
267443,0.03
267446,0.01
267460,0.16
267466,0.4
267469,0.12
267474,0.07
267488,0.0
267490,0.0
267496,0.41
267499,0.12
267501,0.08
267518,0.26
267522,0.36
267524,0.08
267532,0.12
267535,0.33
267547,0.05
267550,0.08
267559,0.12
267581,0.03
267586,0.06
267588,0.24
267592,0.03
267597,0.01
267600,0.04
267608,0.01
267620,0.01
267625,0.06
267628,0.06
267633,0.06
267639,0.03
267649,0.04
267659,0.06
267662,0.08
267671,0.07
267672,0.01
267677,0.03
267679,0.17
267682,0.0
267687,0.29
267689,0.02
267690,0.0
267707,0.04
267709,0.06
267716,0.0
267738,0.06
267744,0.29
267752,0.06
267754,0.15
267755,0.26
267757,0.09
267758,0.12
267767,0.39
267771,0.09
267808,0.31
267815,0.12
267833,0.12
267841,0.07
267843,0.08
267847,0.04
267857,0.01
267869,0.25
267881,0.19
267887,0.03
267890,0.1
267892,0.2
267895,0.17
267899,0.05
267906,0.05
267912,0.22
267917,0.09
267927,0.01
267930,0.07
267934,0.07
267950,0.02
267965,0.24
267966,0.05
267976,0.01
267998,0.01
267999,0.04
268012,0.06
268013,0.07
268014,0.03
268020,0.07
268028,0.2
268032,0.01
268039,0.06
268041,0.01
268046,0.05
268059,0.24
268064,0.07
268066,0.07
268073,0.28
268077,0.01
268085,0.21
268090,0.05
268109,0.1
268139,0.23
268151,0.09
268153,0.06
268155,0.07
268163,0.2
268166,0.02
268185,0.02
268189,0.01
268190,0.06
268192,0.07
268211,0.23
268213,0.02
268214,0.02
268220,0.04
268225,0.02
268227,0.16
268230,0.15
268247,0.15
268250,0.07
268268,0.05
268269,0.14
268271,0.07
268274,0.2
268280,0.17
268291,0.17
268299,0.01
268301,0.1
268306,0.03
268307,0.14
268310,0.0
268317,0.33
268328,0.01
268329,0.02
268337,0.07
268338,0.04
268357,0.0
268363,0.04
268373,0.02
268380,0.11
268386,0.11
268394,0.0
268407,0.05
268411,0.09
268417,0.02
268421,0.23
268422,0.12
268426,0.02
268427,0.04
268439,0.07
268445,0.07
268446,0.08
268459,0.04
268465,0.27
268466,0.1
268495,0.14
268497,0.12
268504,0.12
268508,0.16
268513,0.3
268525,0.05
268545,0.03
268546,0.06
268550,0.01
268568,0.04
268570,0.3
268590,0.02
268591,0.11
268602,0.07
268609,0.09
268616,0.02
268623,0.06
268645,0.18
268652,0.2
268668,0.13
268685,0.03
268707,0.09
268711,0.08
268714,0.08
268736,0.08
268746,0.23
268747,0.06
268749,0.15
268760,0.19
268761,0.0
268764,0.2
268781,0.02
268790,0.12
268799,0.02
268809,0.05
268814,0.04
268817,0.1
268822,0.01
268827,0.15
268828,0.07
268829,0.15
268845,0.15
268853,0.01
268859,0.04
268900,0.0
268911,0.0
268913,0.21
268917,0.21
268930,0.2
268934,0.05
268935,0.18
268938,0.1
268948,0.02
268950,0.15
268958,0.03
268975,0.02
268982,0.03
268983,0.14
268997,0.12
269009,0.08
269012,0.13
269017,0.3
269031,0.21
269038,0.08
269041,0.23
269045,0.01
269050,0.05
269056,0.02
269058,0.04
269060,0.04
269067,0.15
269082,0.08
269098,0.16
269105,0.02
269117,0.07
269123,0.06
269128,0.06
269143,0.08
269149,0.2
269162,0.38
269168,0.12
269172,0.16
269175,0.09
269189,0.12
269194,0.07
269197,0.22
269204,0.08
269211,0.03
269217,0.18
269222,0.1
269227,0.01
269228,0.09
269232,0.09
269250,0.13
269251,0.06
269257,0.22
269262,0.01
269263,0.02
269267,0.04
269275,0.05
269276,0.03
269279,0.02
269293,0.19
269300,0.11
269305,0.03
269309,0.03
269317,0.15
269352,0.29
269377,0.06
269378,0.01
269389,0.06
269392,0.0
269394,0.04
269402,0.23
269408,0.02
269410,0.09
269417,0.07
269421,0.24
269462,0.01
269481,0.06
269488,0.15
269489,0.03
269491,0.16
269495,0.01
269503,0.02
269510,0.34
269515,0.26
269522,0.02
269523,0.05
269536,0.02
269537,0.02
269549,0.01
269571,0.21
269576,0.02
269587,0.24
269595,0.16
269601,0.12
269610,0.46
269618,0.01
269620,0.13
269623,0.02
269637,0.18
269642,0.01
269652,0.25
269655,0.0
269661,0.1
269663,0.18
269665,0.06
269666,0.1
269667,0.01
269673,0.03
269693,0.03
269701,0.06
269702,0.05
269704,0.21
269718,0.21
269727,0.02
269732,0.03
269736,0.06
269738,0.01
269741,0.03
269744,0.01
269749,0.39
269750,0.08
269758,0.01
269775,0.21
269776,0.02
269777,0.11
269789,0.03
269794,0.03
269797,0.05
269807,0.22
269813,0.18
269844,0.07
269848,0.2
269871,0.09
269877,0.02
269878,0.07
269887,0.05
269904,0.01
269913,0.2
269938,0.11
269941,0.2
269953,0.23
269954,0.02
269955,0.12
269958,0.07
269960,0.03
269966,0.01
269975,0.08
269978,0.15
269989,0.06
269993,0.0
269998,0.08
270001,0.15
270020,0.05
270023,0.04
270028,0.09
270048,0.17
270061,0.1
270062,0.18
270096,0.38
270108,0.03
270118,0.02
270120,0.13
270122,0.04
270127,0.07
270131,0.14
270142,0.02
270146,0.21
270148,0.09
270152,0.0
270165,0.02
270170,0.01
270188,0.01
270204,0.2
270235,0.03
270243,0.28
270254,0.15
270265,0.06
270270,0.33
270287,0.02
270295,0.06
270296,0.16
270302,0.01
270304,0.08
270307,0.03
270310,0.04
270317,0.02
270324,0.03
270326,0.02
270337,0.04
270363,0.2
270371,0.05
270373,0.12
270375,0.04
270376,0.03
270379,0.0
270383,0.22
270390,0.05
270393,0.01
270402,0.02
270410,0.08
270411,0.18
270412,0.27
270415,0.19
270417,0.21
270436,0.37
270440,0.01
270449,0.02
270450,0.08
270457,0.28
270460,0.04
270461,0.09
270467,0.04
270473,0.11
270486,0.14
270488,0.1
270513,0.09
270518,0.04
270522,0.15
270526,0.14
270532,0.02
270545,0.12
270548,0.19
270550,0.0
270562,0.08
270564,0.04
270571,0.01
270572,0.0
270574,0.08
270575,0.08
270579,0.09
270612,0.12
270613,0.22
270622,0.0
270636,0.04
270643,0.04
270644,0.01
270645,0.09
270658,0.07
270661,0.13
270665,0.03
270676,0.23
270685,0.19
270695,0.13
270712,0.17
270719,0.09
270740,0.01
270753,0.03
270756,0.01
270759,0.11
270760,0.04
270764,0.1
270767,0.08
270778,0.01
270782,0.1
270794,0.06
270795,0.31
270799,0.01
270807,0.15
270821,0.08
270826,0.1
270829,0.14
270831,0.01
270843,0.08
270844,0.2
270847,0.03
270854,0.02
270856,0.36
270861,0.01
270862,0.07
270864,0.27
270881,0.05
270883,0.07
270885,0.29
270888,0.05
270894,0.02
270906,0.06
270914,0.01
270919,0.06
270935,0.03
270945,0.12
270957,0.12
270966,0.17
270970,0.15
270971,0.08
270976,0.16
270977,0.23
270978,0.05
270979,0.03
270982,0.06
270987,0.06
270989,0.11
270991,0.05
270992,0.0
270993,0.02
270997,0.21
271010,0.28
271025,0.05
271037,0.12
271038,0.02
271054,0.07
271056,0.33
271065,0.07
271070,0.12
271095,0.04
271099,0.0
271102,0.02
271103,0.04
271105,0.28
271106,0.07
271117,0.05
271134,0.22
271135,0.18
271137,0.13
271145,0.14
271149,0.14
271195,0.1
271199,0.04
271200,0.13
271220,0.04
271233,0.05
271234,0.24
271236,0.09
271248,0.01
271250,0.23
271251,0.06
271255,0.04
271261,0.0
271269,0.02
271276,0.01
271296,0.16
271304,0.17
271314,0.01
271318,0.09
271322,0.0
271325,0.02
271354,0.05
271355,0.08
271359,0.07
271361,0.04
271363,0.4
271367,0.15
271368,0.02
271369,0.04
271393,0.23
271409,0.17
271415,0.04
271418,0.1
271429,0.17
271431,0.1
271432,0.27
271442,0.14
271446,0.15
271448,0.07
271450,0.26
271452,0.06
271460,0.25
271461,0.23
271472,0.08
271496,0.04
271515,0.04
271527,0.05
271537,0.07
271544,0.2
271562,0.2
271565,0.03
271566,0.1
271567,0.03
271570,0.07
271576,0.09
271582,0.13
271586,0.08
271593,0.02
271598,0.05
271606,0.06
271607,0.04
271616,0.13
271617,0.1
271624,0.08
271638,0.06
271652,0.08
271657,0.03
271662,0.21
271665,0.09
271667,0.08
271670,0.14
271675,0.04
271679,0.32
271682,0.19
271696,0.18
271699,0.04
271733,0.02
271739,0.06
271746,0.04
271753,0.08
271756,0.21
271762,0.15
271777,0.08
271781,0.03
271785,0.0
271786,0.02
271790,0.05
271801,0.22
271806,0.1
271807,0.09
271810,0.0
271811,0.06
271815,0.12
271847,0.14
271875,0.13
271878,0.07
271880,0.07
271883,0.18
271911,0.3
271912,0.04
271914,0.16
271922,0.16
271933,0.03
271945,0.15
271952,0.04
271954,0.07
271961,0.06
271967,0.1
271969,0.04
271980,0.06
271989,0.03
271991,0.2
272000,0.09
272004,0.03
272010,0.08
272013,0.16
272029,0.09
272030,0.05
272031,0.06
272035,0.0
272040,0.21
272043,0.04
272055,0.06
272068,0.18
272075,0.36
272081,0.05
272090,0.15
272104,0.03
272116,0.07
272121,0.0
272129,0.05
272143,0.07
272146,0.03
272148,0.4
272152,0.2
272167,0.11
272180,0.08
272192,0.02
272201,0.08
272205,0.03
272209,0.24
272211,0.01
272228,0.02
272233,0.23
272235,0.19
272249,0.21
272267,0.09
272270,0.05
272276,0.03
272302,0.07
272303,0.03
272308,0.11
272309,0.16
272311,0.08
272313,0.07
272353,0.01
272366,0.07
272367,0.09
272371,0.04
272381,0.05
272404,0.16
272405,0.13
272418,0.2
272419,0.04
272425,0.05
272438,0.07
272444,0.12
272445,0.03
272462,0.06
272474,0.06
272478,0.12
272479,0.05
272480,0.03
272482,0.0
272511,0.31
272512,0.0
272516,0.03
272517,0.0
272522,0.06
272537,0.07
272555,0.06
272564,0.21
272566,0.14
272573,0.0
272575,0.0
272583,0.08
272593,0.0
272627,0.01
272628,0.13
272630,0.03
272632,0.0
272635,0.36
272636,0.06
272661,0.02
272669,0.03
272672,0.04
272681,0.08
272682,0.05
272691,0.01
272697,0.13
272706,0.06
272708,0.02
272717,0.13
272722,0.02
272723,0.0
272737,0.02
272744,0.05
272752,0.42
272757,0.04
272760,0.03
272763,0.26
272768,0.11
272779,0.03
272781,0.12
272787,0.09
272795,0.1
272799,0.03
272820,0.22
272821,0.08
272829,0.01
272852,0.03
272863,0.17
272878,0.09
272886,0.03
272891,0.23
272903,0.02
272914,0.0
272928,0.21
272937,0.05
272938,0.13
272944,0.11
272965,0.25
272967,0.05
272969,0.28
272983,0.06
272998,0.1
273002,0.11
273005,0.03
273010,0.07
273011,0.02
273017,0.0
273021,0.23
273023,0.3
273027,0.04
273035,0.01
273047,0.18
273053,0.09
273060,0.28
273062,0.02
273074,0.14
273078,0.05
273079,0.13
273087,0.07
273107,0.03
273109,0.05
273112,0.07
273113,0.13
273117,0.08
273121,0.36
273137,0.05
273156,0.05
273157,0.17
273177,0.11
273192,0.01
273193,0.01
273194,0.02
273198,0.15
273199,0.03
273206,0.12
273213,0.05
273235,0.02
273244,0.12
273247,0.12
273248,0.17
273254,0.0
273259,0.02
273270,0.05
273272,0.02
273287,0.15
273289,0.06
273294,0.02
273301,0.28
273304,0.17
273313,0.28
273314,0.02
273333,0.1
273336,0.21
273343,0.05
273353,0.04
273359,0.06
273371,0.0
273402,0.16
273415,0.01
273420,0.22
273424,0.06
273428,0.02
273429,0.03
273443,0.02
273457,0.02
273458,0.08
273467,0.33
273477,0.03
273482,0.03
273495,0.06
273496,0.0
273503,0.03
273507,0.21
273508,0.16
273510,0.06
273524,0.11
273552,0.01
273556,0.1
273566,0.06
273579,0.19
273584,0.05
273595,0.1
273606,0.02
273623,0.09
273625,0.22
273638,0.28
273660,0.01
273664,0.08
273683,0.06
273686,0.01
273687,0.07
273699,0.09
273700,0.21
273719,0.01
273721,0.1
273728,0.09
273764,0.04
273770,0.06
273774,0.31
273792,0.09
273806,0.06
273807,0.16
273818,0.01
273823,0.07
273835,0.23
273856,0.0
273861,0.03
273863,0.03
273864,0.17
273874,0.18
273879,0.14
273892,0.17
273895,0.26
273899,0.0
273900,0.08
273912,0.15
273921,0.0
273941,0.15
273946,0.01
273954,0.18
273956,0.14
273962,0.1
273968,0.07
273985,0.17
274000,0.2
274003,0.06
274004,0.01
274006,0.06
274019,0.1
274022,0.08
274023,0.16
274034,0.12
274043,0.02
274052,0.03
274054,0.35
274058,0.2
274063,0.24
274070,0.1
274072,0.04
274081,0.18
274108,0.33
274118,0.52
274125,0.08
274129,0.02
274140,0.05
274142,0.04
274146,0.1
274147,0.31
274155,0.06
274163,0.14
274165,0.0
274174,0.07
274182,0.24
274186,0.0
274188,0.11
274193,0.18
274198,0.04
274216,0.01
274219,0.07
274225,0.18
274229,0.08
274248,0.21
274268,0.04
274274,0.02
274286,0.02
274289,0.13
274297,0.08
274302,0.01
274326,0.16
274346,0.11
274348,0.12
274349,0.09
274350,0.0
274353,0.01
274359,0.37
274364,0.01
274368,0.02
274373,0.07
274378,0.28
274389,0.03
274390,0.12
274391,0.0
274392,0.0
274396,0.24
274408,0.1
274409,0.02
274424,0.17
274453,0.09
274460,0.08
274465,0.2
274468,0.0
274481,0.26
274482,0.02
274484,0.11
274490,0.09
274509,0.02
274511,0.04
274515,0.08
274521,0.09
274523,0.06
274525,0.1
274539,0.02
274541,0.1
274574,0.17
274585,0.07
274587,0.13
274594,0.1
274600,0.18
274605,0.08
274611,0.06
274619,0.09
274641,0.06
274666,0.16
274688,0.07
274690,0.06
274699,0.11
274703,0.03
274715,0.04
274717,0.05
274760,0.2
274774,0.17
274791,0.42
274801,0.11
274804,0.11
274808,0.24
274813,0.17
274815,0.14
274818,0.02
274820,0.01
274829,0.03
274847,0.24
274865,0.1
274870,0.02
274881,0.32
274890,0.15
274894,0.04
274902,0.03
274905,0.05
274911,0.04
274912,0.23
274914,0.03
274927,0.07
274931,0.04
274944,0.14
274951,0.14
274953,0.08
274954,0.04
274961,0.05
274965,0.2
274972,0.12
274978,0.12
274984,0.18
274993,0.05
274996,0.0
275043,0.0
275048,0.09
275052,0.13
275059,0.04
275060,0.03
275071,0.04
275077,0.15
275078,0.04
275091,0.02
275098,0.05
275111,0.05
275120,0.13
275121,0.15
275125,0.07
275129,0.06
275139,0.03
275150,0.05
275153,0.16
275166,0.17
275185,0.05
275199,0.38
275201,0.03
275203,0.1
275216,0.11
275225,0.21
275226,0.0
275232,0.08
275254,0.05
275256,0.3
275272,0.07
275278,0.04
275280,0.05
275286,0.21
275288,0.0
275299,0.07
275306,0.09
275313,0.01
275314,0.07
275319,0.37
275324,0.0
275330,0.16
275334,0.01
275335,0.23
275337,0.08
275339,0.05
275351,0.07
275352,0.05
275367,0.05
275384,0.08
275392,0.02
275393,0.16
275408,0.14
275411,0.22
275413,0.36
275415,0.0
275416,0.18
275422,0.03
275424,0.1
275438,0.2
275440,0.09
275468,0.02
275469,0.12
275473,0.13
275482,0.19
275488,0.01
275502,0.11
275503,0.14
275511,0.06
275518,0.14
275520,0.03
275524,0.06
275531,0.13
275537,0.04
275558,0.08
275574,0.2
275576,0.1
275583,0.0
275588,0.07
275605,0.28
275612,0.14
275627,0.08
275633,0.14
275646,0.2
275647,0.03
275653,0.32
275661,0.14
275683,0.07
275688,0.02
275691,0.04
275713,0.14
275731,0.01
275735,0.12
275739,0.04
275761,0.22
275762,0.03
275767,0.01
275768,0.09
275769,0.09
275774,0.01
275776,0.02
275783,0.01
275800,0.02
275805,0.14
275836,0.04
275842,0.0
275855,0.27
275860,0.02
275870,0.24
275884,0.18
275897,0.09
275899,0.02
275900,0.07
275906,0.12
275912,0.08
275922,0.18
275929,0.15
275931,0.08
275932,0.09
275936,0.22
275937,0.03
275947,0.29
275949,0.23
275954,0.12
275958,0.09
275966,0.21
275967,0.11
275970,0.19
275989,0.24
275993,0.1
275995,0.07
275998,0.13
276007,0.17
276011,0.09
276029,0.21
276047,0.0
276048,0.04
276050,0.07
276054,0.07
276056,0.08
276057,0.13
276060,0.01
276084,0.04
276089,0.07
276118,0.01
276121,0.18
276122,0.1
276130,0.05
276134,0.25
276135,0.09
276142,0.27
276164,0.01
276195,0.16
276210,0.11
276235,0.04
276238,0.01
276242,0.11
276244,0.16
276247,0.05
276263,0.16
276306,0.19
276309,0.01
276319,0.11
276334,0.04
276338,0.01
276343,0.11
276344,0.04
276345,0.14
276348,0.03
276359,0.12
276363,0.17
276365,0.18
276366,0.19
276373,0.0
276378,0.1
276386,0.02
276405,0.11
276419,0.0
276422,0.14
276430,0.02
276437,0.16
276442,0.09
276444,0.0
276446,0.08
276455,0.18
276470,0.07
276472,0.01
276475,0.21
276479,0.05
276484,0.08
276487,0.27
276488,0.27
276495,0.09
276497,0.16
276508,0.44
276509,0.08
276516,0.0
276521,0.01
276525,0.04
276550,0.02
276560,0.0
276569,0.13
276584,0.02
276603,0.01
276615,0.03
276617,0.02
276622,0.15
276625,0.02
276629,0.15
276642,0.02
276664,0.07
276674,0.02
276675,0.39
276678,0.12
276692,0.02
276693,0.05
276697,0.02
276703,0.07
276705,0.08
276717,0.15
276728,0.0
276744,0.19
276762,0.03
276764,0.05
276781,0.07
276793,0.12
276798,0.1
276800,0.08
276805,0.14
276824,0.03
276826,0.08
276848,0.24
276854,0.1
276862,0.26
276865,0.13
276869,0.02
276880,0.02
276882,0.09
276886,0.05
276889,0.03
276892,0.08
276903,0.0
276906,0.06
276936,0.04
276945,0.0
276956,0.08
276958,0.04
276963,0.01
276966,0.1
276987,0.09
276993,0.12
276994,0.08
277004,0.16
277015,0.01
277021,0.21
277024,0.02
277032,0.15
277054,0.14
277055,0.02
277061,0.08
277065,0.16
277070,0.11
277079,0.21
277088,0.02
277108,0.12
277114,0.01
277121,0.05
277137,0.18
277148,0.09
277158,0.13
277162,0.2
277165,0.36
277167,0.01
277170,0.03
277172,0.05
277177,0.01
277179,0.33
277182,0.02
277185,0.06
277191,0.14
277200,0.43
277211,0.02
277217,0.08
277221,0.08
277226,0.09
277227,0.04
277228,0.22
277229,0.09
277244,0.26
277271,0.08
277274,0.12
277282,0.03
277286,0.01
277288,0.05
277290,0.01
277291,0.01
277296,0.03
277297,0.01
277320,0.09
277327,0.16
277335,0.24
277336,0.12
277338,0.11
277342,0.3
277344,0.12
277345,0.07
277349,0.01
277356,0.05
277370,0.04
277371,0.11
277379,0.03
277386,0.35
277390,0.03
277400,0.07
277401,0.18
277412,0.03
277413,0.1
277415,0.0
277417,0.37
277419,0.08
277422,0.04
277423,0.01
277425,0.05
277432,0.02
277438,0.0
277445,0.13
277447,0.12
277456,0.05
277457,0.03
277474,0.06
277488,0.02
277494,0.04
277501,0.05
277503,0.26
277510,0.11
277516,0.13
277521,0.19
277522,0.1
277530,0.05
277531,0.23
277536,0.13
277548,0.12
277550,0.02
277554,0.04
277555,0.08
277562,0.09
277565,0.17
277566,0.09
277572,0.21
277592,0.18
277593,0.01
277610,0.05
277621,0.02
277654,0.35
277668,0.04
277673,0.03
277675,0.02
277694,0.03
277697,0.18
277699,0.04
277700,0.0
277701,0.06
277708,0.35
277710,0.04
277717,0.06
277725,0.16
277731,0.04
277746,0.06
277753,0.02
277757,0.31
277764,0.14
277772,0.09
277775,0.21
277777,0.06
277787,0.13
277797,0.07
277798,0.05
277802,0.15
277812,0.01
277816,0.21
277820,0.03
277821,0.01
277822,0.05
277838,0.09
277845,0.09
277846,0.01
277854,0.18
277856,0.11
277866,0.12
277874,0.1
277893,0.06
277900,0.04
277964,0.09
277970,0.0
277976,0.04
277983,0.08
277994,0.01
278011,0.08
278025,0.18
278045,0.26
278048,0.14
278066,0.1
278088,0.15
278098,0.04
278101,0.28
278113,0.03
278114,0.07
278128,0.07
278152,0.02
278157,0.25
278168,0.07
278169,0.04
278174,0.02
278176,0.05
278181,0.16
278185,0.25
278225,0.15
278236,0.11
278242,0.26
278244,0.0
278251,0.07
278252,0.06
278272,0.12
278279,0.02
278287,0.2
278288,0.09
278309,0.11
278310,0.11
278316,0.21
278318,0.43
278320,0.07
278344,0.25
278356,0.16
278359,0.07
278361,0.01
278368,0.06
278372,0.05
278384,0.18
278388,0.02
278409,0.19
278414,0.13
278415,0.05
278416,0.01
278422,0.04
278423,0.23
278432,0.18
278436,0.11
278455,0.07
278461,0.07
278469,0.13
278482,0.08
278487,0.1
278493,0.08
278501,0.02
278508,0.19
278511,0.02
278519,0.08
278526,0.14
278530,0.21
278533,0.04
278539,0.12
278545,0.11
278556,0.07
278559,0.01
278587,0.06
278601,0.05
278603,0.09
278604,0.13
278605,0.08
278606,0.01
278613,0.15
278616,0.15
278618,0.09
278632,0.07
278633,0.05
278637,0.01
278645,0.12
278649,0.28
278653,0.19
278662,0.0
278673,0.08
278700,0.03
278703,0.15
278704,0.05
278723,0.22
278725,0.16
278730,0.04
278750,0.05
278765,0.03
278770,0.03
278779,0.06
278787,0.01
278791,0.02
278804,0.06
278807,0.21
278810,0.01
278812,0.07
278815,0.4
278821,0.11
278825,0.0
278832,0.02
278836,0.05
278838,0.11
278840,0.12
278844,0.08
278862,0.0
278863,0.06
278871,0.03
278875,0.02
278892,0.33
278899,0.09
278903,0.22
278909,0.01
278913,0.09
278931,0.02
278932,0.14
278933,0.33
278937,0.06
278952,0.01
278954,0.0
278960,0.1
278967,0.04
278968,0.02
278972,0.23
278976,0.14
278982,0.1
278983,0.02
279001,0.24
279015,0.11
279018,0.13
279035,0.33
279040,0.05
279043,0.08
279046,0.05
279061,0.06
279063,0.0
279065,0.05
279068,0.04
279070,0.07
279074,0.28
279076,0.19
279086,0.01
279095,0.02
279107,0.1
279108,0.12
279109,0.04
279110,0.19
279111,0.04
279129,0.01
279134,0.02
279137,0.13
279142,0.07
279146,0.04
279153,0.09
279157,0.01
279165,0.01
279166,0.01
279172,0.14
279173,0.05
279174,0.09
279179,0.13
279182,0.05
279186,0.08
279187,0.09
279189,0.0
279201,0.03
279202,0.08
279213,0.04
279214,0.01
279217,0.05
279230,0.12
279232,0.04
279233,0.02
279235,0.04
279250,0.05
279252,0.0
279257,0.07
279265,0.04
279266,0.07
279279,0.04
279281,0.13
279282,0.0
279285,0.12
279286,0.05
279297,0.01
279300,0.02
279318,0.1
279324,0.1
279334,0.06
279335,0.05
279336,0.12
279341,0.08
279342,0.27
279353,0.06
279357,0.11
279371,0.25
279376,0.04
279391,0.19
279392,0.12
279402,0.13
279406,0.34
279408,0.28
279434,0.07
279439,0.03
279448,0.04
279450,0.12
279456,0.05
279461,0.25
279466,0.01
279470,0.07
279471,0.0
279493,0.09
279500,0.04
279506,0.01
279512,0.11
279519,0.09
279533,0.0
279549,0.18
279551,0.25
279556,0.0
279557,0.24
279558,0.13
279566,0.11
279592,0.03
279595,0.12
279604,0.14
279608,0.02
279614,0.03
279618,0.07
279622,0.14
279648,0.28
279652,0.06
279653,0.07
279679,0.13
279690,0.09
279691,0.13
279694,0.23
279698,0.07
279702,0.1
279712,0.05
279713,0.08
279715,0.17
279725,0.04
279727,0.13
279733,0.04
279742,0.05
279748,0.09
279754,0.07
279756,0.33
279776,0.11
279778,0.12
279779,0.0
279782,0.03
279793,0.04
279794,0.02
279804,0.12
279810,0.07
279817,0.31
279828,0.1
279830,0.12
279831,0.08
279834,0.2
279835,0.07
279840,0.03
279847,0.02
279852,0.03
279854,0.08
279856,0.14
279859,0.05
279862,0.05
279876,0.13
279878,0.16
279889,0.02
279894,0.04
279897,0.02
279903,0.04
279904,0.07
279906,0.01
279909,0.1
279922,0.21
279925,0.03
279939,0.07
279940,0.04
279942,0.2
279948,0.0
279952,0.0
279960,0.04
279968,0.04
279969,0.04
279977,0.33
279980,0.05
279994,0.11
279997,0.11
279998,0.19
280007,0.14
280009,0.18
280010,0.31
280020,0.03
280021,0.06
280022,0.21
280052,0.03
280058,0.03
280074,0.1
280076,0.01
280085,0.28
280091,0.18
280095,0.01
280107,0.11
280116,0.12
280140,0.12
280144,0.17
280156,0.04
280177,0.0
280191,0.08
280205,0.01
280226,0.19
280230,0.31
280234,0.0
280264,0.24
280274,0.03
280298,0.03
280299,0.17
280300,0.07
280301,0.06
280308,0.03
280317,0.08
280319,0.11
280322,0.04
280342,0.07
280348,0.1
280350,0.07
280353,0.19
280366,0.04
280372,0.07
280374,0.03
280376,0.39
280381,0.01
280384,0.03
280388,0.11
280397,0.09
280401,0.07
280409,0.04
280413,0.02
280422,0.12
280424,0.04
280426,0.07
280429,0.09
280430,0.03
280435,0.02
280444,0.07
280450,0.04
280455,0.22
280459,0.01
280462,0.04
280466,0.23
280470,0.05
280473,0.01
280517,0.11
280524,0.23
280527,0.0
280531,0.02
280548,0.04
280558,0.31
280563,0.01
280598,0.09
280599,0.18
280603,0.08
280607,0.02
280610,0.26
280612,0.12
280625,0.03
280631,0.01
280650,0.13
280653,0.34
280657,0.04
280669,0.0
280675,0.09
280679,0.09
280685,0.01
280691,0.1
280693,0.03
280706,0.03
280714,0.01
280719,0.15
280724,0.04
280725,0.03
280737,0.02
280738,0.11
280744,0.01
280746,0.21
280760,0.12
280772,0.15
280777,0.14
280784,0.07
280785,0.05
280791,0.05
280793,0.02
280794,0.08
280800,0.14
280805,0.11
280806,0.01
280815,0.12
280823,0.01
280831,0.0
280832,0.05
280841,0.04
280845,0.11
280846,0.04
280854,0.07
280857,0.0
280861,0.1
280862,0.13
280867,0.2
280877,0.07
280879,0.1
280890,0.02
280891,0.21
280903,0.36
280916,0.11
280929,0.04
280934,0.12
280941,0.1
280947,0.01
280962,0.07
280963,0.11
280966,0.03
280967,0.0
280971,0.35
281005,0.02
281007,0.14
281008,0.01
281009,0.08
281016,0.01
281024,0.07
281039,0.15
281045,0.01
281054,0.07
281055,0.2
281056,0.01
281068,0.09
281092,0.16
281094,0.02
281118,0.26
281133,0.02
281137,0.05
281164,0.11
281176,0.02
281177,0.03
281184,0.01
281187,0.23
281192,0.08
281195,0.24
281220,0.1
281222,0.22
281227,0.17
281234,0.07
281251,0.07
281278,0.01
281298,0.2
281303,0.09
281306,0.21
281314,0.0
281320,0.06
281322,0.08
281337,0.04
281347,0.5
281357,0.1
281362,0.17
281365,0.04
281366,0.01
281367,0.1
281373,0.03
281376,0.03
281400,0.21
281417,0.02
281420,0.0
281422,0.21
281435,0.18
281439,0.0
281448,0.28
281451,0.14
281453,0.05
281482,0.02
281494,0.1
281514,0.02
281515,0.06
281542,0.13
281556,0.16
281568,0.15
281592,0.01
281593,0.01
281607,0.1
281613,0.1
281618,0.37
281620,0.16
281628,0.12
281629,0.04
281633,0.15
281634,0.01
281642,0.07
281643,0.11
281653,0.09
281661,0.11
281671,0.05
281675,0.09
281684,0.09
281692,0.27
281697,0.1
281730,0.07
281731,0.02
281734,0.02
281737,0.05
281750,0.16
281752,0.14
281764,0.01
281782,0.17
281791,0.02
281793,0.06
281795,0.01
281824,0.01
281831,0.06
281845,0.05
281848,0.01
281854,0.08
281855,0.03
281867,0.1
281873,0.04
281875,0.03
281876,0.36
281881,0.04
281905,0.02
281906,0.36
281907,0.05
281914,0.2
281929,0.02
281936,0.2
281938,0.07
281940,0.01
281941,0.05
281950,0.0
281954,0.0
281955,0.15
281956,0.06
281957,0.1
281968,0.16
281972,0.31
281974,0.17
281987,0.01
281996,0.26
281998,0.04
282002,0.03
282004,0.08
282005,0.02
282020,0.06
282021,0.12
282041,0.03
282045,0.05
282046,0.08
282048,0.09
282056,0.06
282063,0.29
282068,0.15
282072,0.08
282100,0.07
282104,0.13
282105,0.02
282106,0.08
282108,0.14
282114,0.09
282132,0.08
282133,0.07
282136,0.09
282145,0.16
282146,0.17
282150,0.14
282151,0.11
282152,0.01
282157,0.14
282165,0.13
282167,0.04
282178,0.03
282179,0.02
282204,0.1
282208,0.01
282218,0.04
282221,0.34
282223,0.05
282226,0.08
282230,0.09
282232,0.02
282235,0.02
282236,0.12
282239,0.01
282246,0.0
282250,0.21
282259,0.05
282270,0.05
282272,0.16
282282,0.19
282292,0.06
282306,0.02
282311,0.05
282317,0.13
282318,0.06
282331,0.13
282338,0.09
282349,0.12
282350,0.38
282355,0.0
282359,0.15
282382,0.07
282396,0.31
282399,0.0
282408,0.0
282421,0.01
282427,0.13
282437,0.01
282446,0.1
282448,0.0
282453,0.04
282456,0.03
282457,0.05
282465,0.16
282476,0.05
282478,0.07
282482,0.04
282485,0.31
282492,0.14
282498,0.11
282503,0.01
282512,0.28
282521,0.17
282531,0.19
282548,0.02
282582,0.1
282585,0.05
282605,0.07
282618,0.04
282633,0.02
282642,0.16
282645,0.2
282647,0.02
282649,0.01
282654,0.05
282661,0.09
282667,0.09
282668,0.14
282678,0.1
282679,0.17
282687,0.04
282688,0.05
282691,0.07
282702,0.05
282709,0.07
282712,0.12
282715,0.19
282726,0.02
282735,0.02
282737,0.03
282746,0.19
282751,0.01
282754,0.29
282758,0.12
282773,0.39
282787,0.03
282794,0.02
282812,0.0
282822,0.17
282827,0.11
282836,0.04
282841,0.04
282854,0.06
282862,0.08
282873,0.2
282890,0.17
282900,0.16
282906,0.12
282910,0.07
282915,0.0
282929,0.03
282933,0.02
282944,0.23
282945,0.07
282950,0.02
282954,0.04
282960,0.01
282961,0.13
282962,0.08
282965,0.11
282971,0.08
282974,0.12
282975,0.04
282979,0.0
282984,0.06
282990,0.06
282998,0.06
283005,0.14
283013,0.14
283018,0.24
283029,0.22
283032,0.02
283036,0.31
283041,0.29
283046,0.12
283050,0.03
283057,0.23
283065,0.11
283069,0.24
283074,0.03
283076,0.12
283077,0.08
283089,0.05
283090,0.1
283094,0.12
283110,0.2
283118,0.09
283127,0.05
283130,0.07
283139,0.11
283143,0.11
283144,0.19
283146,0.07
283150,0.08
283161,0.34
283177,0.07
283180,0.06
283184,0.03
283191,0.05
283193,0.04
283196,0.16
283199,0.12
283202,0.16
283205,0.03
283213,0.05
283216,0.0
283218,0.18
283220,0.15
283227,0.05
283233,0.11
283248,0.08
283250,0.12
283261,0.02
283264,0.18
283267,0.19
283269,0.04
283271,0.03
283282,0.02
283283,0.04
283290,0.16
283295,0.03
283298,0.06
283303,0.22
283309,0.04
283310,0.01
283314,0.05
283317,0.02
283318,0.01
283323,0.24
283327,0.09
283328,0.22
283336,0.19
283340,0.01
283344,0.06
283345,0.34
283360,0.08
283361,0.01
283383,0.2
283387,0.09
283390,0.04
283412,0.0
283426,0.01
283429,0.22
283433,0.04
283437,0.15
283438,0.03
283461,0.08
283466,0.03
283477,0.06
283479,0.11
283483,0.13
283484,0.0
283486,0.06
283500,0.0
283512,0.18
283515,0.04
283517,0.45
283519,0.05
283523,0.09
283528,0.2
283555,0.05
283565,0.0
283572,0.06
283576,0.01
283586,0.32
283590,0.03
283606,0.08
283615,0.03
283619,0.25
283632,0.17
283635,0.04
283636,0.01
283641,0.22
283642,0.02
283647,0.02
283667,0.03
283683,0.1
283684,0.08
283687,0.15
283691,0.11
283693,0.07
283701,0.03
283702,0.17
283711,0.12
283713,0.23
283726,0.04
283730,0.09
283736,0.12
283737,0.11
283740,0.03
283748,0.06
283750,0.09
283756,0.0
283757,0.01
283774,0.18
283776,0.24
283784,0.11
283790,0.31
283796,0.08
283806,0.08
283816,0.01
283825,0.2
283827,0.04
283835,0.02
283839,0.18
283843,0.18
283874,0.33
283880,0.13
283881,0.13
283882,0.49
283887,0.02
283891,0.29
283893,0.08
283895,0.07
283900,0.21
283906,0.01
283938,0.0
283943,0.09
283953,0.17
283958,0.06
283961,0.0
283972,0.06
283973,0.03
283986,0.26
283990,0.01
283994,0.44
284000,0.01
284002,0.1
284003,0.13
284035,0.3
284049,0.02
284055,0.02
284060,0.05
284061,0.28
284069,0.04
284072,0.14
284075,0.03
284087,0.1
284093,0.06
284095,0.11
284096,0.21
284106,0.05
284109,0.2
284112,0.07
284126,0.13
284152,0.03
284155,0.04
284157,0.12
284159,0.04
284194,0.04
284207,0.18
284211,0.07
284220,0.1
284232,0.14
284239,0.09
284246,0.0
284257,0.07
284259,0.03
284272,0.11
284277,0.22
284279,0.4
284283,0.03
284294,0.05
284298,0.03
284305,0.11
284309,0.02
284311,0.1
284315,0.07
284338,0.23
284340,0.22
284342,0.12
284344,0.07
284348,0.02
284361,0.05
284373,0.03
284380,0.22
284408,0.01
284422,0.01
284423,0.1
284427,0.02
284433,0.05
284442,0.12
284462,0.17
284481,0.12
284487,0.12
284492,0.02
284495,0.06
284499,0.11
284503,0.07
284506,0.06
284507,0.1
284511,0.28
284512,0.07
284513,0.08
284520,0.09
284537,0.03
284557,0.24
284560,0.1
284571,0.08
284573,0.32
284574,0.0
284575,0.01
284576,0.2
284578,0.02
284592,0.0
284606,0.22
284609,0.04
284614,0.03
284627,0.03
284630,0.12
284633,0.03
284647,0.02
284650,0.14
284655,0.14
284661,0.03
284664,0.0
284668,0.07
284682,0.06
284683,0.15
284691,0.13
284692,0.11
284695,0.11
284751,0.2
284785,0.04
284796,0.04
284797,0.0
284799,0.1
284805,0.03
284811,0.01
284844,0.01
284856,0.17
284861,0.1
284864,0.07
284866,0.04
284867,0.0
284871,0.02
284873,0.06
284888,0.1
284895,0.0
284906,0.02
284907,0.22
284908,0.0
284914,0.03
284916,0.04
284920,0.07
284926,0.13
284934,0.09
284937,0.04
284949,0.05
284986,0.06
285002,0.11
285006,0.06
285007,0.08
285008,0.09
285016,0.01
285040,0.01
285041,0.01
285050,0.07
285051,0.08
285059,0.06
285077,0.12
285078,0.29
285097,0.0
285102,0.08
285104,0.01
285117,0.02
285119,0.05
285120,0.01
285122,0.05
285131,0.04
285137,0.01
285139,0.1
285147,0.02
285176,0.02
285177,0.06
285183,0.03
285184,0.11
285200,0.05
285213,0.24
285224,0.08
285232,0.1
285245,0.39
285249,0.0
285253,0.03
285268,0.06
285276,0.11
285282,0.21
285284,0.28
285297,0.19
285304,0.1
285305,0.07
285337,0.08
285346,0.0
285349,0.03
285354,0.13
285359,0.03
285366,0.14
285367,0.25
285368,0.18
285376,0.07
285382,0.0
285385,0.16
285389,0.04
285396,0.03
285398,0.05
285399,0.02
285403,0.13
285405,0.31
285407,0.08
285417,0.08
285419,0.03
285431,0.11
285457,0.05
285462,0.14
285463,0.04
285472,0.07
285476,0.0
285479,0.29
285482,0.16
285486,0.1
285487,0.02
285497,0.01
285498,0.2
285507,0.28
285509,0.0
285514,0.15
285516,0.01
285521,0.1
285525,0.01
285528,0.04
285555,0.05
285559,0.06
285561,0.06
285562,0.03
285565,0.05
285571,0.01
285583,0.12
285588,0.16
285603,0.17
285612,0.11
285628,0.16
285635,0.08
285649,0.13
285651,0.02
285653,0.08
285662,0.03
285665,0.02
285678,0.03
285681,0.09
285694,0.18
285695,0.09
285701,0.02
285721,0.16
285730,0.15
285733,0.01
285743,0.03
285744,0.08
285746,0.11
285778,0.05
285784,0.01
285808,0.03
285810,0.24
285831,0.15
285833,0.01
285841,0.01
285842,0.0
285844,0.1
285847,0.12
285853,0.04
285861,0.2
285863,0.05
285867,0.25
285870,0.3
285879,0.23
285880,0.03
285882,0.04
285893,0.01
285897,0.07
285912,0.04
285914,0.05
285918,0.11
285927,0.13
285931,0.03
285932,0.15
285962,0.05
285975,0.2
285978,0.2
285996,0.1
286000,0.07
286010,0.06
286011,0.09
286018,0.08
286033,0.13
286038,0.17
286042,0.04
286044,0.04
286047,0.09
286050,0.13
286052,0.07
286056,0.15
286058,0.02
286083,0.05
286088,0.05
286094,0.04
286107,0.3
286112,0.17
286124,0.0
286128,0.11
286141,0.08
286146,0.09
286147,0.13
286153,0.0
286163,0.09
286169,0.2
286175,0.11
286185,0.02
286194,0.04
286198,0.02
286201,0.02
286202,0.29
286213,0.05
286218,0.04
286250,0.04
286257,0.21
286264,0.25
286265,0.04
286266,0.07
286287,0.23
286292,0.05
286294,0.02
286295,0.15
286299,0.19
286300,0.28
286302,0.08
286310,0.07
286316,0.13
286332,0.08
286353,0.09
286354,0.0
286357,0.04
286375,0.01
286382,0.22
286389,0.17
286404,0.03
286405,0.04
286411,0.28
286412,0.05
286421,0.0
286423,0.07
286426,0.14
286433,0.04
286438,0.16
286441,0.05
286444,0.02
286447,0.04
286459,0.22
286473,0.03
286484,0.06
286485,0.44
286501,0.08
286502,0.02
286509,0.04
286511,0.35
286516,0.45
286547,0.22
286549,0.13
286553,0.04
286558,0.08
286566,0.03
286572,0.03
286582,0.02
286587,0.02
286590,0.01
286594,0.13
286598,0.05
286602,0.05
286608,0.32
286610,0.14
286627,0.13
286661,0.0
286664,0.16
286668,0.02
286683,0.0
286684,0.06
286689,0.0
286696,0.1
286697,0.05
286703,0.05
286705,0.05
286707,0.23
286708,0.18
286711,0.04
286714,0.03
286734,0.14
286747,0.04
286760,0.16
286763,0.02
286772,0.0
286773,0.02
286791,0.02
286813,0.08
286814,0.05
286817,0.03
286836,0.02
286838,0.03
286844,0.05
286854,0.07
286856,0.12
286859,0.14
286864,0.03
286865,0.22
286868,0.28
286881,0.07
286882,0.05
286888,0.01
286890,0.37
286892,0.06
286895,0.16
286906,0.04
286924,0.01
286930,0.05
286931,0.15
286942,0.03
286955,0.01
286960,0.1
286962,0.05
286966,0.0
286967,0.02
286971,0.02
286983,0.04
286985,0.04
286986,0.12
286987,0.11
286992,0.11
287003,0.07
287004,0.01
287006,0.17
287029,0.07
287036,0.01
287038,0.1
287049,0.08
287050,0.0
287057,0.12
287065,0.02
287066,0.31
287089,0.1
287093,0.13
287096,0.14
287103,0.04
287104,0.04
287109,0.01
287133,0.37
287137,0.04
287141,0.24
287146,0.09
287148,0.02
287177,0.02
287184,0.02
287197,0.07
287204,0.06
287206,0.23
287208,0.11
287225,0.06
287228,0.03
287252,0.1
287260,0.04
287264,0.06
287270,0.03
287271,0.06
287272,0.09
287274,0.02
287280,0.04
287281,0.14
287290,0.01
287298,0.03
287299,0.21
287301,0.09
287314,0.03
287321,0.12
287322,0.02
287329,0.05
287331,0.15
287337,0.06
287349,0.15
287358,0.04
287370,0.27
287371,0.03
287376,0.07
287378,0.04
287386,0.19
287394,0.05
287397,0.12
287419,0.07
287428,0.05
287438,0.05
287439,0.05
287449,0.07
287450,0.0
287460,0.1
287472,0.13
287474,0.2
287483,0.02
287495,0.04
287510,0.13
287512,0.05
287530,0.1
287531,0.0
287543,0.05
287549,0.04
287564,0.21
287574,0.04
287580,0.07
287587,0.08
287594,0.06
287605,0.05
287617,0.04
287621,0.02
287626,0.11
287629,0.14
287632,0.11
287636,0.22
287644,0.1
287648,0.12
287666,0.12
287672,0.02
287701,0.07
287708,0.02
287718,0.17
287724,0.11
287726,0.02
287729,0.05
287732,0.04
287733,0.1
287734,0.24
287750,0.11
287755,0.16
287762,0.3
287764,0.01
287766,0.01
287775,0.01
287781,0.04
287785,0.18
287789,0.07
287792,0.16
287796,0.01
287804,0.16
287822,0.07
287835,0.02
287840,0.04
287850,0.15
287851,0.18
287852,0.14
287858,0.09
287859,0.01
287860,0.17
287861,0.13
287866,0.0
287868,0.06
287873,0.16
287876,0.09
287877,0.01
287878,0.01
287879,0.15
287883,0.05
287888,0.03
287894,0.48
287895,0.06
287912,0.09
287915,0.03
287920,0.0
287922,0.08
287926,0.03
287929,0.06
287931,0.13
287936,0.03
287942,0.09
287946,0.23
287948,0.04
287963,0.22
288003,0.0
288005,0.02
288012,0.12
288013,0.29
288026,0.07
288027,0.07
288031,0.07
288039,0.03
288041,0.18
288045,0.08
288065,0.22
288068,0.08
288079,0.05
288084,0.36
288111,0.24
288129,0.08
288138,0.52
288154,0.2
288167,0.01
288178,0.03
288184,0.19
288193,0.0
288203,0.09
288207,0.34
288223,0.18
288226,0.23
288237,0.16
288257,0.23
288259,0.06
288269,0.1
288273,0.08
288276,0.04
288280,0.07
288283,0.04
288291,0.23
288299,0.0
288305,0.03
288316,0.02
288322,0.09
288333,0.04
288337,0.23
288341,0.01
288345,0.18
288348,0.03
288350,0.19
288353,0.05
288372,0.05
288375,0.17
288395,0.03
288408,0.15
288425,0.06
288430,0.12
288433,0.02
288459,0.09
288462,0.21
288463,0.06
288470,0.07
288472,0.09
288475,0.06
288495,0.34
288517,0.04
288530,0.27
288535,0.06
288539,0.03
288540,0.06
288547,0.37
288553,0.12
288555,0.19
288556,0.07
288562,0.02
288564,0.07
288567,0.24
288576,0.02
288579,0.02
288580,0.17
288589,0.03
288596,0.09
288597,0.01
288599,0.03
288601,0.11
288617,0.01
288621,0.1
288635,0.0
288656,0.02
288666,0.04
288670,0.08
288671,0.02
288673,0.0
288678,0.09
288693,0.15
288699,0.08
288706,0.22
288728,0.15
288739,0.04
288741,0.01
288755,0.02
288763,0.0
288766,0.03
288775,0.3
288780,0.08
288793,0.21
288811,0.12
288821,0.03
288829,0.18
288835,0.04
288836,0.08
288838,0.11
288851,0.07
288853,0.1
288854,0.01
288855,0.0
288876,0.05
288879,0.15
288884,0.32
288886,0.05
288891,0.2
288898,0.13
288911,0.18
288913,0.05
288927,0.02
288928,0.02
288931,0.09
288955,0.13
288961,0.13
288969,0.2
288971,0.05
288973,0.07
288982,0.03
288983,0.04
288986,0.05
288992,0.15
288993,0.01
288996,0.05
289007,0.12
289008,0.06
289014,0.1
289015,0.1
289016,0.04
289017,0.03
289028,0.03
289030,0.12
289040,0.15
289048,0.08
289051,0.28
289055,0.0
289057,0.03
289062,0.2
289063,0.26
289069,0.05
289073,0.12
289074,0.01
289085,0.22
289092,0.05
289097,0.07
289111,0.09
289112,0.15
289116,0.19
289123,0.04
289145,0.25
289146,0.07
289158,0.13
289165,0.12
289166,0.03
289167,0.21
289170,0.18
289193,0.16
289198,0.04
289209,0.07
289211,0.09
289215,0.18
289220,0.2
289232,0.07
289244,0.16
289258,0.08
289271,0.08
289274,0.17
289312,0.09
289321,0.09
289325,0.04
289333,0.22
289340,0.04
289368,0.01
289375,0.03
289380,0.11
289381,0.03
289384,0.09
289403,0.02
289408,0.07
289416,0.04
289463,0.09
289488,0.04
289495,0.16
289498,0.04
289499,0.04
289515,0.05
289531,0.02
289541,0.3
289554,0.11
289565,0.03
289590,0.01
289596,0.1
289601,0.07
289602,0.02
289603,0.04
289608,0.09
289622,0.05
289623,0.04
289625,0.07
289634,0.15
289648,0.14
289650,0.06
289662,0.11
289667,0.17
289674,0.02
289682,0.01
289702,0.2
289706,0.07
289709,0.2
289716,0.13
289725,0.03
289732,0.09
289743,0.06
289762,0.03
289766,0.19
289770,0.03
289775,0.14
289777,0.03
289783,0.07
289797,0.15
289798,0.04
289802,0.05
289812,0.04
289814,0.02
289819,0.05
289828,0.2
289831,0.21
289835,0.05
289844,0.08
289850,0.04
289851,0.09
289865,0.04
289869,0.18
289891,0.18
289907,0.12
289919,0.0
289923,0.17
289924,0.04
289927,0.02
289929,0.18
289951,0.02
289959,0.07
289964,0.18
289965,0.04
289966,0.02
289971,0.08
289988,0.18
289989,0.03
289995,0.44
290005,0.22
290013,0.18
290031,0.13
290036,0.12
290038,0.29
290041,0.23
290056,0.25
290058,0.1
290065,0.04
290069,0.03
290070,0.02
290074,0.15
290076,0.08
290082,0.12
290105,0.02
290111,0.01
290114,0.06
290116,0.22
290117,0.05
290128,0.15
290130,0.1
290139,0.08
290151,0.04
290154,0.01
290158,0.21
290180,0.1
290183,0.01
290190,0.1
290191,0.19
290199,0.09
290200,0.06
290202,0.06
290205,0.18
290206,0.01
290219,0.12
290227,0.01
290232,0.05
290233,0.18
290242,0.1
290246,0.07
290247,0.09
290257,0.12
290259,0.18
290260,0.08
290270,0.0
290273,0.05
290276,0.19
290281,0.18
290296,0.04
290303,0.02
290306,0.03
290331,0.02
290340,0.01
290349,0.08
290355,0.05
290365,0.25
290379,0.34
290389,0.01
290408,0.0
290409,0.24
290433,0.1
290437,0.12
290440,0.1
290448,0.0
290466,0.07
290467,0.02
290479,0.03
290490,0.05
290492,0.12
290503,0.08
290508,0.03
290524,0.09
290526,0.08
290527,0.11
290541,0.15
290557,0.11
290564,0.05
290572,0.01
290576,0.27
290588,0.02
290589,0.1
290595,0.14
290598,0.12
290605,0.2
290609,0.03
290610,0.07
290612,0.06
290634,0.06
290635,0.16
290644,0.29
290672,0.25
290681,0.1
290693,0.04
290695,0.04
290702,0.05
290703,0.04
290711,0.14
290713,0.08
290727,0.1
290730,0.06
290734,0.17
290745,0.05
290746,0.18
290751,0.19
290758,0.07
290766,0.05
290784,0.08
290786,0.01
290813,0.48
290849,0.08
290852,0.06
290881,0.36
290884,0.06
290885,0.04
290889,0.0
290911,0.09
290913,0.38
290923,0.17
290926,0.0
290936,0.13
290941,0.11
290945,0.14
290955,0.02
290961,0.07
290964,0.03
290967,0.09
290970,0.03
290974,0.08
290976,0.05
290978,0.01
290981,0.01
290991,0.0
291005,0.03
291009,0.06
291011,0.08
291012,0.3
291018,0.15
291023,0.04
291028,0.14
291034,0.13
291038,0.23
291039,0.14
291041,0.31
291045,0.08
291048,0.21
291052,0.15
291055,0.01
291082,0.05
291085,0.14
291086,0.02
291094,0.09
291103,0.18
291108,0.04
291110,0.16
291113,0.02
291117,0.0
291124,0.03
291129,0.01
291142,0.23
291155,0.26
291157,0.1
291177,0.02
291178,0.02
291180,0.0
291188,0.19
291198,0.08
291200,0.06
291202,0.13
291207,0.18
291218,0.04
291231,0.08
291232,0.1
291240,0.01
291241,0.08
291245,0.08
291256,0.03
291273,0.09
291274,0.07
291277,0.07
291290,0.15
291303,0.07
291310,0.01
291311,0.12
291319,0.36
291324,0.0
291331,0.22
291334,0.03
291348,0.2
291349,0.17
291359,0.04
291365,0.04
291379,0.15
291396,0.07
291411,0.05
291424,0.08
291425,0.0
291428,0.13
291446,0.11
291449,0.0
291461,0.14
291465,0.06
291480,0.11
291486,0.07
291487,0.03
291491,0.03
291499,0.05
291505,0.15
291512,0.14
291513,0.11
291521,0.02
291523,0.0
291543,0.08
291545,0.08
291546,0.19
291550,0.06
291552,0.02
291561,0.15
291579,0.19
291584,0.12
291586,0.06
291590,0.06
291592,0.49
291593,0.0
291599,0.06
291615,0.03
291617,0.02
291628,0.13
291654,0.11
291658,0.21
291659,0.12
291661,0.29
291671,0.05
291677,0.03
291689,0.13
291693,0.07
291695,0.16
291696,0.06
291697,0.03
291702,0.07
291711,0.02
291713,0.03
291715,0.04
291718,0.09
291733,0.02
291742,0.16
291748,0.01
291765,0.02
291771,0.02
291773,0.03
291788,0.01
291789,0.09
291796,0.14
291800,0.05
291817,0.02
291822,0.14
291840,0.1
291843,0.01
291855,0.09
291858,0.08
291870,0.17
291872,0.01
291874,0.04
291883,0.0
291888,0.06
291894,0.05
291901,0.0
291928,0.21
291930,0.01
291949,0.06
291951,0.08
291953,0.06
291955,0.02
291963,0.4
291969,0.14
291980,0.26
292010,0.06
292022,0.06
292023,0.09
292031,0.03
292034,0.14
292043,0.03
292049,0.08
292055,0.03
292062,0.04
292070,0.04
292072,0.22
292073,0.04
292082,0.15
292096,0.12
292098,0.03
292116,0.18
292118,0.04
292126,0.12
292128,0.04
292137,0.06
292138,0.03
292142,0.06
292149,0.18
292181,0.26
292189,0.05
292191,0.06
292205,0.14
292219,0.05
292227,0.0
292231,0.28
292238,0.05
292246,0.05
292248,0.1
292259,0.08
292261,0.04
292266,0.11
292267,0.0
292272,0.14
292278,0.29
292281,0.08
292286,0.03
292288,0.28
292289,0.01
292304,0.09
292307,0.12
292319,0.04
292320,0.08
292325,0.07
292326,0.18
292331,0.01
292332,0.02
292333,0.04
292334,0.22
292337,0.07
292338,0.29
292342,0.03
292347,0.05
292350,0.07
292355,0.09
292360,0.02
292362,0.03
292363,0.05
292364,0.05
292383,0.22
292397,0.13
292409,0.19
292417,0.08
292426,0.03
292428,0.07
292439,0.33
292443,0.14
292448,0.13
292451,0.08
292452,0.09
292456,0.01
292460,0.11
292463,0.18
292464,0.17
292476,0.12
292480,0.01
292483,0.03
292493,0.03
292501,0.14
292506,0.07
292508,0.0
292513,0.1
292525,0.06
292533,0.16
292540,0.27
292541,0.0
292544,0.05
292549,0.0
292550,0.08
292557,0.26
292558,0.03
292562,0.05
292564,0.01
292583,0.08
292612,0.0
292618,0.04
292623,0.4
292631,0.03
292633,0.23
292641,0.08
292643,0.05
292649,0.01
292650,0.05
292651,0.13
292655,0.07
292659,0.07
292677,0.02
292693,0.06
292697,0.13
292700,0.19
292702,0.06
292710,0.0
292727,0.15
292731,0.11
292732,0.22
292734,0.0
292735,0.0
292737,0.03
292739,0.08
292741,0.03
292767,0.02
292778,0.03
292807,0.13
292813,0.18
292834,0.1
292837,0.01
292839,0.04
292844,0.1
292869,0.05
292874,0.04
292892,0.06
292894,0.11
292916,0.2
292921,0.18
292925,0.25
292929,0.12
292933,0.02
292935,0.08
292938,0.03
292945,0.2
292946,0.03
292953,0.24
292966,0.16
292968,0.09
292983,0.04
292988,0.08
292992,0.08
292997,0.1
293002,0.2
293013,0.05
293030,0.34
293043,0.19
293070,0.1
293093,0.03
293103,0.04
293104,0.0
293117,0.45
293123,0.22
293126,0.33
293128,0.01
293136,0.03
293142,0.07
293146,0.19
293149,0.31
293159,0.02
293169,0.03
293172,0.03
293175,0.03
293176,0.11
293192,0.0
293213,0.14
293218,0.14
293219,0.29
293224,0.08
293225,0.04
293234,0.13
293243,0.07
293249,0.03
293256,0.09
293276,0.23
293283,0.26
293295,0.03
293308,0.09
293309,0.11
293316,0.13
293326,0.01
293330,0.04
293351,0.11
293361,0.05
293366,0.25
293376,0.18
293377,0.11
293382,0.08
293383,0.04
293385,0.04
293402,0.1
293403,0.1
293405,0.05
293412,0.09
293430,0.05
293435,0.02
293438,0.06
293445,0.04
293447,0.2
293451,0.17
293463,0.05
293471,0.03
293482,0.07
293485,0.03
293493,0.27
293496,0.08
293505,0.1
293507,0.0
293508,0.1
293518,0.05
293524,0.06
293527,0.04
293537,0.02
293542,0.08
293556,0.02
293560,0.09
293563,0.23
293565,0.03
293597,0.09
293603,0.07
293607,0.02
293621,0.04
293622,0.16
293623,0.14
293636,0.11
293643,0.08
293659,0.06
293678,0.02
293679,0.02
293681,0.05
293684,0.06
293692,0.21
293696,0.09
293733,0.03
293734,0.03
293745,0.04
293751,0.04
293770,0.06
293778,0.01
293789,0.01
293809,0.11
293815,0.01
293816,0.16
293819,0.08
293822,0.01
293846,0.24
293849,0.02
293850,0.03
293851,0.13
293860,0.0
293863,0.22
293881,0.07
293900,0.1
293907,0.12
293915,0.01
293931,0.01
293935,0.02
293942,0.07
293944,0.29
293967,0.14
293968,0.13
293971,0.02
293972,0.07
293974,0.07
293976,0.08
293985,0.02
293996,0.21
294004,0.01
294007,0.19
294010,0.03
294013,0.27
294016,0.08
294018,0.19
294028,0.18
294041,0.01
294047,0.04
294055,0.04
294062,0.08
294069,0.02
294075,0.26
294091,0.01
294108,0.08
294116,0.13
294125,0.13
294129,0.08
294130,0.01
294134,0.01
294135,0.11
294136,0.04
294141,0.13
294160,0.02
294164,0.31
294184,0.02
294191,0.07
294195,0.11
294199,0.01
294208,0.36
294221,0.01
294225,0.28
294230,0.08
294236,0.13
294256,0.02
294257,0.05
294258,0.26
294282,0.08
294287,0.2
294290,0.04
294300,0.21
294302,0.01
294313,0.04
294314,0.15
294322,0.06
294336,0.05
294339,0.14
294348,0.05
294365,0.25
294373,0.33
294383,0.04
294403,0.16
294406,0.09
294417,0.52
294452,0.11
294463,0.21
294471,0.08
294486,0.06
294501,0.07
294504,0.21
294509,0.04
294511,0.03
294519,0.03
294530,0.05
294532,0.13
294547,0.12
294548,0.02
294554,0.08
294577,0.22
294578,0.01
294580,0.09
294583,0.16
294592,0.03
294595,0.02
294602,0.01
294613,0.15
294617,0.12
294631,0.19
294641,0.0
294653,0.11
294657,0.04
294661,0.26
294665,0.05
294668,0.04
294671,0.04
294682,0.04
294685,0.05
294688,0.07
294690,0.39
294698,0.14
294717,0.16
294724,0.03
294726,0.01
294738,0.07
294744,0.15
294758,0.11
294762,0.05
294776,0.18
294777,0.06
294807,0.19
294816,0.13
294821,0.04
294825,0.2
294834,0.02
294835,0.11
294836,0.05
294840,0.04
294842,0.16
294864,0.03
294874,0.13
294880,0.12
294881,0.11
294897,0.12
294898,0.05
294920,0.09
294923,0.12
294926,0.09
294937,0.05
294941,0.13
294951,0.23
294952,0.01
294953,0.0
294982,0.08
294989,0.05
294995,0.26
295009,0.31
295010,0.13
295013,0.02
295016,0.03
295022,0.15
295024,0.08
295040,0.18
295045,0.08
295047,0.18
295056,0.07
295073,0.11
295080,0.05
295093,0.03
295094,0.08
295095,0.13
295107,0.0
295116,0.04
295140,0.02
295150,0.32
295154,0.33
295155,0.05
295162,0.02
295163,0.16
295168,0.22
295176,0.04
295182,0.05
295183,0.03
295216,0.02
295219,0.09
295239,0.06
295246,0.01
295255,0.07
295257,0.08
295261,0.06
295263,0.06
295265,0.09
295274,0.21
295281,0.12
295286,0.18
295299,0.05
295304,0.01
295306,0.0
295321,0.06
295339,0.09
295342,0.12
295346,0.11
295348,0.05
295354,0.05
295367,0.08
295372,0.05
295373,0.01
295374,0.01
295387,0.06
295389,0.09
295396,0.12
295415,0.1
295418,0.04
295421,0.0
295425,0.0
295431,0.05
295434,0.03
295443,0.08
295453,0.03
295473,0.03
295476,0.07
295477,0.13
295488,0.4
295499,0.09
295504,0.01
295505,0.16
295524,0.0
295529,0.01
295533,0.04
295534,0.05
295549,0.03
295565,0.01
295584,0.07
295585,0.12
295597,0.07
295599,0.06
295604,0.04
295616,0.14
295635,0.0
295637,0.04
295670,0.01
295678,0.01
295701,0.0
295711,0.22
295713,0.23
295734,0.13
295739,0.07
295750,0.03
295773,0.24
295783,0.12
295787,0.1
295790,0.14
295795,0.08
295820,0.01
295821,0.17
295826,0.05
295836,0.05
295837,0.33
295842,0.06
295848,0.0
295850,0.2
295869,0.17
295871,0.09
295873,0.1
295879,0.04
295880,0.18
295892,0.03
295904,0.34
295907,0.09
295908,0.22
295913,0.07
295918,0.02
295921,0.25
295924,0.26
295949,0.02
295953,0.04
295961,0.05
295968,0.02
295971,0.06
295985,0.05
295986,0.02
295987,0.05
295993,0.02
295997,0.12
296005,0.11
296007,0.06
296012,0.1
296022,0.06
296024,0.0
296032,0.09
296034,0.06
296062,0.08
296070,0.03
296074,0.05
296084,0.02
296087,0.0
296088,0.04
296089,0.11
296143,0.04
296172,0.08
296183,0.04
296185,0.09
296194,0.04
296199,0.17
296204,0.18
296206,0.22
296209,0.11
296229,0.14
296239,0.0
296253,0.02
296259,0.28
296264,0.02
296270,0.18
296273,0.14
296284,0.03
296285,0.18
296287,0.0
296288,0.08
296292,0.04
296300,0.1
296301,0.03
296321,0.31
296324,0.05
296335,0.29
296348,0.05
296354,0.08
296369,0.06
296376,0.02
296391,0.06
296393,0.2
296398,0.06
296428,0.09
296432,0.14
296433,0.03
296449,0.05
296450,0.12
296490,0.12
296498,0.17
296499,0.06
296500,0.07
296509,0.23
296514,0.04
296518,0.03
296527,0.02
296532,0.1
296541,0.06
296544,0.14
296546,0.0
296573,0.44
296578,0.02
296589,0.11
296594,0.12
296616,0.15
296623,0.18
296624,0.05
296632,0.07
296633,0.08
296639,0.08
296647,0.05
296656,0.25
296678,0.0
296679,0.22
296695,0.01
296696,0.28
296714,0.11
296721,0.08
296739,0.03
296744,0.53
296747,0.07
296758,0.1
296760,0.06
296766,0.07
296769,0.03
296776,0.08
296780,0.01
296782,0.3
296790,0.1
296795,0.07
296801,0.0
296803,0.12
296806,0.14
296811,0.06
296813,0.0
296818,0.22
296822,0.07
296839,0.2
296848,0.0
296863,0.07
296871,0.03
296872,0.21
296877,0.02
296882,0.22
296885,0.07
296903,0.18
296906,0.26
296912,0.02
296916,0.07
296922,0.04
296926,0.12
296927,0.05
296935,0.03
296939,0.04
296942,0.09
296954,0.1
296968,0.04
296971,0.07
296984,0.04
297004,0.01
297011,0.12
297017,0.04
297019,0.3
297021,0.07
297025,0.05
297033,0.15
297038,0.3
297042,0.51
297065,0.01
297089,0.04
297093,0.3
297098,0.09
297100,0.01
297111,0.06
297115,0.12
297121,0.19
297123,0.21
297129,0.03
297132,0.05
297139,0.04
297147,0.15
297148,0.34
297161,0.09
297167,0.01
297171,0.14
297173,0.08
297179,0.08
297189,0.26
297200,0.01
297201,0.16
297220,0.07
297229,0.23
297234,0.03
297252,0.28
297266,0.17
297269,0.01
297276,0.11
297292,0.01
297300,0.12
297303,0.01
297305,0.16
297307,0.07
297313,0.12
297336,0.03
297340,0.27
297344,0.06
297349,0.02
297358,0.02
297363,0.1
297369,0.01
297372,0.01
297380,0.06
297384,0.06
297385,0.16
297389,0.0
297390,0.19
297415,0.08
297419,0.14
297421,0.24
297424,0.01
297431,0.02
297447,0.18
297456,0.04
297457,0.04
297463,0.17
297464,0.04
297474,0.06
297479,0.02
297480,0.09
297494,0.05
297495,0.05
297507,0.01
297514,0.04
297515,0.03
297516,0.18
297521,0.02
297534,0.09
297553,0.0
297575,0.06
297584,0.27
297586,0.03
297606,0.05
297630,0.06
297636,0.08
297646,0.07
297650,0.01
297651,0.11
297656,0.01
297675,0.03
297681,0.14
297699,0.0
297702,0.02
297712,0.04
297718,0.13
297730,0.1
297731,0.09
297745,0.01
297768,0.18
297771,0.03
297774,0.02
297781,0.06
297786,0.07
297798,0.09
297809,0.06
297822,0.14
297828,0.01
297840,0.17
297852,0.11
297859,0.1
297868,0.05
297883,0.1
297887,0.03
297896,0.09
297898,0.03
297917,0.13
297943,0.0
297954,0.09
297965,0.06
297992,0.01
297993,0.08
298001,0.13
298005,0.06
298010,0.05
298013,0.11
298014,0.13
298015,0.12
298025,0.31
298026,0.09
298032,0.08
298039,0.24
298049,0.21
298051,0.01
298058,0.12
298062,0.03
298070,0.19
298078,0.15
298084,0.18
298108,0.2
298113,0.21
298115,0.06
298126,0.04
298131,0.02
298134,0.02
298135,0.19
298139,0.01
298142,0.1
298152,0.09
298154,0.06
298155,0.05
298161,0.19
298165,0.09
298166,0.2
298171,0.02
298179,0.07
298182,0.01
298187,0.02
298192,0.07
298194,0.07
298213,0.19
298215,0.23
298216,0.0
298217,0.0
298223,0.1
298256,0.04
298275,0.06
298277,0.06
298279,0.12
298285,0.02
298286,0.25
298296,0.06
298309,0.16
298312,0.09
298323,0.02
298330,0.01
298340,0.03
298341,0.0
298349,0.02
298353,0.01
298363,0.08
298367,0.01
298378,0.18
298380,0.06
298392,0.09
298395,0.14
298405,0.04
298426,0.22
298427,0.07
298444,0.1
298450,0.01
298458,0.05
298462,0.05
298463,0.0
298479,0.02
298480,0.1
298487,0.16
298499,0.04
298500,0.11
298506,0.02
298507,0.08
298512,0.23
298515,0.06
298517,0.07
298532,0.42
298533,0.08
298560,0.08
298564,0.01
298567,0.36
298568,0.09
298569,0.16
298570,0.11
298579,0.0
298583,0.03
298591,0.06
298593,0.2
298600,0.05
298609,0.0
298620,0.07
298622,0.03
298628,0.08
298633,0.19
298657,0.07
298669,0.05
298671,0.13
298677,0.08
298692,0.03
298703,0.04
298705,0.09
298711,0.07
298713,0.06
298757,0.08
298766,0.0
298768,0.37
298770,0.0
298776,0.21
298785,0.01
298787,0.06
298792,0.11
298795,0.0
298799,0.02
298806,0.19
298810,0.03
298818,0.1
298822,0.2
298823,0.0
298834,0.0
298837,0.14
298841,0.14
298845,0.18
298852,0.16
298855,0.09
298858,0.13
298860,0.03
298861,0.0
298863,0.03
298866,0.01
298873,0.06
298880,0.15
298889,0.04
298896,0.18
298917,0.22
298929,0.05
298940,0.31
298946,0.06
298949,0.05
298966,0.26
298984,0.16
298994,0.08
299004,0.47
299012,0.01
299022,0.31
299024,0.0
299026,0.11
299035,0.02
299036,0.02
299039,0.06
299061,0.06
299064,0.02
299067,0.09
299074,0.23
299075,0.04
299078,0.06
299109,0.12
299117,0.1
299121,0.02
299127,0.37
299134,0.3
299136,0.01
299137,0.07
299139,0.36
299168,0.01
299176,0.0
299184,0.19
299188,0.05
299191,0.13
299208,0.17
299229,0.02
299238,0.06
299241,0.04
299257,0.1
299260,0.04
299264,0.08
299279,0.05
299308,0.04
299310,0.07
299311,0.07
299317,0.07
299325,0.16
299329,0.14
299334,0.1
299335,0.17
299339,0.2
299351,0.11
299352,0.01
299365,0.18
299393,0.15
299400,0.03
299404,0.17
299406,0.32
299410,0.2
299413,0.1
299434,0.22
299448,0.0
299463,0.01
299464,0.28
299470,0.13
299480,0.05
299488,0.04
299496,0.04
299501,0.28
299504,0.17
299532,0.15
299536,0.08
299550,0.09
299554,0.09
299564,0.2
299577,0.07
299581,0.07
299594,0.13
299632,0.04
299633,0.08
299650,0.19
299678,0.1
299682,0.2
299705,0.11
299719,0.17
299720,0.06
299724,0.08
299730,0.02
299750,0.0
299766,0.07
299774,0.12
299787,0.04
299817,0.01
299818,0.28
299826,0.13
299833,0.03
299845,0.17
299847,0.53
299850,0.03
299866,0.01
299869,0.05
299870,0.04
299874,0.0
299877,0.04
299891,0.29
299898,0.1
299900,0.15
299904,0.0
299912,0.07
299914,0.05
299919,0.07
299931,0.06
299934,0.02
299941,0.15
299946,0.03
299947,0.07
299972,0.07
299973,0.19
299975,0.04
299979,0.12
299981,0.1
299983,0.26
299985,0.28
299986,0.01
300011,0.11
300013,0.07
300028,0.02
300042,0.02
300043,0.04
300058,0.13
300073,0.05
300075,0.04
300087,0.01
300090,0.04
300107,0.03
300115,0.12
300119,0.01
300122,0.26
300125,0.01
300126,0.04
300137,0.2
300139,0.05
300145,0.05
300155,0.19
300169,0.01
300170,0.03
300175,0.08
300177,0.13
300186,0.03
300188,0.04
300194,0.02
300207,0.18
300210,0.11
300217,0.16
300221,0.03
300235,0.06
300238,0.05
300240,0.12
300241,0.09
300249,0.05
300255,0.04
300259,0.08
300272,0.0
300274,0.06
300276,0.1
300284,0.08
300293,0.07
300306,0.01
300310,0.2
300324,0.12
300339,0.02
300346,0.02
300348,0.12
300354,0.06
300356,0.02
300358,0.08
300363,0.19
300366,0.07
300368,0.13
300370,0.15
300385,0.11
300392,0.3
300393,0.05
300403,0.1
300411,0.2
300420,0.01
300421,0.07
300435,0.12
300437,0.1
300440,0.1
300443,0.02
300456,0.29
300458,0.08
300459,0.07
300460,0.03
300462,0.06
300481,0.01
300486,0.36
300488,0.03
300503,0.07
300506,0.13
300517,0.12
300523,0.03
300525,0.08
300526,0.25
300552,0.06
300560,0.06
300570,0.04
300583,0.15
300585,0.17
300587,0.02
300598,0.03
300600,0.02
300608,0.18
300612,0.02
300618,0.06
300621,0.12
300640,0.0
300641,0.1
300651,0.04
300653,0.03
300667,0.09
300678,0.07
300680,0.12
300687,0.02
300702,0.26
300717,0.06
300722,0.07
300723,0.07
300732,0.09
300752,0.09
300761,0.17
300775,0.05
300786,0.03
300787,0.04
300788,0.18
300789,0.08
300794,0.18
300808,0.12
300834,0.09
300842,0.03
300844,0.23
300850,0.07
300851,0.15
300854,0.0
300866,0.01
300867,0.09
300868,0.18
300882,0.15
300883,0.12
300891,0.22
300894,0.01
300901,0.29
300904,0.06
300910,0.23
300914,0.07
300918,0.28
300948,0.19
300954,0.18
300958,0.12
300959,0.01
300970,0.01
300971,0.19
300975,0.2
300981,0.21
300983,0.2
300993,0.44
300996,0.06
301001,0.09
301005,0.0
301010,0.2
301021,0.39
301026,0.08
301029,0.0
301032,0.06
301061,0.26
301073,0.06
301083,0.05
301089,0.16
301093,0.18
301098,0.23
301103,0.19
301105,0.04
301112,0.29
301120,0.06
301122,0.0
301124,0.18
301137,0.09
301169,0.04
301173,0.08
301177,0.29
301179,0.03
301180,0.16
301185,0.03
301195,0.32
301199,0.07
301201,0.25
301206,0.16
301209,0.14
301210,0.06
301216,0.3
301224,0.2
301226,0.14
301227,0.08
301243,0.06
301246,0.01
301248,0.06
301252,0.0
301259,0.07
301260,0.0
301267,0.02
301268,0.13
301274,0.15
301281,0.09
301287,0.04
301288,0.05
301299,0.01
301304,0.02
301325,0.18
301327,0.09
301331,0.26
301332,0.03
301336,0.02
301345,0.03
301348,0.01
301356,0.08
301358,0.07
301360,0.02
301364,0.04
301389,0.03
301415,0.03
301421,0.15
301422,0.09
301424,0.1
301426,0.05
301433,0.09
301459,0.19
301460,0.16
301478,0.07
301483,0.01
301493,0.1
301494,0.03
301503,0.05
301510,0.11
301516,0.02
301530,0.19
301531,0.06
301549,0.03
301550,0.21
301555,0.09
301573,0.02
301588,0.05
301593,0.14
301613,0.15
301625,0.27
301643,0.11
301650,0.15
301651,0.07
301652,0.05
301653,0.2
301665,0.11
301684,0.05
301686,0.16
301694,0.13
301697,0.02
301698,0.05
301717,0.09
301725,0.09
301728,0.14
301734,0.06
301749,0.1
301761,0.2
301766,0.08
301775,0.16
301782,0.19
301784,0.19
301787,0.01
301789,0.24
301790,0.04
301804,0.06
301806,0.12
301817,0.09
301826,0.09
301837,0.15
301842,0.09
301848,0.01
301859,0.15
301860,0.01
301867,0.04
301877,0.02
301883,0.01
301902,0.03
301908,0.1
301916,0.01
301920,0.0
301921,0.03
301931,0.01
301939,0.12
301941,0.09
301943,0.06
301949,0.05
301955,0.12
301963,0.11
301968,0.06
301975,0.16
301988,0.09
302000,0.2
302005,0.02
302007,0.07
302016,0.05
302028,0.02
302038,0.0
302043,0.01
302051,0.04
302056,0.03
302063,0.09
302072,0.0
302074,0.06
302080,0.03
302093,0.04
302096,0.08
302123,0.0
302125,0.01
302128,0.03
302145,0.12
302146,0.12
302160,0.11
302166,0.06
302174,0.02
302175,0.14
302186,0.33
302190,0.09
302202,0.02
302207,0.02
302211,0.02
302215,0.03
302216,0.07
302217,0.02
302225,0.38
302231,0.02
302233,0.0
302259,0.02
302263,0.05
302281,0.08
302285,0.06
302288,0.14
302292,0.38
302303,0.11
302306,0.07
302309,0.19
302332,0.07
302341,0.02
302350,0.11
302352,0.15
302356,0.15
302361,0.04
302364,0.13
302373,0.06
302378,0.06
302385,0.08
302389,0.17
302393,0.22
302403,0.04
302422,0.03
302425,0.08
302431,0.22
302443,0.01
302448,0.03
302449,0.13
302455,0.12
302460,0.01
302462,0.07
302466,0.04
302467,0.16
302470,0.18
302472,0.08
302480,0.19
302481,0.02
302491,0.12
302494,0.0
302503,0.14
302504,0.2
302507,0.13
302527,0.21
302571,0.14
302580,0.22
302583,0.01
302591,0.0
302601,0.05
302613,0.03
302621,0.04
302638,0.02
302639,0.22
302655,0.09
302670,0.19
302673,0.4
302675,0.07
302691,0.05
302701,0.05
302705,0.03
302727,0.02
302750,0.06
302751,0.11
302757,0.06
302758,0.19
302761,0.01
302767,0.02
302787,0.0
302797,0.01
302799,0.03
302800,0.13
302815,0.05
302826,0.37
302827,0.0
302842,0.01
302856,0.03
302877,0.03
302879,0.06
302881,0.07
302882,0.05
302885,0.24
302905,0.02
302911,0.02
302916,0.16
302919,0.23
302947,0.01
302957,0.01
302968,0.0
302978,0.04
302984,0.1
302991,0.03
303007,0.02
303010,0.08
303012,0.16
303013,0.21
303024,0.04
303027,0.01
303034,0.04
303036,0.11
303037,0.03
303050,0.04
303060,0.25
303062,0.05
303066,0.0
303068,0.24
303077,0.23
303080,0.04
303082,0.03
303083,0.02
303085,0.05
303087,0.08
303089,0.07
303103,0.0
303105,0.05
303106,0.2
303120,0.03
303121,0.02
303127,0.01
303130,0.01
303142,0.0
303162,0.11
303169,0.09
303189,0.04
303220,0.09
303222,0.29
303223,0.05
303227,0.07
303262,0.03
303264,0.01
303277,0.03
303288,0.01
303292,0.04
303294,0.09
303301,0.41
303312,0.05
303328,0.26
303330,0.03
303347,0.0
303354,0.08
303356,0.02
303362,0.03
303377,0.08
303386,0.07
303393,0.01
303397,0.0
303403,0.07
303413,0.02
303416,0.07
303428,0.08
303429,0.04
303432,0.08
303446,0.13
303455,0.07
303464,0.0
303465,0.05
303473,0.1
303476,0.18
303479,0.17
303482,0.03
303484,0.06
303492,0.21
303493,0.09
303497,0.1
303498,0.01
303499,0.13
303509,0.07
303513,0.01
303524,0.0
303525,0.19
303540,0.02
303544,0.03
303548,0.04
303551,0.03
303569,0.13
303584,0.05
303592,0.07
303602,0.14
303607,0.09
303619,0.01
303630,0.1
303643,0.26
303644,0.08
303670,0.14
303671,0.04
303678,0.08
303689,0.06
303698,0.11
303702,0.02
303704,0.03
303711,0.05
303727,0.03
303728,0.0
303741,0.23
303752,0.04
303755,0.02
303777,0.09
303790,0.26
303798,0.09
303804,0.28
303812,0.01
303814,0.12
303817,0.23
303818,0.22
303848,0.08
303850,0.0
303854,0.1
303857,0.05
303860,0.15
303870,0.34
303877,0.01
303884,0.11
303893,0.01
303899,0.01
303900,0.19
303902,0.0
303906,0.12
303920,0.29
303937,0.05
303939,0.09
303941,0.05
303962,0.04
303963,0.2
303971,0.03
303978,0.06
303980,0.07
303986,0.12
304018,0.14
304025,0.01
304027,0.05
304028,0.27
304029,0.08
304030,0.0
304035,0.04
304040,0.08
304058,0.2
304083,0.09
304089,0.26
304092,0.07
304093,0.07
304100,0.0
304121,0.02
304142,0.01
304154,0.23
304158,0.21
304164,0.04
304173,0.33
304175,0.05
304182,0.03
304194,0.12
304201,0.22
304202,0.07
304206,0.05
304210,0.06
304226,0.01
304237,0.0
304256,0.25
304257,0.01
304265,0.07
304271,0.15
304274,0.32
304286,0.09
304292,0.17
304299,0.05
304350,0.07
304352,0.04
304355,0.07
304360,0.0
304361,0.22
304363,0.16
304375,0.21
304378,0.02
304382,0.13
304385,0.19
304386,0.02
304387,0.1
304388,0.02
304391,0.11
304398,0.06
304406,0.02
304420,0.07
304431,0.12
304436,0.39
304438,0.01
304440,0.1
304441,0.05
304450,0.08
304451,0.09
304454,0.02
304462,0.18
304466,0.07
304469,0.16
304472,0.07
304475,0.09
304481,0.02
304483,0.06
304485,0.12
304486,0.01
304504,0.09
304505,0.07
304512,0.02
304516,0.3
304517,0.0
304528,0.0
304530,0.05
304536,0.04
304549,0.01
304552,0.1
304554,0.07
304581,0.07
304593,0.02
304596,0.31
304604,0.1
304610,0.07
304614,0.01
304628,0.02
304629,0.04
304637,0.07
304644,0.0
304654,0.36
304664,0.27
304676,0.06
304680,0.09
304687,0.02
304696,0.22
304698,0.22
304700,0.07
304703,0.16
304704,0.02
304710,0.13
304717,0.06
304729,0.41
304732,0.03
304736,0.18
304738,0.13
304756,0.01
304771,0.02
304773,0.02
304776,0.01
304778,0.04
304779,0.08
304780,0.04
304790,0.13
304793,0.04
304805,0.3
304811,0.03
304825,0.07
304828,0.08
304829,0.09
304842,0.19
304851,0.07
304857,0.01
304884,0.06
304891,0.07
304897,0.16
304898,0.07
304905,0.0
304907,0.17
304917,0.02
304931,0.01
304935,0.01
304942,0.35
304954,0.08
304959,0.02
304968,0.07
304971,0.05
304977,0.16
304982,0.1
304985,0.01
304991,0.02
304992,0.1
304997,0.07
305004,0.04
305008,0.03
305019,0.01
305020,0.25
305025,0.0
305037,0.1
305046,0.17
305056,0.01
305062,0.01
305064,0.26
305065,0.04
305076,0.13
305108,0.2
305110,0.1
305115,0.07
305121,0.3
305125,0.07
305141,0.05
305151,0.04
305159,0.02
305162,0.05
305165,0.12
305174,0.04
305178,0.06
305180,0.06
305182,0.12
305183,0.02
305194,0.04
305199,0.14
305210,0.06
305214,0.21
305215,0.01
305218,0.04
305225,0.06
305229,0.09
305231,0.0
305233,0.13
305237,0.04
305260,0.05
305261,0.13
305278,0.03
305286,0.15
305293,0.02
305300,0.01
305301,0.25
305326,0.23
305334,0.14
305340,0.28
305348,0.01
305352,0.06
305359,0.21
305360,0.01
305362,0.14
305383,0.01
305406,0.09
305408,0.08
305412,0.19
305413,0.13
305414,0.17
305417,0.0
305421,0.07
305422,0.02
305447,0.02
305448,0.03
305450,0.16
305452,0.04
305459,0.05
305460,0.18
305474,0.06
305475,0.04
305481,0.28
305494,0.03
305503,0.06
305507,0.0
305508,0.21
305513,0.16
305518,0.1
305523,0.04
305526,0.09
305529,0.02
305532,0.05
305543,0.08
305555,0.01
305562,0.02
305571,0.04
305578,0.18
305579,0.01
305584,0.04
305603,0.12
305620,0.32
305626,0.06
305636,0.04
305640,0.01
305653,0.06
305662,0.21
305663,0.04
305667,0.06
305683,0.22
305698,0.0
305699,0.32
305707,0.02
305717,0.26
305723,0.0
305735,0.07
305738,0.33
305746,0.03
305766,0.05
305773,0.0
305776,0.02
305777,0.01
305809,0.08
305813,0.01
305816,0.1
305820,0.07
305826,0.06
305838,0.19
305839,0.05
305846,0.05
305861,0.04
305863,0.11
305869,0.01
305872,0.14
305876,0.04
305881,0.1
305887,0.02
305894,0.12
305898,0.02
305905,0.2
305908,0.09
305914,0.2
305915,0.01
305922,0.02
305938,0.11
305946,0.04
305956,0.13
305963,0.0
305965,0.02
305988,0.12
305990,0.02
305991,0.03
305994,0.07
305998,0.03
306003,0.08
306012,0.07
306016,0.08
306021,0.16
306025,0.13
306030,0.28
306047,0.08
306051,0.06
306063,0.06
306066,0.09
306069,0.01
306074,0.11
306091,0.08
306094,0.05
306095,0.12
306114,0.15
306116,0.0
306121,0.1
306127,0.16
306128,0.2
306133,0.15
306142,0.03
306144,0.05
306150,0.06
306153,0.02
306156,0.1
306159,0.43
306161,0.03
306173,0.11
306175,0.17
306193,0.14
306194,0.08
306198,0.18
306203,0.14
306209,0.14
306212,0.05
306216,0.31
306233,0.02
306247,0.14
306264,0.05
306267,0.07
306293,0.05
306302,0.31
306305,0.06
306311,0.06
306345,0.12
306357,0.02
306368,0.0
306372,0.25
306378,0.08
306389,0.01
306398,0.08
306414,0.09
306419,0.15
306437,0.19
306438,0.14
306441,0.04
306443,0.2
306450,0.04
306464,0.08
306468,0.14
306469,0.01
306484,0.01
306527,0.07
306538,0.09
306547,0.05
306554,0.02
306557,0.22
306560,0.04
306561,0.03
306565,0.0
306569,0.03
306576,0.04
306587,0.05
306604,0.04
306624,0.03
306625,0.24
306628,0.19
306647,0.02
306651,0.14
306658,0.11
306660,0.15
306664,0.07
306670,0.15
306699,0.07
306701,0.12
306712,0.04
306716,0.1
306727,0.08
306729,0.26
306735,0.08
306739,0.0
306756,0.07
306757,0.11
306767,0.06
306775,0.01
306795,0.16
306799,0.07
306800,0.08
306805,0.06
306812,0.0
306820,0.08
306840,0.13
306845,0.05
306848,0.06
306856,0.08
306862,0.09
306863,0.07
306868,0.33
306873,0.34
306876,0.07
306893,0.11
306896,0.04
306899,0.03
306907,0.21
306908,0.13
306917,0.24
306927,0.03
306930,0.03
306935,0.1
306942,0.08
306951,0.03
306961,0.06
306970,0.34
306972,0.15
306973,0.06
306976,0.01
306978,0.08
306990,0.14
306992,0.37
306995,0.03
307001,0.27
307004,0.35
307005,0.11
307006,0.05
307010,0.13
307011,0.04
307014,0.01
307016,0.12
307022,0.03
307027,0.3
307052,0.02
307061,0.1
307072,0.39
307078,0.02
307111,0.08
307112,0.05
307134,0.19
307143,0.08
307147,0.08
307148,0.17
307162,0.04
307166,0.02
307168,0.08
307174,0.06
307177,0.04
307197,0.06
307198,0.08
307199,0.18
307205,0.12
307207,0.07
307210,0.02
307212,0.01
307223,0.1
307224,0.0
307236,0.27
307241,0.05
307242,0.14
307259,0.1
307271,0.2
307274,0.03
307281,0.31
307288,0.16
307294,0.02
307302,0.1
307308,0.01
307313,0.14
307344,0.09
307350,0.07
307366,0.03
307372,0.02
307373,0.22
307374,0.06
307378,0.02
307384,0.04
307398,0.1
307406,0.21
307416,0.05
307420,0.16
307424,0.1
307427,0.22
307429,0.01
307436,0.02
307456,0.07
307491,0.03
307494,0.01
307496,0.05
307500,0.09
307504,0.18
307509,0.23
307511,0.25
307520,0.07
307527,0.0
307537,0.08
307539,0.12
307558,0.06
307561,0.08
307575,0.08
307577,0.07
307588,0.06
307636,0.08
307639,0.27
307641,0.08
307646,0.07
307653,0.16
307661,0.3
307669,0.08
307674,0.01
307678,0.09
307691,0.06
307697,0.01
307699,0.0
307702,0.03
307708,0.14
307712,0.12
307716,0.01
307729,0.04
307753,0.02
307765,0.24
307781,0.14
307787,0.06
307788,0.01
307798,0.11
307799,0.06
307800,0.04
307801,0.16
307804,0.07
307816,0.14
307820,0.0
307824,0.05
307828,0.02
307832,0.23
307836,0.08
307842,0.04
307851,0.29
307856,0.0
307861,0.08
307879,0.0
307904,0.16
307911,0.03
307912,0.02
307913,0.15
307922,0.02
307924,0.02
307925,0.07
307929,0.05
307933,0.27
307945,0.06
307948,0.02
307961,0.3
307962,0.02
307963,0.05
307971,0.06
307983,0.05
307984,0.03
307988,0.08
307993,0.19
307994,0.13
308007,0.11
308008,0.03
308018,0.1
308023,0.03
308026,0.03
308028,0.01
308030,0.06
308034,0.16
308053,0.02
308065,0.05
308095,0.0
308096,0.08
308100,0.08
308114,0.02
308116,0.3
308120,0.03
308128,0.24
308132,0.05
308134,0.09
308140,0.1
308142,0.12
308164,0.04
308168,0.24
308169,0.16
308171,0.23
308176,0.16
308177,0.04
308179,0.04
308180,0.38
308184,0.04
308188,0.21
308189,0.03
308190,0.07
308200,0.07
308210,0.01
308211,0.11
308218,0.09
308220,0.07
308228,0.01
308231,0.02
308236,0.0
308247,0.06
308251,0.09
308260,0.02
308266,0.02
308267,0.12
308280,0.38
308298,0.03
308301,0.03
308309,0.03
308312,0.26
308325,0.04
308334,0.19
308339,0.01
308346,0.22
308359,0.06
308360,0.03
308380,0.08
308391,0.05
308403,0.0
308408,0.05
308410,0.21
308415,0.28
308420,0.13
308427,0.06
308442,0.03
308447,0.4
308462,0.11
308464,0.07
308465,0.06
308467,0.28
308468,0.03
308476,0.01
308488,0.3
308498,0.0
308504,0.14
308507,0.0
308509,0.01
308521,0.09
308536,0.19
308537,0.28
308543,0.03
308547,0.2
308559,0.07
308565,0.04
308569,0.06
308584,0.0
308591,0.18
308608,0.11
308610,0.04
308613,0.18
308618,0.15
308623,0.07
308632,0.04
308636,0.15
308641,0.04
308643,0.03
308664,0.18
308678,0.0
308679,0.09
308691,0.11
308692,0.07
308701,0.03
308709,0.13
308711,0.14
308719,0.11
308723,0.01
308727,0.2
308732,0.04
308738,0.01
308747,0.08
308749,0.0
308755,0.01
308756,0.12
308761,0.03
308779,0.04
308780,0.14
308784,0.16
308789,0.11
308807,0.05
308818,0.42
308819,0.1
308822,0.36
308827,0.07
308831,0.03
308833,0.02
308842,0.04
308868,0.04
308871,0.03
308881,0.01
308889,0.01
308892,0.03
308900,0.07
308903,0.01
308912,0.21
308916,0.05
308919,0.22
308920,0.13
308921,0.04
308928,0.11
308929,0.24
308934,0.1
308940,0.07
308941,0.02
308946,0.08
308956,0.05
308958,0.08
308963,0.02
308965,0.08
308971,0.07
308977,0.08
308985,0.03
308987,0.08
308995,0.1
309005,0.04
309007,0.29
309015,0.0
309016,0.04
309018,0.05
309019,0.21
309035,0.0
309042,0.06
309044,0.01
309052,0.1
309061,0.02
309064,0.04
309072,0.04
309075,0.04
309083,0.1
309099,0.04
309124,0.0
309125,0.16
309146,0.02
309159,0.01
309161,0.03
309168,0.21
309180,0.01
309185,0.19
309195,0.15
309198,0.0
309200,0.15
309202,0.14
309204,0.05
309213,0.19
309227,0.11
309234,0.04
309241,0.0
309242,0.0
309244,0.3
309246,0.13
309250,0.01
309251,0.12
309274,0.1
309276,0.21
309280,0.24
309298,0.26
309301,0.29
309302,0.19
309326,0.09
309335,0.28
309341,0.04
309343,0.18
309344,0.0
309354,0.02
309362,0.02
309399,0.22
309406,0.03
309409,0.1
309411,0.2
309418,0.47
309421,0.04
309435,0.03
309443,0.16
309455,0.04
309462,0.11
309473,0.02
309476,0.29
309478,0.03
309493,0.05
309502,0.05
309508,0.35
309526,0.2
309536,0.05
309544,0.01
309547,0.19
309555,0.05
309562,0.03
309569,0.13
309574,0.22
309577,0.19
309578,0.11
309579,0.12
309585,0.14
309588,0.07
309603,0.04
309604,0.06
309617,0.19
309620,0.0
309623,0.11
309648,0.25
309665,0.06
309682,0.02
309694,0.13
309702,0.0
309711,0.0
309713,0.17
309729,0.1
309735,0.07
309744,0.08
309749,0.11
309750,0.0
309759,0.24
309761,0.06
309770,0.06
309776,0.02
309777,0.01
309789,0.05
309790,0.0
309800,0.18
309813,0.12
309814,0.14
309815,0.32
309825,0.07
309826,0.01
309829,0.06
309831,0.04
309837,0.09
309846,0.08
309849,0.34
309855,0.0
309860,0.21
309879,0.06
309882,0.57
309887,0.08
309892,0.05
309895,0.06
309902,0.08
309915,0.17
309923,0.0
309941,0.25
309942,0.1
309945,0.06
309950,0.17
309955,0.05
309963,0.04
309964,0.03
309967,0.11
309969,0.07
309971,0.07
309978,0.15
309987,0.16
309990,0.06
309992,0.1
309993,0.02
310010,0.07
310012,0.07
310017,0.01
310018,0.02
310022,0.06
310031,0.11
310033,0.04
310034,0.08
310038,0.15
310044,0.12
310062,0.08
310071,0.0
310075,0.15
310082,0.14
310093,0.12
310101,0.04
310106,0.03
310118,0.2
310123,0.08
310126,0.04
310130,0.07
310141,0.06
310145,0.1
310148,0.22
310150,0.12
310159,0.13
310162,0.06
310163,0.07
310166,0.03
310167,0.03
310170,0.12
310181,0.06
310187,0.02
310191,0.04
310192,0.04
310197,0.33
310200,0.07
310201,0.09
310203,0.07
310204,0.06
310213,0.04
310215,0.09
310218,0.31
310236,0.26
310238,0.03
310241,0.13
310245,0.27
310252,0.04
310259,0.02
310260,0.1
310261,0.1
310262,0.0
310274,0.02
310294,0.33
310296,0.11
310298,0.08
310306,0.06
310307,0.15
310316,0.0
310329,0.07
310338,0.08
310342,0.01
310343,0.25
310360,0.1
310362,0.22
310378,0.09
310379,0.08
310383,0.25
310385,0.2
310387,0.07
310388,0.02
310400,0.0
310408,0.26
310414,0.33
310423,0.04
310424,0.1
310428,0.05
310432,0.04
310456,0.03
310463,0.14
310475,0.28
310476,0.06
310482,0.04
310485,0.07
310490,0.08
310496,0.01
310505,0.13
310519,0.05
310546,0.09
310547,0.12
310553,0.11
310555,0.02
310556,0.49
310568,0.02
310573,0.07
310574,0.06
310577,0.01
310580,0.14
310581,0.01
310583,0.07
310586,0.05
310591,0.01
310598,0.15
310606,0.04
310628,0.07
310634,0.08
310638,0.1
310646,0.02
310648,0.38
310654,0.01
310659,0.17
310663,0.05
310669,0.02
310670,0.0
310674,0.03
310691,0.15
310693,0.01
310702,0.01
310706,0.02
310709,0.03
310711,0.16
310720,0.13
310739,0.3
310742,0.25
310743,0.08
310752,0.09
310753,0.15
310757,0.19
310763,0.01
310764,0.02
310769,0.04
310771,0.11
310775,0.06
310779,0.1
310781,0.13
310784,0.03
310793,0.04
310794,0.0
310816,0.19
310823,0.08
310837,0.07
310856,0.04
310865,0.01
310866,0.09
310872,0.14
310877,0.14
310879,0.18
310883,0.05
310884,0.22
310908,0.0
310928,0.01
310935,0.0
310954,0.04
310964,0.41
310971,0.1
310972,0.08
310983,0.17
310988,0.0
310994,0.02
311003,0.04
311020,0.07
311024,0.3
311037,0.02
311064,0.01
311070,0.06
311086,0.27
311087,0.08
311108,0.02
311110,0.04
311115,0.02
311116,0.25
311117,0.19
311128,0.12
311136,0.27
311146,0.04
311155,0.03
311157,0.07
311159,0.05
311170,0.27
311184,0.02
311199,0.03
311208,0.14
311209,0.12
311220,0.19
311230,0.14
311233,0.01
311241,0.22
311261,0.03
311262,0.03
311268,0.02
311277,0.19
311296,0.03
311298,0.03
311310,0.17
311313,0.21
311316,0.09
311324,0.23
311327,0.05
311331,0.04
311335,0.05
311343,0.21
311346,0.09
311357,0.13
311358,0.02
311365,0.0
311370,0.17
311376,0.02
311380,0.16
311393,0.11
311399,0.05
311404,0.03
311409,0.07
311425,0.18
311436,0.1
311455,0.02
311459,0.17
311475,0.16
311499,0.06
311509,0.01
311518,0.04
311535,0.05
311536,0.05
311540,0.09
311542,0.2
311552,0.3
311562,0.38
311580,0.02
311583,0.03
311588,0.12
311595,0.04
311601,0.12
311605,0.08
311609,0.29
311612,0.08
311621,0.07
311623,0.02
311625,0.11
311636,0.15
311637,0.16
311646,0.21
311648,0.02
311654,0.03
311663,0.19
311676,0.21
311679,0.15
311683,0.1
311685,0.01
311691,0.06
311695,0.06
311700,0.03
311710,0.1
311714,0.02
311716,0.15
311725,0.03
311727,0.19
311728,0.03
311737,0.25
311738,0.04
311743,0.14
311746,0.01
311747,0.28
311761,0.09
311765,0.02
311773,0.11
311776,0.02
311786,0.28
311801,0.02
311820,0.12
311822,0.42
311829,0.04
311835,0.02
311846,0.06
311851,0.1
311854,0.06
311872,0.06
311875,0.04
311888,0.05
311916,0.08
311928,0.07
311931,0.2
311933,0.32
311934,0.15
311948,0.09
311949,0.15
311950,0.09
311952,0.09
311954,0.05
311962,0.2
311965,0.01
311968,0.08
311976,0.13
311977,0.01
311983,0.07
311989,0.01
311996,0.1
311999,0.08
312007,0.14
312022,0.05
312023,0.04
312034,0.07
312042,0.06
312049,0.04
312077,0.15
312088,0.05
312091,0.3
312114,0.06
312115,0.04
312117,0.06
312119,0.14
312126,0.49
312127,0.06
312134,0.3
312164,0.03
312176,0.02
312178,0.02
312184,0.03
312185,0.09
312186,0.02
312191,0.1
312197,0.01
312213,0.21
312223,0.17
312224,0.35
312225,0.0
312226,0.03
312231,0.01
312239,0.04
312251,0.09
312271,0.03
312278,0.0
312281,0.04
312289,0.01
312291,0.03
312301,0.13
312302,0.16
312316,0.09
312324,0.05
312338,0.0
312361,0.0
312363,0.11
312368,0.03
312382,0.0
312384,0.09
312390,0.04
312395,0.08
312396,0.24
312400,0.13
312406,0.09
312412,0.03
312414,0.11
312417,0.06
312425,0.03
312428,0.02
312431,0.09
312437,0.22
312442,0.02
312451,0.09
312460,0.13
312464,0.04
312466,0.02
312470,0.05
312473,0.22
312490,0.06
312493,0.22
312503,0.13
312509,0.11
312520,0.04
312528,0.03
312543,0.05
312544,0.05
312553,0.01
312558,0.03
312565,0.1
312568,0.05
312579,0.04
312581,0.07
312582,0.06
312596,0.12
312597,0.12
312598,0.01
312617,0.34
312627,0.05
312635,0.03
312637,0.17
312639,0.05
312640,0.19
312642,0.22
312651,0.17
312663,0.04
312668,0.04
312685,0.03
312691,0.04
312693,0.09
312710,0.06
312711,0.04
312712,0.02
312720,0.0
312746,0.17
312763,0.0
312770,0.01
312791,0.21
312795,0.14
312796,0.13
312797,0.24
312804,0.0
312812,0.02
312813,0.14
312825,0.04
312827,0.23
312841,0.1
312842,0.25
312845,0.09
312856,0.06
312866,0.01
312870,0.33
312879,0.03
312895,0.0
312901,0.1
312909,0.02
312910,0.0
312916,0.1
312926,0.13
312942,0.15
312946,0.03
312950,0.07
312952,0.03
312963,0.06
312968,0.17
312976,0.08
312980,0.12
312984,0.06
312987,0.16
312994,0.11
312996,0.1
312997,0.01
313019,0.03
313020,0.0
313028,0.09
313041,0.12
313045,0.06
313048,0.2
313052,0.07
313062,0.01
313063,0.14
313066,0.01
313071,0.08
313085,0.02
313099,0.37
313109,0.11
313131,0.06
313139,0.03
313141,0.11
313142,0.16
313145,0.16
313153,0.13
313157,0.03
313161,0.32
313165,0.11
313179,0.23
313208,0.25
313228,0.22
313236,0.01
313243,0.08
313245,0.1
313249,0.03
313275,0.1
313276,0.19
313280,0.05
313284,0.45
313285,0.09
313292,0.07
313297,0.03
313304,0.05
313322,0.06
313323,0.03
313325,0.05
313326,0.03
313334,0.02
313336,0.06
313337,0.22
313339,0.13
313340,0.04
313341,0.32
313343,0.27
313346,0.14
313348,0.29
313359,0.05
313365,0.04
313375,0.15
313381,0.04
313382,0.11
313389,0.02
313390,0.02
313391,0.05
313410,0.03
313416,0.02
313417,0.01
313426,0.3
313429,0.04
313469,0.03
313479,0.06
313485,0.22
313494,0.0
313496,0.08
313501,0.03
313506,0.03
313521,0.04
313524,0.04
313538,0.11
313550,0.31
313557,0.03
313573,0.09
313583,0.03
313592,0.27
313602,0.14
313604,0.06
313606,0.09
313617,0.18
313622,0.09
313625,0.07
313638,0.09
313639,0.06
313645,0.21
313655,0.06
313656,0.29
313663,0.18
313669,0.08
313670,0.18
313676,0.04
313689,0.19
313699,0.06
313711,0.05
313720,0.13
313731,0.36
313736,0.47
313741,0.13
313744,0.02
313749,0.22
313750,0.02
313753,0.1
313763,0.02
313765,0.38
313776,0.01
313778,0.19
313781,0.05
313786,0.4
313787,0.03
313795,0.05
313809,0.03
313810,0.02
313811,0.21
313818,0.18
313825,0.03
313830,0.0
313831,0.19
313834,0.06
313837,0.28
313841,0.06
313859,0.02
313882,0.1
313887,0.43
313900,0.02
313902,0.11
313906,0.0
313930,0.0
313932,0.17
313943,0.15
313944,0.06
313957,0.03
313970,0.28
313980,0.0
313982,0.04
313999,0.16
314000,0.09
314003,0.07
314004,0.1
314005,0.21
314007,0.06
314010,0.15
314011,0.03
314016,0.25
314023,0.12
314024,0.18
314031,0.05
314038,0.14
314041,0.06
314061,0.14
314073,0.01
314091,0.17
314097,0.32
314099,0.02
314107,0.03
314124,0.25
314127,0.17
314131,0.02
314132,0.01
314137,0.08
314139,0.04
314143,0.03
314149,0.01
314153,0.0
314154,0.16
314160,0.05
314167,0.01
314171,0.03
314182,0.05
314190,0.02
314194,0.05
314198,0.06
314211,0.09
314220,0.21
314245,0.07
314247,0.0
314256,0.02
314259,0.07
314267,0.13
314271,0.06
314278,0.19
314282,0.06
314283,0.05
314294,0.13
314298,0.11
314299,0.21
314306,0.07
314307,0.19
314308,0.03
314309,0.08
314317,0.04
314323,0.15
314332,0.05
314334,0.04
314335,0.03
314337,0.11
314343,0.09
314344,0.18
314346,0.0
314351,0.02
314354,0.01
314355,0.07
314359,0.03
314364,0.02
314366,0.01
314367,0.24
314374,0.0
314376,0.04
314387,0.08
314405,0.22
314412,0.02
314418,0.21
314429,0.2
314438,0.3
314442,0.04
314477,0.03
314480,0.01
314486,0.07
314487,0.27
314488,0.11
314490,0.03
314523,0.13
314528,0.14
314535,0.02
314542,0.01
314560,0.09
314585,0.19
314594,0.11
314596,0.19
314601,0.04
314603,0.02
314612,0.09
314615,0.28
314619,0.02
314621,0.15
314627,0.22
314629,0.15
314635,0.32
314639,0.09
314646,0.04
314650,0.27
314661,0.1
314690,0.01
314699,0.01
314705,0.12
314709,0.0
314710,0.01
314711,0.03
314714,0.09
314719,0.03
314722,0.05
314723,0.04
314729,0.14
314732,0.18
314734,0.19
314746,0.07
314761,0.41
314769,0.12
314773,0.24
314774,0.05
314776,0.02
314780,0.12
314785,0.08
314789,0.08
314796,0.31
314810,0.01
314812,0.05
314817,0.0
314822,0.08
314840,0.14
314843,0.04
314853,0.03
314856,0.21
314862,0.06
314864,0.01
314878,0.03
314894,0.01
314906,0.19
314912,0.02
314914,0.01
314933,0.08
314941,0.01
314949,0.02
314950,0.1
314952,0.04
314961,0.21
314970,0.2
314972,0.11
314975,0.16
314985,0.13
314986,0.07
314991,0.19
314995,0.02
314997,0.02
315003,0.02
315035,0.13
315038,0.23
315040,0.03
315046,0.08
315053,0.02
315054,0.15
315060,0.19
315061,0.07
315067,0.31
315076,0.11
315079,0.1
315083,0.07
315084,0.02
315092,0.06
315095,0.31
315112,0.22
315122,0.08
315123,0.06
315125,0.19
315136,0.16
315143,0.05
315145,0.1
315153,0.14
315164,0.11
315169,0.02
315178,0.2
315179,0.07
315189,0.08
315192,0.18
315194,0.2
315198,0.01
315210,0.07
315211,0.02
315221,0.2
315222,0.08
315228,0.11
315231,0.13
315233,0.11
315235,0.2
315240,0.01
315244,0.2
315257,0.23
315261,0.24
315271,0.04
315278,0.0
315282,0.27
315287,0.01
315288,0.09
315291,0.16
315306,0.04
315309,0.09
315312,0.02
315330,0.02
315335,0.31
315337,0.15
315343,0.2
315344,0.37
315366,0.03
315389,0.21
315403,0.1
315414,0.26
315425,0.01
315430,0.1
315432,0.12
315436,0.01
315437,0.05
315445,0.1
315451,0.03
315460,0.0
315462,0.01
315476,0.08
315480,0.15
315489,0.06
315494,0.02
315499,0.02
315503,0.07
315507,0.21
315540,0.05
315541,0.22
315546,0.08
315553,0.13
315569,0.3
315571,0.01
315574,0.02
315580,0.07
315587,0.02
315609,0.11
315610,0.03
315617,0.12
315623,0.04
315629,0.03
315635,0.13
315637,0.08
315641,0.06
315644,0.15
315654,0.13
315662,0.05
315663,0.17
315673,0.05
315677,0.02
315679,0.12
315680,0.22
315681,0.01
315682,0.31
315684,0.03
315693,0.11
315701,0.03
315705,0.16
315706,0.02
315711,0.12
315714,0.11
315725,0.07
315738,0.07
315740,0.04
315749,0.1
315753,0.02
315757,0.06
315778,0.07
315781,0.08
315793,0.12
315813,0.03
315822,0.03
315827,0.14
315831,0.04
315843,0.24
315857,0.08
315864,0.11
315869,0.02
315870,0.14
315878,0.2
315891,0.13
315894,0.05
315895,0.27
315903,0.04
315917,0.14
315920,0.01
315937,0.05
315938,0.03
315947,0.12
315970,0.38
315971,0.03
315974,0.01
315984,0.03
315985,0.11
315988,0.0
315993,0.16
315995,0.29
315997,0.05
316000,0.03
316009,0.02
316011,0.03
316014,0.15
316021,0.13
316022,0.17
316023,0.13
316060,0.13
316063,0.06
316065,0.13
316066,0.03
316077,0.05
316083,0.0
316093,0.09
316100,0.03
316110,0.0
316118,0.04
316135,0.06
316139,0.1
316154,0.05
316156,0.01
316171,0.05
316173,0.03
316186,0.02
316188,0.0
316190,0.14
316195,0.14
316205,0.09
316214,0.0
316216,0.15
316220,0.09
316222,0.04
316224,0.08
316226,0.01
316230,0.0
316248,0.03
316258,0.32
316269,0.07
316270,0.04
316279,0.2
316286,0.01
316295,0.03
316297,0.01
316305,0.12
316312,0.01
316313,0.05
316314,0.04
316320,0.04
316321,0.02
316328,0.12
316329,0.09
316334,0.15
316364,0.06
316372,0.02
316382,0.04
316407,0.03
316411,0.05
316433,0.11
316435,0.13
316441,0.16
316456,0.02
316457,0.0
316462,0.04
316465,0.08
316466,0.0
316468,0.05
316469,0.04
316479,0.1
316481,0.03
316484,0.08
316502,0.01
316517,0.07
316525,0.06
316531,0.05
316546,0.05
316549,0.03
316557,0.0
316561,0.16
316564,0.07
316565,0.15
316594,0.08
316595,0.09
316600,0.09
316625,0.02
316645,0.08
316647,0.12
316659,0.06
316683,0.08
316694,0.1
316697,0.0
316701,0.12
316702,0.02
316703,0.02
316718,0.09
316723,0.07
316748,0.26
316756,0.1
316758,0.03
316763,0.23
316764,0.05
316768,0.02
316769,0.11
316772,0.01
316777,0.11
316781,0.03
316785,0.21
316786,0.14
316815,0.29
316816,0.14
316828,0.21
316831,0.02
316837,0.08
316843,0.14
316849,0.07
316854,0.02
316862,0.02
316867,0.0
316902,0.11
316903,0.0
316906,0.04
316914,0.03
316915,0.01
316923,0.0
316928,0.1
316930,0.09
316932,0.28
316940,0.03
316947,0.02
316948,0.03
316977,0.24
316983,0.12
316987,0.17
317003,0.04
317005,0.01
317035,0.01
317036,0.01
317043,0.34
317048,0.02
317056,0.0
317065,0.01
317079,0.05
317080,0.02
317083,0.1
317087,0.08
317103,0.05
317117,0.09
317119,0.25
317125,0.12
317126,0.1
317134,0.16
317138,0.06
317142,0.1
317150,0.04
317184,0.11
317190,0.12
317196,0.03
317197,0.04
317206,0.02
317210,0.06
317221,0.04
317226,0.18
317227,0.27
317236,0.02
317237,0.15
317241,0.01
317249,0.07
317256,0.06
317282,0.08
317294,0.03
317298,0.11
317300,0.07
317307,0.19
317311,0.02
317318,0.1
317322,0.15
317323,0.23
317332,0.08
317338,0.09
317346,0.04
317347,0.0
317349,0.08
317354,0.16
317369,0.23
317386,0.07
317389,0.02
317410,0.14
317411,0.06
317422,0.06
317434,0.03
317446,0.02
317449,0.12
317455,0.24
317469,0.03
317475,0.04
317476,0.03
317487,0.07
317488,0.05
317499,0.19
317500,0.01
317506,0.14
317515,0.09
317518,0.02
317520,0.18
317546,0.12
317549,0.16
317554,0.11
317565,0.06
317579,0.03
317591,0.14
317592,0.19
317593,0.19
317594,0.03
317601,0.22
317603,0.26
317606,0.25
317608,0.04
317611,0.03
317618,0.05
317628,0.06
317629,0.1
317642,0.08
317644,0.04
317648,0.21
317650,0.0
317665,0.14
317675,0.07
317695,0.11
317696,0.03
317704,0.03
317713,0.0
317730,0.06
317735,0.15
317736,0.15
317738,0.09
317747,0.21
317764,0.11
317765,0.13
317772,0.28
317774,0.01
317786,0.06
317788,0.03
317806,0.16
317809,0.24
317811,0.02
317814,0.08
317815,0.15
317830,0.15
317835,0.09
317843,0.06
317856,0.07
317863,0.34
317876,0.14
317889,0.07
317902,0.2
317910,0.05
317914,0.07
317933,0.04
317936,0.11
317940,0.0
317944,0.09
317952,0.01
317955,0.05
317958,0.0
317965,0.21
317966,0.14
317978,0.1
318000,0.06
318007,0.04
318008,0.16
318012,0.0
318016,0.0
318019,0.2
318020,0.03
318021,0.12
318025,0.17
318036,0.11
318044,0.01
318055,0.03
318056,0.22
318057,0.12
318065,0.18
318075,0.06
318081,0.34
318094,0.05
318096,0.0
318104,0.08
318105,0.03
318109,0.09
318113,0.0
318121,0.21
318122,0.23
318126,0.04
318127,0.16
318131,0.07
318135,0.09
318155,0.0
318156,0.0
318161,0.05
318164,0.1
318169,0.15
318173,0.12
318176,0.18
318177,0.2
318181,0.05
318187,0.07
318193,0.01
318203,0.18
318206,0.01
318214,0.1
318220,0.04
318232,0.06
318250,0.12
318251,0.17
318252,0.07
318254,0.05
318260,0.03
318261,0.01
318263,0.03
318264,0.11
318266,0.03
318267,0.09
318268,0.03
318270,0.08
318274,0.05
318282,0.0
318286,0.1
318292,0.04
318297,0.03
318320,0.15
318337,0.03
318343,0.07
318347,0.05
318351,0.1
318357,0.31
318360,0.08
318384,0.05
318385,0.07
318387,0.1
318390,0.12
318391,0.07
318393,0.03
318406,0.05
318408,0.33
318410,0.14
318424,0.3
318428,0.05
318432,0.02
318433,0.24
318445,0.07
318452,0.23
318467,0.11
318473,0.1
318480,0.12
318486,0.23
318496,0.0
318505,0.22
318511,0.13
318517,0.04
318522,0.01
318527,0.13
318530,0.22
318531,0.02
318533,0.04
318535,0.16
318536,0.04
318548,0.09
318551,0.38
318557,0.08
318576,0.01
318581,0.18
318607,0.08
318609,0.03
318615,0.11
318634,0.12
318640,0.27
318651,0.13
318657,0.18
318669,0.09
318674,0.06
318675,0.03
318686,0.11
318694,0.15
318760,0.02
318762,0.01
318763,0.1
318765,0.09
318766,0.03
318769,0.18
318775,0.15
318782,0.07
318786,0.16
318792,0.0
318801,0.25
318802,0.08
318803,0.05
318805,0.04
318813,0.23
318817,0.07
318821,0.04
318827,0.18
318834,0.18
318835,0.01
318851,0.08
318857,0.06
318862,0.01
318874,0.12
318878,0.01
318897,0.02
318909,0.27
318924,0.08
318927,0.07
318942,0.15
318946,0.06
318957,0.23
318959,0.06
318975,0.0
318982,0.0
318987,0.09
318993,0.01
318995,0.05
318996,0.01
318997,0.01
318999,0.14
319012,0.32
319014,0.06
319018,0.1
319020,0.12
319048,0.06
319052,0.15
319067,0.05
319083,0.02
319088,0.02
319089,0.08
319090,0.39
319096,0.06
319099,0.13
319108,0.04
319116,0.09
319117,0.1
319119,0.04
319126,0.26
319133,0.29
319135,0.1
319137,0.11
319143,0.05
319168,0.01
319170,0.2
319174,0.11
319181,0.04
319192,0.04
319193,0.08
319198,0.06
319211,0.04
319219,0.11
319220,0.14
319226,0.04
319240,0.03
319248,0.05
319257,0.06
319261,0.17
319264,0.02
319268,0.02
319289,0.18
319292,0.01
319295,0.02
319302,0.05
319308,0.34
319310,0.21
319313,0.15
319322,0.0
319329,0.03
319331,0.07
319334,0.23
319346,0.0
319352,0.35
319358,0.22
319363,0.06
319365,0.3
319370,0.01
319371,0.16
319372,0.1
319385,0.07
319387,0.0
319393,0.11
319396,0.11
319406,0.0
319439,0.07
319440,0.06
319441,0.2
319462,0.02
319471,0.12
319475,0.07
319476,0.02
319486,0.05
319487,0.04
319489,0.04
319491,0.02
319494,0.0
319496,0.37
319512,0.08
319519,0.05
319522,0.02
319530,0.06
319540,0.0
319547,0.04
319549,0.02
319559,0.13
319561,0.02
319566,0.05
319569,0.15
319574,0.02
319579,0.02
319580,0.19
319582,0.03
319583,0.09
319585,0.09
319598,0.17
319600,0.07
319602,0.02
319603,0.01
319604,0.09
319608,0.0
319622,0.2
319623,0.03
319625,0.11
319628,0.07
319637,0.02
319639,0.08
319658,0.04
319669,0.07
319677,0.02
319683,0.17
319688,0.05
319697,0.1
319700,0.02
319727,0.11
319747,0.03
319751,0.17
319758,0.16
319759,0.12
319765,0.02
319768,0.02
319774,0.05
319776,0.12
319777,0.14
319785,0.0
319789,0.02
319792,0.07
319799,0.03
319814,0.05
319815,0.04
319822,0.05
319829,0.28
319836,0.05
319837,0.02
319839,0.06
319843,0.07
319860,0.15
319876,0.14
319877,0.04
319887,0.09
319889,0.0
319892,0.08
319893,0.1
319897,0.03
319898,0.1
319911,0.04
319917,0.13
319923,0.05
319927,0.06
319929,0.26
319931,0.06
319948,0.13
319949,0.04
319992,0.11
319999,0.07
320001,0.07
320003,0.04
320004,0.31
320011,0.1
320012,0.13
320021,0.2
320026,0.04
320034,0.05
320041,0.33
320042,0.0
320046,0.08
320056,0.01
320062,0.01
320093,0.34
320094,0.07
320101,0.11
320114,0.17
320126,0.22
320128,0.12
320137,0.0
320149,0.15
320165,0.01
320172,0.12
320173,0.12
320175,0.13
320179,0.01
320181,0.08
320191,0.04
320192,0.0
320195,0.02
320199,0.06
320202,0.02
320203,0.06
320205,0.1
320224,0.14
320227,0.36
320228,0.07
320248,0.25
320252,0.05
320254,0.09
320259,0.03
320267,0.07
320276,0.01
320287,0.22
320291,0.06
320295,0.02
320297,0.03
320305,0.23
320321,0.17
320331,0.12
320336,0.12
320341,0.04
320344,0.12
320356,0.05
320362,0.25
320369,0.0
320379,0.03
320387,0.2
320397,0.06
320412,0.18
320421,0.05
320428,0.21
320429,0.26
320430,0.06
320434,0.01
320453,0.08
320462,0.02
320469,0.01
320475,0.03
320478,0.2
320484,0.07
320494,0.05
320499,0.06
320541,0.06
320550,0.0
320561,0.0
320562,0.13
320564,0.09
320566,0.15
320568,0.05
320593,0.07
320609,0.11
320614,0.01
320621,0.0
320639,0.17
320640,0.16
320656,0.07
320657,0.11
320670,0.06
320672,0.03
320691,0.15
320693,0.01
320698,0.13
320699,0.01
320704,0.05
320709,0.08
320711,0.03
320724,0.06
320737,0.12
320744,0.17
320747,0.03
320750,0.25
320752,0.08
320760,0.01
320765,0.29
320767,0.03
320778,0.18
320784,0.02
320789,0.28
320793,0.01
320795,0.29
320805,0.12
320806,0.11
320823,0.02
320828,0.17
320833,0.17
320843,0.03
320846,0.03
320851,0.2
320852,0.13
320869,0.05
320873,0.25
320890,0.0
320905,0.11
320912,0.17
320914,0.0
320915,0.04
320920,0.01
320924,0.13
320925,0.04
320936,0.03
320937,0.04
320940,0.05
320943,0.0
320954,0.01
320959,0.1
320960,0.06
320966,0.07
320968,0.07
320975,0.02
320978,0.01
320979,0.06
320981,0.09
320987,0.18
320989,0.07
321009,0.45
321021,0.11
321035,0.04
321038,0.19
321039,0.25
321051,0.02
321058,0.04
321066,0.25
321075,0.14
321092,0.01
321098,0.08
321107,0.21
321116,0.06
321118,0.01
321124,0.04
321131,0.05
321134,0.25
321140,0.02
321143,0.17
321145,0.03
321150,0.0
321151,0.04
321153,0.21
321154,0.17
321156,0.02
321160,0.01
321176,0.05
321183,0.13
321187,0.06
321196,0.08
321197,0.09
321204,0.13
321208,0.01
321209,0.11
321223,0.05
321226,0.05
321227,0.04
321236,0.04
321249,0.21
321250,0.2
321253,0.07
321256,0.06
321276,0.26
321298,0.04
321303,0.01
321309,0.06
321313,0.1
321322,0.17
321345,0.05
321350,0.02
321355,0.0
321358,0.07
321370,0.0
321377,0.23
321385,0.12
321398,0.07
321401,0.02
321415,0.03
321416,0.31
321419,0.04
321427,0.01
321433,0.0
321439,0.22
321455,0.04
321463,0.13
321465,0.07
321480,0.08
321486,0.0
321498,0.07
321502,0.08
321510,0.2
321524,0.03
321526,0.22
321528,0.25
321533,0.17
321536,0.03
321548,0.1
321557,0.04
321564,0.03
321567,0.01
321602,0.05
321625,0.19
321627,0.1
321640,0.11
321645,0.08
321648,0.12
321649,0.07
321652,0.02
321659,0.01
321667,0.03
321676,0.04
321696,0.02
321697,0.17
321702,0.1
321704,0.08
321706,0.03
321710,0.2
321722,0.11
321760,0.07
321770,0.12
321779,0.03
321784,0.05
321786,0.04
321792,0.06
321795,0.21
321801,0.01
321804,0.0
321806,0.02
321807,0.04
321808,0.39
321809,0.29
321825,0.11
321828,0.23
321843,0.17
321848,0.02
321854,0.04
321869,0.08
321870,0.17
321887,0.04
321896,0.03
321898,0.13
321908,0.05
321910,0.05
321915,0.16
321919,0.06
321922,0.15
321928,0.1
321929,0.13
321932,0.11
321934,0.3
321936,0.25
321956,0.09
321957,0.05
321965,0.0
321970,0.06
321974,0.0
321980,0.08
321985,0.09
321992,0.08
321999,0.04
322005,0.02
322018,0.03
322020,0.04
322021,0.17
322023,0.0
322024,0.14
322039,0.04
322054,0.16
322061,0.1
322082,0.0
322088,0.14
322093,0.04
322105,0.1
322111,0.05
322113,0.2
322117,0.04
322120,0.03
322123,0.01
322132,0.1
322136,0.27
322141,0.31
322147,0.11
322169,0.19
322170,0.14
322172,0.07
322196,0.17
322198,0.12
322217,0.03
322226,0.07
322227,0.19
322229,0.02
322242,0.08
322244,0.1
322249,0.05
322250,0.07
322253,0.11
322254,0.11
322267,0.07
322269,0.12
322274,0.3
322285,0.24
322309,0.08
322320,0.03
322327,0.03
322331,0.11
322332,0.05
322334,0.31
322339,0.08
322348,0.31
322350,0.42
322354,0.04
322356,0.06
322367,0.15
322369,0.05
322372,0.05
322374,0.07
322383,0.23
322388,0.23
322393,0.11
322395,0.13
322407,0.01
322413,0.12
322416,0.03
322419,0.0
322424,0.08
322432,0.01
322442,0.0
322447,0.02
322448,0.12
322460,0.07
322461,0.23
322468,0.02
322472,0.21
322473,0.02
322488,0.01
322490,0.11
322491,0.04
322497,0.09
322503,0.15
322521,0.34
322525,0.05
322533,0.14
322549,0.21
322561,0.14
322566,0.08
322570,0.16
322574,0.11
322578,0.05
322579,0.14
322586,0.02
322596,0.08
322598,0.1
322603,0.14
322614,0.11
322626,0.02
322630,0.06
322639,0.34
322640,0.02
322642,0.23
322651,0.05
322652,0.2
322656,0.05
322662,0.03
322664,0.07
322681,0.25
322684,0.0
322685,0.06
322711,0.16
322717,0.06
322719,0.07
322730,0.09
322740,0.15
322743,0.11
322749,0.02
322757,0.01
322759,0.05
322760,0.04
322770,0.04
322786,0.11
322797,0.11
322800,0.08
322815,0.0
322831,0.07
322835,0.13
322841,0.04
322845,0.03
322846,0.0
322851,0.06
322852,0.09
322877,0.01
322880,0.13
322893,0.13
322911,0.04
322928,0.28
322934,0.05
322938,0.13
322950,0.12
322959,0.02
322961,0.05
322965,0.07
322966,0.01
322968,0.04
322977,0.1
322979,0.04
322986,0.12
322990,0.26
322998,0.01
323005,0.02
323008,0.03
323014,0.11
323015,0.04
323025,0.14
323030,0.13
323033,0.07
323036,0.07
323043,0.06
323049,0.05
323051,0.24
323053,0.04
323056,0.19
323059,0.11
323076,0.03
323088,0.05
323108,0.35
323112,0.05
323127,0.07
323135,0.15
323137,0.03
323141,0.05
323142,0.04
323147,0.08
323150,0.25
323153,0.24
323156,0.11
323161,0.03
323171,0.09
323173,0.01
323176,0.01
323184,0.02
323189,0.05
323193,0.02
323209,0.29
323218,0.24
323224,0.23
323235,0.12
323236,0.01
323242,0.03
323252,0.06
323253,0.14
323254,0.02
323271,0.13
323276,0.13
323278,0.25
323281,0.06
323285,0.03
323289,0.1
323292,0.06
323297,0.11
323312,0.03
323318,0.02
323319,0.04
323324,0.05
323325,0.09
323328,0.13
323334,0.01
323338,0.09
323340,0.02
323343,0.09
323354,0.06
323373,0.15
323376,0.11
323381,0.06
323382,0.18
323383,0.09
323387,0.02
323394,0.11
323398,0.03
323405,0.11
323407,0.15
323428,0.38
323436,0.26
323451,0.12
323455,0.12
323463,0.05
323466,0.04
323475,0.07
323477,0.0
323481,0.03
323485,0.17
323488,0.12
323493,0.07
323494,0.09
323505,0.05
323506,0.07
323509,0.03
323518,0.12
323530,0.03
323539,0.05
323549,0.07
323557,0.05
323568,0.08
323569,0.01
323571,0.07
323573,0.19
323585,0.03
323588,0.02
323599,0.16
323615,0.01
323617,0.1
323620,0.3
323636,0.0
323665,0.08
323670,0.01
323675,0.17
323688,0.07
323693,0.03
323694,0.03
323696,0.11
323710,0.04
323716,0.15
323718,0.04
323719,0.0
323720,0.24
323722,0.29
323729,0.32
323738,0.0
323740,0.13
323787,0.04
323795,0.01
323801,0.05
323810,0.02
323822,0.02
323825,0.16
323833,0.09
323860,0.06
323871,0.06
323879,0.08
323888,0.03
323891,0.2
323894,0.12
323909,0.0
323911,0.17
323920,0.38
323923,0.28
323930,0.0
323935,0.12
323937,0.16
323938,0.02
323948,0.07
323956,0.05
323962,0.09
323964,0.08
323966,0.03
323970,0.01
323972,0.03
323977,0.06
323985,0.08
323989,0.05
323994,0.01
324010,0.06
324020,0.17
324033,0.05
324052,0.34
324055,0.05
324075,0.01
324087,0.07
324088,0.05
324091,0.04
324104,0.08
324109,0.12
324114,0.04
324118,0.04
324125,0.09
324130,0.21
324146,0.07
324149,0.01
324156,0.0
324170,0.03
324171,0.04
324172,0.01
324178,0.31
324180,0.07
324220,0.04
324222,0.02
324227,0.19
324229,0.24
324230,0.2
324235,0.16
324243,0.01
324247,0.33
324264,0.23
324269,0.09
324270,0.06
324271,0.15
324291,0.42
324293,0.06
324296,0.19
324298,0.21
324302,0.19
324305,0.04
324310,0.04
324325,0.01
324339,0.02
324345,0.08
324347,0.05
324356,0.09
324383,0.18
324387,0.01
324393,0.2
324400,0.08
324401,0.03
324412,0.16
324414,0.03
324415,0.19
324416,0.06
324420,0.33
324437,0.02
324445,0.19
324464,0.1
324472,0.12
324496,0.05
324499,0.0
324512,0.02
324544,0.15
324545,0.1
324552,0.15
324553,0.07
324558,0.22
324559,0.01
324572,0.0
324582,0.06
324595,0.17
324596,0.32
324598,0.04
324614,0.02
324620,0.32
324621,0.05
324624,0.17
324651,0.09
324655,0.25
324669,0.02
324674,0.41
324677,0.17
324681,0.27
324689,0.0
324708,0.0
324714,0.22
324716,0.09
324719,0.03
324731,0.29
324733,0.1
324741,0.13
324745,0.04
324747,0.31
324748,0.03
324764,0.08
324772,0.06
324788,0.03
324795,0.01
324801,0.04
324811,0.0
324816,0.14
324821,0.17
324825,0.05
324840,0.11
324841,0.25
324854,0.05
324866,0.02
324884,0.05
324894,0.05
324895,0.03
324913,0.06
324914,0.13
324944,0.13
324949,0.33
324978,0.03
324983,0.08
324987,0.12
324995,0.0
325000,0.05
325001,0.22
325005,0.05
325017,0.03
325019,0.04
325020,0.01
325021,0.33
325041,0.14
325063,0.41
325066,0.3
325070,0.19
325102,0.13
325117,0.12
325121,0.09
325136,0.08
325153,0.01
325157,0.13
325158,0.15
325163,0.07
325180,0.09
325181,0.12
325185,0.18
325194,0.02
325196,0.15
325206,0.08
325212,0.07
325217,0.22
325218,0.06
325223,0.01
325238,0.19
325254,0.17
325258,0.02
325268,0.04
325269,0.09
325275,0.04
325277,0.01
325282,0.04
325284,0.0
325289,0.04
325291,0.32
325300,0.06
325303,0.05
325306,0.04
325313,0.12
325316,0.15
325318,0.03
325332,0.08
325344,0.19
325354,0.1
325360,0.0
325364,0.1
325375,0.23
325377,0.0
325380,0.04
325390,0.11
325392,0.01
325395,0.17
325411,0.02
325412,0.06
325420,0.22
325424,0.07
325433,0.1
325438,0.07
325439,0.01
325443,0.17
325454,0.2
325464,0.07
325473,0.04
325476,0.04
325495,0.16
325525,0.11
325529,0.09
325552,0.17
325553,0.24
325564,0.0
325565,0.19
325580,0.14
325590,0.4
325591,0.0
325596,0.12
325601,0.0
325602,0.15
325623,0.03
325625,0.02
325641,0.27
325645,0.01
325657,0.08
325680,0.1
325691,0.09
325701,0.02
325710,0.14
325712,0.01
325714,0.03
325716,0.13
325724,0.1
325744,0.06
325751,0.32
325757,0.02
325765,0.12
325767,0.46
325770,0.06
325778,0.17
325784,0.14
325791,0.17
325809,0.31
325814,0.21
325817,0.1
325820,0.21
325822,0.01
325830,0.03
325832,0.07
325840,0.08
325849,0.04
325852,0.04
325859,0.07
325864,0.12
325865,0.26
325879,0.02
325890,0.02
325899,0.05
325908,0.01
325916,0.13
325918,0.02
325919,0.01
325922,0.01
325925,0.02
325934,0.09
325939,0.02
325942,0.08
325948,0.2
325954,0.08
325962,0.1
325966,0.22
325969,0.11
325971,0.02
325972,0.03
325976,0.03
325981,0.01
325992,0.09
326013,0.07
326017,0.0
326019,0.01
326027,0.03
326028,0.04
326033,0.06
326041,0.01
326043,0.06
326049,0.1
326054,0.01
326057,0.16
326074,0.01
326078,0.11
326083,0.06
326084,0.05
326085,0.15
326087,0.07
326088,0.24
326102,0.34
326117,0.02
326145,0.31
326150,0.16
326160,0.13
326166,0.16
326170,0.02
326180,0.1
326182,0.24
326186,0.04
326188,0.27
326190,0.24
326196,0.22
326199,0.03
326201,0.13
326204,0.0
326209,0.11
326211,0.14
326218,0.04
326239,0.02
326259,0.14
326260,0.14
326284,0.18
326289,0.07
326290,0.07
326295,0.03
326299,0.04
326305,0.08
326309,0.09
326323,0.07
326364,0.01
326369,0.03
326385,0.23
326410,0.15
326411,0.0
326418,0.01
326428,0.12
326435,0.06
326437,0.1
326438,0.08
326451,0.01
326464,0.21
326471,0.05
326472,0.15
326475,0.12
326477,0.01
326480,0.03
326486,0.16
326502,0.03
326506,0.07
326513,0.02
326516,0.03
326528,0.02
326530,0.03
326531,0.12
326532,0.03
326538,0.05
326551,0.05
326559,0.0
326576,0.04
326577,0.05
326602,0.02
326606,0.12
326618,0.12
326620,0.07
326624,0.05
326639,0.05
326647,0.46
326652,0.04
326661,0.12
326667,0.15
326670,0.18
326672,0.03
326693,0.13
326704,0.07
326723,0.09
326734,0.28
326738,0.14
326746,0.2
326753,0.11
326754,0.02
326763,0.23
326779,0.0
326785,0.17
326786,0.14
326787,0.21
326789,0.03
326799,0.0
326802,0.04
326804,0.02
326823,0.08
326827,0.04
326833,0.17
326838,0.07
326842,0.06
326856,0.21
326867,0.09
326870,0.08
326871,0.02
326875,0.07
326879,0.07
326884,0.07
326900,0.05
326904,0.04
326905,0.07
326917,0.01
326919,0.0
326921,0.23
326929,0.09
326942,0.2
326944,0.04
326953,0.12
326968,0.09
326985,0.09
326987,0.09
326988,0.01
326994,0.02
327005,0.04
327010,0.08
327017,0.08
327026,0.05
327030,0.07
327031,0.09
327045,0.21
327054,0.02
327078,0.02
327080,0.0
327087,0.32
327137,0.12
327147,0.06
327150,0.07
327153,0.18
327160,0.19
327164,0.05
327169,0.19
327187,0.12
327188,0.04
327189,0.04
327194,0.01
327196,0.24
327202,0.33
327207,0.02
327215,0.05
327216,0.1
327220,0.14
327222,0.1
327230,0.02
327231,0.26
327238,0.14
327247,0.05
327262,0.04
327265,0.03
327267,0.0
327273,0.06
327276,0.11
327280,0.15
327287,0.03
327301,0.17
327307,0.14
327309,0.07
327316,0.16
327327,0.21
327334,0.21
327335,0.33
327338,0.01
327341,0.14
327350,0.14
327355,0.0
327370,0.04
327386,0.13
327391,0.18
327393,0.1
327408,0.04
327415,0.16
327431,0.06
327445,0.02
327449,0.19
327457,0.09
327488,0.0
327489,0.03
327523,0.05
327537,0.02
327550,0.34
327556,0.01
327562,0.06
327567,0.1
327587,0.01
327594,0.06
327602,0.01
327604,0.16
327609,0.06
327618,0.02
327620,0.06
327626,0.15
327628,0.08
327629,0.15
327631,0.13
327633,0.05
327638,0.13
327665,0.05
327689,0.01
327697,0.07
327702,0.08
327704,0.15
327723,0.01
327726,0.09
327732,0.06
327739,0.12
327750,0.11
327751,0.05
327765,0.12
327766,0.01
327771,0.11
327772,0.16
327774,0.22
327784,0.02
327789,0.04
327794,0.01
327799,0.02
327803,0.11
327817,0.05
327819,0.02
327823,0.13
327828,0.55
327834,0.1
327835,0.01
327866,0.36
327871,0.12
327886,0.14
327900,0.29
327901,0.34
327904,0.1
327906,0.23
327908,0.02
327909,0.0
327914,0.33
327917,0.13
327928,0.21
327947,0.11
327949,0.05
327952,0.09
327954,0.16
327962,0.13
327964,0.38
327985,0.0
327996,0.01
327997,0.16
328013,0.01
328017,0.19
328027,0.03
328029,0.07
328042,0.25
328043,0.07
328064,0.05
328072,0.03
328074,0.1
328080,0.02
328086,0.09
328122,0.14
328126,0.02
328127,0.19
328142,0.01
328144,0.03
328150,0.11
328154,0.16
328160,0.06
328171,0.04
328179,0.18
328192,0.04
328195,0.06
328196,0.03
328201,0.0
328203,0.09
328217,0.1
328218,0.03
328228,0.04
328231,0.13
328246,0.09
328252,0.09
328255,0.24
328264,0.01
328281,0.04
328282,0.01
328291,0.03
328303,0.08
328305,0.11
328313,0.03
328336,0.13
328340,0.05
328343,0.05
328368,0.39
328372,0.04
328381,0.17
328383,0.03
328385,0.0
328393,0.07
328395,0.02
328409,0.02
328424,0.13
328427,0.09
328456,0.06
328463,0.2
328489,0.12
328491,0.17
328509,0.01
328516,0.14
328524,0.07
328535,0.2
328536,0.02
328539,0.11
328542,0.33
328545,0.21
328549,0.06
328554,0.01
328558,0.1
328571,0.16
328576,0.08
328578,0.05
328588,0.1
328601,0.0
328604,0.03
328624,0.01
328629,0.22
328632,0.02
328634,0.01
328636,0.02
328637,0.19
328647,0.12
328668,0.01
328669,0.05
328678,0.06
328684,0.08
328694,0.02
328705,0.2
328712,0.0
328720,0.05
328729,0.08
328730,0.0
328733,0.1
328758,0.25
328761,0.06
328764,0.08
328777,0.11
328783,0.0
328813,0.18
328819,0.04
328826,0.06
328829,0.07
328834,0.01
328845,0.03
328856,0.01
328865,0.11
328868,0.15
328878,0.22
328896,0.03
328899,0.03
328909,0.08
328914,0.03
328926,0.16
328934,0.16
328935,0.04
328949,0.15
328954,0.15
328957,0.02
328968,0.25
328974,0.04
328984,0.01
328991,0.07
328997,0.08
329000,0.08
329005,0.01
329007,0.0
329018,0.14
329034,0.07
329051,0.12
329052,0.05
329055,0.03
329062,0.07
329064,0.38
329070,0.18
329075,0.03
329078,0.06
329081,0.03
329086,0.27
329101,0.04
329105,0.2
329113,0.2
329119,0.21
329133,0.03
329135,0.05
329138,0.09
329143,0.03
329157,0.12
329165,0.05
329170,0.08
329176,0.11
329177,0.16
329179,0.03
329196,0.09
329209,0.06
329219,0.25
329241,0.07
329245,0.29
329248,0.06
329249,0.08
329251,0.03
329252,0.04
329256,0.14
329261,0.01
329264,0.14
329297,0.11
329310,0.04
329320,0.02
329328,0.0
329340,0.06
329347,0.04
329351,0.16
329356,0.02
329360,0.47
329364,0.06
329365,0.04
329381,0.08
329383,0.35
329385,0.04
329388,0.08
329390,0.03
329393,0.19
329403,0.2
329409,0.08
329418,0.24
329428,0.02
329433,0.01
329439,0.05
329459,0.11
329463,0.11
329475,0.13
329479,0.07
329494,0.31
329500,0.08
329503,0.0
329512,0.0
329514,0.09
329521,0.06
329526,0.19
329531,0.03
329534,0.01
329545,0.06
329553,0.03
329569,0.04
329571,0.14
329580,0.03
329585,0.17
329588,0.11
329603,0.04
329605,0.05
329611,0.07
329613,0.25
329615,0.09
329618,0.09
329623,0.01
329626,0.05
329678,0.02
329690,0.04
329693,0.12
329698,0.22
329700,0.1
329706,0.02
329709,0.07
329713,0.16
329716,0.06
329717,0.07
329719,0.11
329720,0.05
329737,0.03
329741,0.06
329742,0.05
329749,0.2
329765,0.11
329771,0.02
329775,0.1
329779,0.19
329781,0.07
329788,0.11
329798,0.18
329799,0.03
329810,0.21
329811,0.02
329812,0.0
329819,0.12
329822,0.03
329826,0.21
329843,0.0
329846,0.05
329856,0.05
329871,0.09
329882,0.0
329885,0.03
329893,0.08
329898,0.04
329903,0.17
329916,0.06
329918,0.02
329934,0.04
329942,0.02
329949,0.09
329958,0.2
329965,0.21
329969,0.01
329972,0.22
329981,0.2
329988,0.13
329989,0.08
330004,0.13
330006,0.16
330014,0.2
330025,0.29
330040,0.0
330047,0.1
330070,0.15
330074,0.01
330075,0.05
330085,0.06
330095,0.17
330106,0.22
330119,0.1
330122,0.01
330129,0.15
330145,0.21
330148,0.04
330154,0.04
330156,0.04
330162,0.06
330164,0.02
330187,0.07
330188,0.19
330189,0.04
330192,0.08
330193,0.0
330200,0.09
330205,0.01
330207,0.12
330220,0.02
330228,0.32
330243,0.01
330245,0.05
330270,0.01
330272,0.15
330279,0.06
330288,0.33
330289,0.04
330299,0.07
330308,0.04
330314,0.09
330317,0.1
330322,0.01
330332,0.11
330356,0.15
330358,0.0
330360,0.05
330363,0.14
330364,0.12
330368,0.04
330376,0.01
330378,0.06
330381,0.11
330386,0.21
330387,0.01
330395,0.14
330396,0.02
330406,0.03
330423,0.04
330430,0.08
330467,0.09
330469,0.01
330473,0.06
330479,0.16
330486,0.25
330523,0.17
330524,0.08
330540,0.11
330564,0.2
330565,0.08
330567,0.03
330568,0.08
330602,0.14
330616,0.1
330617,0.03
330625,0.06
330635,0.01
330636,0.27
330639,0.07
330661,0.03
330666,0.0
330670,0.06
330682,0.04
330690,0.04
330708,0.04
330726,0.04
330730,0.02
330765,0.06
330776,0.04
330789,0.04
330791,0.0
330803,0.16
330805,0.04
330807,0.02
330821,0.13
330822,0.06
330836,0.14
330837,0.19
330839,0.06
330840,0.03
330861,0.09
330878,0.06
330881,0.01
330888,0.05
330890,0.18
330903,0.31
330904,0.0
330905,0.05
330907,0.05
330915,0.05
330921,0.13
330922,0.02
330925,0.0
330942,0.13
330945,0.07
330957,0.08
330965,0.09
330973,0.11
330979,0.05
330981,0.1
331005,0.05
331018,0.11
331026,0.03
331032,0.01
331033,0.24
331036,0.09
331037,0.05
331048,0.03
331054,0.13
331058,0.02
331063,0.04
331077,0.06
331079,0.04
331081,0.07
331082,0.01
331090,0.05
331110,0.03
331127,0.1
331141,0.0
331153,0.22
331165,0.18
331171,0.07
331179,0.19
331191,0.24
331193,0.16
331197,0.01
331204,0.04
331207,0.24
331212,0.02
331220,0.06
331242,0.14
331244,0.21
331273,0.08
331281,0.02
331289,0.01
331293,0.07
331294,0.01
331299,0.02
331300,0.05
331302,0.03
331322,0.06
331334,0.0
331347,0.0
331353,0.03
331361,0.05
331370,0.06
331379,0.05
331382,0.12
331388,0.19
331390,0.11
331400,0.09
331411,0.01
331431,0.01
331451,0.06
331455,0.05
331456,0.04
331461,0.1
331468,0.02
331480,0.3
331491,0.03
331505,0.19
331508,0.03
331517,0.0
331519,0.11
331526,0.01
331530,0.09
331533,0.04
331554,0.2
331579,0.04
331590,0.01
331599,0.15
331604,0.31
331605,0.02
331611,0.08
331616,0.21
331620,0.04
331623,0.15
331641,0.1
331645,0.11
331657,0.21
331662,0.07
331678,0.02
331684,0.24
331686,0.37
331691,0.02
331697,0.29
331707,0.12
331709,0.01
331716,0.13
331719,0.13
331729,0.09
331735,0.0
331743,0.05
331761,0.01
331772,0.06
331777,0.01
331794,0.07
331813,0.19
331818,0.19
331834,0.08
331848,0.0
331849,0.11
331868,0.12
331875,0.01
331879,0.09
331886,0.01
331888,0.04
331891,0.12
331903,0.12
331905,0.11
331913,0.07
331914,0.11
331937,0.04
331938,0.02
331939,0.08
331944,0.09
331948,0.14
331968,0.06
331976,0.37
331977,0.2
332007,0.05
332014,0.05
332017,0.01
332027,0.19
332033,0.11
332041,0.02
332042,0.09
332047,0.01
332050,0.11
332056,0.03
332071,0.03
332075,0.2
332076,0.02
332077,0.05
332083,0.06
332093,0.56
332111,0.1
332119,0.07
332121,0.15
332135,0.07
332144,0.13
332147,0.03
332155,0.0
332156,0.01
332164,0.15
332166,0.04
332170,0.12
332180,0.28
332181,0.13
332184,0.12
332192,0.23
332204,0.08
332225,0.05
332234,0.08
332243,0.16
332253,0.3
332261,0.07
332266,0.07
332270,0.05
332285,0.22
332290,0.02
332296,0.07
332298,0.16
332302,0.04
332303,0.05
332317,0.08
332318,0.09
332327,0.06
332337,0.08
332351,0.04
332373,0.06
332377,0.05
332384,0.17
332398,0.09
332404,0.08
332405,0.07
332454,0.03
332456,0.12
332464,0.15
332468,0.07
332476,0.06
332482,0.05
332483,0.07
332508,0.08
332519,0.31
332529,0.15
332537,0.23
332545,0.16
332551,0.07
332552,0.1
332570,0.1
332574,0.1
332579,0.09
332607,0.08
332618,0.12
332626,0.13
332628,0.08
332645,0.11
332652,0.14
332666,0.15
332694,0.23
332697,0.11
332698,0.02
332700,0.18
332708,0.11
332714,0.03
332722,0.03
332724,0.03
332730,0.04
332741,0.04
332746,0.16
332754,0.05
332756,0.21
332759,0.01
332764,0.37
332786,0.07
332790,0.02
332816,0.12
332821,0.14
332827,0.11
332829,0.0
332831,0.01
332833,0.17
332834,0.13
332837,0.0
332846,0.09
332860,0.09
332861,0.08
332865,0.28
332882,0.04
332897,0.16
332901,0.05
332904,0.03
332910,0.34
332911,0.09
332912,0.26
332939,0.01
332940,0.02
332952,0.01
332956,0.13
332957,0.11
332958,0.01
332961,0.21
332967,0.16
332974,0.03
332993,0.06
333007,0.03
333012,0.25
333020,0.03
333021,0.26
333035,0.02
333040,0.2
333061,0.01
333073,0.0
333078,0.11
333085,0.1
333086,0.05
333096,0.24
333100,0.04
333112,0.1
333114,0.03
333120,0.25
333142,0.04
333152,0.08
333159,0.09
333178,0.01
333179,0.01
333187,0.04
333191,0.0
333192,0.07
333199,0.04
333211,0.11
333224,0.21
333237,0.2
333238,0.01
333262,0.04
333268,0.02
333275,0.08
333289,0.16
333292,0.24
333303,0.03
333305,0.11
333312,0.09
333316,0.12
333335,0.1
333354,0.06
333356,0.06
333358,0.12
333376,0.11
333378,0.02
333380,0.09
333381,0.27
333388,0.02
333392,0.0
333406,0.44
333410,0.02
333411,0.07
333412,0.12
333428,0.06
333432,0.0
333435,0.01
333442,0.09
333452,0.09
333455,0.19
333456,0.13
333459,0.12
333464,0.11
333466,0.07
333469,0.08
333475,0.02
333476,0.01
333477,0.12
333487,0.03
333490,0.03
333497,0.12
333499,0.0
333500,0.01
333501,0.07
333503,0.17
333513,0.11
333518,0.02
333544,0.02
333546,0.28
333563,0.21
333566,0.06
333568,0.19
333570,0.07
333573,0.07
333574,0.15
333584,0.0
333589,0.15
333594,0.11
333596,0.01
333597,0.06
333615,0.09
333621,0.05
333622,0.27
333629,0.02
333651,0.11
333653,0.19
333664,0.0
333680,0.01
333687,0.31
333688,0.03
333689,0.26
333693,0.09
333695,0.07
333706,0.02
333709,0.14
333713,0.1
333734,0.06
333745,0.25
333752,0.07
333764,0.0
333780,0.02
333789,0.29
333791,0.02
333795,0.14
333799,0.11
333801,0.04
333802,0.11
333803,0.11
333810,0.01
333837,0.12
333842,0.21
333843,0.05
333845,0.01
333852,0.15
333859,0.06
333885,0.13
333896,0.13
333904,0.11
333908,0.05
333913,0.06
333927,0.03
333930,0.02
333935,0.04
333952,0.11
333953,0.24
333966,0.09
333968,0.01
333988,0.03
334013,0.03
334027,0.07
334030,0.08
334032,0.28
334033,0.03
334042,0.01
334045,0.07
334053,0.03
334055,0.01
334058,0.03
334063,0.1
334070,0.01
334074,0.05
334080,0.15
334086,0.09
334092,0.01
334099,0.05
334101,0.05
334103,0.07
334104,0.19
334109,0.2
334125,0.1
334130,0.31
334138,0.11
334161,0.01
334164,0.1
334169,0.07
334171,0.02
334185,0.07
334186,0.05
334209,0.02
334211,0.15
334230,0.02
334231,0.13
334237,0.24
334241,0.16
334244,0.48
334247,0.01
334250,0.05
334252,0.01
334273,0.05
334282,0.03
334285,0.04
334286,0.05
334292,0.03
334296,0.01
334299,0.02
334300,0.15
334305,0.06
334307,0.32
334311,0.06
334315,0.03
334343,0.02
334344,0.16
334345,0.03
334350,0.02
334353,0.03
334365,0.14
334372,0.1
334374,0.03
334375,0.25
334382,0.1
334387,0.01
334391,0.15
334397,0.11
334407,0.05
334415,0.01
334417,0.02
334419,0.01
334431,0.06
334435,0.16
334446,0.44
334447,0.09
334457,0.05
334459,0.17
334471,0.0
334474,0.02
334481,0.02
334483,0.02
334486,0.07
334490,0.4
334492,0.18
334494,0.03
334512,0.03
334522,0.0
334527,0.01
334534,0.01
334537,0.05
334539,0.13
334552,0.17
334555,0.17
334565,0.24
334580,0.01
334585,0.0
334589,0.04
334594,0.05
334600,0.08
334603,0.09
334613,0.13
334621,0.29
334628,0.06
334631,0.17
334634,0.09
334635,0.11
334659,0.09
334660,0.04
334664,0.12
334671,0.18
334693,0.03
334695,0.18
334703,0.11
334718,0.2
334728,0.19
334732,0.16
334733,0.09
334735,0.0
334748,0.15
334756,0.18
334764,0.11
334766,0.09
334787,0.03
334803,0.04
334806,0.06
334817,0.15
334825,0.05
334831,0.22
334836,0.03
334845,0.06
334857,0.04
334868,0.08
334871,0.04
334873,0.17
334881,0.26
334886,0.13
334898,0.25
334899,0.08
334901,0.34
334916,0.08
334923,0.21
334933,0.17
334938,0.26
334955,0.05
334963,0.4
334974,0.09
334986,0.01
334994,0.06
334995,0.27
335001,0.04
335005,0.03
335009,0.03
335014,0.09
335015,0.01
335017,0.22
335025,0.15
335027,0.0
335055,0.13
335058,0.11
335072,0.15
335073,0.02
335081,0.06
335091,0.03
335096,0.0
335097,0.04
335099,0.03
335113,0.01
335136,0.12
335140,0.04
335141,0.19
335143,0.41
335155,0.05
335170,0.03
335176,0.06
335181,0.12
335183,0.05
335192,0.07
335196,0.36
335198,0.02
335203,0.09
335204,0.14
335218,0.02
335222,0.03
335223,0.15
335229,0.17
335231,0.03
335236,0.23
335253,0.19
335257,0.08
335262,0.06
335263,0.04
335273,0.01
335276,0.07
335278,0.01
335295,0.1
335301,0.0
335303,0.02
335305,0.18
335310,0.17
335313,0.02
335314,0.01
335319,0.07
335321,0.25
335331,0.23
335332,0.03
335333,0.05
335337,0.16
335342,0.18
335347,0.01
335351,0.19
335356,0.0
335366,0.1
335369,0.03
335377,0.05
335388,0.25
335395,0.16
335397,0.05
335411,0.12
335419,0.01
335425,0.06
335427,0.15
335443,0.0
335446,0.01
335448,0.08
335451,0.28
335458,0.06
335459,0.05
335460,0.16
335463,0.01
335471,0.08
335477,0.14
335478,0.07
335484,0.02
335490,0.06
335495,0.22
335506,0.08
335507,0.12
335518,0.09
335533,0.02
335537,0.14
335538,0.03
335549,0.05
335553,0.21
335561,0.12
335564,0.01
335573,0.08
335577,0.03
335579,0.0
335585,0.16
335590,0.0
335594,0.05
335598,0.05
335601,0.07
335608,0.13
335616,0.17
335640,0.0
335645,0.29
335653,0.13
335683,0.02
335692,0.05
335713,0.03
335726,0.07
335727,0.18
335728,0.02
335732,0.06
335736,0.06
335747,0.0
335754,0.05
335755,0.0
335761,0.03
335775,0.14
335778,0.17
335779,0.12
335787,0.08
335805,0.05
335807,0.07
335808,0.14
335815,0.07
335818,0.03
335835,0.12
335849,0.0
335850,0.1
335851,0.09
335852,0.04
335856,0.07
335857,0.02
335863,0.01
335871,0.16
335879,0.06
335885,0.01
335887,0.24
335893,0.22
335906,0.09
335912,0.01
335921,0.09
335944,0.06
335952,0.05
335955,0.02
335956,0.03
335957,0.1
335958,0.06
335962,0.2
335963,0.04
335964,0.05
335971,0.0
335973,0.07
335975,0.12
335981,0.06
335983,0.42
336016,0.01
336038,0.23
336039,0.04
336041,0.02
336061,0.08
336063,0.02
336067,0.03
336071,0.28
336089,0.07
336095,0.08
336096,0.15
336101,0.01
336117,0.06
336118,0.06
336120,0.11
336137,0.05
336155,0.04
336156,0.41
336159,0.01
336178,0.22
336183,0.36
336194,0.01
336195,0.12
336199,0.12
336209,0.09
336213,0.04
336214,0.1
336215,0.0
336220,0.03
336253,0.15
336260,0.09
336263,0.01
336265,0.07
336273,0.16
336277,0.02
336280,0.1
336295,0.02
336308,0.03
336309,0.01
336316,0.03
336319,0.03
336321,0.0
336322,0.1
336323,0.07
336340,0.11
336344,0.17
336352,0.01
336361,0.16
336367,0.03
336382,0.06
336383,0.09
336393,0.03
336407,0.04
336413,0.06
336418,0.31
336426,0.05
336427,0.01
336436,0.01
336443,0.0
336445,0.04
336447,0.06
336451,0.15
336464,0.09
336484,0.02
336491,0.11
336492,0.03
336493,0.02
336494,0.0
336499,0.02
336524,0.04
336527,0.19
336534,0.33
336544,0.03
336553,0.26
336558,0.04
336565,0.03
336569,0.11
336580,0.1
336586,0.03
336592,0.13
336604,0.05
336610,0.02
336623,0.07
336634,0.13
336635,0.09
336641,0.17
336660,0.03
336673,0.03
336686,0.05
336693,0.04
336701,0.03
336704,0.08
336711,0.15
336715,0.11
336717,0.0
336722,0.01
336724,0.03
336741,0.22
336745,0.02
336757,0.19
336764,0.31
336767,0.12
336783,0.01
336786,0.09
336791,0.0
336792,0.28
336813,0.1
336822,0.12
336823,0.12
336832,0.0
336843,0.07
336858,0.06
336870,0.21
336876,0.11
336885,0.13
336887,0.13
336891,0.06
336903,0.13
336916,0.06
336917,0.14
336922,0.02
336925,0.01
336931,0.17
336938,0.04
336950,0.3
336955,0.1
336956,0.0
336959,0.01
336966,0.35
336971,0.16
336978,0.09
336983,0.02
336986,0.11
336996,0.12
337003,0.1
337007,0.02
337029,0.11
337034,0.03
337039,0.02
337057,0.16
337058,0.12
337062,0.16
337080,0.01
337087,0.01
337105,0.0
337108,0.01
337120,0.1
337125,0.16
337142,0.02
337159,0.08
337160,0.05
337168,0.06
337170,0.03
337171,0.06
337178,0.15
337188,0.21
337191,0.13
337200,0.1
337207,0.03
337210,0.15
337218,0.01
337221,0.02
337237,0.01
337241,0.29
337244,0.04
337273,0.05
337294,0.07
337295,0.01
337298,0.04
337310,0.01
337326,0.03
337338,0.59
337343,0.19
337360,0.04
337369,0.28
337375,0.04
337386,0.15
337388,0.31
337405,0.09
337408,0.07
337412,0.0
337416,0.05
337418,0.14
337442,0.26
337449,0.05
337457,0.04
337460,0.05
337474,0.01
337499,0.04
337506,0.06
337512,0.16
337527,0.15
337528,0.01
337530,0.09
337539,0.03
337546,0.01
337551,0.2
337569,0.05
337576,0.03
337582,0.02
337590,0.22
337599,0.03
337600,0.22
337601,0.19
337608,0.02
337614,0.21
337619,0.12
337625,0.27
337629,0.12
337635,0.02
337642,0.0
337663,0.2
337665,0.27
337668,0.02
337700,0.12
337746,0.04
337761,0.04
337779,0.14
337788,0.08
337790,0.07
337793,0.02
337802,0.19
337807,0.09
337821,0.09
337840,0.06
337846,0.17
337848,0.26
337864,0.05
337866,0.07
337868,0.0
337878,0.01
337890,0.15
337896,0.08
337901,0.04
337905,0.05
337914,0.18
337953,0.03
337969,0.02
337984,0.02
337995,0.1
338009,0.01
338018,0.06
338022,0.0
338028,0.2
338029,0.08
338044,0.01
338050,0.05
338052,0.1
338073,0.22
338076,0.04
338084,0.0
338086,0.07
338094,0.06
338097,0.05
338099,0.1
338126,0.04
338127,0.23
338137,0.21
338146,0.02
338161,0.05
338164,0.07
338174,0.02
338179,0.39
338181,0.03
338188,0.02
338189,0.07
338193,0.06
338199,0.01
338202,0.13
338204,0.12
338210,0.07
338229,0.06
338240,0.19
338250,0.04
338253,0.19
338254,0.01
338268,0.02
338290,0.1
338293,0.12
338297,0.03
338301,0.0
338306,0.02
338314,0.04
338318,0.01
338325,0.09
338340,0.13
338341,0.14
338351,0.12
338352,0.46
338368,0.02
338381,0.01
338404,0.0
338409,0.13
338417,0.09
338418,0.2
338426,0.0
338431,0.05
338435,0.09
338463,0.0
338465,0.25
338467,0.16
338479,0.26
338495,0.29
338510,0.04
338526,0.02
338528,0.1
338530,0.08
338539,0.01
338543,0.19
338554,0.02
338557,0.08
338581,0.27
338589,0.14
338595,0.26
338597,0.12
338604,0.1
338607,0.0
338613,0.04
338615,0.03
338628,0.25
338636,0.16
338642,0.04
338669,0.04
338671,0.06
338675,0.09
338676,0.44
338690,0.0
338696,0.07
338702,0.33
338703,0.0
338709,0.05
338719,0.03
338725,0.26
338727,0.03
338732,0.04
338749,0.07
338773,0.05
338774,0.01
338784,0.19
338789,0.02
338792,0.33
338804,0.13
338808,0.08
338822,0.01
338824,0.07
338833,0.1
338836,0.11
338840,0.16
338842,0.03
338843,0.04
338847,0.09
338849,0.24
338857,0.22
338860,0.34
338872,0.18
338874,0.1
338878,0.08
338895,0.03
338896,0.16
338904,0.3
338920,0.14
338931,0.1
338938,0.04
338955,0.07
338962,0.03
338969,0.21
338976,0.02
338994,0.15
339011,0.12
339014,0.06
339017,0.02
339018,0.4
339030,0.14
339038,0.0
339060,0.01
339079,0.13
339082,0.02
339099,0.02
339103,0.11
339105,0.1
339107,0.03
339121,0.2
339148,0.1
339152,0.05
339154,0.11
339170,0.16
339186,0.06
339187,0.03
339193,0.06
339196,0.18
339199,0.04
339203,0.31
339216,0.13
339228,0.08
339232,0.11
339237,0.13
339240,0.22
339242,0.03
339245,0.06
339252,0.08
339256,0.01
339258,0.09
339260,0.03
339263,0.25
339268,0.1
339269,0.18
339286,0.22
339304,0.04
339307,0.06
339317,0.04
339330,0.07
339346,0.28
339380,0.03
339381,0.15
339382,0.09
339391,0.02
339396,0.0
339406,0.04
339407,0.01
339409,0.12
339410,0.04
339425,0.14
339427,0.14
339433,0.04
339443,0.04
339449,0.02
339452,0.05
339453,0.14
339455,0.0
339457,0.1
339477,0.07
339483,0.04
339487,0.32
339490,0.0
339518,0.13
339523,0.12
339529,0.0
339541,0.12
339544,0.23
339546,0.11
339559,0.15
339563,0.02
339573,0.16
339591,0.06
339593,0.06
339599,0.04
339604,0.11
339615,0.04
339621,0.05
339625,0.17
339642,0.11
339647,0.17
339650,0.17
339656,0.01
339659,0.03
339681,0.28
339683,0.14
339684,0.02
339689,0.01
339694,0.0
339699,0.07
339718,0.17
339727,0.13
339735,0.05
339736,0.05
339745,0.08
339755,0.09
339758,0.08
339770,0.01
339772,0.1
339778,0.01
339786,0.12
339787,0.3
339788,0.1
339799,0.05
339814,0.1
339837,0.02
339842,0.05
339845,0.15
339852,0.13
339857,0.14
339864,0.16
339872,0.01
339873,0.01
339874,0.03
339875,0.06
339879,0.15
339884,0.1
339888,0.03
339891,0.15
339905,0.0
339920,0.05
339934,0.27
339938,0.07
339948,0.01
339949,0.07
339953,0.01
339954,0.32
339957,0.09
339958,0.13
339971,0.15
339975,0.07
339978,0.01
339984,0.03
339993,0.12
340009,0.32
340012,0.06
340019,0.02
340031,0.11
340041,0.17
340045,0.05
340046,0.18
340067,0.01
340079,0.02
340081,0.1
340082,0.06
340090,0.12
340091,0.08
340099,0.01
340104,0.15
340109,0.06
340123,0.21
340146,0.04
340162,0.05
340167,0.04
340181,0.01
340194,0.02
340195,0.02
340198,0.1
340202,0.5
340203,0.15
340219,0.05
340221,0.11
340224,0.12
340239,0.0
340248,0.07
340262,0.03
340264,0.05
340277,0.4
340285,0.01
340292,0.08
340356,0.2
340365,0.04
340375,0.07
340377,0.04
340378,0.08
340385,0.14
340387,0.11
340388,0.19
340405,0.02
340407,0.06
340408,0.09
340416,0.06
340420,0.03
340421,0.32
340425,0.09
340430,0.09
340448,0.42
340451,0.07
340456,0.08
340457,0.03
340459,0.06
340460,0.01
340463,0.07
340464,0.07
340486,0.07
340503,0.12
340504,0.03
340505,0.0
340507,0.05
340509,0.06
340511,0.14
340513,0.13
340516,0.31
340529,0.04
340535,0.05
340542,0.16
340545,0.16
340546,0.3
340556,0.09
340567,0.11
340576,0.04
340577,0.02
340586,0.07
340587,0.24
340594,0.1
340610,0.36
340611,0.02
340614,0.11
340625,0.01
340630,0.18
340640,0.05
340667,0.09
340674,0.03
340679,0.16
340683,0.12
340686,0.19
340698,0.02
340708,0.0
340717,0.25
340718,0.06
340720,0.03
340726,0.02
340746,0.2
340747,0.0
340768,0.12
340769,0.08
340772,0.28
340774,0.16
340778,0.08
340806,0.06
340816,0.01
340823,0.08
340826,0.04
340838,0.36
340840,0.07
340842,0.03
340844,0.03
340845,0.12
340853,0.22
340855,0.11
340857,0.02
340858,0.09
340864,0.15
340899,0.05
340901,0.03
340909,0.17
340921,0.04
340925,0.14
340953,0.1
340954,0.11
340961,0.12
340963,0.21
340975,0.13
340977,0.03
340996,0.03
341009,0.11
341013,0.05
341020,0.07
341024,0.13
341031,0.09
341038,0.12
341042,0.1
341050,0.02
341063,0.09
341066,0.07
341067,0.02
341070,0.14
341075,0.13
341089,0.01
341091,0.03
341122,0.04
341132,0.07
341135,0.09
341150,0.21
341168,0.24
341172,0.28
341182,0.04
341183,0.05
341187,0.08
341192,0.1
341194,0.01
341201,0.05
341226,0.06
341228,0.07
341231,0.06
341235,0.05
341237,0.1
341251,0.06
341278,0.06
341284,0.04
341285,0.07
341294,0.01
341296,0.11
341297,0.03
341298,0.03
341302,0.1
341304,0.17
341307,0.02
341314,0.08
341324,0.03
341332,0.33
341342,0.13
341347,0.13
341356,0.04
341358,0.09
341365,0.08
341368,0.14
341372,0.04
341374,0.09
341380,0.0
341381,0.16
341390,0.09
341398,0.19
341401,0.16
341406,0.19
341413,0.01
341419,0.01
341421,0.11
341427,0.04
341429,0.06
341434,0.16
341437,0.0
341444,0.14
341447,0.0
341452,0.03
341458,0.15
341475,0.12
341478,0.04
341495,0.03
341503,0.02
341520,0.02
341525,0.08
341544,0.05
341545,0.09
341548,0.05
341551,0.06
341552,0.08
341562,0.14
341574,0.19
341577,0.03
341585,0.11
341616,0.0
341630,0.05
341631,0.05
341640,0.24
341651,0.03
341653,0.09
341655,0.35
341659,0.0
341696,0.11
341705,0.3
341717,0.09
341720,0.19
341728,0.07
341729,0.03
341737,0.02
341758,0.04
341765,0.14
341780,0.15
341785,0.32
341787,0.14
341790,0.08
341796,0.03
341805,0.06
341811,0.16
341823,0.11
341828,0.29
341841,0.1
341865,0.2
341873,0.06
341891,0.01
341899,0.07
341906,0.03
341917,0.02
341926,0.13
341931,0.03
341934,0.0
341939,0.27
341943,0.12
341962,0.06
341967,0.17
341971,0.07
341990,0.02
341997,0.05
342001,0.03
342010,0.11
342042,0.11
342052,0.19
342084,0.12
342089,0.01
342091,0.02
342099,0.02
342109,0.0
342111,0.05
342119,0.04
342120,0.19
342125,0.02
342127,0.27
342128,0.08
342135,0.05
342136,0.02
342138,0.14
342148,0.07
342153,0.14
342154,0.07
342157,0.02
342163,0.03
342168,0.01
342173,0.3
342182,0.05
342185,0.04
342194,0.12
342198,0.03
342210,0.0
342214,0.19
342220,0.03
342222,0.06
342223,0.14
342230,0.09
342239,0.01
342247,0.12
342248,0.24
342252,0.02
342257,0.18
342271,0.18
342272,0.04
342290,0.04
342295,0.12
342297,0.02
342298,0.02
342301,0.04
342305,0.05
342308,0.0
342314,0.04
342322,0.06
342340,0.06
342350,0.1
342353,0.03
342358,0.15
342377,0.0
342378,0.04
342382,0.18
342390,0.07
342396,0.18
342439,0.17
342442,0.09
342447,0.1
342449,0.07
342450,0.22
342451,0.23
342454,0.04
342455,0.05
342467,0.0
342476,0.38
342481,0.14
342498,0.07
342503,0.03
342510,0.0
342513,0.04
342523,0.06
342527,0.21
342555,0.11
342566,0.08
342584,0.01
342593,0.01
342600,0.04
342611,0.12
342614,0.05
342637,0.11
342639,0.03
342656,0.26
342669,0.06
342684,0.05
342686,0.14
342690,0.13
342693,0.03
342701,0.33
342702,0.27
342703,0.11
342706,0.06
342711,0.03
342730,0.13
342744,0.05
342753,0.17
342769,0.08
342779,0.39
342788,0.07
342792,0.02
342794,0.08
342795,0.02
342799,0.01
342802,0.4
342803,0.15
342812,0.06
342820,0.2
342824,0.03
342835,0.2
342836,0.15
342851,0.06
342860,0.01
342862,0.17
342870,0.18
342873,0.02
342894,0.03
342916,0.01
342950,0.14
342970,0.06
342971,0.12
342980,0.01
342981,0.02
343004,0.14
343044,0.0
343045,0.33
343072,0.07
343078,0.09
343080,0.2
343085,0.09
343126,0.02
343137,0.1
343139,0.04
343144,0.09
343155,0.03
343163,0.07
343165,0.03
343190,0.13
343205,0.05
343221,0.01
343226,0.01
343233,0.1
343236,0.02
343241,0.06
343245,0.08
343256,0.22
343260,0.11
343276,0.01
343298,0.06
343299,0.07
343310,0.15
343312,0.01
343317,0.17
343319,0.01
343324,0.04
343345,0.12
343348,0.09
343354,0.08
343363,0.03
343365,0.38
343376,0.0
343380,0.31
343401,0.0
343412,0.04
343414,0.05
343415,0.11
343418,0.07
343419,0.15
343421,0.07
343423,0.03
343432,0.01
343436,0.01
343440,0.29
343458,0.05
343470,0.04
343471,0.04
343480,0.07
343484,0.0
343492,0.26
343500,0.1
343503,0.04
343522,0.1
343525,0.05
343562,0.28
343577,0.08
343580,0.02
343591,0.0
343594,0.09
343602,0.17
343611,0.02
343615,0.1
343639,0.04
343643,0.06
343645,0.06
343647,0.02
343669,0.02
343683,0.01
343702,0.44
343703,0.03
343704,0.03
343710,0.01
343724,0.21
343730,0.12
343742,0.09
343743,0.15
343745,0.2
343775,0.05
343783,0.01
343794,0.02
343795,0.0
343816,0.03
343820,0.17
343823,0.32
343836,0.05
343845,0.06
343888,0.12
343893,0.07
343898,0.03
343914,0.02
343918,0.02
343920,0.15
343928,0.02
343931,0.11
343968,0.05
343990,0.18
343991,0.05
343996,0.06
344002,0.08
344004,0.11
344008,0.11
344011,0.04
344013,0.14
344014,0.1
344015,0.22
344016,0.08
344019,0.08
344026,0.0
344027,0.01
344029,0.09
344039,0.15
344041,0.22
344042,0.08
344047,0.15
344053,0.36
344055,0.02
344060,0.07
344064,0.05
344067,0.14
344080,0.04
344083,0.05
344088,0.01
344090,0.06
344093,0.1
344099,0.12
344113,0.08
344114,0.11
344119,0.06
344121,0.09
344135,0.06
344138,0.05
344159,0.1
344172,0.02
344176,0.14
344192,0.03
344202,0.09
344219,0.09
344225,0.11
344229,0.2
344240,0.03
344241,0.05
344249,0.02
344252,0.3
344256,0.27
344260,0.13
344264,0.1
344267,0.02
344275,0.09
344283,0.04
344292,0.03
344296,0.14
344297,0.05
344299,0.15
344303,0.05
344313,0.03
344315,0.07
344317,0.01
344323,0.04
344328,0.18
344339,0.1
344343,0.08
344345,0.0
344356,0.21
344358,0.09
344359,0.17
344366,0.19
344370,0.01
344382,0.02
344383,0.02
344386,0.15
344388,0.19
344393,0.11
344395,0.11
344401,0.06
344402,0.13
344404,0.04
344422,0.05
344427,0.07
344433,0.01
344444,0.17
344454,0.08
344460,0.02
344480,0.0
344483,0.03
344488,0.07
344496,0.18
344504,0.15
344516,0.13
344524,0.11
344540,0.07
344542,0.02
344550,0.02
344558,0.12
344561,0.02
344568,0.21
344571,0.07
344621,0.03
344633,0.15
344635,0.17
344660,0.14
344662,0.08
344681,0.0
344683,0.36
344685,0.02
344716,0.22
344726,0.12
344749,0.02
344750,0.21
344752,0.04
344760,0.03
344762,0.2
344768,0.08
344770,0.27
344772,0.39
344778,0.08
344783,0.09
344793,0.0
344814,0.05
344815,0.01
344818,0.02
344819,0.03
344826,0.17
344828,0.32
344835,0.11
344864,0.05
344869,0.09
344875,0.27
344883,0.0
344885,0.05
344887,0.08
344889,0.03
344892,0.3
344895,0.06
344913,0.14
344934,0.01
344939,0.23
344947,0.14
344964,0.14
344969,0.12
344973,0.09
344977,0.08
344978,0.11
344991,0.19
345010,0.11
345011,0.07
345012,0.13
345020,0.09
345021,0.04
345042,0.02
345046,0.01
345070,0.05
345078,0.22
345085,0.12
345087,0.05
345093,0.11
345094,0.21
345097,0.05
345107,0.04
345109,0.17
345117,0.0
345118,0.07
345126,0.28
345142,0.04
345143,0.11
345149,0.04
345150,0.0
345154,0.35
345174,0.02
345184,0.1
345193,0.08
345196,0.1
345202,0.09
345207,0.12
345209,0.15
345211,0.14
345212,0.08
345213,0.02
345218,0.03
345228,0.02
345234,0.02
345251,0.02
345252,0.01
345260,0.02
345269,0.0
345275,0.06
345300,0.03
345305,0.05
345306,0.17
345310,0.09
345315,0.22
345324,0.03
345329,0.07
345359,0.24
345360,0.13
345364,0.03
345385,0.22
345387,0.0
345390,0.04
345402,0.13
345404,0.1
345405,0.1
345416,0.05
345425,0.28
345432,0.19
345437,0.21
345442,0.06
345450,0.11
345458,0.07
345467,0.11
345468,0.19
345470,0.08
345478,0.01
345479,0.1
345482,0.13
345489,0.03
345492,0.03
345499,0.09
345502,0.03
345515,0.05
345538,0.03
345542,0.13
345548,0.02
345550,0.04
345552,0.04
345557,0.0
345560,0.0
345563,0.08
345564,0.27
345580,0.01
345582,0.02
345583,0.02
345604,0.05
345622,0.0
345630,0.21
345634,0.15
345643,0.14
345646,0.0
345685,0.2
345687,0.01
345694,0.09
345717,0.15
345718,0.1
345726,0.08
345733,0.1
345738,0.07
345754,0.06
345761,0.1
345771,0.05
345778,0.04
345780,0.34
345788,0.14
345796,0.12
345800,0.36
345808,0.22
345812,0.06
345821,0.07
345822,0.09
345843,0.25
345853,0.12
345854,0.04
345857,0.02
345858,0.11
345867,0.13
345884,0.24
345892,0.05
345893,0.06
345896,0.0
345902,0.06
345906,0.13
345913,0.01
345916,0.03
345922,0.02
345923,0.28
345924,0.13
345935,0.08
345941,0.03
345948,0.21
345953,0.04
345958,0.05
345962,0.1
345966,0.1
345973,0.1
345976,0.37
345989,0.01
345999,0.01
346003,0.08
346014,0.05
346027,0.01
346036,0.37
346048,0.01
346052,0.02
346057,0.05
346058,0.12
346064,0.33
346076,0.14
346079,0.06
346081,0.02
346091,0.03
346099,0.27
346104,0.04
346111,0.08
346117,0.2
346118,0.13
346126,0.01
346135,0.21
346141,0.04
346150,0.1
346153,0.14
346155,0.13
346164,0.0
346166,0.25
346173,0.05
346179,0.01
346184,0.02
346188,0.04
346201,0.1
346207,0.03
346213,0.09
346219,0.0
346245,0.01
346271,0.14
346273,0.09
346290,0.08
346300,0.08
346314,0.04
346328,0.05
346329,0.27
346338,0.01
346340,0.02
346341,0.04
346347,0.1
346358,0.06
346362,0.08
346373,0.04
346377,0.21
346379,0.42
346384,0.2
346387,0.02
346392,0.02
346396,0.02
346402,0.17
346405,0.1
346407,0.04
346409,0.02
346414,0.1
346423,0.07
346424,0.0
346428,0.02
346443,0.09
346444,0.01
346446,0.15
346449,0.1
346456,0.01
346476,0.02
346477,0.07
346480,0.02
346492,0.09
346526,0.03
346536,0.01
346539,0.02
346543,0.23
346544,0.01
346546,0.01
346591,0.19
346598,0.02
346599,0.07
346618,0.13
346620,0.02
346623,0.08
346631,0.03
346639,0.02
346657,0.01
346661,0.2
346671,0.01
346672,0.02
346694,0.06
346712,0.26
346714,0.11
346723,0.02
346727,0.26
346729,0.09
346747,0.04
346765,0.08
346775,0.09
346784,0.22
346797,0.03
346799,0.06
346802,0.01
346807,0.11
346822,0.03
346828,0.21
346836,0.06
346838,0.08
346841,0.3
346843,0.02
346848,0.21
346850,0.03
346851,0.03
346855,0.07
346856,0.08
346860,0.17
346870,0.04
346881,0.1
346884,0.04
346887,0.0
346890,0.01
346904,0.08
346912,0.05
346914,0.26
346923,0.01
346924,0.11
346926,0.05
346934,0.04
346936,0.01
346951,0.01
346952,0.16
346970,0.0
346982,0.06
346993,0.01
347013,0.05
347018,0.07
347021,0.03
347031,0.04
347033,0.35
347039,0.03
347045,0.02
347046,0.07
347058,0.03
347071,0.11
347078,0.09
347079,0.11
347097,0.11
347101,0.09
347120,0.11
347121,0.08
347133,0.05
347161,0.11
347163,0.16
347173,0.1
347175,0.07
347181,0.0
347193,0.27
347196,0.21
347204,0.2
347205,0.16
347217,0.18
347229,0.01
347255,0.03
347261,0.05
347266,0.17
347283,0.04
347286,0.05
347302,0.02
347304,0.1
347321,0.1
347323,0.03
347331,0.2
347340,0.16
347350,0.06
347374,0.07
347379,0.03
347404,0.16
347415,0.04
347438,0.23
347439,0.0
347443,0.08
347450,0.3
347456,0.01
347458,0.22
347463,0.07
347471,0.04
347476,0.15
347482,0.03
347483,0.03
347492,0.07
347498,0.1
347499,0.12
347501,0.05
347521,0.05
347527,0.04
347531,0.03
347540,0.06
347556,0.11
347575,0.06
347579,0.02
347581,0.19
347583,0.04
347611,0.06
347614,0.1
347621,0.0
347629,0.26
347639,0.14
347642,0.02
347650,0.13
347665,0.03
347674,0.05
347678,0.22
347689,0.13
347690,0.01
347708,0.03
347712,0.11
347722,0.12
347728,0.08
347734,0.05
347736,0.15
347747,0.06
347748,0.0
347753,0.16
347755,0.18
347756,0.07
347757,0.01
347763,0.07
347770,0.05
347771,0.1
347784,0.01
347792,0.09
347793,0.04
347801,0.01
347808,0.1
347821,0.0
347824,0.02
347829,0.03
347841,0.39
347845,0.03
347846,0.35
347853,0.12
347854,0.06
347858,0.11
347859,0.0
347864,0.01
347869,0.04
347876,0.19
347880,0.04
347884,0.01
347888,0.02
347893,0.0
347900,0.06
347902,0.24
347910,0.03
347912,0.01
347915,0.06
347916,0.07
347919,0.03
347923,0.04
347952,0.22
348002,0.21
348003,0.05
348008,0.15
348014,0.0
348027,0.14
348031,0.04
348051,0.21
348060,0.02
348064,0.1
348066,0.12
348069,0.15
348077,0.14
348081,0.06
348087,0.14
348088,0.05
348094,0.06
348100,0.07
348119,0.02
348122,0.08
348141,0.12
348145,0.01
348154,0.01
348158,0.03
348163,0.21
348176,0.18
348177,0.07
348181,0.09
348190,0.05
348195,0.34
348197,0.17
348200,0.01
348209,0.12
348216,0.0
348217,0.11
348223,0.26
348228,0.12
348230,0.04
348249,0.06
348251,0.17
348261,0.13
348264,0.05
348271,0.21
348273,0.06
348280,0.1
348283,0.11
348285,0.05
348306,0.14
348312,0.11
348327,0.01
348328,0.25
348344,0.02
348358,0.02
348361,0.05
348362,0.18
348364,0.02
348370,0.07
348380,0.11
348400,0.1
348420,0.24
348428,0.02
348430,0.1
348445,0.02
348460,0.21
348462,0.06
348465,0.06
348481,0.06
348482,0.01
348485,0.08
348491,0.15
348492,0.17
348522,0.18
348531,0.06
348536,0.1
348546,0.07
348547,0.08
348548,0.09
348551,0.0
348554,0.25
348564,0.02
348571,0.1
348577,0.14
348593,0.16
348595,0.1
348606,0.02
348621,0.04
348630,0.03
348633,0.35
348644,0.12
348646,0.02
348680,0.07
348692,0.07
348698,0.25
348703,0.14
348712,0.04
348726,0.34
348727,0.03
348731,0.04
348733,0.0
348747,0.22
348753,0.01
348756,0.18
348760,0.27
348771,0.01
348785,0.04
348789,0.1
348793,0.02
348797,0.0
348799,0.0
348811,0.06
348812,0.15
348818,0.01
348822,0.02
348833,0.1
348849,0.03
348875,0.04
348878,0.03
348879,0.04
348884,0.26
348887,0.03
348890,0.23
348901,0.14
348911,0.25
348936,0.01
348941,0.07
348949,0.04
348950,0.02
348952,0.02
348954,0.02
348971,0.14
348979,0.39
348985,0.08
348989,0.24
348999,0.17
349006,0.14
349013,0.12
349015,0.0
349024,0.03
349033,0.0
349047,0.0
349060,0.04
349065,0.05
349071,0.17
349081,0.07
349088,0.02
349093,0.0
349101,0.14
349107,0.17
349113,0.02
349123,0.08
349125,0.0
349129,0.25
349131,0.08
349132,0.0
349163,0.16
349168,0.08
349172,0.01
349187,0.03
349192,0.29
349193,0.02
349203,0.05
349227,0.1
349234,0.16
349248,0.05
349249,0.08
349254,0.03
349259,0.17
349265,0.17
349276,0.01
349281,0.04
349283,0.04
349288,0.1
349297,0.1
349299,0.04
349304,0.01
349306,0.05
349310,0.14
349314,0.0
349320,0.13
349326,0.14
349329,0.03
349337,0.1
349357,0.06
349363,0.03
349374,0.18
349375,0.08
349394,0.05
349399,0.02
349404,0.02
349419,0.1
349422,0.16
349425,0.17
349432,0.02
349433,0.37
349436,0.0
349437,0.0
349439,0.01
349484,0.03
349488,0.07
349490,0.11
349538,0.1
349541,0.05
349543,0.03
349552,0.08
349560,0.17
349565,0.17
349570,0.04
349586,0.02
349589,0.09
349592,0.15
349596,0.01
349598,0.04
349601,0.05
349608,0.35
349615,0.08
349645,0.03
349654,0.03
349671,0.01
349679,0.02
349693,0.14
349706,0.18
349707,0.05
349708,0.11
349719,0.05
349727,0.13
349730,0.11
349735,0.09
349744,0.32
349745,0.04
349760,0.14
349765,0.04
349778,0.13
349787,0.01
349802,0.16
349812,0.19
349815,0.03
349847,0.03
349854,0.05
349855,0.06
349872,0.01
349873,0.16
349874,0.03
349886,0.09
349887,0.14
349911,0.06
349916,0.01
349920,0.28
349921,0.03
349929,0.04
349931,0.02
349935,0.06
349939,0.01
349960,0.06
349967,0.18
349969,0.37
349971,0.15
349977,0.0
349979,0.01
349981,0.12
349982,0.29
349992,0.03
349994,0.06
350005,0.02
350006,0.03
350009,0.06
350017,0.07
350021,0.02
350023,0.21
350032,0.1
350033,0.19
350036,0.18
350037,0.03
350048,0.19
350052,0.0
350063,0.01
350077,0.04
350078,0.05
350086,0.32
350087,0.03
350107,0.0
350110,0.03
350114,0.27
350119,0.24
350139,0.01
350154,0.03
350174,0.22
350177,0.01
350190,0.13
350193,0.08
350203,0.04
350206,0.27
350210,0.07
350225,0.04
350242,0.06
350264,0.03
350273,0.03
350277,0.1
350283,0.06
350286,0.07
350288,0.21
350290,0.06
350293,0.03
350310,0.3
350327,0.27
350330,0.07
350334,0.07
350340,0.03
350342,0.08
350344,0.04
350370,0.0
350372,0.14
350376,0.29
350387,0.01
350389,0.04
350395,0.22
350397,0.2
350433,0.16
350436,0.3
350442,0.02
350445,0.01
350446,0.25
350457,0.17
350480,0.03
350481,0.01
350484,0.1
350494,0.06
350511,0.05
350529,0.04
350531,0.08
350535,0.04
350539,0.01
350543,0.17
350544,0.17
350550,0.08
350558,0.19
350569,0.2
350571,0.08
350577,0.09
350582,0.07
350585,0.03
350596,0.03
350598,0.04
350599,0.08
350602,0.03
350612,0.06
350621,0.07
350626,0.04
350628,0.01
350638,0.16
350646,0.31
350652,0.07
350665,0.08
350671,0.07
350677,0.03
350694,0.08
350697,0.19
350699,0.17
350703,0.03
350705,0.36
350708,0.01
350724,0.11
350731,0.04
350740,0.04
350745,0.0
350749,0.04
350754,0.12
350757,0.02
350764,0.09
350766,0.21
350779,0.02
350794,0.21
350805,0.02
350810,0.13
350817,0.04
350825,0.1
350829,0.05
350832,0.04
350841,0.02
350855,0.06
350862,0.0
350867,0.06
350871,0.09
350874,0.13
350891,0.05
350895,0.07
350898,0.03
350899,0.0
350902,0.04
350913,0.09
350916,0.01
350933,0.06
350944,0.07
350954,0.18
350959,0.01
350965,0.1
350969,0.03
350984,0.06
350997,0.08
350999,0.06
351002,0.27
351008,0.02
351014,0.05
351025,0.06
351026,0.01
351046,0.3
351048,0.01
351070,0.04
351073,0.03
351079,0.08
351085,0.46
351091,0.04
351094,0.1
351115,0.0
351117,0.0
351126,0.01
351142,0.0
351151,0.01
351171,0.09
351178,0.06
351186,0.02
351194,0.32
351201,0.03
351223,0.33
351225,0.16
351226,0.09
351227,0.09
351240,0.07
351243,0.05
351244,0.19
351245,0.0
351248,0.05
351252,0.06
351259,0.31
351265,0.06
351291,0.07
351292,0.07
351294,0.14
351298,0.03
351303,0.25
351311,0.03
351326,0.0
351331,0.09
351338,0.04
351339,0.08
351364,0.1
351380,0.19
351383,0.3
351385,0.02
351386,0.09
351389,0.08
351392,0.08
351393,0.11
351407,0.31
351419,0.0
351422,0.02
351423,0.1
351430,0.12
351446,0.0
351454,0.04
351458,0.08
351461,0.06
351489,0.03
351495,0.0
351520,0.08
351526,0.25
351535,0.02
351541,0.01
351567,0.02
351580,0.04
351581,0.28
351584,0.04
351587,0.04
351589,0.08
351593,0.16
351616,0.06
351619,0.05
351625,0.11
351626,0.03
351635,0.01
351641,0.0
351655,0.04
351658,0.1
351669,0.34
351670,0.02
351671,0.02
351680,0.06
351687,0.02
351699,0.01
351722,0.05
351725,0.12
351740,0.17
351747,0.13
351758,0.06
351771,0.01
351780,0.12
351786,0.01
351789,0.11
351796,0.15
351801,0.14
351814,0.01
351817,0.15
351819,0.12
351825,0.25
351830,0.36
351831,0.03
351834,0.07
351836,0.1
351837,0.1
351838,0.03
351839,0.26
351846,0.21
351863,0.09
351864,0.09
351880,0.13
351887,0.01
351891,0.06
351892,0.11
351898,0.38
351907,0.09
351916,0.09
351936,0.04
351937,0.08
351945,0.02
351957,0.09
351958,0.03
351962,0.12
351967,0.16
351970,0.14
351973,0.06
351978,0.01
351984,0.09
351989,0.11
351992,0.12
352015,0.14
352036,0.03
352043,0.16
352049,0.06
352053,0.11
352056,0.02
352058,0.04
352064,0.03
352065,0.03
352075,0.06
352092,0.01
352096,0.05
352097,0.01
352102,0.04
352103,0.02
352117,0.17
352119,0.02
352139,0.13
352145,0.0
352158,0.05
352198,0.15
352199,0.08
352200,0.14
352205,0.06
352241,0.03
352244,0.13
352258,0.09
352260,0.03
352266,0.02
352273,0.23
352283,0.01
352303,0.03
352304,0.12
352351,0.0
352353,0.12
352379,0.04
352389,0.16
352390,0.09
352391,0.16
352403,0.11
352407,0.02
352409,0.25
352421,0.02
352425,0.09
352447,0.06
352450,0.09
352451,0.17
352457,0.02
352468,0.18
352482,0.02
352495,0.02
352501,0.13
352506,0.55
352508,0.19
352522,0.12
352528,0.08
352539,0.06
352540,0.02
352551,0.14
352560,0.03
352561,0.12
352565,0.05
352566,0.17
352584,0.19
352592,0.04
352626,0.1
352650,0.09
352655,0.01
352668,0.28
352670,0.01
352685,0.15
352690,0.05
352692,0.04
352694,0.03
352700,0.17
352701,0.11
352708,0.07
352711,0.12
352734,0.14
352738,0.07
352742,0.01
352745,0.04
352746,0.04
352751,0.09
352762,0.21
352767,0.09
352768,0.12
352785,0.01
352788,0.08
352795,0.09
352814,0.09
352825,0.09
352827,0.22
352828,0.02
352830,0.1
352850,0.0
352890,0.03
352901,0.02
352907,0.08
352909,0.1
352913,0.03
352925,0.01
352927,0.02
352928,0.22
352938,0.13
352942,0.05
352943,0.35
352952,0.05
352958,0.06
352962,0.07
352967,0.06
352972,0.07
352988,0.01
352991,0.12
353002,0.05
353008,0.07
353011,0.01
353014,0.16
353018,0.02
353023,0.03
353029,0.09
353031,0.01
353035,0.23
353037,0.16
353042,0.01
353054,0.06
353078,0.06
353122,0.06
353123,0.04
353140,0.04
353145,0.05
353167,0.11
353177,0.22
353179,0.29
353185,0.03
353194,0.2
353195,0.15
353208,0.11
353210,0.03
353214,0.15
353215,0.3
353240,0.11
353241,0.25
353247,0.15
353259,0.19
353262,0.26
353264,0.22
353278,0.02
353279,0.19
353280,0.19
353287,0.18
353288,0.01
353290,0.07
353299,0.0
353314,0.08
353328,0.11
353340,0.08
353350,0.03
353352,0.0
353364,0.14
353371,0.04
353373,0.05
353374,0.22
353389,0.07
353395,0.13
353419,0.44
353427,0.08
353441,0.2
353454,0.06
353469,0.34
353475,0.23
353481,0.0
353483,0.21
353484,0.09
353488,0.16
353496,0.01
353504,0.09
353505,0.29
353509,0.04
353527,0.09
353574,0.11
353585,0.14
353595,0.05
353598,0.03
353602,0.1
353610,0.08
353618,0.03
353625,0.0
353626,0.18
353631,0.03
353635,0.05
353654,0.04
353682,0.06
353688,0.13
353695,0.06
353711,0.05
353724,0.04
353729,0.05
353732,0.02
353749,0.19
353750,0.0
353752,0.0
353761,0.0
353782,0.0
353784,0.1
353801,0.02
353809,0.1
353812,0.03
353814,0.04
353821,0.02
353832,0.09
353845,0.12
353860,0.16
353863,0.07
353867,0.17
353876,0.14
353905,0.01
353923,0.1
353934,0.01
353943,0.06
353945,0.11
353973,0.03
353995,0.02
354001,0.04
354003,0.22
354011,0.09
354020,0.01
354024,0.22
354027,0.11
354031,0.04
354036,0.01
354037,0.19
354039,0.01
354044,0.03
354058,0.03
354071,0.05
354080,0.09
354084,0.11
354085,0.02
354089,0.03
354099,0.12
354100,0.02
354104,0.11
354106,0.13
354107,0.19
354111,0.02
354114,0.09
354115,0.37
354122,0.13
354130,0.13
354139,0.08
354140,0.11
354145,0.01
354149,0.07
354167,0.01
354173,0.24
354176,0.04
354178,0.08
354182,0.16
354184,0.07
354186,0.14
354192,0.02
354209,0.1
354214,0.06
354218,0.15
354230,0.19
354251,0.15
354257,0.1
354264,0.19
354265,0.02
354267,0.01
354272,0.02
354273,0.16
354285,0.13
354298,0.17
354309,0.07
354312,0.15
354320,0.0
354322,0.07
354327,0.03
354333,0.06
354335,0.21
354344,0.3
354355,0.2
354358,0.01
354365,0.04
354368,0.1
354377,0.03
354386,0.03
354390,0.03
354394,0.05
354398,0.06
354402,0.05
354403,0.07
354406,0.28
354414,0.12
354421,0.04
354430,0.15
354445,0.04
354470,0.02
354479,0.03
354481,0.02
354483,0.21
354497,0.04
354511,0.04
354533,0.0
354549,0.26
354561,0.29
354570,0.0
354571,0.06
354577,0.16
354586,0.13
354598,0.09
354601,0.02
354602,0.06
354603,0.07
354606,0.06
354612,0.02
354613,0.0
354616,0.22
354624,0.06
354625,0.35
354636,0.04
354639,0.15
354640,0.08
354644,0.2
354650,0.02
354666,0.24
354673,0.13
354674,0.0
354677,0.04
354684,0.1
354694,0.16
354698,0.02
354708,0.02
354709,0.03
354720,0.07
354738,0.06
354740,0.02
354757,0.02
354768,0.04
354775,0.11
354776,0.09
354792,0.05
354803,0.13
354809,0.05
354817,0.02
354818,0.06
354830,0.01
354832,0.09
354838,0.18
354839,0.03
354851,0.02
354861,0.03
354865,0.11
354890,0.12
354893,0.15
354898,0.05
354900,0.11
354910,0.28
354913,0.0
354937,0.01
354942,0.04
354953,0.0
354956,0.02
354958,0.0
354960,0.06
354984,0.05
354993,0.04
355017,0.22
355025,0.05
355026,0.01
355041,0.29
355043,0.03
355048,0.1
355057,0.06
355071,0.2
355075,0.1
355081,0.02
355083,0.35
355090,0.06
355105,0.13
355107,0.04
355108,0.12
355109,0.17
355114,0.02
355117,0.06
355127,0.05
355148,0.02
355174,0.12
355180,0.05
355181,0.05
355184,0.2
355201,0.01
355207,0.02
355209,0.06
355217,0.02
355218,0.15
355237,0.05
355239,0.05
355241,0.13
355243,0.28
355250,0.19
355275,0.06
355282,0.1
355284,0.19
355287,0.06
355293,0.22
355296,0.01
355305,0.15
355312,0.08
355320,0.1
355327,0.07
355328,0.03
355333,0.08
355335,0.11
355336,0.07
355337,0.11
355338,0.19
355341,0.08
355355,0.13
355358,0.03
355360,0.16
355372,0.04
355382,0.02
355385,0.07
355393,0.42
355404,0.01
355408,0.08
355417,0.18
355418,0.02
355431,0.05
355434,0.05
355445,0.04
355502,0.02
355503,0.2
355511,0.09
355517,0.19
355519,0.14
355524,0.26
355536,0.09
355549,0.01
355550,0.14
355560,0.14
355569,0.01
355571,0.02
355572,0.08
355575,0.09
355578,0.24
355584,0.06
355588,0.08
355592,0.25
355604,0.04
355638,0.05
355646,0.1
355649,0.0
355656,0.05
355657,0.03
355666,0.01
355681,0.01
355697,0.02
355700,0.05
355701,0.02
355703,0.02
355704,0.22
355708,0.06
355736,0.04
355743,0.19
355769,0.01
355773,0.06
355781,0.06
355785,0.08
355786,0.21
355798,0.07
355817,0.12
355819,0.08
355826,0.06
355842,0.31
355846,0.09
355855,0.07
355870,0.1
355873,0.01
355874,0.46
355876,0.22
355877,0.09
355880,0.03
355920,0.09
355922,0.03
355930,0.03
355935,0.04
355942,0.21
355963,0.09
355971,0.05
355973,0.1
355980,0.01
355981,0.01
355984,0.12
355987,0.14
355996,0.11
355997,0.12
356013,0.08
356016,0.03
356025,0.15
356027,0.0
356035,0.1
356036,0.1
356038,0.06
356041,0.02
356057,0.0
356063,0.2
356077,0.02
356080,0.03
356086,0.0
356102,0.08
356106,0.03
356118,0.16
356140,0.02
356150,0.33
356153,0.04
356159,0.11
356163,0.2
356164,0.07
356168,0.09
356169,0.04
356170,0.07
356199,0.06
356211,0.0
356220,0.03
356246,0.01
356249,0.01
356255,0.15
356258,0.14
356262,0.07
356273,0.05
356279,0.21
356281,0.1
356308,0.07
356324,0.12
356327,0.04
356328,0.03
356331,0.17
356336,0.07
356345,0.01
356382,0.15
356395,0.11
356399,0.16
356400,0.1
356413,0.14
356414,0.15
356418,0.03
356427,0.03
356433,0.03
356439,0.0
356444,0.12
356475,0.06
356480,0.09
356482,0.2
356497,0.0
356512,0.05
356517,0.37
356536,0.05
356539,0.08
356551,0.04
356556,0.2
356558,0.24
356559,0.11
356563,0.04
356578,0.02
356583,0.07
356584,0.44
356592,0.05
356594,0.01
356596,0.02
356597,0.0
356598,0.12
356602,0.01
356609,0.25
356624,0.16
356626,0.1
356627,0.14
356641,0.31
356648,0.12
356649,0.14
356650,0.03
356651,0.02
356659,0.05
356676,0.21
356687,0.12
356689,0.1
356698,0.01
356726,0.02
356732,0.08
356741,0.14
356742,0.04
356746,0.0
356750,0.06
356754,0.05
356760,0.04
356762,0.15
356763,0.1
356777,0.15
356784,0.08
356795,0.21
356801,0.03
356802,0.04
356808,0.0
356813,0.18
356816,0.08
356818,0.22
356825,0.21
356828,0.08
356836,0.09
356854,0.04
356857,0.05
356865,0.04
356873,0.02
356879,0.17
356880,0.02
356885,0.14
356889,0.05
356903,0.03
356905,0.03
356913,0.03
356916,0.07
356939,0.0
356944,0.07
356952,0.23
356958,0.05
356963,0.0
356967,0.03
356970,0.07
356977,0.03
356980,0.05
356981,0.04
356983,0.08
356998,0.41
357005,0.08
357022,0.11
357032,0.08
357033,0.18
357035,0.14
357047,0.25
357054,0.06
357057,0.11
357069,0.11
357096,0.2
357102,0.22
357118,0.02
357124,0.04
357137,0.02
357138,0.13
357149,0.09
357151,0.05
357157,0.09
357158,0.07
357162,0.03
357163,0.1
357171,0.04
357175,0.04
357192,0.03
357200,0.13
357204,0.04
357206,0.24
357215,0.14
357221,0.01
357228,0.03
357247,0.03
357249,0.13
357268,0.01
357270,0.04
357279,0.15
357287,0.06
357293,0.03
357306,0.02
357308,0.22
357321,0.04
357326,0.13
357340,0.0
357342,0.11
357352,0.14
357361,0.05
357368,0.01
357370,0.13
357377,0.05
357382,0.03
357383,0.03
357384,0.1
357398,0.08
357415,0.01
357420,0.11
357439,0.03
357440,0.02
357458,0.0
357464,0.04
357467,0.02
357469,0.24
357472,0.07
357489,0.02
357504,0.22
357522,0.18
357527,0.02
357547,0.17
357550,0.09
357558,0.06
357559,0.37
357562,0.17
357572,0.12
357583,0.2
357585,0.39
357598,0.0
357607,0.13
357613,0.01
357627,0.11
357630,0.08
357631,0.45
357680,0.0
357694,0.09
357698,0.01
357699,0.15
357707,0.09
357732,0.05
357748,0.12
357755,0.19
357767,0.1
357786,0.06
357791,0.11
357799,0.06
357824,0.04
357830,0.01
357832,0.12
357840,0.19
357863,0.29
357865,0.08
357868,0.17
357869,0.1
357878,0.04
357886,0.15
357891,0.11
357897,0.04
357915,0.29
357927,0.09
357947,0.03
357958,0.03
357959,0.05
357976,0.02
357992,0.15
357995,0.07
357996,0.04
358020,0.1
358022,0.21
358023,0.11
358029,0.07
358040,0.16
358059,0.06
358071,0.04
358076,0.06
358095,0.05
358096,0.01
358104,0.02
358110,0.03
358122,0.32
358137,0.01
358147,0.11
358149,0.02
358155,0.18
358161,0.12
358163,0.1
358172,0.29
358178,0.16
358183,0.14
358186,0.07
358189,0.1
358198,0.01
358211,0.23
358219,0.03
358220,0.12
358225,0.12
358231,0.01
358233,0.04
358247,0.13
358258,0.07
358264,0.3
358271,0.21
358273,0.02
358275,0.02
358278,0.09
358287,0.2
358309,0.03
358327,0.19
358342,0.06
358348,0.12
358352,0.01
358373,0.19
358384,0.07
358394,0.02
358405,0.41
358409,0.01
358412,0.29
358424,0.15
358427,0.02
358434,0.1
358444,0.1
358448,0.01
358449,0.07
358458,0.04
358472,0.32
358483,0.2
358490,0.2
358503,0.06
358504,0.12
358505,0.01
358512,0.19
358513,0.03
358528,0.05
358532,0.17
358536,0.02
358538,0.05
358559,0.02
358590,0.28
358601,0.2
358627,0.03
358631,0.15
358632,0.02
358640,0.12
358649,0.13
358650,0.05
358653,0.0
358676,0.03
358679,0.04
358695,0.13
358703,0.07
358705,0.0
358710,0.06
358730,0.04
358731,0.06
358735,0.09
358744,0.21
358748,0.09
358750,0.0
358752,0.0
358764,0.15
358777,0.03
358786,0.34
358789,0.13
358805,0.04
358809,0.04
358810,0.02
358824,0.13
358829,0.19
358838,0.09
358840,0.04
358841,0.17
358854,0.06
358873,0.36
358879,0.15
358884,0.1
358885,0.0
358886,0.06
358892,0.03
358895,0.06
358906,0.03
358910,0.05
358911,0.04
358924,0.16
358929,0.11
358937,0.14
358949,0.16
358955,0.06
358956,0.32
358959,0.18
358960,0.12
358969,0.04
358983,0.05
358990,0.19
358992,0.11
358994,0.19
359004,0.06
359015,0.12
359023,0.06
359030,0.0
359032,0.1
359038,0.05
359044,0.11
359049,0.06
359050,0.02
359064,0.03
359095,0.02
359100,0.29
359105,0.0
359116,0.09
359134,0.18
359136,0.15
359143,0.05
359147,0.02
359175,0.02
359182,0.02
359188,0.03
359196,0.01
359198,0.04
359202,0.04
359212,0.1
359229,0.05
359232,0.06
359247,0.1
359258,0.15
359260,0.11
359261,0.05
359262,0.33
359268,0.02
359285,0.06
359293,0.03
359294,0.09
359297,0.1
359299,0.04
359311,0.04
359319,0.04
359320,0.03
359322,0.22
359353,0.05
359355,0.14
359360,0.18
359367,0.06
359369,0.02
359372,0.02
359377,0.13
359381,0.0
359382,0.06
359387,0.03
359389,0.06
359392,0.05
359437,0.17
359438,0.01
359440,0.06
359442,0.04
359455,0.03
359474,0.1
359475,0.01
359480,0.37
359485,0.12
359493,0.0
359497,0.13
359505,0.01
359506,0.03
359516,0.15
359518,0.0
359523,0.05
359547,0.2
359548,0.06
359556,0.03
359577,0.1
359580,0.25
359588,0.09
359590,0.01
359592,0.02
359599,0.03
359609,0.17
359611,0.04
359619,0.09
359623,0.26
359654,0.01
359666,0.24
359669,0.02
359672,0.05
359673,0.31
359677,0.04
359685,0.14
359690,0.15
359697,0.05
359702,0.07
359707,0.08
359711,0.07
359719,0.05
359722,0.14
359726,0.1
359730,0.14
359731,0.09
359741,0.16
359743,0.19
359748,0.01
359753,0.0
359758,0.45
359773,0.01
359780,0.04
359785,0.01
359800,0.05
359806,0.02
359809,0.04
359822,0.07
359828,0.18
359847,0.11
359855,0.08
359858,0.04
359864,0.02
359884,0.03
359886,0.02
359898,0.16
359908,0.29
359921,0.44
359945,0.03
359958,0.03
359964,0.05
359980,0.02
359992,0.12
359994,0.21
360001,0.18
360004,0.03
360009,0.21
360020,0.04
360049,0.43
360058,0.02
360063,0.17
360064,0.02
360074,0.03
360095,0.05
360098,0.13
360099,0.01
360100,0.01
360103,0.11
360106,0.06
360107,0.07
360124,0.04
360126,0.02
360138,0.06
360140,0.23
360141,0.03
360149,0.16
360152,0.08
360165,0.1
360171,0.06
360176,0.09
360183,0.01
360186,0.0
360189,0.26
360191,0.05
360199,0.16
360204,0.11
360205,0.17
360217,0.05
360225,0.16
360231,0.02
360238,0.0
360248,0.29
360249,0.01
360254,0.06
360256,0.14
360257,0.04
360258,0.07
360277,0.07
360279,0.07
360280,0.12
360281,0.19
360283,0.18
360290,0.16
360312,0.03
360316,0.0
360320,0.0
360324,0.04
360333,0.04
360339,0.04
360347,0.06
360359,0.15
360360,0.15
360367,0.17
360372,0.03
360382,0.13
360386,0.08
360400,0.04
360411,0.15
360412,0.1
360415,0.05
360419,0.09
360421,0.08
360427,0.05
360429,0.29
360438,0.07
360439,0.01
360445,0.18
360454,0.18
360458,0.14
360467,0.1
360469,0.1
360471,0.13
360472,0.01
360475,0.08
360478,0.19
360479,0.19
360480,0.21
360484,0.09
360496,0.03
360504,0.03
360517,0.02
360518,0.06
360526,0.06
360530,0.09
360535,0.2
360538,0.3
360539,0.04
360545,0.03
360569,0.1
360579,0.19
360580,0.03
360611,0.07
360612,0.0
360626,0.03
360628,0.06
360631,0.03
360633,0.14
360640,0.03
360643,0.33
360645,0.01
360663,0.02
360666,0.01
360678,0.07
360683,0.01
360707,0.17
360715,0.19
360723,0.11
360727,0.09
360733,0.13
360746,0.02
360759,0.08
360767,0.01
360769,0.07
360770,0.01
360779,0.02
360791,0.03
360792,0.0
360801,0.18
360812,0.07
360814,0.01
360828,0.0
360830,0.24
360837,0.09
360838,0.2
360844,0.15
360860,0.03
360864,0.08
360871,0.14
360872,0.14
360877,0.26
360880,0.01
360881,0.0
360882,0.12
360884,0.02
360885,0.03
360889,0.17
360893,0.16
360898,0.07
360933,0.18
360941,0.07
360942,0.07
360943,0.03
360960,0.04
360973,0.07
360979,0.11
360987,0.08
360988,0.06
360999,0.12
361001,0.04
361005,0.18
361007,0.17
361024,0.03
361028,0.18
361051,0.01
361072,0.04
361086,0.04
361093,0.13
361098,0.02
361124,0.02
361130,0.01
361132,0.09
361133,0.02
361135,0.18
361148,0.18
361150,0.01
361152,0.0
361154,0.06
361158,0.04
361171,0.12
361175,0.14
361177,0.01
361195,0.03
361200,0.04
361203,0.1
361205,0.04
361214,0.11
361217,0.09
361226,0.06
361232,0.04
361236,0.11
361249,0.03
361251,0.12
361252,0.07
361284,0.07
361289,0.17
361297,0.03
361304,0.21
361311,0.08
361334,0.18
361339,0.11
361340,0.15
361348,0.07
361352,0.01
361354,0.04
361355,0.2
361370,0.2
361390,0.1
361392,0.11
361397,0.06
361402,0.12
361405,0.09
361406,0.04
361426,0.02
361431,0.08
361440,0.0
361451,0.35
361469,0.25
361473,0.09
361497,0.09
361511,0.0
361515,0.02
361525,0.18
361540,0.21
361557,0.14
361560,0.15
361565,0.08
361569,0.03
361570,0.02
361578,0.0
361580,0.28
361585,0.07
361589,0.02
361591,0.03
361599,0.01
361603,0.17
361605,0.07
361606,0.25
361615,0.14
361622,0.01
361627,0.07
361632,0.1
361636,0.02
361637,0.1
361638,0.05
361639,0.03
361651,0.03
361662,0.08
361684,0.08
361693,0.24
361697,0.1
361710,0.03
361713,0.11
361729,0.11
361785,0.03
361796,0.13
361805,0.03
361811,0.11
361812,0.08
361819,0.11
361828,0.01
361833,0.04
361836,0.12
361839,0.05
361855,0.06
361866,0.05
361870,0.07
361873,0.06
361885,0.21
361896,0.01
361913,0.08
361919,0.13
361932,0.16
361933,0.03
361935,0.1
361939,0.15
361946,0.01
361947,0.04
361949,0.06
361951,0.12
361962,0.11
361972,0.05
361975,0.08
361989,0.04
362004,0.13
362012,0.01
362014,0.25
362016,0.1
362028,0.08
362033,0.02
362034,0.08
362038,0.06
362052,0.07
362061,0.01
362063,0.08
362070,0.08
362072,0.01
362075,0.14
362079,0.09
362086,0.01
362091,0.19
362094,0.06
362101,0.0
362112,0.03
362115,0.21
362117,0.1
362121,0.26
362128,0.22
362130,0.0
362135,0.17
362142,0.04
362146,0.02
362149,0.0
362157,0.11
362165,0.01
362166,0.09
362167,0.08
362173,0.1
362187,0.04
362197,0.14
362206,0.07
362207,0.02
362210,0.04
362216,0.05
362219,0.27
362221,0.2
362224,0.03
362228,0.11
362236,0.06
362242,0.09
362251,0.03
362252,0.03
362257,0.11
362284,0.0
362286,0.02
362298,0.15
362300,0.14
362306,0.07
362308,0.1
362315,0.04
362318,0.01
362322,0.09
362332,0.21
362338,0.13
362341,0.36
362347,0.17
362348,0.09
362361,0.13
362365,0.11
362369,0.14
362373,0.03
362376,0.13
362384,0.09
362386,0.05
362387,0.04
362389,0.08
362393,0.07
362412,0.01
362420,0.06
362426,0.11
362432,0.07
362445,0.22
362450,0.07
362452,0.18
362465,0.2
362468,0.15
362474,0.03
362484,0.06
362487,0.07
362512,0.14
362530,0.0
362531,0.14
362552,0.02
362555,0.05
362556,0.05
362563,0.06
362572,0.0
362579,0.0
362580,0.24
362597,0.25
362635,0.03
362637,0.1
362641,0.06
362652,0.07
362657,0.03
362660,0.02
362661,0.23
362671,0.01
362675,0.11
362680,0.1
362682,0.02
362685,0.11
362697,0.13
362700,0.21
362702,0.01
362705,0.18
362707,0.16
362710,0.05
362711,0.13
362718,0.17
362723,0.04
362730,0.07
362742,0.37
362781,0.04
362789,0.21
362790,0.0
362795,0.02
362799,0.03
362800,0.05
362803,0.1
362808,0.04
362814,0.1
362820,0.01
362826,0.1
362831,0.05
362833,0.02
362839,0.11
362852,0.12
362872,0.07
362882,0.17
362885,0.32
362889,0.03
362890,0.15
362891,0.11
362900,0.03
362907,0.07
362908,0.06
362953,0.06
362967,0.11
362982,0.04
363015,0.05
363027,0.09
363035,0.07
363039,0.03
363045,0.14
363048,0.3
363057,0.36
363059,0.28
363063,0.03
363080,0.08
363082,0.13
363090,0.27
363094,0.11
363106,0.06
363114,0.12
363118,0.26
363121,0.08
363128,0.07
363136,0.01
363141,0.18
363142,0.11
363147,0.0
363151,0.02
363153,0.02
363158,0.02
363171,0.05
363174,0.03
363180,0.04
363187,0.03
363191,0.03
363192,0.06
363196,0.02
363199,0.26
363209,0.08
363210,0.17
363212,0.09
363227,0.11
363231,0.11
363232,0.01
363243,0.06
363253,0.09
363285,0.01
363299,0.11
363310,0.12
363311,0.06
363316,0.18
363322,0.18
363329,0.05
363331,0.07
363334,0.04
363339,0.03
363340,0.29
363341,0.06
363343,0.31
363347,0.1
363350,0.04
363377,0.03
363379,0.02
363382,0.19
363386,0.11
363387,0.08
363388,0.0
363391,0.02
363394,0.14
363397,0.04
363405,0.03
363422,0.01
363427,0.08
363455,0.14
363467,0.04
363493,0.08
363508,0.05
363514,0.24
363525,0.08
363530,0.19
363531,0.03
363538,0.05
363539,0.01
363542,0.13
363543,0.1
363551,0.42
363568,0.04
363576,0.07
363580,0.19
363582,0.0
363598,0.03
363601,0.04
363611,0.06
363612,0.01
363618,0.03
363623,0.07
363624,0.07
363642,0.05
363645,0.11
363651,0.47
363657,0.03
363663,0.07
363667,0.02
363687,0.11
363704,0.03
363705,0.12
363717,0.05
363725,0.01
363728,0.03
363733,0.02
363744,0.09
363745,0.03
363756,0.17
363759,0.13
363760,0.29
363762,0.04
363768,0.14
363777,0.19
363782,0.01
363785,0.04
363797,0.17
363815,0.01
363822,0.03
363834,0.13
363842,0.15
363845,0.26
363846,0.02
363849,0.06
363850,0.02
363853,0.03
363859,0.0
363860,0.17
363877,0.06
363881,0.04
363893,0.01
363902,0.32
363903,0.07
363916,0.02
363924,0.18
363940,0.06
363944,0.02
363955,0.1
363960,0.04
363984,0.01
363990,0.24
364009,0.13
364014,0.1
364035,0.12
364043,0.03
364065,0.03
364067,0.06
364068,0.34
364072,0.1
364079,0.06
364094,0.06
364096,0.07
364105,0.21
364109,0.03
364122,0.15
364141,0.18
364146,0.08
364147,0.12
364151,0.08
364152,0.0
364156,0.03
364160,0.08
364171,0.07
364183,0.07
364199,0.17
364206,0.03
364220,0.09
364222,0.03
364224,0.12
364232,0.04
364248,0.07
364251,0.02
364274,0.08
364286,0.13
364289,0.0
364290,0.03
364291,0.05
364292,0.0
364308,0.03
364310,0.17
364311,0.11
364312,0.33
364314,0.1
364337,0.06
364339,0.08
364357,0.46
364359,0.03
364371,0.02
364374,0.32
364378,0.09
364382,0.09
364397,0.01
364401,0.12
364403,0.02
364411,0.11
364413,0.1
364414,0.07
364415,0.11
364418,0.03
364428,0.05
364430,0.0
364436,0.19
364451,0.0
364457,0.04
364461,0.07
364471,0.1
364472,0.11
364481,0.48
364482,0.02
364484,0.33
364492,0.07
364494,0.11
364507,0.06
364508,0.0
364537,0.2
364538,0.19
364539,0.26
364547,0.35
364561,0.28
364586,0.35
364603,0.03
364622,0.02
364660,0.02
364662,0.03
364669,0.17
364698,0.04
364699,0.09
364700,0.02
364702,0.06
364710,0.19
364714,0.01
364731,0.27
364738,0.11
364739,0.05
364743,0.05
364762,0.14
364767,0.07
364775,0.02
364781,0.05
364783,0.05
364796,0.07
364810,0.06
364815,0.1
364823,0.02
364826,0.08
364837,0.02
364839,0.23
364844,0.08
364851,0.19
364853,0.08
364854,0.04
364858,0.02
364872,0.13
364875,0.03
364877,0.0
364878,0.07
364884,0.01
364907,0.13
364911,0.16
364916,0.17
364920,0.04
364927,0.03
364944,0.12
364948,0.23
364950,0.07
364953,0.01
364955,0.08
364959,0.05
364966,0.06
364971,0.05
364979,0.14
364980,0.07
364982,0.22
364984,0.07
364993,0.12
365001,0.02
365030,0.1
365035,0.06
365044,0.05
365046,0.04
365050,0.05
365051,0.21
365054,0.03
365055,0.01
365064,0.09
365069,0.11
365092,0.01
365102,0.11
365109,0.05
365110,0.04
365117,0.03
365120,0.12
365128,0.09
365131,0.29
365136,0.02
365151,0.11
365153,0.13
365154,0.01
365160,0.01
365166,0.09
365171,0.02
365181,0.06
365194,0.07
365210,0.04
365221,0.12
365234,0.05
365252,0.1
365254,0.22
365264,0.04
365276,0.0
365282,0.05
365284,0.16
365290,0.02
365317,0.16
365329,0.15
365353,0.04
365356,0.04
365358,0.01
365374,0.16
365392,0.03
365396,0.04
365408,0.13
365412,0.02
365429,0.1
365431,0.09
365435,0.03
365439,0.14
365473,0.26
365476,0.04
365486,0.09
365497,0.01
365518,0.27
365519,0.03
365520,0.06
365523,0.02
365531,0.06
365532,0.08
365534,0.05
365544,0.26
365552,0.05
365564,0.07
365569,0.06
365570,0.03
365575,0.36
365576,0.06
365585,0.23
365595,0.0
365612,0.04
365613,0.12
365624,0.01
365631,0.02
365634,0.08
365643,0.11
365644,0.26
365663,0.2
365666,0.09
365672,0.03
365676,0.21
365680,0.04
365696,0.07
365699,0.06
365706,0.01
365707,0.0
365711,0.03
365716,0.06
365717,0.03
365718,0.0
365757,0.07
365770,0.1
365776,0.03
365781,0.18
365784,0.04
365787,0.06
365805,0.07
365820,0.01
365831,0.06
365836,0.37
365837,0.16
365859,0.59
365861,0.03
365863,0.01
365872,0.16
365877,0.04
365882,0.16
365893,0.08
365894,0.15
365900,0.07
365910,0.04
365913,0.06
365916,0.04
365923,0.2
365946,0.37
365948,0.13
365951,0.06
365965,0.19
365966,0.03
365975,0.05
365979,0.34
365989,0.08
365991,0.12
365992,0.02
366001,0.25
366010,0.2
366013,0.19
366028,0.12
366036,0.04
366038,0.03
366044,0.08
366048,0.15
366060,0.02
366067,0.13
366071,0.3
366078,0.08
366081,0.04
366082,0.25
366093,0.28
366099,0.03
366103,0.01
366105,0.04
366111,0.12
366112,0.08
366125,0.11
366144,0.15
366147,0.05
366149,0.27
366166,0.1
366168,0.09
366173,0.02
366178,0.0
366180,0.2
366209,0.04
366213,0.12
366214,0.19
366215,0.04
366220,0.08
366226,0.02
366230,0.27
366236,0.05
366245,0.05
366282,0.16
366286,0.06
366295,0.02
366296,0.03
366297,0.24
366300,0.04
366303,0.0
366307,0.24
366314,0.08
366320,0.04
366321,0.0
366327,0.01
366330,0.09
366332,0.18
366334,0.0
366341,0.04
366363,0.05
366367,0.28
366369,0.19
366382,0.04
366394,0.18
366396,0.0
366398,0.13
366406,0.16
366414,0.01
366417,0.07
366419,0.04
366422,0.05
366436,0.0
366442,0.19
366451,0.17
366455,0.11
366458,0.09
366460,0.02
366466,0.05
366473,0.03
366502,0.1
366505,0.33
366526,0.06
366530,0.31
366532,0.13
366539,0.07
366541,0.08
366542,0.13
366553,0.01
366571,0.17
366582,0.0
366583,0.14
366589,0.13
366595,0.21
366606,0.05
366611,0.13
366613,0.26
366615,0.22
366616,0.35
366624,0.17
366632,0.01
366649,0.0
366650,0.14
366657,0.01
366664,0.05
366666,0.02
366674,0.3
366676,0.17
366677,0.05
366688,0.0
366689,0.03
366693,0.07
366696,0.15
366698,0.09
366700,0.01
366703,0.13
366709,0.05
366711,0.03
366725,0.06
366741,0.04
366742,0.02
366747,0.06
366750,0.09
366754,0.04
366762,0.04
366774,0.11
366781,0.04
366784,0.04
366789,0.02
366790,0.05
366797,0.0
366806,0.01
366820,0.03
366845,0.23
366858,0.14
366860,0.03
366874,0.03
366876,0.1
366879,0.01
366884,0.03
366886,0.03
366905,0.2
366908,0.08
366909,0.27
366917,0.11
366921,0.08
366927,0.01
366936,0.02
366952,0.2
366962,0.2
366964,0.15
366965,0.03
366981,0.05
366988,0.2
366992,0.1
366998,0.19
366999,0.03
367017,0.0
367023,0.05
367024,0.02
367025,0.24
367037,0.15
367040,0.13
367043,0.04
367052,0.06
367056,0.01
367064,0.19
367075,0.03
367089,0.09
367098,0.01
367119,0.1
367124,0.12
367134,0.14
367136,0.15
367138,0.11
367153,0.07
367158,0.13
367169,0.15
367179,0.04
367180,0.12
367212,0.06
367216,0.26
367217,0.03
367220,0.02
367224,0.19
367241,0.08
367245,0.11
367256,0.13
367266,0.02
367283,0.08
367290,0.14
367295,0.05
367310,0.06
367315,0.25
367322,0.02
367332,0.0
367338,0.17
367347,0.16
367381,0.22
367383,0.12
367386,0.08
367392,0.0
367399,0.06
367411,0.09
367414,0.02
367436,0.08
367439,0.1
367440,0.24
367465,0.3
367466,0.3
367478,0.18
367479,0.09
367481,0.04
367505,0.15
367515,0.13
367516,0.02
367526,0.33
367527,0.08
367533,0.22
367535,0.15
367545,0.18
367546,0.0
367547,0.08
367555,0.01
367557,0.15
367558,0.07
367573,0.06
367580,0.25
367581,0.03
367582,0.15
367588,0.02
367601,0.03
367617,0.03
367624,0.06
367626,0.08
367632,0.1
367651,0.02
367663,0.03
367674,0.04
367677,0.32
367678,0.06
367691,0.05
367698,0.09
367710,0.18
367712,0.1
367727,0.21
367739,0.09
367740,0.04
367746,0.03
367759,0.02
367770,0.36
367780,0.11
367783,0.27
367787,0.07
367791,0.24
367797,0.08
367799,0.11
367811,0.04
367817,0.01
367827,0.03
367829,0.08
367830,0.17
367837,0.13
367843,0.01
367847,0.11
367849,0.13
367854,0.01
367855,0.03
367862,0.05
367863,0.06
367868,0.22
367873,0.12
367879,0.18
367889,0.18
367890,0.31
367892,0.01
367893,0.01
367895,0.04
367896,0.0
367898,0.05
367903,0.02
367906,0.05
367919,0.02
367927,0.04
367931,0.1
367935,0.15
367945,0.18
367947,0.13
367952,0.13
367958,0.09
367971,0.0
367975,0.34
367983,0.21
367994,0.08
367998,0.06
367999,0.04
368005,0.06
368029,0.04
368034,0.05
368036,0.17
368041,0.01
368064,0.03
368066,0.0
368079,0.11
368082,0.01
368090,0.16
368092,0.12
368097,0.06
368107,0.27
368127,0.26
368129,0.17
368134,0.09
368150,0.08
368166,0.24
368172,0.01
368179,0.01
368185,0.06
368193,0.19
368207,0.17
368251,0.04
368253,0.07
368256,0.14
368257,0.05
368263,0.07
368271,0.06
368273,0.02
368279,0.03
368281,0.25
368282,0.26
368288,0.06
368303,0.08
368315,0.11
368323,0.02
368324,0.0
368326,0.07
368334,0.15
368337,0.02
368351,0.15
368353,0.2
368358,0.45
368389,0.02
368392,0.19
368393,0.14
368415,0.09
368424,0.1
368436,0.0
368448,0.0
368456,0.01
368457,0.03
368465,0.15
368484,0.2
368485,0.15
368487,0.02
368489,0.0
368493,0.16
368509,0.1
368513,0.1
368523,0.11
368530,0.02
368539,0.1
368543,0.1
368544,0.07
368557,0.1
368561,0.09
368577,0.01
368579,0.0
368580,0.18
368583,0.02
368589,0.01
368594,0.03
368598,0.06
368621,0.09
368622,0.08
368627,0.01
368628,0.08
368633,0.32
368638,0.33
368645,0.15
368646,0.25
368652,0.07
368659,0.26
368672,0.16
368679,0.08
368683,0.22
368697,0.03
368702,0.15
368707,0.16
368715,0.31
368740,0.02
368754,0.03
368765,0.11
368770,0.08
368777,0.15
368780,0.32
368782,0.17
368784,0.24
368790,0.22
368792,0.02
368793,0.12
368811,0.03
368816,0.07
368819,0.13
368843,0.0
368853,0.04
368857,0.07
368858,0.19
368887,0.06
368898,0.05
368909,0.07
368919,0.01
368930,0.01
368944,0.07
368949,0.09
368953,0.02
368956,0.15
368959,0.09
368968,0.13
368971,0.01
368974,0.16
368975,0.03
368983,0.02
368991,0.16
368994,0.05
369001,0.22
369004,0.2
369016,0.0
369030,0.0
369047,0.01
369055,0.22
369067,0.01
369068,0.14
369096,0.13
369103,0.13
369105,0.21
369107,0.31
369109,0.02
369130,0.07
369133,0.0
369144,0.06
369150,0.01
369152,0.14
369156,0.2
369180,0.05
369183,0.1
369184,0.39
369186,0.07
369187,0.01
369200,0.02
369201,0.07
369220,0.07
369223,0.01
369233,0.04
369240,0.24
369254,0.08
369264,0.23
369266,0.17
369272,0.24
369283,0.01
369295,0.14
369300,0.02
369302,0.0
369305,0.06
369322,0.01
369334,0.28
369350,0.04
369355,0.02
369361,0.06
369367,0.05
369371,0.01
369373,0.19
369375,0.24
369385,0.1
369394,0.08
369398,0.01
369408,0.05
369413,0.12
369419,0.15
369424,0.2
369439,0.03
369466,0.11
369482,0.03
369494,0.04
369504,0.06
369512,0.22
369528,0.06
369531,0.02
369540,0.02
369547,0.0
369565,0.02
369569,0.08
369581,0.06
369583,0.15
369593,0.01
369601,0.02
369608,0.0
369612,0.17
369615,0.14
369621,0.06
369636,0.01
369648,0.21
369649,0.34
369651,0.02
369659,0.0
369666,0.01
369684,0.02
369686,0.11
369698,0.21
369701,0.03
369712,0.02
369717,0.0
369722,0.2
369732,0.25
369740,0.21
369751,0.1
369755,0.02
369757,0.07
369761,0.25
369767,0.03
369782,0.09
369788,0.13
369790,0.04
369791,0.05
369792,0.07
369803,0.01
369812,0.0
369813,0.35
369827,0.11
369835,0.03
369838,0.01
369839,0.06
369843,0.04
369846,0.06
369860,0.0
369870,0.08
369871,0.29
369872,0.03
369884,0.05
369893,0.1
369901,0.04
369904,0.06
369908,0.3
369910,0.05
369911,0.14
369919,0.06
369920,0.05
369921,0.03
369931,0.07
369935,0.05
369936,0.03
369948,0.05
369953,0.09
369955,0.15
369961,0.02
369964,0.06
369967,0.29
369971,0.15
369983,0.03
369993,0.14
369995,0.12
370012,0.02
370022,0.12
370023,0.1
370027,0.05
370030,0.19
370033,0.32
370037,0.14
370051,0.02
370055,0.04
370077,0.09
370088,0.01
370091,0.03
370114,0.02
370117,0.37
370120,0.26
370122,0.06
370128,0.15
370135,0.17
370144,0.05
370146,0.16
370148,0.07
370150,0.0
370155,0.02
370164,0.01
370179,0.03
370188,0.16
370190,0.02
370199,0.08
370203,0.3
370213,0.01
370216,0.0
370219,0.02
370220,0.37
370224,0.06
370230,0.03
370254,0.29
370255,0.03
370265,0.22
370273,0.01
370288,0.1
370295,0.11
370297,0.21
370319,0.08
370323,0.03
370329,0.05
370330,0.08
370333,0.16
370346,0.13
370354,0.17
370355,0.03
370358,0.23
370362,0.0
370373,0.03
370376,0.03
370379,0.0
370380,0.02
370386,0.04
370392,0.13
370411,0.06
370416,0.01
370432,0.1
370439,0.05
370440,0.03
370445,0.06
370446,0.01
370455,0.12
370473,0.05
370474,0.0
370475,0.04
370482,0.23
370489,0.13
370512,0.06
370518,0.12
370522,0.14
370533,0.01
370538,0.14
370551,0.0
370552,0.08
370556,0.02
370566,0.05
370568,0.14
370573,0.21
370575,0.13
370578,0.03
370582,0.08
370596,0.06
370597,0.06
370599,0.12
370602,0.06
370609,0.12
370632,0.13
370634,0.29
370646,0.01
370666,0.26
370670,0.03
370672,0.0
370675,0.02
370676,0.19
370682,0.06
370685,0.02
370697,0.03
370699,0.02
370701,0.06
370711,0.18
370719,0.21
370728,0.05
370731,0.24
370735,0.08
370749,0.17
370753,0.01
370757,0.07
370763,0.11
370770,0.19
370779,0.05
370794,0.09
370805,0.0
370806,0.09
370808,0.08
370814,0.04
370827,0.14
370833,0.13
370844,0.17
370845,0.07
370850,0.19
370853,0.08
370856,0.07
370858,0.07
370862,0.05
370866,0.3
370874,0.16
370876,0.02
370878,0.13
370881,0.18
370882,0.12
370884,0.08
370887,0.12
370904,0.05
370905,0.02
370913,0.09
370915,0.14
370921,0.15
370922,0.05
370932,0.18
370939,0.2
370953,0.03
370964,0.09
370968,0.13
370969,0.03
370972,0.01
370978,0.02
371000,0.11
371001,0.26
371013,0.03
371053,0.03
371059,0.07
371060,0.05
371065,0.07
371069,0.07
371073,0.21
371084,0.34
371085,0.04
371088,0.12
371099,0.0
371115,0.02
371118,0.28
371127,0.16
371132,0.08
371136,0.05
371139,0.06
371152,0.13
371161,0.05
371162,0.11
371174,0.03
371176,0.2
371182,0.0
371185,0.17
371193,0.04
371197,0.0
371198,0.04
371202,0.06
371207,0.09
371211,0.26
371242,0.06
371243,0.09
371244,0.0
371255,0.11
371258,0.02
371259,0.13
371265,0.0
371274,0.18
371275,0.3
371288,0.07
371291,0.25
371295,0.21
371314,0.04
371322,0.24
371323,0.09
371328,0.07
371332,0.04
371333,0.15
371335,0.02
371342,0.02
371350,0.0
371357,0.13
371365,0.02
371383,0.32
371384,0.17
371385,0.2
371393,0.05
371394,0.1
371397,0.04
371417,0.08
371431,0.14
371433,0.13
371437,0.01
371439,0.2
371445,0.12
371452,0.19
371457,0.06
371469,0.07
371470,0.03
371477,0.02
371500,0.19
371504,0.13
371508,0.02
371514,0.01
371518,0.13
371520,0.24
371521,0.31
371522,0.0
371525,0.0
371530,0.07
371532,0.02
371548,0.26
371561,0.06
371566,0.17
371568,0.04
371571,0.03
371573,0.03
371577,0.25
371587,0.11
371592,0.22
371593,0.33
371595,0.15
371603,0.05
371614,0.1
371616,0.01
371619,0.09
371627,0.31
371641,0.08
371657,0.01
371664,0.0
371693,0.09
371698,0.02
371700,0.02
371707,0.03
371710,0.04
371715,0.07
371722,0.0
371731,0.01
371741,0.02
371744,0.02
371753,0.01
371755,0.02
371760,0.01
371773,0.07
371797,0.0
371807,0.34
371809,0.03
371811,0.02
371815,0.1
371822,0.06
371824,0.11
371828,0.05
371835,0.0
371837,0.02
371840,0.28
371849,0.04
371857,0.04
371860,0.15
371862,0.02
371875,0.04
371896,0.14
371898,0.05
371901,0.23
371903,0.05
371908,0.0
371910,0.01
371944,0.16
371947,0.05
371955,0.15
371963,0.07
371972,0.09
371973,0.1
371978,0.07
371980,0.03
371988,0.13
372020,0.07
372043,0.31
372060,0.09
372070,0.11
372082,0.04
372085,0.1
372090,0.13
372091,0.15
372112,0.04
372115,0.04
372132,0.03
372134,0.39
372136,0.02
372142,0.04
372145,0.05
372146,0.05
372159,0.04
372172,0.01
372179,0.14
372183,0.03
372184,0.01
372192,0.0
372234,0.03
372239,0.16
372244,0.03
372268,0.43
372287,0.08
372289,0.1
372292,0.03
372301,0.03
372315,0.18
372316,0.27
372328,0.07
372337,0.05
372347,0.28
372350,0.21
372381,0.14
372382,0.08
372384,0.05
372393,0.08
372398,0.29
372399,0.09
372400,0.06
372402,0.07
372410,0.01
372415,0.02
372425,0.04
372428,0.03
372430,0.12
372431,0.04
372449,0.02
372452,0.07
372453,0.04
372460,0.12
372463,0.42
372471,0.26
372484,0.03
372486,0.06
372489,0.12
372506,0.07
372513,0.02
372527,0.24
372568,0.1
372596,0.06
372606,0.01
372617,0.02
372618,0.08
372622,0.05
372624,0.07
372633,0.05
372637,0.02
372643,0.09
372644,0.05
372656,0.2
372662,0.08
372664,0.12
372666,0.15
372672,0.2
372674,0.13
372693,0.13
372704,0.05
372719,0.03
372727,0.11
372740,0.1
372745,0.05
372753,0.1
372762,0.0
372764,0.08
372771,0.17
372772,0.08
372789,0.1
372793,0.18
372799,0.02
372806,0.35
372809,0.1
372829,0.17
372848,0.01
372850,0.08
372853,0.04
372854,0.05
372858,0.11
372861,0.03
372863,0.28
372876,0.09
372878,0.06
372893,0.14
372894,0.1
372911,0.03
372912,0.11
372924,0.05
372942,0.23
372946,0.44
372955,0.04
372956,0.04
372957,0.1
372984,0.09
372993,0.12
372995,0.32
372997,0.15
373014,0.04
373018,0.09
373022,0.14
373023,0.02
373029,0.05
373063,0.02
373071,0.06
373075,0.23
373088,0.04
373089,0.09
373098,0.2
373101,0.06
373112,0.06
373114,0.02
373118,0.08
373120,0.26
373121,0.12
373122,0.06
373138,0.15
373145,0.09
373153,0.06
373154,0.16
373155,0.15
373159,0.07
373167,0.07
373190,0.01
373195,0.16
373202,0.01
373205,0.1
373209,0.02
373215,0.02
373222,0.16
373239,0.1
373240,0.08
373247,0.14
373251,0.05
373260,0.0
373284,0.03
373286,0.0
373292,0.16
373297,0.0
373299,0.25
373305,0.21
373307,0.05
373323,0.02
373327,0.01
373328,0.08
373363,0.06
373390,0.11
373396,0.0
373407,0.05
373413,0.08
373437,0.11
373445,0.01
373448,0.02
373458,0.16
373464,0.11
373472,0.33
373474,0.07
373475,0.07
373480,0.03
373484,0.12
373491,0.12
373493,0.16
373504,0.04
373537,0.13
373542,0.08
373545,0.24
373554,0.02
373559,0.34
373560,0.06
373562,0.02
373565,0.18
373573,0.09
373577,0.14
373591,0.21
373592,0.06
373596,0.3
373598,0.27
373600,0.05
373605,0.0
373607,0.08
373616,0.06
373618,0.06
373624,0.02
373630,0.12
373631,0.1
373634,0.12
373646,0.03
373651,0.24
373669,0.16
373682,0.05
373716,0.1
373751,0.24
373756,0.31
373757,0.08
373767,0.0
373778,0.06
373780,0.01
373781,0.12
373796,0.09
373801,0.06
373805,0.1
373811,0.04
373815,0.05
373820,0.04
373833,0.04
373839,0.19
373841,0.05
373871,0.16
373875,0.12
373893,0.04
373894,0.33
373898,0.07
373899,0.35
373908,0.29
373909,0.04
373911,0.09
373918,0.07
373927,0.01
373938,0.07
373943,0.02
373946,0.07
373948,0.06
373953,0.19
373956,0.06
373984,0.05
373985,0.02
373986,0.12
374002,0.01
374014,0.04
374015,0.08
374024,0.05
374029,0.12
374034,0.06
374039,0.0
374042,0.02
374048,0.07
374051,0.08
374054,0.04
374055,0.07
374061,0.03
374075,0.12
374087,0.01
374101,0.03
374103,0.16
374114,0.35
374116,0.23
374119,0.2
374121,0.25
374133,0.04
374134,0.02
374140,0.0
374141,0.33
374145,0.05
374155,0.0
374163,0.08
374169,0.15
374173,0.06
374188,0.28
374199,0.01
374200,0.07
374207,0.09
374225,0.05
374226,0.01
374227,0.18
374249,0.24
374254,0.07
374284,0.03
374293,0.06
374296,0.05
374297,0.07
374298,0.1
374307,0.04
374320,0.19
374322,0.15
374324,0.04
374328,0.06
374334,0.08
374341,0.04
374343,0.1
374346,0.0
374359,0.35
374374,0.01
374381,0.13
374400,0.09
374405,0.09
374409,0.09
374420,0.2
374442,0.05
374443,0.06
374445,0.11
374447,0.13
374452,0.07
374458,0.03
374485,0.04
374487,0.06
374496,0.04
374503,0.01
374518,0.03
374519,0.01
374532,0.03
374534,0.01
374536,0.04
374546,0.06
374559,0.0
374568,0.1
374573,0.03
374582,0.01
374585,0.13
374598,0.03
374606,0.12
374612,0.02
374617,0.14
374619,0.03
374626,0.11
374646,0.05
374653,0.09
374656,0.05
374664,0.06
374666,0.04
374677,0.11
374679,0.1
374682,0.08
374700,0.09
374703,0.09
374705,0.14
374720,0.09
374724,0.11
374731,0.0
374732,0.07
374734,0.11
374759,0.09
374770,0.06
374774,0.03
374777,0.28
374788,0.09
374796,0.21
374799,0.09
374813,0.21
374819,0.01
374826,0.17
374827,0.1
374832,0.11
374837,0.02
374844,0.18
374848,0.24
374853,0.08
374854,0.04
374856,0.02
374864,0.1
374868,0.02
374888,0.07
374891,0.02
374892,0.04
374896,0.0
374909,0.11
374911,0.01
374912,0.25
374913,0.29
374916,0.04
374917,0.06
374923,0.07
374933,0.1
374935,0.07
374940,0.03
374941,0.01
374943,0.01
374951,0.17
374967,0.09
374970,0.18
374990,0.3
374993,0.17
374994,0.21
375015,0.01
375017,0.08
375018,0.05
375021,0.08
375023,0.16
375030,0.24
375038,0.03
375040,0.12
375041,0.23
375052,0.02
375061,0.28
375064,0.03
375076,0.11
375086,0.37
375109,0.12
375118,0.13
375133,0.02
375140,0.03
375156,0.11
375168,0.03
375170,0.23
375182,0.0
375187,0.18
375188,0.07
375197,0.05
375201,0.08
375204,0.28
375216,0.15
375225,0.0
375231,0.03
375234,0.01
375241,0.07
375242,0.07
375244,0.06
375246,0.05
375257,0.02
375290,0.06
375292,0.0
375293,0.1
375295,0.08
375296,0.02
375300,0.07
375322,0.06
375332,0.07
375338,0.09
375342,0.0
375365,0.01
375367,0.06
375384,0.1
375418,0.04
375464,0.13
375477,0.01
375485,0.08
375496,0.04
375534,0.02
375544,0.21
375556,0.17
375588,0.33
375589,0.01
375594,0.17
375629,0.17
375649,0.05
375654,0.21
375696,0.13
375758,0.01
375795,0.29
375843,0.02
375844,0.09
375853,0.2
375878,0.06
375879,0.04
375883,0.05
375887,0.15
375929,0.06
375934,0.07
375936,0.16
375937,0.04
375948,0.08
375951,0.03
375953,0.13
375964,0.29
375969,0.08
375970,0.14
375973,0.46
375976,0.11
375997,0.03
376000,0.01
376011,0.15
376019,0.05
376035,0.07
376036,0.13
376041,0.06
376042,0.03
376045,0.04
376047,0.16
376060,0.0
376061,0.15
376067,0.18
376068,0.2
376070,0.04
376074,0.03
376075,0.12
376076,0.05
376078,0.05
376080,0.01
376081,0.03
376082,0.06
376083,0.3
376084,0.07
376086,0.05
376087,0.0
376088,0.11
376089,0.07
376090,0.15
376091,0.03
376092,0.02
376093,0.04
376094,0.2
376095,0.19
376096,0.27
376097,0.09
376098,0.07
376206,0.02
376209,0.12
376225,0.05
376239,0.01
376247,0.16
376248,0.07
376252,0.03
376257,0.09
376273,0.07
376274,0.05
376275,0.02
376279,0.06
376283,0.02
376284,0.01
376288,0.06
376289,0.17
376292,0.01
376298,0.2
376301,0.08
376311,0.08
376312,0.14
376313,0.11
376316,0.0
376317,0.09
376319,0.05
376320,0.28
376321,0.07
376322,0.03
376325,0.36
376326,0.09
376328,0.09
376329,0.09
376330,0.07
376332,0.01
376334,0.07
376335,0.06
376336,0.26
376337,0.21
376338,0.28
376339,0.03
376340,0.06
376341,0.15
376343,0.05
376344,0.09
376345,0.04
376346,0.14
376347,0.3
376348,0.05
376349,0.12
376350,0.06
376351,0.12
376352,0.04
376353,0.01
376354,0.05
376355,0.01
376356,0.2
376357,0.04
376360,0.02
376445,0.15
376447,0.19
376449,0.09
376470,0.0
376483,0.03
376484,0.02
376486,0.23
376487,0.09
376488,0.05
376491,0.24
376492,0.07
376494,0.2
376495,0.23
376496,0.24
376497,0.09
376498,0.06
376502,0.2
376503,0.14
376504,0.03
376506,0.2
376509,0.07
376515,0.07
376517,0.06
376518,0.13
376519,0.23
376520,0.08
376521,0.03
376522,0.06
376523,0.06
376524,0.1
376527,0.19
376530,0.1
376531,0.12
376532,0.14
376533,0.11
376534,0.01
376535,0.06
376537,0.23
376538,0.07
376539,0.11
376546,0.11
376594,0.11
376595,0.09
376614,0.1
376616,0.05
376617,0.01
376618,0.3
376619,0.03
376620,0.06
376627,0.04
376630,0.01
376631,0.24
376632,0.01
376633,0.12
376635,0.08
376636,0.04
376637,0.02
376639,0.17
376640,0.02
376642,0.0
376643,0.14
376644,0.2
376645,0.03
376646,0.26
376648,0.1
376650,0.02
376651,0.03
376652,0.2
376732,0.09
376733,0.09
376734,0.07
376756,0.19
376804,0.01
376856,0.12
376869,0.1
376893,0.12
377045,0.04
377088,0.16
377137,0.1
377138,0.02
377159,0.03
377176,0.11
377201,0.11
377226,0.29
377335,0.06
377358,0.18
377362,0.1
377363,0.02
377389,0.12
377426,0.21
377427,0.1
377429,0.02
377441,0.09
377449,0.06
377450,0.27
377458,0.08
377472,0.19
377541,0.24
377567,0.01
377573,0.01
377605,0.09
377611,0.18
377622,0.03
377631,0.03
377657,0.0
377681,0.1
377711,0.01
377717,0.08
377720,0.16
377721,0.04
377723,0.14
377727,0.13
377729,0.05
377733,0.01
377735,0.03
377736,0.03
377737,0.09
377738,0.04
377750,0.18
377751,0.14
377753,0.02
377754,0.07
377755,0.08
377756,0.09
377757,0.36
377758,0.13
377759,0.01
377760,0.05
377761,0.28
377762,0.06
377763,0.06
377764,0.25
377765,0.23
377766,0.17
377767,0.03
377768,0.04
377771,0.01
377772,0.04
377773,0.05
377774,0.13
377775,0.14
377776,0.04
377778,0.05
377779,0.04
377780,0.02
377781,0.13
377782,0.03
377783,0.01
377784,0.03
377785,0.0
377786,0.07
377862,0.05
377871,0.03
377930,0.11
377970,0.01
377987,0.15
377988,0.1
377990,0.17
377992,0.06
377995,0.01
378005,0.0
378006,0.02
378011,0.07
378018,0.17
378019,0.01
378023,0.03
378025,0.08
378026,0.11
378027,0.06
378031,0.04
378033,0.0
378034,0.13
378035,0.0
378040,0.19
378041,0.15
378042,0.06
378043,0.08
378044,0.03
378045,0.08
378046,0.06
378047,0.02
378048,0.07
378049,0.14
378051,0.02
378052,0.07
378053,0.02
378054,0.31
378055,0.0
378056,0.1
378057,0.16
378059,0.13
378060,0.05
378061,0.27
378062,0.14
378063,0.16
378065,0.17
378066,0.07
378067,0.04
378068,0.0
378069,0.15
378070,0.09
378096,0.13
378098,0.17
378104,0.14
378105,0.04
378106,0.05
378107,0.22
378108,0.06
378109,0.06
378110,0.13
378111,0.12
378112,0.07
378113,0.18
378114,0.13
378115,0.1
378116,0.28
378117,0.06
378119,0.06
378120,0.02
378121,0.22
378122,0.16
378123,0.03
378124,0.12
378136,0.03
378181,0.04
378184,0.14
378190,0.06
378263,0.04
378300,0.15
378304,0.26
378305,0.28
378311,0.02
378313,0.12
378314,0.02
378317,0.08
378320,0.08
378322,0.14
378325,0.21
378327,0.31
378328,0.06
378329,0.12
378330,0.01
378331,0.0
378334,0.0
378335,0.01
378336,0.02
378339,0.03
378340,0.05
378341,0.1
378342,0.23
378343,0.01
378344,0.04
378345,0.35
378346,0.02
378347,0.29
378348,0.01
378349,0.27
378350,0.22
378351,0.11
378352,0.08
378353,0.05
378354,0.14
378355,0.29
378356,0.27
378427,0.04
378434,0.18
378564,0.01
378671,0.22
378689,0.03
378710,0.27
378755,0.01
378887,0.02
378907,0.15
378924,0.13
378944,0.03
378945,0.06
378991,0.11
379009,0.01
379025,0.21
379046,0.12
379047,0.16
379048,0.04
379052,0.11
379065,0.0
379066,0.18
379076,0.03
379080,0.06
379085,0.13
379086,0.04
379087,0.15
379089,0.01
379094,0.05
379095,0.15
379101,0.03
379102,0.1
379103,0.06
379105,0.17
379108,0.05
379111,0.06
379112,0.17
379113,0.36
379114,0.1
379115,0.13
379116,0.11
379117,0.12
379118,0.1
379119,0.36
379120,0.13
379121,0.01
379123,0.05
379124,0.09
379126,0.07
379127,0.0
379128,0.03
379129,0.02
379131,0.27
379132,0.25
379133,0.18
379134,0.12
379178,0.01
379266,0.04
379268,0.03
379291,0.11
379296,0.02
379301,0.08
379313,0.05
379318,0.33
379319,0.17
379329,0.16
379336,0.13
379348,0.06
379356,0.04
379357,0.07
379363,0.25
379385,0.24
379408,0.03
379432,0.05
379437,0.02
379440,0.03
379456,0.03
379457,0.09
379463,0.29
379464,0.03
379467,0.38
379469,0.07
379470,0.02
379472,0.26
379473,0.04
379474,0.03
379475,0.06
379476,0.2
379481,0.31
379482,0.06
379483,0.11
379484,0.11
379485,0.31
379486,0.0
379487,0.01
379488,0.07
379490,0.08
379491,0.22
379492,0.05
379494,0.02
379495,0.02
379496,0.01
379497,0.0
379500,0.26
379501,0.08
379502,0.11
379503,0.04
379504,0.02
379505,0.07
379506,0.03
379507,0.03
379508,0.1
379509,0.25
379510,0.09
379512,0.03
379513,0.02
379514,0.53
379515,0.03
379516,0.08
379517,0.27
379518,0.02
379520,0.1
379627,0.04
379673,0.17
379674,0.02
379720,0.14
379726,0.07
379730,0.02
379746,0.02
379775,0.06
379776,0.01
379778,0.42
379841,0.01
379921,0.05
379951,0.15
380002,0.1
380003,0.26
380005,0.05
380006,0.24
380010,0.09
380012,0.07
380014,0.28
380015,0.17
380017,0.03
380018,0.17
380019,0.02
380020,0.03
380022,0.02
380023,0.05
380025,0.16
380026,0.12
380028,0.13
380030,0.17
380031,0.01
380032,0.06
380033,0.04
380034,0.05
380035,0.02
380037,0.06
380038,0.16
380039,0.49
380040,0.14
380064,0.06
380065,0.01
380121,0.09
380122,0.12
380130,0.08
380219,0.1
380228,0.14
380229,0.07
380366,0.02
380408,0.21
380414,0.02
380487,0.05
380488,0.14
380489,0.03
380494,0.03
380543,0.04
380553,0.02
380600,0.0
380625,0.2
380635,0.08
380643,0.05
380762,0.03
380773,0.1
380781,0.18
380785,0.22
380787,0.05
380788,0.08
380789,0.04
380797,0.09
380800,0.05
380802,0.1
380805,0.19
380806,0.24
380807,0.58
380811,0.12
380812,0.05
380815,0.04
380816,0.05
380817,0.06
380819,0.17
380823,0.02
380824,0.02
380825,0.08
380826,0.15
380827,0.09
380828,0.11
380830,0.05
380831,0.19
380832,0.15
380833,0.03
380834,0.04
380836,0.27
380837,0.12
380838,0.04
380839,0.0
380840,0.23
380841,0.07
380879,0.02
380901,0.04
380928,0.2
380956,0.01
380979,0.09
381037,0.02
381047,0.1
381074,0.1
381104,0.03
381121,0.42
381130,0.14
381133,0.0
381139,0.01
381141,0.25
381142,0.02
381145,0.0
381152,0.15
381153,0.08
381154,0.32
381156,0.04
381160,0.04
381164,0.2
381168,0.02
381171,0.04
381173,0.09
381174,0.19
381176,0.01
381178,0.25
381179,0.06
381182,0.1
381185,0.01
381187,0.05
381189,0.04
381190,0.01
381191,0.21
381192,0.12
381193,0.05
381194,0.02
381195,0.13
381198,0.05
381199,0.06
381200,0.13
381201,0.1
381202,0.05
381203,0.31
381204,0.22
381205,0.12
381259,0.08
381288,0.12
381289,0.16
381335,0.05
381344,0.05
381367,0.12
381376,0.01
381381,0.16
381397,0.02
381406,0.04
381412,0.14
381421,0.25
381424,0.06
381427,0.09
381428,0.21
381429,0.12
381430,0.14
381434,0.12
381435,0.01
381436,0.04
381437,0.02
381438,0.08
381439,0.02
381444,0.03
381446,0.0
381447,0.22
381449,0.41
381450,0.05
381453,0.18
381454,0.14
381455,0.12
381456,0.31
381457,0.08
381458,0.05
381459,0.12
381460,0.01
381461,0.13
381462,0.27
381463,0.05
381464,0.21
381465,0.08
381466,0.12
381467,0.21
381468,0.15
381469,0.21
381470,0.13
381471,0.22
381472,0.03
381473,0.05
381475,0.1
381476,0.01
381477,0.09
381478,0.03
381479,0.27
381480,0.17
381481,0.02
381482,0.01
381483,0.08
381495,0.09
381545,0.05
381580,0.09
381657,0.3
381674,0.1
381691,0.06
381697,0.11
381704,0.14
381711,0.13
381721,0.11
381728,0.12
381729,0.06
381734,0.01
381735,0.09
381736,0.15
381740,0.25
381742,0.16
381743,0.26
381744,0.04
381747,0.02
381748,0.2
381749,0.04
381750,0.16
381751,0.1
381752,0.03
381753,0.16
381754,0.14
381755,0.23
381756,0.14
381757,0.0
381758,0.0
381759,0.04
381760,0.11
381761,0.25
381762,0.04
381763,0.01
381764,0.23
381765,0.15
381766,0.02
381767,0.04
381768,0.07
381769,0.13
381770,0.07
381772,0.02
381774,0.01
381777,0.14
381861,0.0
381974,0.11
381991,0.04
382024,0.06
382051,0.06
382066,0.04
382067,0.02
382068,0.08
382107,0.05
382108,0.22
382111,0.02
382113,0.03
382114,0.04
382120,0.02
382121,0.23
382122,0.16
382124,0.1
382126,0.03
382131,0.03
382132,0.17
382135,0.03
382136,0.03
382137,0.05
382138,0.01
382140,0.05
382141,0.29
382142,0.04
382143,0.06
382144,0.11
382145,0.06
382146,0.2
382147,0.26
382149,0.11
382150,0.12
382152,0.1
382153,0.12
382164,0.31
382180,0.08
382239,0.16
382275,0.03
382297,0.03
382391,0.02
382392,0.19
382396,0.18
382424,0.04
382471,0.15
382493,0.08
382496,0.09
382504,0.17
382505,0.08
382513,0.0
382517,0.22
382521,0.04
382528,0.01
382530,0.12
382544,0.08
382603,0.44
382604,0.02
382642,0.03
382666,0.07
382699,0.06
382737,0.09
382792,0.3
382796,0.01
382807,0.04
382813,0.26
382817,0.28
382818,0.11
382826,0.02
382845,0.04
382846,0.02
382850,0.3
382851,0.08
382856,0.07
382858,0.01
382859,0.07
382862,0.03
382863,0.01
382865,0.07
382866,0.18
382868,0.08
382870,0.02
382871,0.26
382872,0.33
382873,0.06
382874,0.44
382875,0.03
382876,0.22
382877,0.07
382878,0.14
382879,0.09
382880,0.01
382882,0.07
382883,0.12
382884,0.02
382885,0.03
382886,0.05
382887,0.17
382989,0.04
383009,0.01
383039,0.09
383068,0.09
383072,0.0
383093,0.08
383099,0.27
383167,0.0
383168,0.1
383170,0.07
383171,0.19
383174,0.09
383175,0.02
383176,0.03
383178,0.02
383181,0.28
383182,0.07
383184,0.0
383186,0.1
383187,0.05
383189,0.0
383190,0.06
383191,0.03
383192,0.06
383194,0.03
383195,0.21
383196,0.06
383197,0.07
383198,0.02
383199,0.07
383200,0.05
383201,0.16
383202,0.13
383203,0.02
383204,0.07
383205,0.08
383206,0.06
383207,0.02
383208,0.08
383279,0.12
383335,0.15
383384,0.07
383394,0.03
383400,0.04
383401,0.02
383409,0.19
383410,0.02
383412,0.03
383414,0.03
383419,0.05
383422,0.16
383425,0.01
383426,0.0
383427,0.07
383428,0.2
383429,0.09
383430,0.11
383431,0.14
383433,0.62
383434,0.11
383435,0.04
383436,0.07
383437,0.19
383438,0.12
383439,0.01
383440,0.02
383441,0.15
383442,0.1
383443,0.03
383444,0.03
383445,0.02
383446,0.02
383447,0.05
383448,0.08
383449,0.0
383450,0.02
383451,0.08
383452,0.03
383453,0.06
383454,0.07
383533,0.01
383583,0.1
383608,0.03
383622,0.08
383673,0.22
383804,0.07
383806,0.07
383812,0.09
383814,0.02
383816,0.21
383825,0.09
383827,0.16
383833,0.06
383841,0.09
383842,0.14
383849,0.09
383859,0.02
383883,0.08
383891,0.12
383910,0.02
383925,0.0
383943,0.28
383946,0.23
383959,0.03
383960,0.11
383961,0.02
383962,0.01
383979,0.07
383985,0.12
383990,0.03
383999,0.03
384001,0.29
384003,0.08
384008,0.06
384019,0.1
384020,0.19
384065,0.2
384102,0.05
384154,0.09
384155,0.11
384171,0.06
384177,0.03
384183,0.01
384186,0.07
384198,0.31
384199,0.01
384201,0.11
384203,0.25
384204,0.09
384205,0.06
384207,0.02
384208,0.08
384209,0.26
384210,0.12
384211,0.14
384212,0.1
384215,0.29
384216,0.11
384220,0.11
384221,0.0
384226,0.08
384273,0.07
384287,0.13
384288,0.05
384332,0.15
384365,0.03
384380,0.08
384392,0.06
384412,0.03
384424,0.13
384428,0.11
384429,0.21
384430,0.02
384434,0.06
384480,0.03
384502,0.28
384503,0.04
384504,0.08
384505,0.01
384508,0.03
384519,0.0
384520,0.19
384524,0.0
384528,0.01
384532,0.1
384539,0.08
384542,0.14
384543,0.23
384544,0.02
384546,0.27
384547,0.08
384548,0.17
384549,0.01
384552,0.2
384554,0.03
384556,0.02
384557,0.04
384558,0.07
384559,0.02
384560,0.1
384561,0.42
384562,0.17
384563,0.13
384564,0.03
384565,0.02
384656,0.04
384657,0.0
384672,0.23
384679,0.08
384680,0.05
384689,0.05
384692,0.3
384695,0.12
384710,0.21
384712,0.04
384715,0.08
384735,0.02
384749,0.05
384751,0.02
384753,0.08
384757,0.04
384759,0.07
384761,0.06
384762,0.02
384765,0.17
384775,0.18
384782,0.12
384794,0.05
384798,0.02
384805,0.02
384807,0.18
384812,0.0
384821,0.04
384834,0.02
384847,0.0
384856,0.06
384857,0.15
384858,0.01
384859,0.12
384860,0.24
384861,0.29
384862,0.03
384863,0.12
384864,0.09
384865,0.02
384866,0.14
384867,0.13
384868,0.03
384869,0.26
384870,0.07
384871,0.13
384873,0.1
384874,0.23
384876,0.15
384877,0.01
384878,0.05
384880,0.03
384881,0.05
384882,0.08
384883,0.06
384884,0.16
384885,0.11
384886,0.07
384887,0.02
384969,0.01
385023,0.1
385049,0.11
385081,0.03
385091,0.03
385092,0.04
385093,0.1
385094,0.04
385106,0.17
385107,0.43
385110,0.05
385111,0.01
385113,0.07
385114,0.02
385115,0.18
385117,0.02
385119,0.06
385120,0.31
385121,0.34
385122,0.01
385123,0.01
385125,0.14
385126,0.02
385127,0.07
385128,0.13
385129,0.11
385130,0.01
385131,0.01
385132,0.05
385133,0.16
385134,0.26
385135,0.07
385136,0.07
385137,0.08
385138,0.0
385139,0.12
385140,0.37
385141,0.11
385142,0.02
385143,0.02
385144,0.13
385145,0.26
385146,0.14
385147,0.07
385149,0.08
385151,0.03
385152,0.08
385153,0.04
385197,0.01
385230,0.06
385231,0.15
385252,0.42
385299,0.09
385351,0.08
385376,0.11
385405,0.05
385452,0.13
385479,0.08
385510,0.09
385522,0.26
385524,0.01
385544,0.08
385563,0.1
385566,0.2
385571,0.0
385585,0.02
385586,0.09
385611,0.05
385621,0.01
385623,0.08
385628,0.19
385633,0.05
385634,0.1
385643,0.04
385650,0.02
385656,0.01
385666,0.26
385693,0.22
385705,0.04
385706,0.01
385835,0.03
385847,0.06
385867,0.28
385871,0.1
385872,0.01
385879,0.02
385883,0.02
385884,0.15
385885,0.06
385889,0.05
385893,0.13
385894,0.07
385898,0.11
385899,0.08
385902,0.08
385903,0.0
385904,0.01
385905,0.05
385906,0.12
385907,0.09
385908,0.2
385909,0.07
385910,0.03
385973,0.08
386003,0.22
386013,0.0
386023,0.04
386065,0.0
386072,0.05
386077,0.34
386135,0.01
386141,0.05
386178,0.12
386198,0.14
386200,0.04
386203,0.08
386223,0.06
386225,0.0
386245,0.02
386250,0.07
386253,0.02
386254,0.1
386255,0.1
386262,0.18
386263,0.07
386264,0.0
386267,0.07
386268,0.07
386276,0.04
386279,0.06
386281,0.07
386282,0.31
386283,0.02
386284,0.07
386285,0.11
386286,0.03
386287,0.05
386288,0.21
386289,0.33
386290,0.01
386292,0.01
386293,0.06
386294,0.01
386295,0.2
386296,0.19
386297,0.02
386299,0.13
386300,0.17
386301,0.05
386302,0.05
386303,0.09
386304,0.16
386305,0.25
386307,0.02
386308,0.03
386309,0.04
386310,0.11
386311,0.03
386347,0.09
386350,0.17
386352,0.13
386365,0.03
386378,0.2
386380,0.03
386399,0.03
386458,0.02
386523,0.04
386531,0.16
386545,0.05
386546,0.09
386547,0.02
386549,0.03
386550,0.14
386551,0.05
386552,0.05
386633,0.07
386647,0.01
386665,0.01
386767,0.05
386773,0.0
386774,0.06
386775,0.19
386777,0.04
386785,0.23
386791,0.02
386792,0.0
386795,0.05
386798,0.08
386803,0.14
386805,0.28
386806,0.03
386808,0.0
386811,0.0
386813,0.07
386814,0.08
386817,0.05
386819,0.06
386820,0.09
386821,0.11
386822,0.38
386824,0.08
386825,0.07
386826,0.03
386827,0.05
386828,0.23
386830,0.0
386831,0.09
386832,0.03
386833,0.17
386834,0.19
386835,0.16
386836,0.07
386837,0.15
386838,0.0
386839,0.16
386840,0.01
386841,0.19
386843,0.14
386844,0.11
386845,0.01
386847,0.13
386848,0.06
386849,0.03
386860,0.17
386938,0.01
386940,0.2
386989,0.03
387021,0.02
387193,0.18
387194,0.04
387286,0.07
387291,0.03
387292,0.03
387324,0.03
387325,0.12
387329,0.01
387331,0.16
387333,0.05
387337,0.25
387341,0.15
387342,0.08
387349,0.32
387350,0.0
387351,0.05
387352,0.06
387353,0.06
387355,0.1
387356,0.12
387357,0.05
387358,0.01
387360,0.05
387361,0.01
387362,0.05
387363,0.02
387364,0.05
387365,0.06
387366,0.06
387367,0.11
387368,0.06
387369,0.01
387370,0.0
387371,0.14
387372,0.04
387377,0.04
387378,0.03
387424,0.0
387440,0.0
387447,0.06
387489,0.04
387501,0.03
387526,0.3
387542,0.05
387543,0.11
387544,0.06
387565,0.07
387572,0.04
387577,0.12
387578,0.05
387583,0.0
387584,0.02
387588,0.08
387595,0.22
387596,0.27
387597,0.18
387598,0.04
387662,0.04
387687,0.13
387688,0.03
387689,0.0
387718,0.2
387730,0.04
387753,0.03
387807,0.18
387843,0.22
387848,0.06
387882,0.07
387884,0.03
387892,0.0
387896,0.19
387916,0.26
387920,0.04
387927,0.04
387928,0.05
387929,0.12
387932,0.1
387934,0.11
387937,0.01
387942,0.03
387947,0.03
387948,0.0
387952,0.17
387953,0.06
387954,0.02
387955,0.08
387956,0.03
387957,0.13
387958,0.24
387960,0.01
387961,0.04
387962,0.08
387963,0.06
387964,0.2
387965,0.04
387966,0.11
387967,0.04
387968,0.04
387969,0.0
387970,0.03
387971,0.06
387972,0.08
387973,0.09
388053,0.15
388056,0.09
388057,0.06
388078,0.26
388079,0.04
388127,0.07
388155,0.22
388159,0.07
388169,0.04
388170,0.1
388173,0.02
388174,0.0
388176,0.11
388179,0.17
388182,0.05
388183,0.11
388187,0.12
388189,0.04
388191,0.02
388193,0.05
388194,0.01
388195,0.05
388196,0.0
388198,0.05
388199,0.19
388201,0.1
388202,0.11
388203,0.09
388204,0.1
388206,0.2
388208,0.04
388209,0.03
388210,0.08
388211,0.06
388212,0.03
388213,0.04
388214,0.0
388215,0.24
388216,0.11
388217,0.05
388218,0.11
388219,0.04
388220,0.26
388221,0.05
388222,0.02
388223,0.01
388237,0.17
388238,0.03
388242,0.05
388243,0.04
388248,0.11
388249,0.13
388251,0.12
388253,0.08
388255,0.07
388256,0.14
388258,0.03
388259,0.07
388260,0.16
388262,0.16
388263,0.13
388264,0.01
388265,0.22
388266,0.02
388267,0.15
388269,0.24
388270,0.01
388271,0.07
388272,0.12
388273,0.03
388274,0.16
388275,0.04
388276,0.05
388397,0.09
388428,0.07
388429,0.05
388448,0.03
388449,0.09
388460,0.07
388463,0.27
388465,0.07
388505,0.14
388508,0.14
388511,0.0
388525,0.08
388554,0.16
388561,0.29
388566,0.03
388572,0.01
388574,0.01
388585,0.03
388589,0.04
388590,0.05
388594,0.07
388596,0.04
388616,0.37
388621,0.07
388622,0.14
388627,0.05
388633,0.13
388639,0.0
388647,0.17
388655,0.13
388665,0.04
388667,0.09
388668,0.01
388669,0.08
388679,0.05
388683,0.02
388687,0.03
388688,0.05
388700,0.16
388703,0.16
388704,0.14
388705,0.03
388707,0.0
388712,0.01
388729,0.01
388733,0.07
388748,0.0
388754,0.04
388763,0.07
388777,0.03
388790,0.02
388800,0.32
388801,0.05
388812,0.15
388816,0.14
388835,0.19
388837,0.02
388842,0.02
388847,0.03
388848,0.13
388849,0.11
388850,0.29
388859,0.17
388864,0.01
388865,0.16
388870,0.07
388872,0.02
388873,0.11
388879,0.07
388890,0.12
388898,0.02
388899,0.04
388900,0.04
388913,0.33
388919,0.0
388921,0.43
388929,0.02
388945,0.17
388962,0.14
388963,0.03
388985,0.0
388986,0.01
388992,0.06
388993,0.14
389002,0.16
389006,0.01
389009,0.06
389018,0.05
389048,0.14
389051,0.21
389068,0.1
389069,0.12
389070,0.11
389080,0.14
389085,0.09
389090,0.12
389094,0.12
389097,0.2
389098,0.04
389101,0.08
389104,0.04
389131,0.28
389133,0.2
389134,0.01
389143,0.12
389176,0.27
389181,0.04
389192,0.01
389202,0.03
389222,0.01
389225,0.22
389227,0.05
389239,0.09
389245,0.17
389248,0.04
389258,0.12
389266,0.08
389268,0.04
389277,0.13
389280,0.07
389300,0.01
389319,0.04
389330,0.08
389338,0.07
389356,0.06
389363,0.35
389371,0.03
389377,0.32
389398,0.06
389409,0.02
389415,0.06
389418,0.05
389420,0.08
389426,0.13
389433,0.18
389434,0.04
389440,0.14
389441,0.02
389443,0.31
389448,0.17
389464,0.1
389466,0.01
389471,0.07
389473,0.02
389480,0.15
389481,0.12
389483,0.15
389486,0.0
389490,0.19
389500,0.0
389507,0.07
389509,0.01
389515,0.37
389517,0.07
389523,0.02
389527,0.05
389529,0.26
389532,0.04
389539,0.19
389550,0.03
389551,0.03
389552,0.11
389554,0.1
389563,0.17
389566,0.07
389572,0.17
389573,0.13
389585,0.2
389587,0.0
389589,0.03
389592,0.0
389601,0.04
389603,0.02
389604,0.21
389617,0.11
389618,0.13
389619,0.04
389622,0.09
389623,0.08
389627,0.04
389644,0.46
389667,0.01
389678,0.13
389694,0.02
389700,0.05
389707,0.01
389714,0.03
389717,0.21
389732,0.06
389737,0.33
389741,0.04
389755,0.02
389756,0.22
389763,0.11
389772,0.15
389777,0.0
389778,0.08
389796,0.06
389798,0.15
389805,0.06
389807,0.11
389815,0.15
389818,0.01
389823,0.09
389824,0.04
389831,0.0
389856,0.11
389860,0.02
389862,0.29
389872,0.15
389875,0.05
389878,0.16
389879,0.14
389881,0.02
389895,0.07
389897,0.19
389898,0.04
389924,0.08
389929,0.02
389934,0.15
389947,0.15
389962,0.03
389981,0.0
390003,0.15
390006,0.18
390011,0.01
390041,0.05
390044,0.08
390045,0.02
390047,0.17
390048,0.18
390052,0.38
390056,0.1
390061,0.04
390065,0.13
390070,0.08
390073,0.11
390076,0.03
390087,0.21
390092,0.01
390095,0.16
390099,0.11
390107,0.16
390116,0.01
390130,0.15
390133,0.24
390144,0.2
390155,0.1
390159,0.04
390181,0.09
390183,0.02
390214,0.05
390222,0.07
390230,0.03
390235,0.1
390237,0.01
390242,0.26
390256,0.02
390259,0.26
390261,0.05
390268,0.09
390271,0.05
390274,0.09
390276,0.21
390279,0.1
390283,0.22
390285,0.03
390299,0.15
390316,0.02
390321,0.1
390330,0.04
390343,0.14
390346,0.19
390357,0.02
390359,0.05
390361,0.07
390365,0.06
390366,0.08
390372,0.17
390376,0.17
390378,0.26
390388,0.23
390391,0.0
390400,0.21
390407,0.15
390411,0.13
390419,0.09
390423,0.03
390437,0.0
390445,0.05
390449,0.02
390455,0.12
390465,0.04
390491,0.04
390492,0.18
390494,0.0
390495,0.02
390497,0.02
390504,0.08
390508,0.08
390510,0.11
390512,0.02
390524,0.08
390531,0.03
390558,0.19
390561,0.02
390564,0.01
390569,0.06
390574,0.07
390575,0.07
390587,0.06
390620,0.1
390621,0.07
390633,0.1
390634,0.08
390638,0.08
390639,0.1
390642,0.04
390647,0.21
390648,0.06
390663,0.15
390686,0.04
390688,0.2
390690,0.08
390691,0.06
390696,0.09
390703,0.13
390711,0.1
390722,0.04
390736,0.36
390747,0.18
390752,0.19
390760,0.15
390774,0.03
390777,0.06
390781,0.1
390793,0.06
390838,0.06
390847,0.1
390851,0.26
390854,0.21
390858,0.04
390864,0.01
390871,0.15
390905,0.12
390908,0.19
390910,0.07
390917,0.07
390919,0.03
390920,0.08
390922,0.03
390928,0.04
390929,0.01
390953,0.04
390955,0.02
390959,0.02
390962,0.02
390971,0.14
390972,0.07
390990,0.01
390994,0.17
390997,0.29
391015,0.07
391034,0.17
391038,0.12
391043,0.05
391048,0.04
391049,0.04
391056,0.02
391060,0.03
391072,0.1
391073,0.08
391077,0.07
391086,0.07
391092,0.01
391096,0.07
391118,0.16
391123,0.13
391136,0.05
391137,0.03
391145,0.01
391162,0.03
391164,0.3
391168,0.18
391172,0.01
391184,0.23
391188,0.01
391198,0.17
391207,0.03
391208,0.01
391209,0.19
391230,0.06
391232,0.02
391236,0.09
391237,0.33
391245,0.02
391269,0.04
391274,0.02
391275,0.09
391276,0.11
391279,0.02
391285,0.01
391306,0.01
391310,0.01
391321,0.01
391327,0.01
391341,0.39
391350,0.02
391353,0.01
391354,0.04
391357,0.02
391367,0.35
391371,0.09
391384,0.06
391387,0.07
391388,0.18
391392,0.01
391408,0.03
391433,0.02
391439,0.06
391443,0.14
391445,0.01
391449,0.06
391450,0.04
391461,0.08
391469,0.04
391486,0.0
391487,0.29
391500,0.08
391501,0.03
391505,0.1
391516,0.08
391517,0.02
391522,0.01
391539,0.13
391543,0.3
391546,0.05
391552,0.13
391555,0.05
391564,0.01
391565,0.07
391570,0.0
391586,0.01
391587,0.02
391588,0.1
391590,0.06
391613,0.12
391614,0.15
391617,0.03
391623,0.06
391635,0.11
391653,0.08
391661,0.11
391670,0.08
391682,0.0
391713,0.03
391717,0.28
391726,0.35
391738,0.05
391740,0.01
391741,0.05
391742,0.04
391756,0.01
391765,0.32
391766,0.09
391768,0.07
391771,0.02
391784,0.07
391786,0.19
391791,0.08
391798,0.05
391820,0.25
391831,0.06
391842,0.02
391843,0.03
391853,0.02
391858,0.15
391866,0.26
391867,0.02
391870,0.17
391879,0.02
391903,0.06
391915,0.13
391920,0.0
391929,0.03
391935,0.01
391944,0.01
391945,0.37
391947,0.13
391957,0.03
391960,0.13
391966,0.07
391977,0.03
391983,0.06
391990,0.04
391999,0.04
392010,0.02
392011,0.01
392012,0.07
392013,0.0
392015,0.04
392027,0.06
392029,0.09
392031,0.04
392035,0.0
392042,0.05
392049,0.04
392050,0.09
392062,0.0
392068,0.19
392071,0.01
392079,0.02
392087,0.05
392106,0.1
392111,0.03
392123,0.09
392127,0.07
392132,0.29
392149,0.14
392151,0.04
392175,0.17
392186,0.1
392190,0.2
392196,0.06
392202,0.09
392212,0.06
392221,0.27
392224,0.22
392230,0.01
392232,0.2
392234,0.2
392239,0.18
392240,0.17
392241,0.0
392243,0.14
392250,0.03
392253,0.01
392258,0.1
392260,0.09
392270,0.28
392280,0.03
392283,0.03
392293,0.01
392311,0.16
392316,0.12
392317,0.08
392319,0.26
392328,0.03
392363,0.14
392369,0.02
392371,0.01
392372,0.03
392386,0.05
392389,0.19
392390,0.11
392391,0.24
392398,0.0
392399,0.0
392404,0.07
392405,0.0
392408,0.11
392422,0.08
392423,0.02
392424,0.05
392429,0.03
392430,0.08
392431,0.13
392437,0.03
392450,0.01
392458,0.03
392460,0.14
392469,0.19
392474,0.18
392491,0.32
392495,0.09
392513,0.28
392526,0.09
392527,0.23
392534,0.01
392540,0.32
392554,0.06
392571,0.08
392578,0.04
392583,0.07
392588,0.17
392594,0.03
392604,0.03
392610,0.11
392613,0.16
392619,0.13
392622,0.35
392624,0.04
392629,0.35
392634,0.11
392639,0.06
392649,0.02
392671,0.16
392680,0.25
392682,0.0
392684,0.02
392685,0.35
392686,0.14
392699,0.01
392704,0.02
392709,0.07
392714,0.35
392717,0.06
392727,0.02
392730,0.01
392741,0.12
392754,0.02
392762,0.0
392774,0.2
392775,0.16
392793,0.08
392800,0.09
392809,0.26
392812,0.08
392814,0.06
392820,0.12
392825,0.02
392847,0.15
392849,0.33
392861,0.08
392868,0.08
392880,0.17
392882,0.03
392888,0.05
392905,0.07
392909,0.29
392915,0.08
392925,0.14
392931,0.01
392933,0.02
392935,0.1
392939,0.06
392951,0.03
392960,0.0
392962,0.07
392964,0.08
392970,0.02
392980,0.04
392981,0.02
392985,0.05
392990,0.01
392992,0.12
392998,0.0
392999,0.1
393007,0.07
393009,0.2
393012,0.17
393014,0.1
393015,0.03
393035,0.16
393055,0.02
393056,0.04
393075,0.04
393078,0.03
393094,0.07
393111,0.1
393115,0.02
393117,0.13
393118,0.06
393128,0.27
393129,0.05
393136,0.0
393138,0.05
393139,0.07
393156,0.02
393159,0.37
393168,0.03
393172,0.15
393177,0.17
393189,0.01
393194,0.39
393201,0.04
393202,0.04
393209,0.0
393216,0.19
393218,0.21
393224,0.03
393227,0.08
393232,0.03
393256,0.06
393257,0.08
393258,0.16
393267,0.0
393269,0.16
393275,0.24
393278,0.05
393279,0.2
393312,0.02
393318,0.08
393343,0.04
393351,0.1
393356,0.02
393361,0.13
393370,0.08
393381,0.04
393395,0.08
393405,0.01
393416,0.02
393419,0.12
393430,0.18
393443,0.31
393454,0.29
393478,0.02
393489,0.01
393499,0.24
393503,0.05
393505,0.09
393507,0.04
393526,0.02
393537,0.0
393543,0.0
393555,0.01
393562,0.05
393573,0.19
393587,0.16
393591,0.06
393606,0.07
393621,0.07
393624,0.03
393625,0.38
393628,0.04
393633,0.19
393641,0.09
393642,0.15
393650,0.09
393658,0.07
393669,0.02
393671,0.0
393672,0.02
393680,0.04
393683,0.46
393684,0.06
393691,0.0
393696,0.01
393699,0.0
393708,0.14
393709,0.01
393711,0.14
393720,0.21
393738,0.02
393740,0.01
393762,0.01
393774,0.02
393776,0.06
393778,0.11
393793,0.01
393804,0.07
393818,0.11
393821,0.08
393822,0.17
393833,0.31
393839,0.26
393840,0.12
393843,0.11
393852,0.05
393855,0.03
393860,0.2
393864,0.07
393877,0.19
393882,0.04
393884,0.23
393886,0.09
393892,0.03
393894,0.03
393902,0.04
393909,0.08
393910,0.04
393911,0.04
393934,0.08
393936,0.28
393939,0.09
393940,0.04
393943,0.01
393946,0.12
393950,0.08
393953,0.05
393959,0.19
393974,0.24
393980,0.17
393983,0.03
393985,0.08
393992,0.01
393995,0.11
394008,0.14
394010,0.1
394022,0.04
394062,0.05
394063,0.05
394066,0.09
394069,0.05
394071,0.09
394082,0.05
394087,0.13
394095,0.06
394097,0.27
394106,0.03
394113,0.33
394115,0.23
394125,0.03
394131,0.03
394132,0.05
394141,0.08
394145,0.17
394153,0.36
394159,0.2
394180,0.2
394186,0.09
394200,0.2
394203,0.05
394210,0.0
394214,0.12
394218,0.11
394231,0.1
394240,0.11
394248,0.1
394249,0.03
394254,0.1
394264,0.11
394267,0.1
394269,0.24
394275,0.06
394289,0.01
394295,0.04
394305,0.12
394308,0.01
394317,0.05
394323,0.14
394332,0.06
394336,0.24
394345,0.18
394346,0.05
394347,0.02
394351,0.02
394355,0.15
394360,0.02
394372,0.13
394373,0.1
394374,0.11
394382,0.13
394385,0.1
394409,0.26
394415,0.05
394433,0.03
394445,0.07
394448,0.02
394451,0.08
394467,0.09
394471,0.11
394473,0.08
394474,0.03
394476,0.22
394492,0.0
394502,0.01
394506,0.13
394510,0.09
394515,0.01
394535,0.06
394537,0.32
394539,0.12
394541,0.02
394564,0.05
394567,0.12
394568,0.04
394571,0.07
394576,0.01
394579,0.43
394585,0.02
394588,0.04
394606,0.21
394623,0.04
394632,0.09
394635,0.07
394642,0.07
394653,0.1
394689,0.02
394695,0.04
394699,0.08
394706,0.04
394712,0.22
394721,0.42
394722,0.1
394739,0.02
394742,0.17
394761,0.17
394775,0.08
394777,0.22
394783,0.15
394800,0.21
394803,0.11
394804,0.4
394815,0.11
394835,0.09
394843,0.17
394845,0.22
394847,0.06
394848,0.22
394850,0.07
394857,0.02
394873,0.26
394892,0.05
394898,0.04
394904,0.05
394918,0.24
394920,0.15
394926,0.0
394927,0.0
394940,0.04
394942,0.0
394943,0.15
394959,0.18
394977,0.27
394991,0.19
395014,0.24
395027,0.1
395042,0.23
395062,0.16
395063,0.17
395064,0.07
395076,0.15
395085,0.07
395095,0.05
395100,0.01
395105,0.05
395108,0.0
395110,0.11
395114,0.2
395123,0.16
395131,0.08
395144,0.06
395152,0.08
395159,0.12
395166,0.06
395197,0.04
395210,0.12
395212,0.06
395216,0.21
395218,0.28
395224,0.02
395225,0.2
395233,0.19
395237,0.07
395246,0.1
395248,0.18
395262,0.11
395271,0.01
395275,0.01
395286,0.06
395316,0.13
395318,0.24
395328,0.22
395334,0.07
395337,0.15
395338,0.03
395346,0.07
395365,0.1
395373,0.05
395383,0.31
395387,0.01
395391,0.02
395401,0.2
395432,0.02
395443,0.01
395447,0.13
395448,0.08
395450,0.04
395456,0.05
395459,0.1
395462,0.06
395488,0.25
395492,0.01
395495,0.05
395504,0.08
395507,0.13
395508,0.22
395509,0.03
395513,0.05
395515,0.04
395517,0.45
395520,0.23
395524,0.11
395525,0.02
395533,0.02
395538,0.0
395545,0.04
395553,0.1
395576,0.16
395585,0.23
395590,0.02
395593,0.03
395595,0.04
395603,0.11
395604,0.06
395611,0.1
395612,0.03
395617,0.03
395624,0.01
395653,0.15
395665,0.03
395668,0.07
395672,0.08
395677,0.11
395692,0.01
395693,0.18
395694,0.04
395696,0.29
395699,0.01
395703,0.16
395712,0.06
395731,0.11
395732,0.05
395735,0.04
395736,0.06
395744,0.24
395763,0.04
395771,0.07
395774,0.06
395784,0.08
395790,0.03
395792,0.25
395796,0.01
395808,0.09
395810,0.09
395814,0.09
395831,0.03
395836,0.08
395837,0.0
395852,0.08
395854,0.0
395856,0.11
395857,0.12
395860,0.01
395862,0.04
395875,0.03
395880,0.04
395893,0.28
395900,0.02
395908,0.06
395921,0.13
395922,0.01
395926,0.08
395933,0.01
395936,0.04
395940,0.07
395951,0.06
395964,0.06
395969,0.09
395971,0.09
395973,0.07
395975,0.16
395984,0.1
395993,0.02
396012,0.19
396033,0.33
396035,0.04
396036,0.09
396041,0.11
396048,0.15
396049,0.05
396057,0.01
396060,0.06
396063,0.05
396078,0.06
396085,0.08
396087,0.12
396094,0.08
396104,0.0
396110,0.04
396123,0.07
396139,0.06
396160,0.06
396165,0.15
396169,0.05
396182,0.01
396200,0.29
396201,0.04
396202,0.13
396216,0.08
396227,0.13
396236,0.05
396240,0.1
396249,0.07
396252,0.06
396253,0.23
396276,0.03
396297,0.14
396301,0.0
396310,0.06
396327,0.12
396330,0.07
396331,0.09
396334,0.05
396337,0.09
396343,0.07
396346,0.02
396350,0.18
396368,0.05
396375,0.25
396378,0.13
396380,0.17
396393,0.06
396397,0.04
396403,0.02
396404,0.24
396408,0.02
396414,0.02
396418,0.35
396420,0.01
396426,0.03
396428,0.03
396434,0.14
396435,0.14
396437,0.02
396442,0.09
396444,0.07
396449,0.02
396453,0.11
396464,0.07
396474,0.03
396483,0.01
396496,0.23
396501,0.16
396505,0.09
396506,0.02
396512,0.01
396513,0.19
396518,0.08
396530,0.07
396542,0.22
396549,0.04
396553,0.09
396555,0.18
396557,0.13
396562,0.1
396566,0.08
396588,0.03
396589,0.04
396590,0.14
396597,0.01
396602,0.02
396609,0.21
396614,0.23
396617,0.13
396620,0.09
396625,0.27
396638,0.06
396640,0.06
396646,0.13
396648,0.02
396653,0.13
396663,0.06
396668,0.16
396670,0.09
396678,0.03
396681,0.02
396698,0.03
396699,0.07
396710,0.01
396713,0.11
396729,0.08
396732,0.13
396735,0.34
396752,0.16
396754,0.07
396761,0.03
396769,0.07
396777,0.02
396789,0.19
396790,0.05
396792,0.07
396824,0.22
396829,0.03
396830,0.03
396844,0.18
396849,0.02
396855,0.2
396864,0.04
396865,0.19
396866,0.03
396883,0.02
396889,0.12
396893,0.02
396900,0.13
396904,0.07
396912,0.04
396916,0.02
396922,0.03
396926,0.05
396928,0.05
396931,0.14
396944,0.13
396949,0.04
396952,0.17
396979,0.06
396984,0.0
396986,0.04
396992,0.02
396995,0.37
397014,0.06
397025,0.01
397046,0.27
397047,0.07
397051,0.05
397052,0.08
397058,0.07
397071,0.02
397081,0.02
397084,0.05
397086,0.27
397088,0.04
397090,0.25
397093,0.13
397106,0.06
397109,0.16
397110,0.23
397118,0.09
397119,0.03
397120,0.05
397127,0.02
397128,0.1
397129,0.01
397132,0.07
397138,0.0
397139,0.13
397146,0.31
397148,0.24
397149,0.18
397166,0.01
397167,0.35
397168,0.01
397171,0.06
397178,0.11
397185,0.04
397191,0.08
397195,0.03
397197,0.06
397198,0.05
397211,0.1
397213,0.01
397216,0.06
397219,0.08
397226,0.09
397241,0.11
397249,0.14
397261,0.06
397265,0.01
397281,0.0
397304,0.03
397306,0.05
397325,0.03
397327,0.02
397345,0.27
397360,0.04
397378,0.05
397383,0.06
397384,0.09
397399,0.08
397415,0.0
397433,0.05
397444,0.28
397452,0.2
397458,0.0
397460,0.16
397462,0.09
397464,0.04
397466,0.33
397472,0.03
397474,0.02
397476,0.11
397482,0.19
397492,0.12
397494,0.01
397501,0.1
397507,0.11
397512,0.12
397513,0.09
397517,0.02
397533,0.05
397549,0.21
397560,0.01
397562,0.04
397570,0.15
397575,0.05
397584,0.01
397585,0.04
397593,0.02
397609,0.14
397615,0.01
397630,0.2
397631,0.11
397633,0.16
397641,0.07
397664,0.04
397668,0.01
397674,0.02
397679,0.11
397681,0.04
397694,0.04
397695,0.09
397707,0.25
397713,0.1
397714,0.12
397715,0.01
397724,0.0
397726,0.16
397729,0.05
397739,0.02
397741,0.01
397759,0.07
397761,0.02
397767,0.03
397776,0.14
397782,0.29
397785,0.13
397789,0.03
397793,0.14
397794,0.07
397804,0.0
397815,0.04
397816,0.05
397825,0.13
397857,0.16
397861,0.15
397890,0.1
397891,0.34
397900,0.05
397903,0.02
397911,0.07
397925,0.11
397928,0.09
397954,0.02
397955,0.01
397962,0.04
397971,0.03
397975,0.23
397984,0.17
397989,0.07
397993,0.13
398004,0.03
398032,0.26
398038,0.06
398043,0.01
398046,0.07
398051,0.31
398061,0.02
398082,0.04
398086,0.05
398087,0.05
398088,0.16
398093,0.05
398103,0.05
398106,0.07
398109,0.07
398110,0.05
398113,0.03
398116,0.1
398132,0.09
398135,0.13
398138,0.05
398159,0.13
398163,0.34
398165,0.12
398166,0.16
398173,0.05
398179,0.09
398181,0.09
398189,0.02
398196,0.13
398206,0.06
398208,0.03
398220,0.06
398231,0.01
398234,0.37
398239,0.06
398254,0.02
398260,0.05
398261,0.01
398269,0.2
398274,0.03
398279,0.02
398280,0.07
398292,0.17
398293,0.15
398295,0.13
398329,0.02
398337,0.08
398344,0.05
398347,0.07
398348,0.38
398352,0.03
398355,0.07
398360,0.19
398363,0.06
398368,0.03
398373,0.19
398377,0.05
398384,0.06
398389,0.05
398394,0.14
398397,0.02
398400,0.07
398409,0.08
398429,0.08
398432,0.02
398444,0.44
398446,0.41
398456,0.04
398461,0.07
398473,0.07
398480,0.09
398481,0.1
398485,0.1
398488,0.28
398500,0.24
398520,0.13
398524,0.36
398534,0.11
398554,0.0
398572,0.1
398580,0.07
398586,0.01
398592,0.23
398606,0.14
398619,0.08
398621,0.12
398625,0.05
398645,0.21
398652,0.33
398656,0.0
398661,0.25
398667,0.07
398669,0.08
398676,0.05
398690,0.1
398699,0.18
398715,0.07
398718,0.05
398721,0.01
398729,0.01
398737,0.06
398738,0.18
398752,0.16
398757,0.04
398759,0.03
398764,0.24
398771,0.02
398773,0.03
398775,0.04
398779,0.1
398791,0.39
398807,0.11
398811,0.03
398814,0.01
398817,0.13
398829,0.0
398830,0.05
398838,0.06
398839,0.15
398841,0.09
398850,0.02
398852,0.05
398858,0.12
398859,0.22
398862,0.18
398870,0.16
398875,0.24
398902,0.0
398910,0.05
398919,0.1
398929,0.05
398935,0.14
398940,0.11
398953,0.28
398956,0.01
398963,0.06
398966,0.13
398967,0.19
398968,0.08
398974,0.25
398976,0.1
398982,0.11
398993,0.07
399011,0.07
399016,0.1
399017,0.04
399020,0.11
399047,0.1
399053,0.45
399056,0.02
399061,0.0
399066,0.12
399074,0.06
399086,0.02
399088,0.06
399091,0.14
399092,0.14
399093,0.17
399100,0.06
399124,0.01
399131,0.18
399142,0.04
399149,0.04
399158,0.21
399160,0.05
399167,0.0
399169,0.01
399171,0.02
399174,0.08
399178,0.19
399179,0.31
399184,0.1
399185,0.05
399186,0.16
399191,0.07
399192,0.04
399195,0.3
399212,0.17
399221,0.07
399223,0.47
399230,0.1
399246,0.19
399260,0.1
399261,0.09
399266,0.1
399289,0.05
399293,0.1
399299,0.08
399306,0.03
399321,0.02
399328,0.02
399344,0.02
399352,0.04
399358,0.02
399374,0.08
399382,0.32
399385,0.02
399388,0.02
399399,0.0
399410,0.02
399417,0.0
399423,0.04
399427,0.0
399429,0.13
399435,0.06
399439,0.06
399451,0.06
399454,0.02
399458,0.17
399468,0.03
399477,0.05
399483,0.12
399493,0.04
399494,0.05
399499,0.05
399503,0.09
399510,0.02
399511,0.02
399525,0.04
399528,0.02
399533,0.02
399538,0.12
399551,0.11
399568,0.17
399571,0.07
399585,0.03
399589,0.13
399595,0.02
399598,0.05
399605,0.04
399616,0.03
399617,0.01
399622,0.07
399627,0.11
399635,0.18
399639,0.31
399641,0.03
399643,0.16
399659,0.01
399667,0.04
399683,0.01
399702,0.16
399706,0.17
399720,0.03
399727,0.12
399730,0.2
399734,0.03
399751,0.03
399754,0.12
399759,0.18
399768,0.05
399770,0.03
399781,0.12
399786,0.06
399799,0.02
399811,0.17
399813,0.06
399820,0.09
399832,0.05
399851,0.14
399853,0.03
399855,0.11
399860,0.07
399876,0.28
399877,0.01
399881,0.12
399882,0.03
399903,0.01
399906,0.11
399912,0.26
399915,0.11
399921,0.01
399935,0.09
399936,0.13
399938,0.02
399939,0.03
399940,0.02
399949,0.07
399953,0.03
399959,0.28
399968,0.0
399969,0.04
399972,0.06
399974,0.06
399976,0.0
399979,0.04
399988,0.07
399994,0.26
399996,0.26
399997,0.21
400000,0.01
400004,0.02
400011,0.11
400014,0.21
400015,0.01
400017,0.1
400046,0.24
400063,0.14
400065,0.06
400069,0.01
400075,0.06
400088,0.02
400091,0.02
400105,0.08
400108,0.2
400113,0.12
400119,0.05
400123,0.04
400127,0.05
400136,0.09
400137,0.11
400138,0.09
400158,0.05
400172,0.05
400174,0.08
400224,0.04
400229,0.22
400236,0.22
400240,0.03
400249,0.03
400258,0.11
400268,0.1
400272,0.01
400284,0.02
400292,0.1
400295,0.11
400308,0.17
400314,0.16
400315,0.01
400331,0.31
400332,0.05
400339,0.07
400342,0.05
400361,0.07
400363,0.05
400365,0.05
400374,0.12
400379,0.02
400382,0.06
400416,0.03
400422,0.08
400436,0.05
400460,0.09
400462,0.18
400468,0.14
400482,0.01
400489,0.02
400490,0.13
400501,0.02
400519,0.02
400525,0.3
400526,0.04
400529,0.26
400540,0.1
400543,0.09
400545,0.03
400556,0.13
400572,0.05
400584,0.02
400589,0.21
400593,0.27
400597,0.0
400616,0.07
400642,0.19
400643,0.0
400649,0.09
400672,0.05
400685,0.01
400693,0.19
400695,0.09
400701,0.02
400720,0.08
400741,0.07
400745,0.19
400750,0.06
400779,0.13
400784,0.0
400792,0.05
400800,0.08
400811,0.0
400813,0.43
400820,0.07
400830,0.05
400833,0.06
400834,0.02
400841,0.02
400855,0.3
400856,0.11
400860,0.17
400866,0.06
400869,0.06
400870,0.18
400880,0.05
400882,0.0
400915,0.14
400921,0.13
400923,0.11
400925,0.01
400936,0.02
400943,0.17
400962,0.0
400963,0.07
400967,0.04
400970,0.13
400975,0.0
400981,0.22
400983,0.23
400987,0.02
400988,0.02
400994,0.08
400998,0.33
401002,0.04
401003,0.09
401005,0.02
401007,0.08
401022,0.23
401029,0.22
401035,0.11
401036,0.14
401040,0.02
401045,0.05
401053,0.03
401065,0.04
401067,0.03
401069,0.07
401073,0.32
401074,0.06
401078,0.08
401082,0.33
401086,0.02
401092,0.11
401097,0.19
401098,0.04
401099,0.09
401100,0.21
401107,0.08
401119,0.18
401120,0.02
401137,0.22
401142,0.17
401162,0.04
401163,0.21
401172,0.0
401179,0.12
401182,0.03
401184,0.28
401190,0.11
401207,0.02
401210,0.03
401220,0.04
401225,0.13
401230,0.23
401240,0.01
401246,0.06
401256,0.18
401273,0.05
401274,0.06
401287,0.01
401292,0.09
401305,0.14
401310,0.03
401311,0.07
401321,0.01
401332,0.04
401338,0.0
401345,0.13
401368,0.05
401375,0.35
401378,0.02
401379,0.01
401395,0.1
401403,0.03
401406,0.02
401415,0.15
401424,0.01
401425,0.04
401428,0.18
401430,0.05
401436,0.01
401440,0.09
401443,0.12
401447,0.03
401448,0.02
401450,0.05
401459,0.16
401462,0.18
401470,0.23
401479,0.26
401481,0.05
401486,0.2
401496,0.01
401497,0.1
401502,0.03
401508,0.08
401513,0.04
401517,0.29
401519,0.18
401533,0.28
401536,0.29
401547,0.04
401581,0.07
401582,0.08
401586,0.19
401593,0.23
401603,0.1
401621,0.13
401625,0.07
401635,0.27
401646,0.1
401649,0.04
401660,0.05
401668,0.11
401686,0.03
401706,0.12
401712,0.07
401721,0.1
401725,0.24
401730,0.24
401741,0.02
401743,0.05
401748,0.05
401751,0.01
401770,0.02
401791,0.03
401792,0.1
401808,0.09
401816,0.04
401820,0.07
401821,0.04
401828,0.05
401830,0.34
401832,0.05
401839,0.12
401852,0.0
401868,0.1
401876,0.04
401879,0.32
401882,0.01
401894,0.0
401899,0.1
401901,0.27
401913,0.02
401919,0.04
401920,0.04
401923,0.04
401924,0.11
401932,0.15
401942,0.23
401949,0.12
401950,0.13
401951,0.07
401952,0.15
401971,0.21
401972,0.01
401973,0.06
401974,0.13
401983,0.06
401984,0.01
401988,0.06
401989,0.06
401990,0.0
402024,0.08
402029,0.01
402030,0.36
402041,0.04
402042,0.08
402043,0.05
402052,0.14
402053,0.01
402054,0.02
402057,0.07
402067,0.07
402068,0.04
402069,0.32
402070,0.13
402071,0.01
402073,0.02
402074,0.05
402075,0.22
402076,0.15
402077,0.09
402078,0.32
402079,0.06
402080,0.06
402081,0.04
402082,0.02
402089,0.11
402090,0.19
402091,0.07
402092,0.07
402094,0.03
402095,0.04
402096,0.05
402109,0.1
402151,0.07
402152,0.09
402153,0.03
402155,0.03
402201,0.06
402210,0.14
402212,0.11
402218,0.05
402227,0.1
402234,0.14
402236,0.01
402242,0.07
402243,0.04
402244,0.29
402245,0.03
402250,0.06
402251,0.02
402254,0.18
402255,0.26
402256,0.09
402257,0.22
402258,0.09
402259,0.12
402260,0.08
402261,0.28
402262,0.01
402263,0.2
402264,0.03
402265,0.07
402266,0.11
402267,0.13
402268,0.0
402270,0.02
402271,0.01
402272,0.29
402273,0.11
402274,0.02
402275,0.03
402276,0.09
402277,0.18
402278,0.06
402279,0.18
402280,0.03
402362,0.1
402363,0.0
402364,0.14
402370,0.06
402376,0.01
402381,0.29
402384,0.06
402389,0.0
402414,0.05
402416,0.0
402417,0.02
402420,0.08
402426,0.01
402436,0.19
402444,0.09
402447,0.01
402449,0.03
402454,0.27
402458,0.19
402460,0.02
402466,0.0
402475,0.17
402498,0.2
402502,0.05
402505,0.21
402509,0.05
402513,0.23
402517,0.01
402519,0.11
402522,0.25
402523,0.28
402525,0.04
402528,0.16
402534,0.16
402536,0.15
402542,0.02
402548,0.24
402552,0.1
402559,0.05
402563,0.01
402568,0.04
402573,0.15
402574,0.06
402575,0.03
402577,0.1
402602,0.02
402603,0.27
402604,0.02
402614,0.03
402615,0.17
402616,0.01
402617,0.11
402618,0.1
402619,0.04
402639,0.15
402640,0.01
402641,0.43
402642,0.02
402643,0.0
402644,0.01
402645,0.11
402649,0.01
402650,0.08
402653,0.02
402654,0.01
402655,0.16
402656,0.17
402657,0.01
402658,0.03
402659,0.0
402662,0.01
402696,0.05
402705,0.08
402707,0.05
402708,0.07
402709,0.13
402729,0.11
402730,0.08
402732,0.09
402739,0.1
402740,0.06
402741,0.08
402744,0.35
402745,0.19
402746,0.02
402772,0.19
402773,0.03
402774,0.01
402780,0.09
402781,0.06
402782,0.13
402790,0.12
402803,0.07
402808,0.11
402809,0.01
402810,0.12
402811,0.07
402815,0.08
402820,0.08
402821,0.17
402822,0.05
402824,0.2
402825,0.04
402870,0.04
402875,0.02
402924,0.07
402925,0.02
402926,0.04
402927,0.01
402928,0.03
402929,0.08
402930,0.14
402931,0.01
402932,0.01
402933,0.19
402940,0.26
402953,0.03
402954,0.17
402955,0.07
402956,0.09
402957,0.06
402970,0.06
402973,0.11
402974,0.02
402975,0.09
402976,0.28
402977,0.02
402978,0.03
402979,0.1
402980,0.14
402981,0.14
402982,0.29
402993,0.13
402994,0.09
403099,0.03
403137,0.06
403138,0.11
403165,0.08
403192,0.31
403214,0.12
403223,0.04
403238,0.17
403244,0.41
403246,0.1
403252,0.0
403254,0.07
403255,0.07
403259,0.03
403262,0.03
403277,0.02
403280,0.16
403281,0.13
403287,0.01
403315,0.2
403318,0.13
403319,0.03
403327,0.07
403331,0.04
403342,0.17
403349,0.15
403353,0.13
403364,0.04
403369,0.06
403373,0.22
403376,0.19
403378,0.0
403384,0.22
403385,0.01
403386,0.01
403388,0.1
403396,0.01
403398,0.15
403404,0.02
403410,0.12
403414,0.09
403417,0.05
403422,0.02
403424,0.07
403438,0.0
403451,0.01
403452,0.11
403453,0.05
403454,0.14
403455,0.11
403464,0.05
403465,0.19
403466,0.03
403500,0.17
403501,0.04
403524,0.23
403525,0.19
403526,0.01
403527,0.21
403542,0.09
403543,0.0
403549,0.03
403550,0.04
403551,0.07
403552,0.08
403553,0.04
403554,0.05
403558,0.02
403559,0.04
403560,0.4
403561,0.33
403562,0.13
403564,0.18
403565,0.11
403566,0.04
403600,0.11
403602,0.03
403603,0.0
403662,0.03
403685,0.02
403686,0.02
403687,0.03
403688,0.18
403689,0.4
403690,0.43
403691,0.07
403692,0.11
403696,0.02
403697,0.32
403698,0.0
403699,0.14
403701,0.05
403702,0.01
403703,0.02
403704,0.08
403705,0.02
403712,0.04
403713,0.03
403714,0.28
403715,0.01
403718,0.05
403722,0.27
403723,0.04
403724,0.14
403725,0.05
403726,0.0
403764,0.05
403765,0.0
403766,0.04
403770,0.27
403771,0.06
403772,0.18
403795,0.14
403799,0.03
403800,0.02
403801,0.04
403802,0.18
403803,0.15
403811,0.2
403814,0.02
403815,0.03
403816,0.03
403817,0.06
403818,0.22
403820,0.04
403821,0.12
403822,0.11
403823,0.04
403824,0.09
403825,0.01
403826,0.02
403828,0.12
403834,0.04
403836,0.24
403837,0.06
403838,0.11
403839,0.02
403873,0.02
403876,0.1
403902,0.09
403918,0.03
403922,0.1
403928,0.23
403929,0.14
403931,0.05
403932,0.01
403933,0.1
403935,0.02
403936,0.21
403937,0.05
403938,0.1
403943,0.07
403944,0.0
403945,0.1
403946,0.11
403948,0.09
403951,0.13
403955,0.05
403956,0.06
403957,0.25
403958,0.06
403960,0.16
403961,0.04
403962,0.06
403963,0.04
403964,0.3
403965,0.17
403966,0.15
403967,0.06
403968,0.15
403969,0.11
403970,0.14
403971,0.1
403972,0.24
403973,0.06
403974,0.29
403975,0.03
403976,0.02
403977,0.03
403978,0.02
403979,0.05
403980,0.25
403981,0.05
403982,0.01
404062,0.09
404067,0.02
404070,0.01
404079,0.05
404084,0.09
404108,0.18
404112,0.01
404118,0.12
404121,0.02
404122,0.06
404126,0.18
404140,0.05
404152,0.11
404156,0.38
404158,0.03
404160,0.01
404172,0.01
404174,0.01
404180,0.08
404186,0.04
404190,0.21
404192,0.08
404206,0.01
404207,0.3
404213,0.1
404216,0.05
404220,0.1
404227,0.03
404235,0.04
404247,0.22
404259,0.03
404266,0.14
404267,0.07
404274,0.33
404276,0.21
404277,0.01
404278,0.05
404279,0.02
404280,0.06
404287,0.09
404288,0.18
404289,0.02
404290,0.32
404291,0.0
404293,0.08
404302,0.02
404303,0.02
404304,0.17
404307,0.08
404308,0.01
404309,0.21
404310,0.14
404311,0.24
404312,0.15
404323,0.1
404324,0.09
404325,0.07
404326,0.0
404327,0.17
404328,0.03
404329,0.06
404330,0.14
404331,0.03
404335,0.06
404336,0.02
404337,0.18
404364,0.18
404379,0.01
404380,0.53
404381,0.16
404382,0.03
404385,0.05
404390,0.0
404391,0.01
404392,0.22
404393,0.19
404396,0.01
404400,0.04
404401,0.07
404402,0.05
404403,0.2
404404,0.07
404405,0.37
404406,0.02
404437,0.12
404439,0.19
404461,0.09
404462,0.26
404464,0.01
404468,0.1
404469,0.1
404470,0.1
404471,0.02
404472,0.07
404473,0.08
404474,0.04
404475,0.06
404477,0.03
404478,0.13
404554,0.08
404555,0.14
404556,0.04
404557,0.07
404569,0.22
404571,0.02
404585,0.09
404586,0.0
404592,0.37
404595,0.03
404596,0.14
404597,0.05
404603,0.15
404606,0.03
404607,0.06
404608,0.08
404609,0.04
404620,0.12
404689,0.03
404708,0.02
404734,0.11
404771,0.11
404806,0.08
404818,0.12
404850,0.03
404870,0.03
404923,0.02
404934,0.18
404938,0.01
404954,0.01
404957,0.03
404963,0.07
404964,0.03
404969,0.11
404970,0.05
404979,0.09
404997,0.08
404998,0.12
405009,0.15
405016,0.01
405018,0.08
405035,0.1
405036,0.03
405038,0.19
405047,0.08
405055,0.04
405060,0.18
405066,0.01
405081,0.1
405084,0.16
405089,0.14
405098,0.06
405100,0.24
405114,0.01
405118,0.08
405119,0.28
405120,0.04
405121,0.26
405124,0.09
405125,0.06
405132,0.21
405179,0.03
405193,0.06
405194,0.2
405195,0.04
405206,0.01
405207,0.0
405211,0.01
405215,0.03
405217,0.12
405219,0.11
405220,0.11
405231,0.12
405232,0.09
405291,0.11
405316,0.04
405317,0.01
405318,0.0
405319,0.04
405320,0.07
405325,0.0
405326,0.02
405333,0.03
405334,0.28
405349,0.24
405351,0.12
405353,0.01
405354,0.28
405361,0.07
405362,0.11
405363,0.15
405364,0.2
405365,0.06
405366,0.2
405372,0.14
405397,0.04
405402,0.05
405409,0.09
405410,0.33
405411,0.02
405412,0.06
405435,0.15
405436,0.06
405438,0.18
405442,0.15
405443,0.27
405444,0.03
405445,0.06
405446,0.0
405468,0.03
405489,0.09
405490,0.16
405498,0.02
405509,0.1
405510,0.02
405511,0.07
405512,0.09
405517,0.05
405518,0.02
405523,0.0
405544,0.08
405546,0.07
405552,0.17
405583,0.04
405592,0.05
405599,0.03
405602,0.04
405607,0.0
405613,0.2
405620,0.26
405624,0.15
405625,0.02
405626,0.01
405632,0.03
405633,0.0
405637,0.17
405640,0.2
405642,0.09
405646,0.01
405647,0.04
405650,0.46
405653,0.19
405654,0.1
405660,0.01
405666,0.11
405667,0.01
405668,0.03
405669,0.1
405671,0.05
405672,0.02
405673,0.13
405674,0.04
405675,0.08
405676,0.11
405677,0.01
405679,0.01
405680,0.22
405682,0.09
405683,0.03
405684,0.05
405685,0.17
405687,0.08
405689,0.04
405690,0.0
405691,0.31
405692,0.07
405693,0.01
405695,0.01
405696,0.1
405697,0.01
405698,0.13
405699,0.04
405700,0.28
405701,0.16
405702,0.16
405761,0.04
405765,0.05
405769,0.02
405784,0.04
405811,0.01
405814,0.05
405816,0.07
405818,0.12
405821,0.04
405822,0.02
405838,0.06
405841,0.08
405846,0.03
405855,0.09
405857,0.04
405858,0.2
405860,0.03
405861,0.19
405871,0.09
405879,0.06
405880,0.08
405886,0.03
405901,0.12
405904,0.16
405905,0.0
405906,0.09
405927,0.01
405930,0.17
405944,0.0
405946,0.01
405954,0.27
405963,0.07
405964,0.0
405965,0.02
405966,0.29
405970,0.0
405971,0.03
405992,0.12
405996,0.05
405999,0.03
406002,0.07
406003,0.0
406004,0.01
406005,0.04
406006,0.12
406007,0.27
406008,0.2
406028,0.06
406029,0.04
406043,0.06
406044,0.03
406045,0.16
406046,0.24
406048,0.04
406050,0.02
406051,0.0
406052,0.31
406053,0.13
406077,0.12
406082,0.01
406083,0.53
406084,0.04
406098,0.06
406099,0.08
406100,0.34
406113,0.25
406114,0.08
406115,0.1
406116,0.03
406117,0.0
406127,0.06
406128,0.05
406129,0.11
406132,0.02
406133,0.01
406134,0.05
406135,0.35
406136,0.05
406137,0.13
406138,0.11
406139,0.16
406142,0.09
406143,0.26
406175,0.03
406176,0.07
406177,0.11
406194,0.02
406195,0.0
406208,0.07
406210,0.15
406216,0.18
406217,0.33
406227,0.01
406228,0.04
406253,0.06
406254,0.01
406260,0.12
406267,0.12
406269,0.06
406276,0.18
406277,0.03
406279,0.08
406288,0.04
406297,0.17
406308,0.02
406310,0.28
406320,0.06
406336,0.0
406352,0.0
406365,0.05
406369,0.3
406371,0.07
406401,0.11
406408,0.05
406409,0.01
406475,0.39
406492,0.1
406510,0.18
406519,0.09
406565,0.17
406584,0.01
406596,0.02
406598,0.02
406605,0.15
406609,0.05
406610,0.09
406611,0.01
406654,0.09
406670,0.1
406675,0.22
406681,0.06
406682,0.0
406695,0.02
406697,0.12
406712,0.1
406719,0.04
406725,0.13
406734,0.07
406743,0.13
406778,0.1
406784,0.06
406786,0.08
406791,0.26
406792,0.15
406803,0.3
406812,0.03
406813,0.06
406814,0.09
406841,0.02
406842,0.16
406843,0.06
406848,0.18
406861,0.02
406862,0.14
406863,0.03
406864,0.05
406865,0.15
406871,0.2
406872,0.16
406873,0.26
406893,0.05
406919,0.12
406920,0.02
406921,0.12
406923,0.15
406924,0.05
406925,0.0
406926,0.13
406927,0.05
406936,0.03
406937,0.25
406938,0.0
406939,0.02
406940,0.08
406941,0.05
406952,0.08
406953,0.05
406954,0.1
406962,0.18
406963,0.32
406964,0.03
406965,0.26
406966,0.07
406967,0.06
406968,0.17
406969,0.05
406970,0.18
406971,0.04
406972,0.21
406973,0.05
406974,0.14
406975,0.06
406976,0.04
406977,0.03
406985,0.06
406987,0.05
407025,0.12
407031,0.05
407033,0.38
407039,0.15
407041,0.09
407044,0.15
407046,0.18
407053,0.05
407061,0.08
407069,0.02
407070,0.18
407072,0.1
407073,0.04
407081,0.14
407082,0.15
407088,0.03
407091,0.24
407097,0.06
407104,0.29
407105,0.48
407106,0.04
407121,0.04
407128,0.03
407137,0.11
407144,0.13
407145,0.15
407154,0.25
407162,0.18
407164,0.16
407168,0.22
407203,0.15
407210,0.21
407215,0.1
407218,0.11
407228,0.09
407262,0.16
407274,0.32
407280,0.16
407288,0.02
407298,0.03
407299,0.26
407302,0.22
407303,0.14
407305,0.16
407306,0.16
407307,0.04
407313,0.02
407314,0.02
407315,0.02
407316,0.08
407322,0.18
407323,0.05
407324,0.13
407325,0.03
407329,0.06
407330,0.25
407332,0.0
407333,0.2
407334,0.03
407335,0.26
407336,0.17
407337,0.18
407338,0.24
407339,0.0
407340,0.06
407341,0.21
407342,0.04
407343,0.12
407344,0.04
407345,0.0
407346,0.1
407353,0.01
407364,0.08
407365,0.04
407366,0.0
407370,0.14
407373,0.22
407376,0.04
407386,0.05
407388,0.03
407391,0.02
407393,0.04
407427,0.04
407452,0.02
407454,0.06
407457,0.0
407462,0.06
407463,0.13
407468,0.1
407469,0.18
407478,0.05
407482,0.0
407487,0.25
407489,0.19
407498,0.33
407516,0.25
407519,0.02
407528,0.11
407532,0.13
407534,0.4
407543,0.02
407546,0.24
407550,0.04
407555,0.2
407558,0.09
407587,0.08
407588,0.04
407594,0.12
407596,0.07
407598,0.02
407602,0.01
407605,0.12
407613,0.11
407619,0.3
407625,0.02
407627,0.03
407629,0.11
407631,0.05
407633,0.05
407636,0.2
407645,0.46
407648,0.1
407669,0.08
407674,0.01
407675,0.1
407676,0.12
407677,0.2
407678,0.31
407679,0.16
407680,0.12
407681,0.04
407682,0.15
407684,0.34
407692,0.07
407693,0.28
407694,0.07
407695,0.01
407696,0.02
407697,0.09
407698,0.05
407699,0.05
407702,0.05
407703,0.14
407725,0.11
407726,0.12
407729,0.11
407731,0.03
407745,0.16
407749,0.01
407750,0.02
407751,0.11
407752,0.32
407753,0.2
407754,0.17
407755,0.05
407756,0.04
407765,0.03
407766,0.09
407767,0.0
407768,0.09
407773,0.1
407774,0.11
407778,0.1
407779,0.03
407780,0.31
407781,0.16
407782,0.0
407783,0.13
407784,0.05
407825,0.26
407826,0.05
407828,0.15
407829,0.03
407830,0.3
407831,0.08
407832,0.07
407838,0.08
407839,0.1
407840,0.02
407841,0.18
407842,0.1
407855,0.11
407857,0.04
407881,0.13
407882,0.28
407885,0.01
407915,0.04
407916,0.02
407918,0.18
407919,0.15
407920,0.01
407921,0.04
407922,0.03
407927,0.15
407934,0.09
407941,0.14
407942,0.0
407943,0.06
407944,0.04
407946,0.06
407947,0.01
407952,0.02
407955,0.19
407978,0.22
407986,0.05
408003,0.06
408006,0.05
408008,0.05
408015,0.08
408016,0.2
408028,0.25
408035,0.01
408042,0.02
408044,0.39
408052,0.05
408053,0.07
408056,0.05
408068,0.02
408071,0.03
408074,0.16
408085,0.19
408089,0.08
408091,0.04
408098,0.03
408106,0.06
408108,0.23
408116,0.3
408126,0.05
408130,0.2
408135,0.0
408148,0.07
408168,0.06
408170,0.19
408172,0.05
408176,0.03
408181,0.09
408191,0.01
408194,0.07
408213,0.12
408248,0.03
408249,0.05
408250,0.09
408256,0.28
408261,0.17
408262,0.27
408268,0.25
408269,0.03
408273,0.03
408280,0.02
408286,0.13
408347,0.17
408349,0.0
408350,0.04
408351,0.03
408352,0.01
408355,0.06
408356,0.04
408357,0.07
408384,0.15
408385,0.07
408386,0.16
408387,0.0
408388,0.1
408389,0.12
408390,0.0
408391,0.12
408392,0.17
408393,0.02
408398,0.03
408399,0.04
408400,0.12
408405,0.09
408406,0.08
408437,0.02
408459,0.03
408460,0.14
408463,0.1
408467,0.04
408468,0.06
408471,0.06
408477,0.04
408478,0.07
408479,0.09
408481,0.04
408482,0.05
408483,0.03
408484,0.17
408485,0.11
408486,0.02
408489,0.13
408490,0.03
408504,0.02
408506,0.08
408508,0.22
408514,0.01
408515,0.0
408516,0.12
408517,0.15
408518,0.07
408523,0.13
408524,0.03
408525,0.1
408526,0.19
408531,0.02
408579,0.02
408580,0.05
408581,0.03
408599,0.2
408615,0.09
408616,0.02
408617,0.17
408619,0.01
408622,0.09
408624,0.01
408625,0.05
408626,0.05
408627,0.04
408651,0.0
408658,0.04
408659,0.21
408660,0.11
408661,0.01
408662,0.05
408688,0.01
408689,0.28
408690,0.05
408695,0.08
408696,0.05
408701,0.07
408702,0.05
408705,0.04
408728,0.17
408742,0.12
408759,0.05
408766,0.11
408768,0.19
408774,0.15
408775,0.1
408780,0.11
408790,0.06
408791,0.06
408792,0.06
408794,0.05
408797,0.13
408808,0.08
408830,0.02
408857,0.0
408863,0.08
408874,0.33
408880,0.08
408885,0.16
408890,0.02
408898,0.05
408902,0.02
408903,0.01
408905,0.12
408908,0.0
408911,0.07
408921,0.19
408932,0.06
408933,0.12
408935,0.22
408960,0.04
408968,0.14
408985,0.0
408986,0.07
408990,0.09
408993,0.03
409001,0.08
409003,0.0
409008,0.06
409010,0.13
409015,0.07
409017,0.13
409028,0.04
409034,0.08
409035,0.01
409041,0.02
409054,0.06
409057,0.01
409064,0.03
409065,0.24
409066,0.01
409068,0.18
409076,0.01
409080,0.09
409083,0.03
409084,0.11
409085,0.05
409088,0.01
409105,0.05
409121,0.02
409123,0.34
409133,0.09
409153,0.14
409156,0.02
409157,0.22
409158,0.04
409163,0.3
409167,0.16
409168,0.1
409169,0.04
409172,0.18
409173,0.05
409174,0.0
409175,0.03
409192,0.34
409193,0.07
409197,0.05
409204,0.0
409206,0.03
409208,0.08
409209,0.04
409212,0.01
409213,0.06
409214,0.11
409217,0.03
409218,0.12
409220,0.03
409221,0.02
409227,0.15
409228,0.02
409229,0.07
409230,0.17
409259,0.05
409261,0.03
409269,0.07
409277,0.09
409278,0.02
409285,0.21
409286,0.09
409287,0.05
409293,0.08
409297,0.07
409298,0.09
409299,0.04
409340,0.05
409377,0.17
409383,0.05
409384,0.06
409409,0.03
409412,0.03
409413,0.21
409414,0.25
409415,0.02
409423,0.02
409428,0.06
409429,0.03
409430,0.03
409431,0.02
409432,0.11
409433,0.05
409434,0.08
409442,0.26
409443,0.18
409446,0.01
409463,0.11
409482,0.03
409507,0.17
409508,0.05
409509,0.01
409514,0.06
409535,0.27
409536,0.02
409537,0.12
409538,0.08
409541,0.03
409542,0.07
409543,0.03
409545,0.1
409550,0.03
409551,0.01
409552,0.05
409553,0.19
409558,0.06
409563,0.06
409574,0.15
409607,0.08
409608,0.22
409628,0.01
409632,0.32
409633,0.16
409636,0.12
409676,0.03
409691,0.12
409694,0.07
409707,0.05
409723,0.02
409741,0.01
409743,0.05
409747,0.06
409773,0.0
409777,0.21
409778,0.4
409804,0.07
409805,0.02
409812,0.08
409817,0.01
409836,0.07
409846,0.16
409850,0.21
409852,0.0
409861,0.22
409864,0.21
409871,0.07
409891,0.05
409896,0.04
409917,0.05
409918,0.03
409923,0.09
409941,0.0
409949,0.28
409953,0.05
409958,0.02
409972,0.1
409979,0.22
409983,0.12
409984,0.03
409985,0.05
409986,0.03
409994,0.16
409999,0.03
410019,0.15
410024,0.16
410025,0.02
410039,0.04
410044,0.2
410045,0.08
410046,0.1
410047,0.08
410048,0.05
410065,0.07
410066,0.17
410073,0.11
410087,0.03
410089,0.14
410092,0.03
410093,0.17
410094,0.18
410095,0.06
410096,0.06
410101,0.1
410102,0.15
410103,0.01
410107,0.0
410110,0.12
410111,0.07
410112,0.12
410142,0.02
410143,0.06
410161,0.1
410162,0.12
410165,0.0
410166,0.23
410167,0.22
410184,0.1
410185,0.02
410186,0.0
410187,0.03
410223,0.04
410256,0.19
410257,0.11
410258,0.0
410259,0.01
410269,0.18
410270,0.11
410273,0.11
410274,0.11
410275,0.05
410276,0.2
410277,0.08
410295,0.05
410296,0.02
410297,0.16
410298,0.01
410300,0.03
410301,0.02
410302,0.06
410303,0.04
410304,0.02
410305,0.05
410306,0.11
410307,0.04
410308,0.17
410309,0.08
410316,0.02
410317,0.07
410358,0.2
410359,0.0
410360,0.17
410368,0.08
410369,0.09
410370,0.06
410372,0.0
410373,0.02
410378,0.24
410379,0.12
410380,0.18
410387,0.3
410388,0.38
410389,0.03
410390,0.06
410405,0.04
410411,0.05
410416,0.01
410418,0.11
410424,0.11
410429,0.09
410438,0.04
410442,0.0
410448,0.03
410456,0.13
410464,0.0
410467,0.3
410473,0.16
410476,0.02
410479,0.17
410499,0.21
410526,0.04
410528,0.1
410546,0.14
410564,0.0
410567,0.01
410571,0.13
410572,0.23
410573,0.19
410577,0.04
410581,0.1
410587,0.06
410588,0.0
410595,0.2
410602,0.02
410606,0.08
410616,0.1
410624,0.21
410626,0.14
410637,0.09
410660,0.19
410661,0.01
410663,0.06
410664,0.04
410669,0.0
410675,0.02
410679,0.15
410684,0.01
410689,0.03
410693,0.03
410697,0.04
410698,0.05
410699,0.04
410706,0.03
410710,0.26
410712,0.0
410716,0.08
410725,0.06
410735,0.17
410742,0.03
410745,0.03
410746,0.04
410751,0.06
410753,0.04
410759,0.01
410761,0.28
410770,0.02
410778,0.05
410784,0.07
410786,0.17
410789,0.04
410800,0.08
410811,0.03
410813,0.03
410821,0.12
410822,0.01
410879,0.2
410880,0.05
410900,0.03
410901,0.23
410908,0.03
410909,0.04
410910,0.06
410911,0.14
410912,0.0
410913,0.05
410914,0.12
410915,0.02
410916,0.01
410917,0.06
410918,0.14
410919,0.01
410922,0.15
410923,0.08
410940,0.12
410955,0.24
410956,0.21
410959,0.33
410960,0.04
410961,0.04
410962,0.01
410963,0.1
410964,0.07
410968,0.05
410970,0.03
410971,0.06
410972,0.04
410975,0.03
410994,0.16
410999,0.05
411011,0.37
411012,0.01
411014,0.21
411021,0.0
411022,0.11
411023,0.14
411024,0.23
411025,0.09
411026,0.28
411027,0.21
411028,0.01
411030,0.25
411031,0.04
411032,0.15
411033,0.06
411049,0.04
411050,0.16
411051,0.22
411052,0.01
411073,0.07
411074,0.06
411076,0.01
411080,0.03
411081,0.06
411082,0.02
411093,0.09
411094,0.04
411095,0.03
411099,0.06
411102,0.08
411103,0.07
411112,0.09
411114,0.12
411115,0.02
411116,0.04
411168,0.02
411169,0.34
411170,0.01
411189,0.03
411190,0.1
411195,0.22
411196,0.09
411197,0.02
411205,0.02
411206,0.23
411215,0.09
411216,0.01
411217,0.0
411218,0.08
411222,0.08
411238,0.05
411239,0.01
411240,0.11
411248,0.03
411274,0.03
411275,0.01
411293,0.02
411299,0.2
411300,0.01
411301,0.1
411302,0.12
411305,0.12
411309,0.1
411334,0.05
411343,0.06
411349,0.08
411360,0.02
411363,0.0
411364,0.02
411384,0.14
411402,0.01
411424,0.14
411425,0.15
411430,0.11
411432,0.13
411434,0.23
411447,0.1
411450,0.0
411452,0.18
411463,0.12
411467,0.1
411474,0.11
411478,0.0
411480,0.0
411481,0.07
411502,0.14
411509,0.09
411511,0.18
411515,0.08
411516,0.15
411532,0.1
411565,0.01
411570,0.1
411600,0.06
411608,0.07
411613,0.04
411614,0.01
411620,0.08
411634,0.04
411639,0.01
411645,0.19
411648,0.0
411660,0.01
411668,0.03
411672,0.04
411673,0.1
411674,0.14
411675,0.07
411676,0.01
411677,0.25
411715,0.02
411718,0.11
411719,0.19
411720,0.05
411730,0.05
411731,0.17
411740,0.07
411746,0.03
411748,0.01
411749,0.0
411752,0.02
411753,0.0
411754,0.02
411755,0.01
411767,0.06
411768,0.07
411819,0.37
411826,0.08
411827,0.07
411841,0.02
411842,0.47
411843,0.1
411844,0.03
411845,0.09
411846,0.11
411850,0.16
411852,0.05
411853,0.04
411854,0.04
411855,0.08
411856,0.14
411860,0.15
411883,0.04
411938,0.02
411939,0.31
411940,0.08
411957,0.25
411958,0.06
411959,0.06
411963,0.04
411969,0.01
411970,0.09
411971,0.11
411972,0.14
411973,0.01
411974,0.06
411975,0.09
411977,0.09
411978,0.21
411979,0.21
412004,0.07
412008,0.05
412009,0.16
412010,0.02
412030,0.06
412031,0.04
412032,0.02
412036,0.01
412038,0.02
412047,0.11
412049,0.37
412082,0.02
412092,0.12
412098,0.08
412101,0.11
412108,0.39
412111,0.28
412119,0.14
412128,0.06
412139,0.22
412152,0.36
412154,0.04
412178,0.25
412180,0.04
412193,0.05
412199,0.03
412204,0.0
412206,0.07
412207,0.03
412211,0.14
412220,0.08
412221,0.0
412229,0.13
412234,0.02
412235,0.04
412236,0.1
412251,0.08
412262,0.04
412270,0.19
412280,0.05
412289,0.23
412305,0.01
412310,0.13
412345,0.06
412348,0.13
412361,0.08
412367,0.23
412368,0.19
412370,0.08
412372,0.2
412377,0.11
412380,0.01
412382,0.0
412391,0.02
412393,0.02
412411,0.33
412412,0.06
412415,0.19
412416,0.35
412422,0.21
412428,0.08
412430,0.13
412436,0.03
412447,0.04
412451,0.04
412456,0.05
412470,0.25
412472,0.04
412478,0.05
412487,0.06
412490,0.23
412494,0.09
412516,0.15
412519,0.08
412525,0.1
412527,0.2
412528,0.03
412551,0.2
412552,0.02
412557,0.05
412558,0.08
412559,0.05
412561,0.02
412563,0.01
412564,0.06
412565,0.04
412593,0.12
412598,0.21
412602,0.07
412610,0.12
412611,0.13
412612,0.0
412613,0.05
412621,0.02
412622,0.02
412623,0.02
412624,0.19
412637,0.01
412638,0.06
412639,0.07
412640,0.11
412641,0.02
412642,0.12
412643,0.19
412644,0.06
412651,0.14
412667,0.06
412669,0.22
412686,0.09
412712,0.03
412713,0.1
412714,0.02
412715,0.1
412720,0.27
412728,0.0
412738,0.01
412739,0.01
412740,0.01
412741,0.2
412753,0.08
412754,0.01
412762,0.08
412764,0.03
412765,0.12
412775,0.01
412776,0.08
412777,0.04
412778,0.17
412800,0.05
412801,0.08
412802,0.21
412829,0.06
412854,0.25
412855,0.18
412861,0.14
412862,0.12
412863,0.1
412883,0.0
412884,0.02
412886,0.27
412898,0.1
412899,0.0
412900,0.06
412922,0.13
412941,0.12
412959,0.01
412967,0.01
412980,0.05
412997,0.05
413016,0.07
413017,0.41
413027,0.07
413034,0.1
413038,0.25
413054,0.13
413059,0.01
413065,0.01
413073,0.08
413075,0.42
413081,0.09
413089,0.14
413091,0.08
413094,0.05
413104,0.04
413107,0.29
413110,0.09
413113,0.18
413117,0.1
413124,0.14
413126,0.21
413137,0.02
413145,0.04
413146,0.09
413147,0.1
413150,0.0
413159,0.14
413160,0.1
413172,0.36
413179,0.09
413181,0.03
413185,0.02
413188,0.19
413197,0.08
413208,0.32
413215,0.1
413216,0.13
413219,0.03
413232,0.04
413237,0.08
413243,0.28
413249,0.11
413262,0.03
413263,0.13
413271,0.1
413274,0.07
413280,0.22
413296,0.15
413299,0.23
413303,0.02
413320,0.22
413324,0.09
413325,0.11
413335,0.17
413341,0.11
413342,0.01
413351,0.14
413352,0.08
413359,0.0
413373,0.17
413374,0.14
413375,0.01
413376,0.11
413377,0.15
413383,0.22
413384,0.08
413392,0.08
413393,0.18
413395,0.02
413424,0.08
413425,0.02
413457,0.09
413458,0.21
413459,0.17
413460,0.02
413465,0.06
413466,0.16
413467,0.04
413468,0.07
413475,0.11
413476,0.04
413477,0.25
413478,0.08
413479,0.03
413489,0.12
413491,0.04
413492,0.07
413493,0.13
413494,0.02
413495,0.06
413498,0.12
413499,0.08
413545,0.05
413549,0.05
413550,0.08
413551,0.05
413552,0.26
413553,0.1
413554,0.06
413558,0.08
413559,0.17
413562,0.03
413563,0.11
413564,0.01
413592,0.11
413593,0.05
413594,0.19
413595,0.05
413596,0.12
413597,0.1
413604,0.02
413605,0.05
413606,0.09
413607,0.04
413616,0.29
413617,0.04
413618,0.14
413625,0.05
413626,0.24
413627,0.03
413628,0.03
413629,0.02
413630,0.12
413631,0.03
413632,0.04
413633,0.18
413634,0.18
413635,0.12
413636,0.25
413644,0.02
413645,0.06
413646,0.0
413683,0.06
413685,0.08
413686,0.35
413690,0.02
413691,0.03
413692,0.05
413693,0.14
413694,0.06
413695,0.06
413696,0.07
413702,0.05
413707,0.02
413708,0.18
413709,0.18
413730,0.03
413731,0.1
413732,0.06
413733,0.03
413734,0.02
413736,0.09
413748,0.02
413749,0.16
413751,0.17
413752,0.3
413754,0.05
413755,0.33
413756,0.15
413757,0.0
413758,0.25
413759,0.1
413760,0.03
413764,0.04
413765,0.1
413766,0.12
413767,0.06
413768,0.05
413769,0.09
413770,0.02
413776,0.05
413777,0.02
413778,0.03
413797,0.05
413824,0.04
413828,0.08
413831,0.27
413834,0.12
413841,0.03
413848,0.03
413850,0.01
413851,0.22
413857,0.01
413860,0.0
413867,0.21
413868,0.04
413871,0.08
413878,0.09
413882,0.1
413885,0.0
413886,0.07
413892,0.01
413896,0.2
413897,0.0
413917,0.23
413921,0.03
413934,0.35
413941,0.02
413953,0.04
413958,0.12
413967,0.17
413971,0.01
413975,0.17
413978,0.16
413983,0.06
413984,0.0
413989,0.08
413992,0.02
414001,0.15
414002,0.07
414003,0.07
414007,0.08
414008,0.07
414016,0.32
414022,0.09
414026,0.27
414041,0.08
414042,0.29
414045,0.02
414047,0.09
414050,0.23
414061,0.01
414068,0.09
414076,0.21
414093,0.18
414102,0.02
414109,0.16
414117,0.09
414144,0.07
414149,0.03
414160,0.04
414166,0.5
414171,0.4
414172,0.1
414183,0.08
414186,0.09
414192,0.22
414194,0.15
414203,0.15
414206,0.0
414207,0.01
414229,0.01
414231,0.02
414248,0.02
414251,0.14
414252,0.03
414253,0.34
414254,0.11
414255,0.09
414262,0.07
414265,0.28
414266,0.22
414267,0.04
414269,0.02
414270,0.04
414271,0.11
414272,0.11
414273,0.07
414275,0.02
414323,0.4
414324,0.08
414328,0.02
414329,0.05
414333,0.08
414341,0.04
414357,0.09
414358,0.0
414359,0.13
414362,0.04
414363,0.2
414368,0.1
414372,0.04
414375,0.01
414376,0.0
414382,0.11
414383,0.18
414480,0.0
414481,0.13
414484,0.37
414485,0.08
414486,0.03
414487,0.13
414488,0.05
414489,0.02
414492,0.01
414493,0.22
414497,0.05
414501,0.2
414543,0.25
414544,0.16
414559,0.1
414560,0.02
414561,0.06
414573,0.17
414574,0.05
414575,0.18
414577,0.11
414584,0.31
414585,0.03
414586,0.16
414590,0.04
414591,0.08
414593,0.23
414597,0.03
414598,0.27
414621,0.17
414635,0.2
414639,0.09
414640,0.01
414648,0.25
414656,0.02
414659,0.1
414660,0.01
414663,0.06
414683,0.08
414691,0.19
414700,0.03
414705,0.11
414708,0.05
414711,0.03
414712,0.0
414716,0.06
414720,0.11
414733,0.02
414740,0.2
414748,0.03
414767,0.14
414771,0.25
414779,0.02
414785,0.18
414787,0.1
414793,0.02
414816,0.14
414830,0.08
414831,0.25
414859,0.02
414864,0.01
414867,0.03
414871,0.08
414879,0.02
414892,0.2
414895,0.18
414911,0.2
414915,0.02
414922,0.07
414939,0.09
414945,0.01
414960,0.07
414969,0.1
414973,0.07
414979,0.06
414985,0.01
414992,0.05
414996,0.1
415000,0.01
415001,0.08
415005,0.02
415024,0.13
415038,0.06
415041,0.14
415049,0.15
415055,0.07
415061,0.1
415064,0.16
415069,0.26
415070,0.17
415071,0.0
415072,0.07
415074,0.0
415078,0.25
415079,0.01
415080,0.14
415081,0.18
415082,0.09
415085,0.14
415086,0.1
415089,0.12
415090,0.05
415091,0.13
415092,0.08
415095,0.06
415100,0.15
415101,0.03
415102,0.2
415103,0.04
415104,0.01
415106,0.02
415107,0.08
415108,0.15
415109,0.13
415110,0.03
415111,0.03
415113,0.0
415114,0.08
415115,0.04
415116,0.03
415117,0.04
415118,0.17
415119,0.45
415120,0.07
415121,0.07
415122,0.19
415123,0.08
415124,0.26
415126,0.17
415152,0.09
415205,0.11
415209,0.01
415326,0.15
415409,0.01
415414,0.04
415430,0.09
415466,0.18
415467,0.25
415473,0.05
415474,0.05
415479,0.04
415480,0.04
415486,0.06
415488,0.15
415489,0.09
415490,0.1
415493,0.07
415494,0.01
415497,0.0
415498,0.14
415499,0.01
415505,0.13
415506,0.11
415509,0.07
415511,0.11
415514,0.14
415517,0.22
415519,0.01
415521,0.4
415522,0.02
415523,0.02
415525,0.03
415527,0.12
415529,0.01
415531,0.04
415533,0.17
415534,0.13
415536,0.01
415537,0.06
415539,0.14
415540,0.07
415541,0.13
415542,0.03
415543,0.02
415544,0.07
415545,0.03
415546,0.14
415547,0.07
415548,0.0
415549,0.12
415550,0.04
415652,0.0
415654,0.09
415686,0.17
415687,0.04
415695,0.08
415698,0.07
415701,0.09
415705,0.22
415707,0.09
415709,0.05
415712,0.04
415718,0.09
415724,0.02
415729,0.02
415730,0.12
415731,0.08
415733,0.09
415736,0.01
415737,0.03
415738,0.32
415741,0.03
415742,0.24
415743,0.12
415744,0.01
415745,0.01
415746,0.06
415747,0.16
415749,0.05
415750,0.02
415751,0.15
415752,0.04
415753,0.15
415754,0.05
415755,0.11
415756,0.15
415757,0.12
415850,0.16
415874,0.03
415930,0.14
415962,0.22
415994,0.21
415995,0.08
416088,0.1
416129,0.22
416228,0.02
416229,0.07
416239,0.04
416243,0.04
416245,0.11
416253,0.06
416263,0.01
416264,0.09
416265,0.15
416269,0.2
416272,0.13
416273,0.06
416274,0.15
416275,0.13
416276,0.06
416277,0.06
416278,0.03
416280,0.03
416283,0.1
416287,0.06
416288,0.17
416291,0.08
416292,0.29
416294,0.18
416295,0.39
416296,0.14
416300,0.03
416301,0.11
416302,0.09
416303,0.09
416305,0.26
416306,0.13
416307,0.1
416309,0.01
416310,0.26
416311,0.05
416312,0.06
416313,0.34
416314,0.03
416315,0.1
416316,0.04
416426,0.02
416435,0.01
416444,0.0
416477,0.23
416484,0.05
416488,0.21
416502,0.03
416542,0.09
416582,0.1
416647,0.11
416658,0.04
416659,0.11
416675,0.11
416676,0.17
416696,0.38
416721,0.09
416729,0.04
416743,0.23
416744,0.31
416761,0.01
416793,0.09
416826,0.02
416848,0.02
416850,0.11
416860,0.13
416861,0.42
416862,0.02
416865,0.07
416870,0.12
416871,0.16
416872,0.05
416874,0.12
416877,0.02
416879,0.03
416881,0.16
416882,0.02
416883,0.04
416884,0.02
416885,0.11
416886,0.06
416887,0.04
416888,0.14
416890,0.01
416893,0.01
416894,0.1
416895,0.12
416896,0.07
416897,0.03
416899,0.02
416900,0.01
416901,0.0
416902,0.01
416903,0.14
417043,0.04
417159,0.01
417182,0.09
417183,0.14
417187,0.04
417209,0.04
417226,0.31
417228,0.18
417232,0.01
417234,0.0
417241,0.01
417245,0.13
417246,0.19
417247,0.18
417250,0.35
417251,0.05
417253,0.01
417254,0.04
417255,0.06
417256,0.15
417257,0.18
417258,0.13
417259,0.01
417260,0.13
417261,0.02
417263,0.16
417264,0.05
417265,0.08
417266,0.04
417267,0.16
417268,0.06
417338,0.04
417342,0.22
417349,0.04
417382,0.11
417388,0.05
417389,0.13
417393,0.17
417395,0.23
417397,0.04
417398,0.01
417401,0.14
417403,0.12
417406,0.16
417407,0.24
417408,0.22
417409,0.04
417411,0.04
417412,0.1
417414,0.0
417416,0.11
417417,0.07
417420,0.09
417421,0.28
417422,0.26
417423,0.06
417426,0.07
417427,0.01
417428,0.04
417429,0.01
417430,0.07
417431,0.06
417432,0.02
417433,0.04
417435,0.09
417436,0.12
417438,0.1
417439,0.06
417440,0.02
417441,0.03
417442,0.25
417443,0.07
417444,0.09
417445,0.11
417446,0.01
417447,0.13
417448,0.14
417449,0.16
417450,0.13
417451,0.09
417452,0.04
417453,0.12
417454,0.14
417455,0.23
417456,0.03
417457,0.0
417513,0.0
417544,0.23
417555,0.09
417567,0.05
417612,0.03
417625,0.06
417626,0.03
417627,0.15
417648,0.1
417735,0.01
417736,0.08
417749,0.02
417778,0.03
417863,0.05
417893,0.1
417895,0.09
417903,0.06
417910,0.09
417915,0.19
417925,0.02
417927,0.02
417940,0.09
417949,0.09
417950,0.1
417952,0.02
417956,0.1
417969,0.09
417970,0.11
417974,0.04
417975,0.0
417976,0.08
417980,0.01
417982,0.1
417983,0.0
417987,0.04
417988,0.22
417989,0.06
417990,0.39
417993,0.05
417994,0.05
417995,0.07
417996,0.02
417997,0.07
417998,0.23
417999,0.07
418000,0.05
418001,0.05
418002,0.03
418003,0.24
418004,0.09
418005,0.07
418006,0.03
418009,0.25
418011,0.09
418012,0.02
418013,0.08
418014,0.17
418015,0.24
418029,0.09
418030,0.13
418132,0.24
418217,0.12
418222,0.13
418237,0.06
418272,0.07
418343,0.4
418344,0.05
418345,0.08
418386,0.13
418387,0.05
418402,0.08
418436,0.01
418456,0.12
418458,0.09
418460,0.17
418487,0.11
418514,0.15
418519,0.0
418532,0.04
418539,0.04
418549,0.04
418555,0.02
418556,0.29
418558,0.11
418559,0.01
418562,0.02
418568,0.19
418576,0.04
418578,0.14
418580,0.16
418581,0.11
418582,0.07
418584,0.08
418585,0.13
418587,0.06
418591,0.11
418592,0.11
418593,0.05
418595,0.04
418596,0.16
418597,0.01
418598,0.01
418599,0.04
418600,0.02
418601,0.08
418602,0.24
418603,0.16
418604,0.03
418606,0.11
418607,0.04
418608,0.18
418609,0.11
418610,0.13
418611,0.22
418612,0.06
418613,0.1
418614,0.16
418615,0.09
418616,0.03
418618,0.25
418651,0.14
418652,0.02
418653,0.1
418658,0.16
418692,0.27
418749,0.21
418820,0.1
418843,0.1
418863,0.07
418915,0.05
418938,0.2
418957,0.1
419024,0.14
419061,0.05
419063,0.2
419076,0.05
419093,0.02
419131,0.07
419132,0.1
419138,0.05
419139,0.04
419141,0.06
419142,0.01
419143,0.03
419145,0.0
419149,0.15
419151,0.09
419152,0.08
419153,0.01
419154,0.09
419155,0.0
419156,0.02
419157,0.0
419158,0.44
419159,0.19
419162,0.01
419163,0.12
419165,0.4
419168,0.1
419169,0.04
419170,0.18
419171,0.05
419172,0.12
419173,0.22
419174,0.03
419175,0.04
419176,0.1
419177,0.16
419178,0.22
419270,0.15
419305,0.08
419330,0.24
419485,0.09
419491,0.06
419499,0.04
419513,0.28
419514,0.05
419535,0.04
419538,0.07
419582,0.23
419601,0.02
419611,0.12
419644,0.15
419648,0.1
419649,0.0
419656,0.04
419671,0.03
419677,0.15
419685,0.11
419688,0.19
419689,0.22
419690,0.12
419691,0.25
419698,0.26
419699,0.1
419701,0.16
419703,0.3
419704,0.09
419705,0.22
419746,0.22
419750,0.09
419767,0.0
419775,0.01
419783,0.03
419787,0.23
419788,0.07
419790,0.06
419791,0.04
419792,0.11
419794,0.17
419795,0.3
419797,0.01
419798,0.03
419799,0.03
419804,0.13
419805,0.22
419806,0.08
419808,0.03
419810,0.06
419811,0.04
419812,0.1
419815,0.04
419816,0.04
419817,0.08
419818,0.35
419820,0.17
419821,0.08
419824,0.13
419825,0.04
419826,0.12
419827,0.02
419828,0.02
419829,0.06
419830,0.23
419831,0.14
419832,0.05
419833,0.12
419834,0.15
419835,0.07
419836,0.09
419837,0.02
419838,0.08
419839,0.06
419840,0.1
419841,0.1
419842,0.18
419843,0.27
419913,0.18
419916,0.08
419955,0.03
419956,0.07
419992,0.01
420150,0.0
420160,0.15
420190,0.09
420195,0.14
420204,0.11
420207,0.1
420210,0.0
420214,0.23
420218,0.02
420219,0.08
420220,0.01
420242,0.08
420249,0.04
420254,0.02
420255,0.06
420258,0.07
420260,0.02
420263,0.23
420265,0.19
420271,0.01
420273,0.08
420274,0.05
420275,0.01
420277,0.02
420278,0.11
420279,0.01
420280,0.09
420281,0.03
420283,0.11
420284,0.08
420285,0.04
420286,0.08
420287,0.09
420288,0.04
420290,0.0
420291,0.08
420293,0.17
420294,0.03
420295,0.16
420296,0.02
420297,0.16
420298,0.06
420299,0.09
420300,0.05
420344,0.02
420345,0.18
420347,0.04
420348,0.19
420349,0.03
420350,0.01
420351,0.03
420352,0.02
420353,0.05
420354,0.04
420355,0.05
420356,0.18
420357,0.09
420358,0.21
420359,0.05
420360,0.02
420361,0.05
420362,0.22
420363,0.06
420364,0.12
420365,0.08
420366,0.07
420383,0.0
420436,0.23
420446,0.02
420554,0.04
420565,0.01
420569,0.1
420573,0.11
420574,0.07
420587,0.15
420589,0.22
420593,0.02
420594,0.16
420595,0.03
420598,0.03
420601,0.05
420602,0.29
420603,0.05
420607,0.07
420611,0.01
420613,0.06
420614,0.05
420615,0.17
420616,0.01
420617,0.14
420618,0.03
420619,0.03
420620,0.03
420621,0.08
420622,0.13
420623,0.07
420624,0.02
420625,0.05
420626,0.08
420627,0.2
420628,0.02
420629,0.02
420631,0.01
420633,0.09
420634,0.19
420635,0.03
420636,0.08
420637,0.06
420662,0.02
420727,0.01
420728,0.25
420733,0.19
420787,0.01
420789,0.02
420792,0.13
420797,0.13
420814,0.03
420833,0.36
420839,0.06
420841,0.19
420843,0.05
420844,0.1
420847,0.13
420849,0.05
420851,0.08
420853,0.05
420854,0.02
420855,0.12
420856,0.03
420857,0.06
420858,0.09
420859,0.02
420860,0.33
420861,0.06
420862,0.18
420863,0.09
420864,0.07
420866,0.36
420867,0.02
420868,0.02
420869,0.03
420870,0.0
420871,0.13
420872,0.08
420873,0.01
420874,0.09
420875,0.22
420876,0.07
420878,0.02
420879,0.11
420880,0.0
420881,0.01
420882,0.04
420883,0.11
420884,0.25
420885,0.09
420886,0.07
420887,0.13
420888,0.03
420905,0.01
421015,0.06
421200,0.24
421269,0.06
421272,0.13
421290,0.33
421323,0.21
421342,0.01
421349,0.06
421355,0.11
421356,0.19
421363,0.16
421365,0.15
421381,0.01
421383,0.05
421386,0.49
421394,0.01
421395,0.03
421399,0.04
421431,0.33
421467,0.17
421554,0.3
421557,0.14
421558,0.02
421562,0.07
421614,0.2
421690,0.01
421758,0.21
421776,0.21
421827,0.14
421828,0.01
421829,0.04
421848,0.0
421862,0.09
421863,0.07
421868,0.0
421884,0.13
421921,0.04
421924,0.16
421958,0.13
421961,0.01
421964,0.02
421968,0.04
421974,0.19
421975,0.0
421977,0.14
421978,0.39
421979,0.0
421980,0.11
421982,0.09
421985,0.19
421986,0.13
421987,0.05
421988,0.02
421989,0.16
421990,0.06
421991,0.17
421993,0.13
421994,0.08
421996,0.34
421997,0.0
421998,0.15
421999,0.16
422000,0.16
422001,0.06
422002,0.09
422004,0.3
422005,0.18
422007,0.16
422008,0.05
422010,0.2
422011,0.04
422012,0.03
422014,0.11
422015,0.23
422016,0.12
422017,0.03
422018,0.03
422019,0.16
422039,0.01
422041,0.03
422042,0.02
422043,0.03
422044,0.12
422045,0.12
422047,0.06
422048,0.01
422049,0.01
422050,0.03
422051,0.15
422053,0.06
422054,0.09
422055,0.14
422056,0.12
422057,0.06
422058,0.13
422059,0.15
422060,0.02
422063,0.12
422064,0.06
422065,0.07
422066,0.03
422067,0.07
422068,0.05
422069,0.18
422070,0.03
422071,0.03
422072,0.02
422074,0.19
422152,0.0
422210,0.2
422227,0.19
422308,0.16
422339,0.04
422368,0.13
422391,0.0
422407,0.3
422485,0.13
422491,0.09
422506,0.01
422508,0.16
422512,0.13
422513,0.0
422514,0.02
422518,0.05
422519,0.03
422523,0.12
422524,0.13
422525,0.0
422526,0.02
422527,0.02
422531,0.28
422533,0.03
422534,0.06
422536,0.04
422537,0.0
422538,0.22
422540,0.09
422541,0.21
422543,0.02
422544,0.28
422545,0.05
422546,0.02
422547,0.21
422548,0.31
422549,0.12
422550,0.04
422551,0.04
422552,0.07
422553,0.09
422554,0.3
422555,0.2
422556,0.0
422639,0.02
422667,0.19
422734,0.02
422748,0.1
422749,0.23
422796,0.07
422810,0.06
422839,0.27
422850,0.07
422891,0.13
422940,0.09
422962,0.14
422964,0.26
423009,0.19
423022,0.07
423041,0.25
423046,0.2
423052,0.02
423055,0.05
423061,0.17
423075,0.14
423076,0.01
423077,0.16
423081,0.13
423083,0.08
423087,0.13
423089,0.0
423091,0.07
423098,0.13
423105,0.18
423106,0.18
423107,0.02
423114,0.13
423116,0.06
423120,0.05
423121,0.17
423125,0.08
423132,0.08
423133,0.0
423134,0.19
423135,0.06
423137,0.11
423138,0.07
423139,0.08
423140,0.07
423141,0.14
423143,0.06
423144,0.09
423145,0.07
423146,0.11
423147,0.09
423148,0.15
423149,0.06
423150,0.11
423151,0.05
423152,0.01
423153,0.23
423154,0.03
423155,0.03
423156,0.11
423157,0.1
423158,0.04
423159,0.09
423228,0.25
423237,0.28
423386,0.3
423416,0.11
423417,0.01
423489,0.13
423503,0.21
423522,0.16
423571,0.05
423574,0.02
423580,0.26
423621,0.27
423622,0.16
423624,0.02
423629,0.05
423631,0.25
423648,0.05
423651,0.02
423652,0.06
423658,0.17
423663,0.03
423664,0.03
423665,0.14
423668,0.06
423670,0.15
423671,0.05
423672,0.1
423679,0.02
423681,0.17
423687,0.23
423688,0.16
423690,0.06
423691,0.03
423693,0.04
423696,0.16
423698,0.16
423699,0.28
423700,0.14
423701,0.09
423702,0.18
423703,0.06
423704,0.09
423706,0.1
423707,0.15
423708,0.04
423709,0.17
423710,0.15
423711,0.03
423712,0.1
423713,0.07
423714,0.47
423715,0.03
423717,0.15
423718,0.0
423719,0.09
423720,0.12
423721,0.09
423722,0.08
423723,0.15
423724,0.03
423726,0.07
423730,0.03
423734,0.01
423735,0.07
423736,0.04
423737,0.03
423738,0.04
423739,0.09
423740,0.03
423741,0.02
423742,0.07
423743,0.06
423746,0.04
423747,0.05
423748,0.14
423749,0.1
423750,0.22
423751,0.08
423752,0.04
423753,0.3
423754,0.11
423755,0.1
423756,0.09
423800,0.12
423894,0.04
423938,0.19
423939,0.23
423940,0.13
423947,0.0
423957,0.16
423959,0.13
423966,0.33
423968,0.03
423972,0.1
423978,0.15
423979,0.14
423982,0.17
423983,0.06
423986,0.09
423990,0.06
423993,0.02
423994,0.1
423996,0.0
423998,0.05
423999,0.05
424000,0.02
424001,0.07
424002,0.0
424003,0.03
424004,0.02
424005,0.09
424006,0.15
424007,0.11
424008,0.15
424009,0.12
424010,0.12
424011,0.02
424012,0.05
424013,0.15
424014,0.11
424015,0.07
424016,0.02
424161,0.17
424189,0.19
424192,0.07
424198,0.07
424202,0.14
424203,0.02
424207,0.15
424208,0.04
424211,0.04
424214,0.12
424215,0.08
424216,0.11
424220,0.03
424222,0.12
424223,0.05
424232,0.05
424234,0.02
424235,0.09
424236,0.05
424241,0.06
424244,0.1
424245,0.2
424246,0.0
424248,0.24
424249,0.09
424251,0.0
424252,0.03
424253,0.02
424254,0.09
424255,0.09
424256,0.04
424257,0.01
424258,0.15
424259,0.01
424260,0.08
424261,0.05
424262,0.02
424264,0.04
424265,0.08
424266,0.19
424267,0.0
424268,0.02
424270,0.22
424271,0.06
424272,0.06
424273,0.03
424274,0.08
424275,0.16
424320,0.17
424354,0.04
424359,0.09
424360,0.07
424361,0.24
424362,0.02
424363,0.04
424364,0.04
424365,0.04
424491,0.13
424576,0.05
424639,0.08
424640,0.0
424653,0.04
424672,0.21
424708,0.0
424724,0.06
424725,0.08
424734,0.25
424755,0.14
424758,0.2
424765,0.08
424770,0.17
424773,0.2
424780,0.04
424784,0.07
424791,0.11
424797,0.06
424800,0.04
424807,0.0
424809,0.04
424812,0.08
424813,0.12
424816,0.03
424817,0.02
424820,0.09
424822,0.08
424823,0.1
424825,0.1
424826,0.15
424827,0.01
424828,0.24
424830,0.03
424831,0.1
424832,0.18
424833,0.12
424834,0.01
424835,0.13
424836,0.16
424837,0.2
424838,0.04
424839,0.15
424840,0.06
424841,0.22
424843,0.03
424845,0.24
424846,0.01
424847,0.01
424848,0.13
424849,0.16
424850,0.39
424851,0.0
424852,0.03
424853,0.03
424854,0.1
424856,0.01
424857,0.1
424947,0.02
425037,0.23
425039,0.32
425096,0.02
425107,0.12
425156,0.09
425191,0.08
425192,0.03
425230,0.02
425231,0.2
425237,0.18
425281,0.1
425301,0.17
425306,0.22
425312,0.06
425313,0.01
425317,0.01
425326,0.12
425330,0.06
425336,0.2
425338,0.02
425343,0.26
425345,0.04
425360,0.1
425364,0.09
425368,0.06
425369,0.02
425371,0.07
425372,0.05
425373,0.11
425374,0.02
425376,0.16
425379,0.01
425380,0.02
425381,0.04
425382,0.07
425383,0.05
425384,0.16
425385,0.05
425388,0.15
425389,0.06
425390,0.08
425391,0.11
425392,0.14
425394,0.15
425395,0.26
425396,0.17
425397,0.01
425398,0.03
425399,0.03
425400,0.0
425403,0.03
425404,0.12
425405,0.03
425406,0.13
425407,0.18
425408,0.03
425409,0.03
425411,0.03
425412,0.08
425413,0.19
425414,0.15
425415,0.12
425416,0.07
425418,0.07
425419,0.01
425423,0.0
425424,0.09
425425,0.4
425426,0.16
425429,0.01
425430,0.0
425431,0.12
425432,0.01
425433,0.06
425434,0.02
425435,0.17
425437,0.01
425438,0.06
425439,0.09
425440,0.12
425441,0.07
425442,0.14
425444,0.06
425446,0.02
425447,0.08
425448,0.25
425449,0.13
425450,0.02
425451,0.03
425453,0.16
425454,0.18
425455,0.07
425456,0.09
425457,0.12
425458,0.22
425459,0.15
425460,0.0
425461,0.03
425462,0.0
425511,0.07
425601,0.01
425810,0.14
425824,0.06
425830,0.24
425835,0.1
425838,0.06
425865,0.16
425877,0.25
425904,0.08
425905,0.08
425906,0.07
425909,0.04
425911,0.15
425913,0.09
425923,0.09
425932,0.13
425938,0.01
425939,0.04
425943,0.0
425944,0.02
425945,0.02
425946,0.05
425948,0.02
425950,0.12
425952,0.05
425954,0.2
425955,0.03
425957,0.11
425958,0.05
425959,0.4
425960,0.32
425961,0.13
425962,0.05
425964,0.18
425965,0.02
425966,0.23
425967,0.09
425968,0.18
425969,0.1
425970,0.03
425971,0.12
425972,0.03
425976,0.21
426050,0.01
426051,0.22
426052,0.08
426053,0.03
426124,0.12
426132,0.15
426154,0.19
426192,0.02
426235,0.03
426297,0.05
426387,0.07
426396,0.04
426436,0.04
426437,0.06
426460,0.06
426466,0.15
426469,0.03
426510,0.2
426617,0.05
426630,0.04
426631,0.02
426650,0.07
426688,0.04
426691,0.01
426855,0.11
426873,0.41
426890,0.01
426891,0.07
426895,0.02
426928,0.32
426929,0.03
426955,0.21
426957,0.27
427007,0.17
427009,0.02
427021,0.17
427023,0.08
427032,0.04
427036,0.02
427040,0.03
427041,0.02
427042,0.14
427044,0.01
427048,0.11
427050,0.06
427054,0.03
427057,0.06
427058,0.04
427059,0.15
427060,0.19
427062,0.02
427063,0.15
427064,0.04
427065,0.03
427067,0.16
427069,0.0
427070,0.07
427071,0.09
427072,0.02
427073,0.03
427074,0.05
427075,0.04
427076,0.05
427077,0.26
427078,0.03
427079,0.1
427080,0.0
427081,0.11
427082,0.14
427088,0.24
427109,0.04
427110,0.22
427111,0.02
427114,0.06
427115,0.21
427120,0.0
427121,0.02
427122,0.27
427125,0.04
427126,0.0
427127,0.1
427128,0.02
427129,0.02
427130,0.1
427131,0.03
427132,0.0
427133,0.03
427134,0.01
427135,0.03
427137,0.16
427138,0.03
427139,0.0
427140,0.06
427142,0.02
427143,0.06
427144,0.06
427145,0.03
427146,0.04
427147,0.17
427148,0.03
427149,0.27
427150,0.05
427151,0.02
427152,0.02
427153,0.01
427154,0.26
427155,0.08
427156,0.1
427157,0.16
427158,0.13
427159,0.12
427160,0.03
427161,0.15
427162,0.31
427163,0.25
427164,0.05
427165,0.02
427254,0.06
427263,0.05
427324,0.17
427330,0.16
427379,0.04
427465,0.06
427485,0.22
427489,0.03
427505,0.05
427567,0.04
427575,0.3
427578,0.24
427589,0.47
427612,0.16
427615,0.04
427618,0.04
427620,0.09
427622,0.02
427627,0.11
427628,0.06
427632,0.02
427634,0.02
427635,0.1
427637,0.1
427639,0.26
427640,0.22
427641,0.04
427642,0.11
427643,0.08
427645,0.13
427646,0.06
427647,0.0
427649,0.06
427650,0.29
427652,0.23
427653,0.16
427654,0.11
427655,0.19
427656,0.01
427657,0.2
427658,0.06
427659,0.04
427660,0.04
427661,0.06
427662,0.04
427663,0.02
427664,0.03
427665,0.02
427666,0.0
427667,0.07
427668,0.16
427669,0.08
427671,0.39
427672,0.19
427673,0.03
427676,0.01
427677,0.01
427703,0.05
427738,0.06
427809,0.04
427881,0.05
427949,0.02
427985,0.3
428047,0.04
428054,0.52
428080,0.2
428143,0.16
428162,0.09
428166,0.01
428187,0.02
428188,0.05
428189,0.01
428195,0.0
428196,0.18
428198,0.11
428200,0.03
428201,0.15
428204,0.31
428206,0.12
428207,0.19
428208,0.16
428210,0.09
428211,0.04
428212,0.12
428213,0.02
428215,0.04
428217,0.04
428218,0.22
428219,0.04
428220,0.04
428222,0.12
428223,0.0
428224,0.03
428225,0.03
428227,0.04
428228,0.15
428229,0.15
428230,0.12
428231,0.0
428232,0.06
428233,0.09
428234,0.02
428235,0.46
428236,0.04
428237,0.27
428238,0.07
428240,0.0
428241,0.05
428242,0.01
428243,0.15
428244,0.21
428311,0.12
428312,0.02
428313,0.22
428314,0.06
428409,0.04
428416,0.03
428423,0.04
428424,0.14
428463,0.15
428485,0.26
428517,0.05
428518,0.07
428561,0.07
428565,0.02
428590,0.06
428597,0.02
428614,0.06
428616,0.28
428621,0.05
428626,0.08
428629,0.04
428636,0.26
428647,0.05
428654,0.03
428659,0.03
428686,0.01
428690,0.01
428701,0.07
428708,0.1
428714,0.05
428722,0.01
428729,0.0
428745,0.03
428751,0.01
428757,0.01
428764,0.06
428774,0.05
428778,0.05
428783,0.12
428789,0.03
428797,0.19
428799,0.13
428801,0.33
428804,0.04
428806,0.08
428813,0.03
428816,0.03
428821,0.13
428832,0.1
428839,0.0
428842,0.29
428850,0.23
428859,0.09
428871,0.01
428907,0.22
428913,0.05
428920,0.28
428924,0.03
428928,0.03
428930,0.03
428933,0.05
428938,0.05
428944,0.22
428948,0.13
428963,0.05
428975,0.22
428979,0.06
428982,0.34
428984,0.02
428987,0.03
429015,0.03
429018,0.23
429028,0.02
429035,0.33
429037,0.05
429042,0.0
429055,0.04
429066,0.01
429067,0.39
429069,0.0
429077,0.08
429078,0.09
429083,0.04
429091,0.2
429093,0.0
429094,0.07
429103,0.12
429109,0.07
429121,0.18
429129,0.01
429134,0.01
429138,0.07
429164,0.01
429173,0.11
429182,0.06
429190,0.05
429199,0.01
429219,0.19
429224,0.05
429226,0.16
429230,0.11
429239,0.07
429243,0.11
429256,0.07
429266,0.02
429269,0.16
429294,0.05
429295,0.2
429297,0.06
429299,0.05
429302,0.04
429305,0.17
429308,0.02
429314,0.12
429318,0.12
429348,0.01
429356,0.45
429359,0.16
429372,0.09
429373,0.14
429384,0.16
429385,0.14
429398,0.04
429405,0.2
429407,0.04
429408,0.04
429412,0.09
429414,0.23
429415,0.23
429421,0.19
429422,0.02
429430,0.06
429432,0.06
429440,0.17
429442,0.37
429451,0.51
429459,0.04
429469,0.0
429471,0.02
429482,0.02
429483,0.1
429491,0.07
429493,0.09
429496,0.13
429498,0.0
429501,0.08
429502,0.09
429508,0.1
429509,0.07
429511,0.27
429528,0.01
429531,0.28
429539,0.2
429549,0.17
429555,0.08
429557,0.04
429567,0.15
429570,0.06
429576,0.08
429590,0.0
429591,0.2
429597,0.09
429600,0.27
429602,0.01
429604,0.13
429623,0.03
429625,0.08
429626,0.04
429628,0.03
429634,0.06
429637,0.04
429666,0.04
429667,0.12
429670,0.05
429673,0.06
429678,0.03
429693,0.04
429702,0.01
429708,0.03
429737,0.11
429739,0.0
429740,0.02
429750,0.15
429770,0.06
429774,0.03
429777,0.06
429780,0.08
429809,0.02
429810,0.0
429831,0.03
429835,0.03
429838,0.13
429846,0.1
429851,0.18
429852,0.05
429856,0.02
429857,0.17
429866,0.16
429871,0.04
429873,0.09
429879,0.09
429882,0.05
429885,0.02
429890,0.09
429897,0.02
429933,0.06
429936,0.01
429948,0.02
429952,0.2
429967,0.02
429982,0.05
429989,0.1
430000,0.08
430003,0.0
430011,0.08
430019,0.06
430035,0.01
430042,0.14
430047,0.09
430048,0.15
430059,0.03
430060,0.19
430077,0.0
430080,0.2
430083,0.26
430086,0.11
430090,0.15
430103,0.01
430107,0.07
430114,0.01
430116,0.02
430124,0.06
430129,0.07
430132,0.15
430146,0.01
430155,0.05
430156,0.07
430160,0.03
430168,0.03
430170,0.08
430176,0.18
430177,0.26
430186,0.32
430187,0.02
430195,0.09
430198,0.28
430204,0.18
430210,0.03
430211,0.22
430213,0.17
430216,0.13
430217,0.08
430227,0.12
430253,0.11
430266,0.23
430274,0.1
430280,0.03
430300,0.04
430301,0.2
430309,0.02
430313,0.13
430316,0.05
430319,0.08
430332,0.17
430346,0.07
430357,0.11
430359,0.05
430368,0.06
430376,0.08
430383,0.09
430389,0.0
430393,0.19
430394,0.02
430404,0.09
430405,0.01
430407,0.24
430433,0.13
430445,0.0
430446,0.0
430451,0.1
430452,0.05
430459,0.06
430466,0.07
430467,0.09
430473,0.41
430477,0.03
430483,0.13
430512,0.06
430521,0.0
430524,0.03
430529,0.12
430533,0.02
430536,0.08
430538,0.01
430540,0.22
430548,0.04
430549,0.09
430550,0.13
430566,0.12
430574,0.03
430576,0.07
430582,0.13
430585,0.0
430625,0.0
430627,0.03
430629,0.08
430637,0.08
430639,0.05
430641,0.0
430656,0.02
430659,0.01
430661,0.01
430671,0.29
430672,0.13
430673,0.06
430674,0.09
430676,0.01
430691,0.05
430698,0.02
430699,0.17
430708,0.08
430719,0.06
430726,0.02
430728,0.25
430730,0.25
430731,0.08
430732,0.03
430738,0.08
430770,0.14
430782,0.13
430785,0.18
430786,0.08
430806,0.26
430818,0.27
430819,0.12
430820,0.08
430835,0.14
430836,0.06
430837,0.06
430838,0.07
430839,0.06
430847,0.27
430853,0.11
430856,0.0
430876,0.04
430886,0.0
430887,0.1
430889,0.04
430927,0.02
430931,0.12
430939,0.1
430942,0.01
430949,0.11
430957,0.04
430960,0.06
430961,0.04
430962,0.14
430973,0.06
430975,0.01
430976,0.08
430981,0.08
430992,0.03
431007,0.29
431010,0.13
431013,0.01
431023,0.02
431027,0.02
431044,0.05
431056,0.02
431058,0.01
431065,0.01
431077,0.15
431080,0.28
431082,0.01
431088,0.08
431095,0.22
431100,0.08
431106,0.05
431107,0.12
431110,0.04
431114,0.27
431138,0.05
431144,0.07
431162,0.08
431170,0.37
431171,0.06
431176,0.2
431203,0.1
431211,0.18
431212,0.1
431215,0.03
431238,0.29
431241,0.03
431244,0.05
431254,0.04
431263,0.13
431278,0.04
431285,0.04
431286,0.04
431298,0.07
431305,0.04
431315,0.39
431323,0.02
431325,0.0
431334,0.0
431358,0.23
431372,0.04
431373,0.04
431374,0.32
431377,0.1
431386,0.17
431388,0.27
431395,0.02
431396,0.03
431413,0.01
431416,0.06
431418,0.04
431431,0.16
431444,0.11
431449,0.21
431467,0.09
431469,0.0
431479,0.08
431480,0.03
431481,0.02
431488,0.04
431492,0.11
431496,0.12
431497,0.05
431508,0.08
431511,0.06
431517,0.23
431520,0.13
431538,0.1
431540,0.0
431543,0.31
431545,0.05
431560,0.01
431561,0.07
431584,0.15
431591,0.28
431593,0.13
431625,0.08
431630,0.16
431633,0.03
431635,0.0
431649,0.1
431650,0.06
431651,0.1
431652,0.08
431667,0.21
431668,0.34
431672,0.03
431675,0.29
431680,0.24
431682,0.04
431683,0.04
431693,0.03
431697,0.06
431726,0.3
431731,0.07
431732,0.06
431744,0.0
431750,0.01
431755,0.03
431756,0.04
431757,0.1
431765,0.1
431766,0.02
431768,0.03
431770,0.0
431773,0.01
431775,0.16
431777,0.19
431778,0.45
431801,0.18
431807,0.04
431810,0.02
431815,0.12
431816,0.01
431823,0.04
431831,0.11
431837,0.1
431841,0.2
431845,0.0
431854,0.22
431857,0.03
431865,0.13
431866,0.1
431867,0.1
431869,0.02
431889,0.09
431899,0.02
431903,0.09
431909,0.08
431914,0.08
431916,0.03
431918,0.28
431931,0.05
431940,0.02
431948,0.05
431962,0.09
431965,0.01
431974,0.0
431976,0.02
431987,0.01
431988,0.06
431995,0.09
431999,0.22
432003,0.01
432005,0.17
432009,0.13
432011,0.0
432022,0.4
432028,0.07
432030,0.01
432037,0.0
432065,0.1
432070,0.02
432075,0.24
432078,0.31
432080,0.07
432085,0.01
432092,0.02
432111,0.11
432112,0.0
432115,0.02
432117,0.1
432118,0.19
432129,0.13
432132,0.15
432133,0.02
432145,0.09
432146,0.02
432148,0.06
432156,0.04
432167,0.15
432169,0.01
432188,0.05
432192,0.2
432221,0.03
432226,0.08
432231,0.02
432247,0.02
432252,0.03
432254,0.02
432263,0.21
432265,0.06
432271,0.11
432280,0.05
432282,0.01
432284,0.02
432291,0.26
432296,0.07
432298,0.15
432301,0.06
432309,0.08
432312,0.05
432320,0.01
432324,0.0
432330,0.05
432339,0.01
432356,0.02
432357,0.01
432362,0.05
432365,0.05
432366,0.15
432370,0.09
432377,0.1
432384,0.09
432391,0.1
432405,0.03
432406,0.11
432414,0.26
432415,0.06
432417,0.01
432419,0.01
432424,0.02
432425,0.03
432432,0.14
432438,0.01
432441,0.0
432444,0.39
432446,0.46
432452,0.17
432454,0.05
432473,0.32
432482,0.22
432489,0.05
432492,0.24
432495,0.07
432501,0.19
432507,0.05
432509,0.39
432510,0.05
432522,0.05
432525,0.02
432526,0.23
432527,0.26
432532,0.0
432535,0.01
432544,0.02
432547,0.06
432551,0.07
432553,0.02
432555,0.01
432560,0.02
432569,0.14
432577,0.05
432585,0.07
432590,0.02
432591,0.04
432594,0.0
432607,0.14
432608,0.1
432609,0.06
432612,0.12
432613,0.01
432616,0.04
432618,0.31
432622,0.05
432626,0.11
432639,0.01
432640,0.09
432642,0.06
432648,0.12
432653,0.1
432661,0.21
432668,0.06
432682,0.13
432686,0.21
432693,0.02
432695,0.17
432696,0.1
432698,0.12
432699,0.06
432702,0.01
432707,0.09
432712,0.08
432719,0.03
432724,0.01
432728,0.18
432737,0.15
432745,0.21
432746,0.05
432749,0.3
432752,0.06
432758,0.02
432769,0.07
432770,0.06
432771,0.02
432788,0.06
432804,0.05
432807,0.33
432830,0.21
432831,0.09
432842,0.15
432849,0.11
432876,0.14
432886,0.07
432888,0.03
432897,0.0
432918,0.06
432919,0.16
432920,0.02
432921,0.02
432930,0.25
432932,0.08
432943,0.09
432944,0.12
432951,0.08
432952,0.03
432965,0.04
432969,0.01
432981,0.02
432985,0.01
432986,0.01
432988,0.08
432991,0.04
432992,0.04
433002,0.1
433018,0.17
433019,0.03
433021,0.0
433024,0.03
433031,0.03
433035,0.13
433047,0.4
433050,0.0
433051,0.01
433055,0.04
433058,0.11
433069,0.01
433079,0.06
433098,0.16
433099,0.01
433104,0.06
433112,0.02
433117,0.06
433119,0.0
433130,0.03
433132,0.15
433158,0.2
433159,0.01
433162,0.06
433166,0.13
433169,0.15
433173,0.01
433174,0.26
433183,0.15
433184,0.04
433198,0.04
433205,0.38
433221,0.08
433271,0.28
433274,0.04
433276,0.2
433281,0.09
433283,0.01
433296,0.04
433300,0.11
433304,0.04
433308,0.04
433312,0.0
433313,0.09
433319,0.0
433332,0.24
433342,0.12
433343,0.07
433344,0.07
433345,0.0
433347,0.15
433350,0.04
433355,0.31
433356,0.08
433359,0.03
433361,0.1
433363,0.08
433370,0.01
433371,0.04
433374,0.17
433384,0.1
433390,0.06
433392,0.01
433396,0.07
433403,0.05
433405,0.03
433408,0.31
433410,0.16
433411,0.07
433424,0.13
433431,0.01
433432,0.2
433440,0.02
433441,0.19
433451,0.13
433452,0.09
433459,0.05
433463,0.04
433464,0.04
433470,0.04
433480,0.16
433482,0.08
433485,0.03
433494,0.13
433495,0.13
433496,0.01
433505,0.04
433509,0.05
433515,0.08
433518,0.07
433519,0.27
433527,0.34
433532,0.09
433535,0.02
433539,0.13
433561,0.02
433564,0.32
433566,0.09
433574,0.02
433575,0.03
433584,0.24
433591,0.27
433596,0.13
433598,0.16
433602,0.08
433606,0.08
433611,0.04
433617,0.08
433620,0.22
433628,0.03
433631,0.23
433651,0.04
433653,0.09
433657,0.04
433661,0.04
433662,0.14
433663,0.04
433668,0.21
433670,0.06
433680,0.18
433686,0.28
433709,0.02
433725,0.16
433731,0.0
433735,0.2
433745,0.11
433748,0.02
433754,0.09
433762,0.14
433766,0.02
433767,0.01
433779,0.19
433783,0.05
433785,0.19
433789,0.0
433794,0.1
433799,0.02
433800,0.01
433804,0.1
433816,0.06
433820,0.16
433829,0.05
433837,0.04
433840,0.0
433842,0.1
433849,0.04
433853,0.07
433862,0.0
433872,0.05
433882,0.05
433892,0.06
433896,0.06
433906,0.15
433913,0.28
433914,0.02
433957,0.13
433958,0.19
433965,0.13
433976,0.08
433984,0.04
433995,0.13
433996,0.07
434006,0.31
434007,0.04
434009,0.06
434019,0.17
434024,0.07
434026,0.2
434027,0.03
434034,0.18
434036,0.0
434037,0.07
434046,0.12
434050,0.02
434051,0.0
434052,0.03
434055,0.17
434061,0.14
434064,0.06
434108,0.16
434109,0.22
434121,0.08
434122,0.11
434140,0.0
434151,0.08
434156,0.01
434157,0.09
434160,0.08
434164,0.03
434167,0.0
434169,0.04
434173,0.01
434176,0.08
434177,0.19
434179,0.1
434180,0.03
434183,0.06
434192,0.04
434205,0.02
434209,0.02
434212,0.13
434214,0.27
434216,0.07
434222,0.18
434223,0.02
434224,0.27
434259,0.22
434261,0.02
434263,0.22
434264,0.14
434282,0.03
434283,0.0
434293,0.32
434317,0.17
434322,0.0
434326,0.06
434327,0.06
434328,0.03
434336,0.04
434340,0.06
434342,0.24
434350,0.19
434355,0.05
434375,0.07
434387,0.12
434390,0.04
434391,0.0
434408,0.08
434410,0.08
434423,0.06
434439,0.29
434442,0.03
434445,0.28
434448,0.01
434460,0.09
434465,0.01
434467,0.18
434468,0.14
434501,0.15
434504,0.06
434505,0.17
434507,0.0
434514,0.02
434535,0.06
434538,0.38
434542,0.27
434545,0.21
434554,0.15
434556,0.13
434568,0.24
434569,0.08
434571,0.16
434574,0.25
434579,0.0
434599,0.14
434604,0.37
434606,0.02
434607,0.03
434608,0.01
434610,0.11
434615,0.17
434616,0.11
434619,0.11
434658,0.06
434669,0.02
434675,0.04
434678,0.01
434680,0.1
434690,0.14
434698,0.11
434702,0.04
434704,0.0
434722,0.06
434727,0.19
434730,0.04
434735,0.01
434739,0.05
434765,0.01
434767,0.27
434784,0.15
434787,0.11
434788,0.12
434789,0.0
434790,0.04
434791,0.04
434802,0.04
434806,0.06
434807,0.33
434808,0.24
434815,0.06
434816,0.25
434817,0.15
434818,0.3
434830,0.09
434918,0.09
434920,0.02
434921,0.04
434922,0.26
434937,0.04
434948,0.02
434949,0.25
434952,0.07
434954,0.09
434957,0.05
434968,0.02
434974,0.06
434982,0.1
434986,0.04
434993,0.02
434995,0.26
435005,0.11
435013,0.03
435027,0.0
435034,0.33
435056,0.13
435060,0.13
435062,0.3
435068,0.05
435069,0.14
435071,0.15
435079,0.04
435086,0.35
435092,0.06
435099,0.04
435100,0.08
435108,0.06
435118,0.04
435120,0.08
435129,0.12
435132,0.22
435138,0.02
435139,0.21
435142,0.08
435147,0.12
435148,0.05
435151,0.06
435153,0.04
435154,0.11
435164,0.17
435173,0.01
435174,0.19
435179,0.01
435199,0.04
435202,0.04
435203,0.14
435214,0.33
435217,0.03
435222,0.04
435229,0.31
435239,0.05
435248,0.14
435259,0.24
435260,0.05
435263,0.14
435264,0.08
435267,0.01
435274,0.11
435286,0.08
435296,0.02
435308,0.06
435328,0.15
435333,0.05
435363,0.03
435366,0.08
435375,0.02
435378,0.15
435400,0.08
435408,0.08
435409,0.0
435415,0.01
435419,0.19
435422,0.0
435428,0.29
435432,0.14
435434,0.22
435435,0.22
435440,0.12
435455,0.13
435464,0.09
435470,0.0
435475,0.17
435478,0.02
435480,0.27
435482,0.03
435490,0.01
435507,0.09
435509,0.05
435510,0.03
435519,0.07
435527,0.18
435533,0.07
435534,0.2
435535,0.05
435536,0.02
435540,0.11
435551,0.02
435562,0.41
435564,0.07
435585,0.03
435590,0.01
435609,0.0
435610,0.02
435611,0.01
435623,0.21
435681,0.21
435682,0.13
435683,0.04
435704,0.04
435711,0.14
435713,0.05
435714,0.04
435716,0.02
435717,0.22
435718,0.1
435719,0.04
435741,0.03
435765,0.12
435766,0.0
435767,0.04
435773,0.32
435802,0.01
435806,0.02
435807,0.15
435809,0.0
435811,0.21
435816,0.07
435823,0.1
435835,0.1
435848,0.14
435849,0.19
435858,0.03
435870,0.23
435874,0.18
435890,0.14
435892,0.0
435911,0.05
435915,0.01
435924,0.13
435937,0.0
435943,0.09
435958,0.03
435962,0.07
435965,0.32
435968,0.07
435997,0.02
435998,0.25
435999,0.01
436009,0.04
436021,0.05
436022,0.03
436026,0.13
436032,0.01
436037,0.01
436049,0.02
436058,0.04
436059,0.03
436062,0.18
436068,0.03
436079,0.12
436082,0.11
436083,0.2
436093,0.09
436098,0.03
436113,0.15
436127,0.13
436148,0.06
436152,0.13
436159,0.0
436165,0.03
436170,0.06
436174,0.05
436176,0.06
436183,0.01
436194,0.02
436196,0.09
436204,0.08
436207,0.15
436210,0.02
436219,0.3
436227,0.1
436230,0.05
436233,0.06
436235,0.24
436250,0.02
436260,0.12
436285,0.05
436291,0.03
436304,0.01
436307,0.32
436308,0.12
436311,0.15
436314,0.1
436322,0.08
436323,0.07
436339,0.1
436350,0.03
436358,0.05
436359,0.02
436363,0.02
436365,0.05
436369,0.02
436377,0.08
436378,0.17
436387,0.07
436394,0.16
436397,0.02
436399,0.25
436401,0.15
436404,0.12
436421,0.02
436422,0.15
436426,0.06
436430,0.04
436464,0.03
436471,0.0
436476,0.05
436478,0.08
436486,0.0
436497,0.07
436508,0.04
436509,0.12
436510,0.03
436511,0.31
436528,0.0
436531,0.09
436534,0.2
436535,0.17
436536,0.02
436537,0.03
436560,0.02
436562,0.29
436563,0.14
436564,0.27
436598,0.03
436599,0.09
436600,0.12
436637,0.08
436674,0.08
436706,0.03
436721,0.07
436722,0.05
436735,0.09
436747,0.14
436748,0.13
436750,0.08
436757,0.27
436767,0.07
436771,0.01
436781,0.05
436786,0.0
436799,0.03
436807,0.14
436812,0.02
436821,0.24
436835,0.03
436836,0.22
436846,0.03
436874,0.0
436880,0.23
436882,0.1
436885,0.06
436893,0.03
436894,0.01
436896,0.18
436902,0.05
436918,0.01
436921,0.04
436935,0.01
436955,0.01
436961,0.03
436963,0.07
436964,0.08
436970,0.03
436975,0.02
437005,0.14
437014,0.12
437020,0.11
437043,0.11
437045,0.13
437070,0.11
437078,0.02
437095,0.03
437097,0.08
437123,0.0
437127,0.01
437128,0.1
437130,0.05
437147,0.26
437156,0.01
437157,0.14
437160,0.13
437161,0.05
437169,0.15
437189,0.14
437196,0.26
437198,0.05
437200,0.01
437206,0.03
437211,0.07
437215,0.17
437218,0.06
437226,0.05
437229,0.1
437235,0.04
437244,0.01
437245,0.05
437246,0.06
437264,0.07
437266,0.0
437268,0.06
437269,0.03
437273,0.03
437275,0.2
437276,0.11
437302,0.02
437304,0.28
437305,0.01
437306,0.04
437334,0.0
437335,0.17
437336,0.05
437338,0.12
437343,0.52
437356,0.09
437357,0.03
437358,0.07
437359,0.01
437360,0.27
437393,0.04
437397,0.19
437403,0.18
437409,0.06
437426,0.13
437430,0.3
437446,0.26
437459,0.03
437461,0.07
437462,0.05
437463,0.03
437475,0.05
437478,0.05
437480,0.02
437482,0.17
437486,0.04
437491,0.11
437492,0.12
437493,0.14
437496,0.14
437510,0.01
437515,0.05
437516,0.09
437519,0.0
437522,0.22
437524,0.01
437532,0.06
437538,0.03
437546,0.11
437551,0.07
437553,0.25
437556,0.09
437573,0.23
437575,0.19
437584,0.1
437591,0.19
437592,0.05
437595,0.06
437602,0.0
437610,0.06
437611,0.03
437621,0.07
437622,0.03
437624,0.12
437630,0.2
437631,0.13
437636,0.08
437666,0.0
437672,0.27
437676,0.01
437687,0.06
437689,0.36
437706,0.28
437712,0.06
437735,0.07
437757,0.08
437763,0.14
437790,0.07
437791,0.01
437795,0.09
437803,0.06
437810,0.01
437811,0.15
437813,0.08
437820,0.02
437823,0.06
437832,0.0
437841,0.07
437852,0.12
437858,0.16
437862,0.06
437892,0.08
437896,0.13
437903,0.21
437905,0.02
437911,0.3
437913,0.03
437918,0.04
437922,0.06
437933,0.07
437936,0.04
437945,0.05
437966,0.08
437967,0.07
437972,0.05
437977,0.18
437984,0.34
437996,0.01
437997,0.02
437999,0.07
438001,0.01
438004,0.04
438007,0.12
438029,0.0
438031,0.01
438034,0.08
438038,0.17
438054,0.06
438058,0.02
438064,0.02
438065,0.1
438074,0.06
438084,0.11
438088,0.15
438089,0.0
438090,0.13
438117,0.1
438118,0.07
438151,0.09
438152,0.09
438153,0.1
438154,0.05
438167,0.1
438187,0.08
438192,0.34
438195,0.16
438196,0.42
438220,0.11
438223,0.3
438229,0.07
438256,0.03
438258,0.24
438260,0.11
438264,0.15
438273,0.08
438306,0.16
438307,0.08
438308,0.1
438309,0.01
438310,0.24
438341,0.15
438348,0.0
438349,0.01
438364,0.02
438368,0.07
438380,0.15
438382,0.01
438402,0.09
438404,0.15
438408,0.18
438410,0.23
438429,0.02
438434,0.06
438435,0.05
438437,0.04
438438,0.03
438444,0.13
438471,0.1
438506,0.08
438521,0.02
438524,0.22
438525,0.1
438534,0.11
438541,0.0
438546,0.02
438547,0.13
438564,0.01
438568,0.0
438570,0.02
438578,0.04
438582,0.21
438587,0.16
438604,0.04
438620,0.08
438621,0.01
438624,0.05
438634,0.24
438644,0.1
438645,0.06
438651,0.08
438659,0.2
438660,0.03
438662,0.06
438668,0.0
438673,0.06
438677,0.16
438683,0.28
438687,0.13
438700,0.18
438713,0.04
438714,0.01
438715,0.06
438717,0.04
438721,0.12
438738,0.07
438749,0.01
438750,0.01
438756,0.06
438771,0.01
438777,0.08
438781,0.07
438783,0.23
438786,0.29
438792,0.03
438802,0.11
438808,0.01
438814,0.07
438829,0.12
438846,0.04
438851,0.04
438856,0.42
438858,0.19
438861,0.0
438862,0.19
438876,0.14
438880,0.04
438891,0.22
438896,0.21
438898,0.15
438904,0.15
438908,0.09
438921,0.05
438923,0.08
438929,0.1
438942,0.03
438950,0.13
438979,0.4
438994,0.05
438995,0.03
438996,0.01
439002,0.08
439013,0.02
439015,0.15
439017,0.01
439029,0.02
439047,0.29
439048,0.03
439049,0.18
439050,0.11
439061,0.08
439065,0.12
439069,0.1
439070,0.15
439071,0.14
439072,0.25
439073,0.09
439076,0.01
439077,0.05
439078,0.04
439089,0.08
439095,0.02
439113,0.07
439122,0.01
439127,0.15
439153,0.03
439154,0.11
439157,0.0
439197,0.01
439205,0.29
439207,0.16
439209,0.02
439213,0.06
439218,0.13
439222,0.06
439229,0.08
439233,0.05
439235,0.06
439236,0.05
439239,0.07
439248,0.09
439255,0.14
439265,0.06
439266,0.21
439268,0.02
439270,0.01
439276,0.3
439285,0.01
439294,0.08
439296,0.01
439299,0.21
439310,0.03
439319,0.08
439320,0.03
439325,0.08
439327,0.03
439328,0.01
439334,0.05
439335,0.21
439339,0.06
439343,0.02
439353,0.07
439356,0.08
439374,0.02
439391,0.13
439400,0.21
439405,0.18
439413,0.05
439448,0.08
439451,0.19
439455,0.1
439468,0.15
439472,0.04
439473,0.13
439477,0.03
439483,0.01
439484,0.0
439501,0.09
439505,0.04
439512,0.13
439515,0.13
439525,0.11
439535,0.1
439539,0.03
439548,0.37
439549,0.19
439550,0.08
439551,0.07
439558,0.0
439562,0.01
439566,0.02
439571,0.04
439587,0.02
439591,0.06
439595,0.14
439611,0.13
439614,0.09
439618,0.19
439620,0.19
439626,0.06
439633,0.01
439657,0.08
439660,0.06
439661,0.05
439666,0.07
439673,0.06
439675,0.04
439705,0.08
439707,0.1
439720,0.09
439727,0.09
439733,0.0
439736,0.05
439737,0.14
439746,0.1
439755,0.12
439763,0.1
439765,0.15
439766,0.05
439768,0.07
439774,0.11
439779,0.04
439781,0.37
439784,0.1
439808,0.07
439816,0.03
439818,0.06
439820,0.0
439824,0.08
439830,0.13
439839,0.0
439841,0.13
439845,0.02
439874,0.09
439875,0.03
439879,0.03
439882,0.07
439883,0.28
439900,0.01
439901,0.05
439906,0.11
439909,0.17
439911,0.19
439914,0.01
439936,0.09
439937,0.19
439945,0.07
439950,0.09
439955,0.09
439956,0.04
439971,0.08
439977,0.13
439984,0.24
439985,0.03
439990,0.03
439994,0.11
440003,0.0
440030,0.03
440042,0.1
440048,0.14
440054,0.22
440073,0.09
440074,0.16
440080,0.05
440082,0.02
440085,0.23
440088,0.06
440091,0.03
440100,0.01
440103,0.0
440113,0.29
440119,0.06
440127,0.01
440130,0.0
440131,0.07
440135,0.04
440139,0.03
440147,0.04
440156,0.16
440158,0.04
440162,0.04
440163,0.15
440176,0.01
440181,0.04
440191,0.0
440192,0.14
440215,0.0
440219,0.13
440222,0.07
440238,0.02
440239,0.17
440244,0.04
440245,0.01
440252,0.04
440266,0.04
440267,0.21
440281,0.17
440283,0.05
440292,0.05
440307,0.01
440309,0.01
440313,0.01
440315,0.03
440320,0.02
440332,0.0
440336,0.02
440338,0.09
440342,0.11
440350,0.1
440352,0.05
440356,0.11
440359,0.02
440384,0.05
440395,0.15
440396,0.07
440397,0.09
440401,0.07
440408,0.23
440411,0.12
440425,0.14
440439,0.01
440451,0.28
440460,0.2
440463,0.22
440473,0.06
440479,0.01
440497,0.15
440506,0.02
440509,0.08
440518,0.01
440528,0.1
440536,0.15
440543,0.1
440561,0.0
440562,0.11
440566,0.15
440572,0.14
440574,0.2
440585,0.08
440592,0.06
440601,0.07
440606,0.08
440632,0.07
440643,0.04
440653,0.08
440669,0.11
440682,0.01
440691,0.05
440701,0.02
440706,0.08
440708,0.01
440714,0.36
440721,0.16
440723,0.18
440750,0.0
440759,0.18
440773,0.05
440792,0.22
440793,0.06
440798,0.19
440804,0.05
440819,0.11
440827,0.2
440851,0.1
440861,0.01
440862,0.06
440868,0.02
440874,0.06
440877,0.16
440883,0.03
440884,0.1
440886,0.02
440900,0.2
440902,0.06
440904,0.1
440910,0.13
440913,0.03
440915,0.27
440923,0.08
440924,0.05
440927,0.06
440936,0.1
440968,0.08
440973,0.04
440975,0.04
440979,0.24
440986,0.1
440987,0.01
440995,0.02
440998,0.18
441000,0.05
441004,0.03
441007,0.16
441014,0.2
441026,0.24
441032,0.17
441042,0.01
441051,0.11
441060,0.1
441061,0.06
441081,0.18
441082,0.07
441085,0.04
441087,0.06
441089,0.05
441091,0.04
441095,0.1
441114,0.1
441128,0.1
441138,0.22
441154,0.03
441156,0.12
441157,0.3
441175,0.12
441183,0.08
441189,0.03
441207,0.0
441209,0.07
441217,0.16
441228,0.02
441229,0.0
441239,0.05
441244,0.06
441256,0.03
441275,0.04
441278,0.03
441284,0.01
441288,0.05
441293,0.11
441294,0.16
441297,0.39
441298,0.03
441304,0.05
441316,0.01
441318,0.04
441351,0.17
441354,0.14
441363,0.07
441373,0.26
441375,0.04
441382,0.02
441385,0.08
441388,0.14
441392,0.42
441402,0.21
441413,0.14
441417,0.34
441427,0.04
441437,0.09
441453,0.2
441458,0.07
441459,0.08
441463,0.0
441466,0.01
441475,0.04
441479,0.04
441497,0.12
441501,0.08
441509,0.06
441513,0.17
441546,0.06
441547,0.08
441563,0.32
441565,0.05
441567,0.02
441576,0.26
441577,0.08
441578,0.13
441597,0.07
441607,0.08
441609,0.01
441611,0.03
441613,0.03
441622,0.1
441637,0.02
441638,0.1
441652,0.0
441660,0.09
441667,0.19
441671,0.07
441672,0.02
441675,0.17
441679,0.07
441700,0.25
441701,0.03
441711,0.0
441725,0.01
441732,0.02
441741,0.04
441743,0.1
441761,0.03
441763,0.03
441766,0.05
441778,0.19
441780,0.1
441782,0.06
441785,0.07
441796,0.04
441808,0.09
441809,0.19
441811,0.02
441825,0.03
441828,0.18
441835,0.17
441860,0.14
441865,0.02
441871,0.05
441874,0.03
441876,0.01
441885,0.06
441896,0.01
441908,0.23
441913,0.01
441921,0.17
441926,0.02
441936,0.01
441941,0.11
441947,0.02
441957,0.1
441961,0.12
441969,0.03
441979,0.12
441986,0.07
441987,0.01
441996,0.08
441997,0.01
441998,0.12
442001,0.06
442002,0.06
442003,0.04
442010,0.02
442013,0.12
442015,0.18
442026,0.06
442030,0.03
442032,0.09
442033,0.38
442039,0.12
442049,0.09
442054,0.15
442060,0.01
442065,0.15
442067,0.13
442074,0.08
442076,0.18
442080,0.09
442085,0.03
442093,0.05
442100,0.04
442123,0.11
442124,0.26
442128,0.09
442149,0.21
442151,0.15
442157,0.18
442158,0.04
442159,0.01
442161,0.06
442179,0.02
442187,0.06
442190,0.04
442195,0.0
442199,0.05
442233,0.04
442234,0.37
442235,0.0
442250,0.0
442256,0.05
442258,0.17
442264,0.23
442280,0.05
442288,0.0
442290,0.02
442293,0.18
442299,0.18
442303,0.17
442306,0.01
442308,0.0
442312,0.13
442315,0.05
442320,0.16
442321,0.13
442328,0.17
442331,0.29
442359,0.01
442361,0.02
442366,0.04
442368,0.03
442372,0.05
442378,0.05
442392,0.17
442393,0.02
442399,0.02
442401,0.23
442404,0.16
442405,0.05
442438,0.04
442442,0.11
442451,0.11
442452,0.03
442458,0.02
442461,0.07
442464,0.03
442468,0.08
442479,0.11
442484,0.05
442504,0.1
442505,0.03
442513,0.02
442520,0.0
442527,0.07
442539,0.06
442540,0.05
442541,0.03
442555,0.02
442577,0.32
442586,0.05
442588,0.01
442613,0.2
442616,0.2
442622,0.07
442626,0.02
442627,0.07
442641,0.01
442647,0.04
442653,0.16
442656,0.02
442662,0.11
442672,0.01
442682,0.08
442684,0.09
442685,0.02
442698,0.17
442709,0.02
442716,0.07
442718,0.16
442723,0.11
442724,0.16
442737,0.08
442742,0.23
442743,0.01
442746,0.18
442766,0.03
442767,0.09
442769,0.0
442792,0.11
442797,0.1
442799,0.12
442804,0.04
442807,0.12
442816,0.29
442819,0.08
442826,0.16
442831,0.17
442846,0.18
442854,0.05
442861,0.04
442862,0.01
442870,0.16
442875,0.11
442890,0.03
442891,0.22
442896,0.02
442897,0.08
442902,0.12
442903,0.09
442905,0.03
442915,0.23
442937,0.05
442947,0.33
442949,0.12
442954,0.08
442972,0.07
443012,0.06
443018,0.11
443029,0.1
443031,0.02
443033,0.02
443035,0.26
443039,0.0
443040,0.15
443051,0.18
443062,0.09
443069,0.19
443080,0.05
443081,0.18
443090,0.11
443092,0.02
443106,0.02
443119,0.13
443134,0.08
443161,0.09
443170,0.11
443177,0.06
443189,0.04
443193,0.11
443199,0.12
443212,0.18
443226,0.2
443230,0.01
443239,0.03
443241,0.03
443244,0.0
443249,0.03
443253,0.08
443262,0.01
443264,0.44
443266,0.04
443274,0.03
443283,0.05
443295,0.0
443304,0.05
443313,0.08
443317,0.0
443324,0.02
443339,0.01
443344,0.12
443345,0.04
443352,0.06
443355,0.11
443356,0.16
443360,0.13
443364,0.27
443368,0.0
443375,0.12
443380,0.23
443391,0.12
443392,0.02
443397,0.09
443403,0.1
443406,0.23
443420,0.1
443431,0.03
443441,0.04
443456,0.09
443457,0.33
443459,0.05
443460,0.07
443471,0.02
443474,0.08
443486,0.18
443487,0.04
443490,0.09
443492,0.27
443495,0.15
443505,0.03
443512,0.09
443555,0.02
443576,0.15
443582,0.0
443583,0.0
443585,0.02
443588,0.01
443592,0.02
443596,0.11
443597,0.04
443606,0.05
443607,0.04
443608,0.15
443611,0.03
443612,0.03
443618,0.16
443623,0.06
443632,0.06
443633,0.1
443634,0.0
443637,0.02
443638,0.39
443669,0.02
443672,0.05
443685,0.02
443686,0.0
443694,0.01
443695,0.17
443697,0.31
443700,0.07
443734,0.27
443738,0.11
443742,0.03
443759,0.1
443760,0.13
443770,0.04
443776,0.0
443788,0.0
443791,0.1
443792,0.01
443803,0.07
443808,0.12
443832,0.05
443842,0.05
443847,0.03
443853,0.01
443854,0.29
443868,0.11
443873,0.05
443879,0.02
443883,0.1
443891,0.08
443908,0.04
443910,0.18
443918,0.03
443927,0.04
443935,0.12
443965,0.13
443974,0.04
443984,0.07
443986,0.23
443991,0.01
443996,0.0
444008,0.0
444014,0.03
444015,0.01
444016,0.04
444018,0.15
444053,0.07
444058,0.17
444065,0.04
444069,0.05
444082,0.03
444087,0.0
444089,0.05
444093,0.11
444104,0.05
444113,0.04
444118,0.09
444122,0.0
444123,0.07
444128,0.12
444136,0.01
444152,0.12
444155,0.12
444182,0.0
444183,0.03
444185,0.03
444213,0.03
444229,0.03
444231,0.04
444234,0.04
444240,0.03
444249,0.04
444265,0.25
444268,0.12
444271,0.04
444278,0.02
444279,0.05
444283,0.16
444285,0.1
444291,0.12
444297,0.06
444313,0.09
444318,0.05
444322,0.05
444333,0.02
444334,0.02
444359,0.05
444367,0.05
444369,0.09
444370,0.17
444376,0.03
444384,0.04
444387,0.07
444406,0.09
444409,0.12
444412,0.07
444418,0.12
444420,0.29
444424,0.01
444429,0.0
444432,0.06
444434,0.01
444440,0.05
444444,0.09
444450,0.02
444456,0.02
444457,0.01
444461,0.21
444504,0.2
444515,0.1
444516,0.15
444517,0.02
444519,0.05
444540,0.18
444573,0.08
444581,0.03
444582,0.0
444602,0.45
444605,0.03
444611,0.02
444614,0.05
444622,0.05
444624,0.15
444625,0.05
444639,0.07
444658,0.11
444673,0.13
444696,0.0
444719,0.06
444729,0.06
444737,0.03
444743,0.1
444758,0.04
444764,0.01
444780,0.0
444789,0.08
444795,0.01
444811,0.16
444814,0.0
444825,0.02
444831,0.06
444832,0.0
444835,0.05
444840,0.07
444841,0.06
444842,0.07
444846,0.1
444849,0.07
444867,0.01
444876,0.1
444893,0.09
444896,0.07
444897,0.04
444907,0.06
444908,0.0
444932,0.04
444933,0.08
444936,0.0
444941,0.03
444942,0.1
444950,0.03
444956,0.01
444965,0.01
444966,0.27
444970,0.04
444971,0.2
444978,0.01
444982,0.21
444984,0.02
444986,0.01
445001,0.12
445016,0.03
445027,0.07
445029,0.01
445032,0.01
445037,0.07
445043,0.07
445044,0.05
445047,0.27
445052,0.21
445073,0.15
445075,0.0
445076,0.12
445092,0.14
445095,0.04
445106,0.05
445110,0.1
445123,0.03
445124,0.05
445141,0.14
445151,0.07
445160,0.16
445161,0.06
445164,0.12
445165,0.05
445169,0.01
445175,0.4
445178,0.09
445182,0.18
445183,0.0
445192,0.0
445193,0.02
445200,0.01
445202,0.03
445203,0.0
445207,0.1
445245,0.05
445256,0.07
445282,0.06
445294,0.09
445300,0.33
445316,0.04
445331,0.06
445332,0.03
445343,0.0
445345,0.16
445346,0.02
445354,0.1
445355,0.38
445356,0.04
445366,0.17
445369,0.11
445390,0.05
445392,0.14
445398,0.1
445401,0.02
445417,0.07
445427,0.0
445465,0.08
445469,0.01
445472,0.01
445475,0.25
445483,0.04
445484,0.16
445493,0.15
445496,0.19
445504,0.01
445505,0.16
445507,0.02
445531,0.39
445536,0.01
445544,0.03
445559,0.09
445580,0.01
445589,0.02
445591,0.04
445595,0.04
445601,0.09
445612,0.1
445639,0.07
445656,0.06
445666,0.03
445682,0.08
445686,0.03
445700,0.07
445713,0.25
445716,0.15
445725,0.01
445728,0.05
445731,0.01
445742,0.04
445743,0.33
445755,0.02
445766,0.02
445781,0.4
445798,0.09
445799,0.12
445801,0.08
445810,0.03
445813,0.07
445822,0.09
445824,0.02
445826,0.16
445828,0.14
445829,0.04
445838,0.04
445840,0.06
445845,0.04
445847,0.06
445849,0.11
445852,0.04
445853,0.11
445856,0.11
445863,0.01
445864,0.32
445871,0.22
445907,0.1
445908,0.02
445917,0.04
445919,0.07
445925,0.03
445930,0.08
445938,0.03
445943,0.09
445946,0.01
445948,0.18
445970,0.02
445972,0.05
445974,0.4
445976,0.03
445979,0.12
445993,0.07
446001,0.22
446004,0.1
446025,0.04
446026,0.02
446046,0.1
446048,0.19
446055,0.04
446064,0.09
446068,0.06
446078,0.05
446094,0.0
446096,0.1
446120,0.15
446131,0.13
446139,0.17
446157,0.01
446179,0.1
446180,0.13
446186,0.08
446189,0.23
446200,0.03
446208,0.25
446210,0.12
446214,0.02
446226,0.08
446229,0.08
446237,0.0
446247,0.06
446256,0.02
446273,0.08
446286,0.08
446296,0.01
446302,0.11
446310,0.04
446315,0.02
446319,0.2
446320,0.23
446322,0.11
446356,0.3
446374,0.04
446375,0.02
446406,0.01
446407,0.03
446426,0.04
446428,0.04
446431,0.07
446433,0.02
446437,0.09
446441,0.11
446452,0.04
446464,0.07
446466,0.1
446468,0.1
446469,0.15
446472,0.41
446476,0.09
446478,0.02
446485,0.05
446499,0.07
446503,0.08
446504,0.02
446509,0.27
446512,0.15
446525,0.0
446534,0.0
446535,0.04
446543,0.05
446546,0.05
446550,0.27
446555,0.08
446560,0.0
446564,0.01
446572,0.03
446593,0.18
446616,0.12
446617,0.18
446625,0.03
446626,0.14
446631,0.15
446643,0.01
446647,0.27
446652,0.03
446655,0.14
446657,0.23
446663,0.15
446665,0.25
446676,0.04
446684,0.15
446694,0.02
446699,0.02
446702,0.06
446713,0.11
446720,0.08
446724,0.08
446728,0.11
446730,0.01
446738,0.17
446742,0.03
446743,0.05
446744,0.09
446750,0.05
446759,0.05
446760,0.22
446772,0.03
446786,0.09
446799,0.2
446800,0.13
446803,0.24
446812,0.21
446813,0.19
446815,0.0
446816,0.08
446832,0.13
446845,0.05
446846,0.12
446847,0.06
446850,0.05
446851,0.22
446855,0.05
446856,0.02
446867,0.04
446877,0.22
446880,0.06
446885,0.01
446892,0.01
446905,0.13
446909,0.27
446924,0.02
446935,0.05
446944,0.05
446945,0.06
446949,0.01
446952,0.07
446957,0.03
446961,0.07
446979,0.02
446980,0.17
446987,0.02
446991,0.09
447001,0.0
447013,0.14
447014,0.07
447023,0.1
447062,0.0
447072,0.05
447082,0.21
447084,0.09
447087,0.02
447092,0.06
447106,0.05
447107,0.2
447112,0.01
447147,0.13
447160,0.18
447176,0.07
447184,0.04
447188,0.0
447190,0.13
447191,0.06
447198,0.0
447199,0.08
447200,0.18
447202,0.04
447209,0.22
447210,0.09
447228,0.36
447230,0.02
447235,0.0
447246,0.2
447248,0.11
447263,0.06
447265,0.06
447272,0.0
447285,0.2
447293,0.24
447305,0.01
447312,0.06
447326,0.04
447327,0.03
447361,0.02
447367,0.2
447381,0.01
447387,0.06
447390,0.21
447391,0.12
447416,0.25
447419,0.02
447420,0.03
447422,0.08
447425,0.07
447444,0.15
447458,0.06
447460,0.0
447467,0.14
447479,0.1
447482,0.05
447496,0.09
447504,0.0
447507,0.02
447519,0.0
447522,0.0
447528,0.11
447529,0.03
447532,0.13
447540,0.21
447543,0.16
447546,0.08
447554,0.03
447571,0.01
447575,0.02
447591,0.04
447599,0.24
447600,0.18
447601,0.1
447606,0.06
447607,0.03
447618,0.14
447621,0.01
447633,0.05
447638,0.02
447642,0.03
447644,0.0
447654,0.11
447670,0.01
447671,0.08
447672,0.1
447674,0.13
447676,0.02
447692,0.11
447696,0.22
447698,0.22
447704,0.03
447705,0.05
447708,0.09
447709,0.21
447715,0.04
447727,0.01
447736,0.04
447742,0.02
447743,0.14
447745,0.07
447748,0.3
447751,0.43
447752,0.09
447796,0.01
447810,0.02
447812,0.05
447814,0.33
447815,0.07
447816,0.06
447817,0.28
447835,0.13
447842,0.19
447844,0.05
447862,0.19
447865,0.03
447868,0.16
447873,0.05
447876,0.0
447881,0.14
447882,0.23
447883,0.05
447904,0.01
447907,0.18
447915,0.18
447931,0.07
447945,0.08
447947,0.12
447958,0.02
447967,0.03
447968,0.11
447972,0.34
447975,0.07
447976,0.17
447978,0.03
447983,0.03
447993,0.11
447998,0.14
448001,0.26
448005,0.25
448007,0.12
448011,0.14
448012,0.05
448016,0.08
448030,0.21
448039,0.07
448040,0.08
448045,0.07
448046,0.08
448051,0.22
448084,0.06
448091,0.28
448100,0.18
448125,0.22
448143,0.14
448146,0.1
448150,0.08
448160,0.23
448163,0.03
448165,0.04
448182,0.01
448185,0.09
448188,0.0
448189,0.1
448209,0.16
448210,0.14
448218,0.0
448224,0.2
448241,0.04
448243,0.07
448244,0.0
448245,0.13
448254,0.11
448278,0.15
448279,0.08
448282,0.2
448284,0.04
448285,0.34
448301,0.12
448302,0.25
448305,0.12
448317,0.09
448330,0.18
448335,0.07
448338,0.04
448340,0.02
448341,0.09
448347,0.42
448350,0.07
448353,0.03
448361,0.12
448370,0.07
448380,0.17
448400,0.07
448411,0.15
448412,0.21
448417,0.05
448420,0.1
448422,0.17
448424,0.04
448447,0.17
448459,0.07
448464,0.1
448470,0.16
448490,0.0
448494,0.02
448500,0.29
448515,0.01
448522,0.11
448526,0.17
448536,0.39
448548,0.06
448566,0.08
448573,0.0
448584,0.03
448585,0.05
448597,0.05
448599,0.11
448601,0.05
448604,0.14
448606,0.09
448610,0.05
448642,0.07
448660,0.04
448669,0.07
448674,0.13
448675,0.01
448678,0.01
448690,0.0
448693,0.07
448695,0.16
448700,0.16
448703,0.0
448704,0.23
448707,0.01
448720,0.39
448727,0.2
448728,0.12
448734,0.07
448746,0.09
448755,0.01
448760,0.25
448770,0.03
448778,0.12
448788,0.03
448790,0.12
448801,0.07
448805,0.03
448806,0.0
448812,0.01
448817,0.41
448834,0.08
448837,0.33
448838,0.1
448853,0.11
448856,0.08
448868,0.05
448876,0.02
448909,0.29
448917,0.22
448919,0.12
448922,0.23
448931,0.08
448935,0.04
448937,0.02
448940,0.09
448948,0.18
448958,0.03
448967,0.22
448968,0.02
448973,0.17
448993,0.03
449000,0.15
449011,0.17
449015,0.11
449030,0.09
449035,0.03
449040,0.01
449045,0.01
449060,0.08
449081,0.06
449082,0.06
449087,0.25
449095,0.05
449105,0.03
449110,0.03
449117,0.08
449126,0.19
449134,0.04
449141,0.04
449148,0.14
449155,0.03
449158,0.09
449160,0.03
449178,0.24
449180,0.31
449183,0.03
449186,0.03
449193,0.07
449196,0.05
449203,0.02
449213,0.09
449214,0.05
449215,0.0
449216,0.06
449224,0.02
449227,0.15
449230,0.0
449233,0.19
449253,0.08
449254,0.02
449264,0.33
449289,0.28
449302,0.04
449308,0.04
449314,0.03
449322,0.19
449323,0.11
449364,0.08
449368,0.02
449391,0.04
449403,0.05
449408,0.09
449409,0.04
449412,0.02
449424,0.08
449427,0.02
449462,0.17
449465,0.14
449469,0.1
449475,0.03
449476,0.07
449483,0.01
449484,0.16
449487,0.03
449492,0.0
449499,0.17
449502,0.08
449506,0.09
449508,0.08
449514,0.01
449517,0.09
449534,0.07
449540,0.02
449543,0.09
449545,0.06
449548,0.22
449555,0.08
449556,0.12
449558,0.01
449566,0.07
449574,0.19
449576,0.04
449578,0.01
449581,0.18
449586,0.06
449591,0.02
449594,0.06
449599,0.08
449606,0.04
449615,0.03
449616,0.17
449625,0.05
449633,0.04
449636,0.38
449637,0.16
449642,0.01
449683,0.16
449684,0.03
449711,0.05
449713,0.02
449716,0.14
449741,0.03
449745,0.07
449747,0.07
449756,0.02
449759,0.06
449760,0.04
449768,0.07
449773,0.11
449775,0.01
449780,0.04
449788,0.18
449792,0.04
449802,0.17
449812,0.2
449815,0.25
449818,0.05
449820,0.1
449821,0.03
449822,0.14
449831,0.01
449837,0.12
449855,0.09
449857,0.04
449865,0.05
449866,0.09
449871,0.07
449873,0.03
449874,0.11
449877,0.01
449881,0.08
449889,0.02
449893,0.01
449894,0.13
449897,0.13
449900,0.01
449910,0.03
449924,0.17
449928,0.15
449932,0.21
449942,0.02
449947,0.03
449955,0.11
449972,0.08
449984,0.23
450004,0.06
450027,0.05
450029,0.0
450035,0.06
450038,0.01
450042,0.4
450044,0.13
450060,0.08
450065,0.07
450076,0.06
450081,0.26
450083,0.11
450096,0.06
450102,0.02
450107,0.13
450109,0.18
450110,0.06
450111,0.01
450114,0.02
450117,0.05
450118,0.17
450124,0.12
450141,0.2
450145,0.04
450148,0.04
450169,0.02
450172,0.12
450173,0.07
450180,0.04
450182,0.0
450190,0.0
450200,0.09
450216,0.07
450221,0.06
450227,0.27
450229,0.08
450233,0.12
450244,0.08
450251,0.5
450260,0.05
450266,0.38
450267,0.05
450272,0.04
450280,0.16
450287,0.02
450290,0.06
450291,0.44
450303,0.05
450310,0.0
450311,0.11
450358,0.09
450373,0.05
450376,0.13
450383,0.21
450395,0.12
450398,0.28
450412,0.08
450415,0.13
450420,0.02
450421,0.18
450427,0.05
450428,0.03
450429,0.03
450433,0.0
450443,0.06
450453,0.0
450454,0.0
450458,0.08
450464,0.11
450469,0.09
450475,0.09
450478,0.24
450498,0.05
450501,0.2
450503,0.08
450513,0.31
450523,0.06
450530,0.11
450537,0.09
450543,0.15
450554,0.05
450555,0.03
450558,0.07
450568,0.01
450569,0.02
450580,0.0
450581,0.07
450588,0.0
450589,0.16
450602,0.06
450603,0.02
450621,0.05
450626,0.31
450640,0.01
450641,0.15
450644,0.16
450658,0.07
450672,0.27
450685,0.05
450687,0.22
450689,0.14
450690,0.07
450693,0.02
450699,0.02
450706,0.16
450708,0.17
450710,0.02
450716,0.09
450722,0.19
450752,0.13
450759,0.32
450763,0.18
450767,0.02
450768,0.2
450772,0.03
450778,0.14
450781,0.03
450788,0.04
450792,0.04
450817,0.01
450820,0.04
450835,0.33
450848,0.21
450853,0.14
450865,0.03
450878,0.03
450883,0.0
450885,0.18
450896,0.01
450897,0.15
450898,0.19
450904,0.05
450908,0.16
450917,0.05
450921,0.01
450923,0.14
450926,0.13
450929,0.05
450937,0.13
450963,0.1
450971,0.17
450973,0.08
450978,0.17
450982,0.05
450995,0.2
450997,0.01
451033,0.11
451035,0.07
451037,0.17
451039,0.03
451063,0.08
451079,0.04
451081,0.02
451083,0.02
451100,0.12
451101,0.03
451104,0.03
451109,0.04
451119,0.05
451124,0.03
451126,0.05
451146,0.1
451155,0.01
451156,0.0
451160,0.29
451163,0.0
451168,0.03
451175,0.14
451184,0.09
451189,0.0
451206,0.13
451208,0.01
451225,0.01
451226,0.02
451228,0.28
451230,0.16
451235,0.04
451239,0.02
451242,0.05
451247,0.18
451248,0.04
451255,0.04
451261,0.06
451270,0.11
451277,0.11
451278,0.05
451282,0.1
451283,0.08
451302,0.05
451310,0.08
451315,0.11
451328,0.01
451330,0.06
451331,0.38
451338,0.01
451342,0.07
451347,0.02
451350,0.07
451351,0.05
451354,0.04
451358,0.04
451370,0.08
451379,0.26
451383,0.01
451390,0.11
451391,0.04
451392,0.11
451412,0.03
451422,0.03
451429,0.0
451432,0.08
451437,0.06
451442,0.02
451455,0.06
451457,0.23
451464,0.2
451472,0.06
451474,0.05
451488,0.16
451512,0.03
451516,0.16
451519,0.13
451528,0.02
451531,0.01
451551,0.09
451564,0.01
451570,0.06
451571,0.06
451575,0.05
451576,0.15
451582,0.1
451586,0.07
451587,0.28
451594,0.1
451596,0.04
451600,0.22
451615,0.09
451616,0.19
451646,0.19
451648,0.14
451650,0.02
451651,0.05
451662,0.14
451675,0.03
451680,0.05
451682,0.09
451688,0.06
451691,0.08
451698,0.04
451703,0.12
451709,0.09
451714,0.26
451716,0.03
451719,0.01
451724,0.17
451726,0.16
451733,0.01
451743,0.02
451747,0.06
451756,0.01
451761,0.12
451762,0.16
451768,0.0
451785,0.02
451805,0.05
451811,0.09
451817,0.03
451823,0.11
451831,0.0
451840,0.22
451845,0.09
451852,0.2
451855,0.06
451856,0.06
451871,0.02
451873,0.05
451897,0.03
451907,0.05
451908,0.18
451919,0.0
451932,0.01
451934,0.17
451935,0.11
451936,0.01
451938,0.03
451954,0.02
451958,0.24
451976,0.13
451977,0.01
451983,0.28
452000,0.08
452023,0.04
452024,0.05
452028,0.05
452039,0.04
452043,0.02
452047,0.01
452067,0.16
452069,0.08
452071,0.0
452096,0.23
452101,0.12
452107,0.19
452108,0.07
452109,0.1
452123,0.03
452127,0.07
452131,0.27
452133,0.0
452136,0.14
452137,0.05
452142,0.12
452147,0.15
452158,0.05
452172,0.05
452190,0.08
452191,0.06
452192,0.02
452195,0.0
452209,0.09
452237,0.02
452239,0.0
452242,0.09
452246,0.01
452249,0.09
452263,0.06
452267,0.05
452273,0.02
452274,0.07
452291,0.1
452310,0.17
452319,0.08
452325,0.18
452328,0.09
452330,0.14
452332,0.05
452337,0.04
452353,0.21
452356,0.1
452368,0.02
452379,0.05
452380,0.33
452396,0.09
452398,0.05
452401,0.0
452408,0.04
452409,0.15
452414,0.12
452418,0.08
452422,0.22
452430,0.16
452432,0.04
452451,0.1
452455,0.05
452495,0.01
452497,0.25
452511,0.09
452514,0.02
452522,0.16
452529,0.1
452530,0.25
452542,0.1
452545,0.01
452558,0.01
452592,0.26
452604,0.03
452616,0.02
452619,0.07
452620,0.03
452630,0.0
452644,0.2
452658,0.05
452663,0.06
452668,0.0
452672,0.14
452679,0.07
452685,0.08
452690,0.2
452701,0.16
452702,0.08
452708,0.11
452714,0.12
452718,0.15
452731,0.0
452733,0.2
452741,0.07
452748,0.24
452750,0.08
452753,0.08
452759,0.08
452767,0.04
452768,0.19
452788,0.02
452802,0.05
452807,0.17
452819,0.03
452820,0.03
452821,0.1
452840,0.04
452851,0.04
452861,0.07
452865,0.02
452871,0.05
452882,0.08
452903,0.02
452906,0.27
452907,0.33
452914,0.07
452929,0.01
452931,0.22
452932,0.08
452948,0.07
452950,0.05
452963,0.01
452974,0.01
452982,0.17
452984,0.09
452994,0.11
452995,0.02
452998,0.01
453003,0.28
453021,0.04
453040,0.11
453042,0.11
453052,0.1
453056,0.06
453066,0.06
453067,0.0
453072,0.04
453085,0.06
453093,0.1
453094,0.02
453100,0.0
453101,0.07
453107,0.08
453110,0.11
453111,0.31
453113,0.0
453114,0.07
453124,0.04
453129,0.04
453142,0.15
453145,0.11
453152,0.06
453159,0.06
453168,0.07
453196,0.0
453212,0.04
453214,0.06
453215,0.06
453220,0.03
453230,0.13
453233,0.09
453235,0.14
453244,0.03
453248,0.24
453262,0.0
453268,0.04
453283,0.0
453284,0.03
453287,0.08
453299,0.07
453314,0.08
453322,0.01
453349,0.07
453354,0.11
453356,0.17
453359,0.09
453366,0.03
453367,0.23
453372,0.01
453378,0.33
453390,0.03
453397,0.03
453403,0.07
453406,0.31
453412,0.09
453415,0.33
453428,0.11
453431,0.01
453442,0.11
453449,0.06
453465,0.03
453473,0.37
453476,0.02
453479,0.0
453480,0.01
453481,0.05
453493,0.14
453494,0.09
453507,0.34
453509,0.04
453514,0.09
453524,0.1
453534,0.12
453538,0.03
453544,0.19
453549,0.0
453550,0.16
453551,0.08
453556,0.05
453560,0.13
453566,0.04
453569,0.1
453579,0.06
453582,0.04
453586,0.28
453618,0.02
453620,0.02
453655,0.28
453659,0.04
453668,0.28
453681,0.04
453686,0.08
453687,0.14
453704,0.06
453707,0.06
453708,0.0
453709,0.14
453715,0.04
453721,0.13
453725,0.0
453727,0.05
453747,0.17
453753,0.05
453755,0.07
453761,0.03
453763,0.02
453766,0.05
453774,0.07
453781,0.36
453790,0.04
453797,0.28
453808,0.23
453814,0.14
453836,0.16
453837,0.01
453843,0.06
453844,0.08
453871,0.01
453881,0.09
453892,0.12
453893,0.03
453894,0.02
453895,0.03
453903,0.05
453906,0.05
453918,0.11
453924,0.06
453930,0.12
453940,0.04
453944,0.17
453947,0.32
453949,0.23
453952,0.23
453959,0.2
453971,0.06
453986,0.2
453988,0.05
453989,0.06
453999,0.25
454007,0.16
454021,0.07
454023,0.4
454036,0.11
454046,0.13
454052,0.09
454066,0.04
454070,0.21
454071,0.09
454075,0.25
454080,0.02
454085,0.01
454097,0.04
454103,0.05
454105,0.08
454108,0.03
454109,0.14
454137,0.04
454150,0.07
454155,0.1
454164,0.07
454165,0.01
454170,0.09
454173,0.05
454181,0.07
454183,0.12
454188,0.07
454192,0.03
454198,0.37
454200,0.03
454209,0.05
454211,0.32
454212,0.08
454218,0.12
454220,0.07
454231,0.03
454242,0.0
454245,0.01
454261,0.02
454269,0.1
454271,0.04
454287,0.07
454293,0.22
454296,0.02
454304,0.25
454313,0.05
454315,0.18
454321,0.07
454333,0.15
454334,0.05
454345,0.07
454347,0.04
454361,0.19
454380,0.03
454382,0.22
454386,0.23
454390,0.05
454396,0.08
454398,0.14
454403,0.04
454405,0.04
454406,0.03
454412,0.17
454418,0.12
454436,0.19
454443,0.19
454449,0.13
454457,0.13
454466,0.05
454471,0.21
454476,0.33
454489,0.21
454493,0.2
454495,0.08
454497,0.05
454522,0.02
454554,0.05
454557,0.04
454560,0.02
454561,0.0
454563,0.05
454565,0.05
454566,0.09
454578,0.01
454605,0.0
454608,0.16
454612,0.03
454618,0.09
454622,0.09
454631,0.16
454638,0.07
454639,0.07
454640,0.19
454653,0.19
454663,0.11
454664,0.18
454674,0.21
454678,0.13
454680,0.09
454687,0.07
454690,0.04
454698,0.28
454700,0.05
454707,0.07
454714,0.02
454722,0.14
454723,0.05
454739,0.21
454745,0.01
454763,0.09
454765,0.03
454774,0.05
454778,0.02
454780,0.04
454781,0.08
454789,0.02
454801,0.02
454802,0.08
454835,0.26
454837,0.07
454841,0.07
454872,0.22
454878,0.02
454884,0.01
454891,0.19
454897,0.02
454908,0.02
454912,0.07
454922,0.04
454929,0.06
454935,0.06
454946,0.05
454959,0.09
454970,0.02
454991,0.07
455002,0.1
455005,0.22
455016,0.14
455021,0.12
455022,0.05
455024,0.16
455044,0.12
455050,0.03
455055,0.1
455056,0.03
455067,0.09
455069,0.02
455082,0.06
455087,0.02
455088,0.06
455112,0.05
455126,0.07
455132,0.0
455135,0.1
455148,0.02
455156,0.13
455161,0.03
455162,0.33
455164,0.14
455171,0.13
455174,0.04
455175,0.09
455184,0.39
455188,0.01
455200,0.21
455209,0.14
455212,0.07
455217,0.06
455222,0.0
455223,0.0
455228,0.1
455243,0.15
455246,0.09
455255,0.21
455262,0.08
455268,0.07
455277,0.16
455281,0.2
455296,0.03
455297,0.02
455322,0.03
455326,0.31
455327,0.21
455328,0.02
455368,0.0
455374,0.07
455377,0.04
455378,0.02
455379,0.1
455395,0.02
455424,0.08
455425,0.02
455429,0.03
455434,0.25
455436,0.06
455438,0.12
455439,0.1
455440,0.01
455441,0.01
455481,0.0
455482,0.05
455483,0.06
455484,0.07
455489,0.03
455490,0.1
455513,0.46
455515,0.05
455536,0.01
455537,0.17
455538,0.02
455539,0.07
455567,0.38
455583,0.25
455607,0.06
455636,0.21
455638,0.0
455640,0.2
455644,0.0
455645,0.04
455648,0.08
455650,0.06
455658,0.05
455694,0.09
455695,0.06
455696,0.02
455703,0.2
455742,0.01
455748,0.06
455749,0.12
455750,0.14
455751,0.06
455752,0.07
455787,0.08
455798,0.06
455802,0.06
455803,0.15
455804,0.13
455805,0.01
455829,0.01
455840,0.09
455849,0.0
455850,0.11
455852,0.1
455854,0.14
455863,0.04
455897,0.06
455902,0.05
455907,0.01
455908,0.09
455909,0.11
455940,0.04
455955,0.16
455958,0.07
455959,0.2
455960,0.04
455961,0.12
455962,0.08
455963,0.01
455965,0.0
456007,0.14
456008,0.03
456009,0.06
456010,0.1
456011,0.04
456013,0.19
456028,0.08
456058,0.35
456111,0.16
456114,0.25
456115,0.05
456116,0.02
456119,0.03
456120,0.11
456122,0.05
456123,0.0
456166,0.08
456167,0.08
456168,0.03
456169,0.04
456170,0.05
456189,0.09
456202,0.11
456221,0.05
456222,0.02
456223,0.02
456224,0.02
456250,0.08
