SK_ID_CURR,TARGET
100001,0.07
100005,0.1
100013,0.04
100028,0.09
100038,0.15
100042,0.05
100057,0.0
100065,0.04
100066,0.03
100067,0.16
100074,0.04
100090,0.07
100091,0.12
100092,0.16
100106,0.01
100107,0.33
100109,0.06
100117,0.05
100128,0.24
100141,0.09
100150,0.04
100168,0.02
100169,0.16
100170,0.2
100171,0.05
100172,0.04
100184,0.09
100187,0.06
100212,0.05
100222,0.03
100223,0.02
100232,0.04
100241,0.19
100245,0.05
100253,0.05
100256,0.06
100271,0.08
100278,0.19
100280,0.05
100306,0.11
100311,0.11
100312,0.09
100330,0.17
100331,0.03
100352,0.09
100358,0.13
100367,0.0
100382,0.14
100384,0.27
100385,0.03
100386,0.06
100399,0.07
100404,0.07
100416,0.05
100422,0.0
100426,0.02
100438,0.05
100444,0.08
100445,0.11
100446,0.13
100447,0.02
100450,0.08
100466,0.02
100483,0.01
100484,0.05
100494,0.02
100510,0.09
100512,0.13
100517,0.12
100548,0.01
100551,0.16
100552,0.08
100553,0.1
100561,0.41
100568,0.25
100569,0.04
100591,0.1
100592,0.03
100602,0.01
100607,0.07
100613,0.06
100617,0.18
100618,0.07
100622,0.16
100625,0.11
100677,0.24
100699,0.02
100702,0.23
100711,0.05
100729,0.09
100740,0.11
100744,0.08
100745,0.04
100747,0.09
100751,0.19
100752,0.08
100753,0.24
100754,0.29
100760,0.04
100762,0.09
100763,0.05
100765,0.04
100770,0.13
100772,0.06
100777,0.11
100791,0.04
100792,0.05
100797,0.02
100823,0.1
100826,0.01
100830,0.11
100836,0.1
100872,0.09
100910,0.21
100913,0.28
100918,0.12
100931,0.02
100952,0.06
100953,0.01
100965,0.28
100970,0.02
100982,0.13
100983,0.29
100984,0.14
100987,0.18
100997,0.08
100998,0.24
101002,0.11
101005,0.14
101008,0.21
101020,0.08
101021,0.03
101024,0.06
101025,0.13
101026,0.05
101031,0.02
101041,0.03
101051,0.01
101055,0.12
101056,0.21
101057,0.02
101064,0.06
101079,0.13
101087,0.05
101090,0.2
101092,0.04
101097,0.11
101099,0.02
101107,0.02
101118,0.04
101125,0.12
101126,0.0
101128,0.05
101136,0.15
101140,0.17
101149,0.02
101160,0.08
101169,0.15
101181,0.12
101186,0.13
101190,0.04
101193,0.14
101194,0.17
101198,0.17
101200,0.15
101204,0.0
101211,0.04
101213,0.08
101223,0.04
101225,0.13
101237,0.19
101243,0.08
101244,0.17
101258,0.03
101259,0.21
101268,0.27
101269,0.13
101271,0.05
101279,0.01
101281,0.32
101287,0.12
101292,0.06
101294,0.09
101296,0.05
101297,0.03
101299,0.16
101301,0.05
101305,0.11
101308,0.24
101318,0.02
101327,0.12
101329,0.05
101332,0.02
101337,0.0
101343,0.04
101345,0.02
101346,0.0
101353,0.01
101354,0.23
101355,0.19
101356,0.01
101362,0.06
101363,0.16
101365,0.08
101366,0.03
101367,0.2
101368,0.05
101374,0.17
101380,0.02
101383,0.08
101398,0.04
101399,0.22
101401,0.09
101412,0.22
101426,0.02
101427,0.4
101428,0.17
101429,0.04
101434,0.03
101440,0.25
101448,0.04
101449,0.07
101465,0.08
101467,0.03
101472,0.06
101478,0.17
101497,0.1
101504,0.05
101547,0.03
101548,0.05
101555,0.14
101570,0.02
101572,0.06
101578,0.06
101580,0.12
101588,0.07
101602,0.06
101610,0.23
101614,0.03
101616,0.1
101643,0.12
101644,0.04
101649,0.11
101650,0.08
101665,0.04
101667,0.1
101669,0.28
101674,0.08
101675,0.01
101678,0.08
101682,0.09
101686,0.04
101697,0.14
101700,0.28
101711,0.02
101714,0.1
101715,0.29
101728,0.01
101732,0.02
101757,0.15
101758,0.1
101759,0.03
101762,0.08
101764,0.22
101780,0.24
101784,0.04
101789,0.02
101816,0.01
101819,0.2
101827,0.02
101863,0.05
101867,0.02
101870,0.02
101873,0.08
101878,0.06
101879,0.25
101880,0.08
101887,0.06
101897,0.01
101901,0.12
101903,0.32
101920,0.08
101921,0.03
101922,0.11
101961,0.14
101962,0.06
101971,0.13
101976,0.17
102002,0.15
102005,0.0
102007,0.18
102017,0.05
102019,0.24
102029,0.01
102051,0.12
102052,0.03
102054,0.08
102062,0.09
102067,0.09
102068,0.25
102070,0.01
102090,0.11
102092,0.04
102099,0.07
102100,0.13
102112,0.04
102113,0.02
102122,0.13
102123,0.11
102125,0.07
102126,0.29
102146,0.05
102147,0.06
102151,0.08
102158,0.11
102159,0.04
102162,0.07
102165,0.06
102166,0.01
102174,0.06
102193,0.19
102198,0.05
102205,0.12
102206,0.04
102218,0.02
102221,0.0
102230,0.07
102238,0.17
102248,0.07
102252,0.19
102259,0.04
102262,0.22
102273,0.12
102286,0.1
102293,0.04
102294,0.1
102296,0.16
102298,0.09
102303,0.01
102309,0.07
102315,0.17
102340,0.07
102342,0.15
102344,0.0
102346,0.15
102347,0.06
102374,0.17
102380,0.01
102387,0.03
102393,0.05
102403,0.05
102413,0.01
102414,0.05
102415,0.1
102416,0.17
102439,0.05
102441,0.04
102443,0.04
102444,0.2
102445,0.07
102448,0.08
102449,0.15
102450,0.17
102456,0.04
102458,0.07
102459,0.1
102465,0.25
102470,0.35
102471,0.02
102475,0.08
102476,0.16
102506,0.06
102509,0.04
102519,0.01
102522,0.13
102545,0.14
102549,0.09
102562,0.03
102563,0.01
102568,0.08
102582,0.03
102592,0.05
102597,0.16
102605,0.07
102614,0.07
102617,0.2
102634,0.1
102652,0.1
102655,0.06
102671,0.04
102694,0.2
102701,0.06
102703,0.0
102704,0.02
102713,0.06
102720,0.15
102731,0.02
102733,0.04
102749,0.02
102755,0.13
102763,0.08
102770,0.09
102772,0.15
102799,0.1
102838,0.01
102854,0.02
102862,0.26
102863,0.04
102867,0.03
102868,0.01
102878,0.04
102887,0.05
102898,0.35
102904,0.09
102912,0.07
102919,0.01
102927,0.13
102932,0.04
102933,0.02
102935,0.02
102958,0.0
102969,0.24
102971,0.01
102975,0.19
102979,0.04
102982,0.01
102987,0.3
102989,0.13
102995,0.08
102996,0.1
103000,0.05
103001,0.28
103004,0.03
103010,0.03
103025,0.28
103029,0.09
103046,0.02
103056,0.08
103062,0.05
103078,0.04
103083,0.04
103092,0.13
103096,0.02
103097,0.16
103102,0.2
103112,0.27
103132,0.03
103144,0.12
103145,0.17
103146,0.04
103147,0.14
103158,0.13
103171,0.13
103173,0.1
103184,0.03
103195,0.18
103196,0.06
103206,0.03
103230,0.26
103231,0.17
103232,0.03
103239,0.07
103240,0.07
103243,0.06
103252,0.12
103258,0.04
103259,0.16
103279,0.05
103280,0.0
103286,0.13
103287,0.29
103290,0.0
103298,0.03
103315,0.07
103319,0.01
103334,0.15
103336,0.04
103345,0.12
103368,0.01
103371,0.22
103377,0.04
103398,0.02
103404,0.09
103408,0.26
103410,0.01
103418,0.06
103420,0.25
103432,0.05
103433,0.02
103436,0.04
103440,0.05
103453,0.02
103459,0.08
103460,0.05
103461,0.03
103462,0.04
103473,0.34
103474,0.09
103475,0.21
103478,0.06
103480,0.1
103484,0.03
103494,0.21
103513,0.11
103515,0.07
103516,0.15
103525,0.1
103541,0.24
103544,0.02
103562,0.31
103570,0.15
103572,0.07
103574,0.02
103575,0.07
103591,0.08
103594,0.03
103609,0.09
103613,0.12
103614,0.14
103615,0.15
103624,0.09
103625,0.21
103628,0.16
103629,0.02
103647,0.08
103648,0.03
103651,0.03
103658,0.12
103668,0.11
103669,0.01
103676,0.07
103682,0.03
103683,0.3
103689,0.03
103725,0.14
103733,0.17
103744,0.15
103762,0.14
103771,0.21
103773,0.0
103783,0.04
103784,0.12
103808,0.07
103812,0.02
103813,0.08
103814,0.0
103818,0.1
103824,0.01
103828,0.01
103830,0.15
103840,0.0
103842,0.09
103847,0.14
103848,0.13
103851,0.07
103854,0.25
103857,0.11
103861,0.04
103862,0.14
103865,0.04
103870,0.04
103876,0.0
103891,0.3
103908,0.0
103914,0.12
103918,0.1
103940,0.04
103963,0.12
103966,0.13
103971,0.05
103980,0.05
103984,0.1
103985,0.04
103998,0.25
104019,0.02
104026,0.04
104035,0.04
104044,0.06
104045,0.16
104047,0.23
104051,0.11
104058,0.02
104063,0.02
104066,0.17
104087,0.05
104089,0.02
104095,0.11
104098,0.03
104104,0.02
104110,0.28
104120,0.1
104122,0.13
104131,0.03
104132,0.2
104135,0.03
104136,0.06
104149,0.02
104150,0.12
104156,0.23
104165,0.06
104175,0.05
104179,0.07
104184,0.3
104206,0.04
104216,0.25
104230,0.05
104257,0.01
104272,0.09
104273,0.09
104278,0.02
104294,0.13
104295,0.05
104297,0.08
104298,0.23
104308,0.03
104318,0.04
104319,0.1
104320,0.09
104327,0.14
104334,0.14
104344,0.07
104350,0.07
104351,0.09
104354,0.2
104369,0.22
104376,0.05
104381,0.07
104384,0.09
104391,0.04
104394,0.03
104398,0.12
104402,0.02
104408,0.05
104409,0.03
104410,0.34
104412,0.09
104417,0.21
104424,0.12
104426,0.02
104435,0.1
104445,0.03
104458,0.03
104460,0.07
104466,0.03
104472,0.24
104473,0.08
104479,0.0
104480,0.03
104482,0.07
104499,0.06
104501,0.03
104502,0.02
104506,0.05
104510,0.02
104512,0.24
104520,0.15
104528,0.05
104529,0.02
104541,0.13
104578,0.01
104584,0.15
104588,0.18
104602,0.16
104610,0.04
104611,0.18
104618,0.11
104620,0.05
104622,0.02
104624,0.09
104625,0.13
104634,0.18
104639,0.07
104646,0.03
104647,0.1
104652,0.07
104670,0.1
104677,0.02
104685,0.2
104691,0.04
104696,0.04
104699,0.02
104712,0.08
104714,0.03
104717,0.04
104718,0.04
104740,0.07
104741,0.01
104743,0.05
104744,0.1
104747,0.28
104767,0.03
104772,0.1
104776,0.19
104779,0.09
104814,0.0
104815,0.11
104830,0.02
104831,0.26
104833,0.06
104839,0.08
104840,0.04
104860,0.06
104861,0.07
104866,0.12
104870,0.07
104877,0.06
104878,0.06
104879,0.06
104880,0.06
104899,0.04
104906,0.09
104907,0.08
104913,0.15
104916,0.16
104921,0.03
104930,0.02
104931,0.21
104936,0.03
104937,0.07
104942,0.02
104943,0.08
104969,0.06
104972,0.31
104988,0.04
105013,0.02
105015,0.09
105019,0.29
105027,0.04
105030,0.01
105035,0.27
105041,0.07
105051,0.24
105056,0.06
105067,0.18
105071,0.04
105072,0.0
105074,0.05
105091,0.09
105101,0.03
105103,0.03
105134,0.04
105139,0.0
105142,0.32
105146,0.07
105163,0.15
105168,0.07
105172,0.06
105176,0.34
105195,0.12
105196,0.22
105197,0.05
105203,0.06
105223,0.08
105227,0.37
105228,0.02
105230,0.15
105231,0.17
105239,0.03
105242,0.1
105244,0.09
105245,0.02
105248,0.09
105249,0.04
105266,0.12
105271,0.15
105276,0.02
105282,0.09
105292,0.12
105297,0.03
105332,0.03
105333,0.17
105343,0.14
105344,0.13
105345,0.1
105357,0.1
105359,0.11
105366,0.13
105367,0.1
105370,0.06
105377,0.12
105390,0.01
105399,0.04
105403,0.15
105404,0.02
105414,0.03
105417,0.1
105425,0.16
105452,0.23
105454,0.24
105456,0.06
105470,0.02
105471,0.06
105483,0.19
105493,0.26
105508,0.02
105514,0.09
105515,0.02
105528,0.13
105529,0.03
105531,0.02
105532,0.06
105558,0.02
105574,0.0
105578,0.01
105584,0.29
105595,0.13
105617,0.48
105618,0.06
105621,0.07
105625,0.03
105629,0.1
105630,0.05
105634,0.06
105635,0.0
105641,0.15
105647,0.4
105648,0.1
105655,0.07
105657,0.02
105672,0.02
105678,0.15
105682,0.14
105691,0.03
105692,0.07
105706,0.03
105712,0.1
105720,0.07
105734,0.05
105735,0.04
105736,0.11
105737,0.02
105738,0.04
105740,0.24
105744,0.1
105747,0.02
105749,0.16
105754,0.02
105758,0.07
105760,0.08
105767,0.27
105784,0.09
105791,0.06
105802,0.18
105807,0.14
105809,0.21
105816,0.13
105817,0.05
105824,0.01
105832,0.04
105856,0.1
105865,0.07
105899,0.18
105906,0.08
105916,0.04
105923,0.12
105937,0.07
105965,0.15
105966,0.06
105968,0.09
105973,0.08
105976,0.1
105978,0.12
105979,0.04
105991,0.1
105998,0.18
105999,0.0
106000,0.21
106001,0.02
106010,0.39
106011,0.07
106013,0.05
106015,0.04
106026,0.03
106032,0.01
106035,0.17
106040,0.07
106041,0.2
106044,0.04
106053,0.22
106054,0.02
106065,0.03
106081,0.11
106083,0.05
106087,0.01
106090,0.11
106101,0.11
106102,0.27
106109,0.11
106116,0.13
106150,0.03
106155,0.09
106166,0.09
106176,0.04
106189,0.04
106199,0.05
106205,0.16
106206,0.2
106211,0.09
106214,0.12
106216,0.08
106217,0.05
106225,0.13
106249,0.04
106256,0.16
106258,0.14
106261,0.13
106262,0.22
106264,0.06
106271,0.0
106276,0.01
106277,0.11
106286,0.06
106293,0.07
106295,0.05
106296,0.06
106297,0.04
106298,0.01
106311,0.12
106314,0.03
106320,0.05
106334,0.05
106346,0.05
106347,0.07
106349,0.06
106354,0.08
106360,0.05
106373,0.08
106377,0.1
106386,0.12
106387,0.04
106391,0.06
106401,0.25
106411,0.09
106413,0.32
106426,0.25
106427,0.21
106428,0.17
106434,0.04
106438,0.05
106440,0.02
106441,0.09
106452,0.18
106453,0.12
106454,0.06
106457,0.01
106484,0.02
106488,0.06
106491,0.25
106514,0.23
106527,0.08
106528,0.08
106529,0.07
106534,0.27
106550,0.31
106577,0.06
106585,0.1
106590,0.01
106607,0.02
106610,0.17
106611,0.05
106612,0.11
106624,0.02
106631,0.0
106647,0.17
106660,0.13
106674,0.04
106687,0.04
106712,0.03
106713,0.05
106717,0.09
106720,0.17
106721,0.24
106724,0.1
106735,0.08
106739,0.1
106740,0.02
106754,0.17
106760,0.15
106761,0.08
106784,0.11
106787,0.02
106797,0.01
106798,0.12
106802,0.02
106803,0.12
106804,0.23
106805,0.05
106810,0.06
106812,0.17
106813,0.11
106817,0.09
106822,0.15
106823,0.05
106827,0.03
106841,0.11
106851,0.19
106852,0.26
106853,0.16
106854,0.28
106861,0.0
106873,0.04
106877,0.02
106878,0.01
106881,0.07
106900,0.1
106906,0.08
106907,0.33
106914,0.1
106916,0.08
106924,0.03
106931,0.08
106936,0.09
106937,0.23
106938,0.01
106939,0.07
106943,0.03
106944,0.12
106967,0.11
106980,0.03
106986,0.14
106987,0.05
106990,0.06
107013,0.04
107023,0.05
107033,0.11
107037,0.14
107048,0.03
107071,0.04
107081,0.03
107113,0.11
107130,0.23
107131,0.1
107145,0.06
107156,0.06
107219,0.13
107222,0.14
107223,0.26
107232,0.15
107245,0.08
107246,0.08
107247,0.15
107256,0.03
107259,0.12
107260,0.01
107279,0.32
107280,0.12
107281,0.07
107285,0.15
107329,0.01
107337,0.39
107349,0.1
107350,0.03
107351,0.04
107359,0.17
107391,0.1
107394,0.04
107395,0.15
107406,0.15
107416,0.17
107417,0.0
107418,0.07
107419,0.03
107444,0.02
107445,0.07
107446,0.24
107460,0.15
107470,0.01
107475,0.01
107520,0.09
107526,0.28
107527,0.03
107530,0.12
107532,0.04
107534,0.11
107535,0.05
107554,0.11
107556,0.0
107559,0.2
107561,0.19
107564,0.16
107566,0.03
107571,0.06
107590,0.19
107602,0.1
107625,0.09
107626,0.2
107635,0.0
107636,0.17
107645,0.06
107652,0.08
107655,0.08
107668,0.08
107670,0.07
107677,0.01
107680,0.29
107683,0.36
107684,0.04
107691,0.07
107692,0.1
107703,0.05
107709,0.16
107710,0.24
107721,0.15
107725,0.07
107727,0.04
107739,0.03
107740,0.0
107741,0.01
107747,0.02
107765,0.23
107768,0.0
107775,0.23
107782,0.16
107790,0.01
107801,0.02
107807,0.01
107811,0.04
107817,0.1
107826,0.16
107838,0.07
107839,0.01
107843,0.24
107847,0.15
107849,0.12
107850,0.07
107867,0.09
107871,0.14
107908,0.06
107913,0.05
107927,0.01
107931,0.01
107955,0.09
107962,0.25
107977,0.08
107978,0.19
107993,0.02
108010,0.08
108016,0.01
108018,0.16
108027,0.18
108045,0.31
108069,0.26
108082,0.06
108089,0.03
108092,0.17
108106,0.01
108112,0.12
108120,0.14
108122,0.12
108135,0.03
108170,0.0
108171,0.07
108177,0.02
108180,0.24
108183,0.05
108184,0.08
108185,0.06
108192,0.07
108195,0.23
108196,0.1
108218,0.02
108219,0.06
108243,0.17
108249,0.03
108251,0.05
108274,0.03
108280,0.24
108289,0.09
108292,0.12
108295,0.0
108327,0.04
108332,0.01
108346,0.03
108349,0.25
108353,0.09
108362,0.06
108363,0.11
108377,0.28
108378,0.04
108381,0.02
108383,0.27
108390,0.08
108407,0.01
108408,0.03
108411,0.05
108412,0.03
108419,0.05
108436,0.21
108437,0.05
108438,0.19
108441,0.03
108448,0.05
108449,0.05
108466,0.12
108467,0.11
108473,0.07
108474,0.07
108476,0.04
108479,0.02
108486,0.0
108493,0.06
108501,0.06
108506,0.18
108510,0.09
108511,0.05
108514,0.27
108517,0.12
108519,0.13
108522,0.1
108548,0.25
108554,0.1
108555,0.21
108559,0.08
108562,0.01
108571,0.02
108572,0.05
108579,0.0
108583,0.03
108584,0.02
108592,0.1
108602,0.01
108609,0.03
108613,0.17
108616,0.09
108618,0.07
108620,0.0
108643,0.03
108649,0.04
108654,0.08
108655,0.02
108656,0.1
108667,0.1
108668,0.06
108682,0.06
108690,0.05
108691,0.08
108692,0.09
108695,0.01
108699,0.14
108710,0.26
108718,0.2
108739,0.16
108740,0.01
108741,0.1
108742,0.03
108763,0.04
108767,0.06
108769,0.16
108779,0.24
108788,0.03
108801,0.06
108802,0.07
108810,0.07
108811,0.06
108813,0.14
108814,0.07
108825,0.01
108826,0.08
108830,0.09
108834,0.09
108852,0.09
108887,0.13
108901,0.16
108908,0.01
108910,0.04
108920,0.06
108922,0.04
108929,0.26
108930,0.04
108937,0.2
108938,0.03
108943,0.14
108948,0.08
108953,0.04
108956,0.15
108965,0.13
108985,0.2
108986,0.08
108987,0.05
108990,0.03
108991,0.05
108993,0.13
109000,0.09
109001,0.07
109012,0.24
109014,0.09
109015,0.17
109021,0.07
109037,0.07
109042,0.11
109044,0.07
109046,0.22
109064,0.11
109084,0.02
109086,0.05
109092,0.02
109093,0.14
109100,0.19
109101,0.09
109110,0.08
109114,0.12
109126,0.18
109152,0.03
109162,0.09
109167,0.05
109168,0.09
109169,0.03
109179,0.07
109184,0.1
109191,0.14
109192,0.01
109193,0.06
109196,0.07
109206,0.02
109210,0.08
109244,0.07
109249,0.02
109273,0.01
109276,0.14
109281,0.19
109287,0.24
109297,0.11
109298,0.24
109306,0.03
109309,0.08
109321,0.13
109328,0.17
109336,0.04
109342,0.04
109346,0.05
109347,0.09
109348,0.07
109362,0.08
109363,0.05
109367,0.05
109370,0.06
109393,0.07
109405,0.02
109413,0.07
109414,0.28
109421,0.04
109427,0.05
109428,0.16
109429,0.12
109437,0.03
109443,0.02
109461,0.15
109468,0.17
109469,0.01
109471,0.12
109479,0.02
109484,0.05
109501,0.11
109505,0.07
109535,0.12
109539,0.04
109544,0.08
109545,0.03
109551,0.05
109553,0.15
109555,0.01
109561,0.09
109580,0.02
109583,0.26
109593,0.22
109604,0.1
109620,0.05
109635,0.06
109637,0.09
109638,0.04
109642,0.1
109649,0.05
109652,0.16
109656,0.05
109663,0.05
109696,0.09
109700,0.07
109709,0.09
109735,0.14
109740,0.14
109741,0.04
109749,0.11
109764,0.06
109771,0.19
109772,0.02
109773,0.29
109798,0.07
109802,0.25
109804,0.02
109813,0.12
109818,0.13
109848,0.08
109850,0.02
109851,0.04
109855,0.01
109871,0.15
109877,0.06
109883,0.11
109886,0.0
109905,0.09
109936,0.19
109950,0.08
109958,0.05
109959,0.04
109969,0.05
109971,0.15
109984,0.02
109985,0.26
109988,0.04
109992,0.0
110005,0.0
110009,0.12
110011,0.12
110014,0.06
110026,0.02
110042,0.05
110058,0.02
110069,0.1
110080,0.02
110087,0.02
110091,0.06
110094,0.06
110098,0.16
110105,0.1
110117,0.03
110136,0.15
110138,0.14
110149,0.13
110164,0.04
110202,0.14
110212,0.03
110226,0.01
110236,0.11
110249,0.03
110257,0.02
110258,0.07
110277,0.07
110282,0.03
110284,0.29
110286,0.13
110289,0.03
110304,0.0
110319,0.02
110324,0.13
110326,0.03
110335,0.2
110337,0.07
110338,0.03
110343,0.13
110345,0.06
110347,0.04
110355,0.02
110359,0.08
110360,0.08
110364,0.12
110371,0.13
110372,0.06
110376,0.17
110379,0.23
110380,0.0
110393,0.15
110401,0.27
110406,0.01
110411,0.01
110416,0.02
110420,0.01
110443,0.03
110465,0.05
110468,0.0
110469,0.15
110471,0.19
110487,0.25
110491,0.1
110504,0.06
110547,0.06
110550,0.12
110559,0.3
110578,0.09
110582,0.1
110590,0.13
110598,0.09
110601,0.23
110602,0.02
110604,0.02
110625,0.14
110626,0.11
110636,0.34
110637,0.23
110638,0.04
110646,0.08
110648,0.08
110652,0.07
110681,0.09
110682,0.24
110687,0.21
110691,0.05
110694,0.15
110695,0.06
110696,0.11
110708,0.05
110710,0.01
110717,0.14
110730,0.05
110740,0.11
110742,0.13
110747,0.09
110761,0.02
110766,0.01
110769,0.04
110774,0.05
110803,0.03
110805,0.03
110809,0.19
110827,0.14
110832,0.08
110839,0.04
110859,0.24
110861,0.01
110863,0.24
110865,0.11
110881,0.09
110889,0.08
110891,0.03
110894,0.01
110895,0.19
110907,0.14
110914,0.11
110933,0.05
110934,0.0
110937,0.05
110953,0.08
110954,0.26
110958,0.23
110970,0.18
110974,0.11
110977,0.14
110989,0.11
110993,0.28
110994,0.14
111018,0.03
111019,0.18
111030,0.01
111032,0.1
111041,0.05
111045,0.09
111048,0.27
111052,0.05
111070,0.18
111084,0.1
111091,0.05
111104,0.05
111108,0.02
111112,0.05
111127,0.04
111142,0.11
111146,0.39
111165,0.07
111168,0.07
111169,0.18
111172,0.01
111173,0.05
111174,0.04
111175,0.24
111176,0.05
111177,0.08
111180,0.11
111182,0.07
111192,0.03
111194,0.18
111196,0.19
111197,0.03
111198,0.06
111205,0.03
111207,0.08
111222,0.06
111228,0.04
111233,0.02
111256,0.09
111258,0.0
111262,0.0
111263,0.07
111267,0.17
111269,0.05
111276,0.0
111277,0.2
111279,0.12
111290,0.02
111294,0.06
111295,0.05
111315,0.25
111318,0.15
111327,0.1
111328,0.09
111332,0.14
111338,0.01
111343,0.06
111344,0.06
111345,0.23
111347,0.02
111356,0.01
111359,0.22
111367,0.02
111368,0.07
111391,0.09
111408,0.03
111412,0.12
111419,0.08
111422,0.02
111423,0.17
111439,0.09
111452,0.34
111456,0.03
111467,0.02
111478,0.19
111482,0.01
111488,0.24
111503,0.11
111510,0.12
111512,0.03
111518,0.08
111532,0.2
111537,0.12
111541,0.09
111544,0.14
111550,0.09
111554,0.09
111560,0.2
111566,0.0
111567,0.09
111592,0.01
111618,0.14
111620,0.07
111627,0.03
111641,0.19
111646,0.22
111652,0.05
111657,0.28
111664,0.28
111665,0.2
111669,0.09
111673,0.0
111687,0.0
111688,0.07
111689,0.07
111694,0.02
111695,0.1
111698,0.16
111703,0.06
111709,0.08
111712,0.09
111715,0.12
111724,0.12
111730,0.03
111747,0.06
111760,0.06
111761,0.0
111763,0.25
111776,0.08
111777,0.01
111781,0.07
111793,0.02
111804,0.2
111810,0.19
111816,0.02
111818,0.01
111830,0.12
111832,0.1
111841,0.17
111842,0.04
111843,0.1
111846,0.06
111848,0.19
111856,0.15
111857,0.05
111877,0.05
111882,0.03
111883,0.13
111891,0.08
111893,0.04
111901,0.09
111912,0.06
111913,0.04
111955,0.08
111958,0.01
111960,0.17
111967,0.02
112000,0.09
112003,0.16
112015,0.11
112019,0.24
112020,0.04
112028,0.08
112029,0.06
112031,0.05
112039,0.09
112042,0.06
112049,0.05
112052,0.23
112054,0.01
112055,0.06
112063,0.18
112070,0.08
112071,0.06
112080,0.03
112083,0.08
112085,0.01
112089,0.06
112098,0.13
112100,0.07
112105,0.15
112124,0.01
112126,0.09
112127,0.01
112128,0.03
112148,0.02
112149,0.02
112165,0.13
112170,0.08
112171,0.03
112176,0.1
112186,0.14
112199,0.04
112203,0.03
112214,0.21
112215,0.07
112216,0.05
112224,0.2
112225,0.03
112231,0.24
112234,0.17
112235,0.09
112236,0.17
112254,0.15
112265,0.1
112271,0.03
112284,0.12
112287,0.19
112295,0.28
112303,0.13
112307,0.18
112310,0.13
112312,0.16
112313,0.16
112326,0.06
112333,0.01
112334,0.14
112339,0.12
112347,0.05
112350,0.05
112356,0.07
112357,0.11
112359,0.08
112360,0.13
112371,0.09
112385,0.16
112392,0.03
112401,0.1
112405,0.21
112414,0.28
112429,0.19
112448,0.04
112467,0.07
112468,0.12
112469,0.02
112491,0.07
112500,0.12
112510,0.22
112535,0.16
112537,0.04
112551,0.08
112552,0.06
112556,0.06
112577,0.15
112590,0.06
112593,0.0
112596,0.09
112601,0.04
112604,0.18
112622,0.09
112655,0.03
112663,0.0
112667,0.02
112670,0.19
112676,0.21
112677,0.09
112679,0.05
112683,0.13
112688,0.03
112692,0.18
112696,0.17
112702,0.07
112709,0.02
112720,0.13
112735,0.1
112738,0.06
112742,0.02
112748,0.07
112749,0.14
112766,0.02
112767,0.05
112769,0.09
112771,0.07
112775,0.03
112794,0.12
112795,0.03
112796,0.01
112815,0.02
112817,0.14
112821,0.11
112822,0.16
112829,0.05
112831,0.23
112835,0.06
112838,0.03
112842,0.14
112844,0.14
112845,0.02
112846,0.09
112847,0.0
112867,0.12
112868,0.01
112874,0.01
112879,0.07
112882,0.12
112886,0.08
112895,0.08
112896,0.1
112902,0.03
112904,0.01
112917,0.31
112932,0.07
112944,0.01
112946,0.05
112947,0.02
112948,0.11
112966,0.11
112967,0.0
112971,0.02
112973,0.08
112974,0.02
112978,0.11
112988,0.1
112992,0.2
113003,0.13
113004,0.03
113007,0.32
113020,0.07
113025,0.17
113032,0.02
113042,0.15
113047,0.06
113066,0.03
113067,0.18
113071,0.0
113087,0.18
113108,0.1
113109,0.15
113123,0.07
113128,0.15
113134,0.04
113151,0.05
113175,0.2
113181,0.03
113188,0.36
113191,0.06
113193,0.3
113201,0.18
113209,0.09
113222,0.16
113248,0.0
113272,0.02
113276,0.04
113287,0.0
113302,0.09
113308,0.1
113316,0.09
113318,0.05
113320,0.03
113322,0.15
113325,0.23
113326,0.17
113332,0.08
113346,0.14
113352,0.04
113361,0.07
113362,0.01
113365,0.09
113366,0.03
113368,0.01
113382,0.0
113385,0.06
113390,0.02
113391,0.02
113393,0.09
113396,0.03
113397,0.14
113402,0.1
113403,0.01
113405,0.03
113406,0.11
113410,0.28
113413,0.07
113418,0.1
113419,0.1
113435,0.3
113438,0.1
113447,0.11
113458,0.14
113466,0.06
113475,0.07
113482,0.19
113490,0.02
113505,0.04
113508,0.13
113520,0.04
113532,0.09
113535,0.04
113549,0.04
113557,0.07
113558,0.01
113561,0.15
113566,0.06
113569,0.13
113574,0.1
113576,0.07
113577,0.03
113585,0.01
113587,0.26
113599,0.07
113601,0.04
113602,0.05
113605,0.1
113609,0.15
113611,0.05
113616,0.09
113627,0.46
113631,0.22
113643,0.0
113652,0.05
113657,0.04
113659,0.02
113672,0.1
113680,0.0
113692,0.04
113694,0.17
113695,0.1
113701,0.05
113733,0.06
113738,0.23
113740,0.24
113742,0.03
113777,0.02
113783,0.03
113788,0.12
113789,0.06
113791,0.03
113795,0.06
113799,0.17
113805,0.04
113820,0.27
113822,0.02
113824,0.03
113829,0.01
113832,0.03
113833,0.19
113841,0.05
113849,0.02
113862,0.35
113863,0.08
113864,0.06
113870,0.04
113875,0.06
113882,0.1
113887,0.09
113894,0.02
113909,0.11
113930,0.14
113936,0.13
113939,0.13
113942,0.04
113943,0.08
113945,0.14
113947,0.0
113950,0.06
113951,0.17
113957,0.06
113966,0.08
113967,0.0
113977,0.1
113984,0.13
113986,0.11
113992,0.0
113998,0.02
113999,0.36
114003,0.04
114010,0.02
114011,0.15
114032,0.0
114047,0.12
114055,0.04
114056,0.13
114064,0.21
114065,0.05
114067,0.05
114068,0.03
114075,0.0
114076,0.13
114077,0.11
114094,0.13
114095,0.01
114109,0.05
114114,0.14
114116,0.04
114127,0.03
114158,0.11
114168,0.13
114169,0.04
114171,0.1
114180,0.27
114193,0.04
114198,0.02
114201,0.05
114202,0.36
114207,0.04
114210,0.04
114221,0.03
114222,0.06
114227,0.11
114250,0.03
114253,0.07
114265,0.03
114267,0.07
114273,0.2
114280,0.12
114281,0.07
114283,0.37
114291,0.12
114310,0.16
114316,0.0
114326,0.03
114327,0.12
114339,0.12
114352,0.17
114359,0.15
114360,0.1
114382,0.18
114396,0.18
114397,0.05
114415,0.11
114425,0.07
114434,0.04
114456,0.13
114463,0.05
114469,0.03
114476,0.01
114480,0.02
114482,0.28
114492,0.08
114493,0.15
114501,0.08
114506,0.15
114510,0.03
114515,0.15
114524,0.13
114545,0.24
114546,0.07
114560,0.02
114562,0.2
114563,0.06
114566,0.13
114599,0.05
114601,0.0
114607,0.09
114612,0.0
114622,0.14
114625,0.32
114634,0.12
114635,0.0
114641,0.02
114644,0.04
114645,0.1
114651,0.01
114653,0.0
114654,0.02
114667,0.08
114668,0.2
114670,0.0
114686,0.1
114688,0.24
114690,0.1
114691,0.11
114700,0.06
114706,0.16
114740,0.1
114741,0.09
114755,0.03
114757,0.01
114767,0.03
114772,0.25
114780,0.14
114782,0.05
114791,0.05
114815,0.05
114823,0.09
114835,0.16
114838,0.0
114840,0.14
114842,0.11
114844,0.2
114850,0.17
114853,0.01
114856,0.23
114857,0.06
114858,0.03
114864,0.06
114871,0.03
114875,0.02
114879,0.06
114893,0.0
114912,0.05
114922,0.08
114930,0.07
114945,0.05
114951,0.03
114958,0.09
114962,0.11
114976,0.17
114978,0.09
114987,0.06
115002,0.01
115005,0.02
115023,0.25
115030,0.03
115033,0.19
115034,0.09
115038,0.05
115046,0.04
115049,0.16
115055,0.04
115059,0.07
115076,0.08
115078,0.02
115081,0.08
115085,0.12
115096,0.02
115101,0.07
115114,0.14
115119,0.02
115121,0.14
115122,0.02
115144,0.09
115147,0.23
115151,0.05
115172,0.02
115175,0.22
115183,0.03
115185,0.03
115197,0.1
115200,0.07
115207,0.06
115217,0.01
115230,0.04
115237,0.04
115246,0.01
115251,0.02
115269,0.19
115290,0.13
115299,0.01
115309,0.23
115310,0.07
115311,0.06
115312,0.06
115323,0.01
115324,0.01
115341,0.09
115342,0.0
115343,0.04
115350,0.05
115354,0.05
115360,0.17
115368,0.06
115373,0.07
115396,0.22
115400,0.08
115401,0.04
115404,0.01
115405,0.05
115406,0.01
115407,0.11
115412,0.05
115413,0.01
115415,0.17
115423,0.04
115427,0.09
115428,0.02
115439,0.13
115440,0.18
115447,0.16
115450,0.07
115457,0.02
115459,0.07
115463,0.08
115473,0.23
115477,0.02
115479,0.07
115480,0.13
115481,0.13
115485,0.15
115489,0.01
115495,0.05
115500,0.03
115521,0.03
115572,0.0
115580,0.01
115582,0.0
115586,0.0
115587,0.13
115588,0.01
115591,0.28
115592,0.16
115618,0.07
115619,0.04
115621,0.09
115632,0.18
115646,0.09
115658,0.26
115671,0.03
115680,0.17
115686,0.04
115688,0.07
115705,0.03
115707,0.02
115708,0.09
115726,0.11
115759,0.11
115773,0.07
115777,0.0
115778,0.11
115781,0.03
115801,0.15
115804,0.07
115810,0.11
115812,0.18
115820,0.24
115827,0.12
115831,0.08
115841,0.25
115846,0.1
115852,0.01
115857,0.02
115858,0.1
115860,0.06
115865,0.01
115867,0.12
115869,0.02
115877,0.2
115904,0.07
115913,0.14
115916,0.03
115928,0.09
115932,0.06
115933,0.06
115937,0.3
115938,0.07
115957,0.05
115958,0.05
115969,0.0
115980,0.14
115984,0.0
116006,0.19
116007,0.24
116008,0.05
116009,0.14
116011,0.03
116012,0.07
116015,0.23
116025,0.13
116047,0.08
116052,0.11
116068,0.1
116077,0.21
116084,0.05
116089,0.0
116093,0.06
116097,0.08
116102,0.08
116118,0.08
116119,0.05
116125,0.04
116128,0.13
116135,0.08
116140,0.27
116141,0.08
116142,0.06
116153,0.07
116156,0.03
116157,0.13
116167,0.03
116168,0.1
116175,0.01
116187,0.05
116189,0.06
116191,0.1
116201,0.21
116210,0.18
116213,0.03
116215,0.15
116223,0.03
116226,0.0
116228,0.02
116241,0.01
116247,0.09
116266,0.06
116276,0.22
116287,0.08
116289,0.05
116292,0.19
116306,0.02
116309,0.08
116312,0.03
116313,0.07
116335,0.04
116342,0.11
116348,0.03
116367,0.01
116380,0.07
116383,0.05
116389,0.08
116395,0.37
116397,0.12
116398,0.03
116402,0.02
116404,0.03
116406,0.06
116424,0.18
116428,0.05
116436,0.04
116440,0.01
116448,0.1
116458,0.02
116466,0.04
116469,0.04
116473,0.04
116474,0.05
116479,0.1
116480,0.09
116491,0.01
116493,0.09
116505,0.17
116511,0.08
116525,0.08
116535,0.11
116544,0.01
116546,0.06
116562,0.03
116565,0.02
116578,0.05
116579,0.03
116580,0.17
116582,0.01
116584,0.03
116586,0.26
116596,0.05
116597,0.05
116598,0.05
116604,0.18
116608,0.05
116609,0.06
116613,0.03
116614,0.04
116615,0.18
116633,0.13
116637,0.04
116643,0.15
116647,0.14
116656,0.04
116659,0.1
116662,0.14
116676,0.1
116680,0.03
116681,0.09
116683,0.25
116684,0.06
116712,0.03
116720,0.06
116726,0.14
116729,0.01
116737,0.08
116745,0.05
116747,0.05
116766,0.01
116781,0.02
116783,0.17
116787,0.03
116788,0.14
116789,0.03
116801,0.02
116803,0.05
116804,0.12
116806,0.05
116815,0.09
116817,0.01
116825,0.04
116828,0.02
116829,0.22
116853,0.07
116854,0.15
116859,0.05
116860,0.17
116865,0.01
116872,0.08
116880,0.27
116882,0.06
116893,0.0
116896,0.11
116906,0.01
116908,0.12
116925,0.04
116926,0.16
116948,0.04
116949,0.27
116955,0.16
116964,0.06
116974,0.19
116976,0.13
116990,0.04
116993,0.17
116994,0.03
116997,0.1
117003,0.08
117007,0.03
117011,0.05
117012,0.09
117019,0.01
117021,0.0
117030,0.05
117036,0.03
117043,0.06
117054,0.03
117070,0.26
117077,0.12
117087,0.05
117093,0.09
117105,0.11
117112,0.07
117129,0.26
117135,0.14
117138,0.18
117142,0.03
117148,0.12
117157,0.07
117170,0.01
117171,0.05
117172,0.13
117178,0.22
117186,0.06
117187,0.18
117193,0.1
117194,0.11
117199,0.06
117207,0.04
117211,0.07
117216,0.18
117217,0.03
117218,0.01
117219,0.12
117224,0.04
117225,0.01
117239,0.2
117242,0.03
117249,0.3
117255,0.1
117257,0.22
117272,0.04
117284,0.22
117287,0.14
117293,0.05
117298,0.34
117299,0.09
117307,0.07
117321,0.08
117323,0.11
117326,0.26
117327,0.37
117341,0.05
117350,0.15
117362,0.15
117375,0.14
117391,0.2
117392,0.07
117396,0.16
117399,0.01
117400,0.03
117402,0.08
117406,0.18
117417,0.25
117418,0.02
117425,0.17
117428,0.01
117443,0.02
117448,0.08
117449,0.11
117450,0.24
117463,0.17
117467,0.04
117478,0.04
117480,0.21
117483,0.15
117484,0.13
117495,0.14
117498,0.0
117501,0.1
117503,0.18
117520,0.29
117524,0.06
117525,0.13
117526,0.16
117527,0.06
117531,0.05
117545,0.0
117547,0.31
117557,0.14
117563,0.06
117564,0.12
117598,0.16
117599,0.04
117610,0.0
117614,0.06
117616,0.22
117623,0.01
117625,0.17
117633,0.02
117634,0.21
117639,0.22
117652,0.13
117653,0.19
117660,0.17
117661,0.03
117662,0.1
117676,0.1
117677,0.09
117681,0.05
117684,0.33
117707,0.11
117736,0.13
117737,0.31
117741,0.11
117746,0.28
117753,0.25
117755,0.09
117775,0.05
117784,0.17
117786,0.11
117791,0.04
117801,0.1
117805,0.05
117816,0.05
117824,0.05
117835,0.19
117837,0.05
117847,0.09
117853,0.06
117854,0.06
117886,0.09
117900,0.02
117920,0.36
117924,0.2
117925,0.14
117934,0.02
117957,0.03
117959,0.24
117967,0.11
117969,0.21
117981,0.05
117982,0.1
117996,0.13
118000,0.14
118018,0.09
118025,0.03
118026,0.2
118044,0.1
118045,0.11
118048,0.03
118055,0.19
118058,0.0
118060,0.37
118066,0.0
118071,0.08
118072,0.28
118082,0.02
118089,0.09
118106,0.08
118115,0.08
118127,0.37
118144,0.24
118150,0.0
118151,0.03
118157,0.17
118162,0.12
118163,0.01
118166,0.08
118181,0.04
118191,0.07
118202,0.2
118205,0.15
118214,0.07
118251,0.14
118264,0.27
118271,0.37
118272,0.06
118276,0.25
118287,0.32
118291,0.03
118292,0.08
118294,0.05
118305,0.03
118312,0.03
118319,0.1
118321,0.02
118326,0.31
118342,0.18
118343,0.05
118353,0.19
118354,0.03
118358,0.11
118359,0.12
118365,0.05
118367,0.0
118368,0.04
118371,0.05
118378,0.05
118379,0.03
118383,0.09
118386,0.11
118387,0.01
118400,0.17
118403,0.02
118428,0.14
118440,0.04
118459,0.05
118490,0.02
118491,0.11
118492,0.11
118498,0.19
118499,0.06
118509,0.05
118518,0.03
118531,0.09
118532,0.17
118546,0.01
118548,0.06
118558,0.07
118560,0.11
118561,0.08
118562,0.2
118564,0.05
118569,0.13
118578,0.01
118585,0.01
118591,0.1
118592,0.05
118594,0.03
118611,0.01
118614,0.14
118622,0.08
118641,0.16
118642,0.04
118650,0.14
118666,0.01
118696,0.14
118697,0.08
118710,0.0
118717,0.18
118720,0.01
118735,0.09
118747,0.05
118750,0.16
118789,0.01
118791,0.03
118803,0.08
118804,0.11
118806,0.13
118809,0.09
118823,0.2
118842,0.01
118871,0.23
118874,0.05
118876,0.01
118886,0.09
118888,0.16
118889,0.01
118894,0.13
118898,0.03
118905,0.12
118911,0.02
118915,0.12
118916,0.07
118925,0.01
118926,0.02
118929,0.07
118935,0.03
118947,0.05
118951,0.01
118953,0.12
118960,0.18
118973,0.04
119001,0.15
119003,0.19
119009,0.13
119011,0.03
119012,0.27
119014,0.06
119025,0.0
119047,0.14
119049,0.01
119057,0.0
119062,0.05
119064,0.02
119069,0.11
119079,0.04
119088,0.02
119091,0.2
119095,0.19
119104,0.05
119108,0.17
119109,0.03
119115,0.1
119125,0.02
119146,0.01
119148,0.04
119160,0.11
119164,0.31
119169,0.09
119179,0.25
119187,0.05
119191,0.01
119205,0.03
119207,0.13
119208,0.02
119217,0.22
119230,0.04
119232,0.09
119236,0.25
119238,0.06
119240,0.25
119250,0.17
119251,0.06
119252,0.07
119266,0.04
119267,0.12
119270,0.1
119272,0.09
119276,0.23
119281,0.02
119295,0.08
119313,0.17
119318,0.07
119321,0.2
119340,0.05
119341,0.01
119344,0.13
119348,0.05
119353,0.1
119361,0.12
119362,0.32
119376,0.12
119383,0.17
119391,0.11
119394,0.1
119395,0.06
119415,0.04
119430,0.05
119441,0.05
119454,0.04
119468,0.04
119474,0.29
119492,0.03
119496,0.24
119500,0.24
119501,0.21
119510,0.09
119518,0.0
119524,0.31
119533,0.14
119540,0.11
119553,0.07
119573,0.17
119593,0.15
119594,0.1
119595,0.33
119596,0.03
119607,0.28
119609,0.09
119616,0.08
119618,0.11
119619,0.19
119628,0.11
119630,0.07
119632,0.05
119648,0.34
119671,0.14
119675,0.13
119683,0.03
119689,0.12
119697,0.04
119698,0.3
119702,0.07
119709,0.2
119715,0.02
119718,0.04
119719,0.23
119731,0.07
119736,0.11
119745,0.15
119749,0.03
119751,0.08
119757,0.19
119761,0.05
119762,0.04
119771,0.17
119778,0.02
119784,0.02
119788,0.0
119802,0.0
119803,0.25
119806,0.07
119810,0.05
119811,0.17
119813,0.37
119820,0.24
119821,0.23
119842,0.06
119843,0.07
119844,0.07
119861,0.0
119866,0.06
119868,0.14
119875,0.14
119896,0.38
119898,0.04
119921,0.04
119922,0.07
119929,0.11
119934,0.04
119938,0.08
119947,0.14
119948,0.21
119967,0.05
119977,0.16
119980,0.06
119984,0.03
119989,0.43
119990,0.06
119994,0.11
119999,0.19
120004,0.12
120020,0.23
120030,0.03
120036,0.13
120050,0.42
120051,0.28
120053,0.04
120075,0.08
120076,0.14
120088,0.13
120099,0.05
120101,0.0
120102,0.04
120108,0.06
120145,0.11
120146,0.38
120154,0.28
120156,0.17
120165,0.07
120166,0.12
120176,0.0
120179,0.14
120182,0.02
120198,0.04
120205,0.23
120208,0.08
120214,0.0
120220,0.22
120227,0.18
120233,0.09
120240,0.13
120243,0.03
120266,0.02
120268,0.09
120280,0.09
120281,0.12
120284,0.05
120298,0.1
120304,0.09
120306,0.07
120320,0.1
120325,0.02
120326,0.08
120335,0.18
120341,0.01
120343,0.08
120388,0.03
120390,0.01
120404,0.02
120405,0.03
120408,0.17
120415,0.13
120421,0.24
120422,0.08
120433,0.07
120437,0.29
120440,0.03
120441,0.08
120449,0.19
120457,0.09
120459,0.0
120460,0.02
120463,0.1
120464,0.03
120470,0.04
120488,0.25
120535,0.16
120538,0.08
120539,0.24
120541,0.15
120562,0.03
120570,0.09
120580,0.16
120581,0.07
120591,0.3
120593,0.03
120598,0.06
120603,0.01
120607,0.05
120642,0.06
120647,0.07
120649,0.05
120664,0.03
120665,0.01
120671,0.13
120678,0.04
120679,0.06
120680,0.02
120681,0.08
120691,0.08
120696,0.06
120697,0.24
120713,0.03
120721,0.29
120725,0.05
120734,0.14
120740,0.27
120748,0.08
120755,0.02
120759,0.17
120761,0.11
120764,0.11
120770,0.05
120777,0.08
120796,0.01
120803,0.14
120809,0.01
120811,0.11
120826,0.16
120829,0.06
120832,0.04
120840,0.22
120857,0.07
120885,0.08
120891,0.02
120894,0.08
120905,0.09
120913,0.08
120914,0.0
120918,0.12
120921,0.1
120923,0.1
120927,0.28
120928,0.15
120934,0.11
120936,0.1
120942,0.0
120946,0.04
120947,0.01
120953,0.02
120955,0.03
120956,0.19
120977,0.11
120980,0.27
120981,0.04
120982,0.01
120991,0.15
121011,0.06
121013,0.06
121018,0.04
121020,0.05
121037,0.03
121038,0.01
121039,0.07
121045,0.06
121046,0.04
121059,0.18
121066,0.28
121078,0.08
121080,0.24
121081,0.15
121086,0.04
121099,0.04
121100,0.07
121107,0.26
121108,0.05
121111,0.19
121130,0.07
121131,0.08
121135,0.23
121152,0.0
121156,0.01
121160,0.18
121162,0.18
121175,0.15
121181,0.02
121186,0.12
121197,0.03
121201,0.22
121208,0.06
121215,0.12
121220,0.23
121225,0.29
121227,0.01
121228,0.11
121243,0.05
121258,0.04
121259,0.04
121265,0.06
121279,0.09
121280,0.17
121281,0.04
121283,0.02
121288,0.02
121296,0.03
121300,0.02
121308,0.14
121321,0.13
121323,0.05
121332,0.01
121334,0.02
121348,0.03
121350,0.04
121351,0.1
121363,0.05
121379,0.03
121380,0.2
121383,0.16
121387,0.12
121414,0.08
121416,0.03
121422,0.09
121423,0.04
121427,0.02
121431,0.03
121438,0.09
121460,0.05
121479,0.04
121482,0.05
121483,0.09
121488,0.07
121489,0.08
121492,0.25
121502,0.11
121503,0.05
121513,0.17
121544,0.05
121545,0.03
121546,0.01
121552,0.12
121553,0.03
121556,0.17
121557,0.02
121583,0.22
121588,0.12
121596,0.05
121597,0.02
121612,0.02
121618,0.04
121619,0.0
121621,0.06
121622,0.13
121626,0.17
121628,0.1
121630,0.22
121631,0.01
121632,0.18
121641,0.05
121695,0.11
121733,0.23
121754,0.07
121762,0.14
121765,0.03
121766,0.03
121771,0.03
121772,0.48
121778,0.28
121791,0.15
121792,0.04
121822,0.11
121825,0.1
121832,0.07
121841,0.08
121846,0.01
121850,0.05
121851,0.1
121853,0.22
121857,0.05
121862,0.04
121863,0.02
121875,0.04
121881,0.07
121896,0.08
121901,0.11
121908,0.09
121909,0.19
121916,0.11
121919,0.1
121921,0.07
121933,0.09
121947,0.06
121948,0.22
121963,0.14
121968,0.08
121970,0.03
121978,0.15
121991,0.07
121996,0.11
121997,0.43
122000,0.08
122015,0.2
122017,0.08
122027,0.02
122044,0.04
122047,0.18
122055,0.12
122065,0.07
122069,0.1
122074,0.05
122086,0.13
122089,0.21
122099,0.02
122102,0.14
122118,0.08
122124,0.01
122125,0.02
122129,0.0
122133,0.17
122135,0.21
122136,0.09
122142,0.04
122154,0.12
122158,0.07
122160,0.12
122165,0.03
122166,0.09
122170,0.11
122175,0.0
122192,0.07
122207,0.06
122210,0.19
122215,0.04
122222,0.06
122234,0.33
122235,0.0
122236,0.05
122248,0.1
122256,0.07
122257,0.01
122258,0.14
122259,0.06
122260,0.1
122264,0.01
122266,0.25
122268,0.05
122271,0.11
122283,0.16
122286,0.01
122288,0.04
122301,0.06
122313,0.05
122322,0.14
122323,0.08
122324,0.01
122336,0.33
122338,0.22
122349,0.04
122351,0.08
122354,0.18
122358,0.07
122376,0.15
122378,0.05
122387,0.04
122392,0.07
122405,0.24
122409,0.08
122411,0.07
122415,0.18
122416,0.11
122425,0.19
122452,0.13
122453,0.05
122456,0.03
122458,0.41
122465,0.06
122468,0.01
122477,0.02
122483,0.04
122517,0.21
122521,0.29
122537,0.07
122538,0.11
122552,0.05
122557,0.1
122561,0.03
122568,0.03
122573,0.13
122583,0.16
122590,0.18
122609,0.03
122617,0.01
122621,0.36
122635,0.11
122638,0.17
122639,0.02
122644,0.02
122675,0.07
122699,0.34
122703,0.03
122706,0.09
122712,0.06
122730,0.02
122731,0.01
122736,0.13
122741,0.12
122745,0.03
122751,0.1
122768,0.0
122785,0.13
122797,0.02
122812,0.08
122816,0.03
122817,0.06
122826,0.15
122838,0.09
122845,0.08
122848,0.05
122850,0.03
122856,0.02
122862,0.23
122869,0.08
122871,0.06
122874,0.24
122875,0.11
122885,0.13
122901,0.07
122902,0.06
122903,0.14
122904,0.11
122910,0.05
122921,0.17
122925,0.19
122964,0.0
122975,0.08
122977,0.09
122984,0.27
122999,0.05
123004,0.26
123009,0.1
123012,0.08
123018,0.1
123025,0.13
123037,0.22
123038,0.07
123039,0.01
123045,0.13
123046,0.09
123051,0.04
123052,0.14
123056,0.1
123061,0.08
123072,0.05
123074,0.03
123086,0.11
123087,0.05
123091,0.14
123094,0.0
123105,0.04
123110,0.04
123113,0.02
123114,0.11
123124,0.03
123131,0.08
123136,0.33
123146,0.01
123147,0.04
123155,0.23
123163,0.03
123182,0.05
123196,0.04
123200,0.08
123204,0.04
123207,0.06
123210,0.04
123215,0.09
123227,0.03
123234,0.07
123239,0.16
123249,0.16
123252,0.1
123255,0.05
123257,0.05
123260,0.16
123263,0.28
123274,0.06
123275,0.1
123276,0.03
123292,0.04
123308,0.01
123316,0.03
123328,0.02
123330,0.05
123331,0.12
123334,0.24
123343,0.01
123344,0.05
123345,0.13
123352,0.29
123356,0.03
123365,0.19
123368,0.01
123376,0.13
123381,0.08
123384,0.14
123389,0.03
123401,0.22
123419,0.04
123433,0.14
123438,0.07
123441,0.11
123456,0.31
123457,0.14
123476,0.01
123477,0.13
123489,0.08
123490,0.05
123496,0.09
123502,0.22
123503,0.24
123513,0.12
123515,0.19
123530,0.05
123532,0.03
123537,0.0
123539,0.02
123540,0.13
123546,0.02
123547,0.04
123554,0.07
123572,0.03
123574,0.25
123575,0.22
123576,0.03
123584,0.17
123586,0.06
123591,0.11
123606,0.15
123607,0.1
123615,0.01
123616,0.19
123619,0.03
123621,0.16
123622,0.06
123633,0.18
123635,0.24
123658,0.14
123659,0.06
123663,0.06
123666,0.09
123670,0.07
123678,0.04
123688,0.17
123707,0.06
123709,0.18
123720,0.14
123741,0.03
123751,0.13
123759,0.08
123765,0.26
123766,0.05
123793,0.18
123794,0.16
123809,0.07
123837,0.04
123839,0.04
123843,0.13
123851,0.15
123854,0.06
123860,0.0
123863,0.23
123879,0.05
123888,0.15
123891,0.03
123912,0.07
123942,0.07
123952,0.26
123953,0.05
123958,0.26
123966,0.01
123977,0.03
123981,0.22
124000,0.0
124023,0.06
124026,0.07
124027,0.07
124033,0.23
124053,0.01
124057,0.08
124065,0.16
124074,0.02
124079,0.26
124095,0.01
124110,0.09
124138,0.01
124167,0.18
124168,0.17
124175,0.03
124176,0.08
124181,0.04
124195,0.08
124197,0.07
124206,0.03
124225,0.02
124230,0.04
124231,0.11
124253,0.16
124257,0.02
124263,0.02
124277,0.17
124285,0.02
124289,0.05
124299,0.2
124303,0.07
124309,0.07
124316,0.04
124319,0.07
124335,0.35
124347,0.2
124359,0.11
124362,0.0
124363,0.15
124389,0.12
124390,0.08
124393,0.05
124401,0.38
124406,0.06
124407,0.02
124416,0.09
124423,0.06
124429,0.08
124431,0.05
124439,0.02
124441,0.06
124451,0.07
124454,0.04
124463,0.27
124492,0.11
124493,0.18
124503,0.0
124506,0.01
124514,0.06
124516,0.02
124519,0.07
124520,0.2
124539,0.13
124545,0.22
124546,0.13
124552,0.02
124553,0.24
124555,0.1
124575,0.07
124586,0.05
124587,0.02
124591,0.22
124595,0.06
124597,0.03
124625,0.18
124628,0.04
124647,0.16
124648,0.01
124654,0.22
124655,0.09
124656,0.04
124658,0.08
124674,0.13
124675,0.0
124686,0.19
124696,0.17
124698,0.09
124702,0.03
124704,0.09
124705,0.03
124719,0.05
124732,0.06
124734,0.17
124737,0.01
124742,0.07
124793,0.11
124816,0.21
124820,0.04
124823,0.25
124826,0.03
124829,0.07
124844,0.17
124850,0.02
124866,0.0
124868,0.05
124874,0.11
124875,0.06
124876,0.02
124887,0.0
124893,0.22
124901,0.03
124905,0.24
124906,0.24
124931,0.11
124938,0.11
124940,0.1
124947,0.1
124948,0.08
124949,0.02
124971,0.17
124974,0.03
124976,0.12
125004,0.28
125025,0.03
125029,0.15
125031,0.09
125037,0.27
125046,0.04
125052,0.01
125053,0.08
125090,0.27
125093,0.04
125100,0.13
125101,0.09
125104,0.14
125111,0.1
125133,0.02
125144,0.06
125145,0.1
125149,0.13
125157,0.09
125158,0.41
125164,0.18
125167,0.03
125170,0.05
125177,0.07
125185,0.18
125190,0.1
125196,0.04
125200,0.08
125203,0.14
125215,0.06
125221,0.16
125224,0.01
125227,0.25
125252,0.07
125256,0.02
125264,0.05
125266,0.01
125267,0.11
125268,0.26
125270,0.02
125271,0.05
125276,0.01
125290,0.0
125300,0.04
125311,0.1
125327,0.04
125338,0.03
125359,0.22
125360,0.03
125366,0.01
125373,0.06
125376,0.37
125384,0.15
125387,0.2
125388,0.17
125393,0.11
125394,0.11
125396,0.02
125397,0.07
125408,0.08
125409,0.03
125414,0.23
125423,0.06
125425,0.08
125436,0.21
125450,0.06
125465,0.04
125471,0.2
125488,0.19
125496,0.14
125500,0.33
125505,0.0
125507,0.16
125519,0.08
125521,0.16
125524,0.07
125531,0.28
125542,0.03
125552,0.08
125560,0.03
125573,0.05
125574,0.05
125576,0.09
125592,0.11
125604,0.17
125622,0.06
125628,0.1
125649,0.09
125668,0.22
125695,0.02
125698,0.01
125701,0.23
125705,0.04
125709,0.12
125713,0.03
125720,0.25
125727,0.17
125747,0.14
125752,0.14
125758,0.1
125772,0.09
125779,0.39
125798,0.08
125804,0.06
125814,0.06
125817,0.06
125835,0.06
125838,0.11
125842,0.07
125852,0.13
125878,0.1
125886,0.14
125896,0.3
125924,0.03
125930,0.01
125939,0.04
125957,0.11
125961,0.03
125972,0.04
125973,0.18
125975,0.0
125983,0.02
125984,0.29
125990,0.07
126016,0.12
126022,0.03
126028,0.21
126047,0.36
126048,0.15
126067,0.02
126068,0.02
126069,0.1
126088,0.18
126121,0.03
126123,0.01
126125,0.03
126136,0.29
126159,0.08
126162,0.06
126165,0.05
126172,0.28
126175,0.12
126178,0.05
126184,0.02
126198,0.12
126202,0.12
126203,0.0
126205,0.01
126214,0.07
126231,0.25
126238,0.19
126242,0.15
126252,0.04
126263,0.06
126265,0.07
126267,0.06
126274,0.02
126299,0.18
126307,0.12
126310,0.08
126329,0.07
126331,0.05
126340,0.01
126341,0.08
126348,0.03
126349,0.03
126351,0.03
126354,0.01
126366,0.07
126370,0.01
126398,0.13
126407,0.08
126409,0.14
126431,0.0
126438,0.29
126448,0.02
126462,0.0
126464,0.03
126468,0.05
126472,0.1
126473,0.01
126479,0.02
126484,0.1
126486,0.03
126488,0.02
126490,0.07
126494,0.07
126506,0.03
126510,0.11
126513,0.03
126526,0.26
126533,0.06
126538,0.08
126549,0.33
126553,0.2
126554,0.05
126555,0.12
126579,0.09
126584,0.0
126594,0.14
126595,0.07
126596,0.16
126602,0.05
126611,0.08
126614,0.14
126636,0.09
126638,0.07
126651,0.11
126658,0.04
126674,0.04
126685,0.03
126688,0.08
126689,0.05
126707,0.24
126715,0.03
126716,0.02
126721,0.34
126722,0.05
126732,0.02
126738,0.0
126743,0.32
126744,0.06
126752,0.18
126759,0.12
126763,0.11
126775,0.08
126778,0.13
126784,0.05
126791,0.03
126792,0.02
126804,0.14
126816,0.08
126817,0.02
126822,0.02
126832,0.03
126842,0.02
126849,0.05
126850,0.01
126861,0.06
126871,0.03
126872,0.23
126880,0.05
126888,0.21
126896,0.13
126913,0.08
126918,0.05
126954,0.02
126961,0.03
126963,0.01
126965,0.17
126968,0.16
126971,0.01
126981,0.09
126984,0.09
126985,0.24
126995,0.23
126999,0.16
127007,0.1
127015,0.06
127038,0.03
127054,0.01
127057,0.05
127062,0.07
127083,0.12
127098,0.04
127102,0.02
127110,0.07
127111,0.08
127116,0.06
127126,0.02
127135,0.01
127137,0.03
127142,0.05
127151,0.14
127155,0.03
127156,0.03
127160,0.04
127169,0.25
127174,0.07
127175,0.07
127177,0.05
127192,0.01
127193,0.11
127196,0.0
127197,0.18
127204,0.02
127207,0.08
127215,0.06
127226,0.2
127230,0.19
127244,0.05
127247,0.03
127249,0.01
127259,0.19
127299,0.17
127304,0.04
127308,0.27
127309,0.15
127313,0.06
127316,0.12
127317,0.09
127318,0.2
127333,0.02
127334,0.01
127336,0.04
127346,0.06
127370,0.03
127375,0.15
127390,0.06
127392,0.06
127398,0.02
127400,0.07
127402,0.2
127407,0.16
127412,0.04
127413,0.02
127415,0.06
127418,0.28
127425,0.02
127432,0.01
127436,0.12
127448,0.07
127449,0.16
127463,0.15
127464,0.11
127468,0.1
127481,0.03
127492,0.08
127495,0.08
127496,0.07
127501,0.11
127508,0.1
127531,0.02
127554,0.03
127562,0.14
127565,0.0
127567,0.02
127582,0.02
127593,0.13
127595,0.02
127614,0.04
127627,0.02
127630,0.03
127638,0.19
127639,0.05
127641,0.05
127643,0.06
127665,0.08
127674,0.03
127676,0.14
127693,0.06
127701,0.0
127702,0.05
127709,0.13
127720,0.15
127733,0.08
127739,0.25
127753,0.0
127756,0.04
127757,0.05
127777,0.26
127810,0.18
127811,0.03
127821,0.15
127835,0.04
127839,0.11
127870,0.22
127878,0.28
127887,0.05
127918,0.03
127919,0.08
127920,0.06
127932,0.06
127933,0.23
127953,0.04
127955,0.07
127957,0.01
127961,0.05
127967,0.15
127970,0.22
127975,0.15
127985,0.02
127991,0.08
127997,0.0
127999,0.06
128004,0.03
128005,0.03
128015,0.11
128018,0.07
128044,0.1
128046,0.02
128047,0.1
128048,0.28
128054,0.07
128066,0.15
128070,0.09
128071,0.06
128094,0.02
128095,0.05
128099,0.11
128116,0.0
128130,0.04
128132,0.11
128133,0.28
128140,0.03
128154,0.02
128156,0.24
128160,0.06
128165,0.15
128166,0.02
128169,0.15
128171,0.04
128177,0.02
128178,0.03
128182,0.02
128191,0.11
128199,0.1
128213,0.23
128214,0.06
128216,0.0
128217,0.04
128226,0.06
128229,0.09
128232,0.05
128246,0.04
128273,0.09
128274,0.09
128283,0.04
128284,0.09
128294,0.07
128295,0.07
128297,0.06
128300,0.02
128314,0.04
128317,0.0
128339,0.02
128340,0.0
128342,0.09
128343,0.05
128364,0.1
128368,0.32
128377,0.12
128380,0.0
128383,0.06
128407,0.09
128409,0.09
128423,0.06
128428,0.05
128433,0.11
128438,0.14
128439,0.08
128446,0.16
128447,0.07
128450,0.1
128455,0.11
128457,0.19
128464,0.01
128465,0.04
128471,0.03
128474,0.05
128483,0.07
128514,0.07
128516,0.07
128519,0.02
128528,0.04
128529,0.07
128536,0.04
128541,0.03
128542,0.03
128545,0.05
128557,0.08
128560,0.08
128568,0.08
128571,0.05
128578,0.01
128582,0.11
128588,0.2
128597,0.17
128610,0.1
128619,0.23
128630,0.1
128680,0.13
128684,0.06
128687,0.01
128699,0.1
128702,0.05
128704,0.0
128710,0.23
128720,0.18
128724,0.08
128727,0.15
128744,0.09
128745,0.06
128760,0.07
128766,0.23
128770,0.2
128782,0.28
128822,0.06
128830,0.15
128836,0.09
128845,0.06
128858,0.05
128859,0.03
128860,0.19
128874,0.1
128880,0.08
128882,0.17
128883,0.05
128884,0.05
128892,0.15
128905,0.05
128910,0.06
128912,0.03
128915,0.06
128917,0.13
128937,0.06
128942,0.11
128945,0.01
128957,0.04
128962,0.08
128970,0.08
128985,0.19
128986,0.04
128992,0.02
128994,0.09
129003,0.14
129005,0.12
129010,0.05
129024,0.09
129038,0.01
129042,0.03
129049,0.01
129062,0.22
129067,0.17
129070,0.07
129073,0.03
129074,0.11
129088,0.05
129090,0.17
129101,0.32
129102,0.07
129106,0.13
129108,0.1
129120,0.06
129122,0.04
129123,0.2
129135,0.09
129141,0.07
129152,0.13
129160,0.11
129168,0.11
129174,0.12
129178,0.12
129183,0.06
129187,0.01
129197,0.07
129200,0.04
129205,0.12
129222,0.03
129230,0.06
129235,0.03
129251,0.03
129274,0.03
129282,0.04
129284,0.08
129298,0.09
129299,0.09
129311,0.05
129312,0.15
129313,0.02
129314,0.09
129321,0.11
129329,0.18
129330,0.28
129332,0.03
129338,0.11
129345,0.11
129349,0.18
129353,0.01
129357,0.0
129358,0.1
129365,0.0
129376,0.07
129380,0.01
129382,0.03
129402,0.08
129403,0.01
129412,0.03
129441,0.41
129442,0.08
129448,0.16
129466,0.07
129475,0.01
129483,0.03
129484,0.1
129499,0.02
129501,0.1
129508,0.02
129510,0.03
129526,0.02
129527,0.24
129533,0.1
129535,0.24
129536,0.16
129545,0.03
129553,0.14
129557,0.08
129560,0.03
129576,0.07
129580,0.21
129585,0.1
129587,0.01
129597,0.1
129611,0.05
129619,0.05
129622,0.16
129631,0.15
129632,0.06
129640,0.07
129647,0.05
129658,0.02
129676,0.16
129683,0.01
129685,0.06
129701,0.13
129706,0.14
129707,0.1
129720,0.03
129727,0.23
129728,0.06
129768,0.01
129775,0.01
129790,0.01
129804,0.06
129805,0.07
129813,0.0
129816,0.06
129823,0.08
129826,0.28
129831,0.01
129833,0.0
129851,0.03
129857,0.04
129860,0.14
129914,0.26
129926,0.07
129933,0.0
129939,0.24
129949,0.04
129959,0.15
129962,0.15
129963,0.26
129964,0.07
129977,0.02
129985,0.17
129987,0.06
129992,0.07
130002,0.27
130016,0.09
130045,0.13
130048,0.08
130051,0.13
130053,0.16
130056,0.06
130061,0.08
130062,0.22
130065,0.14
130066,0.05
130070,0.19
130079,0.04
130080,0.08
130098,0.27
130109,0.06
130110,0.1
130116,0.04
130125,0.34
130134,0.43
130137,0.1
130138,0.08
130146,0.08
130148,0.07
130154,0.07
130156,0.04
130158,0.09
130159,0.06
130177,0.07
130186,0.36
130204,0.17
130205,0.23
130206,0.02
130211,0.07
130217,0.08
130218,0.03
130235,0.1
130236,0.27
130239,0.03
130256,0.08
130260,0.04
130261,0.11
130262,0.01
130263,0.05
130264,0.02
130266,0.15
130277,0.16
130278,0.09
130281,0.14
130297,0.08
130302,0.17
130320,0.03
130325,0.07
130329,0.01
130338,0.08
130339,0.22
130340,0.23
130344,0.02
130347,0.03
130353,0.03
130358,0.08
130366,0.02
130371,0.07
130374,0.04
130389,0.03
130390,0.05
130404,0.01
130426,0.04
130440,0.12
130449,0.33
130451,0.04
130452,0.13
130453,0.04
130463,0.11
130466,0.07
130467,0.11
130475,0.03
130489,0.03
130490,0.1
130495,0.08
130497,0.09
130499,0.06
130504,0.19
130513,0.08
130528,0.03
130533,0.21
130543,0.03
130567,0.06
130571,0.03
130572,0.02
130589,0.12
130592,0.17
130603,0.19
130623,0.03
130641,0.07
130687,0.01
130690,0.04
130698,0.11
130707,0.07
130709,0.3
130718,0.25
130722,0.13
130732,0.04
130735,0.1
130757,0.07
130760,0.05
130771,0.01
130772,0.0
130774,0.03
130779,0.13
130795,0.07
130828,0.09
130833,0.06
130843,0.0
130855,0.1
130871,0.04
130878,0.03
130885,0.15
130889,0.19
130894,0.07
130896,0.18
130905,0.1
130906,0.12
130930,0.06
130931,0.04
130943,0.1
130946,0.01
130947,0.19
130950,0.07
130954,0.12
130966,0.04
130983,0.15
131003,0.03
131005,0.0
131009,0.11
131013,0.09
131027,0.03
131030,0.18
131031,0.02
131033,0.02
131039,0.11
131045,0.04
131057,0.25
131072,0.01
131084,0.06
131088,0.03
131089,0.16
131091,0.06
131093,0.05
131114,0.21
131118,0.0
131123,0.07
131130,0.13
131144,0.18
131162,0.1
131163,0.08
131166,0.22
131179,0.21
131181,0.04
131183,0.34
131219,0.0
131227,0.03
131231,0.09
131235,0.17
131242,0.01
131251,0.2
131257,0.13
131263,0.09
131268,0.27
131271,0.07
131275,0.0
131286,0.16
131290,0.09
131300,0.21
131306,0.09
131316,0.11
131321,0.37
131322,0.07
131326,0.02
131333,0.21
131335,0.15
131352,0.03
131354,0.09
131366,0.2
131373,0.08
131388,0.1
131394,0.0
131404,0.2
131405,0.09
131411,0.03
131416,0.27
131421,0.07
131424,0.12
131426,0.1
131443,0.23
131470,0.13
131471,0.11
131476,0.08
131477,0.09
131479,0.2
131493,0.08
131495,0.13
131496,0.07
131498,0.05
131504,0.05
131525,0.26
131528,0.14
131548,0.0
131549,0.11
131550,0.12
131557,0.26
131564,0.09
131565,0.02
131576,0.15
131602,0.18
131628,0.25
131629,0.06
131641,0.14
131647,0.03
131664,0.12
131677,0.03
131681,0.08
131682,0.09
131688,0.12
131690,0.12
131691,0.04
131709,0.13
131713,0.12
131719,0.22
131733,0.05
131734,0.18
131743,0.21
131747,0.17
131748,0.14
131758,0.02
131759,0.29
131764,0.01
131771,0.03
131788,0.02
131791,0.16
131798,0.0
131810,0.05
131812,0.04
131815,0.06
131823,0.18
131824,0.11
131828,0.11
131844,0.08
131846,0.07
131848,0.03
131863,0.01
131864,0.05
131889,0.02
131890,0.07
131892,0.16
131895,0.05
131896,0.11
131897,0.01
131905,0.06
131906,0.03
131907,0.14
131914,0.06
131921,0.05
131922,0.26
131925,0.01
131936,0.01
131941,0.25
131950,0.01
131952,0.17
131959,0.3
131983,0.01
131987,0.15
131994,0.17
132004,0.06
132009,0.02
132012,0.05
132013,0.04
132014,0.11
132028,0.19
132054,0.09
132061,0.01
132062,0.14
132078,0.12
132082,0.07
132086,0.08
132089,0.22
132095,0.1
132109,0.13
132110,0.14
132121,0.05
132125,0.01
132127,0.13
132128,0.03
132134,0.08
132139,0.07
132141,0.1
132149,0.31
132150,0.01
132152,0.0
132153,0.1
132164,0.02
132179,0.3
132182,0.1
132189,0.12
132193,0.03
132194,0.1
132195,0.03
132208,0.3
132211,0.15
132212,0.19
132216,0.11
132219,0.01
132223,0.1
132238,0.09
132242,0.01
132268,0.06
132275,0.05
132276,0.24
132279,0.05
132289,0.47
132290,0.06
132300,0.24
132319,0.09
132340,0.01
132344,0.1
132345,0.04
132346,0.05
132352,0.16
132353,0.06
132358,0.38
132381,0.14
132382,0.03
132383,0.14
132410,0.12
132419,0.02
132423,0.02
132432,0.14
132434,0.05
132440,0.15
132441,0.08
132452,0.04
132453,0.01
132456,0.01
132459,0.07
132462,0.01
132463,0.09
132468,0.1
132485,0.34
132490,0.07
132500,0.02
132521,0.28
132555,0.1
132560,0.06
132562,0.04
132575,0.03
132587,0.08
132591,0.09
132611,0.12
132615,0.01
132617,0.23
132622,0.25
132629,0.02
132638,0.04
132642,0.05
132658,0.04
132664,0.06
132668,0.04
132676,0.21
132704,0.19
132707,0.26
132719,0.09
132723,0.25
132724,0.13
132732,0.04
132754,0.09
132756,0.09
132766,0.12
132767,0.04
132775,0.2
132776,0.14
132785,0.05
132787,0.07
132793,0.12
132807,0.0
132811,0.0
132818,0.04
132834,0.04
132846,0.0
132861,0.1
132870,0.11
132882,0.03
132884,0.06
132885,0.26
132888,0.06
132898,0.11
132912,0.02
132916,0.21
132917,0.11
132932,0.1
132940,0.13
132943,0.09
132962,0.21
132965,0.09
132969,0.02
132974,0.07
132977,0.09
132978,0.02
132982,0.01
132983,0.02
132996,0.15
133006,0.02
133007,0.04
133025,0.05
133027,0.04
133033,0.08
133038,0.13
133040,0.16
133041,0.01
133044,0.08
133053,0.04
133063,0.08
133065,0.07
133083,0.01
133084,0.0
133091,0.14
133092,0.1
133107,0.13
133111,0.07
133122,0.05
133132,0.06
133140,0.1
133147,0.07
133150,0.05
133168,0.02
133170,0.0
133184,0.05
133228,0.03
133229,0.02
133230,0.09
133232,0.17
133242,0.13
133246,0.16
133247,0.11
133253,0.06
133268,0.14
133271,0.09
133272,0.08
133296,0.26
133299,0.16
133302,0.16
133315,0.2
133330,0.13
133331,0.02
133332,0.02
133333,0.06
133334,0.38
133361,0.34
133363,0.1
133404,0.07
133412,0.35
133418,0.03
133422,0.15
133426,0.14
133450,0.05
133465,0.08
133468,0.05
133469,0.08
133474,0.05
133479,0.1
133490,0.12
133492,0.01
133495,0.14
133496,0.03
133501,0.12
133502,0.07
133511,0.07
133515,0.1
133528,0.07
133539,0.06
133551,0.11
133564,0.1
133569,0.12
133570,0.09
133578,0.01
133586,0.07
133587,0.15
133597,0.04
133608,0.06
133624,0.16
133626,0.16
133645,0.08
133655,0.03
133658,0.1
133659,0.05
133660,0.02
133664,0.0
133684,0.14
133685,0.09
133688,0.14
133706,0.15
133713,0.11
133723,0.01
133730,0.13
133733,0.11
133760,0.11
133762,0.28
133777,0.0
133793,0.0
133816,0.13
133818,0.13
133824,0.11
133841,0.08
133850,0.02
133877,0.14
133880,0.11
133887,0.08
133889,0.38
133896,0.16
133916,0.22
133920,0.04
133936,0.13
133939,0.07
133940,0.01
133942,0.08
133956,0.06
133957,0.14
133965,0.07
133972,0.11
133973,0.06
134008,0.03
134016,0.24
134039,0.04
134040,0.09
134045,0.07
134050,0.31
134056,0.11
134082,0.35
134085,0.08
134089,0.02
134102,0.05
134118,0.02
134131,0.05
134135,0.0
134137,0.07
134150,0.07
134159,0.02
134183,0.1
134186,0.1
134211,0.04
134216,0.04
134217,0.06
134218,0.07
134230,0.13
134233,0.06
134234,0.05
134236,0.27
134241,0.0
134242,0.12
134273,0.01
134277,0.1
134287,0.16
134293,0.17
134302,0.06
134306,0.26
134307,0.03
134325,0.05
134330,0.07
134334,0.03
134338,0.13
134339,0.0
134348,0.12
134355,0.0
134369,0.32
134387,0.2
134399,0.13
134400,0.02
134405,0.12
134407,0.01
134433,0.03
134448,0.04
134460,0.02
134463,0.14
134467,0.05
134485,0.03
134486,0.17
134490,0.15
134494,0.15
134501,0.28
134508,0.1
134512,0.17
134514,0.04
134519,0.06
134528,0.1
134536,0.02
134540,0.08
134546,0.06
134549,0.11
134558,0.19
134560,0.13
134588,0.1
134590,0.04
134591,0.12
134594,0.09
134622,0.06
134626,0.02
134639,0.03
134649,0.06
134654,0.3
134658,0.02
134683,0.15
134688,0.19
134689,0.29
134697,0.11
134698,0.17
134718,0.03
134742,0.01
134751,0.05
134760,0.01
134763,0.02
134764,0.13
134765,0.04
134773,0.05
134790,0.0
134794,0.03
134802,0.02
134805,0.0
134807,0.03
134812,0.1
134813,0.06
134823,0.06
134824,0.14
134838,0.07
134841,0.02
134857,0.11
134862,0.14
134865,0.1
134880,0.32
134883,0.02
134884,0.09
134916,0.01
134918,0.08
134919,0.17
134921,0.02
134928,0.22
134943,0.12
134950,0.03
134968,0.12
134971,0.16
134972,0.04
135011,0.08
135013,0.2
135016,0.04
135031,0.13
135036,0.04
135041,0.03
135052,0.04
135053,0.08
135054,0.12
135060,0.03
135072,0.04
135078,0.11
135079,0.11
135090,0.07
135113,0.15
135123,0.02
135128,0.12
135136,0.19
135152,0.11
135163,0.03
135166,0.14
135186,0.15
135188,0.05
135194,0.04
135214,0.03
135220,0.03
135235,0.03
135236,0.02
135241,0.04
135243,0.14
135253,0.06
135258,0.1
135264,0.05
135271,0.07
135274,0.03
135275,0.15
135288,0.1
135290,0.02
135299,0.0
135304,0.07
135309,0.04
135345,0.15
135359,0.11
135360,0.08
135361,0.03
135363,0.31
135365,0.08
135369,0.1
135380,0.0
135387,0.21
135389,0.02
135390,0.24
135393,0.04
135401,0.04
135409,0.21
135410,0.02
135412,0.04
135430,0.03
135434,0.08
135435,0.12
135445,0.31
135449,0.16
135460,0.11
135461,0.08
135491,0.05
135500,0.05
135504,0.06
135506,0.03
135521,0.15
135523,0.25
135527,0.02
135528,0.11
135530,0.37
135540,0.13
135541,0.38
135562,0.25
135578,0.04
135584,0.05
135589,0.15
135590,0.01
135591,0.11
135596,0.06
135607,0.04
135622,0.03
135626,0.06
135635,0.08
135636,0.05
135650,0.01
135656,0.04
135657,0.2
135672,0.35
135673,0.03
135678,0.24
135679,0.01
135684,0.16
135701,0.01
135704,0.16
135713,0.13
135716,0.15
135718,0.0
135723,0.09
135737,0.05
135738,0.06
135745,0.03
135746,0.31
135752,0.13
135755,0.08
135756,0.01
135765,0.0
135778,0.12
135779,0.04
135788,0.0
135803,0.11
135804,0.12
135809,0.0
135811,0.16
135812,0.1
135823,0.2
135834,0.05
135838,0.04
135843,0.07
135847,0.03
135857,0.34
135865,0.12
135872,0.06
135885,0.12
135888,0.06
135899,0.07
135910,0.04
135930,0.08
135941,0.13
135943,0.13
135949,0.15
135950,0.08
135951,0.23
135954,0.1
135966,0.15
135967,0.01
135971,0.02
135974,0.07
135975,0.0
135985,0.0
136004,0.06
136009,0.1
136033,0.04
136041,0.08
136051,0.03
136057,0.09
136070,0.31
136099,0.18
136103,0.05
136114,0.09
136116,0.02
136140,0.02
136160,0.0
136185,0.02
136201,0.02
136211,0.05
136213,0.11
136224,0.14
136234,0.07
136244,0.03
136255,0.11
136257,0.03
136260,0.05
136261,0.01
136263,0.11
136267,0.04
136277,0.1
136289,0.07
136293,0.12
136296,0.05
136302,0.16
136312,0.04
136317,0.2
136337,0.2
136355,0.02
136356,0.28
136383,0.04
136390,0.01
136406,0.1
136416,0.06
136417,0.06
136429,0.15
136440,0.08
136445,0.14
136449,0.08
136454,0.06
136457,0.01
136467,0.1
136474,0.08
136503,0.14
136505,0.15
136558,0.05
136578,0.12
136579,0.06
136582,0.14
136583,0.04
136588,0.02
136593,0.03
136605,0.27
136617,0.06
136620,0.25
136625,0.05
136640,0.03
136643,0.11
136653,0.18
136654,0.18
136660,0.01
136661,0.01
136663,0.14
136683,0.26
136711,0.14
136726,0.15
136730,0.1
136739,0.14
136740,0.14
136745,0.04
136751,0.15
136754,0.18
136758,0.19
136762,0.17
136763,0.05
136778,0.0
136782,0.03
136798,0.08
136808,0.25
136811,0.11
136829,0.03
136832,0.03
136838,0.18
136846,0.08
136848,0.04
136852,0.02
136854,0.03
136856,0.07
136862,0.12
136863,0.01
136885,0.06
136887,0.08
136902,0.27
136918,0.03
136922,0.03
136923,0.02
136929,0.38
136940,0.06
136967,0.19
136968,0.25
136972,0.08
136984,0.16
136993,0.13
136994,0.04
136995,0.04
136999,0.08
137013,0.04
137015,0.11
137023,0.07
137025,0.11
137032,0.06
137033,0.34
137045,0.03
137049,0.04
137051,0.13
137052,0.04
137101,0.38
137119,0.11
137142,0.19
137149,0.05
137166,0.07
137167,0.04
137192,0.0
137193,0.19
137194,0.04
137204,0.18
137214,0.11
137222,0.22
137223,0.12
137234,0.1
137254,0.11
137269,0.04
137284,0.01
137285,0.11
137286,0.17
137287,0.02
137300,0.07
137305,0.09
137313,0.08
137344,0.17
137346,0.24
137354,0.15
137356,0.14
137357,0.19
137364,0.12
137368,0.02
137380,0.02
137383,0.02
137395,0.02
137432,0.03
137433,0.1
137435,0.14
137444,0.05
137453,0.08
137454,0.02
137455,0.2
137456,0.05
137457,0.16
137465,0.14
137476,0.07
137515,0.05
137544,0.18
137549,0.0
137560,0.25
137577,0.18
137590,0.01
137591,0.01
137592,0.07
137595,0.02
137614,0.13
137624,0.07
137640,0.01
137651,0.14
137657,0.03
137658,0.21
137672,0.06
137673,0.06
137687,0.17
137688,0.08
137689,0.06
137700,0.13
137711,0.05
137715,0.07
137718,0.02
137721,0.03
137722,0.26
137726,0.19
137739,0.22
137741,0.05
137743,0.06
137747,0.08
137761,0.08
137796,0.02
137807,0.2
137809,0.06
137824,0.11
137827,0.08
137846,0.25
137862,0.0
137865,0.03
137868,0.06
137875,0.11
137878,0.0
137883,0.0
137888,0.03
137913,0.06
137915,0.0
137934,0.07
137936,0.25
137937,0.03
137942,0.08
137944,0.17
137947,0.0
137960,0.08
137977,0.18
138006,0.05
138007,0.11
138008,0.17
138019,0.11
138021,0.07
138022,0.06
138025,0.11
138044,0.04
138046,0.06
138050,0.12
138068,0.06
138084,0.19
138085,0.0
138086,0.02
138087,0.02
138089,0.11
138100,0.06
138105,0.05
138107,0.16
138127,0.03
138128,0.06
138129,0.02
138131,0.02
138132,0.07
138150,0.02
138156,0.03
138169,0.2
138174,0.05
138177,0.12
138187,0.2
138189,0.04
138193,0.05
138203,0.1
138209,0.02
138237,0.08
138243,0.02
138273,0.03
138274,0.1
138275,0.07
138277,0.01
138285,0.06
138289,0.17
138308,0.1
138313,0.07
138317,0.03
138326,0.05
138327,0.08
138338,0.08
138367,0.07
138377,0.19
138416,0.02
138417,0.04
138419,0.12
138425,0.12
138430,0.02
138454,0.14
138465,0.15
138470,0.05
138480,0.04
138481,0.17
138486,0.07
138492,0.02
138496,0.09
138519,0.19
138520,0.07
138522,0.13
138545,0.02
138556,0.07
138560,0.02
138564,0.02
138573,0.07
138581,0.43
138585,0.14
138591,0.13
138598,0.17
138600,0.07
138602,0.1
138613,0.06
138639,0.05
138651,0.05
138652,0.03
138661,0.2
138674,0.05
138678,0.25
138679,0.02
138686,0.04
138695,0.02
138711,0.03
138728,0.09
138731,0.01
138744,0.09
138752,0.21
138754,0.13
138756,0.09
138770,0.01
138771,0.24
138807,0.01
138818,0.04
138819,0.08
138820,0.06
138831,0.06
138843,0.05
138871,0.15
138873,0.05
138876,0.1
138880,0.13
138881,0.06
138882,0.03
138890,0.03
138892,0.03
138893,0.08
138917,0.04
138921,0.14
138922,0.14
138924,0.03
138926,0.03
138932,0.11
138946,0.08
138959,0.14
138961,0.03
138964,0.01
138968,0.2
138969,0.22
138980,0.23
138992,0.14
139002,0.33
139010,0.12
139011,0.06
139017,0.29
139030,0.04
139032,0.22
139034,0.02
139039,0.04
139049,0.18
139053,0.05
139058,0.08
139062,0.15
139067,0.23
139069,0.2
139070,0.27
139075,0.01
139082,0.25
139092,0.15
139098,0.07
139108,0.12
139127,0.18
139130,0.22
139145,0.08
139164,0.11
139174,0.13
139175,0.23
139178,0.02
139180,0.01
139181,0.39
139186,0.11
139189,0.06
139190,0.04
139191,0.0
139198,0.05
139201,0.12
139204,0.1
139208,0.01
139211,0.01
139215,0.04
139225,0.17
139226,0.03
139231,0.08
139246,0.15
139252,0.13
139256,0.07
139258,0.04
139268,0.01
139272,0.0
139283,0.15
139286,0.02
139289,0.06
139290,0.3
139291,0.06
139293,0.03
139303,0.08
139304,0.04
139307,0.3
139319,0.06
139321,0.09
139326,0.0
139327,0.04
139355,0.11
139363,0.03
139375,0.04
139397,0.1
139412,0.08
139413,0.02
139415,0.01
139416,0.05
139449,0.15
139461,0.12
139462,0.2
139463,0.15
139486,0.0
139493,0.14
139515,0.14
139516,0.18
139522,0.16
139532,0.12
139542,0.08
139545,0.09
139552,0.16
139553,0.12
139555,0.08
139559,0.13
139560,0.14
139564,0.03
139565,0.04
139567,0.05
139568,0.09
139572,0.06
139573,0.17
139592,0.09
139595,0.04
139597,0.1
139598,0.2
139607,0.1
139609,0.12
139628,0.05
139653,0.12
139656,0.45
139661,0.05
139673,0.01
139674,0.08
139683,0.02
139714,0.16
139724,0.06
139737,0.14
139749,0.14
139755,0.03
139756,0.13
139757,0.04
139763,0.05
139769,0.12
139774,0.28
139775,0.03
139777,0.08
139780,0.07
139788,0.21
139794,0.12
139831,0.2
139832,0.01
139834,0.06
139839,0.12
139843,0.1
139844,0.05
139858,0.09
139861,0.22
139864,0.07
139865,0.23
139874,0.05
139876,0.07
139895,0.11
139903,0.26
139917,0.06
139930,0.06
139934,0.05
139935,0.02
139946,0.04
139958,0.12
139977,0.05
139981,0.11
139989,0.04
139992,0.15
139995,0.06
139996,0.1
139997,0.11
140005,0.16
140010,0.16
140018,0.07
140026,0.08
140027,0.06
140031,0.18
140037,0.04
140039,0.01
140040,0.02
140042,0.0
140049,0.13
140084,0.1
140087,0.01
140096,0.18
140101,0.25
140114,0.08
140117,0.05
140129,0.24
140131,0.39
140132,0.08
140136,0.16
140144,0.04
140151,0.05
140172,0.05
140174,0.01
140190,0.03
140196,0.06
140200,0.13
140204,0.06
140223,0.05
140232,0.22
140234,0.15
140237,0.08
140245,0.27
140247,0.04
140248,0.09
140298,0.02
140305,0.21
140311,0.0
140312,0.09
140318,0.05
140325,0.1
140327,0.3
140334,0.2
140337,0.05
140338,0.0
140343,0.09
140376,0.1
140378,0.16
140381,0.03
140382,0.08
140384,0.07
140386,0.19
140390,0.03
140402,0.01
140406,0.06
140425,0.04
140426,0.17
140434,0.0
140435,0.02
140436,0.23
140451,0.09
140452,0.03
140454,0.06
140455,0.09
140483,0.11
140504,0.01
140512,0.11
140518,0.0
140534,0.24
140545,0.05
140546,0.11
140560,0.0
140563,0.01
140564,0.17
140569,0.02
140577,0.06
140638,0.01
140655,0.04
140664,0.04
140669,0.01
140672,0.28
140682,0.06
140693,0.07
140700,0.06
140701,0.13
140704,0.03
140705,0.04
140719,0.03
140749,0.28
140750,0.05
140751,0.21
140752,0.01
140762,0.17
140772,0.09
140778,0.16
140779,0.01
140780,0.02
140802,0.05
140804,0.07
140807,0.08
140813,0.09
140827,0.09
140840,0.03
140845,0.09
140847,0.16
140861,0.01
140862,0.12
140872,0.08
140879,0.01
140880,0.2
140886,0.06
140924,0.02
140938,0.05
140944,0.1
140945,0.19
140961,0.06
140963,0.07
140967,0.05
140982,0.05
140990,0.01
140993,0.01
140996,0.2
141004,0.06
141025,0.58
141030,0.01
141031,0.05
141032,0.12
141067,0.04
141072,0.1
141081,0.04
141084,0.05
141085,0.01
141089,0.08
141090,0.06
141093,0.01
141095,0.1
141110,0.08
141114,0.04
141119,0.19
141147,0.17
141150,0.31
141159,0.07
141160,0.15
141167,0.0
141206,0.06
141213,0.04
141215,0.23
141222,0.05
141255,0.18
141283,0.02
141298,0.12
141306,0.1
141310,0.17
141320,0.06
141323,0.13
141329,0.08
141333,0.02
141339,0.0
141340,0.01
141344,0.07
141345,0.04
141347,0.16
141350,0.05
141356,0.04
141358,0.05
141365,0.12
141368,0.02
141369,0.04
141376,0.09
141377,0.03
141385,0.04
141387,0.04
141388,0.19
141389,0.06
141390,0.08
141409,0.04
141410,0.18
141411,0.22
141414,0.05
141422,0.14
141426,0.09
141457,0.04
141470,0.13
141480,0.03
141481,0.05
141492,0.06
141493,0.04
141496,0.06
141497,0.03
141502,0.01
141503,0.0
141504,0.15
141507,0.11
141515,0.08
141524,0.4
141528,0.04
141540,0.03
141542,0.03
141551,0.37
141573,0.09
141580,0.0
141588,0.15
141596,0.11
141597,0.01
141602,0.15
141608,0.17
141611,0.03
141612,0.16
141618,0.09
141628,0.02
141632,0.12
141634,0.14
141637,0.0
141638,0.15
141639,0.04
141640,0.16
141644,0.08
141654,0.14
141656,0.04
141668,0.06
141717,0.08
141718,0.08
141723,0.23
141743,0.09
141744,0.09
141750,0.02
141753,0.04
141762,0.18
141809,0.02
141815,0.15
141826,0.06
141832,0.06
141840,0.0
141869,0.12
141870,0.12
141887,0.27
141915,0.0
141925,0.04
141945,0.45
141949,0.01
141958,0.03
141959,0.02
141963,0.18
141989,0.01
141995,0.0
141997,0.13
142005,0.03
142008,0.05
142012,0.08
142014,0.0
142025,0.07
142036,0.0
142037,0.03
142038,0.01
142039,0.06
142064,0.14
142065,0.33
142070,0.07
142074,0.05
142079,0.2
142084,0.15
142087,0.04
142102,0.09
142106,0.1
142115,0.08
142120,0.03
142132,0.09
142139,0.06
142142,0.02
142153,0.06
142160,0.08
142162,0.04
142163,0.05
142167,0.04
142168,0.17
142177,0.02
142180,0.2
142183,0.03
142186,0.11
142189,0.03
142195,0.02
142198,0.02
142210,0.07
142215,0.11
142222,0.04
142223,0.14
142224,0.04
142236,0.1
142237,0.03
142239,0.01
142242,0.19
142243,0.03
142244,0.01
142255,0.01
142273,0.05
142289,0.09
142294,0.03
142303,0.19
142305,0.19
142339,0.1
142359,0.17
142361,0.06
142364,0.0
142378,0.4
142380,0.16
142383,0.16
142387,0.06
142393,0.11
142396,0.24
142407,0.16
142409,0.1
142427,0.0
142429,0.22
142430,0.08
142431,0.07
142433,0.14
142439,0.18
142440,0.01
142446,0.25
142459,0.1
142478,0.03
142481,0.09
142491,0.04
142495,0.06
142497,0.02
142510,0.06
142513,0.17
142521,0.01
142529,0.17
142537,0.04
142542,0.22
142558,0.13
142574,0.03
142575,0.0
142579,0.16
142587,0.06
142590,0.31
142610,0.03
142614,0.01
142621,0.03
142641,0.15
142650,0.02
142653,0.23
142667,0.17
142671,0.1
142676,0.13
142680,0.09
142684,0.06
142685,0.08
142686,0.07
142689,0.07
142691,0.08
142704,0.15
142707,0.03
142724,0.08
142727,0.02
142728,0.07
142741,0.04
142747,0.13
142748,0.17
142752,0.11
142755,0.0
142756,0.04
142759,0.02
142762,0.08
142771,0.06
142778,0.09
142783,0.05
142789,0.14
142790,0.02
142791,0.12
142793,0.25
142795,0.06
142803,0.34
142819,0.05
142822,0.25
142825,0.15
142833,0.02
142871,0.13
142872,0.0
142883,0.11
142905,0.0
142906,0.04
142917,0.06
142921,0.11
142927,0.19
142932,0.01
142940,0.11
142962,0.08
142969,0.04
142976,0.02
142977,0.12
142982,0.09
142988,0.01
142990,0.09
142992,0.03
143012,0.06
143013,0.07
143016,0.1
143017,0.07
143033,0.05
143058,0.05
143059,0.03
143060,0.12
143065,0.03
143076,0.03
143081,0.3
143088,0.02
143089,0.08
143090,0.08
143094,0.0
143100,0.06
143115,0.04
143132,0.01
143135,0.0
143136,0.31
143149,0.09
143151,0.04
143152,0.05
143153,0.14
143162,0.03
143166,0.08
143167,0.05
143187,0.16
143188,0.02
143190,0.04
143191,0.02
143195,0.36
143207,0.18
143209,0.13
143227,0.2
143231,0.05
143232,0.0
143244,0.08
143263,0.22
143268,0.06
143275,0.04
143278,0.17
143302,0.12
143320,0.04
143328,0.12
143336,0.16
143339,0.01
143340,0.17
143353,0.02
143360,0.01
143361,0.12
143385,0.22
143388,0.13
143389,0.15
143390,0.02
143393,0.27
143396,0.08
143419,0.04
143421,0.03
143422,0.01
143431,0.09
143433,0.02
143440,0.15
143442,0.11
143463,0.13
143466,0.04
143475,0.23
143500,0.07
143510,0.06
143528,0.06
143532,0.0
143535,0.13
143538,0.05
143548,0.02
143550,0.09
143555,0.07
143576,0.23
143593,0.11
143595,0.04
143596,0.03
143597,0.01
143599,0.06
143601,0.08
143602,0.07
143605,0.07
143609,0.18
143611,0.1
143613,0.04
143618,0.08
143652,0.02
143667,0.09
143679,0.13
143680,0.01
143692,0.08
143703,0.13
143712,0.11
143714,0.05
143715,0.01
143729,0.1
143732,0.13
143738,0.01
143740,0.11
143743,0.11
143772,0.0
143773,0.08
143792,0.04
143802,0.03
143808,0.04
143819,0.01
143820,0.13
143825,0.07
143828,0.01
143831,0.2
143834,0.0
143835,0.04
143843,0.02
143860,0.01
143874,0.09
143889,0.23
143903,0.06
143921,0.1
143936,0.1
143944,0.07
143947,0.07
143948,0.0
143957,0.18
143964,0.25
143965,0.06
143971,0.12
143976,0.11
143977,0.22
143983,0.28
143991,0.03
144015,0.05
144032,0.03
144057,0.03
144065,0.05
144087,0.04
144090,0.12
144091,0.07
144092,0.04
144139,0.05
144150,0.11
144151,0.06
144153,0.09
144154,0.26
144159,0.21
144168,0.17
144169,0.0
144178,0.08
144179,0.02
144183,0.01
144186,0.06
144190,0.17
144191,0.17
144199,0.11
144226,0.02
144227,0.05
144229,0.0
144237,0.09
144247,0.11
144249,0.06
144259,0.04
144260,0.01
144282,0.07
144295,0.17
144304,0.05
144314,0.04
144318,0.04
144324,0.18
144325,0.03
144333,0.03
144334,0.08
144336,0.02
144350,0.19
144354,0.02
144357,0.09
144359,0.02
144365,0.01
144385,0.04
144386,0.1
144387,0.17
144390,0.06
144393,0.06
144398,0.06
144402,0.05
144416,0.05
144422,0.05
144446,0.08
144451,0.19
144461,0.05
144464,0.09
144483,0.05
144498,0.14
144499,0.01
144534,0.01
144549,0.06
144563,0.0
144570,0.26
144579,0.08
144580,0.03
144581,0.01
144582,0.05
144587,0.08
144588,0.09
144589,0.01
144590,0.07
144598,0.17
144601,0.05
144610,0.01
144611,0.07
144612,0.09
144613,0.02
144617,0.03
144635,0.29
144640,0.04
144644,0.05
144645,0.02
144654,0.04
144656,0.05
144657,0.16
144658,0.2
144659,0.16
144665,0.02
144667,0.07
144675,0.02
144677,0.12
144678,0.02
144690,0.05
144701,0.12
144702,0.22
144716,0.04
144721,0.05
144722,0.25
144729,0.09
144744,0.11
144753,0.0
144761,0.01
144764,0.35
144767,0.03
144780,0.3
144781,0.05
144784,0.05
144806,0.05
144810,0.09
144811,0.1
144824,0.18
144828,0.15
144829,0.03
144835,0.21
144849,0.01
144850,0.08
144870,0.02
144881,0.16
144891,0.09
144898,0.15
144904,0.06
144906,0.02
144909,0.04
144910,0.23
144912,0.16
144963,0.07
144965,0.09
144966,0.0
144979,0.12
144990,0.01
144991,0.04
144992,0.34
144999,0.08
145006,0.07
145007,0.04
145008,0.08
145009,0.08
145011,0.02
145014,0.11
145025,0.05
145036,0.01
145041,0.08
145058,0.24
145071,0.02
145106,0.04
145110,0.07
145142,0.14
145146,0.09
145147,0.07
145148,0.02
145149,0.0
145154,0.03
145157,0.07
145158,0.03
145167,0.09
145172,0.08
145174,0.03
145192,0.09
145195,0.11
145196,0.17
145199,0.04
145209,0.1
145242,0.0
145248,0.05
145249,0.01
145250,0.05
145281,0.1
145287,0.03
145288,0.16
145298,0.17
145303,0.03
145309,0.08
145333,0.03
145336,0.06
145339,0.07
145350,0.04
145353,0.01
145354,0.04
145358,0.15
145382,0.05
145383,0.18
145389,0.04
145390,0.08
145391,0.08
145392,0.15
145407,0.01
145410,0.05
145412,0.06
145415,0.15
145418,0.06
145419,0.09
145440,0.01
145451,0.2
145476,0.1
145481,0.13
145482,0.04
145484,0.03
145502,0.02
145512,0.12
145515,0.05
145521,0.03
145523,0.05
145554,0.03
145557,0.02
145560,0.07
145563,0.11
145569,0.01
145586,0.13
145601,0.1
145602,0.05
145615,0.15
145623,0.18
145638,0.03
145640,0.04
145645,0.0
145654,0.11
145664,0.13
145677,0.05
145679,0.07
145681,0.09
145698,0.05
145709,0.01
145713,0.11
145720,0.11
145780,0.11
145781,0.14
145798,0.16
145811,0.15
145819,0.04
145833,0.11
145834,0.02
145835,0.12
145844,0.26
145862,0.07
145869,0.05
145871,0.03
145872,0.01
145874,0.49
145888,0.04
145891,0.1
145907,0.21
145908,0.15
145919,0.12
145925,0.01
145940,0.22
145941,0.07
145943,0.09
145951,0.03
145954,0.3
145957,0.01
145962,0.09
145974,0.03
145976,0.08
145987,0.09
145988,0.47
145989,0.06
145990,0.17
145991,0.09
145993,0.1
146000,0.26
146001,0.01
146006,0.1
146011,0.0
146014,0.09
146020,0.02
146021,0.01
146022,0.04
146026,0.14
146028,0.17
146032,0.05
146033,0.1
146037,0.21
146059,0.02
146060,0.17
146063,0.37
146069,0.19
146086,0.05
146090,0.46
146092,0.01
146094,0.18
146097,0.02
146098,0.23
146106,0.08
146115,0.15
146121,0.14
146122,0.12
146140,0.03
146142,0.02
146146,0.13
146149,0.11
146153,0.06
146155,0.06
146156,0.02
146159,0.04
146172,0.09
146176,0.07
146184,0.11
146186,0.02
146191,0.12
146198,0.07
146199,0.15
146202,0.06
146206,0.14
146214,0.02
146221,0.07
146232,0.03
146239,0.08
146246,0.15
146247,0.17
146252,0.05
146255,0.0
146256,0.02
146262,0.13
146277,0.21
146292,0.21
146303,0.08
146305,0.11
146313,0.15
146317,0.01
146330,0.13
146344,0.11
146345,0.05
146347,0.15
146356,0.04
146369,0.08
146384,0.07
146385,0.02
146386,0.09
146388,0.08
146404,0.02
146409,0.13
146413,0.05
146421,0.03
146428,0.1
146451,0.17
146458,0.14
146466,0.06
146476,0.0
146485,0.01
146486,0.08
146487,0.09
146500,0.02
146502,0.03
146512,0.23
146514,0.02
146515,0.19
146516,0.05
146533,0.09
146535,0.03
146541,0.21
146557,0.05
146562,0.17
146565,0.04
146570,0.0
146571,0.0
146574,0.04
146587,0.11
146591,0.05
146597,0.29
146600,0.11
146614,0.16
146621,0.07
146623,0.07
146631,0.08
146644,0.02
146649,0.02
146651,0.09
146652,0.14
146663,0.21
146680,0.01
146683,0.1
146714,0.37
146724,0.2
146730,0.07
146732,0.07
146738,0.11
146752,0.08
146755,0.11
146756,0.04
146759,0.09
146760,0.19
146761,0.05
146765,0.02
146806,0.09
146809,0.11
146810,0.03
146811,0.05
146815,0.13
146820,0.2
146821,0.01
146824,0.16
146829,0.07
146842,0.11
146864,0.04
146891,0.14
146918,0.03
146955,0.03
146957,0.12
146972,0.08
146973,0.04
146979,0.17
146982,0.16
146984,0.06
146997,0.1
147001,0.13
147008,0.21
147014,0.09
147022,0.07
147038,0.1
147048,0.15
147060,0.16
147061,0.03
147077,0.07
147082,0.12
147083,0.09
147085,0.08
147086,0.07
147099,0.05
147127,0.09
147128,0.04
147133,0.11
147138,0.04
147139,0.04
147150,0.04
147155,0.11
147171,0.04
147172,0.0
147182,0.02
147195,0.05
147199,0.01
147216,0.14
147224,0.07
147225,0.08
147230,0.15
147240,0.26
147250,0.06
147253,0.06
147254,0.28
147264,0.06
147294,0.15
147308,0.07
147309,0.29
147315,0.08
147319,0.06
147329,0.03
147340,0.09
147345,0.19
147353,0.08
147354,0.09
147364,0.29
147366,0.15
147373,0.09
147382,0.03
147383,0.23
147390,0.07
147408,0.14
147411,0.07
147415,0.03
147416,0.05
147425,0.02
147427,0.14
147438,0.07
147439,0.02
147457,0.05
147459,0.01
147463,0.08
147469,0.16
147476,0.18
147483,0.02
147497,0.06
147502,0.22
147515,0.16
147523,0.08
147527,0.05
147541,0.15
147551,0.03
147552,0.05
147561,0.05
147571,0.11
147587,0.01
147657,0.09
147659,0.1
147670,0.03
147695,0.17
147696,0.21
147702,0.12
147710,0.27
147711,0.06
147712,0.06
147713,0.18
147720,0.09
147722,0.09
147742,0.01
147750,0.02
147761,0.22
147764,0.08
147770,0.11
147771,0.12
147774,0.19
147786,0.06
147787,0.37
147791,0.0
147792,0.14
147793,0.25
147794,0.06
147801,0.07
147824,0.02
147826,0.07
147840,0.1
147847,0.01
147862,0.05
147865,0.06
147882,0.1
147893,0.28
147925,0.06
147932,0.09
147942,0.13
147953,0.05
147955,0.16
147964,0.26
147966,0.27
147981,0.07
147982,0.27
147990,0.05
147998,0.12
148002,0.2
148013,0.16
148025,0.21
148026,0.08
148031,0.2
148035,0.06
148042,0.1
148047,0.03
148050,0.0
148063,0.09
148065,0.34
148069,0.23
148070,0.04
148075,0.17
148076,0.04
148087,0.01
148091,0.05
148102,0.25
148107,0.16
148108,0.0
148113,0.04
148131,0.07
148141,0.14
148149,0.08
148150,0.11
148163,0.19
148175,0.04
148185,0.15
148187,0.09
148198,0.29
148204,0.18
148205,0.02
148212,0.13
148216,0.18
148217,0.03
148223,0.07
148224,0.17
148235,0.17
148255,0.17
148276,0.06
148285,0.02
148289,0.04
148292,0.13
148294,0.09
148314,0.04
148319,0.03
148320,0.05
148322,0.02
148323,0.09
148325,0.05
148333,0.03
148339,0.06
148359,0.16
148361,0.21
148364,0.07
148380,0.19
148382,0.1
148386,0.12
148393,0.15
148394,0.08
148404,0.11
148419,0.04
148423,0.12
148437,0.2
148440,0.04
148448,0.08
148449,0.05
148450,0.04
148451,0.07
148458,0.18
148471,0.08
148475,0.03
148476,0.05
148497,0.07
148511,0.01
148512,0.03
148534,0.06
148545,0.14
148557,0.16
148564,0.07
148570,0.04
148586,0.05
148596,0.09
148600,0.05
148607,0.07
148609,0.09
148622,0.09
148623,0.06
148625,0.09
148626,0.04
148628,0.03
148632,0.09
148639,0.09
148643,0.05
148644,0.17
148680,0.0
148702,0.09
148716,0.09
148717,0.03
148726,0.18
148738,0.14
148746,0.08
148749,0.11
148750,0.1
148769,0.09
148791,0.07
148803,0.17
148804,0.07
148823,0.0
148831,0.08
148849,0.08
148850,0.01
148855,0.07
148893,0.0
148896,0.09
148899,0.14
148903,0.16
148910,0.02
148911,0.09
148912,0.09
148913,0.0
148933,0.1
148935,0.05
148937,0.13
148946,0.18
148955,0.1
148980,0.05
148996,0.11
149015,0.2
149025,0.04
149028,0.13
149029,0.09
149035,0.02
149050,0.04
149051,0.11
149052,0.16
149056,0.0
149062,0.02
149067,0.23
149076,0.14
149090,0.29
149106,0.25
149107,0.01
149118,0.15
149119,0.09
149130,0.11
149154,0.03
149157,0.1
149158,0.06
149160,0.01
149163,0.06
149164,0.11
149165,0.02
149166,0.18
149214,0.14
149231,0.06
149236,0.1
149237,0.08
149246,0.06
149247,0.05
149253,0.12
149254,0.1
149265,0.18
149266,0.07
149277,0.11
149283,0.24
149289,0.0
149310,0.06
149314,0.12
149318,0.03
149319,0.07
149320,0.03
149321,0.1
149333,0.01
149337,0.13
149338,0.1
149341,0.05
149342,0.09
149349,0.03
149351,0.18
149354,0.12
149360,0.03
149362,0.22
149366,0.0
149372,0.33
149376,0.07
149388,0.08
149393,0.08
149401,0.02
149405,0.22
149412,0.26
149415,0.04
149416,0.01
149430,0.15
149435,0.06
149436,0.08
149444,0.24
149456,0.05
149471,0.02
149480,0.01
149481,0.1
149490,0.08
149491,0.02
149503,0.13
149512,0.11
149524,0.02
149525,0.04
149532,0.08
149533,0.29
149536,0.25
149540,0.07
149548,0.06
149563,0.2
149568,0.1
149569,0.1
149570,0.07
149582,0.03
149584,0.12
149587,0.15
149592,0.03
149596,0.11
149599,0.05
149612,0.11
149643,0.2
149648,0.21
149665,0.1
149666,0.25
149671,0.02
149675,0.13
149676,0.27
149677,0.03
149680,0.15
149711,0.11
149723,0.11
149726,0.13
149727,0.07
149730,0.01
149733,0.21
149734,0.27
149736,0.1
149750,0.04
149752,0.28
149767,0.06
149791,0.08
149793,0.14
149810,0.02
149850,0.03
149857,0.04
149858,0.26
149860,0.32
149882,0.05
149889,0.08
149890,0.1
149918,0.06
149919,0.03
149927,0.01
149928,0.03
149940,0.24
149944,0.06
149947,0.14
149951,0.11
149956,0.13
149958,0.15
149969,0.04
149988,0.1
149996,0.03
150007,0.01
150018,0.07
150025,0.07
150054,0.1
150064,0.08
150070,0.17
150074,0.11
150078,0.01
150084,0.06
150106,0.03
150111,0.27
150115,0.03
150117,0.21
150120,0.06
150127,0.08
150128,0.03
150130,0.03
150132,0.16
150135,0.05
150145,0.02
150148,0.05
150153,0.1
150154,0.07
150173,0.02
150174,0.15
150176,0.14
150177,0.09
150178,0.05
150179,0.14
150187,0.03
150207,0.04
150223,0.12
150224,0.03
150229,0.03
150233,0.04
150245,0.01
150252,0.06
150257,0.13
150258,0.02
150267,0.02
150268,0.06
150272,0.2
150282,0.04
150289,0.22
150299,0.02
150307,0.04
150310,0.12
150311,0.27
150312,0.15
150313,0.03
150324,0.34
150335,0.01
150343,0.02
150354,0.02
150363,0.08
150365,0.03
150377,0.03
150381,0.19
150382,0.03
150414,0.11
150418,0.15
150431,0.02
150449,0.01
150450,0.19
150473,0.02
150475,0.11
150476,0.17
150478,0.24
150488,0.14
150499,0.08
150501,0.17
150503,0.06
150518,0.01
150529,0.15
150531,0.03
150532,0.25
150535,0.08
150543,0.07
150545,0.3
150548,0.07
150552,0.12
150558,0.23
150574,0.1
150576,0.3
150577,0.09
150594,0.12
150601,0.04
150604,0.13
150618,0.0
150626,0.11
150627,0.05
150635,0.14
150648,0.04
150649,0.09
150650,0.1
150651,0.09
150652,0.02
150657,0.21
150659,0.05
150666,0.07
150667,0.13
150680,0.0
150698,0.35
150700,0.27
150713,0.07
150715,0.03
150718,0.03
150724,0.06
150731,0.06
150734,0.03
150738,0.08
150744,0.04
150745,0.22
150746,0.06
150749,0.06
150750,0.16
150753,0.06
150759,0.02
150762,0.01
150764,0.06
150782,0.03
150784,0.04
150785,0.19
150786,0.08
150789,0.15
150802,0.17
150809,0.03
150810,0.05
150817,0.08
150820,0.04
150822,0.11
150845,0.06
150846,0.13
150854,0.06
150858,0.31
150866,0.03
150869,0.03
150874,0.02
150887,0.01
150889,0.04
150892,0.22
150896,0.11
150901,0.25
150914,0.29
150918,0.08
150919,0.03
150929,0.2
150935,0.01
150941,0.03
150949,0.04
150950,0.08
150951,0.01
150952,0.0
150980,0.22
150981,0.03
150986,0.16
150987,0.04
151004,0.1
151005,0.15
151010,0.08
151012,0.06
151016,0.02
151021,0.12
151022,0.03
151023,0.14
151024,0.18
151035,0.17
151036,0.11
151039,0.03
151041,0.02
151043,0.13
151052,0.28
151058,0.24
151065,0.15
151066,0.13
151067,0.15
151069,0.09
151070,0.01
151080,0.16
151090,0.15
151092,0.51
151100,0.06
151108,0.08
151113,0.02
151119,0.04
151131,0.09
151145,0.07
151147,0.13
151148,0.01
151149,0.1
151153,0.17
151158,0.06
151167,0.02
151169,0.15
151185,0.04
151186,0.24
151187,0.26
151203,0.06
151206,0.08
151213,0.22
151237,0.08
151254,0.03
151255,0.08
151264,0.13
151266,0.1
151267,0.03
151270,0.0
151286,0.01
151288,0.09
151289,0.06
151290,0.1
151303,0.08
151304,0.18
151308,0.06
151315,0.01
151324,0.06
151329,0.05
151335,0.03
151343,0.03
151347,0.16
151348,0.19
151357,0.17
151366,0.17
151372,0.19
151374,0.06
151394,0.03
151395,0.15
151403,0.05
151410,0.02
151412,0.05
151419,0.09
151443,0.05
151464,0.01
151466,0.11
151467,0.1
151476,0.04
151480,0.15
151481,0.25
151486,0.03
151487,0.21
151490,0.09
151498,0.08
151500,0.03
151504,0.04
151516,0.03
151519,0.11
151528,0.08
151529,0.1
151539,0.28
151540,0.08
151556,0.11
151558,0.08
151559,0.08
151581,0.18
151586,0.16
151589,0.07
151603,0.18
151604,0.17
151610,0.02
151637,0.12
151652,0.21
151654,0.02
151667,0.08
151668,0.2
151669,0.04
151678,0.02
151697,0.02
151706,0.03
151729,0.08
151730,0.07
151737,0.14
151744,0.11
151756,0.16
151785,0.04
151800,0.02
151801,0.0
151821,0.07
151822,0.07
151834,0.09
151845,0.34
151846,0.17
151847,0.09
151848,0.12
151859,0.13
151872,0.1
151875,0.12
151883,0.05
151888,0.13
151895,0.01
151896,0.02
151900,0.16
151913,0.03
151920,0.11
151928,0.05
151933,0.02
151934,0.16
151948,0.06
151951,0.03
151963,0.03
151964,0.03
151965,0.01
151966,0.14
151974,0.02
151975,0.13
151978,0.04
151982,0.18
151993,0.13
152002,0.05
152005,0.11
152017,0.2
152020,0.09
152039,0.14
152047,0.23
152064,0.12
152071,0.09
152076,0.08
152088,0.0
152091,0.02
152093,0.08
152100,0.28
152107,0.05
152115,0.04
152119,0.01
152123,0.09
152129,0.18
152140,0.39
152141,0.01
152142,0.06
152148,0.02
152170,0.1
152171,0.01
152176,0.04
152186,0.03
152192,0.22
152204,0.29
152215,0.0
152220,0.16
152230,0.05
152256,0.02
152265,0.17
152266,0.27
152268,0.04
152272,0.12
152286,0.05
152299,0.02
152305,0.17
152324,0.05
152329,0.16
152355,0.03
152356,0.02
152365,0.19
152369,0.3
152373,0.06
152374,0.16
152383,0.06
152395,0.06
152403,0.21
152404,0.02
152406,0.03
152425,0.08
152437,0.01
152438,0.18
152442,0.15
152460,0.1
152461,0.07
152462,0.02
152472,0.07
152473,0.26
152477,0.02
152506,0.09
152522,0.02
152530,0.13
152535,0.08
152543,0.0
152548,0.09
152556,0.07
152562,0.05
152563,0.25
152565,0.1
152591,0.04
152593,0.15
152612,0.14
152619,0.05
152627,0.03
152628,0.02
152632,0.22
152638,0.09
152646,0.12
152662,0.25
152679,0.06
152680,0.06
152699,0.12
152703,0.03
152717,0.2
152720,0.16
152721,0.1
152735,0.09
152736,0.1
152739,0.19
152755,0.05
152769,0.02
152785,0.25
152788,0.03
152791,0.0
152808,0.04
152815,0.02
152816,0.06
152817,0.09
152818,0.11
152819,0.24
152820,0.07
152823,0.04
152831,0.08
152832,0.13
152833,0.31
152835,0.11
152838,0.04
152846,0.01
152862,0.15
152864,0.1
152865,0.06
152871,0.07
152874,0.03
152875,0.03
152876,0.16
152877,0.37
152881,0.11
152892,0.0
152908,0.24
152909,0.1
152915,0.06
152916,0.15
152923,0.02
152932,0.17
152934,0.08
152936,0.05
152948,0.26
152951,0.15
152956,0.13
152963,0.02
152964,0.22
152978,0.13
152980,0.04
152986,0.21
153001,0.17
153002,0.09
153007,0.05
153009,0.03
153017,0.02
153018,0.27
153022,0.19
153027,0.19
153032,0.01
153033,0.2
153034,0.04
153037,0.13
153051,0.26
153052,0.06
153057,0.06
153067,0.22
153084,0.05
153088,0.05
153089,0.0
153093,0.03
153094,0.09
153095,0.12
153105,0.13
153108,0.16
153110,0.11
153119,0.11
153135,0.06
153139,0.01
153146,0.04
153154,0.04
153185,0.01
153195,0.18
153196,0.09
153198,0.12
153202,0.01
153203,0.03
153209,0.08
153223,0.08
153224,0.08
153227,0.1
153230,0.05
153233,0.06
153234,0.03
153235,0.15
153243,0.1
153263,0.15
153269,0.07
153272,0.1
153276,0.1
153279,0.08
153291,0.09
153311,0.11
153328,0.3
153330,0.16
153341,0.36
153345,0.13
153393,0.04
153394,0.07
153395,0.07
153420,0.08
153428,0.06
153432,0.19
153449,0.07
153458,0.3
153459,0.05
153472,0.08
153475,0.0
153479,0.07
153480,0.11
153490,0.06
153491,0.03
153501,0.01
153502,0.03
153507,0.17
153513,0.18
153514,0.0
153519,0.12
153520,0.02
153556,0.08
153577,0.16
153582,0.22
153594,0.03
153595,0.15
153598,0.34
153601,0.06
153625,0.05
153641,0.07
153654,0.04
153676,0.15
153681,0.11
153704,0.24
153706,0.06
153710,0.14
153720,0.09
153734,0.15
153738,0.05
153743,0.02
153748,0.1
153756,0.08
153757,0.0
153759,0.08
153764,0.08
153782,0.0
153796,0.06
153802,0.18
153809,0.47
153810,0.02
153817,0.29
153821,0.07
153823,0.01
153830,0.02
153834,0.0
153839,0.04
153842,0.17
153847,0.15
153855,0.03
153873,0.02
153875,0.02
153882,0.04
153884,0.03
153885,0.25
153886,0.05
153890,0.07
153892,0.01
153897,0.07
153898,0.03
153901,0.23
153924,0.16
153928,0.02
153929,0.08
153949,0.03
153979,0.05
153980,0.04
153981,0.08
154010,0.33
154015,0.0
154039,0.11
154043,0.02
154044,0.03
154046,0.04
154047,0.1
154058,0.09
154060,0.04
154065,0.17
154083,0.06
154100,0.06
154108,0.03
154120,0.12
154121,0.02
154122,0.07
154128,0.04
154137,0.06
154143,0.2
154151,0.07
154158,0.13
154176,0.0
154184,0.05
154191,0.01
154215,0.09
154216,0.07
154220,0.06
154222,0.09
154227,0.02
154241,0.01
154243,0.03
154244,0.07
154254,0.03
154264,0.07
154265,0.12
154268,0.03
154269,0.02
154299,0.08
154307,0.19
154315,0.21
154325,0.16
154327,0.15
154332,0.19
154346,0.04
154347,0.09
154353,0.26
154369,0.11
154376,0.01
154377,0.12
154379,0.02
154389,0.01
154402,0.2
154403,0.1
154416,0.02
154428,0.11
154430,0.13
154442,0.28
154447,0.09
154468,0.01
154470,0.01
154473,0.07
154480,0.16
154486,0.09
154500,0.09
154507,0.18
154529,0.01
154549,0.0
154557,0.01
154571,0.05
154578,0.02
154580,0.02
154591,0.05
154611,0.13
154623,0.02
154650,0.08
154655,0.13
154659,0.01
154680,0.05
154681,0.04
154690,0.11
154711,0.04
154712,0.08
154722,0.04
154731,0.13
154747,0.16
154749,0.13
154750,0.19
154760,0.17
154763,0.18
154786,0.05
154788,0.13
154792,0.09
154807,0.2
154812,0.14
154818,0.3
154819,0.09
154824,0.06
154839,0.17
154840,0.05
154843,0.1
154847,0.3
154849,0.13
154850,0.06
154851,0.08
154853,0.04
154858,0.1
154868,0.14
154871,0.06
154877,0.12
154916,0.07
154920,0.01
154922,0.16
154924,0.07
154933,0.07
154942,0.19
154955,0.03
154957,0.27
154966,0.01
154971,0.07
154972,0.01
154973,0.06
154974,0.02
154979,0.01
154982,0.25
154990,0.09
154991,0.09
154994,0.13
154995,0.03
155009,0.13
155014,0.02
155017,0.05
155018,0.05
155019,0.06
155020,0.02
155027,0.07
155034,0.06
155047,0.02
155049,0.19
155052,0.08
155053,0.01
155059,0.03
155060,0.26
155069,0.11
155077,0.21
155078,0.07
155086,0.15
155088,0.03
155094,0.01
155099,0.03
155100,0.01
155116,0.04
155117,0.22
155119,0.07
155120,0.03
155133,0.07
155135,0.39
155141,0.09
155144,0.12
155145,0.12
155174,0.07
155194,0.2
155196,0.18
155204,0.03
155232,0.17
155240,0.12
155246,0.12
155254,0.05
155267,0.01
155273,0.13
155274,0.03
155283,0.09
155296,0.33
155312,0.05
155318,0.02
155322,0.06
155323,0.09
155329,0.13
155342,0.01
155346,0.16
155366,0.15
155369,0.13
155372,0.12
155378,0.16
155382,0.24
155390,0.0
155401,0.22
155428,0.0
155443,0.05
155445,0.02
155450,0.16
155452,0.22
155453,0.01
155480,0.11
155482,0.0
155484,0.13
155485,0.06
155496,0.2
155497,0.15
155531,0.05
155541,0.03
155547,0.25
155550,0.32
155551,0.11
155565,0.15
155567,0.04
155569,0.12
155573,0.07
155575,0.1
155581,0.08
155591,0.13
155593,0.26
155594,0.02
155610,0.16
155623,0.01
155624,0.15
155629,0.05
155638,0.02
155650,0.19
155652,0.08
155687,0.1
155697,0.34
155715,0.23
155718,0.03
155719,0.07
155723,0.06
155730,0.14
155731,0.02
155737,0.25
155738,0.24
155740,0.03
155742,0.02
155755,0.07
155766,0.05
155768,0.07
155771,0.04
155803,0.05
155808,0.0
155809,0.04
155812,0.12
155820,0.13
155832,0.15
155841,0.03
155847,0.18
155848,0.11
155855,0.06
155886,0.07
155893,0.16
155905,0.03
155910,0.21
155912,0.0
155919,0.36
155921,0.04
155937,0.07
155939,0.1
155950,0.12
155987,0.19
155988,0.03
156005,0.01
156006,0.0
156010,0.08
156018,0.04
156021,0.06
156026,0.19
156030,0.1
156033,0.0
156038,0.1
156041,0.21
156049,0.05
156050,0.0
156068,0.01
156069,0.28
156087,0.04
156088,0.16
156095,0.09
156104,0.1
156107,0.04
156108,0.07
156111,0.07
156119,0.03
156123,0.2
156140,0.24
156149,0.1
156161,0.02
156180,0.22
156186,0.08
156189,0.12
156194,0.05
156200,0.04
156213,0.24
156214,0.0
156228,0.02
156234,0.04
156236,0.09
156243,0.19
156256,0.02
156268,0.03
156269,0.22
156270,0.07
156274,0.07
156290,0.08
156291,0.01
156292,0.13
156298,0.04
156301,0.13
156302,0.17
156309,0.05
156355,0.04
156365,0.01
156367,0.28
156372,0.02
156376,0.04
156377,0.02
156389,0.08
156400,0.12
156404,0.22
156405,0.05
156426,0.06
156427,0.01
156429,0.01
156430,0.08
156431,0.18
156432,0.07
156449,0.06
156463,0.04
156464,0.11
156478,0.07
156492,0.05
156508,0.14
156509,0.15
156517,0.17
156526,0.18
156527,0.02
156538,0.29
156542,0.03
156543,0.03
156555,0.01
156556,0.21
156561,0.02
156563,0.0
156564,0.03
156567,0.02
156570,0.11
156581,0.01
156594,0.05
156597,0.06
156600,0.05
156601,0.02
156627,0.14
156629,0.25
156642,0.06
156644,0.02
156663,0.01
156674,0.02
156688,0.0
156696,0.08
156707,0.02
156723,0.06
156728,0.09
156731,0.19
156732,0.02
156733,0.19
156768,0.12
156773,0.14
156782,0.08
156815,0.13
156837,0.02
156854,0.22
156861,0.18
156862,0.0
156878,0.15
156903,0.12
156910,0.06
156925,0.05
156933,0.08
156952,0.1
156953,0.09
156963,0.26
156965,0.28
156989,0.08
156994,0.06
156996,0.03
157005,0.02
157011,0.0
157046,0.06
157058,0.14
157061,0.25
157065,0.09
157066,0.07
157067,0.05
157090,0.17
157091,0.1
157096,0.12
157101,0.31
157104,0.0
157109,0.07
157116,0.14
157120,0.27
157121,0.01
157124,0.14
157125,0.0
157132,0.12
157153,0.1
157157,0.26
157159,0.14
157168,0.21
157189,0.01
157195,0.09
157203,0.06
157210,0.15
157212,0.18
157220,0.07
157239,0.18
157241,0.01
157246,0.14
157247,0.16
157252,0.0
157253,0.21
157265,0.12
157291,0.07
157292,0.02
157301,0.12
157306,0.19
157312,0.37
157314,0.13
157332,0.09
157333,0.09
157337,0.05
157345,0.07
157347,0.2
157363,0.35
157376,0.02
157382,0.05
157397,0.02
157409,0.06
157411,0.03
157422,0.01
157428,0.07
157434,0.25
157442,0.03
157446,0.06
157456,0.02
157465,0.02
157469,0.05
157482,0.0
157497,0.08
157507,0.08
157510,0.05
157515,0.02
157529,0.12
157530,0.21
157541,0.23
157546,0.13
157553,0.04
157554,0.0
157562,0.16
157565,0.13
157566,0.08
157571,0.06
157572,0.16
157574,0.07
157575,0.08
157581,0.18
157590,0.25
157604,0.01
157611,0.15
157617,0.24
157620,0.02
157623,0.21
157651,0.06
157653,0.06
157664,0.1
157690,0.05
157704,0.19
157712,0.2
157722,0.15
157727,0.05
157764,0.0
157765,0.29
157775,0.02
157777,0.06
157789,0.14
157802,0.2
157803,0.03
157804,0.03
157805,0.15
157822,0.07
157823,0.01
157827,0.08
157836,0.03
157839,0.09
157847,0.11
157859,0.12
157864,0.06
157866,0.26
157877,0.29
157886,0.03
157892,0.07
157903,0.05
157913,0.05
157919,0.07
157920,0.14
157923,0.08
157926,0.08
157927,0.03
157948,0.0
157949,0.04
157952,0.1
157955,0.12
157958,0.07
157960,0.07
157966,0.07
157970,0.03
157979,0.05
157980,0.16
157985,0.02
157997,0.06
157998,0.15
158002,0.11
158004,0.18
158005,0.22
158007,0.05
158008,0.04
158015,0.02
158033,0.15
158036,0.1
158041,0.09
158044,0.15
158049,0.08
158061,0.03
158078,0.0
158099,0.06
158100,0.05
158102,0.21
158107,0.09
158114,0.22
158127,0.11
158128,0.18
158142,0.06
158145,0.18
158146,0.13
158167,0.04
158176,0.07
158184,0.05
158197,0.12
158201,0.06
158202,0.04
158205,0.02
158208,0.22
158211,0.11
158215,0.04
158218,0.02
158221,0.38
158223,0.05
158230,0.02
158234,0.08
158235,0.06
158245,0.15
158254,0.12
158267,0.0
158277,0.0
158283,0.15
158289,0.1
158290,0.03
158298,0.0
158307,0.01
158332,0.12
158336,0.08
158342,0.03
158344,0.05
158347,0.15
158352,0.03
158354,0.08
158355,0.04
158357,0.06
158365,0.08
158366,0.02
158367,0.03
158368,0.41
158384,0.08
158388,0.0
158395,0.21
158413,0.07
158425,0.01
158426,0.02
158432,0.01
158444,0.12
158453,0.02
158454,0.09
158459,0.0
158462,0.07
158468,0.15
158469,0.15
158470,0.08
158483,0.15
158485,0.05
158490,0.16
158494,0.0
158500,0.02
158503,0.08
158504,0.08
158519,0.15
158523,0.02
158527,0.07
158533,0.05
158535,0.04
158539,0.02
158544,0.13
158547,0.04
158551,0.04
158552,0.0
158560,0.05
158616,0.25
158638,0.02
158642,0.08
158651,0.02
158653,0.13
158677,0.04
158683,0.01
158687,0.03
158693,0.04
158700,0.04
158703,0.03
158705,0.18
158706,0.06
158708,0.03
158712,0.11
158714,0.12
158715,0.05
158752,0.04
158753,0.05
158763,0.03
158764,0.26
158767,0.3
158770,0.0
158781,0.0
158789,0.07
158790,0.0
158791,0.2
158795,0.25
158796,0.16
158800,0.09
158806,0.16
158807,0.28
158815,0.17
158824,0.11
158828,0.11
158831,0.22
158840,0.11
158841,0.09
158847,0.04
158856,0.09
158858,0.19
158884,0.09
158885,0.01
158891,0.19
158898,0.07
158911,0.06
158913,0.03
158918,0.02
158926,0.03
158929,0.17
158939,0.08
158940,0.24
158952,0.14
158963,0.06
158973,0.1
158977,0.16
158988,0.08
159013,0.19
159016,0.11
159018,0.04
159024,0.29
159034,0.1
159035,0.17
159039,0.03
159049,0.08
159056,0.16
159068,0.03
159078,0.15
159099,0.26
159103,0.06
159106,0.14
159113,0.04
159117,0.07
159124,0.17
159132,0.32
159139,0.09
159142,0.09
159145,0.12
159147,0.06
159174,0.1
159201,0.23
159203,0.16
159212,0.34
159214,0.09
159221,0.35
159240,0.05
159241,0.07
159242,0.02
159244,0.04
159250,0.07
159275,0.04
159284,0.15
159293,0.07
159295,0.07
159301,0.02
159310,0.21
159314,0.03
159318,0.05
159333,0.05
159334,0.03
159335,0.08
159337,0.14
159338,0.13
159340,0.25
159361,0.06
159384,0.06
159402,0.04
159421,0.09
159424,0.12
159425,0.0
159426,0.06
159439,0.25
159445,0.07
159449,0.09
159460,0.23
159475,0.09
159481,0.03
159483,0.05
159494,0.13
159504,0.06
159512,0.18
159522,0.09
159524,0.05
159526,0.05
159528,0.14
159547,0.18
159555,0.03
159562,0.13
159563,0.03
159565,0.09
159569,0.02
159578,0.03
159579,0.05
159581,0.06
159594,0.17
159598,0.06
159604,0.05
159605,0.02
159620,0.1
159631,0.05
159633,0.04
159659,0.05
159661,0.17
159667,0.04
159669,0.05
159682,0.09
159683,0.07
159693,0.04
159698,0.0
159702,0.18
159703,0.06
159707,0.08
159716,0.01
159732,0.14
159734,0.06
159740,0.11
159748,0.07
159751,0.03
159756,0.15
159758,0.27
159767,0.1
159769,0.15
159775,0.2
159802,0.01
159804,0.11
159817,0.07
159818,0.02
159824,0.01
159837,0.0
159840,0.07
159842,0.39
159851,0.01
159865,0.36
159866,0.19
159872,0.05
159874,0.03
159879,0.05
159883,0.07
159884,0.03
159898,0.12
159903,0.16
159906,0.14
159914,0.12
159915,0.18
159917,0.08
159929,0.2
159949,0.17
159951,0.06
159953,0.07
159957,0.12
159968,0.04
159972,0.06
159973,0.15
159993,0.13
160008,0.3
160011,0.1
160013,0.04
160015,0.07
160017,0.08
160023,0.13
160028,0.08
160035,0.1
160074,0.06
160076,0.16
160077,0.26
160080,0.08
160084,0.04
160089,0.24
160094,0.04
160101,0.08
160103,0.06
160111,0.12
160114,0.05
160116,0.01
160119,0.11
160123,0.02
160141,0.05
160147,0.07
160151,0.11
160172,0.46
160173,0.0
160177,0.04
160178,0.04
160180,0.04
160181,0.09
160188,0.16
160189,0.08
160193,0.06
160205,0.08
160214,0.06
160215,0.15
160217,0.14
160262,0.04
160263,0.01
160273,0.21
160282,0.17
160295,0.22
160297,0.03
160303,0.02
160305,0.07
160309,0.03
160324,0.03
160338,0.11
160366,0.12
160375,0.09
160381,0.1
160398,0.12
160400,0.04
160406,0.08
160410,0.07
160411,0.03
160418,0.01
160440,0.0
160441,0.27
160450,0.17
160465,0.02
160470,0.05
160471,0.1
160472,0.25
160479,0.01
160490,0.1
160500,0.11
160503,0.06
160504,0.1
160515,0.08
160541,0.08
160545,0.04
160562,0.06
160589,0.22
160594,0.03
160595,0.02
160598,0.12
160601,0.01
160605,0.06
160606,0.09
160607,0.05
160608,0.16
160610,0.04
160614,0.12
160615,0.02
160626,0.16
160634,0.0
160656,0.2
160660,0.01
160666,0.04
160672,0.13
160673,0.07
160674,0.04
160681,0.04
160683,0.02
160694,0.01
160710,0.25
160715,0.04
160719,0.06
160732,0.03
160734,0.0
160737,0.21
160742,0.01
160747,0.0
160749,0.23
160753,0.07
160756,0.06
160757,0.08
160763,0.02
160782,0.03
160789,0.04
160804,0.21
160805,0.07
160813,0.09
160815,0.05
160819,0.04
160820,0.12
160822,0.08
160823,0.14
160837,0.08
160841,0.04
160847,0.12
160861,0.09
160886,0.04
160891,0.12
160897,0.06
160914,0.06
160915,0.16
160929,0.09
160930,0.02
160931,0.03
160935,0.08
160939,0.06
160953,0.04
160954,0.06
160962,0.12
160966,0.14
160982,0.0
160983,0.03
160991,0.09
160998,0.02
161009,0.16
161014,0.08
161017,0.08
161021,0.05
161023,0.02
161027,0.05
161028,0.07
161030,0.19
161031,0.07
161033,0.18
161050,0.13
161053,0.09
161054,0.12
161055,0.02
161059,0.01
161061,0.1
161065,0.08
161069,0.05
161072,0.01
161073,0.01
161080,0.08
161083,0.1
161104,0.02
161111,0.17
161139,0.26
161149,0.05
161158,0.23
161171,0.05
161175,0.18
161201,0.18
161202,0.16
161205,0.17
161228,0.06
161233,0.03
161234,0.26
161237,0.04
161238,0.03
161250,0.11
161251,0.1
161253,0.01
161254,0.05
161283,0.09
161291,0.08
161297,0.13
161300,0.07
161314,0.17
161315,0.06
161336,0.01
161341,0.12
161343,0.16
161351,0.22
161352,0.04
161353,0.07
161361,0.09
161366,0.14
161368,0.19
161378,0.03
161379,0.26
161380,0.05
161398,0.17
161408,0.04
161432,0.01
161439,0.2
161461,0.08
161467,0.16
161468,0.08
161471,0.04
161477,0.16
161503,0.03
161514,0.05
161524,0.19
161527,0.03
161528,0.09
161531,0.2
161536,0.02
161537,0.15
161548,0.1
161558,0.02
161572,0.0
161586,0.07
161605,0.15
161606,0.09
161607,0.17
161618,0.12
161640,0.15
161658,0.12
161660,0.01
161661,0.08
161662,0.1
161677,0.04
161681,0.04
161682,0.03
161683,0.19
161685,0.0
161686,0.03
161687,0.16
161691,0.01
161701,0.13
161707,0.06
161709,0.14
161710,0.04
161711,0.03
161714,0.2
161742,0.1
161751,0.03
161764,0.11
161771,0.19
161781,0.12
161782,0.01
161800,0.04
161810,0.11
161812,0.06
161813,0.0
161816,0.0
161838,0.13
161841,0.04
161845,0.06
161871,0.3
161877,0.18
161882,0.08
161885,0.04
161886,0.02
161895,0.07
161897,0.13
161914,0.07
161921,0.11
161922,0.16
161927,0.38
161946,0.03
161952,0.06
161954,0.05
161955,0.07
161961,0.17
161977,0.18
161980,0.07
161989,0.26
161993,0.2
162002,0.03
162011,0.05
162012,0.02
162015,0.02
162016,0.0
162019,0.06
162021,0.12
162022,0.19
162023,0.01
162025,0.05
162028,0.02
162029,0.04
162030,0.03
162031,0.32
162033,0.27
162037,0.01
162044,0.01
162071,0.06
162093,0.12
162094,0.04
162100,0.03
162102,0.17
162105,0.14
162109,0.17
162116,0.1
162117,0.07
162118,0.18
162120,0.22
162125,0.17
162128,0.25
162131,0.18
162133,0.08
162135,0.14
162156,0.03
162157,0.08
162165,0.13
162166,0.1
162170,0.14
162201,0.05
162202,0.04
162206,0.0
162211,0.07
162227,0.06
162232,0.09
162235,0.06
162237,0.2
162248,0.06
162261,0.15
162262,0.04
162280,0.02
162282,0.13
162284,0.09
162287,0.24
162305,0.06
162308,0.12
162309,0.08
162312,0.17
162313,0.05
162316,0.1
162324,0.03
162325,0.15
162333,0.06
162334,0.07
162337,0.15
162340,0.08
162344,0.17
162347,0.01
162350,0.15
162351,0.08
162365,0.16
162368,0.05
162379,0.15
162383,0.09
162392,0.05
162393,0.16
162397,0.06
162398,0.17
162406,0.28
162410,0.08
162418,0.01
162420,0.13
162424,0.21
162425,0.03
162438,0.07
162442,0.07
162462,0.06
162476,0.05
162477,0.06
162480,0.02
162491,0.06
162493,0.06
162503,0.0
162504,0.06
162513,0.04
162516,0.14
162517,0.01
162522,0.06
162523,0.07
162542,0.12
162584,0.33
162586,0.04
162589,0.15
162594,0.03
162616,0.0
162630,0.07
162637,0.13
162652,0.02
162659,0.35
162668,0.06
162674,0.01
162680,0.04
162685,0.22
162689,0.11
162711,0.11
162714,0.07
162732,0.09
162741,0.06
162758,0.05
162759,0.07
162775,0.09
162776,0.16
162777,0.06
162782,0.08
162786,0.06
162794,0.12
162799,0.02
162801,0.09
162802,0.09
162807,0.07
162820,0.06
162827,0.0
162833,0.16
162837,0.12
162844,0.18
162860,0.06
162862,0.13
162864,0.08
162868,0.24
162880,0.1
162895,0.28
162898,0.03
162918,0.18
162924,0.06
162931,0.1
162936,0.17
162978,0.08
162979,0.01
162988,0.06
162989,0.04
163013,0.22
163014,0.1
163021,0.05
163024,0.02
163027,0.1
163030,0.01
163031,0.1
163032,0.01
163039,0.06
163042,0.07
163048,0.04
163049,0.08
163068,0.05
163071,0.05
163074,0.06
163079,0.01
163080,0.02
163085,0.06
163093,0.04
163094,0.08
163109,0.06
163116,0.05
163117,0.02
163118,0.13
163119,0.2
163121,0.01
163131,0.07
163132,0.07
163133,0.13
163182,0.1
163187,0.05
163188,0.18
163195,0.1
163197,0.04
163200,0.04
163206,0.27
163207,0.04
163214,0.11
163222,0.01
163224,0.01
163226,0.17
163235,0.15
163240,0.1
163258,0.12
163263,0.01
163264,0.1
163265,0.07
163266,0.01
163268,0.08
163272,0.1
163273,0.23
163278,0.17
163288,0.02
163299,0.07
163302,0.27
163307,0.07
163321,0.03
163349,0.05
163352,0.26
163353,0.07
163357,0.21
163362,0.04
163375,0.07
163385,0.06
163386,0.09
163390,0.04
163408,0.24
163423,0.12
163426,0.18
163437,0.24
163452,0.11
163472,0.09
163473,0.05
163479,0.01
163480,0.0
163487,0.12
163492,0.1
163493,0.19
163523,0.23
163524,0.0
163527,0.18
163528,0.13
163531,0.04
163538,0.3
163556,0.03
163563,0.49
163566,0.09
163570,0.08
163571,0.04
163574,0.22
163578,0.09
163580,0.05
163597,0.18
163601,0.08
163604,0.1
163609,0.1
163618,0.26
163634,0.09
163647,0.1
163660,0.14
163661,0.01
163666,0.02
163667,0.23
163669,0.19
163676,0.0
163681,0.01
163682,0.02
163684,0.13
163714,0.1
163724,0.06
163728,0.11
163729,0.04
163738,0.02
163742,0.05
163743,0.11
163748,0.08
163759,0.07
163782,0.06
163793,0.12
163800,0.02
163801,0.21
163802,0.06
163814,0.12
163820,0.06
163821,0.09
163848,0.08
163852,0.14
163854,0.01
163855,0.34
163882,0.04
163895,0.14
163900,0.18
163907,0.11
163915,0.02
163926,0.09
163929,0.0
163934,0.16
163940,0.09
163943,0.21
163944,0.07
163949,0.0
163951,0.09
163952,0.0
163965,0.21
163970,0.08
163980,0.03
163981,0.02
163988,0.18
163989,0.08
163991,0.02
164015,0.08
164028,0.08
164030,0.01
164031,0.1
164037,0.0
164049,0.06
164052,0.18
164059,0.0
164083,0.12
164095,0.04
164106,0.22
164116,0.05
164117,0.26
164119,0.02
164133,0.09
164134,0.03
164142,0.06
164143,0.02
164147,0.05
164148,0.13
164150,0.17
164152,0.17
164156,0.14
164157,0.13
164158,0.07
164166,0.24
164191,0.08
164194,0.1
164198,0.01
164201,0.2
164202,0.04
164207,0.34
164228,0.08
164240,0.08
164241,0.19
164244,0.01
164256,0.24
164262,0.09
164269,0.06
164276,0.04
164281,0.14
164290,0.06
164300,0.28
164305,0.18
164307,0.04
164308,0.04
164309,0.0
164314,0.13
164319,0.03
164331,0.01
164332,0.01
164343,0.14
164349,0.07
164363,0.11
164373,0.06
164410,0.24
164417,0.06
164436,0.02
164438,0.01
164441,0.12
164445,0.06
164451,0.11
164452,0.11
164502,0.13
164513,0.08
164526,0.26
164527,0.08
164528,0.13
164530,0.09
164537,0.11
164542,0.17
164546,0.04
164555,0.27
164556,0.03
164568,0.24
164571,0.29
164572,0.14
164574,0.13
164580,0.05
164597,0.02
164601,0.01
164619,0.09
164633,0.09
164642,0.04
164652,0.08
164676,0.08
164682,0.06
164685,0.19
164691,0.08
164696,0.16
164708,0.05
164711,0.07
164712,0.08
164717,0.09
164721,0.1
164740,0.02
164746,0.03
164755,0.06
164761,0.14
164764,0.02
164766,0.31
164776,0.28
164777,0.0
164783,0.03
164786,0.02
164799,0.06
164808,0.08
164812,0.07
164815,0.07
164816,0.03
164817,0.06
164818,0.11
164819,0.29
164821,0.08
164822,0.03
164825,0.01
164834,0.1
164841,0.03
164842,0.21
164853,0.02
164855,0.16
164856,0.01
164878,0.04
164883,0.01
164887,0.05
164888,0.08
164889,0.08
164891,0.16
164892,0.0
164922,0.02
164924,0.1
164933,0.16
164938,0.03
164939,0.16
164949,0.05
164950,0.01
164957,0.26
164961,0.01
164963,0.04
164972,0.1
164980,0.01
164981,0.02
165020,0.07
165027,0.23
165046,0.1
165048,0.09
165049,0.09
165058,0.1
165065,0.04
165081,0.05
165082,0.14
165090,0.02
165107,0.08
165131,0.02
165133,0.18
165137,0.17
165140,0.18
165142,0.07
165143,0.08
165152,0.17
165154,0.02
165158,0.13
165166,0.01
165168,0.05
165171,0.02
165175,0.22
165182,0.0
165188,0.16
165190,0.07
165199,0.16
165202,0.06
165203,0.05
165204,0.2
165208,0.09
165221,0.11
165243,0.04
165283,0.2
165300,0.09
165302,0.01
165304,0.1
165313,0.04
165336,0.12
165339,0.1
165363,0.11
165376,0.09
165380,0.21
165385,0.0
165386,0.12
165410,0.01
165422,0.07
165426,0.12
165428,0.09
165445,0.31
165452,0.19
165454,0.14
165455,0.08
165462,0.04
165465,0.05
165466,0.09
165467,0.17
165476,0.04
165477,0.14
165478,0.4
165497,0.11
165500,0.22
165511,0.13
165513,0.08
165515,0.24
165521,0.03
165522,0.11
165523,0.05
165530,0.02
165537,0.01
165538,0.05
165539,0.13
165545,0.09
165550,0.11
165551,0.13
165552,0.13
165557,0.17
165558,0.04
165560,0.04
165574,0.26
165576,0.48
165587,0.04
165601,0.03
165605,0.05
165606,0.02
165607,0.12
165624,0.15
165632,0.01
165633,0.06
165634,0.05
165646,0.08
165649,0.03
165651,0.22
165661,0.03
165666,0.13
165669,0.14
165674,0.13
165685,0.13
165687,0.05
165692,0.09
165721,0.31
165726,0.08
165748,0.01
165749,0.13
165752,0.04
165755,0.01
165758,0.14
165761,0.08
165762,0.09
165780,0.1
165781,0.17
165789,0.13
165802,0.02
165806,0.01
165817,0.18
165822,0.26
165837,0.02
165840,0.17
165846,0.0
165853,0.06
165864,0.26
165865,0.17
165868,0.08
165869,0.06
165871,0.04
165880,0.05
165887,0.17
165904,0.15
165907,0.09
165910,0.14
165915,0.04
165917,0.04
165918,0.53
165919,0.25
165923,0.08
165931,0.0
165932,0.01
165934,0.28
165939,0.1
165944,0.16
165951,0.14
165955,0.01
165959,0.06
165966,0.21
165970,0.05
165975,0.03
165977,0.02
165990,0.17
165997,0.09
166003,0.01
166008,0.03
166020,0.01
166025,0.01
166033,0.02
166038,0.03
166042,0.03
166049,0.0
166071,0.01
166091,0.15
166093,0.14
166095,0.1
166104,0.04
166107,0.04
166108,0.05
166110,0.01
166112,0.09
166135,0.19
166136,0.04
166138,0.14
166153,0.18
166155,0.08
166158,0.07
166164,0.15
166186,0.08
166191,0.22
166196,0.0
166197,0.24
166202,0.01
166215,0.01
166230,0.04
166243,0.21
166244,0.02
166255,0.05
166258,0.15
166263,0.23
166271,0.1
166283,0.24
166286,0.04
166291,0.1
166294,0.09
166303,0.12
166306,0.11
166309,0.08
166316,0.2
166317,0.05
166321,0.12
166331,0.13
166349,0.05
166374,0.01
166387,0.06
166393,0.04
166400,0.01
166420,0.02
166446,0.03
166449,0.03
166452,0.08
166495,0.06
166501,0.12
166514,0.09
166515,0.12
166521,0.04
166525,0.01
166529,0.09
166536,0.04
166542,0.12
166543,0.11
166545,0.07
166550,0.01
166560,0.11
166567,0.05
166570,0.22
166573,0.37
166582,0.17
166583,0.23
166590,0.02
166594,0.08
166618,0.35
166623,0.06
166626,0.06
166641,0.22
166654,0.01
166682,0.15
166685,0.24
166688,0.1
166692,0.15
166701,0.05
166702,0.2
166705,0.04
166713,0.14
166733,0.08
166734,0.07
166738,0.01
166739,0.11
166740,0.07
166755,0.19
166761,0.3
166764,0.06
166773,0.1
166774,0.11
166814,0.01
166819,0.25
166834,0.16
166841,0.08
166848,0.24
166857,0.04
166858,0.09
166873,0.08
166889,0.03
166890,0.0
166891,0.11
166902,0.04
166908,0.09
166916,0.11
166920,0.06
166922,0.16
166926,0.02
166928,0.0
166930,0.24
166931,0.18
166932,0.05
166937,0.09
166941,0.04
166944,0.02
166960,0.07
166972,0.12
166973,0.03
166978,0.01
166984,0.16
166994,0.15
166995,0.05
166996,0.03
167001,0.06
167006,0.07
167007,0.21
167037,0.27
167041,0.01
167051,0.09
167052,0.08
167054,0.05
167057,0.07
167058,0.09
167059,0.05
167060,0.02
167066,0.09
167077,0.04
167078,0.13
167080,0.06
167089,0.12
167090,0.09
167091,0.01
167096,0.07
167105,0.06
167121,0.1
167128,0.01
167131,0.35
167139,0.06
167140,0.19
167149,0.13
167152,0.43
167153,0.19
167163,0.07
167167,0.15
167171,0.16
167178,0.03
167179,0.02
167182,0.05
167187,0.04
167192,0.16
167208,0.04
167212,0.11
167217,0.02
167230,0.14
167236,0.01
167238,0.24
167239,0.09
167257,0.17
167260,0.08
167264,0.21
167271,0.05
167273,0.2
167276,0.08
167283,0.29
167295,0.09
167296,0.29
167299,0.12
167310,0.0
167313,0.1
167323,0.13
167328,0.2
167329,0.16
167333,0.02
167349,0.07
167351,0.14
167359,0.03
167363,0.01
167371,0.01
167384,0.23
167387,0.08
167389,0.05
167393,0.06
167401,0.01
167427,0.0
167428,0.0
167433,0.12
167434,0.11
167437,0.02
167438,0.05
167454,0.05
167475,0.02
167480,0.06
167491,0.25
167494,0.1
167495,0.09
167503,0.02
167521,0.06
167529,0.04
167530,0.04
167550,0.06
167554,0.07
167557,0.11
167562,0.02
167566,0.16
167572,0.2
167573,0.14
167578,0.05
167592,0.17
167597,0.02
167621,0.03
167622,0.02
167631,0.21
167637,0.34
167638,0.03
167645,0.13
167648,0.24
167697,0.22
167698,0.0
167701,0.01
167708,0.01
167714,0.05
167717,0.12
167727,0.01
167737,0.02
167746,0.28
167751,0.09
167753,0.17
167755,0.02
167771,0.1
167805,0.08
167811,0.08
167815,0.05
167829,0.07
167830,0.06
167834,0.09
167841,0.13
167846,0.05
167851,0.18
167871,0.01
167890,0.21
167898,0.07
167901,0.02
167902,0.07
167907,0.27
167911,0.08
167912,0.03
167916,0.01
167917,0.06
167928,0.18
167940,0.05
167947,0.05
167948,0.11
167953,0.01
167957,0.19
167958,0.12
167968,0.07
167970,0.02
167977,0.02
167980,0.0
167993,0.17
167994,0.04
167998,0.15
168000,0.1
168006,0.03
168011,0.07
168012,0.02
168013,0.15
168022,0.03
168026,0.11
168032,0.05
168046,0.08
168054,0.15
168071,0.04
168078,0.17
168092,0.02
168093,0.15
168097,0.04
168105,0.04
168107,0.13
168108,0.07
168115,0.31
168127,0.05
168133,0.28
168135,0.05
168162,0.03
168163,0.01
168165,0.11
168169,0.05
168171,0.25
168174,0.15
168175,0.25
168186,0.0
168202,0.02
168204,0.01
168208,0.06
168229,0.05
168239,0.14
168245,0.13
168276,0.01
168309,0.04
168313,0.15
168322,0.03
168323,0.04
168326,0.11
168331,0.19
168349,0.13
168384,0.02
168398,0.06
168403,0.07
168405,0.04
168416,0.01
168418,0.03
168420,0.2
168422,0.0
168436,0.11
168438,0.01
168443,0.06
168444,0.03
168446,0.03
168454,0.09
168459,0.04
168462,0.1
168472,0.02
168485,0.03
168496,0.06
168503,0.01
168515,0.1
168516,0.15
168520,0.21
168521,0.04
168531,0.03
168542,0.02
168548,0.02
168551,0.1
168575,0.1
168580,0.09
168588,0.11
168593,0.0
168614,0.05
168615,0.04
168622,0.03
168623,0.11
168634,0.06
168645,0.13
168651,0.13
168683,0.05
168691,0.21
168708,0.14
168716,0.21
168718,0.01
168720,0.07
168722,0.26
168731,0.06
168736,0.05
168738,0.21
168747,0.03
168751,0.3
168752,0.05
168753,0.05
168774,0.1
168782,0.15
168788,0.0
168790,0.16
168791,0.2
168793,0.18
168796,0.1
168802,0.11
168803,0.07
168810,0.27
168817,0.01
168820,0.26
168823,0.06
168827,0.14
168828,0.09
168831,0.0
168842,0.06
168845,0.13
168855,0.1
168856,0.06
168861,0.09
168876,0.01
168897,0.33
168899,0.07
168913,0.22
168915,0.02
168916,0.08
168929,0.19
168930,0.03
168933,0.13
168954,0.03
168957,0.14
168959,0.13
168960,0.15
168961,0.09
168968,0.14
168969,0.06
168994,0.18
168995,0.17
169003,0.03
169004,0.18
169008,0.07
169009,0.01
169014,0.05
169030,0.23
169048,0.07
169061,0.11
169070,0.15
169092,0.05
169117,0.29
169118,0.27
169121,0.06
169123,0.09
169124,0.27
169137,0.09
169138,0.02
169143,0.01
169165,0.04
169166,0.03
169167,0.06
169168,0.14
169175,0.02
169184,0.03
169195,0.12
169196,0.0
169197,0.08
169202,0.23
169204,0.12
169212,0.03
169214,0.17
169218,0.16
169239,0.09
169248,0.07
169252,0.01
169254,0.15
169257,0.04
169264,0.19
169267,0.05
169269,0.29
169278,0.18
169297,0.11
169299,0.16
169301,0.13
169306,0.1
169323,0.26
169328,0.21
169330,0.13
169331,0.0
169346,0.13
169348,0.06
169350,0.21
169353,0.05
169355,0.1
169364,0.16
169365,0.01
169367,0.07
169370,0.01
169378,0.18
169385,0.0
169387,0.13
169389,0.07
169395,0.3
169412,0.09
169426,0.25
169427,0.1
169432,0.11
169436,0.13
169453,0.14
169455,0.15
169457,0.13
169458,0.04
169461,0.04
169467,0.04
169470,0.05
169477,0.18
169481,0.03
169483,0.12
169490,0.2
169491,0.05
169495,0.07
169504,0.18
169514,0.01
169517,0.13
169523,0.03
169528,0.2
169534,0.09
169535,0.04
169537,0.13
169541,0.05
169546,0.01
169549,0.03
169554,0.3
169561,0.1
169571,0.04
169580,0.26
169597,0.04
169598,0.02
169625,0.09
169626,0.14
169627,0.05
169628,0.17
169629,0.08
169658,0.05
169659,0.09
169668,0.03
169669,0.19
169673,0.03
169674,0.04
169676,0.12
169677,0.1
169678,0.06
169680,0.05
169695,0.21
169698,0.2
169710,0.32
169719,0.0
169720,0.06
169722,0.01
169735,0.12
169745,0.02
169749,0.03
169754,0.03
169760,0.05
169772,0.11
169773,0.04
169780,0.01
169788,0.01
169793,0.08
169809,0.13
169810,0.13
169824,0.01
169831,0.03
169833,0.01
169836,0.02
169859,0.13
169864,0.31
169872,0.08
169895,0.24
169911,0.04
169914,0.03
169960,0.14
169961,0.19
169964,0.05
169974,0.04
169988,0.02
169989,0.04
169995,0.01
170007,0.07
170026,0.11
170030,0.2
170033,0.21
170041,0.17
170043,0.03
170048,0.02
170050,0.1
170051,0.03
170056,0.2
170072,0.22
170076,0.0
170080,0.12
170101,0.06
170102,0.04
170107,0.22
170115,0.08
170119,0.08
170128,0.15
170129,0.05
170134,0.22
170136,0.11
170139,0.03
170140,0.11
170143,0.24
170148,0.32
170159,0.06
170163,0.17
170164,0.24
170173,0.01
170178,0.08
170179,0.0
170199,0.22
170203,0.08
170207,0.06
170211,0.06
170217,0.0
170224,0.03
170225,0.05
170255,0.31
170258,0.01
170259,0.08
170262,0.03
170278,0.12
170284,0.01
170285,0.3
170292,0.05
170293,0.25
170301,0.15
170302,0.27
170305,0.12
170309,0.1
170310,0.02
170326,0.07
170327,0.02
170328,0.1
170329,0.04
170330,0.14
170331,0.02
170337,0.03
170340,0.19
170341,0.06
170343,0.19
170361,0.08
170366,0.16
170376,0.17
170382,0.13
170396,0.06
170400,0.13
170403,0.16
170409,0.31
170410,0.0
170421,0.09
170425,0.18
170427,0.02
170428,0.12
170435,0.01
170438,0.07
170442,0.06
170446,0.07
170461,0.16
170473,0.15
170477,0.12
170516,0.04
170517,0.04
170522,0.05
170523,0.05
170534,0.08
170535,0.15
170538,0.15
170549,0.03
170556,0.06
170563,0.05
170570,0.05
170580,0.24
170582,0.06
170584,0.15
170585,0.06
170587,0.12
170590,0.05
170598,0.17
170599,0.18
170601,0.09
170612,0.08
170617,0.09
170620,0.09
170629,0.02
170647,0.2
170651,0.08
170654,0.04
170657,0.13
170662,0.17
170707,0.03
170719,0.09
170722,0.09
170723,0.08
170731,0.23
170735,0.06
170750,0.08
170769,0.02
170770,0.09
170776,0.24
170783,0.11
170789,0.22
170800,0.07
170809,0.09
170810,0.03
170811,0.22
170827,0.03
170842,0.06
170854,0.05
170857,0.18
170865,0.15
170867,0.01
170869,0.08
170870,0.16
170878,0.09
170881,0.2
170910,0.22
170913,0.15
170919,0.08
170932,0.08
170939,0.11
170947,0.12
170950,0.04
170953,0.13
170954,0.03
170970,0.1
170972,0.01
170973,0.17
170980,0.02
170981,0.03
170983,0.08
170998,0.06
171001,0.06
171004,0.05
171020,0.14
171023,0.07
171026,0.08
171060,0.21
171061,0.05
171065,0.01
171077,0.2
171081,0.07
171103,0.06
171110,0.22
171114,0.08
171118,0.08
171119,0.34
171120,0.29
171137,0.18
171147,0.1
171153,0.1
171156,0.22
171158,0.11
171163,0.04
171169,0.03
171170,0.06
171172,0.01
171173,0.07
171176,0.03
171181,0.13
171182,0.14
171191,0.04
171193,0.02
171195,0.31
171198,0.03
171205,0.1
171212,0.32
171237,0.02
171241,0.04
171262,0.03
171263,0.09
171266,0.06
171274,0.02
171290,0.04
171291,0.26
171297,0.07
171307,0.01
171311,0.29
171320,0.04
171322,0.03
171328,0.03
171337,0.16
171346,0.17
171348,0.09
171354,0.13
171358,0.02
171359,0.03
171360,0.07
171369,0.08
171379,0.05
171384,0.11
171388,0.03
171390,0.11
171394,0.0
171395,0.04
171399,0.16
171403,0.0
171422,0.02
171423,0.04
171469,0.18
171480,0.06
171487,0.05
171497,0.02
171502,0.21
171503,0.06
171506,0.06
171521,0.03
171530,0.11
171540,0.14
171541,0.2
171544,0.12
171551,0.07
171582,0.22
171587,0.06
171597,0.2
171603,0.19
171610,0.12
171614,0.01
171619,0.01
171621,0.09
171625,0.04
171626,0.02
171638,0.02
171642,0.01
171658,0.08
171674,0.11
171677,0.07
171684,0.03
171685,0.24
171686,0.03
171695,0.03
171702,0.02
171703,0.04
171704,0.01
171705,0.04
171706,0.04
171709,0.02
171712,0.03
171716,0.0
171730,0.07
171748,0.0
171757,0.19
171767,0.05
171768,0.24
171771,0.11
171775,0.01
171778,0.27
171780,0.17
171781,0.01
171785,0.08
171786,0.21
171789,0.25
171802,0.04
171803,0.01
171812,0.17
171862,0.0
171864,0.18
171891,0.19
171892,0.04
171913,0.03
171914,0.11
171922,0.14
171927,0.02
171933,0.01
171934,0.18
171943,0.14
171945,0.08
171960,0.06
171964,0.03
171975,0.09
171994,0.16
171996,0.06
171997,0.01
172000,0.05
172029,0.05
172038,0.07
172039,0.01
172043,0.14
172046,0.03
172048,0.08
172049,0.08
172053,0.12
172054,0.2
172058,0.06
172060,0.05
172061,0.02
172067,0.11
172072,0.08
172073,0.08
172098,0.14
172100,0.02
172101,0.09
172113,0.32
172144,0.07
172147,0.03
172149,0.21
172168,0.06
172169,0.01
172175,0.06
172197,0.23
172200,0.12
172205,0.1
172207,0.04
172210,0.06
172261,0.17
172279,0.06
172294,0.0
172300,0.0
172301,0.09
172310,0.11
172351,0.01
172353,0.01
172358,0.0
172374,0.03
172380,0.11
172384,0.02
172400,0.14
172403,0.04
172408,0.25
172411,0.02
172420,0.03
172426,0.18
172433,0.05
172434,0.13
172442,0.06
172443,0.12
172452,0.15
172454,0.1
172456,0.15
172460,0.16
172470,0.05
172479,0.09
172481,0.06
172483,0.01
172484,0.25
172485,0.03
172486,0.14
172493,0.03
172494,0.18
172497,0.17
172504,0.03
172518,0.17
172523,0.08
172527,0.1
172533,0.03
172536,0.07
172540,0.1
172541,0.12
172543,0.05
172545,0.11
172547,0.02
172551,0.06
172556,0.26
172562,0.0
172570,0.1
172574,0.05
172575,0.04
172599,0.02
172611,0.14
172612,0.12
172616,0.0
172623,0.16
172627,0.08
172635,0.21
172643,0.17
172644,0.06
172652,0.21
172656,0.11
172661,0.08
172664,0.04
172672,0.05
172678,0.09
172680,0.03
172683,0.02
172684,0.07
172690,0.09
172695,0.04
172696,0.03
172701,0.0
172713,0.15
172714,0.0
172731,0.09
172738,0.04
172761,0.18
172767,0.33
172770,0.16
172771,0.1
172799,0.01
172800,0.2
172804,0.03
172805,0.0
172820,0.06
172829,0.27
172831,0.05
172833,0.05
172843,0.03
172853,0.07
172855,0.1
172856,0.1
172857,0.03
172863,0.01
172877,0.11
172881,0.08
172895,0.07
172896,0.0
172910,0.04
172922,0.0
172939,0.13
172942,0.22
172945,0.17
172948,0.04
172949,0.13
172953,0.0
172967,0.17
172993,0.03
172995,0.02
172996,0.33
172997,0.22
172998,0.09
172999,0.08
173004,0.02
173006,0.21
173007,0.09
173013,0.09
173016,0.05
173020,0.17
173030,0.08
173048,0.03
173056,0.03
173066,0.05
173079,0.11
173107,0.11
173109,0.06
173127,0.02
173128,0.04
173130,0.14
173137,0.01
173157,0.15
173160,0.08
173168,0.05
173193,0.05
173197,0.21
173215,0.01
173216,0.1
173227,0.02
173236,0.13
173237,0.14
173247,0.1
173250,0.15
173259,0.22
173277,0.23
173285,0.11
173286,0.05
173299,0.05
173310,0.28
173312,0.12
173313,0.01
173320,0.16
173330,0.03
173333,0.07
173351,0.13
173370,0.21
173372,0.07
173381,0.15
173386,0.02
173387,0.25
173388,0.12
173393,0.0
173394,0.2
173403,0.02
173467,0.04
173469,0.25
173475,0.11
173476,0.09
173477,0.03
173484,0.14
173485,0.07
173488,0.21
173491,0.01
173520,0.03
173522,0.34
173535,0.02
173539,0.06
173549,0.03
173552,0.01
173565,0.1
173586,0.07
173587,0.03
173588,0.02
173595,0.01
173606,0.15
173620,0.24
173623,0.07
173629,0.07
173647,0.04
173649,0.16
173650,0.1
173652,0.01
173654,0.08
173665,0.12
173667,0.25
173685,0.07
173710,0.13
173711,0.16
173713,0.04
173718,0.22
173743,0.05
173744,0.07
173762,0.24
173768,0.09
173769,0.36
173770,0.07
173773,0.13
173779,0.16
173780,0.06
173781,0.2
173783,0.05
173795,0.01
173800,0.25
173812,0.03
173823,0.23
173834,0.11
173874,0.07
173891,0.05
173904,0.12
173909,0.06
173925,0.01
173941,0.03
173942,0.07
173944,0.13
173955,0.02
173959,0.1
174000,0.07
174004,0.04
174006,0.02
174008,0.07
174012,0.09
174017,0.14
174020,0.03
174044,0.14
174051,0.07
174052,0.06
174059,0.05
174060,0.01
174061,0.06
174063,0.03
174068,0.17
174069,0.11
174072,0.11
174074,0.09
174091,0.16
174092,0.04
174098,0.24
174105,0.09
174107,0.06
174110,0.04
174121,0.03
174126,0.21
174153,0.05
174156,0.01
174160,0.09
174173,0.0
174183,0.04
174185,0.03
174188,0.28
174198,0.05
174206,0.06
174207,0.03
174211,0.08
174239,0.14
174260,0.1
174261,0.02
174262,0.24
174264,0.02
174271,0.09
174275,0.2
174277,0.05
174286,0.0
174301,0.02
174312,0.21
174314,0.05
174322,0.1
174323,0.25
174325,0.04
174326,0.04
174327,0.1
174334,0.09
174360,0.03
174362,0.08
174367,0.06
174371,0.05
174372,0.03
174384,0.01
174390,0.05
174391,0.05
174396,0.01
174412,0.06
174423,0.38
174428,0.15
174429,0.3
174438,0.02
174481,0.12
174483,0.14
174484,0.06
174485,0.13
174488,0.11
174497,0.1
174509,0.11
174513,0.02
174514,0.19
174520,0.12
174526,0.0
174532,0.03
174536,0.09
174537,0.02
174538,0.13
174539,0.12
174540,0.05
174549,0.0
174551,0.06
174563,0.19
174574,0.11
174575,0.16
174586,0.06
174590,0.06
174606,0.17
174607,0.21
174609,0.01
174610,0.24
174630,0.14
174631,0.02
174661,0.02
174665,0.01
174666,0.02
174677,0.06
174690,0.32
174700,0.03
174702,0.07
174703,0.08
174713,0.02
174721,0.08
174726,0.09
174729,0.05
174741,0.11
174742,0.1
174754,0.01
174757,0.04
174782,0.27
174795,0.01
174805,0.05
174806,0.05
174809,0.14
174810,0.13
174829,0.09
174830,0.41
174832,0.07
174836,0.1
174839,0.03
174843,0.17
174854,0.09
174861,0.04
174863,0.03
174867,0.07
174871,0.11
174887,0.1
174890,0.08
174897,0.0
174901,0.16
174903,0.01
174912,0.03
174913,0.09
174920,0.27
174922,0.17
174924,0.08
174925,0.09
174928,0.01
174938,0.11
174939,0.0
174943,0.1
174950,0.19
174954,0.18
174955,0.01
174957,0.05
174965,0.08
174966,0.09
174967,0.19
174977,0.13
174983,0.06
174986,0.18
174987,0.01
175012,0.21
175015,0.02
175025,0.2
175027,0.07
175029,0.04
175056,0.19
175075,0.09
175081,0.06
175097,0.14
175128,0.03
175129,0.1
175138,0.06
175169,0.17
175183,0.16
175211,0.01
175212,0.06
175215,0.06
175223,0.07
175225,0.02
175233,0.12
175250,0.04
175253,0.02
175257,0.06
175260,0.0
175261,0.05
175264,0.05
175284,0.2
175288,0.0
175295,0.07
175309,0.04
175310,0.14
175313,0.14
175334,0.15
175337,0.04
175346,0.04
175347,0.04
175349,0.06
175350,0.08
175351,0.09
175367,0.14
175369,0.11
175371,0.17
175372,0.02
175392,0.24
175400,0.06
175402,0.02
175403,0.25
175407,0.16
175408,0.01
175414,0.11
175431,0.02
175435,0.09
175442,0.03
175454,0.02
175456,0.03
175457,0.03
175464,0.1
175465,0.09
175477,0.07
175488,0.1
175495,0.07
175499,0.11
175500,0.04
175515,0.12
175519,0.09
175520,0.2
175531,0.02
175534,0.05
175543,0.05
175566,0.04
175568,0.04
175573,0.13
175574,0.05
175576,0.09
175591,0.0
175593,0.01
175605,0.19
175609,0.18
175617,0.02
175624,0.19
175629,0.02
175633,0.04
175645,0.16
175649,0.0
175650,0.01
175653,0.09
175659,0.02
175660,0.0
175661,0.1
175664,0.05
175665,0.14
175677,0.02
175682,0.16
175684,0.28
175687,0.07
175690,0.09
175706,0.05
175722,0.23
175724,0.16
175730,0.15
175731,0.06
175737,0.16
175743,0.1
175745,0.07
175758,0.02
175768,0.1
175769,0.01
175773,0.02
175775,0.04
175794,0.01
175798,0.06
175809,0.18
175818,0.01
175830,0.03
175835,0.07
175840,0.28
175864,0.02
175875,0.02
175890,0.03
175892,0.01
175914,0.04
175930,0.15
175935,0.06
175955,0.01
175958,0.01
175959,0.04
175960,0.26
175964,0.04
175968,0.09
175986,0.13
175987,0.11
175997,0.05
175998,0.12
176003,0.07
176004,0.04
176021,0.1
176034,0.1
176035,0.09
176043,0.18
176045,0.11
176051,0.02
176052,0.0
176059,0.02
176067,0.03
176073,0.15
176076,0.04
176077,0.08
176085,0.01
176088,0.06
176095,0.06
176118,0.13
176129,0.03
176177,0.03
176183,0.03
176206,0.19
176218,0.03
176240,0.1
176253,0.05
176260,0.07
176275,0.04
176285,0.03
176288,0.03
176289,0.05
176290,0.09
176297,0.03
176300,0.22
176301,0.07
176319,0.03
176322,0.09
176337,0.01
176346,0.07
176347,0.13
176352,0.05
176358,0.0
176359,0.16
176365,0.1
176371,0.14
176403,0.11
176419,0.1
176428,0.04
176429,0.18
176430,0.15
176432,0.14
176437,0.19
176440,0.01
176441,0.22
176450,0.02
176454,0.05
176459,0.03
176460,0.01
176467,0.07
176472,0.3
176482,0.06
176483,0.47
176486,0.18
176487,0.11
176494,0.12
176497,0.1
176500,0.19
176509,0.12
176511,0.04
176512,0.0
176522,0.12
176525,0.05
176526,0.15
176537,0.01
176538,0.09
176572,0.03
176573,0.09
176574,0.33
176579,0.1
176580,0.02
176592,0.28
176601,0.03
176603,0.23
176605,0.03
176606,0.02
176615,0.06
176620,0.16
176634,0.05
176635,0.03
176638,0.01
176639,0.04
176641,0.06
176661,0.13
176668,0.07
176669,0.08
176683,0.26
176688,0.0
176700,0.13
176702,0.05
176705,0.28
176709,0.05
176710,0.16
176720,0.04
176726,0.04
176731,0.09
176732,0.06
176733,0.23
176734,0.02
176736,0.14
176741,0.01
176756,0.17
176785,0.03
176790,0.14
176793,0.04
176820,0.13
176827,0.16
176828,0.04
176839,0.38
176848,0.02
176850,0.02
176853,0.02
176866,0.06
176867,0.03
176875,0.12
176883,0.17
176888,0.21
176890,0.1
176898,0.13
176917,0.07
176925,0.14
176929,0.05
176934,0.25
176938,0.06
176953,0.05
176957,0.17
176970,0.05
176997,0.09
177029,0.12
177030,0.06
177031,0.07
177032,0.17
177047,0.08
177048,0.02
177051,0.07
177055,0.03
177060,0.03
177064,0.14
177065,0.02
177069,0.14
177076,0.22
177085,0.05
177087,0.08
177105,0.13
177126,0.02
177133,0.21
177141,0.08
177146,0.17
177156,0.15
177179,0.01
177187,0.2
177192,0.22
177203,0.16
177228,0.19
177229,0.09
177249,0.02
177250,0.19
177253,0.18
177260,0.02
177262,0.17
177270,0.12
177275,0.13
177284,0.08
177285,0.16
177314,0.18
177319,0.18
177325,0.08
177327,0.05
177339,0.01
177344,0.06
177378,0.12
177384,0.05
177385,0.08
177386,0.03
177387,0.04
177405,0.01
177423,0.13
177424,0.09
177425,0.01
177430,0.16
177435,0.16
177447,0.19
177448,0.01
177449,0.08
177451,0.13
177460,0.18
177479,0.12
177489,0.04
177504,0.04
177505,0.07
177511,0.18
177524,0.07
177526,0.08
177535,0.04
177558,0.07
177562,0.35
177569,0.08
177579,0.06
177580,0.06
177583,0.05
177584,0.07
177585,0.06
177605,0.11
177606,0.13
177618,0.13
177639,0.23
177649,0.01
177656,0.05
177657,0.04
177661,0.24
177665,0.08
177669,0.09
177680,0.3
177688,0.18
177689,0.02
177694,0.02
177696,0.25
177700,0.08
177705,0.06
177710,0.09
177720,0.02
177728,0.05
177729,0.1
177731,0.11
177733,0.12
177749,0.09
177751,0.08
177767,0.11
177776,0.04
177780,0.14
177783,0.01
177785,0.1
177791,0.06
177797,0.21
177798,0.09
177799,0.17
177802,0.07
177803,0.08
177805,0.05
177820,0.02
177824,0.05
177825,0.02
177829,0.01
177839,0.22
177861,0.07
177865,0.18
177867,0.06
177875,0.17
177876,0.34
177878,0.0
177883,0.06
177886,0.02
177891,0.17
177892,0.07
177902,0.08
177904,0.1
177931,0.12
177939,0.02
177944,0.11
177946,0.09
177959,0.14
177977,0.09
177992,0.19
177993,0.18
178005,0.2
178008,0.07
178009,0.08
178012,0.11
178015,0.02
178018,0.03
178037,0.08
178050,0.01
178058,0.07
178060,0.05
178064,0.25
178074,0.03
178077,0.09
178094,0.07
178095,0.25
178096,0.08
178107,0.01
178117,0.0
178146,0.01
178154,0.23
178160,0.05
178164,0.03
178172,0.03
178174,0.17
178182,0.27
178184,0.17
178196,0.06
178223,0.2
178225,0.05
178226,0.0
178240,0.24
178242,0.03
178250,0.13
178268,0.07
178282,0.02
178285,0.12
178288,0.05
178290,0.05
178295,0.03
178312,0.03
178317,0.04
178342,0.22
178343,0.08
178344,0.03
178346,0.07
178353,0.12
178356,0.3
178358,0.03
178359,0.08
178362,0.17
178380,0.08
178387,0.05
178391,0.16
178395,0.14
178408,0.16
178415,0.02
178421,0.23
178424,0.18
178428,0.09
178432,0.02
178433,0.08
178436,0.07
178442,0.08
178453,0.05
178459,0.07
178467,0.11
178472,0.21
178491,0.05
178499,0.04
178504,0.15
178506,0.12
178509,0.02
178517,0.02
178525,0.11
178530,0.08
178531,0.16
178537,0.12
178553,0.2
178557,0.01
178565,0.11
178566,0.01
178579,0.08
178586,0.07
178589,0.13
178592,0.18
178610,0.05
178620,0.07
178621,0.03
178622,0.21
178643,0.03
178665,0.08
178671,0.02
178675,0.01
178692,0.04
178722,0.02
178723,0.03
178726,0.19
178731,0.26
178737,0.08
178739,0.03
178745,0.01
178766,0.02
178771,0.03
178775,0.06
178785,0.11
178789,0.06
178790,0.04
178792,0.08
178804,0.03
178817,0.07
178821,0.08
178825,0.04
178830,0.15
178831,0.15
178832,0.27
178847,0.08
178853,0.13
178856,0.06
178867,0.01
178868,0.02
178881,0.02
178887,0.05
178888,0.18
178908,0.05
178909,0.12
178942,0.04
178943,0.16
178946,0.01
178947,0.22
178950,0.08
178958,0.09
178976,0.03
178986,0.02
178989,0.0
178995,0.09
178996,0.05
179006,0.08
179025,0.22
179034,0.12
179038,0.2
179043,0.02
179050,0.09
179051,0.06
179076,0.41
179077,0.03
179091,0.15
179092,0.07
179111,0.04
179128,0.14
179132,0.08
179137,0.06
179138,0.07
179146,0.1
179148,0.08
179149,0.0
179150,0.03
179155,0.01
179164,0.01
179177,0.09
179178,0.05
179182,0.05
179184,0.03
179186,0.27
179191,0.26
179194,0.04
179201,0.13
179210,0.04
179211,0.05
179212,0.02
179216,0.11
179229,0.05
179235,0.02
179236,0.06
179241,0.05
179244,0.18
179249,0.0
179256,0.41
179260,0.3
179262,0.2
179264,0.13
179268,0.05
179272,0.05
179280,0.11
179287,0.22
179288,0.09
179290,0.0
179295,0.06
179298,0.17
179306,0.07
179307,0.04
179310,0.36
179314,0.01
179317,0.12
179319,0.03
179327,0.05
179336,0.01
179342,0.07
179344,0.22
179347,0.02
179357,0.04
179368,0.26
179413,0.02
179425,0.06
179435,0.06
179447,0.05
179449,0.06
179458,0.02
179460,0.02
179475,0.14
179486,0.15
179493,0.06
179499,0.15
179501,0.01
179508,0.13
179511,0.04
179513,0.03
179519,0.07
179537,0.03
179550,0.01
179559,0.08
179560,0.01
179578,0.05
179583,0.06
179590,0.02
179597,0.06
179599,0.12
179602,0.18
179609,0.06
179621,0.13
179624,0.1
179625,0.08
179630,0.01
179640,0.05
179641,0.15
179644,0.01
179649,0.09
179650,0.11
179652,0.02
179653,0.39
179660,0.15
179662,0.04
179673,0.21
179678,0.05
179679,0.05
179686,0.01
179721,0.03
179733,0.16
179736,0.1
179737,0.08
179748,0.06
179750,0.17
179751,0.08
179752,0.15
179753,0.16
179765,0.08
179768,0.03
179798,0.03
179827,0.04
179837,0.01
179838,0.04
179851,0.04
179868,0.34
179875,0.06
179876,0.07
179882,0.05
179883,0.07
179894,0.03
179905,0.07
179907,0.12
179919,0.02
179926,0.13
179936,0.08
179941,0.04
179945,0.13
179951,0.25
179960,0.08
179967,0.1
179980,0.27
179985,0.23
179997,0.1
180001,0.01
180007,0.02
180011,0.3
180017,0.03
180027,0.05
180033,0.01
180036,0.24
180037,0.15
180041,0.15
180042,0.29
180050,0.19
180059,0.02
180066,0.07
180067,0.01
180085,0.03
180092,0.0
180099,0.02
180101,0.13
180115,0.09
180122,0.02
180126,0.02
180127,0.06
180140,0.11
180141,0.12
180158,0.07
180163,0.18
180178,0.02
180189,0.08
180198,0.04
180201,0.25
180202,0.12
180209,0.06
180239,0.13
180244,0.02
180270,0.03
180271,0.08
180286,0.09
180287,0.04
180291,0.1
180293,0.17
180296,0.08
180297,0.08
180305,0.03
180318,0.04
180319,0.12
180322,0.03
180323,0.0
180331,0.05
180365,0.05
180368,0.07
180369,0.08
180382,0.13
180387,0.08
180388,0.35
180389,0.06
180398,0.05
180399,0.03
180402,0.05
180406,0.07
180407,0.03
180408,0.01
180413,0.06
180416,0.02
180420,0.09
180429,0.21
180430,0.36
180431,0.03
180438,0.12
180441,0.03
180448,0.05
180453,0.05
180478,0.2
180480,0.07
180510,0.04
180524,0.13
180534,0.03
180537,0.32
180545,0.09
180550,0.01
180559,0.1
180583,0.07
180587,0.03
180594,0.16
180597,0.11
180598,0.2
180599,0.04
180601,0.22
180624,0.24
180625,0.33
180634,0.21
180647,0.01
180652,0.11
180656,0.13
180664,0.17
180666,0.24
180674,0.1
180679,0.03
180685,0.11
180692,0.06
180698,0.01
180699,0.05
180700,0.03
180702,0.04
180710,0.04
180736,0.03
180739,0.08
180741,0.03
180743,0.08
180747,0.01
180754,0.04
180755,0.14
180756,0.07
180768,0.02
180773,0.14
180775,0.14
180784,0.04
180787,0.01
180795,0.2
180796,0.1
180799,0.07
180811,0.11
180813,0.18
180827,0.26
180828,0.09
180833,0.35
180834,0.13
180847,0.0
180852,0.27
180853,0.03
180854,0.05
180855,0.09
180856,0.01
180858,0.09
180859,0.17
180867,0.21
180868,0.09
180872,0.08
180873,0.06
180874,0.08
180875,0.06
180878,0.07
180888,0.13
180889,0.03
180891,0.02
180902,0.11
180907,0.04
180913,0.02
180916,0.07
180954,0.0
180962,0.13
180963,0.05
180967,0.09
180971,0.1
180975,0.03
180985,0.05
180991,0.01
181009,0.02
181012,0.02
181015,0.04
181034,0.07
181064,0.12
181071,0.27
181083,0.18
181084,0.03
181085,0.09
181088,0.04
181098,0.09
181110,0.13
181111,0.14
181112,0.02
181114,0.37
181117,0.19
181157,0.11
181160,0.19
181161,0.12
181165,0.16
181179,0.26
181186,0.08
181196,0.02
181197,0.2
181204,0.11
181213,0.06
181214,0.48
181221,0.14
181224,0.08
181226,0.04
181236,0.09
181256,0.44
181257,0.05
181279,0.06
181282,0.07
181285,0.11
181288,0.06
181289,0.09
181290,0.01
181298,0.01
181299,0.27
181307,0.07
181312,0.29
181318,0.09
181322,0.02
181338,0.1
181340,0.08
181342,0.01
181344,0.13
181350,0.04
181373,0.0
181374,0.03
181375,0.01
181379,0.1
181381,0.07
181385,0.26
181388,0.03
181392,0.05
181393,0.1
181425,0.03
181465,0.13
181481,0.09
181484,0.11
181494,0.09
181501,0.04
181507,0.09
181521,0.02
181524,0.0
181538,0.29
181540,0.06
181547,0.09
181551,0.12
181555,0.06
181561,0.07
181564,0.08
181567,0.06
181599,0.07
181602,0.22
181612,0.12
181613,0.16
181615,0.07
181621,0.01
181622,0.17
181629,0.09
181630,0.04
181633,0.0
181635,0.13
181641,0.14
181643,0.12
181644,0.09
181649,0.14
181659,0.11
181660,0.08
181665,0.11
181666,0.06
181672,0.08
181682,0.11
181693,0.26
181697,0.16
181703,0.06
181704,0.03
181720,0.01
181722,0.12
181732,0.19
181733,0.06
181736,0.01
181737,0.16
181747,0.03
181758,0.2
181764,0.03
181770,0.03
181774,0.06
181783,0.2
181788,0.06
181789,0.12
181804,0.01
181809,0.02
181821,0.16
181836,0.02
181863,0.13
181867,0.11
181868,0.03
181871,0.05
181904,0.24
181931,0.02
181932,0.06
181941,0.04
181944,0.22
181958,0.04
181971,0.02
181986,0.04
182002,0.02
182007,0.05
182012,0.11
182022,0.04
182031,0.02
182050,0.03
182053,0.12
182071,0.05
182072,0.1
182073,0.04
182102,0.06
182106,0.01
182116,0.01
182117,0.1
182118,0.04
182124,0.25
182125,0.07
182145,0.05
182150,0.09
182154,0.03
182167,0.12
182179,0.14
182181,0.13
182183,0.06
182218,0.03
182225,0.08
182226,0.24
182266,0.18
182272,0.15
182275,0.3
182295,0.2
182305,0.0
182312,0.09
182313,0.04
182327,0.02
182337,0.03
182340,0.05
182341,0.03
182342,0.03
182345,0.05
182353,0.01
182355,0.02
182371,0.03
182376,0.0
182381,0.01
182382,0.0
182384,0.1
182387,0.03
182412,0.0
182419,0.11
182432,0.22
182438,0.05
182448,0.25
182450,0.16
182465,0.0
182468,0.02
182474,0.01
182483,0.02
182484,0.12
182485,0.1
182486,0.06
182489,0.19
182500,0.11
182501,0.11
182504,0.2
182514,0.0
182524,0.1
182525,0.04
182533,0.1
182536,0.16
182539,0.01
182550,0.06
182553,0.07
182568,0.03
182571,0.02
182573,0.06
182580,0.05
182615,0.03
182618,0.07
182624,0.06
182644,0.13
182686,0.32
182687,0.15
182695,0.28
182718,0.03
182726,0.05
182735,0.19
182742,0.02
182747,0.08
182748,0.1
182752,0.03
182761,0.06
182800,0.03
182802,0.15
182807,0.15
182816,0.04
182818,0.02
182826,0.17
182836,0.01
182840,0.28
182841,0.17
182846,0.07
182862,0.01
182864,0.12
182871,0.1
182878,0.08
182880,0.13
182885,0.01
182893,0.01
182894,0.23
182895,0.04
182901,0.03
182907,0.21
182921,0.08
182952,0.01
182964,0.02
182966,0.14
182980,0.06
182985,0.27
182989,0.01
182994,0.04
183035,0.28
183037,0.28
183042,0.08
183049,0.1
183050,0.04
183051,0.1
183062,0.03
183063,0.07
183064,0.09
183076,0.11
183078,0.16
183086,0.03
183089,0.16
183091,0.03
183097,0.22
183104,0.02
183118,0.3
183119,0.09
183134,0.1
183142,0.22
183157,0.02
183162,0.03
183180,0.18
183193,0.21
183213,0.01
183216,0.23
183223,0.07
183226,0.02
183264,0.07
183273,0.1
183278,0.04
183282,0.08
183283,0.03
183286,0.15
183288,0.09
183299,0.04
183310,0.01
183315,0.13
183332,0.06
183336,0.21
183341,0.16
183342,0.03
183345,0.05
183347,0.03
183360,0.11
183362,0.0
183370,0.03
183379,0.0
183386,0.14
183410,0.07
183417,0.1
183419,0.16
183421,0.15
183425,0.15
183427,0.03
183433,0.15
183434,0.04
183438,0.03
183439,0.03
183440,0.18
183450,0.07
183451,0.06
183453,0.03
183454,0.05
183455,0.23
183457,0.14
183463,0.23
183475,0.0
183478,0.05
183480,0.31
183490,0.01
183494,0.3
183503,0.04
183512,0.2
183517,0.1
183530,0.07
183532,0.04
183533,0.09
183536,0.01
183545,0.06
183549,0.03
183550,0.06
183551,0.17
183555,0.09
183560,0.01
183585,0.04
183591,0.05
183592,0.04
183603,0.29
183610,0.05
183628,0.14
183644,0.06
183646,0.2
183649,0.02
183656,0.12
183658,0.2
183688,0.01
183690,0.04
183691,0.15
183697,0.07
183709,0.3
183711,0.03
183714,0.07
183725,0.15
183736,0.1
183742,0.01
183772,0.04
183776,0.23
183787,0.04
183792,0.26
183793,0.15
183799,0.26
183816,0.06
183818,0.12
183832,0.05
183836,0.08
183839,0.08
183840,0.04
183855,0.11
183857,0.03
183863,0.06
183866,0.13
183876,0.04
183878,0.3
183897,0.02
183902,0.02
183915,0.04
183925,0.31
183936,0.12
183939,0.05
183951,0.0
183956,0.04
183957,0.08
183974,0.0
183982,0.13
183994,0.06
184008,0.06
184013,0.15
184016,0.04
184019,0.04
184024,0.09
184025,0.17
184038,0.02
184045,0.02
184056,0.04
184060,0.08
184071,0.06
184073,0.05
184074,0.09
184077,0.09
184105,0.13
184106,0.22
184133,0.05
184154,0.2
184163,0.07
184165,0.14
184193,0.41
184194,0.07
184195,0.04
184202,0.06
184226,0.3
184230,0.04
184231,0.12
184234,0.12
184238,0.13
184248,0.02
184257,0.02
184268,0.03
184282,0.04
184291,0.05
184294,0.0
184295,0.15
184304,0.07
184309,0.05
184318,0.18
184325,0.08
184329,0.11
184330,0.03
184333,0.26
184337,0.01
184338,0.2
184340,0.0
184341,0.0
184347,0.13
184354,0.07
184355,0.02
184372,0.1
184384,0.16
184385,0.03
184386,0.0
184389,0.13
184401,0.04
184405,0.07
184431,0.24
184450,0.15
184453,0.35
184470,0.08
184471,0.01
184486,0.28
184488,0.0
184489,0.12
184497,0.18
184508,0.04
184509,0.02
184516,0.08
184525,0.03
184526,0.04
184531,0.02
184557,0.08
184576,0.03
184589,0.02
184605,0.07
184613,0.06
184630,0.04
184635,0.07
184636,0.05
184643,0.07
184645,0.09
184653,0.09
184655,0.06
184656,0.1
184660,0.04
184716,0.16
184736,0.05
184758,0.09
184767,0.06
184770,0.15
184773,0.03
184776,0.06
184792,0.19
184812,0.27
184820,0.05
184829,0.08
184831,0.15
184832,0.11
184834,0.0
184847,0.16
184848,0.1
184858,0.04
184866,0.05
184869,0.1
184870,0.03
184873,0.01
184874,0.01
184876,0.14
184879,0.26
184880,0.13
184885,0.03
184896,0.21
184916,0.21
184918,0.11
184919,0.03
184921,0.14
184936,0.02
184944,0.13
184956,0.08
184963,0.17
184964,0.02
184965,0.04
184972,0.12
184977,0.12
184982,0.12
184988,0.25
184992,0.06
184994,0.08
184998,0.16
185017,0.01
185024,0.06
185032,0.15
185037,0.01
185040,0.01
185043,0.06
185048,0.04
185059,0.06
185076,0.21
185083,0.02
185090,0.25
185099,0.05
185101,0.0
185106,0.11
185121,0.15
185125,0.21
185126,0.27
185127,0.05
185153,0.06
185167,0.22
185171,0.08
185178,0.09
185180,0.15
185181,0.05
185183,0.08
185186,0.08
185187,0.1
185188,0.02
185189,0.05
185194,0.18
185207,0.13
185209,0.1
185210,0.09
185212,0.04
185220,0.15
185221,0.08
185230,0.46
185231,0.06
185245,0.04
185249,0.0
185262,0.01
185285,0.14
185286,0.17
185288,0.03
185296,0.02
185298,0.16
185299,0.04
185308,0.03
185311,0.08
185313,0.03
185314,0.07
185332,0.21
185337,0.02
185338,0.0
185339,0.07
185341,0.04
185342,0.0
185344,0.11
185349,0.19
185362,0.02
185363,0.07
185394,0.03
185410,0.07
185418,0.04
185423,0.19
185428,0.03
185442,0.06
185447,0.28
185450,0.06
185454,0.13
185475,0.24
185481,0.19
185483,0.05
185485,0.08
185496,0.0
185504,0.03
185505,0.01
185512,0.02
185515,0.02
185534,0.1
185536,0.0
185538,0.05
185552,0.0
185569,0.09
185576,0.02
185578,0.06
185581,0.08
185584,0.01
185585,0.05
185586,0.14
185592,0.09
185604,0.08
185606,0.06
185607,0.04
185618,0.01
185622,0.18
185628,0.11
185629,0.03
185634,0.08
185637,0.22
185638,0.01
185640,0.08
185641,0.01
185645,0.05
185646,0.24
185647,0.03
185662,0.0
185669,0.03
185675,0.03
185687,0.02
185688,0.12
185689,0.05
185690,0.17
185697,0.11
185710,0.15
185733,0.02
185740,0.15
185806,0.05
185812,0.13
185824,0.04
185825,0.04
185826,0.17
185827,0.22
185828,0.01
185837,0.05
185859,0.08
185861,0.02
185872,0.04
185874,0.04
185891,0.19
185893,0.05
185897,0.07
185900,0.08
185910,0.01
185919,0.09
185932,0.04
185937,0.06
185939,0.03
185965,0.11
185968,0.02
185971,0.15
185978,0.09
185980,0.06
185981,0.04
185982,0.04
185991,0.15
185997,0.04
185998,0.02
186014,0.11
186021,0.07
186025,0.11
186034,0.08
186054,0.09
186061,0.13
186065,0.02
186066,0.02
186070,0.21
186080,0.09
186085,0.06
186094,0.17
186110,0.14
186113,0.08
186116,0.08
186127,0.04
186129,0.12
186135,0.12
186139,0.2
186151,0.01
186153,0.12
186156,0.05
186158,0.07
186159,0.02
186166,0.16
186168,0.06
186169,0.07
186170,0.11
186179,0.04
186188,0.03
186210,0.11
186227,0.04
186229,0.08
186230,0.08
186249,0.04
186254,0.03
186264,0.04
186265,0.13
186273,0.09
186276,0.05
186289,0.13
186296,0.1
186308,0.01
186309,0.06
186310,0.02
186316,0.04
186321,0.03
186333,0.14
186346,0.0
186391,0.13
186398,0.13
186407,0.09
186411,0.2
186415,0.1
186426,0.23
186444,0.04
186448,0.11
186453,0.08
186456,0.01
186460,0.0
186461,0.2
186473,0.02
186489,0.29
186490,0.31
186491,0.05
186492,0.03
186493,0.22
186503,0.09
186505,0.03
186506,0.05
186508,0.11
186524,0.13
186526,0.06
186536,0.02
186539,0.1
186543,0.12
186558,0.16
186568,0.27
186573,0.14
186587,0.0
186599,0.06
186609,0.14
186610,0.03
186612,0.09
186632,0.17
186634,0.12
186649,0.03
186652,0.13
186660,0.08
186668,0.08
186674,0.05
186675,0.02
186679,0.1
186682,0.01
186683,0.02
186695,0.31
186696,0.13
186704,0.24
186709,0.26
186714,0.18
186723,0.0
186726,0.24
186728,0.04
186729,0.0
186731,0.14
186737,0.27
186742,0.01
186743,0.05
186745,0.11
186747,0.08
186750,0.06
186769,0.03
186771,0.22
186787,0.02
186796,0.2
186802,0.28
186811,0.01
186812,0.09
186815,0.03
186840,0.09
186842,0.3
186853,0.2
186859,0.11
186878,0.02
186885,0.01
186890,0.0
186906,0.15
186916,0.01
186927,0.06
186928,0.18
186931,0.16
186934,0.03
186938,0.06
186943,0.11
186944,0.09
186945,0.1
186947,0.05
186952,0.06
186953,0.03
186960,0.13
186962,0.02
186991,0.01
187001,0.38
187017,0.09
187019,0.12
187024,0.03
187035,0.02
187037,0.12
187056,0.02
187057,0.11
187058,0.24
187065,0.1
187066,0.15
187069,0.01
187070,0.08
187074,0.15
187085,0.05
187087,0.07
187100,0.14
187117,0.19
187158,0.13
187159,0.02
187162,0.1
187164,0.02
187167,0.05
187168,0.06
187171,0.03
187184,0.14
187194,0.16
187208,0.15
187211,0.08
187220,0.16
187224,0.11
187242,0.05
187259,0.01
187260,0.06
187267,0.2
187280,0.31
187287,0.12
187291,0.0
187296,0.04
187301,0.21
187315,0.1
187319,0.04
187326,0.29
187328,0.07
187329,0.04
187330,0.05
187335,0.07
187339,0.09
187340,0.17
187353,0.14
187356,0.1
187367,0.12
187383,0.03
187388,0.04
187401,0.06
187415,0.06
187422,0.07
187439,0.24
187440,0.14
187442,0.16
187447,0.11
187448,0.0
187451,0.1
187468,0.02
187475,0.04
187477,0.15
187480,0.03
187498,0.1
187499,0.16
187516,0.03
187524,0.08
187534,0.03
187552,0.05
187577,0.15
187584,0.03
187585,0.04
187603,0.04
187608,0.22
187625,0.02
187637,0.17
187639,0.09
187641,0.03
187652,0.02
187684,0.09
187689,0.09
187698,0.16
187708,0.05
187716,0.1
187717,0.05
187719,0.05
187720,0.19
187743,0.01
187749,0.05
187762,0.25
187763,0.03
187772,0.1
187786,0.07
187787,0.01
187809,0.14
187826,0.31
187828,0.01
187829,0.04
187833,0.03
187847,0.02
187852,0.02
187862,0.09
187867,0.1
187868,0.18
187870,0.07
187871,0.04
187879,0.11
187894,0.16
187895,0.06
187899,0.15
187903,0.16
187915,0.01
187919,0.02
187941,0.03
187942,0.21
187944,0.04
187947,0.07
187949,0.3
187950,0.03
187952,0.06
187964,0.08
187967,0.08
187977,0.01
187983,0.02
187987,0.11
187988,0.05
187990,0.12
187991,0.37
187998,0.08
188014,0.08
188017,0.05
188021,0.1
188032,0.03
188039,0.04
188040,0.05
188044,0.05
188045,0.02
188054,0.17
188069,0.11
188070,0.09
188081,0.01
188092,0.21
188106,0.03
188108,0.12
188117,0.02
188120,0.06
188130,0.1
188133,0.05
188136,0.04
188151,0.01
188153,0.08
188158,0.06
188171,0.03
188175,0.13
188192,0.15
188194,0.11
188198,0.1
188199,0.05
188228,0.18
188232,0.08
188233,0.07
188234,0.1
188245,0.1
188248,0.0
188254,0.1
188261,0.09
188262,0.17
188267,0.14
188276,0.06
188281,0.32
188282,0.03
188295,0.02
188309,0.01
188313,0.04
188324,0.12
188327,0.07
188328,0.03
188329,0.12
188336,0.05
188337,0.18
188350,0.06
188389,0.06
188399,0.04
188413,0.02
188415,0.11
188421,0.04
188438,0.11
188449,0.38
188466,0.17
188470,0.01
188486,0.09
188492,0.15
188507,0.04
188511,0.03
188521,0.05
188540,0.27
188542,0.12
188551,0.2
188557,0.03
188558,0.06
188561,0.09
188563,0.12
188565,0.07
188577,0.07
188586,0.05
188591,0.06
188594,0.13
188614,0.14
188622,0.03
188626,0.05
188632,0.09
188635,0.1
188639,0.17
188645,0.1
188646,0.13
188647,0.04
188653,0.02
188659,0.06
188677,0.16
188694,0.04
188695,0.0
188696,0.02
188707,0.11
188714,0.04
188715,0.1
188722,0.13
188724,0.06
188729,0.12
188734,0.04
188739,0.5
188746,0.09
188747,0.01
188768,0.09
188770,0.08
188772,0.06
188787,0.04
188792,0.08
188793,0.0
188808,0.12
188828,0.19
188848,0.08
188851,0.12
188856,0.03
188862,0.1
188875,0.1
188876,0.34
188878,0.08
188880,0.02
188890,0.02
188900,0.08
188914,0.16
188928,0.2
188936,0.06
188946,0.09
188947,0.01
188948,0.07
188949,0.01
188950,0.33
188980,0.17
188982,0.19
188988,0.15
188990,0.13
188992,0.02
188993,0.02
188994,0.07
188997,0.06
188998,0.19
189009,0.12
189018,0.03
189022,0.04
189034,0.08
189045,0.03
189059,0.09
189062,0.1
189075,0.24
189086,0.06
189087,0.07
189107,0.15
189113,0.04
189144,0.14
189148,0.03
189199,0.14
189201,0.08
189202,0.05
189207,0.16
189213,0.08
189214,0.2
189224,0.01
189230,0.07
189251,0.04
189252,0.05
189255,0.24
189256,0.05
189257,0.08
189260,0.0
189261,0.1
189262,0.03
189263,0.01
189272,0.04
189282,0.0
189284,0.21
189294,0.13
189304,0.08
189314,0.11
189317,0.27
189333,0.01
189337,0.14
189347,0.02
189355,0.13
189357,0.12
189366,0.02
189374,0.14
189379,0.0
189388,0.09
189397,0.02
189418,0.11
189453,0.07
189458,0.07
189460,0.05
189481,0.02
189482,0.2
189483,0.05
189490,0.07
189491,0.06
189492,0.0
189511,0.06
189512,0.01
189518,0.01
189519,0.06
189531,0.06
189541,0.23
189550,0.09
189551,0.03
189559,0.16
189564,0.1
189573,0.08
189585,0.0
189587,0.16
189605,0.07
189612,0.0
189633,0.13
189640,0.03
189641,0.24
189643,0.03
189650,0.04
189652,0.02
189656,0.07
189661,0.25
189663,0.12
189684,0.25
189688,0.06
189711,0.1
189729,0.21
189747,0.23
189761,0.28
189773,0.1
189774,0.0
189779,0.14
189780,0.08
189796,0.03
189799,0.01
189800,0.02
189807,0.09
189808,0.08
189826,0.14
189836,0.0
189843,0.15
189845,0.09
189852,0.12
189853,0.23
189855,0.01
189866,0.02
189886,0.2
189888,0.07
189902,0.11
189907,0.15
189910,0.12
189922,0.04
189924,0.11
189933,0.11
189935,0.03
189939,0.01
189951,0.15
189965,0.08
189966,0.11
189977,0.13
189989,0.02
189990,0.02
190002,0.09
190006,0.28
190008,0.03
190009,0.02
190021,0.02
190058,0.07
190061,0.0
190069,0.09
190072,0.05
190078,0.19
190109,0.11
190112,0.31
190117,0.05
190132,0.03
190133,0.36
190153,0.09
190164,0.0
190167,0.01
190169,0.16
190179,0.37
190184,0.08
190188,0.0
190199,0.08
190200,0.23
190201,0.23
190227,0.07
190229,0.07
190245,0.02
190272,0.36
190274,0.15
190281,0.07
190282,0.06
190290,0.1
190299,0.24
190301,0.22
190304,0.05
190306,0.05
190311,0.26
190341,0.1
190354,0.01
190364,0.0
190368,0.07
190375,0.19
190383,0.09
190384,0.21
190387,0.04
190388,0.16
190392,0.24
190394,0.34
190405,0.15
190406,0.2
190412,0.03
190413,0.24
190431,0.08
190452,0.03
190454,0.08
190461,0.08
190475,0.14
190489,0.11
190507,0.15
190513,0.08
190515,0.22
190516,0.02
190522,0.08
190523,0.17
190526,0.09
190533,0.04
190537,0.13
190542,0.04
190545,0.12
190548,0.01
190555,0.16
190561,0.06
190562,0.01
190566,0.05
190581,0.06
190590,0.04
190591,0.24
190593,0.03
190612,0.01
190617,0.16
190618,0.06
190619,0.18
190643,0.05
190647,0.1
190663,0.03
190664,0.06
190678,0.01
190691,0.01
190697,0.1
190698,0.04
190701,0.3
190702,0.25
190713,0.09
190739,0.05
190744,0.16
190756,0.16
190767,0.12
190777,0.15
190808,0.06
190825,0.05
190830,0.05
190844,0.32
190855,0.07
190860,0.18
190861,0.11
190865,0.06
190884,0.17
190886,0.14
190887,0.05
190893,0.18
190899,0.24
190900,0.02
190901,0.07
190903,0.02
190909,0.14
190911,0.12
190916,0.04
190922,0.01
190926,0.09
190927,0.0
190929,0.1
190931,0.12
190948,0.03
190954,0.0
190957,0.02
190965,0.09
190978,0.11
190986,0.12
190990,0.12
190993,0.08
190998,0.08
190999,0.06
191028,0.02
191033,0.06
191042,0.3
191076,0.01
191114,0.08
191137,0.22
191138,0.16
191140,0.07
191141,0.02
191143,0.24
191145,0.07
191161,0.13
191167,0.28
191192,0.07
191199,0.14
191200,0.0
191205,0.01
191206,0.07
191214,0.04
191217,0.01
191222,0.05
191224,0.02
191232,0.21
191238,0.08
191243,0.05
191247,0.02
191250,0.03
191266,0.06
191278,0.09
191279,0.02
191282,0.23
191287,0.2
191290,0.07
191291,0.14
191296,0.12
191301,0.03
191304,0.05
191305,0.05
191306,0.16
191324,0.07
191359,0.09
191360,0.07
191362,0.1
191371,0.09
191379,0.19
191394,0.05
191413,0.16
191430,0.07
191435,0.05
191449,0.06
191452,0.05
191464,0.17
191465,0.05
191466,0.02
191469,0.19
191490,0.31
191494,0.15
191498,0.26
191506,0.18
191508,0.04
191509,0.03
191515,0.23
191524,0.04
191548,0.05
191562,0.02
191568,0.17
191596,0.07
191609,0.04
191619,0.06
191624,0.12
191628,0.04
191630,0.13
191648,0.13
191649,0.12
191654,0.07
191655,0.04
191659,0.09
191674,0.03
191675,0.02
191680,0.13
191681,0.03
191684,0.07
191686,0.01
191721,0.26
191722,0.0
191726,0.09
191727,0.1
191732,0.1
191735,0.03
191738,0.23
191745,0.21
191746,0.06
191751,0.05
191761,0.09
191772,0.01
191785,0.06
191794,0.0
191799,0.08
191806,0.12
191807,0.03
191809,0.14
191824,0.14
191826,0.11
191834,0.09
191837,0.01
191841,0.01
191845,0.01
191847,0.1
191850,0.02
191869,0.05
191873,0.12
191876,0.12
191878,0.35
191880,0.01
191881,0.15
191883,0.02
191898,0.04
191907,0.0
191910,0.06
191918,0.11
191920,0.19
191923,0.13
191942,0.19
191943,0.12
191951,0.01
191952,0.01
191958,0.11
191963,0.14
191971,0.09
191992,0.24
192000,0.35
192001,0.06
192008,0.08
192018,0.01
192029,0.01
192030,0.01
192031,0.04
192043,0.04
192045,0.17
192052,0.08
192056,0.02
192071,0.09
192082,0.07
192088,0.01
192103,0.06
192105,0.1
192119,0.01
192144,0.04
192151,0.06
192158,0.05
192163,0.03
192172,0.06
192176,0.1
192177,0.17
192212,0.0
192221,0.32
192223,0.32
192224,0.04
192238,0.11
192239,0.03
192252,0.22
192259,0.07
192268,0.02
192274,0.15
192276,0.05
192277,0.02
192289,0.02
192296,0.1
192308,0.09
192309,0.02
192315,0.13
192322,0.13
192324,0.09
192343,0.2
192345,0.03
192367,0.09
192375,0.12
192382,0.12
192389,0.05
192390,0.15
192391,0.11
192423,0.04
192427,0.04
192431,0.06
192433,0.04
192451,0.01
192453,0.07
192455,0.06
192468,0.07
192469,0.09
192474,0.01
192481,0.09
192482,0.01
192483,0.02
192486,0.14
192490,0.15
192491,0.05
192494,0.07
192507,0.03
192508,0.04
192509,0.28
192525,0.09
192526,0.06
192528,0.0
192535,0.16
192545,0.15
192548,0.08
192572,0.3
192594,0.09
192607,0.02
192625,0.06
192626,0.04
192631,0.01
192632,0.11
192636,0.07
192637,0.07
192655,0.02
192657,0.02
192674,0.21
192675,0.1
192680,0.08
192682,0.2
192686,0.02
192698,0.16
192703,0.0
192705,0.01
192717,0.1
192720,0.16
192721,0.09
192722,0.06
192728,0.04
192734,0.0
192739,0.07
192740,0.09
192752,0.0
192761,0.0
192770,0.07
192780,0.06
192782,0.02
192783,0.14
192789,0.22
192796,0.0
192800,0.03
192802,0.07
192811,0.02
192812,0.09
192815,0.03
192838,0.17
192861,0.07
192868,0.1
192872,0.14
192876,0.01
192877,0.05
192897,0.13
192898,0.04
192903,0.03
192904,0.1
192905,0.01
192911,0.2
192920,0.13
192921,0.1
192922,0.1
192942,0.18
192946,0.38
192963,0.02
192978,0.15
192979,0.08
192981,0.12
192991,0.06
192995,0.06
192998,0.07
193019,0.02
193027,0.11
193028,0.11
193032,0.03
193036,0.12
193044,0.08
193046,0.1
193049,0.01
193050,0.1
193054,0.04
193057,0.05
193060,0.09
193075,0.11
193088,0.02
193091,0.18
193112,0.05
193122,0.0
193123,0.33
193128,0.08
193133,0.04
193143,0.09
193150,0.05
193151,0.04
193160,0.38
193180,0.24
193198,0.04
193204,0.14
193207,0.02
193210,0.1
193225,0.02
193232,0.21
193248,0.14
193249,0.21
193262,0.0
193270,0.11
193273,0.12
193275,0.02
193286,0.05
193289,0.23
193290,0.01
193311,0.29
193321,0.12
193322,0.12
193340,0.1
193349,0.1
193368,0.12
193369,0.05
193375,0.0
193385,0.25
193389,0.01
193394,0.07
193396,0.13
193398,0.01
193402,0.05
193409,0.07
193421,0.2
193426,0.03
193430,0.03
193436,0.16
193437,0.08
193440,0.02
193441,0.14
193449,0.1
193462,0.0
193464,0.07
193468,0.04
193474,0.02
193475,0.06
193479,0.16
193484,0.08
193488,0.06
193496,0.27
193507,0.19
193510,0.04
193512,0.01
193514,0.05
193515,0.07
193516,0.21
193520,0.05
193522,0.11
193541,0.0
193545,0.11
193549,0.16
193554,0.07
193558,0.13
193568,0.01
193569,0.11
193579,0.02
193587,0.06
193589,0.14
193613,0.06
193642,0.09
193643,0.01
193647,0.0
193648,0.01
193663,0.04
193664,0.17
193665,0.0
193672,0.1
193675,0.29
193686,0.25
193692,0.08
193706,0.08
193725,0.04
193726,0.1
193727,0.02
193733,0.05
193738,0.35
193739,0.03
193745,0.09
193759,0.11
193767,0.01
193774,0.26
193776,0.02
193777,0.29
193787,0.23
193789,0.04
193793,0.14
193805,0.02
193808,0.08
193816,0.06
193817,0.11
193821,0.18
193831,0.09
193832,0.01
193874,0.01
193879,0.01
193882,0.17
193910,0.02
193915,0.1
193916,0.09
193921,0.28
193924,0.13
193926,0.01
193927,0.22
193949,0.03
193954,0.07
193966,0.17
193970,0.12
193971,0.04
193975,0.03
193980,0.14
193982,0.24
193983,0.16
193987,0.04
193997,0.06
194000,0.19
194013,0.01
194014,0.17
194026,0.07
194039,0.09
194042,0.03
194054,0.07
194057,0.09
194058,0.02
194068,0.02
194071,0.12
194073,0.21
194075,0.04
194093,0.21
194098,0.17
194105,0.0
194106,0.15
194110,0.06
194128,0.05
194137,0.04
194149,0.02
194150,0.06
194155,0.0
194157,0.05
194158,0.05
194164,0.03
194165,0.09
194166,0.08
194170,0.11
194171,0.05
194177,0.14
194187,0.04
194188,0.06
194213,0.12
194229,0.13
194230,0.07
194241,0.02
194243,0.06
194244,0.12
194276,0.01
194279,0.01
194280,0.1
194281,0.08
194291,0.01
194293,0.41
194306,0.13
194307,0.1
194308,0.08
194310,0.13
194314,0.18
194326,0.22
194330,0.37
194338,0.08
194366,0.15
194370,0.01
194371,0.04
194379,0.06
194382,0.08
194383,0.1
194395,0.15
194402,0.08
194406,0.01
194408,0.19
194413,0.05
194414,0.09
194419,0.05
194423,0.21
194424,0.15
194429,0.07
194436,0.09
194468,0.08
194469,0.03
194478,0.07
194480,0.29
194484,0.13
194505,0.09
194514,0.18
194516,0.01
194523,0.31
194526,0.01
194533,0.21
194534,0.02
194536,0.1
194548,0.1
194552,0.07
194558,0.03
194561,0.12
194563,0.0
194569,0.08
194581,0.27
194586,0.03
194590,0.0
194598,0.11
194600,0.0
194603,0.05
194604,0.01
194605,0.1
194607,0.15
194610,0.13
194620,0.04
194627,0.18
194650,0.17
194652,0.09
194659,0.09
194660,0.09
194662,0.0
194665,0.08
194675,0.06
194677,0.05
194679,0.02
194691,0.21
194696,0.02
194713,0.06
194716,0.1
194717,0.06
194725,0.11
194732,0.03
194737,0.06
194738,0.26
194769,0.05
194791,0.08
194802,0.06
194806,0.09
194810,0.08
194812,0.14
194813,0.03
194816,0.02
194827,0.0
194844,0.02
194856,0.08
194860,0.14
194866,0.08
194867,0.02
194877,0.1
194879,0.08
194880,0.0
194881,0.09
194887,0.02
194900,0.09
194906,0.05
194907,0.13
194908,0.2
194914,0.11
194934,0.27
194955,0.17
194956,0.02
194965,0.05
194966,0.1
194980,0.07
194985,0.06
194986,0.03
194995,0.07
194999,0.0
195000,0.06
195010,0.13
195013,0.08
195044,0.02
195048,0.08
195050,0.3
195051,0.19
195055,0.18
195070,0.0
195074,0.26
195075,0.17
195077,0.17
195081,0.05
195088,0.06
195089,0.07
195091,0.05
195096,0.22
195100,0.09
195103,0.19
195116,0.06
195117,0.17
195129,0.03
195151,0.02
195158,0.12
195164,0.11
195176,0.13
195186,0.18
195187,0.28
195198,0.05
195201,0.08
195207,0.07
195214,0.14
195215,0.11
195234,0.01
195235,0.03
195239,0.03
195240,0.03
195253,0.1
195255,0.01
195280,0.04
195291,0.1
195293,0.09
195300,0.06
195306,0.01
195307,0.15
195322,0.02
195326,0.46
195330,0.0
195341,0.14
195343,0.08
195367,0.02
195369,0.05
195371,0.0
195372,0.01
195389,0.06
195415,0.06
195435,0.1
195439,0.16
195440,0.04
195444,0.06
195447,0.09
195450,0.01
195451,0.06
195456,0.03
195457,0.24
195461,0.32
195462,0.11
195463,0.03
195466,0.11
195468,0.03
195469,0.11
195489,0.05
195495,0.03
195496,0.25
195504,0.06
195505,0.22
195506,0.05
195511,0.07
195518,0.02
195519,0.15
195529,0.09
195531,0.11
195546,0.04
195547,0.01
195552,0.09
195577,0.07
195579,0.06
195588,0.08
195597,0.15
195607,0.03
195617,0.05
195626,0.05
195632,0.23
195634,0.25
195635,0.15
195645,0.09
195648,0.08
195674,0.24
195691,0.04
195695,0.14
195703,0.08
195710,0.25
195711,0.01
195727,0.05
195729,0.13
195734,0.07
195739,0.03
195740,0.03
195746,0.25
195750,0.19
195769,0.25
195772,0.13
195785,0.01
195789,0.12
195793,0.04
195801,0.03
195803,0.03
195810,0.15
195818,0.0
195819,0.12
195823,0.07
195828,0.03
195836,0.05
195843,0.13
195858,0.1
195876,0.08
195890,0.06
195891,0.14
195900,0.14
195905,0.13
195910,0.09
195911,0.1
195912,0.14
195917,0.15
195918,0.18
195923,0.19
195937,0.08
195940,0.5
195945,0.01
195946,0.02
195948,0.04
195955,0.01
195957,0.2
195958,0.11
195959,0.21
195970,0.06
195974,0.0
195979,0.22
195990,0.12
196004,0.04
196007,0.22
196012,0.21
196019,0.11
196029,0.15
196034,0.08
196042,0.12
196066,0.16
196067,0.18
196071,0.03
196074,0.11
196075,0.03
196079,0.09
196080,0.15
196082,0.1
196083,0.16
196085,0.12
196115,0.08
196118,0.14
196128,0.06
196149,0.05
196150,0.1
196162,0.23
196194,0.11
196198,0.05
196204,0.04
196206,0.04
196210,0.12
196220,0.03
196221,0.01
196230,0.0
196236,0.19
196242,0.12
196256,0.25
196261,0.25
196274,0.04
196281,0.07
196303,0.02
196305,0.16
196322,0.05
196343,0.0
196346,0.0
196354,0.1
196357,0.06
196359,0.12
196360,0.23
196361,0.04
196364,0.19
196371,0.03
196375,0.01
196377,0.05
196378,0.11
196381,0.04
196384,0.01
196385,0.13
196388,0.25
196394,0.2
196400,0.13
196401,0.04
196404,0.11
196411,0.19
196436,0.13
196443,0.15
196444,0.16
196446,0.3
196475,0.19
196476,0.14
196486,0.01
196489,0.2
196492,0.09
196498,0.11
196500,0.01
196505,0.13
196507,0.21
196510,0.04
196514,0.03
196530,0.06
196544,0.0
196551,0.21
196578,0.09
196585,0.13
196587,0.01
196588,0.24
196594,0.19
196598,0.34
196605,0.0
196618,0.09
196619,0.06
196623,0.03
196624,0.09
196643,0.14
196649,0.02
196650,0.0
196656,0.07
196663,0.25
196667,0.17
196669,0.11
196681,0.27
196717,0.08
196726,0.14
196728,0.1
196729,0.11
196731,0.11
196736,0.03
196738,0.14
196745,0.16
196747,0.0
196748,0.1
196753,0.02
196757,0.09
196760,0.05
196777,0.33
196788,0.06
196799,0.09
196808,0.07
196819,0.04
196825,0.05
196826,0.19
196834,0.04
196841,0.13
196847,0.19
196849,0.03
196851,0.12
196867,0.06
196884,0.19
196889,0.26
196898,0.09
196901,0.0
196917,0.07
196930,0.09
196936,0.05
196956,0.03
196959,0.04
196962,0.07
196963,0.06
196971,0.31
196972,0.07
196977,0.05
196984,0.11
196985,0.19
197010,0.23
197029,0.15
197040,0.02
197058,0.15
197060,0.03
197064,0.2
197075,0.02
197083,0.21
197102,0.28
197103,0.15
197107,0.04
197129,0.07
197135,0.15
197140,0.0
197150,0.14
197152,0.04
197153,0.08
197154,0.04
197156,0.18
197166,0.01
197167,0.01
197177,0.11
197178,0.0
197187,0.05
197191,0.12
197205,0.09
197206,0.1
197219,0.22
197224,0.03
197245,0.1
197246,0.05
197273,0.17
197275,0.04
197278,0.08
197288,0.1
197290,0.2
197294,0.02
197295,0.05
197311,0.0
197314,0.12
197320,0.17
197321,0.18
197324,0.26
197327,0.07
197332,0.15
197333,0.3
197335,0.09
197348,0.0
197362,0.13
197363,0.14
197368,0.05
197378,0.16
197381,0.18
197384,0.06
197386,0.17
197393,0.07
197396,0.07
197400,0.08
197408,0.02
197412,0.23
197413,0.09
197415,0.05
197418,0.13
197427,0.09
197443,0.35
197448,0.09
197449,0.02
197470,0.02
197478,0.05
197482,0.11
197488,0.05
197491,0.15
197495,0.15
197498,0.28
197502,0.1
197507,0.11
197509,0.14
197510,0.16
197512,0.09
197513,0.08
197524,0.08
197525,0.07
197529,0.43
197533,0.03
197534,0.12
197540,0.02
197541,0.04
197559,0.06
197566,0.02
197582,0.07
197585,0.06
197587,0.11
197595,0.14
197598,0.03
197601,0.02
197603,0.03
197607,0.16
197611,0.12
197625,0.32
197631,0.05
197633,0.06
197638,0.21
197640,0.1
197644,0.01
197645,0.08
197646,0.12
197650,0.04
197657,0.06
197664,0.05
197668,0.05
197681,0.05
197682,0.12
197693,0.1
197695,0.07
197699,0.24
197709,0.02
197711,0.23
197715,0.0
197716,0.06
197722,0.22
197728,0.24
197729,0.09
197730,0.12
197744,0.03
197768,0.06
197770,0.01
197775,0.08
197788,0.06
197795,0.02
197806,0.08
197808,0.12
197812,0.11
197813,0.08
197822,0.1
197827,0.06
197828,0.01
197836,0.11
197857,0.04
197862,0.1
197872,0.1
197892,0.03
197903,0.08
197907,0.05
197908,0.08
197916,0.12
197921,0.12
197924,0.14
197930,0.15
197934,0.19
197942,0.02
197945,0.21
197958,0.01
197959,0.01
197967,0.08
197969,0.23
197978,0.19
197999,0.03
198001,0.13
198004,0.07
198007,0.19
198019,0.12
198020,0.07
198024,0.13
198026,0.03
198038,0.04
198044,0.02
198050,0.1
198054,0.2
198055,0.02
198082,0.03
198094,0.06
198095,0.05
198099,0.06
198101,0.14
198102,0.02
198114,0.16
198125,0.05
198127,0.04
198128,0.01
198137,0.05
198141,0.04
198142,0.05
198155,0.09
198179,0.09
198181,0.38
198184,0.04
198185,0.02
198186,0.08
198187,0.06
198193,0.05
198197,0.02
198209,0.01
198221,0.12
198225,0.09
198229,0.33
198237,0.18
198239,0.3
198247,0.08
198253,0.03
198272,0.01
198279,0.03
198282,0.02
198284,0.03
198285,0.03
198287,0.19
198294,0.09
198309,0.17
198312,0.12
198315,0.02
198323,0.02
198331,0.12
198333,0.31
198359,0.18
198370,0.24
198378,0.02
198379,0.08
198381,0.1
198383,0.18
198384,0.26
198385,0.04
198420,0.12
198421,0.13
198425,0.08
198427,0.21
198429,0.08
198437,0.05
198445,0.02
198452,0.04
198454,0.04
198487,0.01
198523,0.14
198528,0.14
198530,0.11
198539,0.1
198540,0.07
198547,0.07
198566,0.0
198568,0.0
198569,0.06
198595,0.0
198600,0.03
198614,0.02
198617,0.02
198619,0.28
198627,0.13
198640,0.01
198655,0.09
198664,0.08
198665,0.0
198666,0.15
198670,0.03
198673,0.34
198680,0.11
198689,0.04
198690,0.1
198702,0.02
198703,0.02
198704,0.16
198714,0.07
198715,0.07
198717,0.03
198718,0.06
198720,0.26
198721,0.02
198730,0.01
198739,0.17
198754,0.04
198761,0.13
198772,0.06
198774,0.05
198775,0.1
198779,0.0
198783,0.02
198790,0.15
198794,0.15
198798,0.2
198799,0.02
198802,0.22
198806,0.02
198847,0.09
198854,0.13
198858,0.05
198859,0.27
198865,0.14
198872,0.04
198874,0.05
198878,0.02
198883,0.13
198884,0.02
198891,0.03
198899,0.1
198907,0.09
198916,0.04
198917,0.2
198934,0.06
198937,0.02
198938,0.01
198941,0.15
198957,0.07
198966,0.15
198984,0.04
198997,0.04
199001,0.13
199003,0.28
199009,0.04
199011,0.04
199013,0.06
199015,0.13
199024,0.07
199026,0.16
199027,0.14
199029,0.06
199030,0.07
199041,0.02
199048,0.11
199057,0.12
199058,0.07
199062,0.02
199067,0.09
199070,0.05
199075,0.02
199076,0.01
199092,0.17
199096,0.01
199104,0.1
199114,0.03
199115,0.01
199117,0.06
199126,0.1
199131,0.03
199141,0.01
199145,0.03
199150,0.12
199151,0.04
199153,0.03
199166,0.05
199167,0.06
199177,0.16
199182,0.05
199183,0.14
199185,0.04
199212,0.02
199213,0.17
199222,0.24
199229,0.03
199230,0.09
199242,0.18
199243,0.0
199246,0.04
199247,0.04
199249,0.03
199262,0.13
199263,0.05
199275,0.04
199276,0.21
199287,0.04
199298,0.04
199304,0.12
199307,0.0
199311,0.12
199316,0.01
199320,0.1
199321,0.01
199325,0.11
199326,0.13
199327,0.13
199334,0.03
199344,0.14
199345,0.07
199352,0.13
199364,0.14
199378,0.14
199379,0.03
199387,0.01
199405,0.11
199418,0.12
199424,0.1
199425,0.08
199432,0.05
199433,0.05
199442,0.25
199446,0.07
199457,0.09
199458,0.14
199477,0.09
199522,0.11
199525,0.18
199533,0.18
199536,0.04
199537,0.03
199550,0.12
199560,0.09
199564,0.18
199575,0.06
199580,0.01
199586,0.04
199597,0.01
199598,0.11
199604,0.02
199608,0.03
199609,0.18
199616,0.0
199625,0.11
199648,0.44
199650,0.05
199655,0.1
199663,0.08
199670,0.03
199673,0.05
199685,0.08
199696,0.19
199703,0.13
199704,0.04
199706,0.02
199727,0.13
199740,0.09
199746,0.28
199764,0.17
199766,0.14
199785,0.01
199786,0.06
199795,0.09
199797,0.08
199803,0.34
199804,0.07
199810,0.03
199815,0.06
199822,0.08
199824,0.01
199828,0.1
199833,0.35
199840,0.06
199844,0.05
199846,0.06
199858,0.07
199862,0.04
199865,0.17
199866,0.05
199869,0.08
199870,0.0
199871,0.21
199878,0.01
199889,0.15
199891,0.02
199898,0.05
199903,0.01
199904,0.02
199924,0.1
199950,0.02
199954,0.07
199956,0.0
199962,0.32
199965,0.24
199971,0.04
199972,0.16
199988,0.12
199995,0.11
199997,0.03
199998,0.12
199999,0.05
200011,0.06
200012,0.05
200016,0.02
200019,0.01
200030,0.0
200031,0.06
200032,0.1
200038,0.05
200043,0.07
200044,0.08
200045,0.12
200053,0.23
200057,0.09
200061,0.01
200064,0.09
200071,0.23
200084,0.16
200085,0.01
200086,0.1
200093,0.09
200095,0.13
200105,0.03
200111,0.09
200116,0.29
200125,0.37
200126,0.08
200157,0.03
200173,0.14
200181,0.22
200185,0.05
200187,0.01
200193,0.04
200200,0.04
200202,0.07
200206,0.15
200207,0.04
200216,0.03
200229,0.06
200234,0.02
200241,0.18
200244,0.09
200258,0.05
200262,0.11
200268,0.24
200277,0.06
200286,0.09
200293,0.07
200299,0.3
200306,0.16
200335,0.01
200358,0.04
200366,0.01
200367,0.01
200370,0.06
200373,0.25
200374,0.08
200383,0.13
200387,0.07
200390,0.13
200391,0.13
200421,0.12
200437,0.07
200442,0.06
200447,0.01
200460,0.23
200463,0.04
200467,0.14
200487,0.05
200488,0.05
200490,0.18
200493,0.06
200494,0.06
200501,0.0
200506,0.0
200516,0.01
200518,0.01
200520,0.13
200523,0.11
200524,0.08
200525,0.1
200534,0.09
200538,0.05
200552,0.03
200556,0.1
200557,0.11
200567,0.01
200568,0.18
200570,0.03
200572,0.13
200576,0.04
200585,0.05
200587,0.12
200588,0.07
200593,0.07
200594,0.03
200595,0.07
200603,0.27
200615,0.03
200624,0.15
200631,0.25
200632,0.05
200636,0.11
200638,0.06
200641,0.17
200650,0.0
200653,0.07
200657,0.13
200668,0.11
200669,0.1
200670,0.07
200676,0.04
200697,0.0
200710,0.18
200720,0.04
200729,0.07
200749,0.04
200753,0.22
200755,0.06
200756,0.09
200757,0.07
200768,0.16
200776,0.0
200799,0.19
200801,0.04
200810,0.05
200823,0.07
200832,0.37
200836,0.06
200838,0.05
200864,0.17
200867,0.01
200869,0.03
200873,0.18
200876,0.04
200881,0.07
200883,0.0
200890,0.04
200895,0.28
200897,0.0
200899,0.01
200900,0.07
200907,0.07
200912,0.05
200926,0.08
200930,0.05
200971,0.0
200974,0.07
200979,0.03
200998,0.03
201008,0.24
201018,0.23
201026,0.0
201043,0.02
201049,0.02
201050,0.15
201061,0.06
201062,0.01
201072,0.17
201076,0.23
201077,0.16
201081,0.15
201084,0.23
201089,0.04
201092,0.02
201109,0.03
201110,0.11
201116,0.04
201122,0.07
201135,0.17
201143,0.02
201153,0.07
201159,0.1
201165,0.03
201187,0.25
201197,0.03
201218,0.2
201219,0.17
201231,0.05
201234,0.01
201243,0.05
201246,0.18
201254,0.11
201256,0.03
201262,0.46
201263,0.0
201272,0.14
201273,0.01
201281,0.12
201290,0.03
201294,0.03
201296,0.0
201320,0.07
201332,0.03
201342,0.09
201343,0.03
201347,0.04
201350,0.03
201351,0.11
201362,0.19
201363,0.14
201368,0.05
201373,0.04
201375,0.01
201378,0.06
201386,0.11
201387,0.03
201390,0.22
201393,0.22
201409,0.05
201442,0.14
201444,0.05
201447,0.09
201451,0.13
201474,0.04
201481,0.0
201491,0.03
201498,0.05
201499,0.13
201501,0.1
201502,0.08
201516,0.09
201517,0.22
201524,0.07
201526,0.42
201528,0.0
201532,0.02
201543,0.32
201544,0.06
201546,0.14
201552,0.0
201554,0.06
201556,0.14
201557,0.04
201559,0.09
201575,0.23
201592,0.14
201593,0.17
201600,0.08
201630,0.11
201631,0.15
201635,0.09
201638,0.03
201642,0.01
201645,0.01
201660,0.04
201663,0.02
201665,0.01
201674,0.03
201675,0.1
201677,0.04
201688,0.14
201698,0.03
201706,0.03
201709,0.02
201710,0.3
201718,0.12
201720,0.14
201727,0.16
201730,0.06
201732,0.07
201733,0.02
201736,0.08
201738,0.13
201744,0.11
201747,0.09
201751,0.13
201766,0.27
201777,0.02
201778,0.02
201785,0.31
201804,0.06
201808,0.06
201813,0.29
201815,0.01
201820,0.15
201825,0.04
201830,0.0
201838,0.02
201839,0.17
201845,0.01
201849,0.0
201850,0.06
201853,0.06
201856,0.06
201873,0.21
201875,0.05
201906,0.27
201907,0.12
201908,0.03
201909,0.05
201911,0.06
201927,0.05
201928,0.13
201937,0.08
201943,0.06
201946,0.06
201948,0.04
201949,0.1
201955,0.0
201962,0.02
201977,0.04
201996,0.03
201997,0.12
202004,0.05
202005,0.03
202006,0.07
202010,0.01
202020,0.14
202029,0.18
202033,0.18
202034,0.03
202040,0.27
202045,0.05
202048,0.0
202055,0.03
202058,0.06
202062,0.01
202073,0.18
202078,0.02
202079,0.08
202080,0.08
202085,0.14
202090,0.08
202092,0.05
202114,0.03
202124,0.0
202133,0.19
202136,0.16
202150,0.12
202156,0.0
202159,0.13
202165,0.04
202167,0.13
202168,0.04
202169,0.05
202170,0.32
202204,0.0
202209,0.06
202216,0.07
202220,0.05
202228,0.05
202229,0.07
202231,0.1
202232,0.01
202234,0.28
202252,0.09
202253,0.19
202272,0.1
202273,0.11
202292,0.03
202300,0.02
202302,0.05
202311,0.05
202316,0.06
202318,0.09
202324,0.08
202343,0.03
202344,0.02
202349,0.0
202351,0.26
202355,0.02
202379,0.12
202407,0.01
202409,0.23
202410,0.03
202422,0.06
202423,0.16
202435,0.17
202437,0.19
202438,0.12
202439,0.11
202441,0.16
202444,0.04
202446,0.28
202450,0.05
202455,0.06
202457,0.01
202461,0.11
202463,0.14
202473,0.06
202478,0.0
202484,0.22
202490,0.17
202491,0.09
202492,0.28
202497,0.3
202508,0.04
202509,0.08
202510,0.04
202511,0.03
202514,0.05
202524,0.05
202527,0.1
202547,0.08
202554,0.03
202557,0.16
202568,0.24
202573,0.16
202587,0.1
202599,0.06
202610,0.1
202613,0.14
202618,0.11
202621,0.05
202645,0.05
202646,0.03
202649,0.2
202653,0.14
202655,0.11
202656,0.07
202659,0.24
202661,0.07
202681,0.05
202688,0.04
202691,0.17
202692,0.04
202697,0.22
202698,0.09
202717,0.09
202720,0.16
202724,0.39
202725,0.1
202734,0.19
202740,0.0
202743,0.05
202746,0.04
202760,0.01
202761,0.01
202765,0.05
202769,0.04
202785,0.11
202793,0.14
202796,0.04
202805,0.06
202816,0.04
202823,0.13
202825,0.07
202829,0.06
202830,0.19
202848,0.19
202861,0.12
202862,0.07
202863,0.19
202879,0.21
202889,0.01
202894,0.18
202895,0.07
202897,0.0
202899,0.05
202900,0.15
202907,0.06
202927,0.15
202945,0.05
202951,0.16
202955,0.09
202960,0.04
202967,0.08
202972,0.06
202982,0.07
202993,0.0
202996,0.04
202998,0.06
203008,0.03
203026,0.12
203038,0.11
203044,0.08
203054,0.01
203070,0.22
203075,0.16
203082,0.02
203089,0.01
203090,0.01
203098,0.17
203108,0.02
203109,0.04
203113,0.02
203123,0.03
203124,0.0
203128,0.29
203129,0.15
203131,0.27
203142,0.09
203154,0.18
203175,0.07
203176,0.15
203183,0.05
203185,0.01
203195,0.02
203201,0.09
203205,0.2
203218,0.08
203241,0.05
203244,0.09
203245,0.01
203253,0.26
203259,0.02
203264,0.26
203276,0.07
203283,0.17
203286,0.01
203288,0.08
203290,0.12
203298,0.12
203300,0.05
203312,0.13
203318,0.05
203331,0.08
203337,0.01
203339,0.01
203344,0.03
203348,0.1
203349,0.06
203350,0.06
203358,0.21
203366,0.04
203371,0.05
203377,0.17
203399,0.09
203402,0.09
203407,0.26
203410,0.08
203421,0.13
203428,0.09
203431,0.04
203433,0.18
203459,0.07
203460,0.2
203462,0.1
203470,0.12
203475,0.11
203476,0.03
203496,0.25
203518,0.0
203547,0.03
203549,0.04
203550,0.06
203552,0.07
203561,0.27
203564,0.17
203567,0.12
203575,0.06
203590,0.2
203591,0.01
203605,0.13
203606,0.03
203640,0.07
203643,0.36
203647,0.25
203648,0.02
203669,0.05
203671,0.02
203692,0.02
203695,0.1
203706,0.0
203713,0.03
203730,0.11
203736,0.06
203745,0.27
203751,0.2
203753,0.01
203755,0.06
203762,0.08
203769,0.05
203774,0.05
203796,0.04
203799,0.05
203806,0.05
203807,0.22
203810,0.14
203816,0.15
203821,0.19
203822,0.03
203850,0.09
203854,0.0
203862,0.24
203868,0.13
203869,0.02
203870,0.04
203876,0.1
203878,0.1
203889,0.05
203897,0.04
203905,0.18
203914,0.07
203915,0.12
203950,0.07
203956,0.04
203957,0.0
203973,0.18
203975,0.05
203980,0.02
203997,0.12
204001,0.12
204008,0.1
204017,0.07
204020,0.12
204021,0.14
204026,0.11
204027,0.11
204043,0.05
204047,0.02
204055,0.03
204059,0.05
204060,0.13
204061,0.05
204073,0.08
204076,0.17
204086,0.12
204088,0.06
204102,0.1
204116,0.16
204117,0.08
204121,0.14
204129,0.09
204139,0.24
204148,0.01
204149,0.07
204175,0.01
204181,0.15
204183,0.0
204187,0.06
204193,0.26
204194,0.17
204195,0.02
204196,0.04
204202,0.13
204206,0.07
204207,0.15
204214,0.05
204222,0.03
204226,0.02
204227,0.1
204228,0.12
204231,0.16
204232,0.22
204235,0.43
204237,0.05
204239,0.01
204242,0.07
204254,0.06
204255,0.02
204259,0.11
204268,0.17
204280,0.18
204282,0.17
204307,0.06
204314,0.1
204318,0.06
204321,0.05
204330,0.06
204335,0.04
204339,0.32
204344,0.01
204350,0.13
204371,0.02
204372,0.0
204374,0.16
204383,0.06
204392,0.25
204403,0.01
204409,0.0
204416,0.13
204417,0.09
204437,0.21
204440,0.04
204445,0.06
204446,0.07
204449,0.03
204468,0.0
204504,0.04
204506,0.04
204536,0.02
204539,0.2
204601,0.05
204614,0.18
204616,0.21
204618,0.05
204623,0.14
204630,0.07
204636,0.25
204639,0.08
204642,0.07
204644,0.0
204648,0.06
204662,0.2
204673,0.02
204674,0.1
204681,0.0
204682,0.02
204683,0.09
204689,0.16
204690,0.17
204707,0.08
204728,0.08
204736,0.38
204740,0.05
204749,0.04
204756,0.04
204771,0.02
204778,0.07
204808,0.02
204822,0.21
204827,0.15
204831,0.08
204836,0.08
204837,0.0
204843,0.04
204846,0.07
204847,0.01
204850,0.17
204852,0.07
204854,0.22
204856,0.18
204857,0.13
204863,0.1
204870,0.02
204885,0.07
204895,0.1
204905,0.11
204911,0.07
204927,0.11
204929,0.14
204941,0.11
204959,0.17
204962,0.15
204965,0.38
204970,0.13
204971,0.02
204972,0.06
205000,0.12
205011,0.01
205013,0.03
205014,0.29
205019,0.07
205043,0.16
205045,0.11
205054,0.03
205066,0.05
205069,0.18
205070,0.06
205071,0.02
205073,0.02
205077,0.07
205078,0.07
205088,0.1
205104,0.14
205107,0.08
205117,0.04
205118,0.0
205128,0.24
205134,0.01
205140,0.01
205141,0.22
205142,0.01
205153,0.24
205158,0.0
205169,0.06
205170,0.09
205183,0.04
205184,0.05
205197,0.01
205199,0.35
205204,0.02
205208,0.05
205209,0.03
205210,0.12
205216,0.09
205219,0.14
205222,0.02
205225,0.03
205235,0.21
205236,0.07
205241,0.0
205244,0.15
205251,0.28
205252,0.1
205258,0.04
205262,0.05
205264,0.07
205274,0.19
205277,0.13
205281,0.11
205306,0.01
205307,0.13
205323,0.04
205336,0.13
205337,0.31
205360,0.35
205363,0.03
205365,0.0
205367,0.03
205368,0.1
205375,0.03
205403,0.08
205411,0.03
205415,0.02
205429,0.11
205434,0.11
205445,0.04
205463,0.06
205471,0.08
205472,0.05
205479,0.23
205480,0.01
205493,0.04
205503,0.14
205508,0.08
205524,0.24
205525,0.12
205526,0.07
205533,0.0
205542,0.0
205545,0.11
205552,0.0
205561,0.09
205563,0.04
205564,0.04
205565,0.04
205566,0.0
205569,0.1
205579,0.07
205585,0.15
205587,0.0
205588,0.05
205591,0.02
205594,0.26
205600,0.2
205608,0.01
205613,0.05
205618,0.05
205619,0.01
205623,0.01
205627,0.3
205628,0.18
205635,0.01
205638,0.06
205640,0.09
205641,0.2
205642,0.32
205643,0.02
205646,0.08
205655,0.01
205672,0.09
205678,0.02
205681,0.06
205682,0.15
205690,0.0
205693,0.05
205695,0.02
205724,0.02
205738,0.04
205741,0.06
205744,0.03
205750,0.02
205751,0.07
205752,0.05
205766,0.0
205773,0.04
205775,0.07
205776,0.02
205789,0.28
205793,0.05
205797,0.01
205798,0.08
205802,0.0
205806,0.11
205807,0.04
205815,0.1
205819,0.02
205821,0.11
205822,0.09
205831,0.26
205832,0.06
205836,0.03
205843,0.07
205862,0.1
205863,0.08
205866,0.14
205873,0.0
205877,0.11
205879,0.11
205880,0.16
205886,0.07
205898,0.07
205903,0.02
205907,0.14
205908,0.04
205909,0.23
205930,0.01
205931,0.0
205932,0.02
205951,0.04
205957,0.19
205960,0.0
205987,0.04
205994,0.1
205995,0.12
206006,0.03
206007,0.04
206013,0.07
206020,0.07
206030,0.03
206035,0.0
206038,0.02
206039,0.11
206061,0.01
206066,0.04
206068,0.04
206071,0.17
206076,0.13
206077,0.13
206091,0.14
206097,0.07
206101,0.05
206145,0.11
206147,0.02
206163,0.03
206171,0.05
206173,0.13
206174,0.15
206197,0.1
206198,0.12
206209,0.18
206211,0.12
206213,0.15
206246,0.24
206252,0.1
206253,0.14
206254,0.08
206257,0.1
206270,0.02
206283,0.04
206290,0.11
206291,0.03
206292,0.15
206307,0.1
206315,0.03
206319,0.11
206324,0.12
206326,0.15
206338,0.08
206339,0.09
206354,0.09
206359,0.08
206374,0.16
206377,0.08
206395,0.17
206403,0.09
206410,0.06
206413,0.04
206414,0.03
206418,0.04
206424,0.16
206427,0.06
206428,0.19
206429,0.1
206430,0.04
206447,0.04
206451,0.05
206465,0.16
206477,0.14
206484,0.21
206497,0.05
206517,0.16
206533,0.14
206542,0.16
206557,0.05
206563,0.11
206564,0.13
206565,0.04
206582,0.07
206593,0.2
206605,0.21
206606,0.08
206621,0.15
206639,0.04
206640,0.1
206641,0.03
206645,0.16
206656,0.18
206666,0.03
206679,0.12
206681,0.07
206684,0.04
206686,0.0
206687,0.02
206697,0.09
206700,0.01
206702,0.13
206703,0.04
206708,0.07
206710,0.01
206721,0.09
206723,0.2
206735,0.17
206739,0.28
206742,0.05
206744,0.17
206747,0.21
206752,0.01
206774,0.15
206776,0.3
206792,0.03
206799,0.05
206805,0.05
206806,0.16
206809,0.07
206812,0.09
206814,0.03
206830,0.11
206831,0.04
206878,0.11
206905,0.05
206908,0.11
206910,0.03
206917,0.08
206920,0.23
206927,0.03
206933,0.07
206945,0.07
206968,0.04
206987,0.14
206989,0.02
207017,0.21
207027,0.01
207029,0.15
207030,0.17
207035,0.14
207040,0.1
207043,0.18
207054,0.08
207055,0.07
207059,0.0
207060,0.04
207062,0.03
207071,0.09
207073,0.19
207079,0.11
207100,0.09
207107,0.11
207129,0.12
207132,0.2
207139,0.03
207148,0.1
207153,0.06
207163,0.14
207164,0.01
207168,0.08
207171,0.02
207173,0.13
207174,0.03
207181,0.02
207182,0.19
207198,0.07
207201,0.03
207213,0.12
207234,0.11
207238,0.04
207256,0.12
207257,0.14
207264,0.24
207268,0.37
207275,0.02
207291,0.07
207296,0.03
207304,0.07
207308,0.04
207314,0.04
207324,0.06
207332,0.06
207333,0.23
207339,0.06
207349,0.03
207351,0.04
207359,0.19
207361,0.02
207365,0.04
207369,0.04
207372,0.07
207377,0.14
207380,0.04
207394,0.03
207412,0.07
207423,0.06
207426,0.0
207427,0.31
207428,0.1
207430,0.33
207437,0.14
207440,0.17
207455,0.03
207456,0.08
207471,0.12
207476,0.16
207483,0.04
207497,0.04
207506,0.06
207515,0.31
207529,0.08
207533,0.13
207534,0.09
207541,0.04
207560,0.03
207561,0.12
207570,0.03
207600,0.04
207630,0.26
207633,0.3
207634,0.01
207635,0.08
207660,0.02
207682,0.06
207684,0.14
207687,0.13
207706,0.08
207708,0.14
207713,0.02
207714,0.11
207718,0.03
207721,0.02
207724,0.11
207727,0.06
207731,0.04
207732,0.15
207734,0.03
207739,0.2
207744,0.21
207787,0.14
207792,0.04
207801,0.19
207811,0.15
207817,0.05
207818,0.13
207819,0.13
207830,0.11
207834,0.06
207841,0.35
207844,0.18
207849,0.24
207856,0.06
207865,0.08
207867,0.09
207873,0.3
207882,0.23
207887,0.02
207888,0.03
207889,0.06
207907,0.06
207921,0.19
207922,0.02
207928,0.02
207930,0.16
207940,0.09
207941,0.02
207956,0.1
207960,0.02
207961,0.07
207968,0.03
207971,0.07
207972,0.24
207975,0.1
207976,0.1
207979,0.1
207997,0.02
207999,0.3
208008,0.13
208027,0.12
208030,0.02
208033,0.44
208035,0.07
208040,0.12
208052,0.21
208067,0.0
208090,0.19
208100,0.05
208102,0.09
208110,0.26
208117,0.02
208119,0.05
208123,0.08
208127,0.37
208136,0.05
208139,0.01
208140,0.04
208144,0.07
208149,0.03
208156,0.13
208166,0.24
208168,0.04
208170,0.3
208172,0.31
208178,0.09
208193,0.01
208195,0.09
208211,0.08
208213,0.06
208229,0.08
208231,0.12
208235,0.01
208238,0.07
208240,0.11
208249,0.0
208262,0.09
208263,0.08
208270,0.06
208288,0.06
208292,0.02
208302,0.01
208303,0.16
208312,0.07
208317,0.03
208322,0.13
208331,0.13
208336,0.06
208337,0.14
208339,0.14
208346,0.17
208353,0.02
208358,0.01
208359,0.03
208360,0.02
208370,0.13
208373,0.05
208390,0.01
208391,0.24
208394,0.07
208396,0.07
208397,0.09
208398,0.19
208400,0.07
208410,0.02
208420,0.1
208421,0.12
208431,0.23
208450,0.11
208451,0.11
208455,0.13
208478,0.07
208479,0.04
208482,0.06
208502,0.11
208516,0.02
208518,0.04
208534,0.26
208550,0.03
208551,0.09
208566,0.11
208567,0.07
208575,0.02
208576,0.01
208588,0.05
208590,0.04
208595,0.01
208619,0.09
208620,0.16
208627,0.25
208629,0.08
208642,0.08
208645,0.08
208661,0.09
208662,0.03
208679,0.02
208681,0.03
208689,0.16
208696,0.07
208701,0.06
208707,0.14
208719,0.01
208720,0.18
208730,0.11
208748,0.02
208753,0.1
208755,0.15
208769,0.06
208775,0.16
208785,0.0
208796,0.03
208806,0.08
208815,0.17
208830,0.06
208833,0.23
208837,0.03
208842,0.07
208860,0.01
208874,0.01
208886,0.06
208897,0.05
208898,0.11
208905,0.07
208907,0.05
208924,0.03
208925,0.06
208933,0.03
208941,0.08
208948,0.04
208960,0.0
208962,0.03
208963,0.05
208965,0.01
208973,0.04
208974,0.05
208986,0.02
208992,0.02
208995,0.07
209001,0.05
209006,0.18
209012,0.01
209022,0.12
209055,0.18
209056,0.15
209057,0.12
209060,0.13
209067,0.04
209071,0.1
209078,0.03
209080,0.0
209094,0.05
209097,0.01
209098,0.04
209101,0.06
209108,0.11
209109,0.06
209111,0.02
209116,0.13
209117,0.24
209121,0.05
209126,0.01
209127,0.03
209141,0.01
209142,0.09
209159,0.08
209164,0.14
209168,0.24
209177,0.25
209197,0.08
209202,0.05
209209,0.0
209211,0.03
209233,0.12
209234,0.04
209253,0.14
209260,0.08
209263,0.12
209268,0.06
209275,0.02
209288,0.25
209298,0.34
209305,0.1
209326,0.14
209340,0.17
209352,0.14
209362,0.13
209367,0.03
209369,0.02
209377,0.03
209387,0.01
209392,0.04
209393,0.01
209420,0.03
209423,0.17
209457,0.03
209458,0.11
209470,0.24
209479,0.14
209483,0.17
209488,0.2
209489,0.01
209497,0.06
209504,0.23
209510,0.09
209513,0.04
209547,0.02
209549,0.09
209556,0.0
209561,0.1
209565,0.2
209591,0.06
209595,0.11
209596,0.1
209608,0.16
209628,0.11
209643,0.13
209645,0.34
209651,0.04
209659,0.16
209660,0.06
209661,0.19
209665,0.08
209682,0.06
209687,0.15
209689,0.02
209699,0.07
209705,0.1
209707,0.1
209713,0.05
209717,0.14
209718,0.14
209723,0.07
209727,0.11
209729,0.03
209739,0.08
209741,0.07
209744,0.19
209748,0.17
209749,0.12
209758,0.04
209761,0.03
209764,0.16
209772,0.02
209773,0.05
209794,0.04
209795,0.13
209814,0.19
209828,0.03
209838,0.08
209839,0.22
209845,0.44
209855,0.04
209862,0.06
209869,0.05
209872,0.02
209879,0.19
209881,0.06
209882,0.21
209893,0.16
209913,0.11
209918,0.18
209920,0.41
209921,0.16
209929,0.21
209943,0.11
209957,0.06
209960,0.13
209962,0.04
209969,0.11
209980,0.0
209986,0.05
209989,0.08
209990,0.02
209991,0.06
210007,0.08
210016,0.07
210018,0.13
210019,0.08
210020,0.03
210036,0.03
210050,0.04
210080,0.02
210084,0.05
210089,0.33
210104,0.09
210129,0.05
210135,0.02
210137,0.16
210140,0.15
210145,0.01
210146,0.06
210147,0.07
210152,0.01
210157,0.05
210158,0.09
210164,0.05
210170,0.11
210171,0.04
210173,0.29
210174,0.05
210176,0.12
210190,0.04
210191,0.29
210195,0.29
210196,0.1
210201,0.27
210211,0.16
210231,0.07
210239,0.21
210241,0.1
210242,0.07
210255,0.17
210278,0.17
210283,0.02
210284,0.03
210304,0.0
210307,0.03
210330,0.16
210332,0.23
210350,0.11
210379,0.03
210385,0.07
210401,0.09
210405,0.03
210413,0.22
210414,0.17
210415,0.2
210419,0.06
210429,0.1
210467,0.15
210481,0.02
210482,0.02
210492,0.01
210502,0.24
210523,0.05
210525,0.15
210529,0.39
210538,0.04
210543,0.04
210549,0.28
210551,0.16
210555,0.18
210558,0.16
210591,0.08
210597,0.22
210599,0.03
210610,0.04
210616,0.24
210618,0.01
210622,0.3
210639,0.04
210645,0.13
210650,0.03
210672,0.03
210676,0.03
210683,0.14
210697,0.26
210701,0.04
210706,0.01
210712,0.07
210717,0.0
210728,0.17
210729,0.02
210730,0.21
210731,0.02
210733,0.16
210735,0.09
210742,0.01
210748,0.03
210749,0.14
210758,0.03
210767,0.26
210769,0.18
210777,0.07
210789,0.03
210791,0.06
210794,0.06
210811,0.02
210814,0.06
210821,0.14
210833,0.02
210835,0.07
210859,0.08
210862,0.14
210870,0.02
210886,0.02
210893,0.06
210901,0.02
210906,0.23
210913,0.04
210953,0.01
210961,0.14
210962,0.28
210966,0.05
210983,0.13
211000,0.24
211025,0.1
211036,0.06
211043,0.02
211062,0.25
211076,0.05
211085,0.15
211096,0.06
211097,0.24
211098,0.17
211103,0.05
211108,0.04
211131,0.12
211135,0.12
211139,0.09
211146,0.03
211150,0.01
211158,0.08
211170,0.25
211177,0.07
211183,0.22
211187,0.24
211191,0.0
211194,0.06
211196,0.05
211203,0.0
211209,0.21
211210,0.17
211211,0.15
211232,0.21
211244,0.08
211263,0.04
211264,0.18
211270,0.09
211278,0.02
211292,0.06
211293,0.04
211295,0.03
211296,0.2
211308,0.14
211310,0.09
211312,0.12
211325,0.03
211326,0.06
211330,0.04
211333,0.09
211341,0.08
211342,0.08
211350,0.05
211355,0.32
211357,0.24
211358,0.07
211362,0.06
211377,0.12
211378,0.16
211379,0.02
211384,0.24
211395,0.21
211398,0.04
211399,0.02
211417,0.06
211419,0.47
211420,0.25
211439,0.04
211442,0.01
211451,0.02
211457,0.07
211469,0.04
211483,0.12
211505,0.18
211508,0.21
211509,0.38
211510,0.08
211526,0.12
211547,0.06
211548,0.09
211550,0.03
211551,0.11
211553,0.26
211562,0.02
211563,0.16
211564,0.15
211565,0.17
211571,0.35
211572,0.28
211577,0.12
211580,0.04
211609,0.06
211625,0.02
211635,0.27
211646,0.04
211660,0.02
211670,0.05
211672,0.05
211688,0.18
211694,0.08
211696,0.06
211711,0.22
211718,0.01
211732,0.0
211735,0.06
211736,0.07
211740,0.08
211741,0.02
211746,0.1
211751,0.04
211754,0.24
211770,0.06
211771,0.13
211787,0.43
211788,0.11
211802,0.07
211804,0.12
211810,0.13
211832,0.09
211839,0.2
211860,0.11
211863,0.18
211866,0.04
211869,0.13
211872,0.06
211894,0.04
211901,0.1
211902,0.17
211903,0.21
211946,0.06
211950,0.06
211959,0.13
211964,0.11
211965,0.04
211979,0.14
211983,0.11
211986,0.04
211987,0.05
211988,0.04
211999,0.01
212002,0.05
212004,0.03
212009,0.09
212015,0.11
212023,0.01
212048,0.04
212055,0.02
212067,0.07
212079,0.02
212080,0.1
212083,0.02
212085,0.08
212088,0.12
212089,0.08
212092,0.01
212097,0.17
212124,0.07
212132,0.01
212136,0.03
212144,0.03
212145,0.17
212167,0.04
212174,0.19
212175,0.04
212187,0.17
212191,0.16
212194,0.12
212238,0.13
212242,0.01
212245,0.24
212258,0.07
212262,0.06
212277,0.03
212283,0.06
212287,0.07
212288,0.1
212289,0.13
212293,0.07
212296,0.14
212300,0.16
212303,0.44
212326,0.16
212327,0.18
212328,0.05
212329,0.04
212339,0.09
212340,0.11
212343,0.02
212360,0.18
212389,0.12
212401,0.23
212407,0.04
212409,0.12
212422,0.1
212424,0.21
212440,0.01
212441,0.09
212443,0.02
212448,0.11
212472,0.12
212478,0.08
212481,0.06
212493,0.04
212508,0.1
212511,0.02
212525,0.07
212531,0.15
212533,0.02
212555,0.04
212592,0.16
212610,0.03
212621,0.01
212629,0.16
212635,0.07
212636,0.03
212637,0.0
212643,0.09
212648,0.02
212654,0.24
212655,0.34
212660,0.06
212661,0.06
212664,0.04
212669,0.03
212670,0.02
212674,0.08
212676,0.3
212690,0.07
212691,0.14
212696,0.03
212710,0.34
212712,0.0
212716,0.07
212718,0.0
212720,0.13
212723,0.04
212730,0.01
212740,0.05
212747,0.12
212763,0.0
212773,0.02
212775,0.03
212776,0.14
212777,0.05
212781,0.22
212782,0.25
212785,0.03
212786,0.08
212795,0.0
212800,0.08
212818,0.15
212834,0.05
212837,0.06
212841,0.06
212842,0.0
212847,0.16
212848,0.03
212851,0.01
212865,0.03
212866,0.01
212874,0.17
212880,0.08
212894,0.02
212897,0.03
212912,0.06
212913,0.0
212916,0.05
212917,0.05
212933,0.07
212935,0.06
212936,0.02
212950,0.08
212957,0.02
212958,0.19
212961,0.11
212962,0.0
212963,0.09
212964,0.16
212968,0.15
212969,0.07
212976,0.07
212978,0.09
212983,0.23
212993,0.17
213004,0.06
213008,0.03
213014,0.01
213018,0.09
213021,0.06
213024,0.11
213045,0.06
213054,0.04
213059,0.13
213076,0.07
213095,0.08
213096,0.14
213100,0.09
213101,0.14
213109,0.03
213111,0.0
213116,0.02
213133,0.28
213140,0.06
213141,0.04
213143,0.1
213150,0.07
213152,0.01
213158,0.01
213159,0.1
213166,0.04
213167,0.23
213170,0.18
213178,0.06
213179,0.02
213189,0.08
213196,0.11
213201,0.07
213203,0.1
213204,0.05
213205,0.05
213206,0.11
213207,0.19
213208,0.04
213212,0.04
213214,0.04
213220,0.06
213240,0.06
213244,0.08
213263,0.28
213264,0.04
213265,0.02
213270,0.3
213283,0.12
213287,0.08
213292,0.08
213295,0.13
213299,0.16
213303,0.19
213307,0.07
213308,0.03
213312,0.17
213313,0.05
213316,0.02
213317,0.07
213338,0.01
213357,0.08
213368,0.29
213374,0.03
213375,0.05
213386,0.29
213390,0.1
213393,0.03
213401,0.0
213423,0.09
213430,0.09
213431,0.03
213447,0.01
213465,0.05
213468,0.03
213473,0.06
213475,0.13
213476,0.01
213482,0.01
213493,0.1
213531,0.09
213534,0.07
213542,0.06
213546,0.07
213569,0.12
213570,0.05
213588,0.13
213591,0.26
213595,0.14
213597,0.07
213598,0.15
213604,0.06
213622,0.07
213623,0.32
213633,0.08
213639,0.08
213641,0.04
213649,0.05
213671,0.04
213675,0.02
213679,0.13
213680,0.09
213684,0.02
213685,0.03
213689,0.03
213691,0.19
213693,0.03
213712,0.06
213717,0.02
213734,0.11
213739,0.22
213765,0.07
213775,0.09
213776,0.13
213804,0.22
213808,0.07
213818,0.16
213821,0.02
213829,0.07
213836,0.17
213838,0.06
213843,0.02
213854,0.1
213859,0.09
213862,0.36
213874,0.12
213878,0.15
213886,0.01
213888,0.07
213892,0.05
213910,0.04
213921,0.04
213926,0.06
213928,0.05
213935,0.01
213949,0.02
213957,0.2
213959,0.02
213967,0.06
213974,0.03
213975,0.11
213983,0.09
213984,0.0
213998,0.22
214004,0.06
214006,0.12
214008,0.01
214014,0.01
214015,0.05
214034,0.02
214059,0.05
214067,0.01
214077,0.04
214078,0.11
214079,0.12
214085,0.09
214088,0.13
214099,0.07
214138,0.12
214141,0.03
214152,0.11
214154,0.04
214155,0.0
214177,0.17
214188,0.19
214192,0.08
214207,0.1
214217,0.15
214219,0.11
214228,0.06
214229,0.18
214233,0.1
214236,0.2
214242,0.05
214249,0.02
214263,0.15
214264,0.02
214265,0.2
214268,0.1
214281,0.07
214282,0.03
214295,0.05
214311,0.04
214315,0.06
214325,0.02
214334,0.12
214336,0.03
214337,0.01
214342,0.21
214344,0.19
214349,0.02
214355,0.0
214356,0.08
214358,0.01
214363,0.09
214364,0.02
214371,0.07
214377,0.37
214379,0.08
214383,0.04
214406,0.02
214407,0.05
214411,0.09
214415,0.21
214418,0.08
214419,0.08
214421,0.02
214430,0.09
214436,0.02
214463,0.09
214472,0.1
214474,0.13
214476,0.21
214478,0.03
214481,0.11
214484,0.07
214488,0.06
214491,0.06
214505,0.05
214507,0.16
214510,0.08
214518,0.12
214523,0.15
214539,0.08
214542,0.04
214544,0.05
214553,0.07
214554,0.14
214561,0.06
214563,0.09
214566,0.01
214581,0.02
214587,0.06
214588,0.16
214589,0.18
214593,0.19
214620,0.27
214630,0.17
214643,0.04
214644,0.09
214647,0.08
214654,0.09
214657,0.03
214658,0.04
214662,0.1
214666,0.07
214680,0.03
214685,0.06
214693,0.02
214701,0.06
214705,0.05
214706,0.07
214719,0.03
214721,0.33
214724,0.02
214741,0.04
214769,0.04
214777,0.02
214780,0.05
214786,0.09
214789,0.16
214797,0.17
214804,0.05
214808,0.35
214810,0.16
214828,0.29
214830,0.04
214835,0.18
214844,0.04
214859,0.21
214861,0.03
214863,0.01
214887,0.03
214898,0.05
214906,0.02
214913,0.02
214915,0.07
214937,0.06
214944,0.19
214948,0.09
214970,0.06
214976,0.11
214999,0.1
215000,0.3
215016,0.02
215024,0.0
215029,0.23
215033,0.36
215037,0.19
215054,0.13
215057,0.21
215064,0.07
215074,0.03
215077,0.15
215082,0.1
215096,0.04
215101,0.03
215103,0.07
215109,0.07
215124,0.1
215142,0.14
215143,0.1
215145,0.04
215157,0.0
215159,0.0
215161,0.21
215166,0.07
215177,0.06
215186,0.04
215194,0.21
215196,0.12
215204,0.15
215211,0.05
215230,0.28
215241,0.0
215256,0.04
215257,0.08
215266,0.22
215267,0.04
215268,0.05
215278,0.09
215280,0.35
215318,0.2
215326,0.0
215331,0.08
215337,0.02
215344,0.15
215346,0.07
215348,0.15
215351,0.03
215358,0.15
215360,0.04
215367,0.04
215369,0.09
215383,0.03
215395,0.11
215407,0.02
215408,0.07
215412,0.02
215433,0.06
215454,0.05
215463,0.13
215488,0.03
215508,0.16
215512,0.0
215516,0.1
215525,0.2
215531,0.03
215534,0.18
215537,0.02
215539,0.16
215548,0.02
215554,0.05
215556,0.01
215559,0.09
215560,0.03
215563,0.18
215564,0.09
215569,0.05
215574,0.21
215586,0.08
215594,0.09
215608,0.1
215614,0.01
215623,0.23
215628,0.05
215637,0.14
215638,0.13
215649,0.07
215651,0.01
215653,0.11
215678,0.2
215708,0.03
215711,0.09
215733,0.05
215739,0.27
215742,0.02
215756,0.09
215772,0.08
215775,0.05
215791,0.08
215796,0.32
215803,0.04
215805,0.07
215807,0.17
215829,0.03
215855,0.03
215856,0.11
215860,0.08
215861,0.21
215877,0.1
215883,0.16
215889,0.08
215897,0.03
215898,0.01
215901,0.03
215908,0.12
215910,0.41
215911,0.0
215923,0.1
215928,0.06
215934,0.1
215936,0.2
215947,0.06
215951,0.02
215958,0.03
215959,0.02
215963,0.07
215968,0.02
215972,0.1
215976,0.14
215978,0.09
215981,0.17
215999,0.13
216001,0.12
216012,0.02
216020,0.16
216035,0.05
216038,0.15
216041,0.09
216049,0.01
216065,0.01
216096,0.15
216110,0.02
216115,0.28
216121,0.06
216122,0.27
216129,0.06
216131,0.16
216138,0.15
216142,0.09
216143,0.17
216150,0.07
216180,0.11
216184,0.13
216189,0.02
216190,0.09
216197,0.08
216218,0.1
216219,0.03
216221,0.1
216231,0.0
216240,0.11
216272,0.07
216281,0.08
216284,0.03
216290,0.11
216297,0.05
216305,0.03
216306,0.07
216317,0.02
216333,0.02
216338,0.06
216339,0.2
216346,0.13
216349,0.29
216350,0.23
216351,0.12
216353,0.03
216355,0.07
216364,0.08
216387,0.06
216392,0.02
216393,0.32
216399,0.1
216416,0.03
216433,0.04
216435,0.03
216442,0.12
216458,0.19
216461,0.39
216468,0.1
216469,0.01
216471,0.08
216473,0.03
216475,0.05
216496,0.06
216510,0.12
216511,0.02
216515,0.05
216516,0.08
216521,0.1
216532,0.02
216548,0.05
216551,0.3
216560,0.16
216562,0.23
216563,0.04
216565,0.14
216582,0.08
216587,0.02
216589,0.02
216597,0.13
216606,0.02
216607,0.02
216608,0.33
216621,0.0
216622,0.01
216627,0.17
216636,0.06
216647,0.04
216655,0.04
216659,0.11
216666,0.13
216676,0.05
216677,0.03
216679,0.14
216681,0.15
216686,0.05
216687,0.13
216694,0.06
216697,0.06
216714,0.09
216719,0.17
216720,0.09
216721,0.04
216723,0.07
216740,0.07
216746,0.03
216747,0.02
216751,0.01
216758,0.1
216768,0.04
216778,0.13
216786,0.09
216801,0.09
216802,0.2
216807,0.05
216808,0.16
216810,0.06
216818,0.01
216823,0.03
216826,0.13
216827,0.01
216828,0.04
216840,0.3
216844,0.09
216845,0.23
216851,0.26
216857,0.01
216858,0.06
216862,0.04
216874,0.16
216880,0.02
216900,0.04
216902,0.06
216903,0.19
216904,0.03
216931,0.11
216936,0.07
216938,0.18
216952,0.1
216954,0.06
216955,0.03
216961,0.05
216981,0.16
216985,0.07
216992,0.14
216995,0.02
216997,0.0
216998,0.04
216999,0.09
217022,0.11
217034,0.12
217038,0.02
217050,0.05
217055,0.12
217064,0.06
217071,0.04
217078,0.14
217083,0.16
217084,0.01
217086,0.14
217096,0.25
217101,0.19
217109,0.32
217118,0.05
217121,0.14
217125,0.17
217130,0.14
217136,0.05
217137,0.13
217143,0.04
217148,0.08
217155,0.06
217162,0.07
217172,0.15
217174,0.07
217175,0.13
217177,0.03
217178,0.22
217192,0.09
217220,0.01
217221,0.02
217223,0.03
217232,0.17
217243,0.05
217248,0.04
217250,0.09
217271,0.1
217283,0.0
217297,0.12
217323,0.21
217326,0.03
217334,0.06
217338,0.02
217341,0.19
217342,0.21
217355,0.03
217362,0.16
217366,0.07
217367,0.01
217371,0.03
217383,0.16
217401,0.28
217404,0.09
217419,0.01
217422,0.16
217423,0.1
217427,0.05
217429,0.06
217430,0.21
217441,0.07
217444,0.06
217465,0.08
217471,0.03
217488,0.04
217493,0.02
217509,0.09
217510,0.07
217511,0.4
217519,0.02
217522,0.28
217562,0.07
217574,0.04
217577,0.05
217579,0.14
217596,0.02
217602,0.05
217612,0.06
217632,0.1
217635,0.03
217636,0.23
217638,0.13
217639,0.11
217651,0.1
217652,0.03
217663,0.28
217669,0.07
217686,0.11
217699,0.05
217700,0.08
217703,0.11
217706,0.13
217714,0.16
217732,0.02
217736,0.07
217749,0.19
217763,0.08
217770,0.03
217771,0.04
217772,0.11
217776,0.05
217777,0.0
217778,0.17
217782,0.03
217790,0.07
217792,0.01
217793,0.03
217795,0.25
217796,0.02
217800,0.06
217804,0.07
217807,0.03
217846,0.18
217847,0.08
217853,0.03
217856,0.06
217864,0.05
217867,0.03
217868,0.14
217885,0.09
217887,0.03
217889,0.17
217900,0.1
217903,0.04
217905,0.15
217909,0.05
217913,0.02
217944,0.07
217946,0.05
217954,0.08
217956,0.1
217957,0.04
217961,0.31
217962,0.05
217976,0.01
217980,0.07
217981,0.02
218006,0.01
218009,0.0
218032,0.1
218049,0.17
218053,0.07
218078,0.05
218080,0.27
218081,0.06
218094,0.12
218098,0.06
218099,0.21
218100,0.16
218113,0.03
218117,0.08
218118,0.04
218119,0.05
218125,0.04
218133,0.07
218153,0.2
218165,0.02
218166,0.04
218177,0.09
218178,0.06
218202,0.04
218203,0.04
218207,0.23
218209,0.05
218236,0.06
218244,0.02
218247,0.06
218250,0.08
218266,0.15
218275,0.13
218276,0.15
218287,0.08
218292,0.04
218298,0.13
218300,0.01
218320,0.04
218321,0.2
218333,0.08
218347,0.05
218353,0.02
218366,0.04
218368,0.07
218369,0.07
218372,0.09
218376,0.06
218378,0.04
218403,0.11
218413,0.17
218418,0.02
218449,0.18
218450,0.18
218458,0.06
218464,0.06
218475,0.13
218476,0.12
218478,0.09
218515,0.07
218517,0.16
218518,0.07
218538,0.09
218539,0.18
218550,0.25
218551,0.12
218565,0.13
218580,0.04
218591,0.07
218598,0.03
218600,0.14
218602,0.06
218607,0.22
218651,0.06
218652,0.03
218656,0.18
218658,0.15
218669,0.15
218670,0.05
218671,0.09
218677,0.11
218680,0.09
218685,0.09
218686,0.18
218692,0.05
218693,0.08
218699,0.22
218709,0.01
218729,0.17
218734,0.14
218742,0.04
218743,0.03
218756,0.03
218772,0.16
218782,0.07
218786,0.06
218788,0.07
218796,0.07
218801,0.13
218812,0.1
218832,0.36
218834,0.11
218846,0.22
218847,0.13
218848,0.03
218853,0.37
218865,0.09
218870,0.04
218873,0.01
218884,0.07
218893,0.19
218898,0.02
218911,0.21
218933,0.02
218934,0.04
218939,0.02
218948,0.02
218957,0.14
218962,0.14
218973,0.02
218975,0.08
219000,0.01
219001,0.08
219006,0.07
219027,0.06
219036,0.13
219043,0.16
219047,0.13
219057,0.03
219059,0.23
219062,0.02
219074,0.0
219085,0.11
219087,0.08
219095,0.11
219114,0.06
219115,0.02
219119,0.03
219140,0.04
219147,0.01
219170,0.02
219171,0.28
219174,0.19
219177,0.06
219180,0.02
219195,0.02
219203,0.01
219207,0.13
219223,0.11
219229,0.11
219236,0.04
219238,0.07
219243,0.03
219245,0.11
219247,0.18
219273,0.13
219278,0.15
219279,0.07
219284,0.01
219319,0.0
219326,0.12
219336,0.05
219344,0.19
219359,0.17
219360,0.0
219364,0.02
219368,0.15
219376,0.06
219382,0.0
219388,0.02
219396,0.21
219398,0.15
219403,0.08
219405,0.1
219406,0.11
219410,0.08
219424,0.17
219446,0.0
219450,0.03
219451,0.14
219464,0.14
219465,0.04
219469,0.15
219472,0.21
219482,0.02
219506,0.05
219507,0.14
219516,0.2
219521,0.2
219564,0.36
219565,0.01
219568,0.06
219570,0.0
219578,0.05
219579,0.13
219588,0.11
219593,0.06
219594,0.05
219601,0.05
219608,0.14
219616,0.08
219620,0.04
219621,0.02
219628,0.19
219632,0.14
219637,0.1
219670,0.05
219688,0.06
219704,0.07
219717,0.05
219723,0.18
219741,0.08
219772,0.07
219774,0.03
219775,0.14
219778,0.02
219787,0.04
219788,0.06
219806,0.08
219811,0.02
219815,0.03
219817,0.03
219835,0.1
219845,0.15
219848,0.04
219864,0.29
219866,0.06
219868,0.09
219870,0.07
219886,0.0
219908,0.08
219910,0.09
219914,0.19
219925,0.1
219935,0.29
219940,0.18
219959,0.07
219962,0.12
219975,0.04
219981,0.09
219998,0.01
219999,0.17
220006,0.09
220010,0.34
220012,0.0
220014,0.05
220018,0.17
220019,0.16
220021,0.03
220058,0.03
220060,0.13
220061,0.05
220063,0.03
220066,0.12
220070,0.12
220071,0.12
220082,0.05
220094,0.14
220107,0.0
220114,0.12
220120,0.07
220126,0.1
220143,0.03
220147,0.17
220157,0.1
220160,0.08
220169,0.09
220177,0.04
220181,0.05
220186,0.09
220189,0.0
220206,0.16
220221,0.04
220227,0.08
220228,0.11
220248,0.11
220277,0.14
220304,0.26
220311,0.06
220315,0.1
220316,0.1
220323,0.01
220325,0.02
220358,0.01
220363,0.15
220369,0.06
220370,0.11
220380,0.15
220386,0.15
220387,0.0
220393,0.08
220394,0.14
220412,0.12
220415,0.08
220416,0.48
220417,0.26
220418,0.01
220422,0.04
220431,0.05
220439,0.26
220456,0.03
220458,0.01
220468,0.04
220474,0.01
220479,0.06
220494,0.04
220501,0.12
220503,0.01
220511,0.02
220514,0.1
220516,0.28
220521,0.1
220530,0.03
220562,0.02
220565,0.01
220582,0.13
220594,0.04
220600,0.27
220614,0.04
220621,0.09
220624,0.2
220629,0.08
220632,0.18
220639,0.02
220655,0.01
220664,0.07
220670,0.06
220686,0.01
220699,0.05
220714,0.06
220729,0.16
220732,0.09
220733,0.01
220735,0.11
220740,0.03
220741,0.06
220747,0.17
220748,0.12
220749,0.02
220755,0.05
220764,0.07
220767,0.14
220772,0.06
220779,0.13
220781,0.04
220790,0.03
220806,0.17
220811,0.05
220816,0.04
220822,0.05
220827,0.17
220828,0.0
220829,0.03
220832,0.01
220833,0.05
220841,0.26
220842,0.1
220856,0.14
220874,0.1
220881,0.13
220882,0.03
220887,0.02
220893,0.01
220909,0.05
220916,0.03
220917,0.19
220918,0.05
220924,0.08
220931,0.06
220932,0.11
220949,0.04
220950,0.22
220956,0.04
220972,0.09
220994,0.1
221004,0.31
221008,0.21
221011,0.03
221030,0.03
221032,0.02
221035,0.02
221058,0.21
221059,0.05
221075,0.03
221079,0.07
221080,0.05
221107,0.07
221116,0.23
221129,0.17
221148,0.18
221158,0.04
221165,0.12
221169,0.06
221171,0.06
221198,0.09
221202,0.13
221205,0.15
221223,0.05
221227,0.13
221228,0.06
221234,0.08
221242,0.01
221252,0.13
221256,0.16
221260,0.13
221261,0.08
221264,0.14
221267,0.03
221272,0.04
221284,0.09
221292,0.15
221311,0.04
221322,0.08
221327,0.12
221339,0.14
221371,0.13
221372,0.14
221404,0.13
221411,0.08
221438,0.13
221451,0.0
221465,0.18
221477,0.17
221483,0.11
221493,0.06
221495,0.03
221498,0.09
221500,0.14
221506,0.07
221513,0.15
221523,0.12
221528,0.18
221529,0.11
221530,0.03
221531,0.06
221549,0.0
221550,0.04
221565,0.22
221570,0.33
221573,0.0
221575,0.02
221576,0.09
221604,0.08
221615,0.05
221626,0.01
221629,0.1
221630,0.08
221636,0.06
221656,0.05
221659,0.02
221663,0.01
221665,0.1
221675,0.11
221676,0.09
221677,0.13
221679,0.17
221707,0.04
221712,0.17
221717,0.1
221725,0.19
221733,0.09
221741,0.01
221747,0.07
221762,0.06
221763,0.07
221770,0.06
221771,0.05
221787,0.12
221793,0.03
221804,0.07
221805,0.09
221825,0.06
221827,0.12
221828,0.21
221829,0.03
221845,0.08
221859,0.06
221860,0.11
221867,0.24
221868,0.05
221870,0.14
221876,0.07
221884,0.11
221895,0.01
221911,0.03
221921,0.15
221931,0.2
221935,0.06
221955,0.14
221959,0.0
221966,0.03
221974,0.02
221981,0.03
222002,0.4
222010,0.06
222012,0.17
222013,0.21
222023,0.09
222034,0.19
222048,0.16
222052,0.22
222059,0.1
222060,0.15
222061,0.12
222067,0.02
222076,0.07
222081,0.09
222120,0.12
222121,0.04
222133,0.15
222149,0.16
222150,0.06
222153,0.1
222154,0.02
222159,0.01
222165,0.1
222167,0.02
222170,0.09
222178,0.16
222179,0.14
222188,0.09
222189,0.05
222195,0.12
222198,0.19
222224,0.06
222234,0.1
222254,0.06
222256,0.1
222264,0.04
222281,0.12
222296,0.31
222303,0.28
222309,0.01
222310,0.07
222313,0.11
222321,0.14
222322,0.07
222328,0.07
222333,0.05
222334,0.05
222338,0.0
222347,0.05
222349,0.06
222351,0.08
222352,0.03
222357,0.08
222362,0.03
222381,0.19
222392,0.17
222401,0.04
222413,0.06
222422,0.08
222423,0.07
222430,0.17
222432,0.14
222452,0.02
222459,0.11
222473,0.03
222475,0.1
222481,0.1
222482,0.05
222489,0.02
222496,0.06
222505,0.04
222516,0.22
222537,0.01
222555,0.01
222566,0.11
222572,0.07
222577,0.1
222618,0.06
222619,0.02
222624,0.01
222625,0.08
222626,0.02
222629,0.03
222634,0.05
222636,0.16
222637,0.0
222641,0.0
222646,0.0
222648,0.09
222659,0.01
222663,0.05
222665,0.0
222671,0.22
222674,0.04
222675,0.05
222707,0.03
222709,0.06
222711,0.06
222717,0.05
222728,0.21
222752,0.12
222753,0.04
222755,0.01
222765,0.0
222768,0.23
222769,0.28
222783,0.12
222799,0.12
222821,0.02
222825,0.1
222837,0.19
222862,0.1
222863,0.1
222869,0.16
222876,0.07
222892,0.1
222898,0.08
222912,0.03
222920,0.06
222926,0.11
222934,0.17
222938,0.04
222945,0.15
222947,0.01
222966,0.15
222971,0.1
222994,0.01
223008,0.11
223019,0.06
223040,0.22
223042,0.16
223049,0.02
223051,0.01
223056,0.18
223058,0.16
223064,0.04
223067,0.02
223073,0.24
223075,0.07
223078,0.01
223079,0.05
223082,0.11
223098,0.4
223112,0.07
223116,0.06
223121,0.04
223128,0.07
223135,0.07
223136,0.2
223144,0.03
223151,0.16
223157,0.1
223181,0.13
223190,0.05
223197,0.07
223205,0.02
223209,0.04
223221,0.12
223235,0.16
223238,0.0
223244,0.02
223258,0.08
223262,0.16
223272,0.09
223288,0.06
223298,0.09
223310,0.0
223320,0.02
223357,0.21
223365,0.05
223369,0.09
223375,0.3
223384,0.01
223393,0.07
223412,0.01
223428,0.05
223440,0.26
223456,0.19
223470,0.03
223471,0.06
223484,0.09
223488,0.04
223489,0.02
223490,0.1
223492,0.04
223496,0.07
223503,0.03
223507,0.09
223518,0.08
223519,0.11
223521,0.05
223524,0.04
223526,0.01
223527,0.14
223529,0.14
223534,0.02
223538,0.16
223547,0.05
223549,0.06
223551,0.11
223552,0.05
223567,0.1
223571,0.26
223582,0.06
223584,0.11
223585,0.15
223586,0.0
223588,0.01
223592,0.01
223594,0.02
223607,0.11
223608,0.04
223609,0.16
223610,0.08
223611,0.08
223635,0.07
223636,0.02
223638,0.08
223649,0.0
223670,0.13
223688,0.04
223698,0.02
223699,0.24
223716,0.11
223718,0.05
223720,0.0
223727,0.06
223729,0.01
223739,0.22
223740,0.05
223741,0.07
223750,0.02
223752,0.11
223764,0.14
223781,0.01
223783,0.03
223794,0.09
223808,0.04
223810,0.09
223814,0.05
223817,0.1
223830,0.19
223839,0.08
223849,0.14
223851,0.19
223854,0.16
223888,0.2
223914,0.07
223923,0.15
223925,0.12
223939,0.08
223949,0.14
223951,0.17
223952,0.23
223967,0.07
223971,0.41
223974,0.01
223978,0.12
223991,0.1
224008,0.01
224016,0.01
224024,0.01
224039,0.02
224040,0.24
224044,0.09
224047,0.07
224055,0.02
224061,0.23
224065,0.08
224079,0.05
224080,0.02
224089,0.03
224094,0.21
224095,0.21
224109,0.11
224111,0.01
224112,0.1
224134,0.08
224135,0.05
224138,0.04
224139,0.11
224158,0.03
224161,0.11
224171,0.08
224182,0.29
224191,0.07
224194,0.08
224195,0.09
224205,0.06
224206,0.2
224211,0.09
224213,0.08
224214,0.21
224236,0.04
224239,0.28
224241,0.12
224251,0.08
224259,0.21
224262,0.12
224263,0.09
224268,0.11
224270,0.04
224282,0.14
224300,0.04
224315,0.06
224319,0.01
224325,0.09
224337,0.15
224339,0.17
224343,0.0
224344,0.12
224347,0.12
224353,0.08
224363,0.08
224370,0.02
224379,0.06
224380,0.11
224393,0.05
224395,0.1
224407,0.03
224408,0.22
224426,0.01
224427,0.05
224428,0.04
224437,0.37
224444,0.04
224445,0.07
224459,0.08
224473,0.19
224488,0.17
224490,0.19
224493,0.09
224494,0.16
224495,0.08
224499,0.06
224524,0.04
224528,0.05
224538,0.35
224553,0.1
224554,0.04
224575,0.07
224586,0.02
224593,0.06
224599,0.05
224614,0.03
224625,0.06
224626,0.02
224627,0.16
224628,0.06
224631,0.0
224651,0.1
224658,0.06
224664,0.11
224668,0.01
224673,0.11
224674,0.14
224683,0.12
224708,0.22
224748,0.18
224756,0.08
224757,0.07
224760,0.01
224771,0.28
224772,0.06
224797,0.22
224823,0.1
224831,0.07
224841,0.11
224843,0.06
224844,0.07
224849,0.01
224855,0.2
224856,0.06
224864,0.04
224871,0.11
224876,0.15
224889,0.12
224896,0.03
224899,0.07
224912,0.01
224916,0.11
224918,0.17
224925,0.07
224929,0.09
224934,0.12
224950,0.16
224953,0.09
224956,0.04
224958,0.09
224960,0.15
224971,0.15
224975,0.07
224978,0.04
224986,0.08
224987,0.1
224990,0.07
225010,0.05
225041,0.02
225044,0.11
225045,0.18
225048,0.05
225053,0.1
225058,0.05
225075,0.1
225085,0.03
225103,0.03
225107,0.0
225114,0.17
225122,0.08
225130,0.06
225131,0.26
225132,0.01
225134,0.07
225136,0.02
225141,0.02
225145,0.0
225146,0.03
225156,0.04
225158,0.15
225165,0.15
225185,0.06
225194,0.0
225195,0.05
225223,0.03
225224,0.17
225231,0.06
225233,0.05
225246,0.13
225281,0.0
225286,0.09
225301,0.06
225302,0.07
225336,0.07
225347,0.05
225351,0.06
225362,0.03
225363,0.01
225364,0.02
225370,0.05
225374,0.05
225375,0.09
225380,0.1
225381,0.09
225382,0.05
225392,0.21
225410,0.09
225425,0.05
225431,0.03
225456,0.07
225460,0.14
225475,0.17
225478,0.06
225483,0.14
225499,0.12
225514,0.23
225517,0.04
225524,0.24
225532,0.11
225545,0.13
225546,0.19
225550,0.02
225580,0.08
225581,0.21
225582,0.04
225585,0.11
225601,0.12
225612,0.28
225621,0.03
225636,0.06
225639,0.21
225650,0.05
225654,0.05
225664,0.01
225665,0.19
225666,0.1
225686,0.06
225689,0.02
225691,0.06
225721,0.0
225733,0.05
225739,0.11
225741,0.19
225766,0.06
225776,0.13
225788,0.04
225792,0.06
225803,0.05
225804,0.09
225805,0.33
225808,0.03
225819,0.04
225826,0.2
225832,0.08
225850,0.13
225851,0.15
225854,0.08
225858,0.08
225875,0.08
225884,0.03
225890,0.06
225906,0.03
225908,0.07
225910,0.07
225920,0.24
225950,0.33
225990,0.02
225991,0.03
226010,0.14
226011,0.04
226018,0.12
226029,0.05
226030,0.05
226041,0.09
226044,0.09
226051,0.02
226054,0.06
226085,0.12
226105,0.17
226116,0.32
226130,0.05
226131,0.11
226170,0.09
226171,0.07
226176,0.05
226177,0.14
226183,0.12
226187,0.02
226188,0.11
226190,0.12
226206,0.21
226213,0.09
226214,0.21
226226,0.03
226244,0.19
226245,0.05
226251,0.07
226258,0.03
226259,0.07
226265,0.12
226291,0.2
226294,0.04
226299,0.02
226300,0.26
226301,0.14
226302,0.05
226308,0.02
226309,0.16
226318,0.11
226319,0.09
226320,0.08
226325,0.07
226334,0.1
226337,0.14
226348,0.07
226353,0.03
226361,0.04
226387,0.16
226395,0.05
226413,0.02
226416,0.02
226427,0.05
226433,0.08
226447,0.11
226487,0.11
226495,0.22
226496,0.1
226499,0.05
226501,0.12
226505,0.06
226506,0.06
226507,0.02
226516,0.06
226523,0.05
226527,0.08
226533,0.02
226537,0.13
226539,0.03
226551,0.2
226556,0.03
226557,0.07
226561,0.26
226565,0.0
226567,0.02
226590,0.0
226599,0.25
226639,0.07
226654,0.24
226664,0.04
226668,0.21
226677,0.15
226682,0.22
226689,0.13
226691,0.2
226698,0.04
226713,0.04
226720,0.04
226734,0.03
226735,0.09
226738,0.15
226742,0.0
226763,0.02
226766,0.08
226772,0.01
226779,0.29
226780,0.03
226787,0.23
226790,0.19
226792,0.12
226797,0.02
226803,0.03
226807,0.09
226827,0.11
226828,0.04
226836,0.1
226837,0.02
226838,0.11
226847,0.17
226881,0.19
226882,0.07
226884,0.07
226917,0.01
226921,0.1
226933,0.22
226938,0.12
226948,0.05
226952,0.03
226954,0.06
226965,0.03
226970,0.02
226977,0.25
226986,0.11
227005,0.01
227009,0.09
227010,0.01
227013,0.13
227019,0.33
227025,0.08
227026,0.29
227027,0.02
227029,0.08
227049,0.03
227053,0.08
227054,0.03
227058,0.01
227074,0.04
227099,0.08
227100,0.08
227109,0.05
227111,0.1
227112,0.17
227125,0.24
227145,0.05
227148,0.11
227151,0.14
227160,0.13
227165,0.14
227200,0.17
227210,0.05
227213,0.13
227235,0.02
227242,0.08
227245,0.19
227246,0.04
227248,0.06
227251,0.07
227252,0.02
227258,0.05
227264,0.12
227270,0.09
227272,0.02
227274,0.03
227281,0.05
227290,0.19
227293,0.17
227299,0.02
227306,0.08
227323,0.03
227325,0.08
227326,0.08
227332,0.02
227336,0.05
227343,0.05
227344,0.1
227345,0.09
227348,0.09
227360,0.04
227376,0.04
227386,0.21
227392,0.12
227393,0.16
227401,0.14
227404,0.04
227413,0.07
227420,0.11
227459,0.03
227460,0.01
227462,0.1
227463,0.15
227481,0.09
227482,0.02
227485,0.09
227486,0.02
227493,0.14
227500,0.03
227501,0.0
227502,0.01
227506,0.12
227523,0.09
227525,0.04
227531,0.04
227532,0.34
227535,0.02
227542,0.06
227545,0.05
227566,0.1
227578,0.06
227585,0.29
227586,0.1
227587,0.06
227590,0.09
227595,0.28
227596,0.04
227597,0.18
227600,0.19
227621,0.19
227637,0.05
227640,0.38
227649,0.17
227653,0.09
227674,0.09
227675,0.05
227680,0.13
227696,0.05
227701,0.33
227707,0.14
227713,0.07
227715,0.08
227728,0.09
227730,0.04
227731,0.01
227732,0.02
227736,0.28
227739,0.06
227740,0.14
227741,0.27
227742,0.22
227745,0.06
227749,0.29
227752,0.05
227756,0.32
227769,0.09
227779,0.06
227783,0.28
227799,0.02
227803,0.01
227818,0.02
227822,0.11
227823,0.06
227824,0.06
227825,0.04
227826,0.2
227833,0.04
227834,0.21
227837,0.13
227839,0.1
227856,0.04
227872,0.02
227876,0.02
227905,0.38
227908,0.12
227909,0.34
227912,0.08
227917,0.03
227931,0.04
227936,0.11
227939,0.17
227941,0.09
227942,0.07
227944,0.14
227945,0.14
227952,0.05
227954,0.07
227968,0.02
227975,0.1
227989,0.05
227992,0.1
227993,0.12
227996,0.02
227997,0.06
227998,0.05
228040,0.0
228044,0.07
228045,0.05
228046,0.17
228051,0.12
228052,0.12
228053,0.03
228059,0.03
228062,0.07
228070,0.03
228074,0.04
228077,0.11
228078,0.07
228097,0.1
228099,0.19
228100,0.04
228102,0.3
228103,0.05
228104,0.12
228107,0.04
228117,0.18
228123,0.04
228125,0.01
228130,0.04
228134,0.04
228141,0.05
228153,0.18
228163,0.03
228164,0.03
228166,0.1
228168,0.18
228169,0.11
228183,0.14
228198,0.05
228199,0.1
228201,0.03
228207,0.13
228209,0.07
228219,0.07
228239,0.02
228248,0.03
228260,0.09
228268,0.41
228280,0.04
228282,0.1
228288,0.0
228289,0.1
228295,0.0
228296,0.03
228297,0.1
228298,0.09
228299,0.16
228301,0.0
228322,0.18
228324,0.05
228332,0.11
228334,0.17
228342,0.11
228351,0.06
228354,0.05
228355,0.01
228362,0.01
228375,0.0
228383,0.04
228389,0.08
228392,0.09
228411,0.03
228414,0.08
228420,0.01
228424,0.02
228426,0.19
228429,0.12
228447,0.4
228455,0.05
228458,0.12
228467,0.23
228472,0.04
228479,0.03
228482,0.1
228488,0.03
228489,0.2
228499,0.08
228501,0.06
228502,0.09
228503,0.23
228509,0.03
228512,0.11
228514,0.08
228519,0.01
228530,0.05
228534,0.11
228536,0.02
228537,0.01
228538,0.09
228539,0.06
228557,0.18
228591,0.17
228592,0.02
228608,0.11
228609,0.02
228636,0.11
228647,0.11
228656,0.16
228657,0.01
228661,0.14
228663,0.13
228671,0.04
228682,0.14
228697,0.21
228698,0.06
228712,0.08
228713,0.11
228729,0.07
228730,0.05
228737,0.2
228744,0.04
228752,0.11
228761,0.21
228763,0.21
228764,0.01
228770,0.06
228774,0.03
228781,0.08
228792,0.13
228794,0.16
228796,0.03
228799,0.06
228808,0.14
228809,0.15
228810,0.03
228813,0.05
228821,0.27
228826,0.0
228830,0.05
228831,0.11
228835,0.1
228854,0.03
228855,0.11
228863,0.23
228869,0.18
228872,0.09
228885,0.26
228888,0.09
228889,0.26
228890,0.15
228891,0.02
228894,0.16
228902,0.07
228907,0.04
228915,0.12
228918,0.09
228919,0.03
228933,0.03
228946,0.0
228947,0.14
228954,0.01
228956,0.16
228958,0.29
228969,0.14
228973,0.13
228978,0.02
228979,0.34
228988,0.0
228995,0.14
229019,0.09
229037,0.05
229041,0.08
229042,0.0
229046,0.01
229048,0.01
229053,0.1
229064,0.29
229073,0.04
229074,0.0
229077,0.02
229095,0.13
229100,0.2
229103,0.04
229104,0.05
229105,0.01
229107,0.01
229115,0.01
229117,0.2
229118,0.06
229124,0.19
229125,0.0
229130,0.18
229157,0.13
229162,0.03
229185,0.08
229195,0.01
229201,0.19
229202,0.02
229219,0.17
229220,0.05
229223,0.17
229224,0.29
229229,0.09
229233,0.06
229255,0.21
229261,0.09
229262,0.14
229271,0.08
229276,0.07
229277,0.19
229278,0.06
229280,0.03
229298,0.04
229301,0.08
229316,0.08
229325,0.06
229329,0.01
229334,0.0
229336,0.11
229337,0.12
229342,0.0
229349,0.09
229357,0.05
229369,0.1
229374,0.06
229402,0.05
229427,0.23
229452,0.11
229455,0.11
229459,0.22
229462,0.02
229482,0.09
229488,0.01
229496,0.04
229507,0.06
229508,0.0
229531,0.05
229576,0.02
229595,0.07
229602,0.12
229609,0.13
229610,0.22
229614,0.23
229615,0.06
229631,0.04
229632,0.08
229638,0.05
229647,0.09
229651,0.03
229659,0.11
229663,0.07
229671,0.04
229672,0.08
229675,0.03
229684,0.05
229687,0.21
229705,0.03
229711,0.02
229713,0.07
229714,0.02
229731,0.04
229738,0.03
229742,0.16
229745,0.06
229746,0.01
229749,0.06
229765,0.14
229767,0.09
229779,0.11
229782,0.02
229802,0.08
229805,0.02
229810,0.27
229816,0.02
229828,0.11
229838,0.02
229850,0.08
229858,0.17
229860,0.04
229877,0.09
229888,0.08
229894,0.05
229898,0.09
229905,0.09
229912,0.26
229913,0.02
229921,0.2
229923,0.02
229930,0.0
229962,0.14
229963,0.26
229977,0.05
229984,0.05
229998,0.11
230012,0.04
230016,0.16
230020,0.17
230024,0.31
230037,0.05
230038,0.09
230040,0.02
230042,0.04
230044,0.11
230050,0.23
230056,0.16
230067,0.09
230076,0.06
230077,0.22
230084,0.04
230098,0.05
230107,0.11
230116,0.06
230119,0.06
230121,0.07
230122,0.03
230135,0.31
230139,0.06
230179,0.01
230180,0.14
230185,0.06
230192,0.06
230203,0.09
230216,0.12
230226,0.08
230260,0.09
230268,0.15
230289,0.21
230296,0.15
230317,0.03
230328,0.27
230329,0.07
230330,0.01
230332,0.17
230338,0.04
230343,0.13
230344,0.05
230349,0.04
230369,0.08
230379,0.09
230391,0.03
230393,0.3
230394,0.0
230402,0.07
230404,0.2
230416,0.03
230417,0.03
230423,0.25
230427,0.12
230448,0.28
230449,0.05
230451,0.0
230453,0.06
230454,0.0
230457,0.05
230458,0.26
230459,0.15
230461,0.01
230464,0.08
230494,0.01
230517,0.06
230520,0.04
230521,0.09
230534,0.08
230553,0.03
230581,0.09
230585,0.1
230590,0.03
230592,0.08
230605,0.0
230610,0.0
230623,0.09
230628,0.16
230629,0.16
230640,0.01
230641,0.09
230642,0.0
230655,0.1
230656,0.19
230662,0.03
230675,0.29
230677,0.09
230688,0.0
230709,0.27
230716,0.07
230742,0.05
230748,0.11
230763,0.07
230779,0.13
230780,0.11
230781,0.34
230783,0.05
230788,0.2
230789,0.01
230792,0.1
230817,0.07
230820,0.01
230827,0.12
230828,0.12
230860,0.04
230864,0.14
230875,0.13
230878,0.04
230880,0.14
230929,0.05
230931,0.12
230934,0.13
230939,0.05
230940,0.04
230941,0.01
230942,0.25
230982,0.11
231028,0.07
231031,0.06
231039,0.05
231048,0.03
231065,0.06
231076,0.13
231079,0.05
231082,0.05
231086,0.05
231107,0.13
231118,0.12
231127,0.04
231134,0.07
231136,0.1
231137,0.14
231156,0.07
231160,0.31
231175,0.1
231177,0.0
231189,0.03
231191,0.29
231194,0.14
231198,0.06
231203,0.06
231211,0.08
231226,0.07
231245,0.07
231257,0.09
231268,0.07
231279,0.06
231290,0.14
231298,0.08
231299,0.01
231301,0.12
231306,0.04
231312,0.03
231314,0.2
231326,0.37
231343,0.1
231353,0.16
231359,0.27
231364,0.03
231387,0.22
231392,0.08
231409,0.06
231423,0.03
231427,0.07
231429,0.18
231433,0.19
231437,0.03
231448,0.08
231454,0.36
231460,0.06
231480,0.01
231496,0.03
231504,0.12
231513,0.05
231516,0.02
231523,0.1
231529,0.03
231532,0.12
231533,0.06
231542,0.02
231546,0.02
231554,0.08
231556,0.13
231561,0.05
231562,0.13
231563,0.01
231568,0.11
231589,0.01
231598,0.22
231616,0.04
231628,0.03
231637,0.11
231641,0.02
231656,0.14
231679,0.32
231682,0.28
231689,0.05
231690,0.07
231713,0.18
231716,0.07
231726,0.02
231734,0.04
231736,0.03
231742,0.02
231754,0.12
231757,0.03
231758,0.04
231761,0.13
231771,0.01
231773,0.05
231782,0.18
231785,0.15
231786,0.02
231789,0.0
231790,0.1
231791,0.16
231804,0.22
231835,0.05
231837,0.06
231840,0.11
231845,0.18
231863,0.25
231867,0.11
231874,0.1
231877,0.17
231887,0.01
231892,0.09
231899,0.04
231912,0.36
231914,0.1
231924,0.09
231927,0.07
231935,0.06
231938,0.13
231940,0.39
231947,0.04
231954,0.03
231955,0.15
231956,0.01
231969,0.08
231982,0.01
231983,0.02
231984,0.02
231987,0.0
232006,0.02
232012,0.05
232022,0.1
232023,0.06
232028,0.01
232034,0.03
232047,0.1
232050,0.1
232054,0.08
232063,0.13
232066,0.03
232081,0.06
232083,0.1
232094,0.15
232103,0.01
232108,0.04
232110,0.02
232122,0.04
232123,0.07
232132,0.02
232148,0.31
232149,0.02
232152,0.18
232157,0.11
232164,0.05
232170,0.11
232172,0.07
232174,0.04
232177,0.07
232227,0.16
232228,0.02
232237,0.0
232256,0.12
232275,0.13
232278,0.04
232279,0.05
232282,0.09
232285,0.23
232288,0.12
232301,0.13
232303,0.04
232309,0.04
232325,0.2
232329,0.08
232331,0.04
232335,0.13
232370,0.13
232371,0.0
232372,0.02
232390,0.14
232391,0.04
232392,0.02
232410,0.01
232423,0.01
232426,0.07
232428,0.23
232450,0.1
232466,0.17
232478,0.14
232493,0.13
232506,0.05
232516,0.16
232518,0.02
232530,0.08
232534,0.02
232535,0.08
232541,0.0
232547,0.08
232552,0.07
232558,0.15
232559,0.06
232560,0.1
232566,0.06
232570,0.07
232575,0.16
232578,0.01
232590,0.17
232615,0.03
232640,0.2
232643,0.02
232664,0.09
232676,0.0
232699,0.05
232702,0.06
232720,0.15
232733,0.06
232736,0.05
232738,0.03
232752,0.04
232758,0.06
232779,0.1
232784,0.33
232790,0.1
232799,0.06
232823,0.01
232824,0.03
232842,0.05
232849,0.05
232853,0.1
232859,0.12
232862,0.05
232864,0.05
232866,0.12
232869,0.04
232871,0.04
232876,0.09
232881,0.04
232898,0.21
232899,0.07
232914,0.11
232917,0.12
232923,0.03
232925,0.0
232942,0.17
232943,0.11
232965,0.03
232968,0.32
232972,0.05
232980,0.14
232999,0.02
233013,0.14
233021,0.19
233022,0.03
233054,0.23
233059,0.06
233065,0.08
233071,0.08
233074,0.04
233093,0.06
233095,0.14
233102,0.06
233104,0.11
233107,0.02
233108,0.03
233109,0.28
233112,0.24
233113,0.03
233122,0.04
233125,0.11
233126,0.05
233170,0.02
233171,0.1
233172,0.2
233175,0.06
233179,0.07
233189,0.09
233223,0.21
233224,0.03
233228,0.01
233247,0.28
233249,0.23
233263,0.04
233271,0.01
233273,0.04
233301,0.08
233305,0.07
233310,0.1
233311,0.12
233312,0.08
233324,0.0
233326,0.12
233327,0.05
233335,0.04
233349,0.06
233352,0.13
233362,0.1
233373,0.07
233390,0.11
233393,0.15
233400,0.12
233401,0.24
233404,0.1
233405,0.03
233406,0.08
233411,0.01
233421,0.09
233423,0.03
233424,0.1
233427,0.12
233429,0.28
233431,0.09
233432,0.02
233438,0.03
233448,0.03
233450,0.05
233451,0.06
233453,0.03
233480,0.06
233482,0.05
233483,0.15
233489,0.28
233490,0.06
233496,0.21
233497,0.15
233508,0.27
233509,0.12
233512,0.08
233517,0.12
233526,0.24
233528,0.04
233544,0.05
233554,0.16
233566,0.15
233572,0.04
233575,0.02
233578,0.1
233582,0.32
233583,0.17
233589,0.05
233594,0.08
233603,0.15
233627,0.07
233632,0.07
233639,0.01
233651,0.18
233652,0.22
233658,0.01
233675,0.06
233677,0.16
233682,0.08
233688,0.08
233689,0.14
233692,0.1
233697,0.12
233704,0.15
233709,0.29
233711,0.09
233721,0.04
233729,0.04
233734,0.1
233744,0.06
233764,0.11
233775,0.08
233783,0.16
233792,0.15
233796,0.19
233797,0.03
233798,0.13
233810,0.1
233818,0.02
233819,0.07
233830,0.0
233831,0.05
233838,0.04
233852,0.06
233854,0.03
233856,0.01
233858,0.07
233883,0.03
233888,0.07
233889,0.04
233892,0.06
233893,0.01
233894,0.12
233895,0.11
233901,0.03
233927,0.13
233928,0.11
233929,0.12
233960,0.07
233965,0.09
233970,0.05
233975,0.03
233981,0.1
233991,0.31
234012,0.05
234016,0.12
234024,0.01
234025,0.01
234027,0.33
234034,0.12
234035,0.09
234048,0.06
234069,0.06
234077,0.02
234086,0.13
234103,0.05
234110,0.07
234115,0.07
234126,0.06
234135,0.16
234136,0.07
234147,0.06
234151,0.05
234159,0.0
234163,0.06
234174,0.11
234186,0.05
234187,0.07
234192,0.03
234198,0.05
234205,0.06
234215,0.06
234220,0.01
234225,0.02
234227,0.05
234228,0.01
234231,0.13
234232,0.07
234236,0.02
234239,0.09
234240,0.11
234242,0.06
234262,0.12
234267,0.2
234283,0.05
234284,0.03
234286,0.03
234291,0.09
234302,0.21
234303,0.09
234308,0.03
234320,0.07
234326,0.09
234336,0.05
234340,0.09
234362,0.04
234365,0.06
234371,0.2
234373,0.07
234395,0.03
234400,0.07
234404,0.02
234412,0.07
234431,0.05
234433,0.27
234440,0.08
234453,0.09
234454,0.05
234460,0.04
234470,0.08
234473,0.05
234502,0.19
234503,0.06
234507,0.4
234529,0.21
234531,0.06
234543,0.1
234550,0.14
234556,0.06
234560,0.03
234567,0.01
234580,0.12
234582,0.07
234594,0.01
234599,0.05
234604,0.03
234605,0.13
234611,0.03
234617,0.02
234648,0.03
234660,0.0
234661,0.07
234663,0.08
234664,0.06
234670,0.06
234671,0.03
234673,0.15
234687,0.13
234688,0.08
234690,0.09
234694,0.04
234695,0.02
234704,0.28
234705,0.29
234710,0.12
234718,0.21
234719,0.09
234732,0.11
234739,0.03
234755,0.08
234760,0.05
234778,0.11
234781,0.05
234786,0.18
234788,0.07
234789,0.0
234802,0.01
234809,0.55
234814,0.11
234823,0.01
234825,0.1
234829,0.14
234838,0.02
234847,0.02
234876,0.01
234908,0.22
234914,0.07
234917,0.14
234935,0.06
234936,0.07
234941,0.13
234942,0.18
234943,0.12
234946,0.12
234947,0.01
234960,0.15
234967,0.09
234980,0.24
234990,0.29
234996,0.01
234999,0.03
235002,0.08
235021,0.12
235025,0.12
235034,0.04
235037,0.09
235046,0.03
235051,0.1
235052,0.13
235054,0.1
235061,0.03
235066,0.02
235076,0.04
235087,0.02
235089,0.13
235091,0.23
235107,0.1
235118,0.02
235123,0.19
235134,0.05
235137,0.13
235146,0.02
235147,0.13
235153,0.01
235166,0.11
235168,0.08
235183,0.01
235187,0.14
235189,0.05
235202,0.07
235214,0.0
235215,0.03
235216,0.26
235219,0.29
235223,0.12
235231,0.04
235240,0.1
235252,0.03
235253,0.02
235254,0.09
235259,0.14
235270,0.13
235275,0.06
235283,0.05
235291,0.1
235306,0.01
235327,0.04
235337,0.19
235342,0.03
235356,0.05
235357,0.07
235372,0.21
235378,0.15
235386,0.03
235401,0.0
235403,0.05
235423,0.03
235424,0.04
235434,0.16
235435,0.02
235438,0.13
235451,0.03
235452,0.05
235454,0.09
235456,0.01
235459,0.1
235460,0.02
235463,0.11
235491,0.21
235492,0.2
235501,0.06
235505,0.12
235512,0.14
235519,0.09
235549,0.18
235592,0.01
235597,0.08
235601,0.04
235602,0.25
235612,0.17
235617,0.05
235622,0.07
235636,0.18
235641,0.1
235644,0.07
235645,0.02
235651,0.13
235664,0.02
235668,0.26
235677,0.03
235692,0.08
235693,0.0
235698,0.05
235722,0.33
235741,0.03
235743,0.24
235752,0.02
235757,0.04
235766,0.02
235768,0.06
235769,0.09
235775,0.04
235778,0.14
235782,0.24
235791,0.13
235792,0.04
235796,0.08
235797,0.19
235799,0.25
235803,0.11
235804,0.29
235809,0.02
235811,0.17
235812,0.02
235827,0.13
235837,0.03
235839,0.02
235850,0.49
235852,0.05
235854,0.15
235860,0.05
235862,0.09
235869,0.11
235877,0.06
235889,0.02
235890,0.24
235891,0.11
235893,0.08
235900,0.01
235901,0.03
235914,0.05
235915,0.1
235924,0.12
235950,0.0
235968,0.13
235977,0.07
235978,0.05
235980,0.12
235990,0.08
235999,0.22
236002,0.23
236022,0.03
236033,0.03
236034,0.02
236037,0.2
236038,0.07
236039,0.16
236040,0.03
236053,0.16
236064,0.03
236068,0.05
236069,0.08
236094,0.09
236107,0.13
236123,0.04
236143,0.06
236214,0.11
236215,0.1
236221,0.22
236229,0.04
236234,0.02
236236,0.04
236237,0.02
236239,0.14
236266,0.45
236271,0.05
236283,0.04
236286,0.01
236287,0.21
236289,0.07
236293,0.09
236302,0.08
236303,0.13
236313,0.13
236324,0.06
236330,0.06
236332,0.13
236345,0.13
236350,0.07
236352,0.29
236359,0.13
236362,0.06
236373,0.23
236378,0.13
236391,0.02
236395,0.13
236412,0.15
236418,0.09
236421,0.02
236451,0.17
236454,0.01
236457,0.03
236463,0.09
236469,0.07
236476,0.07
236485,0.1
236508,0.13
236509,0.06
236525,0.17
236527,0.08
236529,0.08
236555,0.1
236562,0.29
236568,0.11
236569,0.26
236580,0.02
236581,0.01
236583,0.14
236586,0.01
236594,0.06
236631,0.03
236632,0.15
236634,0.02
236638,0.04
236643,0.08
236648,0.2
236655,0.09
236656,0.09
236657,0.08
236663,0.06
236681,0.01
236683,0.12
236691,0.07
236698,0.06
236713,0.02
236727,0.28
236732,0.07
236733,0.01
236735,0.04
236737,0.04
236749,0.04
236750,0.01
236752,0.07
236765,0.06
236766,0.12
236769,0.04
236771,0.12
236774,0.17
236775,0.15
236790,0.19
236793,0.04
236797,0.26
236798,0.04
236809,0.21
236821,0.17
236831,0.12
236836,0.04
236838,0.01
236849,0.07
236852,0.08
236860,0.06
236862,0.0
236865,0.03
236873,0.09
236885,0.14
236891,0.0
236894,0.04
236904,0.23
236905,0.05
236911,0.08
236939,0.02
236948,0.03
236950,0.04
236957,0.02
236965,0.07
236974,0.09
236975,0.04
236981,0.01
236985,0.03
236995,0.16
237023,0.13
237025,0.0
237038,0.07
237058,0.1
237060,0.13
237078,0.11
237079,0.03
237080,0.2
237084,0.11
237086,0.0
237087,0.06
237091,0.19
237092,0.03
237093,0.05
237094,0.08
237103,0.02
237116,0.09
237118,0.1
237126,0.22
237136,0.05
237144,0.17
237149,0.15
237150,0.12
237157,0.09
237158,0.02
237170,0.06
237171,0.1
237193,0.02
237196,0.09
237200,0.02
237248,0.11
237254,0.09
237256,0.01
237257,0.0
237267,0.24
237268,0.03
237269,0.04
237271,0.0
237280,0.03
237301,0.02
237304,0.12
237308,0.02
237311,0.19
237334,0.06
237338,0.31
237344,0.03
237361,0.02
237362,0.06
237368,0.11
237369,0.09
237371,0.17
237373,0.16
237377,0.05
237378,0.05
237383,0.07
237386,0.02
237392,0.01
237399,0.03
237408,0.08
237411,0.02
237414,0.01
237417,0.14
237424,0.12
237439,0.05
237457,0.05
237458,0.02
237459,0.01
237471,0.06
237474,0.08
237475,0.06
237476,0.06
237490,0.03
237491,0.09
237495,0.03
237501,0.03
237512,0.06
237516,0.06
237518,0.1
237528,0.15
237529,0.04
237537,0.28
237543,0.1
237547,0.02
237552,0.06
237563,0.05
237585,0.03
237598,0.12
237606,0.04
237624,0.19
237632,0.03
237635,0.04
237640,0.03
237642,0.16
237647,0.09
237648,0.17
237651,0.2
237657,0.03
237663,0.11
237692,0.06
237701,0.13
237715,0.15
237726,0.03
237728,0.14
237731,0.06
237732,0.18
237746,0.05
237759,0.06
237768,0.02
237772,0.25
237780,0.3
237787,0.13
237792,0.02
237804,0.13
237812,0.09
237815,0.12
237821,0.05
237827,0.12
237845,0.08
237862,0.02
237869,0.13
237872,0.07
237900,0.39
237909,0.05
237917,0.04
237921,0.03
237951,0.06
237952,0.06
237957,0.01
237960,0.08
237963,0.1
237973,0.0
237984,0.08
237990,0.17
237997,0.04
237998,0.24
238025,0.08
238027,0.0
238052,0.04
238053,0.11
238054,0.15
238065,0.03
238066,0.06
238075,0.19
238082,0.17
238087,0.11
238114,0.1
238117,0.21
238127,0.09
238129,0.1
238133,0.09
238135,0.02
238152,0.1
238157,0.04
238163,0.01
238170,0.04
238176,0.05
238180,0.2
238195,0.02
238198,0.06
238199,0.0
238206,0.17
238218,0.04
238219,0.04
238222,0.15
238224,0.13
238230,0.05
238237,0.12
238238,0.14
238247,0.07
238254,0.14
238256,0.01
238257,0.03
238270,0.1
238278,0.09
238279,0.07
238282,0.01
238286,0.02
238293,0.14
238298,0.08
238299,0.0
238306,0.18
238307,0.0
238308,0.04
238322,0.04
238327,0.12
238328,0.07
238330,0.0
238335,0.02
238347,0.08
238355,0.13
238356,0.13
238361,0.06
238367,0.06
238377,0.05
238413,0.01
238419,0.15
238436,0.04
238437,0.07
238443,0.06
238450,0.0
238452,0.06
238453,0.11
238454,0.23
238457,0.09
238467,0.15
238469,0.05
238470,0.05
238474,0.23
238478,0.12
238480,0.11
238492,0.01
238496,0.13
238500,0.03
238508,0.24
238512,0.07
238520,0.03
238540,0.07
238548,0.07
238549,0.01
238550,0.02
238563,0.08
238586,0.09
238607,0.06
238608,0.01
238615,0.03
238623,0.16
238627,0.01
238630,0.25
238635,0.04
238638,0.12
238642,0.01
238646,0.04
238656,0.05
238665,0.11
238674,0.04
238687,0.01
238702,0.07
238703,0.01
238705,0.04
238712,0.32
238716,0.0
238717,0.03
238718,0.07
238747,0.15
238754,0.18
238767,0.02
238793,0.02
238794,0.27
238796,0.14
238806,0.07
238832,0.07
238833,0.02
238840,0.18
238850,0.03
238853,0.11
238855,0.01
238858,0.03
238867,0.22
238868,0.05
238869,0.13
238873,0.03
238879,0.12
238893,0.09
238903,0.07
238904,0.1
238906,0.04
238928,0.14
238933,0.01
238941,0.01
238945,0.03
238947,0.02
238954,0.01
238963,0.09
238986,0.13
239003,0.24
239018,0.04
239019,0.14
239020,0.15
239021,0.16
239031,0.1
239042,0.07
239051,0.01
239056,0.08
239058,0.01
239075,0.03
239078,0.02
239079,0.06
239081,0.0
239082,0.27
239085,0.07
239100,0.07
239104,0.06
239120,0.06
239123,0.03
239140,0.26
239144,0.06
239145,0.03
239146,0.08
239153,0.06
239155,0.12
239161,0.07
239168,0.2
239177,0.02
239180,0.03
239193,0.06
239199,0.06
239206,0.05
239207,0.07
239209,0.1
239221,0.23
239225,0.02
239227,0.05
239237,0.05
239249,0.06
239273,0.29
239282,0.11
239290,0.19
239298,0.02
239302,0.11
239307,0.18
239309,0.05
239314,0.03
239319,0.13
239328,0.05
239334,0.03
239343,0.03
239344,0.09
239356,0.05
239357,0.13
239428,0.01
239429,0.09
239453,0.01
239471,0.19
239479,0.21
239480,0.08
239485,0.14
239489,0.09
239518,0.15
239522,0.08
239525,0.04
239540,0.15
239567,0.01
239573,0.14
239574,0.13
239578,0.08
239587,0.1
239588,0.13
239597,0.04
239603,0.03
239612,0.17
239616,0.31
239617,0.12
239618,0.26
239631,0.15
239639,0.14
239644,0.09
239672,0.08
239680,0.12
239685,0.03
239687,0.04
239715,0.03
239722,0.19
239733,0.02
239746,0.03
239748,0.06
239760,0.34
239765,0.03
239766,0.21
239774,0.11
239775,0.07
239788,0.13
239795,0.03
239796,0.03
239801,0.13
239808,0.1
239816,0.02
239819,0.03
239825,0.26
239832,0.18
239840,0.0
239845,0.05
239853,0.02
239862,0.05
239867,0.13
239873,0.07
239884,0.03
239920,0.05
239924,0.16
239937,0.05
239938,0.05
239948,0.09
239951,0.09
239952,0.1
239996,0.04
239998,0.13
240013,0.19
240027,0.08
240028,0.09
240036,0.22
240041,0.3
240046,0.03
240063,0.06
240076,0.02
240082,0.07
240086,0.03
240087,0.03
240089,0.13
240090,0.08
240093,0.36
240110,0.17
240111,0.12
240113,0.01
240117,0.03
240118,0.06
240120,0.04
240125,0.22
240130,0.09
240131,0.32
240133,0.07
240138,0.1
240149,0.05
240161,0.04
240177,0.23
240188,0.07
240197,0.08
240204,0.08
240215,0.1
240257,0.11
240266,0.02
240284,0.12
240296,0.15
240300,0.06
240312,0.04
240314,0.16
240320,0.09
240321,0.19
240337,0.03
240339,0.21
240341,0.06
240342,0.05
240346,0.03
240348,0.24
240364,0.12
240378,0.05
240382,0.09
240387,0.13
240404,0.1
240409,0.03
240412,0.06
240413,0.21
240414,0.05
240415,0.05
240416,0.04
240427,0.0
240428,0.09
240438,0.12
240447,0.03
240489,0.27
240494,0.25
240495,0.04
240507,0.0
240526,0.13
240530,0.23
240531,0.06
240554,0.01
240559,0.24
240561,0.06
240577,0.12
240578,0.04
240585,0.01
240587,0.08
240594,0.08
240603,0.06
240615,0.07
240629,0.17
240631,0.05
240637,0.07
240646,0.35
240649,0.11
240657,0.01
240664,0.23
240665,0.33
240668,0.08
240670,0.12
240685,0.3
240689,0.25
240702,0.09
240707,0.06
240709,0.13
240712,0.15
240716,0.06
240717,0.02
240725,0.02
240733,0.02
240742,0.17
240744,0.07
240819,0.11
240820,0.03
240826,0.04
240836,0.29
240839,0.04
240847,0.28
240859,0.12
240866,0.23
240868,0.24
240875,0.21
240878,0.03
240888,0.07
240896,0.07
240897,0.03
240898,0.16
240899,0.28
240900,0.07
240901,0.13
240902,0.03
240903,0.16
240904,0.01
240910,0.11
240916,0.08
240921,0.06
240923,0.07
240929,0.11
240930,0.06
240931,0.02
240932,0.03
240938,0.14
240943,0.11
240948,0.03
240954,0.13
240972,0.03
240992,0.05
240993,0.12
240994,0.08
241018,0.06
241026,0.03
241031,0.25
241052,0.03
241060,0.08
241076,0.07
241113,0.02
241116,0.06
241118,0.1
241121,0.13
241130,0.24
241142,0.03
241146,0.04
241159,0.01
241160,0.04
241161,0.2
241163,0.19
241176,0.02
241187,0.1
241188,0.16
241191,0.1
241192,0.07
241198,0.27
241208,0.32
241210,0.07
241226,0.08
241244,0.25
241252,0.07
241254,0.01
241256,0.16
241264,0.1
241266,0.09
241267,0.16
241274,0.03
241279,0.03
241281,0.21
241284,0.02
241293,0.04
241330,0.04
241333,0.06
241344,0.24
241348,0.08
241359,0.07
241362,0.16
241372,0.03
241377,0.0
241381,0.25
241390,0.06
241395,0.02
241397,0.02
241401,0.05
241402,0.21
241415,0.04
241417,0.13
241426,0.25
241432,0.02
241436,0.0
241444,0.03
241447,0.2
241456,0.03
241457,0.03
241464,0.06
241465,0.05
241469,0.14
241479,0.0
241482,0.1
241488,0.09
241489,0.06
241507,0.12
241509,0.0
241511,0.03
241520,0.0
241523,0.07
241536,0.17
241545,0.08
241574,0.01
241577,0.22
241599,0.13
241608,0.07
241627,0.01
241631,0.06
241640,0.06
241642,0.05
241645,0.1
241647,0.03
241649,0.16
241654,0.34
241655,0.02
241657,0.08
241665,0.09
241671,0.1
241678,0.15
241683,0.06
241686,0.02
241699,0.02
241704,0.22
241706,0.06
241709,0.03
241718,0.03
241723,0.12
241729,0.06
241739,0.08
241741,0.12
241752,0.1
241756,0.04
241763,0.02
241779,0.1
241793,0.02
241797,0.13
241804,0.01
241813,0.09
241816,0.09
241817,0.11
241821,0.0
241838,0.08
241839,0.08
241855,0.03
241857,0.0
241887,0.04
241888,0.1
241899,0.26
241903,0.13
241908,0.17
241914,0.05
241919,0.05
241933,0.12
241943,0.0
241947,0.18
241957,0.23
241960,0.15
241961,0.12
241965,0.18
241971,0.04
241982,0.03
241990,0.01
242011,0.02
242022,0.06
242023,0.22
242025,0.13
242035,0.05
242037,0.16
242043,0.03
242067,0.03
242075,0.04
242077,0.09
242088,0.19
242103,0.02
242125,0.1
242134,0.18
242143,0.07
242144,0.09
242148,0.13
242155,0.1
242163,0.09
242171,0.05
242182,0.11
242185,0.01
242188,0.08
242201,0.24
242203,0.03
242204,0.0
242208,0.12
242210,0.03
242217,0.11
242219,0.06
242222,0.07
242224,0.38
242229,0.11
242231,0.46
242236,0.25
242256,0.1
242264,0.01
242269,0.05
242280,0.27
242281,0.09
242285,0.13
242295,0.04
242302,0.12
242314,0.05
242319,0.19
242332,0.05
242338,0.08
242342,0.16
242343,0.03
242345,0.0
242354,0.03
242361,0.1
242365,0.27
242373,0.05
242378,0.07
242383,0.14
242385,0.3
242389,0.01
242397,0.14
242404,0.24
242406,0.21
242410,0.19
242436,0.11
242439,0.11
242440,0.14
242444,0.03
242445,0.15
242455,0.07
242477,0.08
242479,0.18
242484,0.15
242491,0.1
242492,0.04
242497,0.15
242498,0.03
242499,0.3
242500,0.11
242501,0.08
242502,0.14
242516,0.09
242518,0.1
242523,0.18
242525,0.01
242537,0.11
242549,0.08
242550,0.04
242553,0.01
242554,0.0
242561,0.0
242566,0.15
242567,0.33
242587,0.02
242598,0.13
242609,0.18
242611,0.08
242614,0.18
242617,0.14
242622,0.12
242623,0.03
242629,0.03
242633,0.06
242636,0.18
242637,0.1
242642,0.07
242651,0.08
242655,0.06
242667,0.03
242668,0.02
242670,0.09
242681,0.05
242689,0.05
242690,0.35
242692,0.19
242693,0.09
242699,0.08
242706,0.03
242712,0.12
242714,0.06
242715,0.02
242721,0.04
242725,0.08
242728,0.04
242740,0.0
242741,0.08
242762,0.12
242766,0.04
242772,0.02
242779,0.02
242782,0.03
242795,0.08
242796,0.03
242800,0.04
242810,0.05
242816,0.05
242824,0.13
242829,0.24
242833,0.09
242837,0.14
242851,0.03
242857,0.13
242858,0.17
242860,0.06
242874,0.04
242876,0.09
242877,0.02
242879,0.03
242890,0.13
242897,0.06
242898,0.09
242904,0.02
242916,0.02
242920,0.02
242924,0.17
242930,0.0
242936,0.01
242938,0.02
242951,0.11
242952,0.09
242956,0.03
242970,0.23
242972,0.13
242973,0.07
242975,0.0
242979,0.2
242985,0.02
242989,0.0
242994,0.19
242996,0.22
243004,0.14
243013,0.02
243015,0.02
243017,0.03
243022,0.03
243075,0.19
243077,0.07
243089,0.02
243096,0.15
243099,0.0
243109,0.07
243110,0.06
243111,0.16
243112,0.27
243114,0.11
243124,0.24
243128,0.18
243136,0.07
243143,0.06
243148,0.06
243151,0.1
243152,0.04
243163,0.07
243170,0.14
243173,0.05
243184,0.09
243187,0.08
243193,0.11
243206,0.05
243208,0.09
243236,0.08
243237,0.07
243241,0.03
243244,0.15
243251,0.08
243256,0.01
243257,0.02
243263,0.1
243265,0.02
243276,0.05
243283,0.17
243287,0.02
243289,0.2
243291,0.0
243294,0.04
243299,0.25
243301,0.23
243302,0.09
243310,0.17
243313,0.31
243334,0.2
243335,0.07
243345,0.07
243353,0.01
243369,0.12
243371,0.17
243375,0.22
243383,0.19
243387,0.0
243390,0.12
243398,0.04
243399,0.07
243401,0.03
243412,0.0
243430,0.12
243433,0.07
243440,0.08
243445,0.06
243475,0.16
243481,0.06
243501,0.13
243518,0.14
243528,0.05
243544,0.04
243550,0.02
243555,0.05
243558,0.16
243559,0.24
243569,0.08
243580,0.05
243581,0.03
243590,0.05
243611,0.08
243619,0.04
243643,0.01
243659,0.11
243664,0.08
243665,0.19
243679,0.0
243680,0.06
243681,0.09
243689,0.15
243699,0.26
243700,0.18
243703,0.18
243714,0.32
243734,0.2
243741,0.21
243747,0.1
243757,0.11
243764,0.21
243766,0.07
243770,0.05
243774,0.14
243777,0.01
243778,0.07
243783,0.12
243788,0.13
243801,0.17
243802,0.03
243805,0.26
243821,0.04
243828,0.04
243831,0.02
243838,0.18
243850,0.09
243861,0.05
243871,0.28
243873,0.12
243874,0.18
243875,0.17
243891,0.06
243893,0.14
243900,0.06
243907,0.12
243908,0.38
243916,0.1
243921,0.0
243943,0.02
243958,0.28
243963,0.22
243965,0.07
243968,0.09
243978,0.13
243993,0.02
243996,0.06
244004,0.16
244006,0.05
244045,0.15
244046,0.03
244047,0.05
244049,0.0
244051,0.15
244058,0.11
244093,0.09
244100,0.14
244102,0.14
244104,0.07
244108,0.03
244112,0.17
244114,0.12
244134,0.02
244136,0.11
244140,0.01
244151,0.03
244152,0.06
244164,0.14
244168,0.11
244173,0.01
244176,0.0
244179,0.03
244189,0.21
244201,0.07
244205,0.15
244212,0.08
244216,0.06
244226,0.21
244228,0.19
244238,0.11
244246,0.08
244252,0.1
244257,0.02
244266,0.06
244268,0.1
244280,0.07
244290,0.1
244294,0.22
244295,0.15
244296,0.3
244298,0.19
244307,0.2
244321,0.0
244322,0.24
244324,0.07
244335,0.07
244346,0.12
244364,0.07
244372,0.27
244377,0.18
244387,0.22
244388,0.05
244395,0.1
244396,0.02
244403,0.09
244416,0.11
244417,0.03
244420,0.07
244421,0.06
244428,0.11
244429,0.3
244432,0.09
244456,0.15
244460,0.02
244461,0.1
244464,0.12
244470,0.03
244475,0.11
244484,0.08
244487,0.0
244489,0.1
244498,0.15
244526,0.11
244529,0.19
244534,0.03
244536,0.05
244543,0.18
244545,0.0
244555,0.03
244560,0.15
244562,0.07
244570,0.1
244572,0.15
244574,0.08
244605,0.08
244612,0.06
244624,0.07
244631,0.0
244632,0.22
244643,0.03
244652,0.09
244666,0.0
244671,0.05
244672,0.02
244683,0.04
244690,0.06
244696,0.09
244703,0.06
244710,0.14
244713,0.07
244719,0.01
244724,0.16
244736,0.02
244763,0.16
244764,0.09
244765,0.14
244767,0.32
244772,0.08
244786,0.11
244789,0.13
244794,0.11
244799,0.01
244810,0.03
244815,0.06
244830,0.02
244848,0.11
244852,0.01
244866,0.04
244867,0.04
244874,0.2
244887,0.03
244891,0.02
244897,0.08
244898,0.09
244909,0.21
244910,0.06
244913,0.11
244925,0.14
244928,0.09
244932,0.08
244942,0.01
244943,0.14
244949,0.17
244954,0.01
244971,0.13
244973,0.11
244989,0.23
245001,0.12
245012,0.04
245026,0.13
245030,0.09
245036,0.05
245049,0.23
245057,0.04
245062,0.12
245063,0.09
245074,0.07
245076,0.11
245105,0.06
245106,0.09
245121,0.01
245124,0.11
245129,0.08
245133,0.18
245138,0.09
245150,0.1
245156,0.1
245157,0.08
245168,0.16
245170,0.1
245177,0.04
245178,0.04
245182,0.15
245208,0.17
245219,0.07
245221,0.0
245222,0.04
245224,0.03
245225,0.01
245233,0.08
245234,0.13
245244,0.1
245253,0.35
245260,0.07
245272,0.04
245281,0.06
245296,0.2
245297,0.18
245303,0.05
245309,0.04
245313,0.19
245316,0.07
245328,0.05
245344,0.01
245351,0.06
245357,0.18
245367,0.06
245369,0.33
245376,0.03
245381,0.08
245411,0.23
245426,0.05
245428,0.12
245430,0.27
245437,0.26
245443,0.06
245450,0.04
245452,0.02
245468,0.05
245481,0.0
245486,0.03
245496,0.04
245501,0.11
245502,0.05
245503,0.0
245564,0.3
245567,0.17
245568,0.23
245576,0.31
245577,0.0
245578,0.02
245595,0.06
245598,0.26
245604,0.04
245611,0.01
245615,0.15
245617,0.13
245627,0.08
245659,0.0
245661,0.12
245681,0.04
245687,0.02
245697,0.08
245708,0.03
245713,0.02
245717,0.01
245720,0.07
245721,0.08
245724,0.03
245728,0.04
245738,0.05
245746,0.05
245747,0.05
245748,0.2
245766,0.02
245767,0.16
245784,0.15
245792,0.02
245802,0.3
245804,0.04
245815,0.05
245820,0.1
245830,0.17
245834,0.06
245836,0.09
245844,0.08
245853,0.14
245862,0.02
245863,0.11
245882,0.11
245892,0.13
245906,0.05
245913,0.14
245926,0.03
245932,0.11
245933,0.05
245934,0.11
245939,0.15
245948,0.1
245955,0.08
245957,0.0
245967,0.11
245979,0.15
245980,0.17
245989,0.08
245992,0.02
245994,0.07
246006,0.01
246010,0.13
246017,0.2
246041,0.13
246045,0.02
246053,0.12
246057,0.05
246059,0.1
246061,0.15
246079,0.02
246082,0.01
246089,0.05
246091,0.09
246102,0.11
246127,0.21
246134,0.02
246135,0.09
246138,0.31
246143,0.16
246146,0.08
246148,0.08
246152,0.15
246155,0.03
246164,0.09
246171,0.08
246185,0.04
246192,0.18
246200,0.15
246208,0.03
246210,0.02
246213,0.15
246214,0.1
246229,0.02
246242,0.2
246250,0.09
246258,0.15
246267,0.27
246273,0.07
246287,0.08
246289,0.03
246290,0.2
246302,0.08
246303,0.01
246304,0.08
246312,0.04
246319,0.2
246321,0.08
246335,0.07
246337,0.06
246348,0.06
246358,0.13
246362,0.15
246369,0.03
246374,0.05
246382,0.12
246384,0.04
246386,0.21
246390,0.15
246396,0.05
246400,0.08
246401,0.1
246405,0.04
246415,0.2
246416,0.06
246418,0.18
246422,0.03
246423,0.03
246426,0.29
246429,0.23
246432,0.04
246444,0.08
246448,0.05
246455,0.1
246469,0.02
246482,0.0
246488,0.13
246489,0.13
246491,0.04
246502,0.02
246516,0.04
246524,0.22
246525,0.12
246543,0.13
246550,0.31
246554,0.04
246558,0.01
246559,0.05
246560,0.06
246561,0.13
246562,0.08
246564,0.0
246585,0.29
246615,0.06
246618,0.04
246619,0.05
246621,0.08
246624,0.17
246625,0.02
246627,0.11
246628,0.05
246631,0.03
246633,0.12
246654,0.0
246660,0.03
246665,0.23
246669,0.14
246681,0.02
246700,0.19
246705,0.04
246708,0.14
246711,0.09
246724,0.17
246740,0.02
246744,0.04
246745,0.16
246746,0.01
246748,0.02
246752,0.14
246758,0.08
246762,0.06
246765,0.08
246786,0.04
246798,0.03
246807,0.18
246816,0.07
246820,0.06
246833,0.21
246835,0.38
246836,0.14
246845,0.12
246849,0.05
246857,0.16
246861,0.1
246871,0.05
246872,0.14
246877,0.02
246879,0.03
246894,0.14
246896,0.06
246905,0.21
246907,0.2
246928,0.0
246935,0.01
246939,0.08
246947,0.06
246951,0.09
246956,0.02
246972,0.19
246979,0.04
247003,0.02
247005,0.11
247006,0.06
247008,0.03
247014,0.13
247027,0.01
247032,0.08
247036,0.22
247080,0.11
247083,0.04
247086,0.06
247092,0.22
247098,0.03
247103,0.13
247105,0.02
247108,0.08
247118,0.23
247123,0.08
247129,0.13
247139,0.02
247147,0.11
247153,0.29
247157,0.03
247179,0.06
247190,0.07
247213,0.07
247220,0.11
247234,0.03
247260,0.06
247265,0.04
247269,0.31
247272,0.03
247277,0.25
247278,0.33
247280,0.06
247290,0.06
247296,0.08
247314,0.26
247316,0.11
247328,0.05
247332,0.13
247336,0.24
247340,0.13
247342,0.05
247347,0.2
247350,0.14
247351,0.04
247353,0.21
247354,0.08
247360,0.05
247371,0.1
247378,0.02
247394,0.12
247402,0.04
247406,0.05
247409,0.07
247446,0.04
247453,0.07
247455,0.06
247463,0.01
247484,0.02
247485,0.12
247492,0.06
247497,0.21
247510,0.05
247521,0.06
247527,0.02
247534,0.13
247537,0.06
247558,0.06
247559,0.05
247560,0.13
247567,0.12
247572,0.06
247582,0.05
247583,0.16
247594,0.22
247595,0.03
247597,0.02
247598,0.1
247607,0.08
247619,0.06
247632,0.12
247638,0.13
247639,0.15
247646,0.05
247655,0.0
247660,0.15
247672,0.19
247677,0.0
247682,0.07
247685,0.21
247690,0.04
247701,0.04
247708,0.07
247715,0.01
247734,0.13
247758,0.01
247761,0.07
247763,0.01
247766,0.03
247774,0.01
247775,0.03
247779,0.1
247781,0.02
247783,0.16
247785,0.01
247787,0.07
247793,0.1
247798,0.05
247802,0.22
247805,0.08
247814,0.02
247816,0.04
247834,0.01
247836,0.08
247844,0.17
247849,0.22
247852,0.02
247859,0.01
247861,0.1
247867,0.14
247868,0.02
247883,0.08
247890,0.02
247892,0.26
247896,0.03
247897,0.03
247902,0.41
247904,0.19
247909,0.01
247910,0.01
247911,0.05
247929,0.11
247930,0.01
247935,0.07
247942,0.26
247950,0.05
247951,0.1
247972,0.12
247989,0.07
247993,0.09
247995,0.13
248012,0.03
248018,0.07
248019,0.15
248036,0.0
248037,0.03
248039,0.06
248040,0.03
248043,0.07
248054,0.02
248056,0.06
248068,0.18
248075,0.1
248085,0.04
248087,0.08
248089,0.05
248095,0.02
248105,0.08
248109,0.06
248115,0.02
248131,0.18
248135,0.11
248148,0.07
248154,0.24
248156,0.32
248165,0.06
248169,0.1
248173,0.05
248179,0.15
248187,0.02
248204,0.02
248207,0.16
248210,0.2
248212,0.15
248214,0.06
248229,0.0
248236,0.05
248239,0.07
248240,0.24
248246,0.05
248249,0.09
248261,0.07
248267,0.17
248268,0.08
248272,0.17
248276,0.13
248293,0.06
248303,0.02
248307,0.03
248308,0.36
248327,0.08
248330,0.1
248345,0.02
248355,0.12
248364,0.09
248368,0.18
248373,0.01
248375,0.16
248378,0.11
248390,0.03
248394,0.1
248405,0.03
248409,0.09
248411,0.05
248415,0.11
248416,0.07
248419,0.11
248421,0.05
248422,0.02
248424,0.03
248427,0.04
248429,0.11
248435,0.01
248452,0.04
248461,0.12
248467,0.0
248472,0.17
248473,0.14
248476,0.05
248488,0.11
248489,0.08
248505,0.02
248509,0.14
248510,0.09
248512,0.09
248524,0.25
248526,0.25
248528,0.02
248533,0.08
248546,0.17
248568,0.09
248570,0.06
248579,0.05
248583,0.01
248585,0.07
248586,0.06
248596,0.03
248597,0.11
248601,0.06
248605,0.02
248613,0.04
248618,0.06
248622,0.02
248626,0.0
248627,0.11
248628,0.14
248635,0.04
248636,0.02
248644,0.06
248667,0.25
248675,0.13
248677,0.07
248693,0.04
248694,0.08
248699,0.01
248706,0.16
248726,0.25
248728,0.01
248731,0.13
248736,0.21
248738,0.15
248739,0.02
248744,0.15
248745,0.09
248756,0.06
248760,0.15
248767,0.14
248770,0.07
248772,0.02
248773,0.06
248785,0.04
248789,0.1
248791,0.05
248797,0.01
248826,0.02
248853,0.06
248854,0.04
248856,0.1
248861,0.18
248869,0.22
248871,0.12
248877,0.05
248883,0.09
248891,0.01
248892,0.18
248905,0.09
248910,0.14
248914,0.02
248921,0.13
248931,0.1
248934,0.07
248951,0.05
248954,0.1
248961,0.02
248966,0.06
248968,0.22
248977,0.04
248978,0.05
248986,0.21
249000,0.09
249005,0.06
249025,0.04
249040,0.27
249045,0.04
249056,0.09
249057,0.04
249075,0.05
249084,0.04
249089,0.14
249095,0.22
249101,0.05
249113,0.01
249116,0.09
249118,0.19
249137,0.12
249140,0.1
249149,0.16
249151,0.06
249154,0.08
249155,0.04
249171,0.0
249173,0.16
249190,0.01
249191,0.02
249197,0.1
249205,0.14
249212,0.22
249228,0.08
249235,0.11
249266,0.02
249269,0.05
249277,0.04
249298,0.03
249305,0.09
249310,0.06
249313,0.07
249320,0.05
249321,0.02
249332,0.03
249333,0.09
249339,0.06
249343,0.33
249345,0.18
249347,0.13
249348,0.05
249358,0.07
249370,0.3
249382,0.23
249397,0.04
249398,0.08
249400,0.06
249403,0.17
249412,0.08
249421,0.26
249422,0.02
249426,0.08
249445,0.05
249460,0.1
249465,0.01
249467,0.05
249481,0.29
249495,0.0
249496,0.11
249505,0.08
249507,0.03
249523,0.19
249528,0.01
249532,0.2
249534,0.06
249540,0.03
249542,0.13
249557,0.03
249559,0.2
249578,0.03
249581,0.02
249588,0.16
249595,0.01
249603,0.19
249615,0.0
249630,0.01
249636,0.04
249640,0.13
249648,0.1
249657,0.04
249661,0.04
249664,0.09
249668,0.03
249677,0.11
249681,0.18
249687,0.05
249688,0.12
249695,0.15
249703,0.07
249705,0.11
249718,0.12
249719,0.07
249720,0.02
249726,0.05
249728,0.08
249742,0.11
249764,0.13
249768,0.05
249770,0.04
249774,0.05
249779,0.02
249783,0.03
249801,0.34
249808,0.05
249818,0.09
249820,0.32
249832,0.35
249839,0.1
249843,0.35
249845,0.09
249847,0.14
249878,0.16
249883,0.03
249895,0.1
249898,0.07
249906,0.14
249909,0.07
249913,0.0
249920,0.19
249921,0.02
249928,0.17
249941,0.17
249951,0.01
249955,0.03
250020,0.14
250022,0.06
250026,0.12
250038,0.19
250045,0.31
250048,0.02
250049,0.06
250051,0.12
250056,0.23
250073,0.04
250085,0.0
250088,0.13
250091,0.05
250092,0.15
250093,0.0
250095,0.09
250098,0.15
250105,0.04
250114,0.29
250127,0.18
250134,0.11
250137,0.05
250153,0.13
250156,0.07
250176,0.1
250188,0.05
250189,0.1
250211,0.06
250212,0.13
250217,0.03
250226,0.12
250236,0.27
250237,0.1
250246,0.06
250270,0.08
250276,0.11
250299,0.04
250311,0.01
250312,0.24
250319,0.03
250324,0.05
250331,0.07
250340,0.14
250347,0.04
250354,0.11
250358,0.14
250359,0.09
250361,0.28
250363,0.1
250371,0.09
250377,0.09
250381,0.0
250391,0.01
250415,0.13
250416,0.16
250430,0.3
250431,0.08
250438,0.08
250444,0.05
250453,0.07
250458,0.23
250462,0.23
250469,0.02
250473,0.01
250481,0.18
250498,0.15
250502,0.2
250508,0.23
250514,0.0
250521,0.04
250522,0.26
250530,0.02
250531,0.07
250533,0.04
250539,0.02
250541,0.04
250545,0.13
250557,0.27
250576,0.03
250579,0.0
250585,0.22
250586,0.02
250591,0.17
250592,0.13
250596,0.03
250616,0.01
250617,0.02
250632,0.17
250636,0.06
250640,0.1
250657,0.11
250658,0.13
250661,0.03
250684,0.12
250685,0.05
250691,0.11
250692,0.07
250712,0.01
250713,0.06
250719,0.03
250737,0.2
250749,0.08
250772,0.08
250773,0.1
250774,0.14
250781,0.15
250783,0.09
250810,0.14
250814,0.02
250819,0.04
250831,0.01
250855,0.03
250867,0.16
250878,0.03
250887,0.02
250889,0.04
250890,0.03
250900,0.14
250904,0.2
250909,0.06
250913,0.09
250914,0.02
250915,0.11
250918,0.13
250922,0.23
250925,0.02
250939,0.17
250949,0.0
250956,0.08
250961,0.01
250963,0.14
250965,0.14
250968,0.06
250970,0.07
250981,0.0
250990,0.04
251001,0.2
251002,0.02
251011,0.18
251013,0.01
251021,0.0
251022,0.0
251029,0.05
251046,0.02
251047,0.11
251058,0.05
251063,0.06
251064,0.15
251073,0.2
251083,0.12
251085,0.15
251091,0.22
251096,0.07
251105,0.31
251115,0.16
251123,0.04
251133,0.1
251152,0.17
251165,0.05
251180,0.11
251196,0.35
251197,0.2
251214,0.01
251215,0.26
251217,0.11
251219,0.0
251233,0.03
251234,0.1
251245,0.07
251248,0.25
251255,0.04
251267,0.05
251272,0.03
251276,0.02
251288,0.04
251297,0.04
251298,0.12
251300,0.06
251301,0.04
251302,0.14
251303,0.16
251311,0.05
251314,0.13
251322,0.06
251324,0.09
251333,0.07
251336,0.13
251341,0.03
251346,0.09
251370,0.1
251378,0.1
251396,0.14
251401,0.14
251413,0.03
251422,0.07
251423,0.14
251434,0.11
251436,0.01
251443,0.06
251445,0.12
251455,0.03
251465,0.31
251470,0.14
251475,0.24
251488,0.07
251498,0.06
251504,0.01
251506,0.12
251530,0.14
251534,0.05
251538,0.21
251543,0.07
251557,0.06
251558,0.11
251567,0.02
251575,0.16
251579,0.03
251598,0.1
251599,0.08
251606,0.05
251608,0.12
251620,0.14
251624,0.02
251629,0.18
251631,0.08
251654,0.15
251671,0.02
251677,0.11
251682,0.17
251684,0.14
251689,0.11
251700,0.17
251716,0.01
251719,0.11
251727,0.04
251731,0.23
251732,0.1
251737,0.09
251744,0.05
251750,0.05
251754,0.08
251759,0.01
251761,0.34
251762,0.1
251765,0.04
251768,0.13
251770,0.13
251777,0.03
251786,0.06
251795,0.13
251805,0.1
251833,0.15
251839,0.06
251848,0.28
251851,0.01
251893,0.02
251909,0.02
251918,0.07
251920,0.07
251922,0.29
251923,0.22
251926,0.14
251933,0.0
251938,0.12
251948,0.17
251955,0.07
251956,0.08
251957,0.01
251964,0.22
251965,0.08
251966,0.04
251972,0.05
251980,0.09
252003,0.02
252016,0.09
252028,0.06
252032,0.08
252046,0.03
252054,0.01
252060,0.14
252073,0.01
252088,0.04
252092,0.0
252096,0.19
252113,0.02
252115,0.01
252121,0.01
252133,0.08
252135,0.06
252145,0.03
252151,0.0
252167,0.09
252169,0.13
252175,0.2
252189,0.05
252190,0.14
252191,0.1
252198,0.07
252212,0.09
252223,0.08
252224,0.17
252228,0.21
252253,0.06
252257,0.19
252261,0.11
252265,0.14
252272,0.1
252273,0.19
252286,0.31
252312,0.0
252322,0.24
252326,0.03
252332,0.05
252345,0.22
252348,0.03
252354,0.1
252358,0.13
252364,0.04
252366,0.25
252369,0.14
252374,0.09
252382,0.06
252417,0.32
252425,0.18
252426,0.18
252429,0.06
252434,0.13
252447,0.02
252450,0.02
252452,0.22
252460,0.01
252463,0.05
252465,0.11
252492,0.05
252493,0.27
252518,0.1
252522,0.15
252524,0.02
252531,0.03
252533,0.08
252540,0.11
252543,0.08
252544,0.1
252555,0.05
252558,0.1
252562,0.09
252565,0.23
252568,0.05
252569,0.02
252573,0.06
252582,0.01
252596,0.11
252599,0.0
252603,0.1
252606,0.21
252630,0.01
252636,0.06
252651,0.04
252653,0.0
252679,0.19
252682,0.15
252687,0.1
252713,0.06
252715,0.03
252721,0.09
252726,0.06
252746,0.09
252754,0.03
252760,0.05
252762,0.37
252763,0.02
252764,0.21
252768,0.08
252773,0.08
252774,0.09
252782,0.04
252784,0.04
252797,0.12
252798,0.05
252809,0.01
252819,0.06
252840,0.05
252862,0.01
252863,0.17
252865,0.09
252870,0.09
252880,0.15
252881,0.14
252888,0.12
252889,0.14
252894,0.02
252899,0.23
252911,0.01
252918,0.01
252926,0.12
252929,0.15
252932,0.1
252939,0.04
252940,0.07
252970,0.01
252971,0.04
252980,0.12
252981,0.1
252986,0.01
252990,0.01
253004,0.1
253011,0.02
253015,0.02
253022,0.05
253032,0.04
253044,0.35
253056,0.03
253065,0.07
253066,0.25
253067,0.09
253079,0.01
253088,0.05
253098,0.05
253099,0.24
253112,0.05
253113,0.07
253133,0.06
253149,0.04
253151,0.06
253153,0.19
253160,0.04
253164,0.04
253169,0.06
253177,0.06
253183,0.21
253198,0.11
253206,0.14
253214,0.03
253218,0.03
253224,0.03
253227,0.04
253231,0.07
253247,0.04
253251,0.15
253262,0.12
253264,0.13
253265,0.15
253273,0.18
253275,0.2
253278,0.01
253284,0.09
253298,0.08
253313,0.06
253317,0.05
253322,0.15
253326,0.06
253332,0.3
253338,0.0
253339,0.01
253346,0.02
253348,0.11
253350,0.02
253357,0.12
253363,0.08
253365,0.05
253369,0.03
253373,0.28
253378,0.05
253383,0.14
253392,0.01
253395,0.04
253398,0.16
253410,0.27
253419,0.12
253420,0.09
253421,0.23
253441,0.11
253442,0.04
253446,0.08
253447,0.26
253465,0.05
253488,0.1
253492,0.03
253499,0.39
253500,0.26
253501,0.01
253509,0.05
253521,0.03
253534,0.0
253544,0.03
253555,0.1
253557,0.2
253559,0.05
253583,0.1
253587,0.07
253589,0.12
253591,0.03
253596,0.0
253600,0.02
253605,0.04
253620,0.05
253628,0.1
253631,0.11
253634,0.04
253639,0.01
253641,0.17
253661,0.13
253672,0.02
253679,0.03
253683,0.07
253696,0.16
253706,0.04
253708,0.17
253712,0.05
253717,0.01
253720,0.05
253731,0.08
253734,0.19
253743,0.07
253744,0.04
253748,0.17
253754,0.07
253761,0.16
253787,0.13
253788,0.04
253796,0.24
253826,0.18
253829,0.18
253837,0.14
253841,0.18
253843,0.04
253844,0.19
253845,0.02
253849,0.1
253854,0.02
253861,0.11
253863,0.08
253875,0.13
253891,0.1
253894,0.17
253895,0.26
253918,0.2
253930,0.06
253939,0.03
253940,0.12
253945,0.09
253950,0.04
253951,0.04
253964,0.24
253967,0.12
253975,0.39
253986,0.01
253998,0.15
254017,0.12
254025,0.15
254026,0.1
254031,0.07
254035,0.09
254040,0.09
254042,0.13
254047,0.04
254051,0.25
254056,0.06
254060,0.14
254068,0.05
254073,0.08
254088,0.06
254100,0.04
254110,0.22
254115,0.01
254116,0.32
254125,0.03
254130,0.01
254135,0.06
254149,0.16
254161,0.06
254167,0.13
254176,0.09
254205,0.03
254226,0.03
254228,0.08
254238,0.11
254242,0.02
254257,0.2
254261,0.04
254280,0.0
254295,0.02
254316,0.07
254325,0.26
254326,0.13
254327,0.01
254335,0.08
254342,0.11
254347,0.01
254355,0.1
254358,0.01
254359,0.07
254368,0.06
254376,0.1
254382,0.12
254383,0.05
254390,0.21
254392,0.09
254394,0.03
254400,0.01
254406,0.03
254411,0.25
254421,0.0
254435,0.11
254437,0.01
254440,0.02
254460,0.03
254470,0.02
254471,0.06
254472,0.06
254483,0.25
254493,0.02
254513,0.06
254518,0.19
254520,0.06
254534,0.1
254537,0.24
254562,0.12
254567,0.06
254577,0.12
254578,0.11
254580,0.09
254586,0.08
254591,0.09
254593,0.07
254597,0.32
254599,0.04
254613,0.02
254629,0.04
254631,0.1
254633,0.13
254639,0.05
254642,0.16
254650,0.11
254659,0.07
254662,0.06
254671,0.22
254672,0.05
254674,0.2
254676,0.22
254679,0.0
254701,0.05
254722,0.02
254728,0.01
254742,0.14
254748,0.13
254750,0.05
254751,0.09
254753,0.12
254773,0.19
254783,0.04
254805,0.08
254806,0.11
254810,0.04
254817,0.0
254820,0.04
254829,0.13
254835,0.01
254837,0.03
254843,0.09
254850,0.02
254858,0.04
254861,0.12
254884,0.02
254885,0.17
254890,0.03
254910,0.09
254916,0.31
254917,0.06
254920,0.0
254926,0.01
254928,0.02
254930,0.18
254937,0.15
254940,0.08
254953,0.14
254956,0.01
254969,0.06
254982,0.14
254988,0.07
254998,0.17
255013,0.2
255017,0.0
255018,0.02
255029,0.02
255033,0.33
255035,0.09
255061,0.32
255067,0.01
255068,0.05
255070,0.15
255084,0.02
255096,0.12
255106,0.07
255114,0.06
255117,0.06
255135,0.07
255142,0.11
255143,0.03
255146,0.14
255155,0.08
255156,0.24
255158,0.04
255167,0.06
255172,0.1
255199,0.01
255204,0.0
255206,0.17
255210,0.02
255226,0.02
255230,0.08
255253,0.1
255259,0.14
255260,0.12
255278,0.07
255288,0.0
255312,0.14
255317,0.15
255319,0.14
255320,0.13
255322,0.01
255332,0.28
255337,0.03
255344,0.02
255347,0.06
255348,0.02
255351,0.09
255366,0.12
255371,0.01
255372,0.01
255373,0.21
255377,0.24
255378,0.05
255405,0.1
255408,0.07
255425,0.19
255434,0.13
255441,0.06
255442,0.2
255451,0.07
255486,0.04
255490,0.3
255493,0.04
255501,0.1
255503,0.08
255515,0.07
255522,0.01
255526,0.04
255538,0.26
255541,0.1
255546,0.11
255549,0.02
255557,0.04
255564,0.2
255568,0.04
255572,0.11
255581,0.02
255585,0.0
255586,0.15
255596,0.21
255598,0.12
255600,0.16
255619,0.08
255620,0.01
255623,0.04
255631,0.08
255632,0.21
255633,0.03
255646,0.07
255647,0.08
255649,0.03
255659,0.17
255666,0.03
255669,0.05
255674,0.04
255675,0.01
255678,0.14
255682,0.14
255690,0.08
255691,0.04
255694,0.33
255706,0.08
255717,0.18
255720,0.07
255723,0.15
255724,0.18
255729,0.01
255731,0.06
255733,0.05
255734,0.17
255738,0.14
255760,0.02
255766,0.09
255770,0.11
255772,0.05
255775,0.04
255776,0.05
255786,0.09
255795,0.03
255797,0.12
255810,0.06
255813,0.04
255829,0.13
255830,0.04
255832,0.02
255847,0.05
255853,0.16
255876,0.11
255881,0.07
255883,0.01
255891,0.16
255899,0.01
255900,0.12
255906,0.08
255907,0.18
255911,0.14
255921,0.09
255925,0.22
255930,0.28
255941,0.02
255948,0.01
255969,0.12
255973,0.27
255974,0.07
255976,0.17
255977,0.04
255978,0.05
255981,0.04
255988,0.09
255990,0.08
255992,0.06
255998,0.02
256015,0.08
256016,0.04
256036,0.11
256045,0.02
256050,0.03
256066,0.28
256076,0.05
256080,0.02
256083,0.14
256086,0.07
256103,0.14
256108,0.03
256114,0.07
256115,0.06
256139,0.1
256141,0.01
256146,0.07
256150,0.07
256177,0.03
256179,0.09
256194,0.06
256195,0.04
256200,0.02
256204,0.12
256205,0.18
256213,0.06
256222,0.03
256224,0.06
256235,0.19
256264,0.02
256268,0.06
256276,0.12
256277,0.01
256282,0.01
256285,0.11
256293,0.03
256294,0.11
256296,0.26
256297,0.03
256315,0.03
256317,0.06
256334,0.3
256339,0.04
256342,0.24
256345,0.08
256348,0.1
256350,0.12
256351,0.12
256357,0.12
256375,0.22
256377,0.09
256379,0.12
256392,0.02
256398,0.01
256419,0.03
256422,0.02
256424,0.03
256431,0.07
256432,0.01
256438,0.37
256459,0.09
256460,0.23
256506,0.16
256507,0.07
256511,0.04
256513,0.22
256519,0.09
256533,0.04
256539,0.02
256590,0.01
256606,0.32
256614,0.25
256642,0.1
256644,0.03
256653,0.12
256663,0.13
256666,0.05
256669,0.07
256678,0.09
256685,0.04
256705,0.08
256708,0.04
256713,0.02
256715,0.06
256718,0.05
256745,0.13
256752,0.08
256753,0.01
256754,0.06
256763,0.0
256772,0.13
256773,0.3
256774,0.19
256776,0.26
256783,0.1
256790,0.13
256801,0.22
256802,0.31
256803,0.07
256808,0.07
256809,0.13
256810,0.21
256818,0.18
256824,0.07
256825,0.08
256826,0.0
256829,0.02
256834,0.11
256843,0.25
256866,0.27
256875,0.03
256876,0.1
256887,0.08
256888,0.04
256894,0.03
256909,0.04
256918,0.13
256927,0.12
256931,0.01
256933,0.15
256937,0.06
256950,0.25
256955,0.0
256962,0.15
256972,0.02
256985,0.14
256987,0.19
256993,0.02
257000,0.3
257017,0.0
257019,0.08
257020,0.13
257022,0.04
257023,0.2
257025,0.08
257050,0.0
257056,0.01
257060,0.26
257064,0.21
257066,0.07
257071,0.11
257073,0.01
257076,0.08
257084,0.07
257088,0.15
257102,0.08
257118,0.08
257119,0.12
257120,0.06
257131,0.12
257145,0.1
257150,0.09
257154,0.24
257169,0.08
257192,0.09
257200,0.05
257204,0.02
257205,0.17
257213,0.07
257216,0.1
257219,0.04
257232,0.15
257234,0.05
257244,0.1
257251,0.0
257255,0.16
257260,0.05
257263,0.09
257267,0.09
257277,0.07
257293,0.01
257294,0.05
257304,0.0
257307,0.01
257312,0.06
257324,0.08
257325,0.1
257326,0.07
257353,0.01
257354,0.01
257369,0.1
257372,0.01
257375,0.03
257388,0.16
257393,0.08
257395,0.02
257399,0.13
257406,0.09
257409,0.06
257437,0.03
257441,0.04
257442,0.13
257473,0.05
257476,0.07
257477,0.28
257483,0.34
257500,0.1
257506,0.08
257508,0.11
257511,0.21
257514,0.04
257527,0.26
257528,0.12
257545,0.04
257546,0.05
257548,0.04
257551,0.01
257564,0.09
257565,0.12
257567,0.16
257572,0.03
257575,0.05
257577,0.2
257578,0.01
257585,0.04
257589,0.04
257590,0.04
257594,0.09
257596,0.04
257614,0.14
257618,0.25
257624,0.15
257632,0.03
257638,0.04
257644,0.05
257650,0.03
257653,0.11
257660,0.18
257663,0.13
257665,0.15
257677,0.09
257678,0.03
257690,0.24
257700,0.04
257711,0.17
257712,0.14
257715,0.04
257718,0.06
257720,0.01
257740,0.18
257748,0.1
257765,0.11
257768,0.09
257777,0.02
257778,0.13
257785,0.26
257789,0.07
257794,0.05
257796,0.08
257821,0.05
257823,0.16
257832,0.15
257844,0.26
257848,0.07
257854,0.01
257861,0.28
257872,0.09
257875,0.02
257876,0.15
257883,0.04
257888,0.06
257895,0.0
257900,0.13
257906,0.03
257907,0.06
257920,0.17
257921,0.13
257926,0.05
257932,0.12
257940,0.14
257947,0.07
257953,0.11
257958,0.02
257967,0.1
257977,0.02
257986,0.01
258012,0.28
258013,0.02
258031,0.0
258034,0.01
258037,0.31
258051,0.15
258056,0.02
258058,0.16
258066,0.07
258074,0.03
258077,0.02
258090,0.11
258109,0.11
258114,0.02
258124,0.03
258127,0.18
258141,0.05
258148,0.11
258151,0.09
258163,0.09
258166,0.1
258169,0.05
258179,0.17
258190,0.11
258193,0.01
258207,0.23
258220,0.1
258222,0.02
258223,0.07
258225,0.05
258227,0.06
258231,0.1
258233,0.2
258249,0.01
258255,0.1
258259,0.12
258276,0.12
258281,0.23
258302,0.05
258305,0.25
258310,0.14
258334,0.19
258335,0.11
258338,0.04
258345,0.04
258360,0.03
258363,0.01
258381,0.15
258384,0.13
258387,0.27
258400,0.07
258402,0.03
258406,0.13
258408,0.22
258432,0.04
258443,0.04
258461,0.05
258488,0.06
258489,0.03
258508,0.12
258524,0.06
258527,0.03
258545,0.05
258549,0.06
258560,0.18
258565,0.28
258567,0.07
258575,0.04
258590,0.08
258591,0.13
258592,0.0
258603,0.18
258606,0.07
258610,0.07
258627,0.08
258631,0.02
258637,0.11
258638,0.15
258640,0.2
258645,0.03
258651,0.05
258652,0.19
258653,0.14
258662,0.1
258663,0.08
258671,0.03
258679,0.02
258685,0.02
258686,0.2
258697,0.03
258705,0.29
258723,0.14
258724,0.17
258734,0.02
258763,0.09
258764,0.07
258771,0.03
258773,0.03
258782,0.19
258784,0.0
258790,0.13
258811,0.06
258817,0.04
258818,0.04
258832,0.25
258837,0.26
258841,0.2
258842,0.04
258843,0.02
258860,0.1
258875,0.08
258881,0.03
258887,0.01
258889,0.05
258924,0.09
258925,0.21
258948,0.06
258949,0.06
258963,0.18
258964,0.08
258966,0.31
258973,0.17
258974,0.0
258979,0.1
258989,0.05
258997,0.22
259001,0.08
259013,0.16
259018,0.07
259020,0.33
259031,0.13
259044,0.06
259050,0.22
259064,0.0
259078,0.11
259088,0.19
259124,0.01
259125,0.01
259135,0.07
259137,0.06
259146,0.0
259148,0.18
259168,0.07
259178,0.07
259194,0.02
259198,0.0
259204,0.04
259209,0.05
259223,0.03
259228,0.07
259234,0.19
259237,0.03
259246,0.07
259247,0.02
259249,0.14
259264,0.06
259274,0.09
259281,0.19
259283,0.07
259284,0.05
259285,0.05
259286,0.05
259291,0.05
259304,0.01
259309,0.08
259322,0.06
259323,0.21
259331,0.11
259339,0.08
259344,0.16
259350,0.3
259353,0.16
259356,0.16
259365,0.21
259377,0.17
259397,0.01
259403,0.08
259411,0.01
259415,0.11
259420,0.05
259423,0.18
259424,0.01
259431,0.14
259434,0.23
259438,0.07
259439,0.07
259441,0.02
259452,0.01
259460,0.08
259471,0.04
259483,0.08
259494,0.05
259496,0.14
259500,0.13
259512,0.08
259526,0.03
259528,0.1
259548,0.02
259568,0.12
259593,0.17
259603,0.1
259611,0.0
259620,0.05
259621,0.18
259623,0.13
259633,0.17
259648,0.05
259678,0.01
259691,0.06
259693,0.01
259708,0.22
259720,0.09
259734,0.02
259741,0.13
259749,0.04
259750,0.02
259752,0.03
259755,0.02
259759,0.05
259776,0.09
259779,0.03
259790,0.12
259797,0.01
259799,0.1
259804,0.06
259807,0.1
259810,0.08
259811,0.24
259822,0.03
259833,0.02
259838,0.02
259844,0.23
259846,0.11
259848,0.03
259861,0.21
259867,0.05
259876,0.06
259880,0.1
259897,0.15
259908,0.18
259912,0.04
259920,0.14
259922,0.04
259928,0.1
259932,0.03
259946,0.05
259962,0.1
259982,0.05
259985,0.06
259994,0.19
259996,0.13
260000,0.09
260007,0.21
260018,0.18
260021,0.12
260038,0.04
260051,0.17
260052,0.04
260070,0.16
260074,0.04
260080,0.09
260092,0.04
260097,0.05
260101,0.0
260108,0.02
260117,0.03
260129,0.0
260142,0.05
260145,0.01
260146,0.12
260147,0.04
260148,0.31
260153,0.02
260156,0.03
260171,0.01
260202,0.02
260221,0.08
260222,0.09
260226,0.05
260227,0.1
260247,0.02
260251,0.04
260261,0.01
260264,0.15
260266,0.0
260268,0.18
260289,0.03
260301,0.08
260316,0.05
260348,0.05
260359,0.16
260364,0.16
260391,0.1
260422,0.18
260435,0.05
260438,0.22
260446,0.11
260447,0.23
260458,0.02
260461,0.01
260469,0.14
260471,0.04
260482,0.29
260484,0.12
260487,0.13
260489,0.12
260500,0.11
260508,0.08
260509,0.11
260512,0.1
260525,0.06
260530,0.17
260533,0.12
260538,0.12
260541,0.32
260546,0.12
260551,0.0
260556,0.12
260561,0.0
260566,0.08
260572,0.08
260579,0.2
260582,0.2
260583,0.07
260584,0.06
260586,0.07
260589,0.2
260608,0.11
260632,0.04
260634,0.03
260635,0.3
260645,0.09
260659,0.04
260665,0.09
260673,0.12
260675,0.14
260676,0.06
260700,0.1
260721,0.27
260723,0.21
260732,0.03
260738,0.04
260748,0.09
260782,0.06
260806,0.12
260820,0.05
260825,0.12
260830,0.1
260844,0.14
260858,0.07
260860,0.09
260863,0.06
260867,0.11
260875,0.06
260877,0.32
260902,0.21
260910,0.08
260913,0.02
260923,0.03
260926,0.21
260936,0.02
260937,0.37
260948,0.05
260949,0.09
260959,0.13
260962,0.31
260986,0.2
260988,0.05
260992,0.13
260997,0.01
261007,0.11
261031,0.02
261039,0.11
261044,0.02
261055,0.06
261058,0.06
261069,0.03
261079,0.09
261084,0.08
261097,0.14
261101,0.08
261111,0.11
261115,0.02
261116,0.15
261121,0.01
261124,0.09
261126,0.1
261132,0.02
261161,0.05
261162,0.0
261175,0.24
261187,0.04
261191,0.13
261195,0.09
261197,0.08
261204,0.04
261231,0.02
261248,0.02
261263,0.1
261268,0.15
261273,0.22
261274,0.17
261277,0.21
261283,0.01
261293,0.22
261302,0.3
261309,0.02
261318,0.01
261340,0.08
261346,0.1
261355,0.03
261357,0.05
261365,0.04
261366,0.13
261376,0.09
261380,0.06
261385,0.32
261403,0.08
261416,0.21
261424,0.06
261425,0.09
261431,0.02
261433,0.03
261435,0.07
261440,0.06
261450,0.06
261456,0.31
261464,0.23
261465,0.07
261473,0.02
261475,0.07
261476,0.08
261480,0.05
261481,0.05
261495,0.06
261500,0.02
261506,0.04
261544,0.06
261551,0.0
261566,0.1
261573,0.07
261587,0.07
261592,0.0
261594,0.01
261626,0.03
261635,0.05
261649,0.05
261653,0.04
261660,0.2
261668,0.07
261669,0.04
261676,0.03
261688,0.08
261691,0.04
261699,0.03
261704,0.17
261718,0.14
261719,0.06
261735,0.12
261742,0.02
261746,0.18
261749,0.05
261759,0.1
261763,0.05
261772,0.09
261795,0.17
261798,0.06
261804,0.04
261806,0.06
261813,0.37
261814,0.11
261827,0.02
261835,0.02
261839,0.13
261840,0.14
261845,0.06
261846,0.02
261850,0.02
261853,0.03
261870,0.2
261871,0.01
261883,0.11
261885,0.08
261888,0.1
261892,0.03
261895,0.0
261906,0.14
261912,0.15
261918,0.01
261926,0.05
261930,0.03
261947,0.01
261956,0.12
261958,0.06
261960,0.11
261961,0.26
261965,0.06
261967,0.24
261968,0.02
261974,0.13
261980,0.12
261981,0.12
261983,0.13
261992,0.07
261998,0.09
262002,0.03
262006,0.02
262014,0.04
262017,0.09
262021,0.2
262038,0.14
262040,0.12
262043,0.01
262052,0.11
262054,0.04
262056,0.04
262058,0.05
262062,0.24
262065,0.09
262067,0.03
262070,0.06
262078,0.06
262084,0.1
262091,0.41
262092,0.11
262112,0.11
262114,0.06
262132,0.1
262140,0.12
262152,0.11
262159,0.09
262172,0.11
262180,0.06
262181,0.02
262188,0.41
262202,0.04
262206,0.02
262213,0.06
262227,0.08
262239,0.19
262243,0.03
262246,0.03
262251,0.11
262269,0.05
262272,0.11
262276,0.08
262277,0.09
262278,0.13
262281,0.03
262298,0.03
262308,0.04
262316,0.03
262320,0.02
262321,0.34
262337,0.12
262354,0.22
262362,0.03
262364,0.08
262365,0.0
262372,0.04
262373,0.31
262380,0.14
262392,0.05
262399,0.06
262407,0.2
262418,0.15
262429,0.13
262430,0.03
262446,0.11
262455,0.01
262459,0.11
262475,0.05
262478,0.08
262492,0.14
262520,0.04
262535,0.1
262537,0.02
262538,0.1
262541,0.0
262554,0.13
262559,0.08
262561,0.07
262562,0.07
262575,0.19
262576,0.12
262579,0.04
262581,0.3
262590,0.06
262599,0.04
262607,0.04
262608,0.13
262613,0.05
262620,0.15
262621,0.27
262622,0.03
262623,0.09
262629,0.01
262633,0.08
262650,0.05
262655,0.03
262659,0.05
262660,0.1
262663,0.05
262665,0.06
262666,0.19
262679,0.07
262681,0.1
262702,0.08
262705,0.11
262716,0.05
262725,0.09
262732,0.06
262743,0.03
262749,0.21
262752,0.12
262756,0.13
262758,0.13
262772,0.13
262784,0.12
262791,0.09
262793,0.27
262802,0.23
262814,0.15
262817,0.15
262820,0.02
262827,0.19
262832,0.06
262845,0.03
262847,0.06
262859,0.08
262862,0.11
262864,0.04
262865,0.09
262887,0.06
262914,0.11
262939,0.12
262943,0.18
262958,0.22
262963,0.07
262970,0.03
262979,0.21
262986,0.11
263004,0.03
263015,0.07
263016,0.08
263028,0.09
263029,0.18
263031,0.06
263044,0.07
263046,0.08
263056,0.11
263059,0.1
263061,0.21
263077,0.17
263087,0.13
263105,0.11
263116,0.22
263120,0.12
263127,0.33
263137,0.09
263166,0.01
263175,0.16
263184,0.04
263185,0.04
263205,0.08
263208,0.06
263210,0.31
263220,0.04
263224,0.1
263228,0.12
263240,0.06
263243,0.18
263288,0.02
263290,0.1
263306,0.11
263312,0.08
263319,0.1
263326,0.03
263331,0.05
263339,0.07
263347,0.02
263353,0.05
263355,0.29
263368,0.33
263408,0.11
263414,0.04
263421,0.0
263440,0.05
263458,0.04
263460,0.09
263475,0.16
263477,0.06
263479,0.24
263489,0.09
263492,0.05
263493,0.18
263498,0.08
263510,0.04
263513,0.05
263514,0.03
263517,0.04
263518,0.0
263548,0.01
263561,0.11
263564,0.08
263565,0.22
263576,0.04
263580,0.24
263582,0.01
263584,0.01
263593,0.33
263594,0.08
263598,0.05
263602,0.06
263611,0.12
263640,0.21
263642,0.08
263643,0.04
263646,0.02
263658,0.05
263664,0.02
263683,0.03
263703,0.01
263705,0.1
263709,0.04
263715,0.02
263728,0.22
263732,0.15
263735,0.05
263748,0.21
263750,0.18
263751,0.12
263759,0.13
263763,0.02
263765,0.01
263780,0.03
263783,0.09
263786,0.18
263794,0.06
263799,0.03
263802,0.08
263803,0.08
263820,0.06
263846,0.16
263857,0.01
263858,0.08
263860,0.17
263864,0.09
263870,0.01
263879,0.04
263881,0.06
263882,0.05
263895,0.05
263909,0.3
263918,0.12
263940,0.08
263945,0.04
263946,0.11
263947,0.07
263948,0.1
263962,0.22
263972,0.14
263974,0.03
263981,0.1
263984,0.11
263992,0.22
264001,0.07
264007,0.14
264010,0.03
264011,0.25
264015,0.08
264023,0.16
264030,0.07
264033,0.05
264037,0.25
264043,0.06
264044,0.06
264045,0.19
264050,0.0
264055,0.03
264059,0.02
264060,0.13
264062,0.03
264069,0.1
264077,0.01
264078,0.04
264087,0.04
264094,0.19
264095,0.23
264112,0.14
264113,0.08
264131,0.0
264145,0.06
264148,0.03
264157,0.13
264161,0.01
264173,0.13
264188,0.14
264195,0.07
264198,0.08
264199,0.01
264207,0.07
264209,0.01
264226,0.03
264227,0.16
264243,0.2
264246,0.21
264252,0.11
264254,0.17
264259,0.01
264274,0.02
264280,0.22
264285,0.09
264299,0.13
264331,0.05
264334,0.0
264338,0.09
264341,0.04
264344,0.14
264347,0.13
264350,0.09
264360,0.05
264365,0.05
264367,0.03
264378,0.04
264381,0.21
264397,0.02
264401,0.11
264405,0.07
264417,0.16
264422,0.03
264423,0.07
264424,0.11
264436,0.28
264441,0.04
264451,0.02
264453,0.11
264457,0.02
264460,0.07
264464,0.02
264469,0.16
264485,0.01
264491,0.09
264505,0.04
264535,0.12
264538,0.13
264541,0.04
264544,0.06
264545,0.1
264549,0.06
264557,0.22
264563,0.08
264569,0.12
264574,0.22
264587,0.15
264608,0.17
264610,0.14
264621,0.0
264627,0.22
264642,0.08
264644,0.06
264655,0.05
264660,0.19
264667,0.19
264691,0.05
264694,0.22
264695,0.03
264700,0.02
264709,0.01
264712,0.05
264714,0.13
264722,0.01
264728,0.02
264742,0.16
264744,0.11
264748,0.06
264760,0.08
264763,0.27
264771,0.2
264773,0.05
264782,0.27
264786,0.06
264787,0.03
264809,0.06
264811,0.06
264822,0.11
264823,0.16
264831,0.03
264834,0.04
264841,0.01
264848,0.17
264849,0.22
264863,0.28
264867,0.04
264874,0.1
264875,0.0
264877,0.06
264897,0.01
264900,0.09
264906,0.04
264909,0.15
264913,0.03
264922,0.06
264924,0.17
264927,0.09
264935,0.07
264938,0.4
264968,0.22
264975,0.07
264979,0.04
264989,0.09
265001,0.01
265009,0.02
265014,0.14
265016,0.05
265027,0.17
265049,0.04
265061,0.21
265062,0.01
265068,0.01
265072,0.04
265100,0.02
265105,0.13
265106,0.06
265110,0.03
265123,0.06
265126,0.24
265131,0.13
265134,0.06
265144,0.04
265146,0.17
265154,0.11
265164,0.11
265170,0.01
265172,0.06
265173,0.01
265178,0.02
265187,0.1
265191,0.16
265194,0.31
265216,0.1
265228,0.0
265231,0.07
265232,0.09
265233,0.11
265242,0.2
265243,0.14
265246,0.08
265259,0.05
265265,0.41
265266,0.04
265268,0.11
265280,0.02
265287,0.01
265297,0.03
265298,0.06
265300,0.08
265301,0.12
265305,0.16
265307,0.03
265314,0.13
265320,0.04
265331,0.04
265333,0.36
265336,0.04
265337,0.05
265344,0.07
265346,0.08
265371,0.01
265380,0.06
265386,0.02
265389,0.04
265409,0.02
265414,0.03
265415,0.01
265419,0.07
265422,0.07
265457,0.14
265461,0.12
265463,0.13
265468,0.21
265474,0.12
265478,0.09
265480,0.14
265488,0.15
265493,0.1
265510,0.04
265519,0.08
265521,0.22
265529,0.03
265533,0.15
265577,0.07
265591,0.07
265596,0.34
265607,0.05
265618,0.08
265619,0.06
265620,0.07
265628,0.06
265661,0.03
265669,0.01
265680,0.1
265707,0.21
265714,0.06
265716,0.0
265717,0.09
265718,0.06
265723,0.2
265730,0.06
265732,0.0
265744,0.17
265751,0.08
265760,0.15
265777,0.05
265783,0.05
265791,0.06
265792,0.06
265797,0.18
265798,0.01
265806,0.14
265815,0.12
265816,0.2
265821,0.02
265833,0.02
265854,0.02
265856,0.3
265858,0.0
265862,0.11
265863,0.2
265879,0.14
265881,0.0
265894,0.04
265895,0.37
265896,0.15
265898,0.23
265900,0.15
265907,0.02
265910,0.12
265917,0.06
265941,0.15
265955,0.09
265957,0.12
265961,0.02
265966,0.02
265969,0.16
265974,0.15
265976,0.11
265979,0.05
265985,0.06
265988,0.04
265990,0.06
265991,0.04
265993,0.02
265995,0.21
266009,0.13
266010,0.04
266014,0.1
266020,0.16
266022,0.14
266029,0.13
266045,0.07
266057,0.25
266060,0.15
266065,0.03
266071,0.01
266072,0.08
266074,0.06
266076,0.1
266089,0.1
266091,0.04
266097,0.09
266099,0.07
266106,0.05
266117,0.04
266120,0.11
266129,0.09
266132,0.01
266139,0.15
266140,0.09
266141,0.08
266146,0.24
266149,0.06
266159,0.06
266165,0.05
266171,0.11
266173,0.14
266177,0.12
266179,0.2
266186,0.02
266210,0.2
266227,0.03
266266,0.09
266291,0.04
266319,0.1
266321,0.13
266323,0.01
266329,0.01
266331,0.03
266333,0.33
266334,0.18
266338,0.07
266340,0.14
266344,0.18
266354,0.04
266359,0.05
266362,0.08
266364,0.17
266365,0.07
266379,0.03
266380,0.15
266387,0.06
266393,0.01
266396,0.07
266406,0.0
266418,0.15
266424,0.0
266440,0.1
266442,0.04
266444,0.26
266453,0.11
266455,0.03
266461,0.18
266462,0.0
266465,0.04
266466,0.22
266468,0.39
266471,0.01
266479,0.03
266499,0.1
266536,0.15
266543,0.08
266544,0.08
266556,0.16
266561,0.07
266573,0.14
266578,0.03
266590,0.15
266596,0.34
266624,0.04
266629,0.06
266635,0.02
266644,0.09
266650,0.06
266659,0.02
266666,0.07
266668,0.02
266674,0.24
266680,0.09
266686,0.33
266714,0.07
266730,0.1
266734,0.09
266740,0.24
266745,0.04
266749,0.13
266750,0.04
266751,0.03
266752,0.01
266753,0.03
266759,0.04
266763,0.06
266766,0.02
266783,0.08
266805,0.01
266812,0.03
266813,0.25
266816,0.19
266819,0.09
266820,0.33
266833,0.16
266842,0.07
266847,0.07
266848,0.03
266865,0.23
266867,0.32
266874,0.03
266885,0.2
266888,0.03
266890,0.12
266932,0.13
266941,0.4
266942,0.11
266948,0.12
266959,0.02
266977,0.03
266983,0.05
266984,0.13
266999,0.21
267000,0.05
267023,0.19
267031,0.18
267035,0.05
267046,0.1
267050,0.01
267058,0.13
267070,0.02
267079,0.09
267080,0.03
267093,0.08
267094,0.09
267102,0.14
267107,0.04
267108,0.08
267113,0.15
267127,0.06
267136,0.03
267143,0.0
267155,0.15
267180,0.01
267182,0.07
267184,0.05
267192,0.08
267195,0.06
267220,0.0
267228,0.02
267237,0.18
267241,0.05
267242,0.16
267247,0.08
267259,0.13
267260,0.24
267265,0.1
267269,0.23
267272,0.12
267275,0.24
267282,0.26
267284,0.35
267294,0.05
267298,0.04
267304,0.04
267316,0.23
267324,0.05
267327,0.06
267333,0.0
267338,0.02
267341,0.17
267342,0.06
267344,0.11
267345,0.21
267347,0.06
267361,0.19
267374,0.02
267379,0.07
267380,0.05
267382,0.0
267394,0.13
267403,0.07
267405,0.17
267412,0.02
267421,0.21
267437,0.01
267438,0.02
267443,0.02
267446,0.02
267460,0.13
267466,0.14
267469,0.1
267474,0.06
267488,0.01
267490,0.02
267496,0.25
267499,0.16
267501,0.09
267518,0.31
267522,0.18
267524,0.02
267532,0.13
267535,0.35
267547,0.06
267550,0.05
267559,0.14
267581,0.06
267586,0.13
267588,0.28
267592,0.08
267597,0.0
267600,0.05
267608,0.0
267620,0.03
267625,0.06
267628,0.02
267633,0.03
267639,0.04
267649,0.04
267659,0.05
267662,0.07
267671,0.05
267672,0.02
267677,0.05
267679,0.22
267682,0.02
267687,0.22
267689,0.02
267690,0.01
267707,0.04
267709,0.06
267716,0.04
267738,0.09
267744,0.19
267752,0.1
267754,0.2
267755,0.21
267757,0.1
267758,0.12
267767,0.3
267771,0.08
267808,0.23
267815,0.11
267833,0.16
267841,0.07
267843,0.06
267847,0.04
267857,0.03
267869,0.19
267881,0.22
267887,0.02
267890,0.14
267892,0.17
267895,0.18
267899,0.07
267906,0.03
267912,0.2
267917,0.1
267927,0.01
267930,0.04
267934,0.03
267950,0.03
267965,0.11
267966,0.18
267976,0.01
267998,0.02
267999,0.09
268012,0.15
268013,0.07
268014,0.03
268020,0.07
268028,0.17
268032,0.06
268039,0.1
268041,0.02
268046,0.04
268059,0.11
268064,0.11
268066,0.08
268073,0.21
268077,0.03
268085,0.17
268090,0.11
268109,0.06
268139,0.07
268151,0.13
268153,0.04
268155,0.09
268163,0.09
268166,0.02
268185,0.05
268189,0.0
268190,0.1
268192,0.03
268211,0.13
268213,0.02
268214,0.04
268220,0.01
268225,0.06
268227,0.17
268230,0.11
268247,0.23
268250,0.08
268268,0.12
268269,0.09
268271,0.1
268274,0.15
268280,0.18
268291,0.23
268299,0.01
268301,0.08
268306,0.06
268307,0.17
268310,0.03
268317,0.32
268328,0.01
268329,0.01
268337,0.15
268338,0.03
268357,0.0
268363,0.09
268373,0.04
268380,0.08
268386,0.12
268394,0.03
268407,0.03
268411,0.08
268417,0.03
268421,0.17
268422,0.05
268426,0.1
268427,0.04
268439,0.09
268445,0.05
268446,0.19
268459,0.11
268465,0.24
268466,0.2
268495,0.06
268497,0.26
268504,0.07
268508,0.3
268513,0.27
268525,0.1
268545,0.04
268546,0.06
268550,0.08
268568,0.02
268570,0.35
268590,0.0
268591,0.13
268602,0.06
268609,0.07
268616,0.09
268623,0.08
268645,0.19
268652,0.28
268668,0.14
268685,0.02
268707,0.09
268711,0.15
268714,0.1
268736,0.04
268746,0.24
268747,0.18
268749,0.1
268760,0.25
268761,0.0
268764,0.08
268781,0.02
268790,0.03
268799,0.1
268809,0.05
268814,0.04
268817,0.04
268822,0.01
268827,0.21
268828,0.07
268829,0.17
268845,0.09
268853,0.01
268859,0.02
268900,0.0
268911,0.0
268913,0.14
268917,0.23
268930,0.13
268934,0.02
268935,0.11
268938,0.13
268948,0.04
268950,0.21
268958,0.03
268975,0.05
268982,0.0
268983,0.14
268997,0.07
269009,0.08
269012,0.11
269017,0.27
269031,0.17
269038,0.07
269041,0.19
269045,0.01
269050,0.04
269056,0.03
269058,0.07
269060,0.07
269067,0.23
269082,0.07
269098,0.05
269105,0.07
269117,0.06
269123,0.08
269128,0.08
269143,0.05
269149,0.16
269162,0.24
269168,0.09
269172,0.12
269175,0.1
269189,0.11
269194,0.05
269197,0.15
269204,0.09
269211,0.01
269217,0.14
269222,0.13
269227,0.03
269228,0.08
269232,0.14
269250,0.09
269251,0.03
269257,0.18
269262,0.08
269263,0.02
269267,0.04
269275,0.05
269276,0.07
269279,0.05
269293,0.2
269300,0.2
269305,0.04
269309,0.02
269317,0.23
269352,0.16
269377,0.03
269378,0.02
269389,0.05
269392,0.01
269394,0.01
269402,0.22
269408,0.07
269410,0.09
269417,0.13
269421,0.2
269462,0.05
269481,0.01
269488,0.08
269489,0.0
269491,0.15
269495,0.01
269503,0.06
269510,0.18
269515,0.17
269522,0.01
269523,0.05
269536,0.02
269537,0.02
269549,0.02
269571,0.08
269576,0.01
269587,0.25
269595,0.2
269601,0.12
269610,0.32
269618,0.06
269620,0.14
269623,0.01
269637,0.15
269642,0.0
269652,0.14
269655,0.0
269661,0.1
269663,0.14
269665,0.06
269666,0.07
269667,0.04
269673,0.04
269693,0.03
269701,0.04
269702,0.1
269704,0.25
269718,0.21
269727,0.01
269732,0.1
269736,0.13
269738,0.05
269741,0.01
269744,0.01
269749,0.22
269750,0.06
269758,0.05
269775,0.21
269776,0.02
269777,0.16
269789,0.09
269794,0.06
269797,0.03
269807,0.22
269813,0.19
269844,0.09
269848,0.15
269871,0.05
269877,0.01
269878,0.09
269887,0.06
269904,0.03
269913,0.29
269938,0.04
269941,0.14
269953,0.16
269954,0.01
269955,0.15
269958,0.11
269960,0.01
269966,0.05
269975,0.03
269978,0.14
269989,0.09
269993,0.02
269998,0.15
270001,0.17
270020,0.12
270023,0.06
270028,0.06
270048,0.21
270061,0.09
270062,0.15
270096,0.4
270108,0.01
270118,0.04
270120,0.17
270122,0.04
270127,0.08
270131,0.11
270142,0.02
270146,0.08
270148,0.11
270152,0.02
270165,0.03
270170,0.07
270188,0.01
270204,0.27
270235,0.05
270243,0.27
270254,0.13
270265,0.08
270270,0.25
270287,0.07
270295,0.09
270296,0.12
270302,0.02
270304,0.08
270307,0.05
270310,0.13
270317,0.0
270324,0.05
270326,0.03
270337,0.08
270363,0.14
270371,0.08
270373,0.2
270375,0.09
270376,0.03
270379,0.01
270383,0.27
270390,0.08
270393,0.04
270402,0.04
270410,0.11
270411,0.09
270412,0.17
270415,0.1
270417,0.17
270436,0.3
270440,0.01
270449,0.07
270450,0.07
270457,0.28
270460,0.01
270461,0.06
270467,0.08
270473,0.19
270486,0.19
270488,0.13
270513,0.13
270518,0.02
270522,0.1
270526,0.05
270532,0.09
270545,0.18
270548,0.23
270550,0.0
270562,0.19
270564,0.08
270571,0.03
270572,0.02
270574,0.06
270575,0.1
270579,0.09
270612,0.14
270613,0.21
270622,0.03
270636,0.05
270643,0.05
270644,0.01
270645,0.07
270658,0.07
270661,0.14
270665,0.02
270676,0.22
270685,0.11
270695,0.15
270712,0.11
270719,0.03
270740,0.02
270753,0.07
270756,0.06
270759,0.16
270760,0.05
270764,0.12
270767,0.12
270778,0.02
270782,0.05
270794,0.17
270795,0.31
270799,0.06
270807,0.14
270821,0.04
270826,0.06
270829,0.17
270831,0.0
270843,0.11
270844,0.21
270847,0.03
270854,0.03
270856,0.18
270861,0.03
270862,0.07
270864,0.37
270881,0.03
270883,0.11
270885,0.3
270888,0.08
270894,0.04
270906,0.08
270914,0.01
270919,0.01
270935,0.02
270945,0.09
270957,0.09
270966,0.14
270970,0.12
270971,0.05
270976,0.16
270977,0.24
270978,0.04
270979,0.11
270982,0.08
270987,0.14
270989,0.08
270991,0.07
270992,0.0
270993,0.07
270997,0.32
271010,0.17
271025,0.0
271037,0.12
271038,0.04
271054,0.04
271056,0.28
271065,0.03
271070,0.12
271095,0.02
271099,0.01
271102,0.03
271103,0.01
271105,0.29
271106,0.1
271117,0.04
271134,0.29
271135,0.24
271137,0.15
271145,0.16
271149,0.18
271195,0.02
271199,0.07
271200,0.12
271220,0.07
271233,0.05
271234,0.16
271236,0.13
271248,0.0
271250,0.12
271251,0.07
271255,0.09
271261,0.03
271269,0.05
271276,0.0
271296,0.13
271304,0.19
271314,0.0
271318,0.08
271322,0.05
271325,0.04
271354,0.05
271355,0.14
271359,0.09
271361,0.08
271363,0.3
271367,0.15
271368,0.05
271369,0.04
271393,0.3
271409,0.08
271415,0.03
271418,0.14
271429,0.14
271431,0.08
271432,0.3
271442,0.13
271446,0.17
271448,0.11
271450,0.27
271452,0.05
271460,0.25
271461,0.25
271472,0.0
271496,0.1
271515,0.08
271527,0.02
271537,0.05
271544,0.17
271562,0.16
271565,0.01
271566,0.07
271567,0.05
271570,0.13
271576,0.08
271582,0.14
271586,0.07
271593,0.07
271598,0.13
271606,0.02
271607,0.02
271616,0.15
271617,0.05
271624,0.22
271638,0.05
271652,0.07
271657,0.06
271662,0.2
271665,0.15
271667,0.08
271670,0.17
271675,0.02
271679,0.28
271682,0.27
271696,0.22
271699,0.04
271733,0.0
271739,0.03
271746,0.05
271753,0.12
271756,0.16
271762,0.12
271777,0.07
271781,0.03
271785,0.01
271786,0.02
271790,0.08
271801,0.18
271806,0.07
271807,0.13
271810,0.01
271811,0.12
271815,0.08
271847,0.12
271875,0.14
271878,0.15
271880,0.09
271883,0.21
271911,0.28
271912,0.01
271914,0.07
271922,0.21
271933,0.04
271945,0.09
271952,0.0
271954,0.11
271961,0.06
271967,0.09
271969,0.0
271980,0.05
271989,0.0
271991,0.25
272000,0.06
272004,0.07
272010,0.04
272013,0.08
272029,0.04
272030,0.03
272031,0.06
272035,0.01
272040,0.31
272043,0.08
272055,0.12
272068,0.17
272075,0.25
272081,0.04
272090,0.1
272104,0.02
272116,0.13
272121,0.03
272129,0.09
272143,0.08
272146,0.01
272148,0.35
272152,0.16
272167,0.05
272180,0.12
272192,0.01
272201,0.02
272205,0.03
272209,0.32
272211,0.02
272228,0.03
272233,0.2
272235,0.16
272249,0.27
272267,0.11
272270,0.04
272276,0.06
272302,0.08
272303,0.05
272308,0.22
272309,0.23
272311,0.13
272313,0.03
272353,0.02
272366,0.1
272367,0.16
272371,0.08
272381,0.05
272404,0.09
272405,0.07
272418,0.24
272419,0.05
272425,0.06
272438,0.04
272444,0.22
272445,0.06
272462,0.09
272474,0.03
272478,0.08
272479,0.12
272480,0.09
272482,0.05
272511,0.28
272512,0.03
272516,0.05
272517,0.05
272522,0.09
272537,0.04
272555,0.03
272564,0.17
272566,0.16
272573,0.04
272575,0.02
272583,0.06
272593,0.03
272627,0.02
272628,0.13
272630,0.09
272632,0.0
272635,0.46
272636,0.06
272661,0.04
272669,0.11
272672,0.04
272681,0.05
272682,0.05
272691,0.04
272697,0.09
272706,0.05
272708,0.03
272717,0.07
272722,0.09
272723,0.0
272737,0.06
272744,0.02
272752,0.31
272757,0.04
272760,0.06
272763,0.11
272768,0.12
272779,0.02
272781,0.21
272787,0.06
272795,0.08
272799,0.09
272820,0.11
272821,0.03
272829,0.04
272852,0.03
272863,0.2
272878,0.11
272886,0.05
272891,0.21
272903,0.08
272914,0.01
272928,0.22
272937,0.04
272938,0.14
272944,0.18
272965,0.2
272967,0.02
272969,0.3
272983,0.05
272998,0.09
273002,0.07
273005,0.04
273010,0.07
273011,0.02
273017,0.0
273021,0.19
273023,0.14
273027,0.03
273035,0.01
273047,0.14
273053,0.09
273060,0.22
273062,0.05
273074,0.12
273078,0.06
273079,0.08
273087,0.09
273107,0.04
273109,0.08
273112,0.08
273113,0.17
273117,0.16
273121,0.29
273137,0.12
273156,0.05
273157,0.14
273177,0.12
273192,0.01
273193,0.04
273194,0.06
273198,0.1
273199,0.03
273206,0.06
273213,0.04
273235,0.0
273244,0.15
273247,0.17
273248,0.06
273254,0.06
273259,0.02
273270,0.01
273272,0.08
273287,0.13
273289,0.08
273294,0.03
273301,0.32
273304,0.16
273313,0.19
273314,0.05
273333,0.07
273336,0.16
273343,0.01
273353,0.03
273359,0.04
273371,0.03
273402,0.13
273415,0.02
273420,0.11
273424,0.03
273428,0.02
273429,0.01
273443,0.07
273457,0.02
273458,0.1
273467,0.23
273477,0.08
273482,0.11
273495,0.11
273496,0.03
273503,0.1
273507,0.18
273508,0.14
273510,0.06
273524,0.16
273552,0.0
273556,0.12
273566,0.06
273579,0.23
273584,0.01
273595,0.1
273606,0.04
273623,0.05
273625,0.12
273638,0.23
273660,0.1
273664,0.06
273683,0.06
273686,0.0
273687,0.07
273699,0.13
273700,0.09
273719,0.04
273721,0.19
273728,0.1
273764,0.03
273770,0.08
273774,0.32
273792,0.12
273806,0.05
273807,0.08
273818,0.03
273823,0.09
273835,0.23
273856,0.01
273861,0.03
273863,0.04
273864,0.21
273874,0.18
273879,0.12
273892,0.25
273895,0.21
273899,0.02
273900,0.09
273912,0.16
273921,0.0
273941,0.12
273946,0.02
273954,0.1
273956,0.08
273962,0.1
273968,0.06
273985,0.09
274000,0.24
274003,0.05
274004,0.04
274006,0.0
274019,0.18
274022,0.12
274023,0.14
274034,0.14
274043,0.02
274052,0.04
274054,0.41
274058,0.18
274063,0.26
274070,0.11
274072,0.07
274081,0.12
274108,0.29
274118,0.37
274125,0.06
274129,0.01
274140,0.03
274142,0.05
274146,0.05
274147,0.21
274155,0.01
274163,0.09
274165,0.05
274174,0.08
274182,0.26
274186,0.0
274188,0.07
274193,0.18
274198,0.05
274216,0.05
274219,0.1
274225,0.22
274229,0.05
274248,0.14
274268,0.02
274274,0.07
274286,0.04
274289,0.1
274297,0.06
274302,0.04
274326,0.14
274346,0.08
274348,0.16
274349,0.1
274350,0.0
274353,0.01
274359,0.34
274364,0.01
274368,0.02
274373,0.1
274378,0.21
274389,0.05
274390,0.07
274391,0.0
274392,0.02
274396,0.21
274408,0.12
274409,0.01
274424,0.12
274453,0.11
274460,0.09
274465,0.18
274468,0.01
274481,0.23
274482,0.01
274484,0.08
274490,0.15
274509,0.01
274511,0.08
274515,0.12
274521,0.05
274523,0.09
274525,0.11
274539,0.05
274541,0.07
274574,0.13
274585,0.05
274587,0.16
274594,0.07
274600,0.16
274605,0.07
274611,0.05
274619,0.08
274641,0.04
274666,0.2
274688,0.06
274690,0.07
274699,0.03
274703,0.13
274715,0.03
274717,0.05
274760,0.2
274774,0.26
274791,0.42
274801,0.1
274804,0.09
274808,0.33
274813,0.14
274815,0.08
274818,0.03
274820,0.03
274829,0.03
274847,0.15
274865,0.09
274870,0.05
274881,0.27
274890,0.13
274894,0.09
274902,0.01
274905,0.05
274911,0.02
274912,0.17
274914,0.03
274927,0.05
274931,0.04
274944,0.13
274951,0.08
274953,0.06
274954,0.05
274961,0.09
274965,0.15
274972,0.11
274978,0.08
274984,0.21
274993,0.1
274996,0.01
275043,0.0
275048,0.1
275052,0.15
275059,0.03
275060,0.04
275071,0.04
275077,0.1
275078,0.05
275091,0.02
275098,0.05
275111,0.04
275120,0.15
275121,0.18
275125,0.05
275129,0.06
275139,0.01
275150,0.1
275153,0.12
275166,0.12
275185,0.06
275199,0.25
275201,0.08
275203,0.07
275216,0.08
275225,0.19
275226,0.0
275232,0.08
275254,0.07
275256,0.3
275272,0.09
275278,0.01
275280,0.06
275286,0.13
275288,0.03
275299,0.11
275306,0.08
275313,0.03
275314,0.08
275319,0.38
275324,0.01
275330,0.09
275334,0.09
275335,0.12
275337,0.09
275339,0.02
275351,0.07
275352,0.04
275367,0.01
275384,0.12
275392,0.06
275393,0.11
275408,0.1
275411,0.16
275413,0.34
275415,0.01
275416,0.19
275422,0.03
275424,0.07
275438,0.14
275440,0.14
275468,0.01
275469,0.14
275473,0.11
275482,0.14
275488,0.03
275502,0.08
275503,0.13
275511,0.05
275518,0.15
275520,0.03
275524,0.03
275531,0.2
275537,0.05
275558,0.08
275574,0.18
275576,0.06
275583,0.0
275588,0.18
275605,0.23
275612,0.09
275627,0.1
275633,0.1
275646,0.19
275647,0.03
275653,0.22
275661,0.12
275683,0.07
275688,0.0
275691,0.03
275713,0.11
275731,0.03
275735,0.04
275739,0.03
275761,0.16
275762,0.04
275767,0.03
275768,0.13
275769,0.18
275774,0.01
275776,0.01
275783,0.06
275800,0.02
275805,0.15
275836,0.02
275842,0.01
275855,0.27
275860,0.05
275870,0.21
275884,0.15
275897,0.11
275899,0.01
275900,0.06
275906,0.16
275912,0.07
275922,0.12
275929,0.21
275931,0.11
275932,0.06
275936,0.2
275937,0.0
275947,0.25
275949,0.17
275954,0.09
275958,0.03
275966,0.15
275967,0.05
275970,0.14
275989,0.27
275993,0.09
275995,0.05
275998,0.07
276007,0.06
276011,0.16
276029,0.24
276047,0.0
276048,0.09
276050,0.15
276054,0.04
276056,0.11
276057,0.14
276060,0.01
276084,0.01
276089,0.1
276118,0.05
276121,0.13
276122,0.1
276130,0.05
276134,0.19
276135,0.17
276142,0.12
276164,0.01
276195,0.07
276210,0.12
276235,0.02
276238,0.07
276242,0.04
276244,0.22
276247,0.07
276263,0.21
276306,0.22
276309,0.03
276319,0.05
276334,0.04
276338,0.05
276343,0.1
276344,0.09
276345,0.17
276348,0.08
276359,0.13
276363,0.19
276365,0.15
276366,0.12
276373,0.01
276378,0.1
276386,0.04
276405,0.12
276419,0.0
276422,0.17
276430,0.01
276437,0.16
276442,0.05
276444,0.04
276446,0.09
276455,0.11
276470,0.06
276472,0.04
276475,0.28
276479,0.06
276484,0.09
276487,0.2
276488,0.3
276495,0.03
276497,0.16
276508,0.43
276509,0.08
276516,0.0
276521,0.01
276525,0.06
276550,0.04
276560,0.04
276569,0.12
276584,0.01
276603,0.01
276615,0.03
276617,0.05
276622,0.18
276625,0.07
276629,0.11
276642,0.04
276664,0.06
276674,0.03
276675,0.33
276678,0.13
276692,0.05
276693,0.06
276697,0.01
276703,0.07
276705,0.04
276717,0.12
276728,0.01
276744,0.21
276762,0.05
276764,0.04
276781,0.09
276793,0.05
276798,0.06
276800,0.08
276805,0.07
276824,0.03
276826,0.09
276848,0.16
276854,0.12
276862,0.17
276865,0.11
276869,0.05
276880,0.03
276882,0.04
276886,0.06
276889,0.06
276892,0.09
276903,0.0
276906,0.05
276936,0.01
276945,0.04
276956,0.1
276958,0.04
276963,0.0
276966,0.11
276987,0.11
276993,0.15
276994,0.04
277004,0.22
277015,0.03
277021,0.12
277024,0.03
277032,0.21
277054,0.06
277055,0.08
277061,0.1
277065,0.22
277070,0.01
277079,0.17
277088,0.05
277108,0.05
277114,0.03
277121,0.08
277137,0.16
277148,0.07
277158,0.12
277162,0.15
277165,0.42
277167,0.01
277170,0.01
277172,0.06
277177,0.03
277179,0.37
277182,0.03
277185,0.07
277191,0.06
277200,0.3
277211,0.04
277217,0.1
277221,0.1
277226,0.03
277227,0.07
277228,0.18
277229,0.07
277244,0.26
277271,0.03
277274,0.09
277282,0.02
277286,0.03
277288,0.04
277290,0.03
277291,0.07
277296,0.02
277297,0.01
277320,0.08
277327,0.14
277335,0.16
277336,0.08
277338,0.09
277342,0.24
277344,0.06
277345,0.09
277349,0.09
277356,0.15
277370,0.11
277371,0.15
277379,0.14
277386,0.24
277390,0.06
277400,0.07
277401,0.18
277412,0.09
277413,0.09
277415,0.02
277417,0.27
277419,0.06
277422,0.08
277423,0.02
277425,0.04
277432,0.08
277438,0.0
277445,0.13
277447,0.09
277456,0.07
277457,0.03
277474,0.06
277488,0.04
277494,0.03
277501,0.02
277503,0.17
277510,0.08
277516,0.08
277521,0.25
277522,0.09
277530,0.07
277531,0.17
277536,0.06
277548,0.07
277550,0.05
277554,0.04
277555,0.1
277562,0.1
277565,0.1
277566,0.06
277572,0.16
277592,0.03
277593,0.03
277610,0.09
277621,0.02
277654,0.32
277668,0.01
277673,0.04
277675,0.03
277694,0.04
277697,0.19
277699,0.03
277700,0.05
277701,0.07
277708,0.38
277710,0.05
277717,0.05
277725,0.17
277731,0.07
277746,0.12
277753,0.01
277757,0.29
277764,0.14
277772,0.1
277775,0.17
277777,0.03
277787,0.08
277797,0.06
277798,0.03
277802,0.11
277812,0.02
277816,0.13
277820,0.03
277821,0.0
277822,0.07
277838,0.05
277845,0.09
277846,0.06
277854,0.17
277856,0.06
277866,0.06
277874,0.08
277893,0.03
277900,0.05
277964,0.13
277970,0.02
277976,0.08
277983,0.08
277994,0.02
278011,0.03
278025,0.12
278045,0.21
278048,0.18
278066,0.08
278088,0.11
278098,0.13
278101,0.17
278113,0.07
278114,0.13
278128,0.07
278152,0.05
278157,0.19
278168,0.03
278169,0.07
278174,0.04
278176,0.06
278181,0.08
278185,0.14
278225,0.09
278236,0.07
278242,0.2
278244,0.02
278251,0.07
278252,0.1
278272,0.2
278279,0.05
278287,0.24
278288,0.05
278309,0.08
278310,0.07
278316,0.18
278318,0.28
278320,0.09
278344,0.23
278356,0.2
278359,0.08
278361,0.01
278368,0.08
278372,0.06
278384,0.23
278388,0.01
278409,0.17
278414,0.09
278415,0.13
278416,0.07
278422,0.07
278423,0.24
278432,0.14
278436,0.15
278455,0.07
278461,0.15
278469,0.2
278482,0.15
278487,0.08
278493,0.06
278501,0.06
278508,0.2
278511,0.04
278519,0.07
278526,0.18
278530,0.17
278533,0.08
278539,0.18
278545,0.09
278556,0.05
278559,0.04
278587,0.06
278601,0.01
278603,0.07
278604,0.16
278605,0.07
278606,0.01
278613,0.14
278616,0.23
278618,0.1
278632,0.03
278633,0.08
278637,0.02
278645,0.09
278649,0.26
278653,0.16
278662,0.03
278673,0.1
278700,0.04
278703,0.14
278704,0.12
278723,0.13
278725,0.09
278730,0.07
278750,0.06
278765,0.11
278770,0.05
278779,0.09
278787,0.05
278791,0.01
278804,0.06
278807,0.21
278810,0.07
278812,0.06
278815,0.41
278821,0.15
278825,0.02
278832,0.03
278836,0.04
278838,0.17
278840,0.12
278844,0.12
278862,0.02
278863,0.1
278871,0.05
278875,0.03
278892,0.32
278899,0.13
278903,0.12
278909,0.02
278913,0.08
278931,0.04
278932,0.2
278933,0.2
278937,0.12
278952,0.0
278954,0.02
278960,0.13
278967,0.09
278968,0.04
278972,0.18
278976,0.19
278982,0.06
278983,0.12
279001,0.17
279015,0.15
279018,0.16
279035,0.24
279040,0.08
279043,0.08
279046,0.06
279061,0.07
279063,0.02
279065,0.16
279068,0.14
279070,0.05
279074,0.41
279076,0.09
279086,0.01
279095,0.07
279107,0.13
279108,0.08
279109,0.13
279110,0.19
279111,0.0
279129,0.06
279134,0.03
279137,0.04
279142,0.09
279146,0.03
279153,0.08
279157,0.04
279165,0.03
279166,0.02
279172,0.06
279173,0.04
279174,0.03
279179,0.06
279182,0.05
279186,0.09
279187,0.13
279189,0.0
279201,0.02
279202,0.06
279213,0.01
279214,0.05
279217,0.01
279230,0.21
279232,0.03
279233,0.05
279235,0.02
279250,0.07
279252,0.04
279257,0.1
279265,0.04
279266,0.07
279279,0.0
279281,0.2
279282,0.0
279285,0.06
279286,0.09
279297,0.01
279300,0.01
279318,0.09
279324,0.09
279334,0.12
279335,0.13
279336,0.18
279341,0.08
279342,0.27
279353,0.11
279357,0.08
279371,0.19
279376,0.1
279391,0.19
279392,0.04
279402,0.11
279406,0.4
279408,0.16
279434,0.11
279439,0.03
279448,0.05
279450,0.12
279456,0.02
279461,0.2
279466,0.04
279470,0.08
279471,0.01
279493,0.08
279500,0.02
279506,0.02
279512,0.13
279519,0.02
279533,0.04
279549,0.16
279551,0.21
279556,0.08
279557,0.22
279558,0.12
279566,0.09
279592,0.05
279595,0.1
279604,0.23
279608,0.11
279614,0.04
279618,0.05
279622,0.19
279648,0.31
279652,0.08
279653,0.06
279679,0.11
279690,0.1
279691,0.08
279694,0.27
279698,0.11
279702,0.05
279712,0.05
279713,0.15
279715,0.24
279725,0.01
279727,0.11
279733,0.02
279742,0.05
279748,0.08
279754,0.06
279756,0.28
279776,0.11
279778,0.09
279779,0.04
279782,0.08
279793,0.02
279794,0.0
279804,0.24
279810,0.08
279817,0.21
279828,0.05
279830,0.11
279831,0.08
279834,0.17
279835,0.08
279840,0.1
279847,0.06
279852,0.09
279854,0.07
279856,0.09
279859,0.07
279862,0.03
279876,0.03
279878,0.11
279889,0.01
279894,0.03
279897,0.01
279903,0.01
279904,0.03
279906,0.02
279909,0.11
279922,0.22
279925,0.07
279939,0.12
279940,0.04
279942,0.22
279948,0.0
279952,0.0
279960,0.0
279968,0.01
279969,0.04
279977,0.29
279980,0.09
279994,0.11
279997,0.13
279998,0.14
280007,0.17
280009,0.11
280010,0.18
280020,0.08
280021,0.07
280022,0.11
280052,0.02
280058,0.03
280074,0.08
280076,0.01
280085,0.38
280091,0.07
280095,0.03
280107,0.19
280116,0.09
280140,0.11
280144,0.26
280156,0.06
280177,0.01
280191,0.05
280205,0.03
280226,0.17
280230,0.21
280234,0.01
280264,0.12
280274,0.01
280298,0.03
280299,0.13
280300,0.09
280301,0.07
280308,0.03
280317,0.08
280319,0.11
280322,0.04
280342,0.08
280348,0.14
280350,0.03
280353,0.09
280366,0.01
280372,0.05
280374,0.11
280376,0.37
280381,0.02
280384,0.01
280388,0.05
280397,0.12
280401,0.09
280409,0.07
280413,0.01
280422,0.1
280424,0.09
280426,0.05
280429,0.06
280430,0.07
280435,0.02
280444,0.03
280450,0.03
280455,0.2
280459,0.03
280462,0.01
280466,0.14
280470,0.15
280473,0.02
280517,0.08
280524,0.1
280527,0.0
280531,0.03
280548,0.01
280558,0.2
280563,0.08
280598,0.02
280599,0.18
280603,0.07
280607,0.02
280610,0.17
280612,0.19
280625,0.06
280631,0.05
280650,0.09
280653,0.2
280657,0.11
280669,0.01
280675,0.07
280679,0.16
280685,0.05
280691,0.11
280693,0.0
280706,0.02
280714,0.05
280719,0.22
280724,0.04
280725,0.07
280737,0.01
280738,0.05
280744,0.01
280746,0.26
280760,0.21
280772,0.1
280777,0.11
280784,0.03
280785,0.09
280791,0.04
280793,0.03
280794,0.07
280800,0.13
280805,0.09
280806,0.05
280815,0.11
280823,0.05
280831,0.01
280832,0.03
280841,0.01
280845,0.2
280846,0.1
280854,0.07
280857,0.02
280861,0.13
280862,0.12
280867,0.18
280877,0.04
280879,0.05
280890,0.03
280891,0.24
280903,0.31
280916,0.07
280929,0.11
280934,0.15
280941,0.11
280947,0.07
280962,0.03
280963,0.22
280966,0.04
280967,0.02
280971,0.22
281005,0.04
281007,0.06
281008,0.01
281009,0.05
281016,0.0
281024,0.08
281039,0.16
281045,0.03
281054,0.05
281055,0.22
281056,0.01
281068,0.07
281092,0.12
281094,0.0
281118,0.25
281133,0.06
281137,0.07
281164,0.11
281176,0.04
281177,0.01
281184,0.02
281187,0.22
281192,0.04
281195,0.13
281220,0.09
281222,0.13
281227,0.19
281234,0.03
281251,0.03
281278,0.0
281298,0.23
281303,0.06
281306,0.21
281314,0.02
281320,0.04
281322,0.1
281337,0.03
281347,0.46
281357,0.02
281362,0.16
281365,0.08
281366,0.09
281367,0.06
281373,0.01
281376,0.01
281400,0.25
281417,0.01
281420,0.01
281422,0.11
281435,0.14
281439,0.01
281448,0.23
281451,0.13
281453,0.05
281482,0.02
281494,0.08
281514,0.02
281515,0.07
281542,0.09
281556,0.12
281568,0.27
281592,0.03
281593,0.02
281607,0.12
281613,0.14
281618,0.3
281620,0.2
281628,0.12
281629,0.05
281633,0.08
281634,0.02
281642,0.09
281643,0.09
281653,0.18
281661,0.11
281671,0.04
281675,0.06
281684,0.05
281692,0.25
281697,0.06
281730,0.11
281731,0.08
281734,0.07
281737,0.08
281750,0.19
281752,0.15
281764,0.01
281782,0.08
281791,0.04
281793,0.03
281795,0.0
281824,0.07
281831,0.07
281845,0.06
281848,0.0
281854,0.08
281855,0.03
281867,0.06
281873,0.12
281875,0.03
281876,0.42
281881,0.06
281905,0.01
281906,0.42
281907,0.03
281914,0.15
281929,0.01
281936,0.17
281938,0.08
281940,0.03
281941,0.06
281950,0.01
281954,0.03
281955,0.11
281956,0.07
281957,0.12
281968,0.15
281972,0.19
281974,0.23
281987,0.06
281996,0.23
281998,0.05
282002,0.04
282004,0.13
282005,0.07
282020,0.06
282021,0.18
282041,0.01
282045,0.04
282046,0.05
282048,0.19
282056,0.07
282063,0.25
282068,0.08
282072,0.06
282100,0.05
282104,0.15
282105,0.05
282106,0.05
282108,0.11
282114,0.17
282132,0.06
282133,0.08
282136,0.07
282145,0.12
282146,0.15
282150,0.12
282151,0.13
282152,0.09
282157,0.12
282165,0.08
282167,0.08
282178,0.04
282179,0.05
282204,0.12
282208,0.04
282218,0.03
282221,0.3
282223,0.05
282226,0.07
282230,0.03
282232,0.05
282235,0.1
282236,0.16
282239,0.01
282246,0.0
282250,0.22
282259,0.02
282270,0.07
282272,0.22
282282,0.17
282292,0.07
282306,0.02
282311,0.03
282317,0.17
282318,0.14
282331,0.14
282338,0.09
282349,0.12
282350,0.19
282355,0.01
282359,0.23
282382,0.06
282396,0.25
282399,0.02
282408,0.0
282421,0.08
282427,0.08
282437,0.07
282446,0.08
282448,0.01
282453,0.06
282456,0.04
282457,0.03
282465,0.11
282476,0.1
282478,0.09
282482,0.03
282485,0.31
282492,0.08
282498,0.14
282503,0.02
282512,0.29
282521,0.25
282531,0.23
282548,0.03
282582,0.15
282585,0.05
282605,0.1
282618,0.02
282633,0.01
282642,0.15
282645,0.16
282647,0.05
282649,0.03
282654,0.04
282661,0.03
282667,0.1
282668,0.2
282678,0.06
282679,0.21
282687,0.06
282688,0.13
282691,0.08
282702,0.0
282709,0.06
282712,0.04
282715,0.16
282726,0.0
282735,0.03
282737,0.01
282746,0.18
282751,0.02
282754,0.25
282758,0.07
282773,0.24
282787,0.05
282794,0.01
282812,0.0
282822,0.17
282827,0.14
282836,0.04
282841,0.0
282854,0.06
282862,0.06
282873,0.15
282890,0.12
282900,0.2
282906,0.15
282910,0.11
282915,0.0
282929,0.0
282933,0.02
282944,0.24
282945,0.2
282950,0.1
282954,0.04
282960,0.02
282961,0.12
282962,0.09
282965,0.14
282971,0.09
282974,0.07
282975,0.11
282979,0.0
282984,0.05
282990,0.07
282998,0.1
283005,0.19
283013,0.13
283018,0.16
283029,0.28
283032,0.02
283036,0.27
283041,0.19
283046,0.1
283050,0.01
283057,0.2
283065,0.14
283069,0.2
283074,0.02
283076,0.05
283077,0.09
283089,0.04
283090,0.06
283094,0.11
283110,0.12
283118,0.06
283127,0.03
283130,0.05
283139,0.08
283143,0.13
283144,0.12
283146,0.07
283150,0.09
283161,0.32
283177,0.09
283180,0.04
283184,0.02
283191,0.04
283193,0.05
283196,0.18
283199,0.12
283202,0.14
283205,0.06
283213,0.04
283216,0.02
283218,0.15
283220,0.07
283227,0.06
283233,0.2
283248,0.16
283250,0.09
283261,0.01
283264,0.16
283267,0.16
283269,0.03
283271,0.01
283282,0.04
283283,0.03
283290,0.15
283295,0.02
283298,0.08
283303,0.21
283309,0.0
283310,0.05
283314,0.1
283317,0.0
283318,0.04
283323,0.22
283327,0.11
283328,0.23
283336,0.15
283340,0.0
283344,0.14
283345,0.36
283360,0.06
283361,0.01
283383,0.2
283387,0.04
283390,0.03
283412,0.01
283426,0.06
283429,0.22
283433,0.02
283437,0.22
283438,0.01
283461,0.11
283466,0.04
283477,0.09
283479,0.14
283483,0.1
283484,0.01
283486,0.07
283500,0.0
283512,0.21
283515,0.08
283517,0.39
283519,0.05
283523,0.13
283528,0.22
283555,0.08
283565,0.02
283572,0.08
283576,0.02
283586,0.14
283590,0.06
283606,0.03
283615,0.03
283619,0.34
283632,0.15
283635,0.05
283636,0.04
283641,0.2
283642,0.04
283647,0.06
283667,0.03
283683,0.07
283684,0.06
283687,0.1
283691,0.16
283693,0.07
283701,0.07
283702,0.13
283711,0.08
283713,0.15
283726,0.05
283730,0.08
283736,0.12
283737,0.14
283740,0.06
283748,0.05
283750,0.13
283756,0.06
283757,0.02
283774,0.33
283776,0.23
283784,0.12
283790,0.29
283796,0.06
283806,0.08
283816,0.04
283825,0.15
283827,0.03
283835,0.01
283839,0.21
283843,0.2
283874,0.28
283880,0.05
283881,0.22
283882,0.45
283887,0.06
283891,0.23
283893,0.07
283895,0.12
283900,0.2
283906,0.05
283938,0.02
283943,0.07
283953,0.21
283958,0.03
283961,0.0
283972,0.11
283973,0.06
283986,0.2
283990,0.05
283994,0.28
284000,0.01
284002,0.17
284003,0.07
284035,0.28
284049,0.0
284055,0.02
284060,0.03
284061,0.18
284069,0.01
284072,0.17
284075,0.08
284087,0.09
284093,0.19
284095,0.06
284096,0.15
284106,0.02
284109,0.14
284112,0.08
284126,0.14
284152,0.05
284155,0.03
284157,0.09
284159,0.03
284194,0.04
284207,0.07
284211,0.02
284220,0.07
284232,0.05
284239,0.16
284246,0.01
284257,0.04
284259,0.02
284272,0.14
284277,0.08
284279,0.24
284283,0.06
284294,0.02
284298,0.06
284305,0.04
284309,0.03
284311,0.06
284315,0.08
284338,0.21
284340,0.24
284342,0.1
284344,0.07
284348,0.02
284361,0.09
284373,0.07
284380,0.2
284408,0.01
284422,0.01
284423,0.2
284427,0.02
284433,0.04
284442,0.12
284462,0.13
284481,0.04
284487,0.06
284492,0.15
284495,0.08
284499,0.08
284503,0.09
284506,0.17
284507,0.12
284511,0.37
284512,0.05
284513,0.04
284520,0.09
284537,0.09
284557,0.13
284560,0.17
284571,0.06
284573,0.3
284574,0.03
284575,0.01
284576,0.18
284578,0.03
284592,0.03
284606,0.2
284609,0.09
284614,0.11
284627,0.05
284630,0.08
284633,0.05
284647,0.05
284650,0.09
284655,0.16
284661,0.0
284664,0.01
284668,0.02
284682,0.08
284683,0.1
284691,0.16
284692,0.11
284695,0.08
284751,0.1
284785,0.03
284796,0.04
284797,0.01
284799,0.09
284805,0.0
284811,0.03
284844,0.03
284856,0.23
284861,0.18
284864,0.08
284866,0.11
284867,0.03
284871,0.02
284873,0.05
284888,0.18
284895,0.02
284906,0.04
284907,0.16
284908,0.02
284914,0.07
284916,0.06
284920,0.07
284926,0.11
284934,0.07
284937,0.1
284949,0.05
284986,0.07
285002,0.07
285006,0.08
285007,0.1
285008,0.14
285016,0.0
285040,0.04
285041,0.01
285050,0.05
285051,0.11
285059,0.09
285077,0.1
285078,0.22
285097,0.02
285102,0.03
285104,0.03
285117,0.09
285119,0.09
285120,0.01
285122,0.01
285131,0.11
285137,0.04
285139,0.08
285147,0.02
285176,0.06
285177,0.09
285183,0.01
285184,0.1
285200,0.05
285213,0.18
285224,0.14
285232,0.15
285245,0.3
285249,0.08
285253,0.04
285268,0.05
285276,0.08
285282,0.15
285284,0.24
285297,0.26
285304,0.08
285305,0.06
285337,0.01
285346,0.01
285349,0.06
285354,0.13
285359,0.05
285366,0.06
285367,0.17
285368,0.15
285376,0.12
285382,0.01
285385,0.1
285389,0.11
285396,0.02
285398,0.04
285399,0.06
285403,0.12
285405,0.39
285407,0.04
285417,0.11
285419,0.07
285431,0.16
285457,0.02
285462,0.15
285463,0.06
285472,0.11
285476,0.01
285479,0.18
285482,0.13
285486,0.12
285487,0.08
285497,0.01
285498,0.21
285507,0.26
285509,0.1
285514,0.11
285516,0.02
285521,0.1
285525,0.04
285528,0.03
285555,0.01
285559,0.09
285561,0.03
285562,0.09
285565,0.1
285571,0.01
285583,0.11
285588,0.08
285603,0.16
285612,0.06
285628,0.2
285635,0.11
285649,0.13
285651,0.02
285653,0.07
285662,0.02
285665,0.02
285678,0.01
285681,0.11
285694,0.15
285695,0.12
285701,0.09
285721,0.15
285730,0.13
285733,0.04
285743,0.09
285744,0.06
285746,0.15
285778,0.06
285784,0.01
285808,0.06
285810,0.24
285831,0.22
285833,0.04
285841,0.02
285842,0.05
285844,0.09
285847,0.16
285853,0.08
285861,0.24
285863,0.04
285867,0.24
285870,0.37
285879,0.18
285880,0.08
285882,0.04
285893,0.06
285897,0.07
285912,0.07
285914,0.09
285918,0.13
285927,0.25
285931,0.08
285932,0.15
285962,0.08
285975,0.17
285978,0.18
285996,0.15
286000,0.1
286010,0.03
286011,0.12
286018,0.1
286033,0.07
286038,0.08
286042,0.08
286044,0.04
286047,0.07
286050,0.13
286052,0.05
286056,0.17
286058,0.02
286083,0.06
286088,0.06
286094,0.02
286107,0.18
286112,0.25
286124,0.05
286128,0.08
286141,0.08
286146,0.09
286147,0.2
286153,0.04
286163,0.14
286169,0.29
286175,0.04
286185,0.1
286194,0.04
286198,0.06
286201,0.05
286202,0.16
286213,0.04
286218,0.05
286250,0.11
286257,0.29
286264,0.17
286265,0.06
286266,0.12
286287,0.18
286292,0.05
286294,0.06
286295,0.18
286299,0.18
286300,0.25
286302,0.04
286310,0.02
286316,0.09
286332,0.03
286353,0.11
286354,0.0
286357,0.07
286375,0.02
286382,0.17
286389,0.24
286404,0.01
286405,0.03
286411,0.3
286412,0.04
286421,0.04
286423,0.07
286426,0.15
286433,0.05
286438,0.13
286441,0.09
286444,0.02
286447,0.13
286459,0.29
286473,0.06
286484,0.03
286485,0.3
286501,0.05
286502,0.02
286509,0.08
286511,0.24
286516,0.39
286547,0.23
286549,0.09
286553,0.1
286558,0.05
286566,0.0
286572,0.13
286582,0.01
286587,0.07
286590,0.05
286594,0.07
286598,0.04
286602,0.03
286608,0.24
286610,0.08
286627,0.09
286661,0.02
286664,0.07
286668,0.02
286683,0.04
286684,0.03
286689,0.01
286696,0.18
286697,0.05
286703,0.06
286705,0.03
286707,0.19
286708,0.14
286711,0.04
286714,0.04
286734,0.21
286747,0.06
286760,0.15
286763,0.01
286772,0.0
286773,0.03
286791,0.03
286813,0.07
286814,0.07
286817,0.06
286836,0.05
286838,0.05
286844,0.07
286854,0.13
286856,0.15
286859,0.06
286864,0.02
286865,0.22
286868,0.24
286881,0.14
286882,0.19
286888,0.01
286890,0.3
286892,0.07
286895,0.2
286906,0.07
286924,0.06
286930,0.01
286931,0.11
286942,0.03
286955,0.02
286960,0.12
286962,0.07
286966,0.05
286967,0.02
286971,0.02
286983,0.05
286985,0.04
286986,0.16
286987,0.05
286992,0.04
287003,0.02
287004,0.05
287006,0.19
287029,0.06
287036,0.06
287038,0.2
287049,0.17
287050,0.01
287057,0.1
287065,0.0
287066,0.15
287089,0.13
287093,0.21
287096,0.09
287103,0.01
287104,0.11
287109,0.0
287133,0.28
287137,0.04
287141,0.24
287146,0.19
287148,0.01
287177,0.01
287184,0.03
287197,0.04
287204,0.07
287206,0.23
287208,0.1
287225,0.09
287228,0.04
287252,0.21
287260,0.08
287264,0.09
287270,0.05
287271,0.08
287272,0.08
287274,0.02
287280,0.02
287281,0.06
287290,0.04
287298,0.03
287299,0.12
287301,0.11
287314,0.04
287321,0.09
287322,0.0
287329,0.08
287331,0.06
287337,0.13
287349,0.22
287358,0.04
287370,0.17
287371,0.05
287376,0.08
287378,0.05
287386,0.14
287394,0.09
287397,0.13
287419,0.07
287428,0.04
287438,0.05
287439,0.06
287449,0.09
287450,0.08
287460,0.15
287472,0.09
287474,0.17
287483,0.03
287495,0.04
287510,0.13
287512,0.09
287530,0.07
287531,0.0
287543,0.04
287549,0.02
287564,0.22
287574,0.01
287580,0.12
287587,0.04
287594,0.04
287605,0.14
287617,0.05
287621,0.02
287626,0.09
287629,0.12
287632,0.11
287636,0.2
287644,0.04
287648,0.08
287666,0.02
287672,0.04
287701,0.17
287708,0.07
287718,0.04
287724,0.21
287726,0.04
287729,0.03
287732,0.06
287733,0.15
287734,0.23
287750,0.05
287755,0.14
287762,0.21
287764,0.01
287766,0.02
287775,0.02
287781,0.04
287785,0.09
287789,0.1
287792,0.31
287796,0.02
287804,0.21
287822,0.07
287835,0.05
287840,0.06
287850,0.08
287851,0.08
287852,0.13
287858,0.06
287859,0.03
287860,0.27
287861,0.06
287866,0.01
287868,0.13
287873,0.18
287876,0.01
287877,0.02
287878,0.03
287879,0.17
287883,0.04
287888,0.01
287894,0.35
287895,0.09
287912,0.08
287915,0.05
287920,0.01
287922,0.06
287926,0.02
287929,0.09
287931,0.09
287936,0.03
287942,0.03
287946,0.23
287948,0.08
287963,0.12
288003,0.02
288005,0.04
288012,0.07
288013,0.29
288026,0.08
288027,0.14
288031,0.05
288039,0.09
288041,0.22
288045,0.12
288065,0.18
288068,0.05
288079,0.05
288084,0.29
288111,0.11
288129,0.09
288138,0.43
288154,0.22
288167,0.03
288178,0.11
288184,0.16
288193,0.02
288203,0.08
288207,0.2
288223,0.15
288226,0.08
288237,0.14
288257,0.24
288259,0.09
288269,0.04
288273,0.03
288276,0.07
288280,0.14
288283,0.05
288291,0.26
288299,0.0
288305,0.05
288316,0.05
288322,0.18
288333,0.07
288337,0.19
288341,0.02
288345,0.19
288348,0.08
288350,0.27
288353,0.12
288372,0.05
288375,0.13
288395,0.04
288408,0.11
288425,0.11
288430,0.05
288433,0.02
288459,0.09
288462,0.13
288463,0.04
288470,0.06
288472,0.1
288475,0.05
288495,0.27
288517,0.07
288530,0.17
288535,0.09
288539,0.05
288540,0.05
288547,0.27
288553,0.14
288555,0.21
288556,0.06
288562,0.0
288564,0.06
288567,0.27
288576,0.03
288579,0.03
288580,0.15
288589,0.02
288596,0.1
288597,0.06
288599,0.05
288601,0.2
288617,0.05
288621,0.12
288635,0.02
288656,0.02
288666,0.07
288670,0.06
288671,0.0
288673,0.03
288678,0.13
288693,0.17
288699,0.08
288706,0.33
288728,0.09
288739,0.04
288741,0.02
288755,0.01
288763,0.0
288766,0.02
288775,0.21
288780,0.12
288793,0.17
288811,0.13
288821,0.05
288829,0.14
288835,0.02
288836,0.03
288838,0.16
288851,0.24
288853,0.04
288854,0.02
288855,0.07
288876,0.09
288879,0.16
288884,0.27
288886,0.02
288891,0.19
288898,0.13
288911,0.15
288913,0.08
288927,0.0
288928,0.01
288931,0.18
288955,0.1
288961,0.15
288969,0.29
288971,0.04
288973,0.1
288982,0.04
288983,0.06
288986,0.02
288992,0.13
288993,0.03
288996,0.07
289007,0.12
289008,0.07
289014,0.1
289015,0.1
289016,0.06
289017,0.04
289028,0.02
289030,0.1
289040,0.22
289048,0.09
289051,0.15
289055,0.01
289057,0.03
289062,0.3
289063,0.22
289069,0.01
289073,0.02
289074,0.01
289085,0.18
289092,0.01
289097,0.09
289111,0.02
289112,0.1
289116,0.22
289123,0.03
289145,0.23
289146,0.07
289158,0.14
289165,0.05
289166,0.03
289167,0.16
289170,0.18
289193,0.15
289198,0.09
289209,0.06
289211,0.09
289215,0.12
289220,0.17
289232,0.11
289244,0.17
289258,0.08
289271,0.08
289274,0.07
289312,0.09
289321,0.1
289325,0.03
289333,0.19
289340,0.07
289368,0.02
289375,0.02
289380,0.08
289381,0.03
289384,0.11
289403,0.0
289408,0.08
289416,0.07
289463,0.05
289488,0.06
289495,0.15
289498,0.05
289499,0.05
289515,0.04
289531,0.02
289541,0.21
289554,0.23
289565,0.04
289590,0.02
289596,0.07
289601,0.08
289602,0.01
289603,0.03
289608,0.06
289622,0.07
289623,0.05
289625,0.06
289634,0.14
289648,0.15
289650,0.09
289662,0.11
289667,0.15
289674,0.0
289682,0.06
289702,0.07
289706,0.1
289709,0.18
289716,0.09
289725,0.01
289732,0.16
289743,0.08
289762,0.0
289766,0.09
289770,0.04
289775,0.19
289777,0.06
289783,0.06
289797,0.13
289798,0.06
289802,0.1
289812,0.03
289814,0.01
289819,0.04
289828,0.1
289831,0.15
289835,0.05
289844,0.05
289850,0.06
289851,0.07
289865,0.06
289869,0.19
289891,0.15
289907,0.13
289919,0.07
289923,0.13
289924,0.04
289927,0.04
289929,0.27
289951,0.04
289959,0.17
289964,0.17
289965,0.02
289966,0.04
289971,0.25
289988,0.08
289989,0.05
289995,0.44
290005,0.25
290013,0.12
290031,0.12
290036,0.12
290038,0.19
290041,0.17
290056,0.28
290058,0.12
290065,0.02
290069,0.04
290070,0.04
290074,0.17
290076,0.05
290082,0.11
290105,0.04
290111,0.03
290114,0.04
290116,0.15
290117,0.1
290128,0.05
290130,0.05
290139,0.14
290151,0.02
290154,0.04
290158,0.15
290180,0.09
290183,0.03
290190,0.09
290191,0.26
290199,0.09
290200,0.11
290202,0.02
290205,0.24
290206,0.03
290219,0.1
290227,0.01
290232,0.04
290233,0.13
290242,0.11
290246,0.09
290247,0.13
290257,0.08
290259,0.16
290260,0.1
290270,0.04
290273,0.07
290276,0.13
290281,0.18
290296,0.06
290303,0.02
290306,0.03
290331,0.03
290340,0.01
290349,0.09
290355,0.09
290365,0.2
290379,0.28
290389,0.03
290408,0.02
290409,0.16
290433,0.07
290437,0.14
290440,0.14
290448,0.05
290466,0.05
290467,0.01
290479,0.03
290490,0.07
290492,0.08
290503,0.11
290508,0.05
290524,0.07
290526,0.09
290527,0.15
290541,0.08
290557,0.11
290564,0.05
290572,0.0
290576,0.33
290588,0.02
290589,0.05
290595,0.14
290598,0.13
290605,0.14
290609,0.01
290610,0.04
290612,0.05
290634,0.08
290635,0.14
290644,0.26
290672,0.15
290681,0.1
290693,0.07
290695,0.04
290702,0.03
290703,0.05
290711,0.15
290713,0.09
290727,0.14
290730,0.05
290734,0.18
290745,0.09
290746,0.14
290751,0.2
290758,0.02
290766,0.11
290784,0.1
290786,0.05
290813,0.3
290849,0.16
290852,0.09
290881,0.22
290884,0.04
290885,0.04
290889,0.02
290911,0.04
290913,0.28
290923,0.14
290926,0.0
290936,0.08
290941,0.11
290945,0.22
290955,0.04
290961,0.13
290964,0.04
290967,0.04
290970,0.08
290974,0.13
290976,0.02
290978,0.05
290981,0.03
290991,0.02
291005,0.01
291009,0.09
291011,0.07
291012,0.18
291018,0.23
291023,0.02
291028,0.11
291034,0.09
291038,0.2
291039,0.11
291041,0.27
291045,0.12
291048,0.31
291052,0.14
291055,0.0
291082,0.05
291085,0.06
291086,0.05
291094,0.04
291103,0.15
291108,0.01
291110,0.11
291113,0.02
291117,0.01
291124,0.12
291129,0.0
291142,0.21
291155,0.28
291157,0.05
291177,0.02
291178,0.06
291180,0.01
291188,0.17
291198,0.1
291200,0.05
291202,0.21
291207,0.13
291218,0.02
291231,0.04
291232,0.09
291240,0.01
291241,0.07
291245,0.06
291256,0.04
291273,0.1
291274,0.03
291277,0.06
291290,0.07
291303,0.07
291310,0.0
291311,0.07
291319,0.34
291324,0.01
291331,0.26
291334,0.01
291348,0.16
291349,0.23
291359,0.03
291365,0.05
291379,0.22
291396,0.07
291411,0.05
291424,0.05
291425,0.02
291428,0.09
291446,0.19
291449,0.05
291461,0.1
291465,0.02
291480,0.09
291486,0.14
291487,0.07
291491,0.01
291499,0.07
291505,0.11
291512,0.07
291513,0.09
291521,0.03
291523,0.0
291543,0.2
291545,0.1
291546,0.2
291550,0.14
291552,0.07
291561,0.15
291579,0.12
291584,0.1
291586,0.08
291590,0.08
291592,0.44
291593,0.01
291599,0.07
291615,0.05
291617,0.0
291628,0.12
291654,0.11
291658,0.29
291659,0.16
291661,0.33
291671,0.09
291677,0.03
291689,0.2
291693,0.04
291695,0.22
291696,0.07
291697,0.08
291702,0.05
291711,0.01
291713,0.07
291715,0.06
291718,0.1
291733,0.03
291742,0.13
291748,0.05
291765,0.04
291771,0.03
291773,0.04
291788,0.03
291789,0.09
291796,0.13
291800,0.08
291817,0.18
291822,0.13
291840,0.13
291843,0.02
291855,0.17
291858,0.1
291870,0.16
291872,0.06
291874,0.03
291883,0.07
291888,0.05
291894,0.07
291901,0.0
291928,0.21
291930,0.01
291949,0.02
291951,0.09
291953,0.06
291955,0.01
291963,0.26
291969,0.12
291980,0.3
292010,0.11
292022,0.1
292023,0.08
292031,0.02
292034,0.09
292043,0.04
292049,0.09
292055,0.04
292062,0.02
292070,0.03
292072,0.17
292073,0.01
292082,0.13
292096,0.13
292098,0.06
292116,0.23
292118,0.03
292126,0.07
292128,0.04
292137,0.03
292138,0.01
292142,0.12
292149,0.28
292181,0.22
292189,0.01
292191,0.09
292205,0.2
292219,0.11
292227,0.0
292231,0.23
292238,0.02
292246,0.07
292248,0.09
292259,0.08
292261,0.08
292266,0.28
292267,0.02
292272,0.15
292278,0.31
292281,0.05
292286,0.02
292288,0.36
292289,0.04
292304,0.1
292307,0.06
292319,0.05
292320,0.05
292325,0.06
292326,0.25
292331,0.0
292332,0.03
292333,0.02
292334,0.2
292337,0.07
292338,0.22
292342,0.1
292347,0.05
292350,0.14
292355,0.05
292360,0.05
292362,0.07
292363,0.1
292364,0.06
292383,0.13
292397,0.14
292409,0.15
292417,0.03
292426,0.05
292428,0.05
292439,0.27
292443,0.07
292448,0.14
292451,0.05
292452,0.1
292456,0.01
292460,0.15
292463,0.13
292464,0.26
292476,0.13
292480,0.02
292483,0.04
292493,0.03
292501,0.12
292506,0.12
292508,0.02
292513,0.09
292525,0.11
292533,0.1
292540,0.36
292541,0.0
292544,0.08
292549,0.02
292550,0.16
292557,0.19
292558,0.02
292562,0.06
292564,0.05
292583,0.06
292612,0.02
292618,0.06
292623,0.27
292631,0.01
292633,0.23
292641,0.06
292643,0.07
292649,0.02
292650,0.02
292651,0.17
292655,0.05
292659,0.05
292677,0.02
292693,0.05
292697,0.13
292700,0.09
292702,0.01
292710,0.02
292727,0.24
292731,0.11
292732,0.26
292734,0.0
292735,0.02
292737,0.0
292739,0.08
292741,0.04
292767,0.04
292778,0.08
292807,0.17
292813,0.29
292834,0.03
292837,0.04
292839,0.06
292844,0.03
292869,0.02
292874,0.04
292892,0.08
292894,0.12
292916,0.24
292921,0.11
292925,0.26
292929,0.14
292933,0.04
292935,0.09
292938,0.09
292945,0.21
292946,0.02
292953,0.24
292966,0.29
292968,0.06
292983,0.07
292988,0.08
292992,0.04
292997,0.07
293002,0.28
293013,0.03
293030,0.23
293043,0.29
293070,0.11
293093,0.04
293103,0.07
293104,0.04
293117,0.26
293123,0.23
293126,0.35
293128,0.02
293136,0.03
293142,0.07
293146,0.2
293149,0.32
293159,0.06
293169,0.05
293172,0.03
293175,0.02
293176,0.07
293192,0.01
293213,0.09
293218,0.13
293219,0.23
293224,0.11
293225,0.05
293234,0.07
293243,0.07
293249,0.02
293256,0.17
293276,0.15
293283,0.23
293295,0.03
293308,0.08
293309,0.15
293316,0.06
293326,0.06
293330,0.08
293351,0.08
293361,0.04
293366,0.16
293376,0.19
293377,0.04
293382,0.09
293383,0.08
293385,0.02
293402,0.1
293403,0.08
293405,0.01
293412,0.14
293430,0.04
293435,0.05
293438,0.03
293445,0.03
293447,0.17
293451,0.16
293463,0.06
293471,0.04
293482,0.11
293485,0.07
293493,0.19
293496,0.06
293505,0.15
293507,0.01
293508,0.06
293518,0.03
293524,0.09
293527,0.03
293537,0.03
293542,0.05
293556,0.03
293560,0.09
293563,0.3
293565,0.01
293597,0.07
293603,0.09
293607,0.09
293621,0.03
293622,0.17
293623,0.08
293636,0.1
293643,0.06
293659,0.08
293678,0.04
293679,0.02
293681,0.06
293684,0.06
293692,0.2
293696,0.09
293733,0.08
293734,0.05
293745,0.05
293751,0.06
293770,0.13
293778,0.07
293789,0.04
293809,0.14
293815,0.05
293816,0.21
293819,0.07
293822,0.05
293846,0.24
293849,0.01
293850,0.02
293851,0.11
293860,0.02
293863,0.26
293881,0.13
293900,0.06
293907,0.1
293915,0.07
293931,0.0
293935,0.01
293942,0.08
293944,0.3
293967,0.12
293968,0.08
293971,0.04
293972,0.04
293974,0.05
293976,0.08
293985,0.06
293996,0.26
294004,0.05
294007,0.21
294010,0.01
294013,0.24
294016,0.06
294018,0.13
294028,0.13
294041,0.02
294047,0.05
294055,0.02
294062,0.08
294069,0.06
294075,0.16
294091,0.06
294108,0.08
294116,0.05
294125,0.13
294129,0.09
294130,0.02
294134,0.01
294135,0.08
294136,0.05
294141,0.28
294160,0.02
294164,0.35
294184,0.08
294191,0.04
294195,0.13
294199,0.0
294208,0.44
294221,0.01
294225,0.22
294230,0.05
294236,0.08
294256,0.04
294257,0.08
294258,0.24
294282,0.07
294287,0.25
294290,0.07
294300,0.16
294302,0.0
294313,0.08
294314,0.23
294322,0.06
294336,0.07
294339,0.18
294348,0.07
294365,0.18
294373,0.32
294383,0.04
294403,0.13
294406,0.14
294417,0.43
294452,0.16
294463,0.12
294471,0.14
294486,0.09
294501,0.14
294504,0.1
294509,0.04
294511,0.04
294519,0.0
294530,0.07
294532,0.07
294547,0.12
294548,0.01
294554,0.07
294577,0.12
294578,0.0
294580,0.07
294583,0.22
294592,0.05
294595,0.02
294602,0.01
294613,0.09
294617,0.09
294631,0.16
294641,0.04
294653,0.05
294657,0.03
294661,0.16
294665,0.02
294668,0.14
294671,0.1
294682,0.06
294685,0.05
294688,0.06
294690,0.42
294698,0.19
294717,0.14
294724,0.05
294726,0.02
294738,0.11
294744,0.04
294758,0.06
294762,0.06
294776,0.19
294777,0.02
294807,0.18
294816,0.15
294821,0.0
294825,0.2
294834,0.03
294835,0.06
294836,0.0
294840,0.11
294842,0.17
294864,0.01
294874,0.11
294880,0.2
294881,0.01
294897,0.1
294898,0.08
294920,0.09
294923,0.18
294926,0.08
294937,0.12
294941,0.1
294951,0.23
294952,0.03
294953,0.02
294982,0.06
294989,0.04
294995,0.19
295009,0.18
295010,0.04
295013,0.05
295016,0.03
295022,0.11
295024,0.08
295040,0.17
295045,0.08
295047,0.07
295056,0.08
295073,0.07
295080,0.06
295093,0.02
295094,0.11
295095,0.12
295107,0.0
295116,0.08
295140,0.0
295150,0.14
295154,0.3
295155,0.04
295162,0.05
295163,0.11
295168,0.18
295176,0.09
295182,0.02
295183,0.09
295216,0.02
295219,0.06
295239,0.05
295246,0.01
295255,0.1
295257,0.15
295261,0.01
295263,0.05
295265,0.09
295274,0.16
295281,0.13
295286,0.21
295299,0.04
295304,0.01
295306,0.02
295321,0.09
295339,0.06
295342,0.11
295346,0.11
295348,0.03
295354,0.04
295367,0.1
295372,0.01
295373,0.06
295374,0.06
295387,0.03
295389,0.04
295396,0.09
295415,0.14
295418,0.03
295421,0.02
295425,0.02
295431,0.01
295434,0.04
295443,0.1
295453,0.03
295473,0.03
295476,0.11
295477,0.07
295488,0.32
295499,0.1
295504,0.03
295505,0.09
295524,0.01
295529,0.02
295533,0.06
295534,0.05
295549,0.01
295565,0.02
295584,0.1
295585,0.12
295597,0.1
295599,0.06
295604,0.05
295616,0.1
295635,0.04
295637,0.02
295670,0.05
295678,0.02
295701,0.02
295711,0.17
295713,0.18
295734,0.11
295739,0.03
295750,0.05
295773,0.25
295783,0.15
295787,0.08
295790,0.06
295795,0.1
295820,0.05
295821,0.18
295826,0.02
295836,0.02
295837,0.16
295842,0.07
295848,0.01
295850,0.23
295869,0.08
295871,0.05
295873,0.09
295879,0.05
295880,0.16
295892,0.01
295904,0.27
295907,0.04
295908,0.19
295913,0.24
295918,0.03
295921,0.2
295924,0.15
295949,0.0
295953,0.07
295961,0.04
295968,0.11
295971,0.02
295985,0.04
295986,0.04
295987,0.05
295993,0.08
295997,0.12
296005,0.02
296007,0.09
296012,0.07
296022,0.02
296024,0.03
296032,0.05
296034,0.08
296062,0.08
296070,0.05
296074,0.06
296084,0.02
296087,0.0
296088,0.02
296089,0.11
296143,0.03
296172,0.09
296183,0.15
296185,0.06
296194,0.03
296199,0.16
296204,0.12
296206,0.27
296209,0.17
296229,0.24
296239,0.01
296253,0.05
296259,0.2
296264,0.01
296270,0.13
296273,0.15
296284,0.04
296285,0.05
296287,0.01
296288,0.15
296292,0.08
296300,0.18
296301,0.05
296321,0.26
296324,0.04
296335,0.12
296348,0.05
296354,0.09
296369,0.09
296376,0.01
296391,0.1
296393,0.18
296398,0.07
296428,0.12
296432,0.16
296433,0.04
296449,0.09
296450,0.15
296490,0.13
296498,0.12
296499,0.12
296500,0.04
296509,0.42
296514,0.04
296518,0.03
296527,0.01
296532,0.1
296541,0.14
296544,0.12
296546,0.03
296573,0.42
296578,0.03
296589,0.14
296594,0.09
296616,0.07
296623,0.11
296624,0.03
296632,0.07
296633,0.1
296639,0.1
296647,0.05
296656,0.32
296678,0.0
296679,0.18
296695,0.03
296696,0.28
296714,0.12
296721,0.12
296739,0.04
296744,0.38
296747,0.05
296758,0.1
296760,0.04
296766,0.05
296769,0.07
296776,0.08
296780,0.0
296782,0.3
296790,0.13
296795,0.11
296801,0.0
296803,0.1
296806,0.15
296811,0.03
296813,0.01
296818,0.24
296822,0.09
296839,0.2
296848,0.0
296863,0.1
296871,0.06
296872,0.34
296877,0.08
296882,0.23
296885,0.09
296903,0.22
296906,0.16
296912,0.03
296916,0.13
296922,0.01
296926,0.17
296927,0.08
296935,0.01
296939,0.12
296942,0.09
296954,0.1
296968,0.03
296971,0.03
296984,0.03
297004,0.0
297011,0.11
297017,0.01
297019,0.26
297021,0.0
297025,0.08
297033,0.15
297038,0.27
297042,0.35
297065,0.04
297089,0.06
297093,0.19
297098,0.1
297100,0.04
297111,0.12
297115,0.11
297121,0.12
297123,0.17
297129,0.06
297132,0.05
297139,0.03
297147,0.14
297148,0.21
297161,0.18
297167,0.0
297171,0.08
297173,0.07
297179,0.05
297189,0.29
297200,0.01
297201,0.09
297220,0.09
297229,0.13
297234,0.01
297252,0.2
297266,0.06
297269,0.01
297276,0.09
297292,0.01
297300,0.1
297303,0.02
297305,0.17
297307,0.12
297313,0.1
297336,0.05
297340,0.28
297344,0.05
297349,0.04
297358,0.07
297363,0.08
297369,0.03
297372,0.01
297380,0.15
297384,0.02
297385,0.22
297389,0.02
297390,0.23
297415,0.06
297419,0.21
297421,0.22
297424,0.01
297431,0.07
297447,0.19
297456,0.07
297457,0.03
297463,0.15
297464,0.05
297474,0.06
297479,0.04
297480,0.1
297494,0.04
297495,0.03
297507,0.04
297514,0.06
297515,0.04
297516,0.17
297521,0.03
297534,0.17
297553,0.01
297575,0.07
297584,0.26
297586,0.02
297606,0.06
297630,0.1
297636,0.1
297646,0.06
297650,0.02
297651,0.07
297656,0.03
297675,0.16
297681,0.15
297699,0.01
297702,0.01
297712,0.05
297718,0.09
297730,0.14
297731,0.07
297745,0.0
297768,0.21
297771,0.05
297774,0.04
297781,0.02
297786,0.09
297798,0.08
297809,0.05
297822,0.02
297828,0.04
297840,0.15
297852,0.05
297859,0.1
297868,0.07
297883,0.11
297887,0.06
297896,0.09
297898,0.06
297917,0.12
297943,0.01
297954,0.06
297965,0.03
297992,0.01
297993,0.12
298001,0.15
298005,0.09
298010,0.07
298013,0.22
298014,0.1
298015,0.09
298025,0.26
298026,0.09
298032,0.1
298039,0.12
298049,0.13
298051,0.07
298058,0.09
298062,0.03
298070,0.22
298078,0.2
298084,0.2
298108,0.2
298113,0.23
298115,0.11
298126,0.03
298131,0.04
298134,0.01
298135,0.2
298139,0.02
298142,0.14
298152,0.16
298154,0.05
298155,0.11
298161,0.2
298165,0.11
298166,0.27
298171,0.0
298179,0.07
298182,0.0
298187,0.07
298192,0.14
298194,0.05
298213,0.18
298215,0.2
298216,0.01
298217,0.01
298223,0.04
298256,0.05
298275,0.02
298277,0.09
298279,0.1
298285,0.03
298286,0.17
298296,0.08
298309,0.16
298312,0.08
298323,0.02
298330,0.03
298340,0.02
298341,0.02
298349,0.08
298353,0.06
298363,0.08
298367,0.07
298378,0.15
298380,0.03
298392,0.1
298395,0.16
298405,0.03
298426,0.12
298427,0.04
298444,0.08
298450,0.01
298458,0.03
298462,0.08
298463,0.0
298479,0.03
298480,0.15
298487,0.16
298499,0.08
298500,0.06
298506,0.05
298507,0.1
298512,0.12
298515,0.08
298517,0.11
298532,0.52
298533,0.17
298560,0.11
298564,0.03
298567,0.45
298568,0.1
298569,0.12
298570,0.11
298579,0.01
298583,0.02
298591,0.07
298593,0.11
298600,0.07
298609,0.03
298620,0.06
298622,0.08
298628,0.11
298633,0.16
298657,0.07
298669,0.05
298671,0.12
298677,0.11
298692,0.06
298703,0.03
298705,0.09
298711,0.12
298713,0.04
298757,0.07
298766,0.02
298768,0.34
298770,0.06
298776,0.27
298785,0.02
298787,0.06
298792,0.13
298795,0.03
298799,0.05
298806,0.17
298810,0.09
298818,0.07
298822,0.15
298823,0.02
298834,0.02
298837,0.09
298841,0.25
298845,0.17
298852,0.13
298855,0.11
298858,0.12
298860,0.05
298861,0.0
298863,0.03
298866,0.04
298873,0.15
298880,0.17
298889,0.05
298896,0.18
298917,0.19
298929,0.15
298940,0.19
298946,0.16
298949,0.09
298966,0.18
298984,0.12
298994,0.07
299004,0.29
299012,0.05
299022,0.39
299024,0.02
299026,0.04
299035,0.05
299036,0.01
299039,0.17
299061,0.06
299064,0.04
299067,0.03
299074,0.15
299075,0.03
299078,0.07
299109,0.19
299117,0.1
299121,0.03
299127,0.26
299134,0.18
299136,0.06
299137,0.1
299139,0.29
299168,0.05
299176,0.04
299184,0.12
299188,0.05
299191,0.12
299208,0.19
299229,0.03
299238,0.0
299241,0.12
299257,0.1
299260,0.12
299264,0.05
299279,0.08
299308,0.02
299310,0.09
299311,0.06
299317,0.13
299325,0.22
299329,0.13
299334,0.11
299335,0.17
299339,0.18
299351,0.08
299352,0.0
299365,0.08
299393,0.15
299400,0.03
299404,0.17
299406,0.31
299410,0.12
299413,0.04
299434,0.19
299448,0.02
299463,0.0
299464,0.24
299470,0.16
299480,0.07
299488,0.04
299496,0.09
299501,0.33
299504,0.27
299532,0.21
299536,0.05
299550,0.12
299554,0.12
299564,0.19
299577,0.09
299581,0.02
299594,0.2
299632,0.04
299633,0.1
299650,0.23
299678,0.1
299682,0.26
299705,0.06
299719,0.11
299720,0.03
299724,0.08
299730,0.03
299750,0.01
299766,0.04
299774,0.09
299787,0.05
299817,0.04
299818,0.24
299826,0.12
299833,0.1
299845,0.27
299847,0.42
299850,0.07
299866,0.03
299869,0.05
299870,0.06
299874,0.0
299877,0.03
299891,0.38
299898,0.08
299900,0.1
299904,0.06
299912,0.07
299914,0.07
299919,0.1
299931,0.12
299934,0.02
299941,0.19
299946,0.03
299947,0.08
299972,0.15
299973,0.15
299975,0.03
299979,0.05
299981,0.14
299983,0.12
299985,0.25
299986,0.07
300011,0.15
300013,0.08
300028,0.05
300042,0.03
300043,0.06
300058,0.13
300073,0.08
300075,0.04
300087,0.0
300090,0.06
300107,0.01
300115,0.05
300119,0.0
300122,0.21
300125,0.04
300126,0.03
300137,0.3
300139,0.07
300145,0.05
300155,0.09
300169,0.04
300170,0.02
300175,0.11
300177,0.08
300186,0.06
300188,0.04
300194,0.0
300207,0.19
300210,0.04
300217,0.19
300221,0.08
300235,0.05
300238,0.04
300240,0.18
300241,0.05
300249,0.04
300255,0.09
300259,0.12
300272,0.0
300274,0.01
300276,0.08
300284,0.06
300293,0.06
300306,0.0
300310,0.12
300324,0.12
300339,0.0
300346,0.04
300348,0.1
300354,0.07
300356,0.02
300358,0.05
300363,0.12
300366,0.02
300368,0.05
300370,0.15
300385,0.09
300392,0.31
300393,0.1
300403,0.07
300411,0.12
300420,0.03
300421,0.06
300435,0.19
300437,0.14
300440,0.01
300443,0.03
300456,0.18
300458,0.18
300459,0.07
300460,0.02
300462,0.09
300481,0.01
300486,0.24
300488,0.05
300503,0.1
300506,0.06
300517,0.06
300523,0.01
300525,0.1
300526,0.13
300552,0.05
300560,0.04
300570,0.04
300583,0.1
300585,0.14
300587,0.04
300598,0.05
300600,0.07
300608,0.22
300612,0.01
300618,0.01
300621,0.07
300640,0.03
300641,0.06
300651,0.03
300653,0.04
300667,0.19
300678,0.12
300680,0.11
300687,0.01
300702,0.3
300717,0.07
300722,0.05
300723,0.04
300732,0.12
300752,0.14
300761,0.18
300775,0.06
300786,0.07
300787,0.03
300788,0.17
300789,0.12
300794,0.16
300808,0.1
300834,0.06
300842,0.04
300844,0.24
300850,0.05
300851,0.24
300854,0.0
300866,0.0
300867,0.02
300868,0.23
300882,0.15
300883,0.1
300891,0.18
300894,0.05
300901,0.29
300904,0.09
300910,0.26
300914,0.12
300918,0.32
300948,0.34
300954,0.15
300958,0.11
300959,0.01
300970,0.02
300971,0.15
300975,0.15
300981,0.08
300983,0.13
300993,0.47
300996,0.08
301001,0.03
301005,0.0
301010,0.17
301021,0.28
301026,0.1
301029,0.0
301032,0.04
301061,0.15
301073,0.03
301083,0.1
301089,0.12
301093,0.18
301098,0.18
301103,0.06
301105,0.04
301112,0.28
301120,0.13
301122,0.0
301124,0.22
301137,0.11
301169,0.03
301173,0.15
301177,0.24
301179,0.01
301180,0.15
301185,0.07
301195,0.32
301199,0.02
301201,0.29
301206,0.24
301209,0.2
301210,0.04
301216,0.35
301224,0.24
301226,0.11
301227,0.17
301243,0.05
301246,0.0
301248,0.04
301252,0.02
301259,0.11
301260,0.03
301267,0.0
301268,0.12
301274,0.12
301281,0.12
301287,0.02
301288,0.03
301299,0.03
301304,0.07
301325,0.12
301327,0.07
301331,0.28
301332,0.1
301336,0.01
301345,0.1
301348,0.03
301356,0.13
301358,0.17
301360,0.04
301364,0.07
301389,0.08
301415,0.03
301421,0.23
301422,0.0
301424,0.11
301426,0.01
301433,0.1
301459,0.14
301460,0.18
301478,0.05
301483,0.02
301493,0.1
301494,0.09
301503,0.07
301510,0.08
301516,0.0
301530,0.18
301531,0.03
301549,0.03
301550,0.22
301555,0.12
301573,0.12
301588,0.07
301593,0.07
301613,0.07
301625,0.15
301643,0.08
301650,0.14
301651,0.04
301652,0.03
301653,0.19
301665,0.13
301684,0.07
301686,0.17
301694,0.14
301697,0.01
301698,0.07
301717,0.08
301725,0.0
301728,0.14
301734,0.06
301749,0.08
301761,0.26
301766,0.04
301775,0.06
301782,0.17
301784,0.12
301787,0.09
301789,0.21
301790,0.05
301804,0.24
301806,0.1
301817,0.14
301826,0.04
301837,0.14
301842,0.1
301848,0.04
301859,0.13
301860,0.01
301867,0.04
301877,0.03
301883,0.01
301902,0.02
301908,0.09
301916,0.06
301920,0.02
301921,0.05
301931,0.02
301939,0.08
301941,0.06
301943,0.07
301949,0.04
301955,0.16
301963,0.09
301968,0.03
301975,0.17
301988,0.12
302000,0.25
302005,0.06
302007,0.05
302016,0.04
302028,0.01
302038,0.03
302043,0.0
302051,0.1
302056,0.01
302063,0.06
302072,0.01
302074,0.09
302080,0.14
302093,0.04
302096,0.08
302123,0.05
302125,0.03
302128,0.09
302145,0.08
302146,0.16
302160,0.1
302166,0.1
302174,0.06
302175,0.11
302186,0.26
302190,0.08
302202,0.04
302207,0.13
302211,0.04
302215,0.07
302216,0.09
302217,0.02
302225,0.3
302231,0.02
302233,0.0
302259,0.03
302263,0.03
302281,0.05
302285,0.08
302288,0.1
302292,0.22
302303,0.11
302306,0.14
302309,0.18
302332,0.05
302341,0.03
302350,0.14
302352,0.09
302356,0.09
302361,0.04
302364,0.09
302373,0.07
302378,0.09
302385,0.16
302389,0.25
302393,0.14
302403,0.09
302422,0.02
302425,0.11
302431,0.16
302443,0.04
302448,0.08
302449,0.09
302455,0.12
302460,0.02
302462,0.06
302466,0.02
302467,0.21
302470,0.17
302472,0.08
302480,0.09
302481,0.03
302491,0.13
302494,0.03
302503,0.14
302504,0.23
302507,0.1
302527,0.18
302571,0.14
302580,0.17
302583,0.09
302591,0.0
302601,0.05
302613,0.01
302621,0.07
302638,0.06
302639,0.16
302655,0.05
302670,0.16
302673,0.22
302675,0.17
302691,0.04
302701,0.09
302705,0.03
302727,0.02
302750,0.04
302751,0.1
302757,0.06
302758,0.11
302761,0.04
302767,0.04
302787,0.02
302797,0.03
302799,0.05
302800,0.05
302815,0.07
302826,0.38
302827,0.01
302842,0.04
302856,0.01
302877,0.03
302879,0.2
302881,0.06
302882,0.08
302885,0.13
302905,0.02
302911,0.03
302916,0.17
302919,0.26
302947,0.02
302957,0.01
302968,0.01
302978,0.07
302984,0.1
302991,0.04
303007,0.02
303010,0.17
303012,0.16
303013,0.15
303024,0.08
303027,0.01
303034,0.02
303036,0.16
303037,0.05
303050,0.11
303060,0.06
303062,0.1
303066,0.02
303068,0.14
303077,0.21
303080,0.07
303082,0.02
303083,0.03
303085,0.03
303087,0.11
303089,0.05
303103,0.02
303105,0.03
303106,0.17
303120,0.04
303121,0.03
303127,0.01
303130,0.02
303142,0.04
303162,0.17
303169,0.11
303189,0.03
303220,0.08
303222,0.23
303223,0.1
303227,0.05
303262,0.09
303264,0.0
303277,0.01
303288,0.01
303292,0.03
303294,0.1
303301,0.25
303312,0.07
303328,0.16
303330,0.01
303347,0.02
303354,0.03
303356,0.04
303362,0.05
303377,0.09
303386,0.13
303393,0.06
303397,0.03
303403,0.05
303413,0.0
303416,0.16
303428,0.09
303429,0.09
303432,0.06
303446,0.11
303455,0.08
303464,0.03
303465,0.1
303473,0.14
303476,0.06
303479,0.18
303482,0.09
303484,0.04
303492,0.21
303493,0.12
303497,0.12
303498,0.03
303499,0.15
303509,0.03
303513,0.01
303524,0.03
303525,0.15
303540,0.08
303544,0.02
303548,0.03
303551,0.05
303569,0.2
303584,0.06
303592,0.08
303602,0.28
303607,0.06
303619,0.0
303630,0.19
303643,0.22
303644,0.08
303670,0.12
303671,0.03
303678,0.08
303689,0.03
303698,0.14
303702,0.03
303704,0.04
303711,0.01
303727,0.06
303728,0.04
303741,0.23
303752,0.01
303755,0.04
303777,0.05
303790,0.2
303798,0.08
303804,0.13
303812,0.01
303814,0.12
303817,0.22
303818,0.15
303848,0.08
303850,0.01
303854,0.05
303857,0.06
303860,0.06
303870,0.3
303877,0.0
303884,0.07
303893,0.02
303899,0.02
303900,0.18
303902,0.14
303906,0.1
303920,0.2
303937,0.08
303939,0.1
303941,0.07
303962,0.1
303963,0.18
303971,0.03
303978,0.06
303980,0.08
303986,0.07
304018,0.13
304025,0.0
304027,0.08
304028,0.18
304029,0.07
304030,0.0
304035,0.04
304040,0.14
304058,0.17
304083,0.08
304089,0.15
304092,0.07
304093,0.07
304100,0.04
304121,0.07
304142,0.02
304154,0.17
304158,0.18
304164,0.08
304173,0.24
304175,0.05
304182,0.03
304194,0.1
304201,0.16
304202,0.05
304206,0.04
304210,0.05
304226,0.1
304237,0.02
304256,0.32
304257,0.0
304265,0.07
304271,0.05
304274,0.2
304286,0.1
304292,0.23
304299,0.12
304350,0.02
304352,0.09
304355,0.03
304360,0.0
304361,0.21
304363,0.07
304375,0.17
304378,0.03
304382,0.22
304385,0.21
304386,0.05
304387,0.08
304388,0.0
304391,0.08
304398,0.05
304406,0.05
304420,0.14
304431,0.23
304436,0.23
304438,0.06
304440,0.11
304441,0.06
304450,0.03
304451,0.2
304454,0.0
304462,0.27
304466,0.14
304469,0.09
304472,0.05
304475,0.18
304481,0.05
304483,0.15
304485,0.05
304486,0.0
304504,0.06
304505,0.17
304512,0.04
304516,0.19
304517,0.05
304528,0.03
304530,0.02
304536,0.0
304549,0.05
304552,0.06
304554,0.11
304581,0.03
304593,0.06
304596,0.32
304604,0.09
304610,0.12
304614,0.03
304628,0.07
304629,0.1
304637,0.05
304644,0.01
304654,0.26
304664,0.21
304676,0.05
304680,0.1
304687,0.02
304696,0.28
304698,0.14
304700,0.14
304703,0.19
304704,0.14
304710,0.07
304717,0.05
304729,0.22
304732,0.02
304736,0.2
304738,0.11
304756,0.04
304771,0.06
304773,0.03
304776,0.0
304778,0.05
304779,0.11
304780,0.06
304790,0.07
304793,0.05
304805,0.28
304811,0.07
304825,0.09
304828,0.12
304829,0.03
304842,0.13
304851,0.04
304857,0.01
304884,0.07
304891,0.06
304897,0.17
304898,0.06
304905,0.02
304907,0.1
304917,0.01
304931,0.0
304935,0.01
304942,0.36
304954,0.05
304959,0.0
304968,0.03
304971,0.02
304977,0.14
304982,0.05
304985,0.05
304991,0.01
304992,0.16
304997,0.04
305004,0.08
305008,0.06
305019,0.01
305020,0.2
305025,0.01
305037,0.17
305046,0.11
305056,0.07
305062,0.0
305064,0.2
305065,0.04
305076,0.14
305108,0.21
305110,0.07
305115,0.07
305121,0.39
305125,0.07
305141,0.04
305151,0.05
305159,0.02
305162,0.06
305165,0.05
305174,0.03
305178,0.06
305180,0.06
305182,0.13
305183,0.03
305194,0.03
305199,0.08
305210,0.08
305214,0.22
305215,0.03
305218,0.0
305225,0.03
305229,0.03
305231,0.01
305233,0.22
305237,0.02
305260,0.02
305261,0.11
305278,0.03
305286,0.13
305293,0.01
305300,0.12
305301,0.1
305326,0.19
305334,0.12
305340,0.33
305348,0.04
305352,0.06
305359,0.13
305360,0.02
305362,0.17
305383,0.02
305406,0.1
305408,0.05
305412,0.16
305413,0.12
305414,0.11
305417,0.0
305421,0.06
305422,0.02
305447,0.07
305448,0.02
305450,0.04
305452,0.04
305459,0.05
305460,0.28
305474,0.06
305475,0.05
305481,0.24
305494,0.03
305503,0.1
305507,0.01
305508,0.21
305513,0.09
305518,0.04
305523,0.02
305526,0.17
305529,0.02
305532,0.1
305543,0.05
305555,0.01
305562,0.03
305571,0.03
305578,0.22
305579,0.04
305584,0.04
305603,0.18
305620,0.29
305626,0.05
305636,0.19
305640,0.0
305653,0.04
305662,0.11
305663,0.07
305667,0.06
305683,0.18
305698,0.0
305699,0.26
305707,0.04
305717,0.21
305723,0.0
305735,0.1
305738,0.25
305746,0.07
305766,0.03
305773,0.02
305776,0.04
305777,0.03
305809,0.0
305813,0.01
305816,0.09
305820,0.1
305826,0.07
305838,0.08
305839,0.05
305846,0.09
305861,0.04
305863,0.14
305869,0.04
305872,0.13
305876,0.02
305881,0.05
305887,0.03
305894,0.21
305898,0.06
305905,0.22
305908,0.06
305914,0.19
305915,0.02
305922,0.03
305938,0.15
305946,0.06
305956,0.11
305963,0.03
305965,0.04
305988,0.08
305990,0.02
305991,0.03
305994,0.09
305998,0.03
306003,0.03
306012,0.03
306016,0.11
306021,0.18
306025,0.12
306030,0.12
306047,0.06
306051,0.19
306063,0.05
306066,0.09
306069,0.03
306074,0.12
306091,0.09
306094,0.06
306095,0.06
306114,0.18
306116,0.0
306121,0.07
306127,0.2
306128,0.21
306133,0.13
306142,0.06
306144,0.04
306150,0.14
306153,0.13
306156,0.07
306159,0.33
306161,0.0
306173,0.11
306175,0.16
306193,0.16
306194,0.03
306198,0.2
306203,0.09
306209,0.13
306212,0.05
306216,0.16
306233,0.01
306247,0.1
306264,0.07
306267,0.11
306293,0.03
306302,0.2
306305,0.11
306311,0.06
306345,0.05
306357,0.03
306368,0.0
306372,0.26
306378,0.13
306389,0.02
306398,0.08
306414,0.13
306419,0.13
306437,0.04
306438,0.11
306441,0.04
306443,0.28
306450,0.06
306464,0.11
306468,0.13
306469,0.01
306484,0.0
306527,0.07
306538,0.1
306547,0.05
306554,0.03
306557,0.27
306560,0.03
306561,0.05
306565,0.02
306569,0.05
306576,0.01
306587,0.1
306604,0.06
306624,0.06
306625,0.09
306628,0.12
306647,0.06
306651,0.05
306658,0.1
306660,0.14
306664,0.09
306670,0.19
306699,0.05
306701,0.09
306712,0.07
306716,0.11
306727,0.16
306729,0.21
306735,0.01
306739,0.01
306756,0.1
306757,0.04
306767,0.05
306775,0.01
306795,0.14
306799,0.11
306800,0.09
306805,0.13
306812,0.01
306820,0.08
306840,0.12
306845,0.12
306848,0.04
306856,0.06
306862,0.14
306863,0.05
306868,0.3
306873,0.51
306876,0.1
306893,0.16
306896,0.09
306899,0.02
306907,0.18
306908,0.15
306917,0.18
306927,0.03
306930,0.02
306935,0.08
306942,0.08
306951,0.04
306961,0.04
306970,0.35
306972,0.18
306973,0.03
306976,0.05
306978,0.16
306990,0.11
306992,0.24
306995,0.01
307001,0.23
307004,0.19
307005,0.09
307006,0.02
307010,0.14
307011,0.04
307014,0.03
307016,0.14
307022,0.05
307027,0.1
307052,0.06
307061,0.08
307072,0.33
307078,0.08
307111,0.04
307112,0.12
307134,0.16
307143,0.05
307147,0.07
307148,0.05
307162,0.0
307166,0.02
307168,0.06
307174,0.06
307177,0.05
307197,0.06
307198,0.1
307199,0.24
307205,0.08
307207,0.05
307210,0.03
307212,0.01
307223,0.07
307224,0.03
307236,0.24
307241,0.04
307242,0.13
307259,0.11
307271,0.16
307274,0.06
307281,0.33
307288,0.12
307294,0.02
307302,0.15
307308,0.07
307313,0.16
307344,0.11
307350,0.09
307366,0.08
307372,0.06
307373,0.18
307374,0.04
307378,0.04
307384,0.07
307398,0.06
307406,0.27
307416,0.05
307420,0.11
307424,0.11
307427,0.26
307429,0.04
307436,0.06
307456,0.12
307491,0.05
307494,0.07
307496,0.12
307500,0.11
307504,0.09
307509,0.26
307511,0.39
307520,0.07
307527,0.02
307537,0.04
307539,0.13
307558,0.02
307561,0.04
307575,0.05
307577,0.14
307588,0.05
307636,0.11
307639,0.19
307641,0.13
307646,0.04
307653,0.15
307661,0.31
307669,0.08
307674,0.01
307678,0.04
307691,0.04
307697,0.02
307699,0.02
307702,0.03
307708,0.27
307712,0.12
307716,0.02
307729,0.04
307753,0.03
307765,0.2
307781,0.17
307787,0.04
307788,0.06
307798,0.14
307799,0.06
307800,0.06
307801,0.14
307804,0.08
307816,0.11
307820,0.0
307824,0.09
307828,0.05
307832,0.34
307836,0.07
307842,0.04
307851,0.22
307856,0.01
307861,0.06
307879,0.02
307904,0.17
307911,0.04
307912,0.01
307913,0.08
307922,0.01
307924,0.02
307925,0.05
307929,0.07
307933,0.31
307945,0.02
307948,0.02
307961,0.18
307962,0.05
307963,0.08
307971,0.09
307983,0.04
307984,0.07
307988,0.1
307993,0.08
307994,0.09
308007,0.08
308008,0.0
308018,0.11
308023,0.03
308026,0.05
308028,0.02
308030,0.08
308034,0.08
308053,0.04
308065,0.1
308095,0.02
308096,0.06
308100,0.05
308114,0.03
308116,0.21
308120,0.01
308128,0.16
308132,0.03
308134,0.06
308140,0.09
308142,0.16
308164,0.02
308168,0.17
308169,0.17
308171,0.22
308176,0.09
308177,0.03
308179,0.02
308180,0.32
308184,0.07
308188,0.28
308189,0.03
308190,0.06
308200,0.12
308210,0.04
308211,0.06
308218,0.09
308220,0.06
308228,0.02
308231,0.01
308236,0.01
308247,0.08
308251,0.1
308260,0.01
308266,0.08
308267,0.06
308280,0.29
308298,0.07
308301,0.06
308309,0.07
308312,0.28
308325,0.06
308334,0.19
308339,0.03
308346,0.19
308359,0.08
308360,0.09
308380,0.03
308391,0.08
308403,0.0
308408,0.08
308410,0.26
308415,0.25
308420,0.18
308427,0.08
308442,0.02
308447,0.27
308462,0.09
308464,0.06
308465,0.03
308467,0.19
308468,0.05
308476,0.01
308488,0.26
308498,0.03
308504,0.26
308507,0.01
308509,0.03
308521,0.12
308536,0.08
308537,0.2
308543,0.03
308547,0.24
308559,0.04
308565,0.04
308569,0.1
308584,0.04
308591,0.28
308608,0.14
308610,0.11
308613,0.22
308618,0.07
308623,0.07
308632,0.06
308636,0.15
308641,0.07
308643,0.02
308664,0.22
308678,0.01
308679,0.06
308691,0.03
308692,0.04
308701,0.03
308709,0.05
308711,0.09
308719,0.14
308723,0.04
308727,0.12
308732,0.07
308738,0.0
308747,0.12
308749,0.03
308755,0.12
308756,0.06
308761,0.03
308779,0.03
308780,0.1
308784,0.19
308789,0.13
308807,0.04
308818,0.28
308819,0.02
308822,0.24
308827,0.12
308831,0.02
308833,0.06
308842,0.1
308868,0.03
308871,0.05
308881,0.08
308889,0.03
308892,0.01
308900,0.08
308903,0.05
308912,0.11
308916,0.02
308919,0.27
308920,0.2
308921,0.05
308928,0.16
308929,0.13
308934,0.09
308940,0.11
308941,0.01
308946,0.12
308956,0.03
308958,0.04
308963,0.01
308965,0.17
308971,0.09
308977,0.07
308985,0.03
308987,0.05
308995,0.17
309005,0.04
309007,0.33
309015,0.02
309016,0.11
309018,0.17
309019,0.28
309035,0.0
309042,0.09
309044,0.02
309052,0.07
309061,0.04
309064,0.07
309072,0.02
309075,0.06
309083,0.15
309099,0.11
309124,0.01
309125,0.04
309146,0.02
309159,0.03
309161,0.14
309168,0.15
309180,0.01
309185,0.17
309195,0.15
309198,0.01
309200,0.2
309202,0.06
309204,0.08
309213,0.13
309227,0.14
309234,0.06
309241,0.02
309242,0.04
309244,0.25
309246,0.11
309250,0.07
309251,0.06
309274,0.15
309276,0.21
309280,0.28
309298,0.25
309301,0.28
309302,0.15
309326,0.06
309335,0.19
309341,0.07
309343,0.15
309344,0.05
309354,0.03
309362,0.04
309399,0.22
309406,0.12
309409,0.12
309411,0.22
309418,0.39
309421,0.06
309435,0.02
309443,0.19
309455,0.15
309462,0.08
309473,0.07
309476,0.28
309478,0.02
309493,0.03
309502,0.02
309508,0.29
309526,0.2
309536,0.04
309544,0.0
309547,0.17
309555,0.01
309562,0.01
309569,0.13
309574,0.12
309577,0.17
309578,0.07
309579,0.09
309585,0.14
309588,0.15
309603,0.03
309604,0.03
309617,0.17
309620,0.03
309623,0.05
309648,0.15
309665,0.09
309682,0.01
309694,0.14
309702,0.0
309711,0.02
309713,0.1
309729,0.04
309735,0.09
309744,0.0
309749,0.12
309750,0.0
309759,0.13
309761,0.08
309770,0.03
309776,0.04
309777,0.01
309789,0.06
309790,0.0
309800,0.15
309813,0.18
309814,0.15
309815,0.27
309825,0.08
309826,0.05
309829,0.09
309831,0.03
309837,0.14
309846,0.07
309849,0.31
309855,0.01
309860,0.16
309879,0.04
309882,0.33
309887,0.07
309892,0.06
309895,0.05
309902,0.09
309915,0.12
309923,0.01
309941,0.22
309942,0.14
309945,0.06
309950,0.24
309955,0.04
309963,0.02
309964,0.04
309967,0.19
309969,0.1
309971,0.13
309978,0.12
309987,0.13
309990,0.06
309992,0.05
309993,0.03
310010,0.08
310012,0.05
310017,0.04
310018,0.04
310022,0.02
310031,0.09
310033,0.04
310034,0.06
310038,0.23
310044,0.1
310062,0.13
310071,0.02
310075,0.06
310082,0.25
310093,0.1
310101,0.01
310106,0.03
310118,0.13
310123,0.05
310126,0.02
310130,0.11
310141,0.04
310145,0.16
310148,0.25
310150,0.11
310159,0.03
310162,0.12
310163,0.07
310166,0.02
310167,0.07
310170,0.1
310181,0.17
310187,0.01
310191,0.06
310192,0.0
310197,0.26
310200,0.04
310201,0.11
310203,0.03
310204,0.06
310213,0.04
310215,0.05
310218,0.29
310236,0.21
310238,0.04
310241,0.19
310245,0.31
310252,0.08
310259,0.04
310260,0.12
310261,0.09
310262,0.04
310274,0.03
310294,0.2
310296,0.08
310298,0.1
310306,0.11
310307,0.02
310316,0.03
310329,0.17
310338,0.06
310342,0.03
310343,0.16
310360,0.11
310362,0.26
310378,0.1
310379,0.16
310383,0.31
310385,0.18
310387,0.18
310388,0.0
310400,0.02
310408,0.32
310414,0.26
310423,0.05
310424,0.11
310428,0.05
310432,0.05
310456,0.08
310463,0.16
310475,0.2
310476,0.06
310482,0.04
310485,0.06
310490,0.02
310496,0.01
310505,0.08
310519,0.02
310546,0.12
310547,0.09
310553,0.08
310555,0.03
310556,0.4
310568,0.02
310573,0.04
310574,0.09
310577,0.04
310580,0.06
310581,0.0
310583,0.08
310586,0.08
310591,0.03
310598,0.14
310606,0.04
310628,0.05
310634,0.04
310638,0.04
310646,0.03
310648,0.22
310654,0.01
310659,0.13
310663,0.13
310669,0.04
310670,0.01
310674,0.09
310691,0.1
310693,0.02
310702,0.05
310706,0.03
310709,0.05
310711,0.13
310720,0.14
310739,0.13
310742,0.21
310743,0.07
310752,0.19
310753,0.16
310757,0.24
310763,0.04
310764,0.06
310769,0.07
310771,0.2
310775,0.12
310779,0.12
310781,0.06
310784,0.05
310793,0.03
310794,0.0
310816,0.2
310823,0.08
310837,0.11
310856,0.08
310865,0.03
310866,0.05
310872,0.14
310877,0.13
310879,0.13
310883,0.05
310884,0.27
310908,0.03
310928,0.01
310935,0.01
310954,0.11
310964,0.26
310971,0.05
310972,0.09
310983,0.15
310988,0.0
310994,0.04
311003,0.1
311020,0.05
311024,0.21
311037,0.05
311064,0.01
311070,0.07
311086,0.16
311087,0.12
311108,0.0
311110,0.02
311115,0.01
311116,0.2
311117,0.25
311128,0.09
311136,0.19
311146,0.07
311155,0.09
311157,0.08
311159,0.06
311170,0.25
311184,0.02
311199,0.01
311208,0.09
311209,0.07
311220,0.14
311230,0.19
311233,0.0
311241,0.11
311261,0.01
311262,0.09
311268,0.04
311277,0.12
311296,0.06
311298,0.04
311310,0.1
311313,0.12
311316,0.04
311324,0.18
311327,0.03
311331,0.03
311335,0.08
311343,0.18
311346,0.04
311357,0.12
311358,0.01
311365,0.04
311370,0.19
311376,0.05
311380,0.11
311393,0.09
311399,0.02
311404,0.07
311409,0.09
311425,0.19
311436,0.07
311455,0.03
311459,0.14
311475,0.1
311499,0.05
311509,0.02
311518,0.06
311535,0.13
311536,0.05
311540,0.08
311542,0.22
311552,0.27
311562,0.34
311580,0.04
311583,0.11
311588,0.09
311595,0.01
311601,0.08
311605,0.07
311609,0.26
311612,0.06
311621,0.07
311623,0.02
311625,0.12
311636,0.16
311637,0.15
311646,0.26
311648,0.01
311654,0.07
311663,0.19
311676,0.18
311679,0.18
311683,0.05
311685,0.04
311691,0.14
311695,0.13
311700,0.07
311710,0.09
311714,0.03
311716,0.16
311725,0.02
311727,0.2
311728,0.12
311737,0.12
311738,0.08
311743,0.1
311746,0.04
311747,0.15
311761,0.15
311765,0.04
311773,0.1
311776,0.02
311786,0.22
311801,0.04
311820,0.05
311822,0.32
311829,0.03
311835,0.02
311846,0.03
311851,0.07
311854,0.09
311872,0.05
311875,0.08
311888,0.01
311916,0.09
311928,0.06
311931,0.16
311933,0.42
311934,0.09
311948,0.07
311949,0.18
311950,0.08
311952,0.12
311954,0.07
311962,0.22
311965,0.01
311968,0.21
311976,0.18
311977,0.0
311983,0.07
311989,0.02
311996,0.18
311999,0.06
312007,0.16
312022,0.05
312023,0.12
312034,0.07
312042,0.04
312049,0.05
312077,0.07
312088,0.06
312091,0.21
312114,0.06
312115,0.08
312117,0.05
312119,0.12
312126,0.31
312127,0.01
312134,0.31
312164,0.05
312176,0.05
312178,0.02
312184,0.04
312185,0.09
312186,0.02
312191,0.06
312197,0.01
312213,0.27
312223,0.23
312224,0.25
312225,0.01
312226,0.1
312231,0.04
312239,0.11
312251,0.11
312271,0.0
312278,0.02
312281,0.13
312289,0.05
312291,0.05
312301,0.13
312302,0.05
312316,0.15
312324,0.06
312338,0.01
312361,0.0
312363,0.13
312368,0.06
312382,0.01
312384,0.11
312390,0.09
312395,0.04
312396,0.21
312400,0.17
312406,0.16
312412,0.07
312414,0.14
312417,0.07
312425,0.05
312428,0.03
312431,0.04
312437,0.11
312442,0.05
312451,0.05
312460,0.17
312464,0.09
312466,0.06
312470,0.05
312473,0.15
312490,0.04
312493,0.28
312503,0.15
312509,0.2
312520,0.05
312528,0.06
312543,0.1
312544,0.08
312553,0.03
312558,0.04
312565,0.12
312568,0.09
312579,0.1
312581,0.06
312582,0.07
312596,0.06
312597,0.1
312598,0.03
312617,0.22
312627,0.07
312635,0.01
312637,0.18
312639,0.0
312640,0.23
312642,0.06
312651,0.11
312663,0.06
312668,0.04
312685,0.02
312691,0.08
312693,0.12
312710,0.09
312711,0.06
312712,0.12
312720,0.03
312746,0.19
312763,0.0
312770,0.02
312791,0.21
312795,0.13
312796,0.05
312797,0.3
312804,0.01
312812,0.05
312813,0.16
312825,0.03
312827,0.28
312841,0.17
312842,0.27
312845,0.03
312856,0.08
312866,0.02
312870,0.32
312879,0.01
312895,0.03
312901,0.12
312909,0.04
312910,0.0
312916,0.2
312926,0.11
312942,0.17
312946,0.14
312950,0.09
312952,0.12
312963,0.06
312968,0.28
312976,0.14
312980,0.15
312984,0.11
312987,0.19
312994,0.2
312996,0.11
312997,0.06
313019,0.05
313020,0.02
313028,0.17
313041,0.13
313045,0.05
313048,0.14
313052,0.09
313062,0.06
313063,0.13
313066,0.01
313071,0.09
313085,0.01
313099,0.34
313109,0.19
313131,0.03
313139,0.02
313141,0.08
313142,0.16
313145,0.08
313153,0.19
313157,0.05
313161,0.19
313165,0.06
313179,0.15
313208,0.31
313228,0.2
313236,0.08
313243,0.2
313245,0.16
313249,0.0
313275,0.13
313276,0.15
313280,0.02
313284,0.26
313285,0.1
313292,0.06
313297,0.03
313304,0.04
313322,0.12
313323,0.07
313325,0.04
313326,0.08
313334,0.07
313336,0.05
313337,0.23
313339,0.08
313340,0.01
313341,0.21
313343,0.21
313346,0.12
313348,0.3
313359,0.09
313365,0.06
313375,0.15
313381,0.02
313382,0.16
313389,0.05
313390,0.01
313391,0.17
313410,0.03
313416,0.02
313417,0.05
313426,0.25
313429,0.07
313469,0.01
313479,0.02
313485,0.27
313494,0.02
313496,0.11
313501,0.07
313506,0.06
313521,0.06
313524,0.05
313538,0.12
313550,0.2
313557,0.12
313573,0.05
313583,0.0
313592,0.35
313602,0.05
313604,0.09
313606,0.17
313617,0.11
313622,0.08
313625,0.12
313638,0.07
313639,0.08
313645,0.23
313655,0.14
313656,0.33
313663,0.15
313669,0.16
313670,0.21
313676,0.01
313689,0.19
313699,0.05
313711,0.05
313720,0.07
313731,0.32
313736,0.38
313741,0.09
313744,0.09
313749,0.17
313750,0.03
313753,0.11
313763,0.01
313765,0.27
313776,0.01
313778,0.16
313781,0.04
313786,0.21
313787,0.01
313795,0.09
313809,0.05
313810,0.1
313811,0.18
313818,0.17
313825,0.09
313830,0.02
313831,0.17
313834,0.03
313837,0.29
313841,0.04
313859,0.02
313882,0.01
313887,0.42
313900,0.02
313902,0.09
313906,0.0
313930,0.0
313932,0.13
313943,0.08
313944,0.1
313957,0.01
313970,0.23
313980,0.01
313982,0.07
313999,0.17
314000,0.01
314003,0.12
314004,0.07
314005,0.18
314007,0.06
314010,0.09
314011,0.01
314016,0.17
314023,0.08
314024,0.1
314031,0.01
314038,0.11
314041,0.02
314061,0.12
314073,0.07
314091,0.19
314097,0.19
314099,0.02
314107,0.02
314124,0.31
314127,0.18
314131,0.06
314132,0.02
314137,0.08
314139,0.02
314143,0.04
314149,0.01
314153,0.07
314154,0.2
314160,0.02
314167,0.08
314171,0.01
314182,0.05
314190,0.02
314194,0.05
314198,0.04
314211,0.06
314220,0.18
314245,0.12
314247,0.02
314256,0.03
314259,0.08
314267,0.16
314271,0.01
314278,0.13
314282,0.06
314283,0.03
314294,0.13
314298,0.08
314299,0.09
314306,0.05
314307,0.19
314308,0.01
314309,0.03
314317,0.1
314323,0.16
314332,0.1
314334,0.08
314335,0.04
314337,0.07
314343,0.06
314344,0.11
314346,0.02
314351,0.07
314354,0.05
314355,0.2
314359,0.03
314364,0.04
314366,0.02
314367,0.12
314374,0.02
314376,0.04
314387,0.21
314405,0.15
314412,0.08
314418,0.19
314429,0.3
314438,0.22
314442,0.02
314477,0.06
314480,0.02
314486,0.04
314487,0.23
314488,0.1
314490,0.05
314523,0.09
314528,0.17
314535,0.02
314542,0.14
314560,0.11
314585,0.2
314594,0.1
314596,0.1
314601,0.07
314603,0.1
314612,0.06
314615,0.14
314619,0.04
314621,0.04
314627,0.17
314629,0.07
314635,0.28
314639,0.1
314646,0.02
314650,0.23
314661,0.21
314690,0.01
314699,0.06
314705,0.13
314709,0.01
314710,0.06
314711,0.01
314714,0.15
314719,0.03
314722,0.02
314723,0.06
314729,0.14
314732,0.2
314734,0.19
314746,0.12
314761,0.25
314769,0.08
314773,0.18
314774,0.09
314776,0.02
314780,0.07
314785,0.1
314789,0.11
314796,0.36
314810,0.02
314812,0.08
314817,0.02
314822,0.08
314840,0.12
314843,0.03
314853,0.02
314856,0.17
314862,0.06
314864,0.0
314878,0.06
314894,0.03
314906,0.25
314912,0.03
314914,0.04
314933,0.22
314941,0.02
314949,0.03
314950,0.06
314952,0.04
314961,0.16
314970,0.18
314972,0.17
314975,0.21
314985,0.1
314986,0.06
314991,0.05
314995,0.09
314997,0.06
315003,0.02
315035,0.09
315038,0.08
315040,0.03
315046,0.05
315053,0.03
315054,0.15
315060,0.19
315061,0.1
315067,0.3
315076,0.21
315079,0.06
315083,0.05
315084,0.01
315092,0.02
315095,0.25
315112,0.23
315122,0.06
315123,0.04
315125,0.31
315136,0.17
315143,0.03
315145,0.06
315153,0.15
315164,0.06
315169,0.05
315178,0.23
315179,0.04
315189,0.06
315192,0.1
315194,0.26
315198,0.02
315210,0.04
315211,0.0
315221,0.16
315222,0.04
315228,0.1
315231,0.09
315233,0.13
315235,0.17
315240,0.02
315244,0.2
315257,0.14
315261,0.16
315271,0.1
315278,0.03
315282,0.3
315287,0.04
315288,0.1
315291,0.18
315306,0.01
315309,0.06
315312,0.07
315330,0.01
315335,0.27
315337,0.12
315343,0.22
315344,0.33
315366,0.03
315389,0.19
315403,0.15
315414,0.29
315425,0.04
315430,0.08
315432,0.13
315436,0.0
315437,0.02
315445,0.05
315451,0.03
315460,0.0
315462,0.04
315476,0.09
315480,0.11
315489,0.12
315494,0.01
315499,0.03
315503,0.12
315507,0.18
315540,0.15
315541,0.18
315546,0.06
315553,0.16
315569,0.32
315571,0.05
315574,0.06
315580,0.09
315587,0.04
315609,0.14
315610,0.04
315617,0.11
315623,0.11
315629,0.06
315635,0.1
315637,0.06
315641,0.08
315644,0.11
315654,0.08
315662,0.02
315663,0.19
315673,0.02
315677,0.02
315679,0.09
315680,0.33
315681,0.06
315682,0.42
315684,0.06
315693,0.09
315701,0.03
315705,0.08
315706,0.07
315711,0.22
315714,0.08
315725,0.03
315738,0.14
315740,0.03
315749,0.11
315753,0.06
315757,0.1
315778,0.04
315781,0.07
315793,0.04
315813,0.09
315822,0.01
315827,0.17
315831,0.01
315843,0.19
315857,0.1
315864,0.13
315869,0.02
315870,0.14
315878,0.19
315891,0.17
315894,0.05
315895,0.19
315903,0.14
315917,0.19
315920,0.04
315937,0.06
315938,0.04
315947,0.09
315970,0.41
315971,0.01
315974,0.01
315984,0.01
315985,0.11
315988,0.0
315993,0.26
315995,0.24
315997,0.04
316000,0.03
316009,0.02
316011,0.06
316014,0.14
316021,0.09
316022,0.14
316023,0.07
316060,0.12
316063,0.02
316065,0.12
316066,0.0
316077,0.07
316083,0.01
316093,0.06
316100,0.03
316110,0.04
316118,0.04
316135,0.06
316139,0.2
316154,0.11
316156,0.05
316171,0.06
316173,0.06
316186,0.01
316188,0.0
316190,0.13
316195,0.14
316205,0.06
316214,0.07
316216,0.08
316220,0.09
316222,0.11
316224,0.08
316226,0.05
316230,0.01
316248,0.05
316258,0.2
316269,0.07
316270,0.02
316279,0.2
316286,0.05
316295,0.04
316297,0.06
316305,0.14
316312,0.03
316313,0.01
316314,0.1
316320,0.03
316321,0.08
316328,0.13
316329,0.08
316334,0.12
316364,0.08
316372,0.02
316382,0.08
316407,0.03
316411,0.11
316433,0.11
316435,0.05
316441,0.09
316456,0.02
316457,0.04
316462,0.08
316465,0.04
316466,0.01
316468,0.07
316469,0.04
316479,0.11
316481,0.06
316484,0.02
316502,0.09
316517,0.09
316525,0.02
316531,0.03
316546,0.02
316549,0.03
316557,0.01
316561,0.15
316564,0.03
316565,0.15
316594,0.14
316595,0.02
316600,0.11
316625,0.02
316645,0.06
316647,0.2
316659,0.09
316683,0.08
316694,0.12
316697,0.01
316701,0.06
316702,0.0
316703,0.05
316718,0.1
316723,0.13
316748,0.2
316756,0.05
316758,0.01
316763,0.17
316764,0.07
316768,0.01
316769,0.11
316772,0.07
316777,0.17
316781,0.06
316785,0.07
316786,0.07
316815,0.32
316816,0.18
316828,0.16
316831,0.0
316837,0.1
316843,0.13
316849,0.09
316854,0.05
316862,0.04
316867,0.01
316902,0.13
316903,0.01
316906,0.02
316914,0.0
316915,0.03
316923,0.02
316928,0.03
316930,0.06
316932,0.24
316940,0.03
316947,0.03
316948,0.06
316977,0.31
316983,0.13
316987,0.15
317003,0.03
317005,0.01
317035,0.02
317036,0.05
317043,0.23
317048,0.01
317056,0.01
317065,0.02
317079,0.02
317080,0.02
317083,0.09
317087,0.12
317103,0.04
317117,0.07
317119,0.11
317125,0.09
317126,0.09
317134,0.07
317138,0.04
317142,0.13
317150,0.04
317184,0.12
317190,0.08
317196,0.02
317197,0.05
317206,0.06
317210,0.18
317221,0.05
317226,0.19
317227,0.3
317236,0.0
317237,0.13
317241,0.04
317249,0.03
317256,0.06
317282,0.13
317294,0.02
317298,0.04
317300,0.02
317307,0.15
317311,0.03
317318,0.06
317322,0.17
317323,0.19
317332,0.03
317338,0.17
317346,0.0
317347,0.1
317349,0.04
317354,0.24
317369,0.17
317386,0.1
317389,0.05
317410,0.12
317411,0.07
317422,0.09
317434,0.03
317446,0.04
317449,0.09
317455,0.18
317469,0.07
317475,0.07
317476,0.07
317487,0.09
317488,0.03
317499,0.1
317500,0.04
317506,0.15
317515,0.14
317518,0.02
317520,0.19
317546,0.03
317549,0.14
317554,0.03
317565,0.02
317579,0.07
317591,0.09
317592,0.16
317593,0.24
317594,0.0
317601,0.22
317603,0.27
317606,0.2
317608,0.07
317611,0.06
317618,0.01
317628,0.03
317629,0.08
317642,0.1
317644,0.04
317648,0.22
317650,0.02
317665,0.12
317675,0.15
317695,0.08
317696,0.0
317704,0.09
317713,0.01
317730,0.04
317735,0.23
317736,0.12
317738,0.05
317747,0.11
317764,0.12
317765,0.12
317772,0.21
317774,0.01
317786,0.07
317788,0.02
317806,0.16
317809,0.32
317811,0.02
317814,0.09
317815,0.11
317830,0.09
317835,0.08
317843,0.05
317856,0.04
317863,0.37
317876,0.19
317889,0.01
317902,0.26
317910,0.05
317914,0.08
317933,0.07
317936,0.07
317940,0.01
317944,0.03
317952,0.06
317955,0.05
317958,0.0
317965,0.19
317966,0.11
317978,0.16
318000,0.06
318007,0.1
318008,0.08
318012,0.01
318016,0.06
318019,0.13
318020,0.01
318021,0.08
318025,0.17
318036,0.06
318044,0.01
318055,0.01
318056,0.1
318057,0.12
318065,0.2
318075,0.01
318081,0.42
318094,0.14
318096,0.0
318104,0.07
318105,0.0
318109,0.07
318113,0.0
318121,0.19
318122,0.18
318126,0.03
318127,0.14
318131,0.04
318135,0.09
318155,0.04
318156,0.03
318161,0.14
318164,0.1
318169,0.22
318173,0.21
318176,0.24
318177,0.25
318181,0.07
318187,0.03
318193,0.04
318203,0.07
318206,0.01
318214,0.13
318220,0.05
318232,0.07
318250,0.06
318251,0.17
318252,0.15
318254,0.04
318260,0.03
318261,0.02
318263,0.06
318264,0.15
318266,0.06
318267,0.08
318268,0.0
318270,0.04
318274,0.06
318282,0.0
318286,0.18
318292,0.03
318297,0.03
318320,0.1
318337,0.03
318343,0.11
318347,0.12
318351,0.07
318357,0.29
318360,0.1
318384,0.02
318385,0.03
318387,0.07
318390,0.05
318391,0.05
318393,0.02
318406,0.11
318408,0.3
318410,0.1
318424,0.22
318428,0.01
318432,0.02
318433,0.19
318445,0.1
318452,0.26
318467,0.08
318473,0.11
318480,0.11
318486,0.23
318496,0.01
318505,0.21
318511,0.11
318517,0.03
318522,0.03
318527,0.07
318530,0.27
318531,0.02
318533,0.03
318535,0.12
318536,0.05
318548,0.12
318551,0.28
318557,0.1
318576,0.0
318581,0.22
318607,0.05
318609,0.05
318615,0.21
318634,0.09
318640,0.23
318651,0.08
318657,0.21
318669,0.12
318674,0.13
318675,0.02
318686,0.09
318694,0.12
318760,0.14
318762,0.08
318763,0.05
318765,0.09
318766,0.07
318769,0.25
318775,0.16
318782,0.01
318786,0.19
318792,0.03
318801,0.2
318802,0.07
318803,0.06
318805,0.02
318813,0.19
318817,0.01
318821,0.05
318827,0.15
318834,0.2
318835,0.02
318851,0.08
318857,0.16
318862,0.04
318874,0.07
318878,0.02
318897,0.03
318909,0.2
318924,0.07
318927,0.14
318942,0.2
318946,0.11
318957,0.16
318959,0.04
318975,0.04
318982,0.0
318987,0.13
318993,0.0
318995,0.07
318996,0.01
318997,0.06
318999,0.07
319012,0.31
319014,0.2
319018,0.15
319020,0.11
319048,0.06
319052,0.07
319067,0.09
319083,0.02
319088,0.05
319089,0.07
319090,0.24
319096,0.1
319099,0.09
319108,0.04
319116,0.07
319117,0.11
319119,0.15
319126,0.29
319133,0.17
319135,0.2
319137,0.04
319143,0.03
319168,0.05
319170,0.24
319174,0.11
319181,0.03
319192,0.11
319193,0.03
319198,0.18
319211,0.07
319219,0.06
319220,0.15
319226,0.05
319240,0.03
319248,0.06
319257,0.04
319261,0.06
319264,0.04
319268,0.02
319289,0.2
319292,0.02
319295,0.02
319302,0.05
319308,0.25
319310,0.15
319313,0.21
319322,0.01
319329,0.03
319331,0.05
319334,0.19
319346,0.0
319352,0.28
319358,0.22
319363,0.09
319365,0.29
319370,0.0
319371,0.14
319372,0.12
319385,0.06
319387,0.0
319393,0.11
319396,0.09
319406,0.02
319439,0.02
319440,0.12
319441,0.16
319462,0.04
319471,0.08
319475,0.03
319476,0.06
319486,0.12
319487,0.03
319489,0.1
319491,0.03
319494,0.0
319496,0.17
319512,0.12
319519,0.01
319522,0.03
319530,0.08
319540,0.0
319547,0.0
319549,0.04
319559,0.04
319561,0.04
319566,0.08
319569,0.1
319574,0.12
319579,0.02
319580,0.15
319582,0.05
319583,0.05
319585,0.08
319598,0.22
319600,0.09
319602,0.03
319603,0.07
319604,0.07
319608,0.0
319622,0.08
319623,0.09
319625,0.13
319628,0.1
319637,0.11
319639,0.07
319658,0.02
319669,0.04
319677,0.07
319683,0.09
319688,0.12
319697,0.15
319700,0.06
319727,0.14
319747,0.04
319751,0.14
319758,0.24
319759,0.12
319765,0.01
319768,0.06
319774,0.06
319776,0.13
319777,0.09
319785,0.0
319789,0.02
319792,0.06
319799,0.04
319814,0.01
319815,0.04
319822,0.02
319829,0.23
319836,0.12
319837,0.04
319839,0.1
319843,0.03
319860,0.1
319876,0.14
319877,0.03
319887,0.1
319889,0.02
319892,0.04
319893,0.13
319897,0.04
319898,0.08
319911,0.02
319917,0.21
319923,0.11
319927,0.03
319929,0.22
319931,0.04
319948,0.2
319949,0.01
319992,0.19
319999,0.08
320001,0.08
320003,0.09
320004,0.25
320011,0.13
320012,0.09
320021,0.13
320026,0.02
320034,0.04
320041,0.3
320042,0.04
320046,0.13
320056,0.02
320062,0.03
320093,0.28
320094,0.05
320101,0.21
320114,0.14
320126,0.13
320128,0.07
320137,0.0
320149,0.11
320165,0.0
320172,0.09
320173,0.08
320175,0.18
320179,0.02
320181,0.07
320191,0.01
320192,0.01
320195,0.03
320199,0.06
320202,0.03
320203,0.05
320205,0.06
320224,0.19
320227,0.16
320228,0.08
320248,0.21
320252,0.02
320254,0.07
320259,0.0
320267,0.11
320276,0.01
320287,0.2
320291,0.09
320295,0.03
320297,0.01
320305,0.13
320321,0.2
320331,0.13
320336,0.07
320341,0.05
320344,0.14
320356,0.08
320362,0.21
320369,0.01
320379,0.06
320387,0.21
320397,0.08
320412,0.19
320421,0.02
320428,0.2
320429,0.2
320430,0.07
320434,0.08
320453,0.09
320462,0.09
320469,0.04
320475,0.07
320478,0.14
320484,0.11
320494,0.01
320499,0.07
320541,0.09
320550,0.0
320561,0.02
320562,0.18
320564,0.12
320566,0.17
320568,0.01
320593,0.04
320609,0.03
320614,0.03
320621,0.0
320639,0.17
320640,0.09
320656,0.15
320657,0.13
320670,0.03
320672,0.07
320691,0.11
320693,0.0
320698,0.18
320699,0.06
320704,0.05
320709,0.08
320711,0.01
320724,0.11
320737,0.11
320744,0.22
320747,0.11
320750,0.19
320752,0.03
320760,0.08
320765,0.32
320767,0.06
320778,0.15
320784,0.06
320789,0.2
320793,0.02
320795,0.22
320805,0.12
320806,0.09
320823,0.07
320828,0.14
320833,0.16
320843,0.03
320846,0.02
320851,0.16
320852,0.11
320869,0.05
320873,0.19
320890,0.01
320905,0.08
320912,0.13
320914,0.0
320915,0.0
320920,0.05
320924,0.05
320925,0.02
320936,0.05
320937,0.02
320940,0.01
320943,0.04
320954,0.02
320959,0.05
320960,0.1
320966,0.03
320968,0.04
320975,0.05
320978,0.01
320979,0.07
320981,0.06
320987,0.12
320989,0.06
321009,0.21
321021,0.14
321035,0.11
321038,0.13
321039,0.16
321051,0.05
321058,0.06
321066,0.21
321075,0.13
321092,0.02
321098,0.16
321107,0.15
321116,0.13
321118,0.02
321124,0.01
321131,0.03
321134,0.25
321140,0.01
321143,0.19
321145,0.03
321150,0.02
321151,0.08
321153,0.22
321154,0.15
321156,0.01
321160,0.03
321176,0.03
321183,0.06
321187,0.12
321196,0.09
321197,0.08
321204,0.17
321208,0.04
321209,0.12
321223,0.13
321226,0.07
321227,0.01
321236,0.04
321249,0.19
321250,0.22
321253,0.06
321256,0.04
321276,0.28
321298,0.05
321303,0.01
321309,0.07
321313,0.05
321322,0.24
321345,0.06
321350,0.03
321355,0.0
321358,0.11
321370,0.04
321377,0.14
321385,0.13
321398,0.09
321401,0.03
321415,0.03
321416,0.31
321419,0.02
321427,0.08
321433,0.0
321439,0.12
321455,0.05
321463,0.13
321465,0.07
321480,0.06
321486,0.02
321498,0.1
321502,0.03
321510,0.09
321524,0.11
321526,0.16
321528,0.26
321533,0.23
321536,0.09
321548,0.06
321557,0.06
321564,0.07
321567,0.02
321602,0.07
321625,0.12
321627,0.11
321640,0.06
321645,0.05
321648,0.16
321649,0.12
321652,0.06
321659,0.09
321667,0.03
321676,0.07
321696,0.02
321697,0.1
321702,0.05
321704,0.08
321706,0.07
321710,0.16
321722,0.18
321760,0.08
321770,0.08
321779,0.03
321784,0.16
321786,0.03
321792,0.07
321795,0.12
321801,0.02
321804,0.0
321806,0.08
321807,0.03
321808,0.28
321809,0.41
321825,0.09
321828,0.15
321843,0.1
321848,0.06
321854,0.08
321869,0.08
321870,0.2
321887,0.05
321896,0.07
321898,0.09
321908,0.06
321910,0.06
321915,0.18
321919,0.1
321922,0.14
321928,0.12
321929,0.11
321932,0.08
321934,0.25
321936,0.2
321956,0.06
321957,0.07
321965,0.07
321970,0.06
321974,0.0
321980,0.06
321985,0.04
321992,0.02
321999,0.03
322005,0.0
322018,0.08
322020,0.05
322021,0.17
322023,0.02
322024,0.16
322039,0.08
322054,0.04
322061,0.06
322082,0.0
322088,0.18
322093,0.05
322105,0.06
322111,0.03
322113,0.15
322117,0.0
322120,0.01
322123,0.02
322132,0.07
322136,0.37
322141,0.25
322147,0.11
322169,0.18
322170,0.22
322172,0.1
322196,0.17
322198,0.09
322217,0.05
322226,0.08
322227,0.27
322229,0.04
322242,0.06
322244,0.07
322249,0.06
322250,0.02
322253,0.09
322254,0.19
322267,0.03
322269,0.08
322274,0.32
322285,0.28
322309,0.01
322320,0.04
322327,0.03
322331,0.09
322332,0.07
322334,0.18
322339,0.12
322348,0.24
322350,0.25
322354,0.01
322356,0.05
322367,0.11
322369,0.09
322372,0.09
322374,0.05
322383,0.2
322388,0.12
322393,0.13
322395,0.12
322407,0.02
322413,0.07
322416,0.0
322419,0.01
322424,0.15
322432,0.03
322442,0.01
322447,0.04
322448,0.12
322460,0.02
322461,0.21
322468,0.01
322472,0.14
322473,0.05
322488,0.02
322490,0.07
322491,0.08
322497,0.11
322503,0.09
322521,0.19
322525,0.12
322533,0.1
322549,0.23
322561,0.2
322566,0.09
322570,0.16
322574,0.07
322578,0.05
322579,0.09
322586,0.06
322596,0.06
322598,0.09
322603,0.21
322614,0.16
322626,0.07
322630,0.17
322639,0.09
322640,0.05
322642,0.24
322651,0.03
322652,0.12
322656,0.1
322662,0.05
322664,0.05
322681,0.24
322684,0.02
322685,0.14
322711,0.17
322717,0.03
322719,0.02
322730,0.08
322740,0.13
322743,0.12
322749,0.03
322757,0.05
322759,0.09
322760,0.07
322770,0.02
322786,0.2
322797,0.07
322800,0.06
322815,0.01
322831,0.07
322835,0.14
322841,0.08
322845,0.01
322846,0.01
322851,0.06
322852,0.06
322877,0.05
322880,0.06
322893,0.07
322911,0.07
322928,0.3
322934,0.16
322938,0.13
322950,0.11
322959,0.06
322961,0.09
322965,0.09
322966,0.01
322968,0.02
322977,0.06
322979,0.04
322986,0.16
322990,0.14
322998,0.02
323005,0.09
323008,0.06
323014,0.03
323015,0.06
323025,0.1
323030,0.09
323033,0.12
323036,0.09
323043,0.1
323049,0.01
323051,0.21
323053,0.05
323056,0.06
323059,0.08
323076,0.0
323088,0.03
323108,0.28
323112,0.03
323127,0.1
323135,0.17
323137,0.02
323141,0.04
323142,0.06
323147,0.06
323150,0.21
323153,0.2
323156,0.1
323161,0.02
323171,0.16
323173,0.03
323176,0.03
323184,0.0
323189,0.08
323193,0.07
323209,0.22
323218,0.19
323224,0.19
323235,0.16
323236,0.02
323242,0.01
323252,0.09
323253,0.3
323254,0.01
323271,0.19
323276,0.06
323278,0.22
323281,0.02
323285,0.03
323289,0.08
323292,0.05
323297,0.11
323312,0.03
323318,0.03
323319,0.05
323324,0.08
323325,0.07
323328,0.12
323334,0.02
323338,0.13
323340,0.01
323343,0.09
323354,0.07
323373,0.13
323376,0.07
323381,0.02
323382,0.16
323383,0.29
323387,0.01
323394,0.15
323398,0.04
323405,0.07
323407,0.14
323428,0.2
323436,0.2
323451,0.14
323455,0.21
323463,0.07
323466,0.02
323475,0.1
323477,0.05
323481,0.01
323485,0.19
323488,0.2
323493,0.09
323494,0.07
323505,0.09
323506,0.1
323509,0.0
323518,0.03
323530,0.08
323539,0.0
323549,0.05
323557,0.04
323568,0.11
323569,0.04
323571,0.09
323573,0.12
323585,0.01
323588,0.04
323599,0.31
323615,0.0
323617,0.04
323620,0.19
323636,0.04
323665,0.05
323670,0.01
323675,0.16
323688,0.02
323693,0.0
323694,0.06
323696,0.15
323710,0.0
323716,0.15
323718,0.09
323719,0.0
323720,0.23
323722,0.28
323729,0.42
323738,0.09
323740,0.16
323787,0.05
323795,0.04
323801,0.0
323810,0.02
323822,0.07
323825,0.22
323833,0.08
323860,0.08
323871,0.07
323879,0.08
323888,0.01
323891,0.17
323894,0.11
323909,0.06
323911,0.13
323920,0.22
323923,0.12
323930,0.02
323935,0.09
323937,0.15
323938,0.01
323948,0.04
323956,0.11
323962,0.12
323964,0.08
323966,0.03
323970,0.05
323972,0.06
323977,0.03
323985,0.03
323989,0.12
323994,0.01
324010,0.08
324020,0.15
324033,0.04
324052,0.19
324055,0.07
324075,0.01
324087,0.1
324088,0.0
324091,0.02
324104,0.06
324109,0.16
324114,0.11
324118,0.03
324125,0.07
324130,0.24
324146,0.03
324149,0.02
324156,0.0
324170,0.05
324171,0.04
324172,0.03
324178,0.23
324180,0.14
324220,0.02
324222,0.01
324227,0.18
324229,0.22
324230,0.21
324235,0.17
324243,0.04
324247,0.2
324264,0.27
324269,0.12
324270,0.06
324271,0.09
324291,0.41
324293,0.08
324296,0.06
324298,0.18
324302,0.11
324305,0.04
324310,0.05
324325,0.01
324339,0.07
324345,0.02
324347,0.06
324356,0.19
324383,0.16
324387,0.04
324393,0.2
324400,0.13
324401,0.07
324412,0.2
324414,0.05
324415,0.11
324416,0.04
324420,0.15
324437,0.02
324445,0.17
324464,0.15
324472,0.07
324496,0.04
324499,0.08
324512,0.07
324544,0.14
324545,0.09
324552,0.12
324553,0.07
324558,0.17
324559,0.06
324572,0.09
324582,0.08
324595,0.18
324596,0.33
324598,0.05
324614,0.04
324620,0.33
324621,0.03
324624,0.13
324651,0.03
324655,0.3
324669,0.01
324674,0.41
324677,0.17
324681,0.38
324689,0.02
324708,0.0
324714,0.25
324716,0.08
324719,0.07
324731,0.25
324733,0.11
324741,0.12
324745,0.07
324747,0.24
324748,0.02
324764,0.1
324772,0.04
324788,0.04
324795,0.02
324801,0.09
324811,0.01
324816,0.2
324821,0.22
324825,0.04
324840,0.16
324841,0.2
324854,0.06
324866,0.02
324884,0.07
324894,0.08
324895,0.0
324913,0.05
324914,0.05
324944,0.06
324949,0.34
324978,0.05
324983,0.03
324987,0.16
324995,0.02
325000,0.03
325001,0.19
325005,0.06
325017,0.02
325019,0.01
325020,0.01
325021,0.43
325041,0.11
325063,0.32
325066,0.22
325070,0.17
325102,0.12
325117,0.15
325121,0.11
325136,0.14
325153,0.05
325157,0.09
325158,0.11
325163,0.09
325180,0.04
325181,0.06
325185,0.14
325194,0.04
325196,0.11
325206,0.06
325212,0.06
325217,0.23
325218,0.07
325223,0.04
325238,0.11
325254,0.18
325258,0.04
325268,0.0
325269,0.1
325275,0.02
325277,0.03
325282,0.02
325284,0.02
325289,0.04
325291,0.26
325300,0.08
325303,0.09
325306,0.04
325313,0.08
325316,0.11
325318,0.03
325332,0.14
325344,0.21
325354,0.2
325360,0.0
325364,0.07
325375,0.2
325377,0.01
325380,0.03
325390,0.18
325392,0.03
325395,0.21
325411,0.08
325412,0.08
325420,0.16
325424,0.03
325433,0.11
325438,0.06
325439,0.05
325443,0.25
325454,0.12
325464,0.08
325473,0.02
325476,0.03
325495,0.19
325525,0.18
325529,0.07
325552,0.14
325553,0.21
325564,0.04
325565,0.17
325580,0.2
325590,0.32
325591,0.02
325596,0.1
325601,0.02
325602,0.11
325623,0.02
325625,0.05
325641,0.16
325645,0.06
325657,0.03
325680,0.1
325691,0.02
325701,0.03
325710,0.17
325712,0.0
325714,0.03
325716,0.07
325724,0.09
325744,0.17
325751,0.3
325757,0.03
325765,0.1
325767,0.36
325770,0.06
325778,0.22
325784,0.14
325791,0.22
325809,0.22
325814,0.24
325817,0.14
325820,0.19
325822,0.07
325830,0.02
325832,0.1
325840,0.09
325849,0.07
325852,0.06
325859,0.06
325864,0.04
325865,0.2
325879,0.03
325890,0.03
325899,0.06
325908,0.1
325916,0.18
325918,0.02
325919,0.0
325922,0.01
325925,0.05
325934,0.11
325939,0.02
325942,0.17
325948,0.19
325954,0.1
325962,0.16
325966,0.26
325969,0.09
325971,0.01
325972,0.04
325976,0.04
325981,0.01
325992,0.08
326013,0.11
326017,0.01
326019,0.02
326027,0.06
326028,0.02
326033,0.1
326041,0.03
326043,0.08
326049,0.17
326054,0.01
326057,0.13
326074,0.0
326078,0.14
326083,0.04
326084,0.09
326085,0.1
326087,0.11
326088,0.15
326102,0.29
326117,0.09
326145,0.28
326150,0.16
326160,0.13
326166,0.1
326170,0.08
326180,0.16
326182,0.13
326186,0.05
326188,0.21
326190,0.14
326196,0.13
326199,0.07
326201,0.15
326204,0.0
326209,0.1
326211,0.16
326218,0.04
326239,0.04
326259,0.06
326260,0.08
326284,0.1
326289,0.07
326290,0.09
326295,0.06
326299,0.05
326305,0.13
326309,0.17
326323,0.09
326364,0.02
326369,0.05
326385,0.16
326410,0.15
326411,0.09
326418,0.03
326428,0.08
326435,0.07
326437,0.05
326438,0.13
326451,0.03
326464,0.19
326471,0.14
326472,0.19
326475,0.12
326477,0.04
326480,0.02
326486,0.15
326502,0.03
326506,0.12
326513,0.01
326516,0.08
326528,0.13
326530,0.02
326531,0.05
326532,0.05
326538,0.05
326551,0.04
326559,0.04
326576,0.05
326577,0.04
326602,0.11
326606,0.15
326618,0.16
326620,0.07
326624,0.04
326639,0.07
326647,0.24
326652,0.1
326661,0.15
326667,0.09
326670,0.21
326672,0.04
326693,0.16
326704,0.07
326723,0.11
326734,0.21
326738,0.18
326746,0.12
326753,0.07
326754,0.02
326763,0.19
326779,0.03
326785,0.21
326786,0.18
326787,0.13
326789,0.02
326799,0.0
326802,0.04
326804,0.02
326823,0.05
326827,0.05
326833,0.12
326838,0.11
326842,0.09
326856,0.24
326867,0.05
326870,0.04
326871,0.01
326875,0.07
326879,0.06
326884,0.08
326900,0.06
326904,0.12
326905,0.04
326917,0.02
326919,0.03
326921,0.2
326929,0.05
326942,0.18
326944,0.07
326953,0.13
326968,0.1
326985,0.14
326987,0.12
326988,0.0
326994,0.08
327005,0.02
327010,0.1
327017,0.13
327026,0.09
327030,0.07
327031,0.07
327045,0.16
327054,0.01
327078,0.01
327080,0.04
327087,0.33
327137,0.14
327147,0.07
327150,0.03
327153,0.31
327160,0.23
327164,0.07
327169,0.3
327187,0.13
327188,0.03
327189,0.08
327194,0.0
327196,0.22
327202,0.19
327207,0.03
327215,0.0
327216,0.16
327220,0.08
327222,0.07
327230,0.1
327231,0.21
327238,0.18
327247,0.01
327262,0.05
327265,0.05
327267,0.05
327273,0.03
327276,0.18
327280,0.16
327287,0.01
327301,0.2
327307,0.15
327309,0.05
327316,0.18
327327,0.18
327334,0.15
327335,0.31
327338,0.01
327341,0.1
327350,0.13
327355,0.03
327370,0.06
327386,0.14
327391,0.09
327393,0.08
327408,0.04
327415,0.19
327431,0.12
327445,0.03
327449,0.12
327457,0.11
327488,0.01
327489,0.04
327523,0.03
327537,0.02
327550,0.26
327556,0.02
327562,0.06
327567,0.17
327587,0.05
327594,0.05
327602,0.01
327604,0.26
327609,0.07
327618,0.05
327620,0.06
327626,0.06
327628,0.1
327629,0.16
327631,0.06
327633,0.11
327638,0.07
327665,0.08
327689,0.0
327697,0.08
327702,0.04
327704,0.16
327723,0.04
327726,0.08
327732,0.07
327739,0.15
327750,0.13
327751,0.05
327765,0.09
327766,0.03
327771,0.11
327772,0.2
327774,0.14
327784,0.01
327789,0.03
327794,0.02
327799,0.09
327803,0.05
327817,0.04
327819,0.03
327823,0.19
327828,0.41
327834,0.17
327835,0.0
327866,0.35
327871,0.1
327886,0.21
327900,0.19
327901,0.26
327904,0.15
327906,0.22
327908,0.07
327909,0.0
327914,0.36
327917,0.13
327928,0.11
327947,0.07
327949,0.11
327952,0.05
327954,0.1
327962,0.13
327964,0.33
327985,0.02
327996,0.01
327997,0.19
328013,0.02
328017,0.11
328027,0.13
328029,0.12
328042,0.2
328043,0.04
328064,0.11
328072,0.02
328074,0.14
328080,0.0
328086,0.13
328122,0.15
328126,0.03
328127,0.24
328142,0.04
328144,0.03
328150,0.13
328154,0.2
328160,0.01
328171,0.05
328179,0.16
328192,0.02
328195,0.07
328196,0.04
328201,0.02
328203,0.07
328217,0.05
328218,0.05
328228,0.07
328231,0.23
328246,0.08
328252,0.13
328255,0.11
328264,0.03
328281,0.11
328282,0.0
328291,0.04
328303,0.13
328305,0.1
328313,0.08
328336,0.13
328340,0.06
328343,0.03
328368,0.26
328372,0.03
328381,0.11
328383,0.06
328385,0.0
328393,0.07
328395,0.06
328409,0.0
328424,0.17
328427,0.12
328456,0.04
328463,0.15
328489,0.2
328491,0.11
328509,0.03
328516,0.12
328524,0.07
328535,0.19
328536,0.01
328539,0.11
328542,0.32
328545,0.21
328549,0.09
328554,0.04
328558,0.09
328571,0.12
328576,0.04
328578,0.09
328588,0.15
328601,0.05
328604,0.04
328624,0.0
328629,0.22
328632,0.01
328634,0.02
328636,0.05
328637,0.11
328647,0.16
328668,0.03
328669,0.01
328678,0.02
328684,0.05
328694,0.03
328705,0.19
328712,0.03
328720,0.07
328729,0.1
328730,0.0
328733,0.1
328758,0.19
328761,0.03
328764,0.03
328777,0.14
328783,0.03
328813,0.15
328819,0.01
328826,0.05
328829,0.1
328834,0.03
328845,0.07
328856,0.05
328865,0.12
328868,0.11
328878,0.22
328896,0.08
328899,0.07
328909,0.13
328914,0.0
328926,0.16
328934,0.17
328935,0.04
328949,0.12
328954,0.1
328957,0.04
328968,0.15
328974,0.08
328984,0.01
328991,0.09
328997,0.15
329000,0.06
329005,0.07
329007,0.03
329018,0.16
329034,0.1
329051,0.08
329052,0.12
329055,0.09
329062,0.11
329064,0.26
329070,0.25
329075,0.03
329078,0.03
329081,0.08
329086,0.16
329101,0.02
329105,0.29
329113,0.16
329119,0.12
329133,0.01
329135,0.01
329138,0.15
329143,0.04
329157,0.08
329165,0.08
329170,0.07
329176,0.14
329177,0.11
329179,0.02
329196,0.15
329209,0.07
329219,0.26
329241,0.11
329245,0.22
329248,0.07
329249,0.1
329251,0.06
329252,0.03
329256,0.06
329261,0.02
329264,0.12
329297,0.12
329310,0.04
329320,0.07
329328,0.0
329340,0.11
329347,0.09
329351,0.15
329356,0.0
329360,0.34
329364,0.1
329365,0.02
329381,0.07
329383,0.28
329385,0.12
329388,0.05
329390,0.07
329393,0.12
329403,0.13
329409,0.16
329418,0.25
329428,0.02
329433,0.02
329439,0.04
329459,0.05
329463,0.06
329475,0.13
329479,0.12
329494,0.33
329500,0.09
329503,0.01
329512,0.01
329514,0.06
329521,0.11
329526,0.16
329531,0.08
329534,0.05
329545,0.02
329553,0.07
329569,0.05
329571,0.14
329580,0.05
329585,0.13
329588,0.11
329603,0.06
329605,0.08
329611,0.08
329613,0.23
329615,0.05
329618,0.1
329623,0.01
329626,0.03
329678,0.07
329690,0.02
329693,0.13
329698,0.25
329700,0.07
329706,0.04
329709,0.06
329713,0.23
329716,0.04
329717,0.09
329719,0.09
329720,0.04
329737,0.06
329741,0.1
329742,0.06
329749,0.22
329765,0.18
329771,0.04
329775,0.05
329779,0.25
329781,0.06
329788,0.11
329798,0.19
329799,0.06
329810,0.13
329811,0.01
329812,0.01
329819,0.13
329822,0.07
329826,0.11
329843,0.02
329846,0.02
329856,0.06
329871,0.09
329882,0.0
329885,0.01
329893,0.06
329898,0.07
329903,0.27
329916,0.06
329918,0.02
329934,0.03
329942,0.0
329949,0.12
329958,0.3
329965,0.22
329969,0.02
329972,0.16
329981,0.13
329988,0.13
329989,0.1
330004,0.13
330006,0.1
330014,0.14
330025,0.22
330040,0.01
330047,0.07
330070,0.17
330074,0.02
330075,0.06
330085,0.06
330095,0.17
330106,0.15
330119,0.09
330122,0.0
330129,0.15
330145,0.17
330148,0.03
330154,0.05
330156,0.06
330162,0.11
330164,0.05
330187,0.07
330188,0.14
330189,0.08
330192,0.07
330193,0.02
330200,0.07
330205,0.03
330207,0.07
330220,0.03
330228,0.3
330243,0.02
330245,0.07
330270,0.0
330272,0.16
330279,0.09
330288,0.26
330289,0.07
330299,0.01
330308,0.06
330314,0.08
330317,0.03
330322,0.03
330332,0.16
330356,0.14
330358,0.01
330360,0.07
330363,0.11
330364,0.14
330368,0.04
330376,0.07
330378,0.03
330381,0.11
330386,0.19
330387,0.01
330395,0.12
330396,0.14
330406,0.01
330423,0.1
330430,0.06
330467,0.09
330469,0.04
330473,0.07
330479,0.11
330486,0.11
330523,0.25
330524,0.1
330540,0.12
330564,0.16
330565,0.02
330567,0.1
330568,0.1
330602,0.17
330616,0.1
330617,0.05
330625,0.06
330635,0.0
330636,0.19
330639,0.08
330661,0.11
330666,0.0
330670,0.04
330682,0.02
330690,0.02
330708,0.04
330726,0.12
330730,0.01
330765,0.05
330776,0.09
330789,0.04
330791,0.0
330803,0.13
330805,0.05
330807,0.07
330821,0.12
330822,0.06
330836,0.14
330837,0.14
330839,0.11
330840,0.0
330861,0.07
330878,0.03
330881,0.0
330888,0.03
330890,0.1
330903,0.28
330904,0.06
330905,0.07
330907,0.04
330915,0.0
330921,0.13
330922,0.07
330925,0.0
330942,0.15
330945,0.09
330957,0.07
330965,0.22
330973,0.15
330979,0.08
330981,0.07
331005,0.04
331018,0.05
331026,0.06
331032,0.01
331033,0.19
331036,0.12
331037,0.03
331048,0.04
331054,0.1
331058,0.0
331063,0.04
331077,0.04
331079,0.03
331081,0.11
331082,0.02
331090,0.03
331110,0.0
331127,0.1
331141,0.0
331153,0.11
331165,0.14
331171,0.07
331179,0.11
331191,0.22
331193,0.15
331197,0.02
331204,0.1
331207,0.15
331212,0.03
331220,0.08
331242,0.1
331244,0.26
331273,0.06
331281,0.02
331289,0.02
331293,0.05
331294,0.04
331299,0.09
331300,0.09
331302,0.07
331322,0.06
331334,0.02
331347,0.03
331353,0.04
331361,0.03
331370,0.15
331379,0.03
331382,0.18
331388,0.25
331390,0.18
331400,0.13
331411,0.04
331431,0.03
331451,0.04
331455,0.01
331456,0.02
331461,0.05
331468,0.03
331480,0.41
331491,0.03
331505,0.17
331508,0.03
331517,0.01
331519,0.03
331526,0.04
331530,0.18
331533,0.03
331554,0.16
331579,0.04
331590,0.03
331599,0.18
331604,0.22
331605,0.04
331611,0.03
331616,0.2
331620,0.08
331623,0.07
331641,0.06
331645,0.09
331657,0.22
331662,0.08
331678,0.03
331684,0.19
331686,0.43
331691,0.02
331697,0.27
331707,0.09
331709,0.05
331716,0.11
331719,0.1
331729,0.15
331735,0.02
331743,0.08
331761,0.03
331772,0.06
331777,0.01
331794,0.07
331813,0.1
331818,0.13
331834,0.06
331848,0.07
331849,0.07
331868,0.17
331875,0.05
331879,0.05
331886,0.03
331888,0.04
331891,0.09
331903,0.1
331905,0.13
331913,0.09
331914,0.07
331937,0.06
331938,0.03
331939,0.03
331944,0.06
331948,0.08
331968,0.03
331976,0.22
331977,0.26
332007,0.07
332014,0.05
332017,0.01
332027,0.16
332033,0.05
332041,0.01
332042,0.13
332047,0.03
332050,0.08
332056,0.01
332071,0.0
332075,0.27
332076,0.05
332077,0.03
332083,0.08
332093,0.34
332111,0.03
332119,0.11
332121,0.16
332135,0.04
332144,0.1
332147,0.01
332155,0.07
332156,0.05
332164,0.18
332166,0.05
332170,0.09
332180,0.2
332181,0.21
332184,0.13
332192,0.2
332204,0.07
332225,0.01
332234,0.06
332243,0.14
332253,0.27
332261,0.04
332266,0.08
332270,0.07
332285,0.2
332290,0.05
332296,0.01
332298,0.11
332302,0.04
332303,0.04
332317,0.1
332318,0.14
332327,0.05
332337,0.06
332351,0.09
332373,0.17
332377,0.02
332384,0.17
332398,0.07
332404,0.06
332405,0.05
332454,0.07
332456,0.09
332464,0.13
332468,0.06
332476,0.09
332482,0.03
332483,0.08
332508,0.04
332519,0.31
332529,0.1
332537,0.17
332545,0.19
332551,0.05
332552,0.11
332570,0.07
332574,0.09
332579,0.04
332607,0.07
332618,0.14
332626,0.06
332628,0.06
332645,0.12
332652,0.2
332666,0.11
332694,0.21
332697,0.08
332698,0.0
332700,0.19
332708,0.07
332714,0.0
332722,0.19
332724,0.04
332730,0.05
332741,0.08
332746,0.06
332754,0.04
332756,0.14
332759,0.01
332764,0.29
332786,0.03
332790,0.0
332816,0.12
332821,0.19
332827,0.17
332829,0.03
332831,0.01
332833,0.08
332834,0.12
332837,0.02
332846,0.12
332860,0.15
332861,0.12
332865,0.27
332882,0.08
332897,0.17
332901,0.06
332904,0.02
332910,0.26
332911,0.04
332912,0.28
332939,0.03
332940,0.02
332952,0.02
332956,0.07
332957,0.09
332958,0.02
332961,0.12
332967,0.18
332974,0.04
332993,0.08
333007,0.01
333012,0.26
333020,0.06
333021,0.23
333035,0.04
333040,0.11
333061,0.04
333073,0.06
333078,0.11
333085,0.22
333086,0.08
333096,0.24
333100,0.12
333112,0.06
333114,0.01
333120,0.28
333142,0.04
333152,0.0
333159,0.11
333178,0.0
333179,0.03
333187,0.04
333191,0.0
333192,0.1
333199,0.02
333211,0.1
333224,0.18
333237,0.19
333238,0.08
333262,0.05
333268,0.01
333275,0.04
333289,0.13
333292,0.27
333303,0.01
333305,0.15
333312,0.16
333316,0.21
333335,0.16
333354,0.04
333356,0.01
333358,0.16
333376,0.12
333378,0.02
333380,0.03
333381,0.16
333388,0.01
333392,0.0
333406,0.36
333410,0.1
333411,0.04
333412,0.07
333428,0.05
333432,0.01
333435,0.05
333442,0.02
333452,0.03
333455,0.1
333456,0.09
333459,0.08
333464,0.15
333466,0.09
333469,0.13
333475,0.0
333476,0.02
333477,0.15
333487,0.06
333490,0.02
333497,0.16
333499,0.0
333500,0.07
333501,0.09
333503,0.2
333513,0.14
333518,0.1
333544,0.01
333546,0.21
333563,0.2
333566,0.07
333568,0.14
333570,0.04
333573,0.09
333574,0.16
333584,0.04
333589,0.2
333594,0.09
333596,0.0
333597,0.05
333615,0.09
333621,0.09
333622,0.16
333629,0.04
333651,0.08
333653,0.17
333664,0.0
333680,0.07
333687,0.25
333688,0.06
333689,0.31
333693,0.1
333695,0.05
333706,0.04
333709,0.1
333713,0.11
333734,0.04
333745,0.24
333752,0.15
333764,0.0
333780,0.04
333789,0.28
333791,0.01
333795,0.13
333799,0.12
333801,0.06
333802,0.13
333803,0.17
333810,0.08
333837,0.05
333842,0.17
333843,0.08
333845,0.05
333852,0.16
333859,0.03
333885,0.13
333896,0.09
333904,0.06
333908,0.01
333913,0.06
333927,0.04
333930,0.02
333935,0.09
333952,0.12
333953,0.19
333966,0.13
333968,0.05
333988,0.04
334013,0.04
334027,0.2
334030,0.08
334032,0.26
334033,0.05
334042,0.02
334045,0.03
334053,0.01
334055,0.01
334058,0.05
334063,0.12
334070,0.05
334074,0.04
334080,0.13
334086,0.08
334092,0.02
334099,0.03
334101,0.12
334103,0.04
334104,0.12
334109,0.12
334125,0.11
334130,0.15
334138,0.07
334161,0.02
334164,0.05
334169,0.13
334171,0.02
334185,0.13
334186,0.09
334209,0.09
334211,0.14
334230,0.09
334231,0.09
334237,0.27
334241,0.2
334244,0.34
334247,0.06
334250,0.01
334252,0.03
334273,0.08
334282,0.03
334285,0.08
334286,0.02
334292,0.05
334296,0.03
334299,0.0
334300,0.11
334305,0.03
334307,0.14
334311,0.11
334315,0.05
334343,0.06
334344,0.21
334345,0.05
334350,0.07
334353,0.03
334365,0.07
334372,0.14
334374,0.02
334375,0.09
334382,0.1
334387,0.04
334391,0.16
334397,0.12
334407,0.03
334415,0.04
334417,0.04
334419,0.05
334431,0.08
334435,0.11
334446,0.31
334447,0.05
334457,0.04
334459,0.16
334471,0.01
334474,0.01
334481,0.04
334483,0.01
334486,0.04
334490,0.26
334492,0.1
334494,0.03
334512,0.07
334522,0.03
334527,0.02
334534,0.04
334537,0.06
334539,0.1
334552,0.08
334555,0.15
334565,0.2
334580,0.01
334585,0.03
334589,0.07
334594,0.1
334600,0.05
334603,0.06
334613,0.14
334621,0.22
334628,0.08
334631,0.14
334634,0.09
334635,0.07
334659,0.12
334660,0.06
334664,0.17
334671,0.15
334693,0.05
334695,0.12
334703,0.11
334718,0.16
334728,0.19
334732,0.15
334733,0.06
334735,0.04
334748,0.14
334756,0.15
334764,0.13
334766,0.05
334787,0.04
334803,0.05
334806,0.06
334817,0.12
334825,0.08
334831,0.1
334836,0.03
334845,0.07
334857,0.03
334868,0.03
334871,0.02
334873,0.12
334881,0.13
334886,0.1
334898,0.16
334899,0.04
334901,0.2
334916,0.12
334923,0.18
334933,0.13
334938,0.2
334955,0.12
334963,0.36
334974,0.08
334986,0.04
334994,0.07
334995,0.14
335001,0.07
335005,0.11
335009,0.05
335014,0.06
335015,0.02
335017,0.24
335025,0.12
335027,0.02
335055,0.11
335058,0.07
335072,0.12
335073,0.08
335081,0.12
335091,0.02
335096,0.0
335097,0.05
335099,0.1
335113,0.03
335136,0.11
335140,0.02
335141,0.19
335143,0.39
335155,0.05
335170,0.07
335176,0.09
335181,0.12
335183,0.04
335192,0.02
335196,0.25
335198,0.02
335203,0.03
335204,0.25
335218,0.09
335222,0.04
335223,0.19
335229,0.08
335231,0.08
335236,0.13
335253,0.11
335257,0.07
335262,0.02
335263,0.06
335273,0.01
335276,0.06
335278,0.03
335295,0.03
335301,0.0
335303,0.0
335305,0.17
335310,0.18
335313,0.0
335314,0.03
335319,0.04
335321,0.21
335331,0.22
335332,0.04
335333,0.04
335337,0.15
335342,0.14
335347,0.01
335351,0.13
335356,0.03
335366,0.05
335369,0.0
335377,0.08
335388,0.15
335395,0.13
335397,0.06
335411,0.09
335419,0.01
335425,0.02
335427,0.09
335443,0.01
335446,0.03
335448,0.04
335451,0.29
335458,0.03
335459,0.02
335460,0.1
335463,0.03
335471,0.07
335477,0.1
335478,0.12
335484,0.08
335490,0.05
335495,0.18
335506,0.09
335507,0.08
335518,0.09
335533,0.07
335537,0.15
335538,0.02
335549,0.03
335553,0.2
335561,0.14
335564,0.0
335573,0.13
335577,0.0
335579,0.01
335585,0.1
335590,0.02
335594,0.03
335598,0.05
335601,0.01
335608,0.1
335616,0.09
335640,0.03
335645,0.09
335653,0.17
335683,0.0
335692,0.07
335713,0.01
335726,0.06
335727,0.25
335728,0.08
335732,0.08
335736,0.07
335747,0.01
335754,0.02
335755,0.02
335761,0.03
335775,0.13
335778,0.16
335779,0.09
335787,0.06
335805,0.11
335807,0.13
335808,0.09
335815,0.11
335818,0.12
335835,0.18
335849,0.01
335850,0.08
335851,0.08
335852,0.02
335856,0.13
335857,0.04
335863,0.06
335871,0.11
335879,0.05
335885,0.04
335887,0.11
335893,0.27
335906,0.13
335912,0.0
335921,0.05
335944,0.07
335952,0.03
335955,0.02
335956,0.03
335957,0.09
335958,0.01
335962,0.33
335963,0.07
335964,0.07
335971,0.05
335973,0.05
335975,0.06
335981,0.12
335983,0.28
336016,0.03
336038,0.12
336039,0.05
336041,0.03
336061,0.15
336063,0.02
336067,0.05
336071,0.16
336089,0.07
336095,0.14
336096,0.16
336101,0.0
336117,0.03
336118,0.04
336120,0.15
336137,0.07
336155,0.02
336156,0.34
336159,0.02
336178,0.12
336183,0.29
336194,0.01
336195,0.13
336199,0.17
336209,0.15
336213,0.06
336214,0.18
336215,0.02
336220,0.02
336253,0.16
336260,0.11
336263,0.02
336265,0.03
336273,0.1
336277,0.06
336280,0.09
336295,0.04
336308,0.02
336309,0.01
336316,0.06
336319,0.04
336321,0.01
336322,0.15
336323,0.07
336340,0.12
336344,0.17
336352,0.03
336361,0.18
336367,0.05
336382,0.13
336383,0.11
336393,0.01
336407,0.07
336413,0.07
336418,0.2
336426,0.13
336427,0.01
336436,0.1
336443,0.01
336445,0.02
336447,0.0
336451,0.11
336464,0.11
336484,0.0
336491,0.16
336492,0.01
336493,0.02
336494,0.02
336499,0.02
336524,0.06
336527,0.19
336534,0.39
336544,0.04
336553,0.22
336558,0.1
336565,0.04
336569,0.06
336580,0.18
336586,0.07
336592,0.06
336604,0.05
336610,0.06
336623,0.11
336634,0.11
336635,0.13
336641,0.21
336660,0.01
336673,0.03
336686,0.07
336693,0.02
336701,0.0
336704,0.09
336711,0.15
336715,0.08
336717,0.04
336722,0.01
336724,0.07
336741,0.2
336745,0.07
336757,0.13
336764,0.24
336767,0.06
336783,0.02
336786,0.14
336791,0.05
336792,0.29
336813,0.12
336822,0.2
336823,0.13
336832,0.0
336843,0.05
336858,0.08
336870,0.24
336876,0.15
336885,0.11
336887,0.12
336891,0.04
336903,0.17
336916,0.05
336917,0.08
336922,0.02
336925,0.0
336931,0.14
336938,0.03
336950,0.23
336955,0.06
336956,0.02
336959,0.0
336966,0.27
336971,0.11
336978,0.01
336983,0.0
336986,0.13
336996,0.17
337003,0.08
337007,0.09
337029,0.11
337034,0.03
337039,0.09
337057,0.11
337058,0.06
337062,0.18
337080,0.03
337087,0.0
337105,0.05
337108,0.04
337120,0.16
337125,0.18
337142,0.01
337159,0.08
337160,0.05
337168,0.11
337170,0.05
337171,0.15
337178,0.17
337188,0.13
337191,0.1
337200,0.08
337207,0.06
337210,0.14
337218,0.01
337221,0.02
337237,0.02
337241,0.29
337244,0.14
337273,0.1
337294,0.12
337295,0.05
337298,0.05
337310,0.02
337326,0.08
337338,0.58
337343,0.2
337360,0.07
337369,0.27
337375,0.11
337386,0.11
337388,0.28
337405,0.06
337408,0.03
337412,0.0
337416,0.08
337418,0.08
337442,0.3
337449,0.03
337457,0.01
337460,0.04
337474,0.02
337499,0.1
337506,0.08
337512,0.12
337527,0.23
337528,0.01
337530,0.06
337539,0.07
337546,0.01
337551,0.23
337569,0.04
337576,0.03
337582,0.1
337590,0.06
337599,0.02
337600,0.12
337601,0.23
337608,0.06
337614,0.26
337619,0.2
337625,0.27
337629,0.17
337635,0.12
337642,0.01
337663,0.15
337665,0.18
337668,0.03
337700,0.13
337746,0.04
337761,0.03
337779,0.16
337788,0.08
337790,0.06
337793,0.03
337802,0.16
337807,0.01
337821,0.07
337840,0.05
337846,0.11
337848,0.24
337864,0.06
337866,0.1
337868,0.02
337878,0.03
337890,0.08
337896,0.1
337901,0.06
337905,0.07
337914,0.16
337953,0.03
337969,0.03
337984,0.08
337995,0.12
338009,0.03
338018,0.06
338022,0.06
338028,0.17
338029,0.04
338044,0.03
338050,0.04
338052,0.21
338073,0.18
338076,0.03
338084,0.02
338086,0.1
338094,0.03
338097,0.13
338099,0.11
338126,0.0
338127,0.25
338137,0.18
338146,0.03
338161,0.03
338164,0.13
338174,0.07
338179,0.23
338181,0.04
338188,0.01
338189,0.16
338193,0.19
338199,0.04
338202,0.16
338204,0.16
338210,0.11
338229,0.04
338240,0.09
338250,0.07
338253,0.2
338254,0.0
338268,0.05
338290,0.15
338293,0.13
338297,0.01
338301,0.01
338306,0.03
338314,0.03
338318,0.07
338325,0.21
338340,0.14
338341,0.1
338351,0.08
338352,0.31
338368,0.12
338381,0.03
338404,0.0
338409,0.08
338417,0.06
338418,0.24
338426,0.01
338431,0.03
338435,0.01
338463,0.04
338465,0.19
338467,0.18
338479,0.29
338495,0.22
338510,0.04
338526,0.02
338528,0.11
338530,0.12
338539,0.01
338543,0.24
338554,0.06
338557,0.04
338581,0.22
338589,0.13
338595,0.28
338597,0.14
338604,0.13
338607,0.02
338613,0.09
338615,0.02
338628,0.15
338636,0.19
338642,0.07
338669,0.09
338671,0.08
338675,0.09
338676,0.27
338690,0.03
338696,0.05
338702,0.34
338703,0.05
338709,0.06
338719,0.04
338725,0.19
338727,0.06
338732,0.01
338749,0.02
338773,0.04
338774,0.05
338784,0.15
338789,0.09
338792,0.26
338804,0.17
338808,0.14
338822,0.03
338824,0.09
338833,0.14
338836,0.09
338840,0.15
338842,0.06
338843,0.02
338847,0.11
338849,0.26
338857,0.15
338860,0.22
338872,0.09
338874,0.13
338878,0.06
338895,0.05
338896,0.11
338904,0.27
338920,0.08
338931,0.04
338938,0.04
338955,0.06
338962,0.08
338969,0.19
338976,0.02
338994,0.07
339011,0.1
339014,0.05
339017,0.02
339018,0.38
339030,0.14
339038,0.03
339060,0.02
339079,0.07
339082,0.02
339099,0.02
339103,0.1
339105,0.06
339107,0.06
339121,0.17
339148,0.08
339152,0.08
339154,0.04
339170,0.12
339186,0.08
339187,0.04
339193,0.09
339196,0.17
339199,0.03
339203,0.31
339216,0.05
339228,0.06
339232,0.12
339237,0.09
339240,0.1
339242,0.1
339245,0.06
339252,0.15
339256,0.04
339258,0.14
339260,0.1
339263,0.1
339268,0.06
339269,0.13
339286,0.21
339304,0.05
339307,0.1
339317,0.08
339330,0.13
339346,0.27
339380,0.01
339381,0.13
339382,0.1
339391,0.05
339396,0.0
339406,0.04
339407,0.04
339409,0.07
339410,0.07
339425,0.07
339427,0.14
339433,0.03
339443,0.04
339449,0.01
339452,0.04
339453,0.07
339455,0.06
339457,0.07
339477,0.05
339483,0.09
339487,0.32
339490,0.0
339518,0.18
339523,0.14
339529,0.03
339541,0.06
339544,0.26
339546,0.12
339559,0.11
339563,0.06
339573,0.06
339591,0.05
339593,0.1
339599,0.07
339604,0.04
339615,0.01
339621,0.11
339625,0.22
339642,0.11
339647,0.24
339650,0.21
339656,0.03
339659,0.19
339681,0.15
339683,0.08
339684,0.04
339689,0.01
339694,0.0
339699,0.14
339718,0.12
339727,0.1
339735,0.04
339736,0.07
339745,0.07
339755,0.08
339758,0.04
339770,0.03
339772,0.24
339778,0.06
339786,0.09
339787,0.3
339788,0.1
339799,0.03
339814,0.03
339837,0.04
339842,0.08
339845,0.18
339852,0.1
339857,0.07
339864,0.18
339872,0.03
339873,0.0
339874,0.02
339875,0.08
339879,0.17
339884,0.15
339888,0.07
339891,0.12
339905,0.01
339920,0.07
339934,0.27
339938,0.07
339948,0.01
339949,0.06
339953,0.04
339954,0.2
339957,0.17
339958,0.18
339971,0.1
339975,0.05
339978,0.07
339984,0.05
339993,0.12
340009,0.24
340012,0.03
340019,0.0
340031,0.06
340041,0.21
340045,0.02
340046,0.23
340067,0.01
340079,0.06
340081,0.15
340082,0.1
340090,0.07
340091,0.1
340099,0.02
340104,0.09
340109,0.06
340123,0.26
340146,0.03
340162,0.09
340167,0.06
340181,0.02
340194,0.01
340195,0.04
340198,0.04
340202,0.34
340203,0.24
340219,0.13
340221,0.07
340224,0.06
340239,0.0
340248,0.11
340262,0.05
340264,0.06
340277,0.27
340285,0.02
340292,0.08
340356,0.17
340365,0.09
340375,0.04
340377,0.02
340378,0.1
340385,0.17
340387,0.09
340388,0.17
340405,0.03
340407,0.08
340408,0.1
340416,0.1
340420,0.0
340421,0.2
340425,0.08
340430,0.04
340448,0.4
340451,0.07
340456,0.03
340457,0.02
340459,0.03
340460,0.05
340463,0.04
340464,0.11
340486,0.1
340503,0.07
340504,0.0
340505,0.04
340507,0.1
340509,0.02
340511,0.12
340513,0.19
340516,0.33
340529,0.04
340535,0.11
340542,0.17
340545,0.16
340546,0.36
340556,0.06
340567,0.17
340576,0.05
340577,0.06
340586,0.04
340587,0.18
340594,0.08
340610,0.28
340611,0.01
340614,0.18
340625,0.05
340630,0.18
340640,0.03
340667,0.11
340674,0.04
340679,0.18
340683,0.15
340686,0.17
340698,0.06
340708,0.0
340717,0.15
340718,0.02
340720,0.08
340726,0.04
340746,0.21
340747,0.03
340768,0.12
340769,0.13
340772,0.27
340774,0.06
340778,0.09
340806,0.06
340816,0.04
340823,0.14
340826,0.04
340838,0.37
340840,0.05
340842,0.04
340844,0.05
340845,0.1
340853,0.29
340855,0.24
340857,0.02
340858,0.05
340864,0.04
340899,0.1
340901,0.02
340909,0.11
340921,0.02
340925,0.06
340953,0.05
340954,0.04
340961,0.1
340963,0.2
340975,0.1
340977,0.01
340996,0.06
341009,0.06
341013,0.03
341020,0.09
341024,0.05
341031,0.1
341038,0.13
341042,0.16
341050,0.04
341063,0.09
341066,0.01
341067,0.04
341070,0.11
341075,0.09
341089,0.07
341091,0.03
341122,0.04
341132,0.09
341135,0.06
341150,0.24
341168,0.26
341172,0.26
341182,0.09
341183,0.03
341187,0.14
341192,0.08
341194,0.04
341201,0.05
341226,0.13
341228,0.12
341231,0.05
341235,0.05
341237,0.03
341251,0.08
341278,0.03
341284,0.04
341285,0.09
341294,0.02
341296,0.11
341297,0.02
341298,0.04
341302,0.07
341304,0.14
341307,0.03
341314,0.07
341324,0.02
341332,0.37
341342,0.13
341347,0.02
341356,0.0
341358,0.2
341365,0.06
341368,0.14
341372,0.02
341374,0.08
341380,0.01
341381,0.12
341390,0.06
341398,0.1
341401,0.15
341406,0.21
341413,0.05
341419,0.05
341421,0.09
341427,0.07
341429,0.08
341434,0.19
341437,0.0
341444,0.15
341447,0.01
341452,0.12
341458,0.17
341475,0.08
341478,0.05
341495,0.0
341503,0.01
341520,0.01
341525,0.11
341544,0.05
341545,0.07
341548,0.07
341551,0.01
341552,0.1
341562,0.15
341574,0.15
341577,0.02
341585,0.09
341616,0.02
341630,0.04
341631,0.05
341640,0.23
341651,0.04
341653,0.04
341655,0.24
341659,0.01
341696,0.13
341705,0.26
341717,0.07
341720,0.28
341728,0.04
341729,0.05
341737,0.03
341758,0.03
341765,0.05
341780,0.17
341785,0.26
341787,0.1
341790,0.04
341796,0.01
341805,0.09
341811,0.19
341823,0.16
341828,0.19
341841,0.05
341865,0.18
341873,0.05
341891,0.01
341899,0.08
341906,0.02
341917,0.02
341926,0.17
341931,0.05
341934,0.06
341939,0.19
341943,0.03
341962,0.08
341967,0.13
341971,0.06
341990,0.03
341997,0.05
342001,0.03
342010,0.1
342042,0.14
342052,0.11
342084,0.11
342089,0.05
342091,0.02
342099,0.02
342109,0.08
342111,0.04
342119,0.02
342120,0.12
342125,0.1
342127,0.12
342128,0.08
342135,0.08
342136,0.06
342138,0.19
342148,0.06
342153,0.13
342154,0.06
342157,0.08
342163,0.03
342168,0.05
342173,0.27
342182,0.08
342185,0.08
342194,0.18
342198,0.06
342210,0.06
342214,0.18
342220,0.03
342222,0.12
342223,0.15
342230,0.08
342239,0.01
342247,0.1
342248,0.2
342252,0.05
342257,0.22
342271,0.19
342272,0.03
342290,0.03
342295,0.1
342297,0.01
342298,0.0
342301,0.03
342305,0.05
342308,0.02
342314,0.03
342322,0.11
342340,0.03
342350,0.1
342353,0.01
342358,0.09
342377,0.04
342378,0.09
342382,0.13
342390,0.14
342396,0.25
342439,0.26
342442,0.11
342447,0.11
342449,0.06
342450,0.23
342451,0.08
342454,0.03
342455,0.12
342467,0.03
342476,0.28
342481,0.09
342498,0.08
342503,0.05
342510,0.01
342513,0.02
342523,0.07
342527,0.23
342555,0.13
342566,0.09
342584,0.03
342593,0.03
342600,0.04
342611,0.05
342614,0.05
342637,0.17
342639,0.06
342656,0.23
342669,0.11
342684,0.08
342686,0.2
342690,0.22
342693,0.03
342701,0.32
342702,0.23
342703,0.1
342706,0.03
342711,0.0
342730,0.05
342744,0.03
342753,0.07
342769,0.11
342779,0.42
342788,0.12
342792,0.01
342794,0.07
342795,0.07
342799,0.0
342802,0.29
342803,0.07
342812,0.08
342820,0.22
342824,0.06
342835,0.22
342836,0.11
342851,0.06
342860,0.0
342862,0.18
342870,0.21
342873,0.0
342894,0.04
342916,0.0
342950,0.12
342970,0.04
342971,0.07
342980,0.01
342981,0.02
343004,0.14
343044,0.01
343045,0.39
343072,0.02
343078,0.09
343080,0.11
343085,0.11
343126,0.01
343137,0.05
343139,0.01
343144,0.05
343155,0.03
343163,0.02
343165,0.09
343190,0.11
343205,0.03
343221,0.04
343226,0.06
343233,0.12
343236,0.04
343241,0.01
343245,0.07
343256,0.23
343260,0.11
343276,0.1
343298,0.07
343299,0.04
343310,0.2
343312,0.02
343317,0.17
343319,0.02
343324,0.12
343345,0.09
343348,0.09
343354,0.1
343363,0.05
343365,0.36
343376,0.01
343380,0.11
343401,0.0
343412,0.02
343414,0.05
343415,0.12
343418,0.08
343419,0.09
343421,0.03
343423,0.02
343432,0.01
343436,0.02
343440,0.21
343458,0.08
343470,0.07
343471,0.1
343480,0.13
343484,0.02
343492,0.31
343500,0.08
343503,0.04
343522,0.08
343525,0.05
343562,0.24
343577,0.12
343580,0.02
343591,0.02
343594,0.08
343602,0.23
343611,0.01
343615,0.12
343639,0.05
343643,0.11
343645,0.01
343647,0.05
343669,0.01
343683,0.04
343702,0.32
343703,0.05
343704,0.03
343710,0.02
343724,0.26
343730,0.09
343742,0.1
343743,0.12
343745,0.14
343775,0.08
343783,0.0
343794,0.08
343795,0.0
343816,0.01
343820,0.19
343823,0.22
343836,0.08
343845,0.04
343888,0.09
343893,0.13
343898,0.06
343914,0.06
343918,0.02
343920,0.09
343928,0.0
343931,0.01
343968,0.08
343990,0.11
343991,0.04
343996,0.11
344002,0.05
344004,0.08
344008,0.22
344011,0.05
344013,0.23
344014,0.05
344015,0.12
344016,0.03
344019,0.1
344026,0.03
344027,0.02
344029,0.11
344039,0.18
344041,0.16
344042,0.05
344047,0.08
344053,0.25
344055,0.01
344060,0.05
344064,0.09
344067,0.06
344080,0.06
344083,0.05
344088,0.01
344090,0.07
344093,0.06
344099,0.11
344113,0.1
344114,0.11
344119,0.06
344121,0.15
344135,0.08
344138,0.04
344159,0.09
344172,0.05
344176,0.11
344192,0.02
344202,0.09
344219,0.12
344225,0.15
344229,0.28
344240,0.03
344241,0.09
344249,0.06
344252,0.28
344256,0.18
344260,0.09
344264,0.11
344267,0.06
344275,0.08
344283,0.07
344292,0.06
344296,0.18
344297,0.11
344299,0.14
344303,0.07
344313,0.04
344315,0.06
344317,0.04
344323,0.04
344328,0.17
344339,0.16
344343,0.14
344345,0.07
344356,0.24
344358,0.11
344359,0.18
344366,0.27
344370,0.01
344382,0.03
344383,0.04
344386,0.13
344388,0.17
344393,0.06
344395,0.19
344401,0.08
344402,0.12
344404,0.03
344422,0.05
344427,0.08
344433,0.02
344444,0.19
344454,0.06
344460,0.05
344480,0.02
344483,0.1
344488,0.09
344496,0.15
344504,0.15
344516,0.1
344524,0.12
344540,0.12
344542,0.06
344550,0.03
344558,0.09
344561,0.09
344568,0.19
344571,0.03
344621,0.04
344633,0.14
344635,0.16
344660,0.09
344662,0.1
344681,0.0
344683,0.26
344685,0.02
344716,0.29
344726,0.11
344749,0.04
344750,0.14
344752,0.06
344760,0.03
344762,0.18
344768,0.03
344770,0.15
344772,0.36
344778,0.12
344783,0.12
344793,0.06
344814,0.03
344815,0.05
344818,0.02
344819,0.05
344826,0.19
344828,0.16
344835,0.19
344864,0.09
344869,0.19
344875,0.32
344883,0.01
344885,0.04
344887,0.03
344889,0.06
344892,0.18
344895,0.02
344913,0.1
344934,0.02
344939,0.28
344947,0.08
344964,0.2
344969,0.15
344973,0.08
344977,0.09
344978,0.04
344991,0.14
345010,0.11
345011,0.06
345012,0.15
345020,0.15
345021,0.04
345042,0.09
345046,0.02
345070,0.03
345078,0.23
345085,0.11
345087,0.06
345093,0.03
345094,0.27
345097,0.06
345107,0.04
345109,0.26
345117,0.05
345118,0.1
345126,0.12
345142,0.03
345143,0.14
345149,0.05
345150,0.01
345154,0.23
345174,0.04
345184,0.13
345193,0.05
345196,0.1
345202,0.06
345207,0.11
345209,0.19
345211,0.06
345212,0.08
345213,0.0
345218,0.03
345228,0.02
345234,0.02
345251,0.01
345252,0.0
345260,0.01
345269,0.0
345275,0.04
345300,0.02
345305,0.05
345306,0.33
345310,0.09
345315,0.17
345324,0.07
345329,0.05
345359,0.22
345360,0.1
345364,0.05
345385,0.18
345387,0.02
345390,0.06
345402,0.07
345404,0.18
345405,0.12
345416,0.03
345425,0.24
345432,0.24
345437,0.22
345442,0.06
345450,0.09
345458,0.05
345467,0.11
345468,0.16
345470,0.2
345478,0.06
345479,0.14
345482,0.08
345489,0.06
345492,0.06
345499,0.08
345502,0.02
345515,0.04
345538,0.03
345542,0.08
345548,0.04
345550,0.01
345552,0.06
345557,0.02
345560,0.01
345563,0.08
345564,0.28
345580,0.03
345582,0.02
345583,0.03
345604,0.11
345622,0.0
345630,0.14
345634,0.08
345643,0.17
345646,0.0
345685,0.12
345687,0.0
345694,0.05
345717,0.11
345718,0.08
345726,0.02
345733,0.12
345738,0.08
345754,0.03
345761,0.06
345771,0.05
345778,0.05
345780,0.35
345788,0.19
345796,0.13
345800,0.15
345808,0.17
345812,0.04
345821,0.05
345822,0.07
345843,0.29
345853,0.13
345854,0.02
345857,0.02
345858,0.18
345867,0.1
345884,0.23
345892,0.06
345893,0.1
345896,0.04
345902,0.06
345906,0.2
345913,0.03
345916,0.01
345922,0.01
345923,0.31
345924,0.11
345935,0.1
345941,0.05
345948,0.27
345953,0.06
345958,0.05
345962,0.04
345966,0.16
345973,0.05
345976,0.31
345989,0.01
345999,0.03
346003,0.1
346014,0.07
346027,0.0
346036,0.29
346048,0.02
346052,0.05
346057,0.02
346058,0.13
346064,0.24
346076,0.16
346079,0.04
346081,0.04
346091,0.0
346099,0.39
346104,0.03
346111,0.03
346117,0.14
346118,0.21
346126,0.01
346135,0.31
346141,0.06
346150,0.13
346153,0.1
346155,0.08
346164,0.01
346166,0.28
346173,0.09
346179,0.04
346184,0.01
346188,0.08
346201,0.11
346207,0.05
346213,0.03
346219,0.0
346245,0.04
346271,0.08
346273,0.09
346290,0.06
346300,0.11
346314,0.06
346328,0.06
346329,0.23
346338,0.04
346340,0.05
346341,0.07
346347,0.08
346358,0.23
346362,0.06
346373,0.03
346377,0.29
346379,0.25
346384,0.11
346387,0.11
346392,0.04
346396,0.03
346402,0.14
346405,0.08
346407,0.1
346409,0.04
346414,0.09
346423,0.04
346424,0.02
346428,0.0
346443,0.1
346444,0.01
346446,0.14
346449,0.08
346456,0.06
346476,0.05
346477,0.06
346480,0.04
346492,0.11
346526,0.06
346536,0.02
346539,0.02
346543,0.21
346544,0.02
346546,0.01
346591,0.18
346598,0.05
346599,0.09
346618,0.19
346620,0.03
346623,0.06
346631,0.01
346639,0.02
346657,0.07
346661,0.12
346671,0.0
346672,0.09
346694,0.12
346712,0.18
346714,0.08
346723,0.05
346727,0.16
346729,0.04
346747,0.09
346765,0.12
346775,0.11
346784,0.25
346797,0.14
346799,0.08
346802,0.02
346807,0.14
346822,0.0
346828,0.14
346836,0.07
346838,0.08
346841,0.27
346843,0.03
346848,0.2
346850,0.02
346851,0.03
346855,0.05
346856,0.05
346860,0.21
346870,0.15
346881,0.11
346884,0.05
346887,0.02
346890,0.03
346904,0.1
346912,0.04
346914,0.21
346923,0.0
346924,0.12
346926,0.06
346934,0.04
346936,0.04
346951,0.03
346952,0.14
346970,0.02
346982,0.15
346993,0.0
347013,0.06
347018,0.07
347021,0.07
347031,0.02
347033,0.32
347039,0.07
347045,0.05
347046,0.06
347058,0.03
347071,0.08
347078,0.07
347079,0.09
347097,0.08
347101,0.09
347120,0.2
347121,0.07
347133,0.03
347161,0.08
347163,0.14
347173,0.07
347175,0.04
347181,0.03
347193,0.13
347196,0.31
347204,0.22
347205,0.06
347217,0.24
347229,0.0
347255,0.04
347261,0.02
347266,0.1
347283,0.05
347286,0.04
347302,0.0
347304,0.13
347321,0.13
347323,0.04
347331,0.14
347340,0.18
347350,0.04
347374,0.16
347379,0.03
347404,0.08
347415,0.07
347438,0.2
347439,0.01
347443,0.21
347450,0.13
347456,0.03
347458,0.22
347463,0.0
347471,0.01
347476,0.17
347482,0.06
347483,0.02
347492,0.12
347498,0.05
347499,0.12
347501,0.15
347521,0.05
347527,0.01
347531,0.04
347540,0.07
347556,0.11
347575,0.05
347579,0.01
347581,0.11
347583,0.01
347611,0.05
347614,0.09
347621,0.0
347629,0.32
347639,0.05
347642,0.04
347650,0.07
347665,0.0
347674,0.09
347678,0.18
347689,0.13
347690,0.01
347708,0.06
347712,0.16
347722,0.12
347728,0.06
347734,0.08
347736,0.06
347747,0.04
347748,0.0
347753,0.08
347755,0.18
347756,0.11
347757,0.0
347763,0.17
347770,0.06
347771,0.08
347784,0.04
347792,0.14
347793,0.04
347801,0.02
347808,0.13
347821,0.0
347824,0.04
347829,0.08
347841,0.32
347845,0.01
347846,0.27
347853,0.2
347854,0.08
347858,0.13
347859,0.03
347864,0.02
347869,0.03
347876,0.16
347880,0.04
347884,0.0
347888,0.02
347893,0.01
347900,0.06
347902,0.2
347910,0.05
347912,0.03
347915,0.05
347916,0.06
347919,0.03
347923,0.01
347952,0.2
348002,0.2
348003,0.04
348008,0.15
348014,0.01
348027,0.1
348031,0.09
348051,0.22
348060,0.0
348064,0.08
348066,0.12
348069,0.17
348077,0.22
348081,0.03
348087,0.13
348088,0.06
348094,0.1
348100,0.08
348119,0.06
348122,0.11
348141,0.17
348145,0.01
348154,0.01
348158,0.06
348163,0.23
348176,0.1
348177,0.14
348181,0.08
348190,0.1
348195,0.25
348197,0.15
348200,0.0
348209,0.03
348216,0.0
348217,0.14
348223,0.21
348228,0.17
348230,0.01
348249,0.05
348251,0.15
348261,0.1
348264,0.02
348271,0.13
348273,0.07
348280,0.07
348283,0.13
348285,0.06
348306,0.04
348312,0.16
348327,0.02
348328,0.16
348344,0.06
348358,0.02
348361,0.09
348362,0.16
348364,0.03
348370,0.02
348380,0.11
348400,0.29
348420,0.2
348428,0.03
348430,0.08
348445,0.03
348460,0.16
348462,0.05
348465,0.08
348481,0.05
348482,0.0
348485,0.12
348491,0.05
348492,0.26
348522,0.15
348531,0.13
348536,0.06
348546,0.18
348547,0.06
348548,0.03
348551,0.01
348554,0.27
348564,0.03
348571,0.1
348577,0.12
348593,0.07
348595,0.15
348606,0.01
348621,0.12
348630,0.02
348633,0.27
348644,0.08
348646,0.05
348680,0.1
348692,0.07
348698,0.25
348703,0.17
348712,0.06
348726,0.33
348727,0.03
348731,0.01
348733,0.08
348747,0.24
348753,0.0
348756,0.16
348760,0.25
348771,0.03
348785,0.09
348789,0.07
348793,0.08
348797,0.01
348799,0.01
348811,0.04
348812,0.09
348818,0.01
348822,0.02
348833,0.04
348849,0.01
348875,0.11
348878,0.03
348879,0.06
348884,0.17
348887,0.14
348890,0.15
348901,0.11
348911,0.22
348936,0.04
348941,0.05
348949,0.08
348950,0.01
348952,0.01
348954,0.07
348971,0.06
348979,0.52
348985,0.06
348989,0.23
348999,0.1
349006,0.16
349013,0.09
349015,0.0
349024,0.07
349033,0.02
349047,0.03
349060,0.04
349065,0.06
349071,0.13
349081,0.07
349088,0.04
349093,0.04
349101,0.1
349107,0.17
349113,0.03
349123,0.05
349125,0.03
349129,0.1
349131,0.07
349132,0.0
349163,0.22
349168,0.09
349172,0.08
349187,0.06
349192,0.16
349193,0.02
349203,0.06
349227,0.1
349234,0.09
349248,0.08
349249,0.07
349254,0.06
349259,0.12
349265,0.1
349276,0.02
349281,0.04
349283,0.06
349288,0.19
349297,0.15
349299,0.03
349304,0.02
349306,0.05
349310,0.1
349314,0.03
349320,0.13
349326,0.18
349329,0.09
349337,0.1
349357,0.07
349363,0.1
349374,0.1
349375,0.12
349394,0.06
349399,0.01
349404,0.02
349419,0.1
349422,0.21
349425,0.19
349432,0.01
349433,0.21
349436,0.03
349437,0.01
349439,0.02
349484,0.03
349488,0.04
349490,0.21
349538,0.04
349541,0.06
349543,0.12
349552,0.14
349560,0.11
349565,0.18
349570,0.07
349586,0.02
349589,0.14
349592,0.18
349596,0.05
349598,0.1
349601,0.05
349608,0.3
349615,0.11
349645,0.08
349654,0.05
349671,0.03
349679,0.01
349693,0.21
349706,0.14
349707,0.01
349708,0.08
349719,0.03
349727,0.18
349730,0.07
349735,0.14
349744,0.23
349745,0.11
349760,0.15
349765,0.03
349778,0.12
349787,0.03
349802,0.19
349812,0.2
349815,0.04
349847,0.04
349854,0.06
349855,0.06
349872,0.01
349873,0.18
349874,0.07
349886,0.1
349887,0.19
349911,0.06
349916,0.01
349920,0.18
349921,0.12
349929,0.01
349931,0.02
349935,0.08
349939,0.01
349960,0.01
349967,0.24
349969,0.23
349971,0.27
349977,0.02
349979,0.02
349981,0.05
349982,0.26
349992,0.05
349994,0.01
350005,0.01
350006,0.02
350009,0.07
350017,0.07
350021,0.03
350023,0.22
350032,0.16
350033,0.15
350036,0.2
350037,0.08
350048,0.09
350052,0.03
350063,0.0
350077,0.05
350078,0.06
350086,0.25
350087,0.02
350107,0.01
350110,0.06
350114,0.26
350119,0.18
350139,0.03
350154,0.03
350174,0.22
350177,0.02
350190,0.13
350193,0.15
350203,0.07
350206,0.19
350210,0.14
350225,0.05
350242,0.11
350264,0.06
350273,0.06
350277,0.13
350283,0.08
350286,0.03
350288,0.15
350290,0.16
350293,0.04
350310,0.21
350327,0.29
350330,0.16
350334,0.03
350340,0.02
350342,0.16
350344,0.04
350370,0.02
350372,0.15
350376,0.25
350387,0.0
350389,0.04
350395,0.18
350397,0.19
350433,0.05
350436,0.1
350442,0.01
350445,0.03
350446,0.19
350457,0.17
350480,0.05
350481,0.03
350484,0.1
350494,0.14
350511,0.02
350529,0.07
350531,0.06
350535,0.01
350539,0.01
350543,0.14
350544,0.12
350550,0.06
350558,0.19
350569,0.13
350571,0.12
350577,0.06
350582,0.12
350585,0.03
350596,0.07
350598,0.1
350599,0.02
350602,0.07
350612,0.01
350621,0.09
350626,0.08
350628,0.04
350638,0.12
350646,0.25
350652,0.06
350665,0.09
350671,0.06
350677,0.01
350694,0.11
350697,0.23
350699,0.17
350703,0.11
350705,0.24
350708,0.01
350724,0.07
350731,0.09
350740,0.09
350745,0.0
350749,0.08
350754,0.16
350757,0.02
350764,0.02
350766,0.17
350779,0.03
350794,0.18
350805,0.02
350810,0.04
350817,0.08
350825,0.05
350829,0.1
350832,0.05
350841,0.04
350855,0.08
350862,0.01
350867,0.06
350871,0.11
350874,0.11
350891,0.08
350895,0.07
350898,0.08
350899,0.04
350902,0.06
350913,0.06
350916,0.03
350933,0.05
350944,0.1
350954,0.13
350959,0.02
350965,0.09
350969,0.02
350984,0.01
350997,0.04
350999,0.05
351002,0.23
351008,0.01
351014,0.03
351025,0.09
351026,0.05
351046,0.21
351048,0.02
351070,0.06
351073,0.01
351079,0.05
351085,0.47
351091,0.03
351094,0.1
351115,0.02
351117,0.04
351126,0.0
351142,0.06
351151,0.02
351171,0.03
351178,0.23
351186,0.01
351194,0.24
351201,0.02
351223,0.29
351225,0.22
351226,0.08
351227,0.05
351240,0.04
351243,0.13
351244,0.12
351245,0.04
351248,0.06
351252,0.02
351259,0.35
351265,0.07
351291,0.12
351292,0.09
351294,0.14
351298,0.02
351303,0.11
351311,0.02
351326,0.02
351331,0.08
351338,0.15
351339,0.16
351364,0.17
351380,0.17
351383,0.16
351385,0.05
351386,0.04
351389,0.06
351392,0.08
351393,0.06
351407,0.21
351419,0.02
351422,0.01
351423,0.11
351430,0.1
351446,0.0
351454,0.04
351458,0.11
351461,0.09
351489,0.03
351495,0.02
351520,0.06
351526,0.3
351535,0.04
351541,0.01
351567,0.04
351580,0.07
351581,0.26
351584,0.08
351587,0.01
351589,0.05
351593,0.21
351616,0.03
351619,0.05
351625,0.05
351626,0.03
351635,0.02
351641,0.01
351655,0.03
351658,0.13
351669,0.27
351670,0.02
351671,0.01
351680,0.03
351687,0.03
351699,0.04
351722,0.08
351725,0.14
351740,0.09
351747,0.13
351758,0.05
351771,0.01
351780,0.12
351786,0.03
351789,0.19
351796,0.15
351801,0.15
351814,0.0
351817,0.18
351819,0.13
351825,0.17
351830,0.36
351831,0.09
351834,0.06
351836,0.16
351837,0.06
351838,0.02
351839,0.32
351846,0.29
351863,0.13
351864,0.09
351880,0.15
351887,0.03
351891,0.17
351892,0.13
351898,0.59
351907,0.05
351916,0.04
351936,0.02
351937,0.09
351945,0.03
351957,0.04
351958,0.05
351962,0.06
351967,0.19
351970,0.09
351973,0.09
351978,0.01
351984,0.08
351989,0.08
351992,0.16
352015,0.14
352036,0.04
352043,0.25
352049,0.02
352053,0.14
352056,0.05
352058,0.04
352064,0.03
352065,0.09
352075,0.05
352092,0.02
352096,0.02
352097,0.01
352102,0.07
352103,0.07
352117,0.21
352119,0.01
352139,0.15
352145,0.0
352158,0.08
352198,0.11
352199,0.05
352200,0.19
352205,0.03
352241,0.0
352244,0.14
352258,0.09
352260,0.02
352266,0.05
352273,0.21
352283,0.06
352303,0.05
352304,0.08
352351,0.02
352353,0.13
352379,0.06
352389,0.13
352390,0.05
352391,0.16
352403,0.07
352407,0.04
352409,0.33
352421,0.04
352425,0.14
352447,0.09
352450,0.07
352451,0.22
352457,0.02
352468,0.17
352482,0.0
352495,0.03
352501,0.13
352506,0.36
352508,0.2
352522,0.11
352528,0.07
352539,0.04
352540,0.0
352551,0.17
352560,0.19
352561,0.12
352565,0.03
352566,0.19
352584,0.2
352592,0.12
352626,0.11
352650,0.06
352655,0.04
352668,0.35
352670,0.01
352685,0.16
352690,0.07
352692,0.04
352694,0.04
352700,0.18
352701,0.06
352708,0.12
352711,0.11
352734,0.11
352738,0.11
352742,0.05
352745,0.07
352746,0.16
352751,0.17
352762,0.26
352767,0.07
352768,0.1
352785,0.0
352788,0.02
352795,0.14
352814,0.12
352825,0.03
352827,0.15
352828,0.03
352830,0.13
352850,0.03
352890,0.0
352901,0.03
352907,0.06
352909,0.19
352913,0.01
352925,0.02
352927,0.03
352928,0.22
352938,0.16
352942,0.02
352943,0.21
352952,0.03
352958,0.04
352962,0.07
352967,0.07
352972,0.09
352988,0.02
352991,0.17
353002,0.04
353008,0.07
353011,0.01
353014,0.09
353018,0.04
353023,0.01
353029,0.05
353031,0.05
353035,0.17
353037,0.18
353042,0.05
353054,0.07
353078,0.03
353122,0.04
353123,0.11
353140,0.04
353145,0.08
353167,0.13
353177,0.15
353179,0.22
353185,0.02
353194,0.21
353195,0.14
353208,0.2
353210,0.07
353214,0.19
353215,0.33
353240,0.1
353241,0.21
353247,0.05
353259,0.15
353262,0.19
353264,0.13
353278,0.03
353279,0.21
353280,0.13
353287,0.12
353288,0.01
353290,0.06
353299,0.04
353314,0.16
353328,0.1
353340,0.02
353350,0.03
353352,0.02
353364,0.21
353371,0.02
353373,0.05
353374,0.19
353389,0.05
353395,0.27
353419,0.36
353427,0.07
353441,0.13
353454,0.1
353469,0.23
353475,0.2
353481,0.01
353483,0.18
353484,0.05
353488,0.1
353496,0.0
353504,0.08
353505,0.32
353509,0.05
353527,0.06
353574,0.02
353585,0.17
353595,0.04
353598,0.01
353602,0.18
353610,0.13
353618,0.02
353625,0.02
353626,0.11
353631,0.04
353635,0.03
353654,0.01
353682,0.03
353688,0.15
353695,0.06
353711,0.06
353724,0.03
353729,0.02
353732,0.02
353749,0.09
353750,0.02
353752,0.0
353761,0.01
353782,0.01
353784,0.09
353801,0.03
353809,0.12
353812,0.05
353814,0.06
353821,0.06
353832,0.09
353845,0.12
353860,0.1
353863,0.05
353867,0.12
353876,0.11
353905,0.06
353923,0.22
353934,0.07
353943,0.07
353945,0.1
353973,0.05
353995,0.07
354001,0.07
354003,0.19
354011,0.07
354020,0.02
354024,0.17
354027,0.06
354031,0.03
354036,0.04
354037,0.15
354039,0.04
354044,0.05
354058,0.03
354071,0.06
354080,0.21
354084,0.05
354085,0.04
354089,0.02
354099,0.17
354100,0.02
354104,0.16
354106,0.16
354107,0.21
354111,0.06
354114,0.05
354115,0.33
354122,0.1
354130,0.2
354139,0.04
354140,0.06
354145,0.02
354149,0.07
354167,0.02
354173,0.15
354176,0.06
354178,0.07
354182,0.14
354184,0.08
354186,0.11
354192,0.01
354209,0.13
354214,0.04
354218,0.04
354230,0.26
354251,0.11
354257,0.08
354264,0.22
354265,0.04
354267,0.0
354272,0.06
354273,0.21
354285,0.14
354298,0.19
354309,0.05
354312,0.19
354320,0.02
354322,0.1
354327,0.07
354333,0.04
354335,0.15
354344,0.29
354355,0.18
354358,0.01
354365,0.03
354368,0.1
354377,0.04
354386,0.04
354390,0.08
354394,0.07
354398,0.03
354402,0.11
354403,0.08
354406,0.24
354414,0.21
354421,0.03
354430,0.13
354445,0.02
354470,0.1
354479,0.04
354481,0.01
354483,0.12
354497,0.03
354511,0.02
354533,0.08
354549,0.25
354561,0.24
354570,0.0
354571,0.06
354577,0.25
354586,0.12
354598,0.05
354601,0.05
354602,0.01
354603,0.1
354606,0.05
354612,0.02
354613,0.01
354616,0.23
354624,0.04
354625,0.24
354636,0.01
354639,0.11
354640,0.08
354644,0.12
354650,0.01
354666,0.22
354673,0.08
354674,0.01
354677,0.06
354684,0.09
354694,0.11
354698,0.0
354708,0.04
354709,0.05
354720,0.05
354738,0.03
354740,0.02
354757,0.03
354768,0.01
354775,0.07
354776,0.13
354792,0.07
354803,0.07
354809,0.03
354817,0.09
354818,0.07
354830,0.02
354832,0.1
354838,0.21
354839,0.13
354851,0.03
354861,0.04
354865,0.09
354890,0.07
354893,0.13
354898,0.17
354900,0.18
354910,0.21
354913,0.06
354937,0.05
354942,0.02
354953,0.01
354956,0.04
354958,0.04
354960,0.05
354984,0.01
354993,0.08
355017,0.21
355025,0.05
355026,0.03
355041,0.17
355043,0.06
355048,0.02
355057,0.08
355071,0.16
355075,0.08
355081,0.06
355083,0.37
355090,0.04
355105,0.16
355107,0.05
355108,0.1
355109,0.16
355114,0.07
355117,0.06
355127,0.06
355148,0.03
355174,0.09
355180,0.06
355181,0.06
355184,0.25
355201,0.08
355207,0.06
355209,0.04
355217,0.07
355218,0.08
355237,0.01
355239,0.09
355241,0.18
355243,0.21
355250,0.12
355275,0.09
355282,0.21
355284,0.22
355287,0.09
355293,0.25
355296,0.05
355305,0.09
355312,0.08
355320,0.12
355327,0.07
355328,0.01
355333,0.03
355335,0.03
355336,0.07
355337,0.12
355338,0.24
355341,0.08
355355,0.11
355358,0.02
355360,0.2
355372,0.08
355382,0.01
355385,0.03
355393,0.44
355404,0.01
355408,0.13
355417,0.18
355418,0.02
355431,0.01
355434,0.06
355445,0.06
355502,0.02
355503,0.12
355511,0.13
355517,0.14
355519,0.17
355524,0.22
355536,0.11
355549,0.07
355550,0.17
355560,0.21
355569,0.01
355571,0.16
355572,0.05
355575,0.21
355578,0.17
355584,0.03
355588,0.05
355592,0.27
355604,0.05
355638,0.08
355646,0.02
355649,0.05
355656,0.03
355657,0.11
355666,0.03
355681,0.02
355697,0.02
355700,0.04
355701,0.0
355703,0.04
355704,0.24
355708,0.04
355736,0.08
355743,0.25
355769,0.02
355773,0.13
355781,0.12
355785,0.09
355786,0.2
355798,0.12
355817,0.08
355819,0.09
355826,0.09
355842,0.35
355846,0.14
355855,0.07
355870,0.07
355873,0.0
355874,0.31
355876,0.15
355877,0.0
355880,0.02
355920,0.15
355922,0.04
355930,0.09
355935,0.13
355942,0.35
355963,0.12
355971,0.08
355973,0.07
355980,0.07
355981,0.02
355984,0.13
355987,0.21
355996,0.13
355997,0.13
356013,0.09
356016,0.07
356025,0.09
356027,0.06
356035,0.2
356036,0.14
356038,0.08
356041,0.0
356057,0.0
356063,0.09
356077,0.03
356080,0.02
356086,0.05
356102,0.07
356106,0.07
356118,0.09
356140,0.02
356150,0.3
356153,0.04
356159,0.16
356163,0.17
356164,0.12
356168,0.19
356169,0.09
356170,0.02
356199,0.07
356211,0.0
356220,0.09
356246,0.0
356249,0.01
356255,0.2
356258,0.1
356262,0.08
356273,0.11
356279,0.06
356281,0.06
356308,0.1
356324,0.16
356327,0.06
356328,0.03
356331,0.07
356336,0.05
356345,0.07
356382,0.17
356395,0.12
356399,0.19
356400,0.03
356413,0.2
356414,0.15
356418,0.05
356427,0.09
356433,0.03
356439,0.0
356444,0.06
356475,0.06
356480,0.12
356482,0.08
356497,0.01
356512,0.06
356517,0.3
356536,0.06
356539,0.05
356551,0.02
356556,0.16
356558,0.22
356559,0.06
356563,0.03
356578,0.05
356583,0.11
356584,0.49
356592,0.08
356594,0.0
356596,0.03
356597,0.02
356598,0.24
356602,0.02
356609,0.15
356624,0.1
356626,0.09
356627,0.11
356641,0.18
356648,0.07
356649,0.11
356650,0.04
356651,0.07
356659,0.06
356676,0.21
356687,0.09
356689,0.07
356698,0.01
356726,0.05
356732,0.08
356741,0.33
356742,0.05
356746,0.03
356750,0.05
356754,0.03
356760,0.06
356762,0.22
356763,0.09
356777,0.16
356784,0.12
356795,0.21
356801,0.07
356802,0.05
356808,0.0
356813,0.13
356816,0.1
356818,0.18
356825,0.11
356828,0.11
356836,0.11
356854,0.05
356857,0.02
356865,0.02
356873,0.04
356879,0.3
356880,0.07
356885,0.11
356889,0.03
356903,0.0
356905,0.05
356913,0.04
356916,0.1
356939,0.01
356944,0.04
356952,0.15
356958,0.04
356963,0.0
356967,0.02
356970,0.06
356977,0.06
356980,0.04
356981,0.11
356983,0.1
356998,0.45
357005,0.05
357022,0.08
357032,0.1
357033,0.15
357035,0.18
357047,0.19
357054,0.01
357057,0.11
357069,0.09
357096,0.25
357102,0.21
357118,0.09
357124,0.02
357137,0.03
357138,0.16
357149,0.15
357151,0.11
357157,0.06
357158,0.07
357162,0.05
357163,0.07
357171,0.01
357175,0.01
357192,0.03
357200,0.14
357204,0.05
357206,0.28
357215,0.13
357221,0.03
357228,0.01
357247,0.01
357249,0.19
357268,0.0
357270,0.08
357279,0.17
357287,0.12
357293,0.06
357306,0.0
357308,0.15
357321,0.07
357326,0.12
357340,0.02
357342,0.11
357352,0.15
357361,0.08
357368,0.06
357370,0.12
357377,0.07
357382,0.02
357383,0.09
357384,0.07
357398,0.06
357415,0.02
357420,0.13
357439,0.02
357440,0.04
357458,0.0
357464,0.15
357467,0.1
357469,0.22
357472,0.09
357489,0.11
357504,0.14
357522,0.19
357527,0.17
357547,0.18
357550,0.05
357558,0.05
357559,0.29
357562,0.14
357572,0.15
357583,0.24
357585,0.4
357598,0.05
357607,0.05
357613,0.06
357627,0.04
357630,0.1
357631,0.36
357680,0.0
357694,0.15
357698,0.1
357699,0.19
357707,0.08
357732,0.04
357748,0.1
357755,0.15
357767,0.07
357786,0.03
357791,0.09
357799,0.06
357824,0.02
357830,0.03
357832,0.12
357840,0.23
357863,0.3
357865,0.18
357868,0.07
357869,0.13
357878,0.09
357886,0.17
357891,0.13
357897,0.04
357915,0.23
357927,0.1
357947,0.04
357958,0.02
357959,0.08
357976,0.09
357992,0.14
357995,0.09
357996,0.01
358020,0.13
358022,0.16
358023,0.12
358029,0.07
358040,0.09
358059,0.0
358071,0.09
358076,0.12
358095,0.02
358096,0.05
358104,0.0
358110,0.03
358122,0.31
358137,0.0
358147,0.17
358149,0.05
358155,0.18
358161,0.09
358163,0.12
358172,0.26
358178,0.09
358183,0.14
358186,0.05
358189,0.08
358198,0.01
358211,0.29
358219,0.01
358220,0.1
358225,0.15
358231,0.02
358233,0.09
358247,0.12
358258,0.12
358264,0.15
358271,0.2
358273,0.06
358275,0.03
358278,0.03
358287,0.23
358309,0.05
358327,0.08
358342,0.05
358348,0.12
358352,0.06
358373,0.16
358384,0.07
358394,0.04
358405,0.25
358409,0.0
358412,0.29
358424,0.22
358427,0.09
358434,0.06
358444,0.1
358448,0.06
358449,0.03
358458,0.09
358472,0.25
358483,0.16
358490,0.11
358503,0.1
358504,0.18
358505,0.0
358512,0.08
358513,0.01
358528,0.05
358532,0.05
358536,0.05
358538,0.07
358559,0.04
358590,0.08
358601,0.15
358627,0.01
358631,0.07
358632,0.05
358640,0.08
358649,0.1
358650,0.08
358653,0.0
358676,0.04
358679,0.02
358695,0.11
358703,0.05
358705,0.02
358710,0.1
358730,0.04
358731,0.06
358735,0.07
358744,0.15
358748,0.11
358750,0.02
358752,0.03
358764,0.19
358777,0.04
358786,0.22
358789,0.11
358805,0.05
358809,0.07
358810,0.0
358824,0.09
358829,0.2
358838,0.11
358840,0.08
358841,0.21
358854,0.07
358873,0.27
358879,0.09
358884,0.1
358885,0.01
358886,0.04
358892,0.06
358895,0.03
358906,0.06
358910,0.05
358911,0.03
358924,0.26
358929,0.08
358937,0.19
358949,0.1
358955,0.04
358956,0.4
358959,0.17
358960,0.07
358969,0.05
358983,0.01
358990,0.13
358992,0.1
358994,0.16
359004,0.01
359015,0.1
359023,0.08
359030,0.02
359032,0.11
359038,0.09
359044,0.06
359049,0.11
359050,0.04
359064,0.0
359095,0.0
359100,0.25
359105,0.04
359116,0.07
359134,0.17
359136,0.07
359143,0.04
359147,0.08
359175,0.06
359182,0.11
359188,0.02
359196,0.03
359198,0.11
359202,0.05
359212,0.12
359229,0.07
359232,0.03
359247,0.13
359258,0.15
359260,0.18
359261,0.12
359262,0.26
359268,0.06
359285,0.02
359293,0.03
359294,0.09
359297,0.07
359299,0.04
359311,0.03
359319,0.12
359320,0.13
359322,0.2
359353,0.06
359355,0.1
359360,0.19
359367,0.08
359369,0.04
359372,0.04
359377,0.06
359381,0.01
359382,0.08
359387,0.04
359389,0.0
359392,0.04
359437,0.09
359438,0.02
359440,0.04
359442,0.06
359455,0.06
359474,0.12
359475,0.03
359480,0.39
359485,0.11
359493,0.01
359497,0.04
359505,0.02
359506,0.08
359516,0.16
359518,0.01
359523,0.05
359547,0.22
359548,0.08
359556,0.0
359577,0.1
359580,0.2
359588,0.05
359590,0.06
359592,0.03
359599,0.05
359609,0.16
359611,0.07
359619,0.13
359623,0.22
359654,0.03
359666,0.12
359669,0.04
359672,0.03
359673,0.24
359677,0.04
359685,0.16
359690,0.23
359697,0.09
359702,0.07
359707,0.1
359711,0.11
359719,0.05
359722,0.08
359726,0.16
359730,0.12
359731,0.1
359741,0.07
359743,0.15
359748,0.07
359753,0.0
359758,0.32
359773,0.04
359780,0.04
359785,0.02
359800,0.01
359806,0.03
359809,0.02
359822,0.1
359828,0.19
359847,0.06
359855,0.08
359858,0.0
359864,0.03
359884,0.02
359886,0.03
359898,0.17
359908,0.27
359921,0.39
359945,0.04
359958,0.02
359964,0.14
359980,0.03
359992,0.04
359994,0.22
360001,0.15
360004,0.03
360009,0.14
360020,0.07
360049,0.22
360058,0.01
360063,0.18
360064,0.0
360074,0.08
360095,0.03
360098,0.11
360099,0.03
360100,0.02
360103,0.06
360106,0.05
360107,0.11
360124,0.08
360126,0.02
360138,0.09
360140,0.19
360141,0.04
360149,0.2
360152,0.14
360165,0.22
360171,0.02
360176,0.12
360183,0.02
360186,0.01
360189,0.17
360191,0.06
360199,0.23
360204,0.14
360205,0.17
360217,0.04
360225,0.15
360231,0.01
360238,0.0
360248,0.23
360249,0.01
360254,0.08
360256,0.08
360257,0.04
360258,0.08
360277,0.1
360279,0.06
360280,0.06
360281,0.27
360283,0.14
360290,0.07
360312,0.01
360316,0.02
360320,0.04
360324,0.07
360333,0.07
360339,0.02
360347,0.02
360359,0.14
360360,0.19
360367,0.23
360372,0.01
360382,0.15
360386,0.1
360400,0.01
360411,0.1
360412,0.07
360415,0.05
360419,0.13
360421,0.1
360427,0.03
360429,0.35
360438,0.11
360439,0.02
360445,0.18
360454,0.2
360458,0.07
360467,0.08
360469,0.24
360471,0.08
360472,0.01
360475,0.11
360478,0.12
360479,0.07
360480,0.17
360484,0.15
360496,0.09
360504,0.06
360517,0.01
360518,0.07
360526,0.05
360530,0.06
360535,0.16
360538,0.22
360539,0.15
360545,0.03
360569,0.05
360579,0.2
360580,0.02
360611,0.06
360612,0.01
360626,0.08
360628,0.07
360631,0.05
360633,0.14
360640,0.08
360643,0.34
360645,0.05
360663,0.02
360666,0.03
360678,0.12
360683,0.0
360707,0.18
360715,0.16
360723,0.07
360727,0.03
360733,0.11
360746,0.06
360759,0.08
360767,0.03
360769,0.05
360770,0.08
360779,0.02
360791,0.02
360792,0.01
360801,0.23
360812,0.06
360814,0.06
360828,0.04
360830,0.2
360837,0.12
360838,0.21
360844,0.09
360860,0.02
360864,0.18
360871,0.13
360872,0.07
360877,0.15
360880,0.04
360881,0.03
360882,0.1
360884,0.04
360885,0.06
360889,0.17
360893,0.14
360898,0.04
360933,0.19
360941,0.04
360942,0.09
360943,0.01
360960,0.05
360973,0.11
360979,0.07
360987,0.02
360988,0.07
360999,0.08
361001,0.03
361005,0.09
361007,0.12
361024,0.02
361028,0.14
361051,0.01
361072,0.08
361086,0.06
361093,0.22
361098,0.05
361124,0.05
361130,0.02
361132,0.08
361133,0.06
361135,0.2
361148,0.24
361150,0.02
361152,0.01
361154,0.03
361158,0.03
361171,0.16
361175,0.08
361177,0.01
361195,0.1
361200,0.05
361203,0.12
361205,0.05
361214,0.18
361217,0.1
361226,0.04
361232,0.03
361236,0.09
361249,0.05
361251,0.1
361252,0.09
361284,0.04
361289,0.09
361297,0.02
361304,0.22
361311,0.09
361334,0.25
361339,0.08
361340,0.18
361348,0.13
361352,0.02
361354,0.06
361355,0.03
361370,0.19
361390,0.13
361392,0.08
361397,0.07
361402,0.07
361405,0.06
361406,0.04
361426,0.03
361431,0.07
361440,0.01
361451,0.39
361469,0.1
361473,0.07
361497,0.07
361511,0.0
361515,0.03
361525,0.15
361540,0.26
361557,0.14
361560,0.09
361565,0.04
361569,0.03
361570,0.01
361578,0.01
361580,0.21
361585,0.07
361589,0.03
361591,0.09
361599,0.04
361603,0.16
361605,0.09
361606,0.29
361615,0.09
361622,0.04
361627,0.08
361632,0.08
361636,0.07
361637,0.07
361638,0.07
361639,0.03
361651,0.04
361662,0.09
361684,0.23
361693,0.17
361697,0.13
361710,0.01
361713,0.12
361729,0.14
361785,0.01
361796,0.14
361805,0.02
361811,0.06
361812,0.11
361819,0.06
361828,0.01
361833,0.04
361836,0.09
361839,0.12
361855,0.04
361866,0.08
361870,0.06
361873,0.08
361885,0.18
361896,0.06
361913,0.08
361919,0.16
361932,0.15
361933,0.05
361935,0.11
361939,0.15
361946,0.03
361947,0.01
361949,0.02
361951,0.19
361962,0.09
361972,0.07
361975,0.07
361989,0.05
362004,0.1
362012,0.01
362014,0.39
362016,0.09
362028,0.04
362033,0.02
362034,0.12
362038,0.02
362052,0.12
362061,0.04
362063,0.06
362070,0.15
362072,0.06
362075,0.12
362079,0.09
362086,0.01
362091,0.14
362094,0.08
362101,0.01
362112,0.02
362115,0.12
362117,0.08
362121,0.15
362128,0.17
362130,0.01
362135,0.1
362142,0.07
362146,0.08
362149,0.04
362157,0.08
362165,0.02
362166,0.06
362167,0.03
362173,0.03
362187,0.13
362197,0.08
362206,0.05
362207,0.0
362210,0.05
362216,0.03
362219,0.2
362221,0.19
362224,0.07
362228,0.12
362236,0.04
362242,0.08
362251,0.03
362252,0.04
362257,0.08
362284,0.01
362286,0.02
362298,0.22
362300,0.08
362306,0.04
362308,0.17
362315,0.07
362318,0.06
362322,0.2
362332,0.13
362338,0.09
362341,0.2
362347,0.11
362348,0.09
362361,0.18
362365,0.06
362369,0.18
362373,0.05
362376,0.13
362384,0.08
362386,0.03
362387,0.04
362389,0.09
362393,0.07
362412,0.0
362420,0.04
362426,0.09
362432,0.08
362445,0.2
362450,0.02
362452,0.12
362465,0.21
362468,0.12
362474,0.01
362484,0.02
362487,0.09
362512,0.11
362530,0.04
362531,0.17
362552,0.03
362555,0.06
362556,0.05
362563,0.1
362572,0.02
362579,0.01
362580,0.11
362597,0.17
362635,0.03
362637,0.07
362641,0.06
362652,0.13
362657,0.04
362660,0.03
362661,0.23
362671,0.06
362675,0.1
362680,0.08
362682,0.0
362685,0.12
362697,0.17
362700,0.21
362702,0.07
362705,0.09
362707,0.12
362710,0.09
362711,0.12
362718,0.11
362723,0.11
362730,0.14
362742,0.26
362781,0.05
362789,0.2
362790,0.0
362795,0.01
362799,0.04
362800,0.06
362803,0.13
362808,0.11
362814,0.05
362820,0.05
362826,0.06
362831,0.09
362833,0.03
362839,0.13
362852,0.08
362872,0.08
362882,0.16
362885,0.36
362889,0.08
362890,0.13
362891,0.09
362900,0.03
362907,0.14
362908,0.08
362953,0.08
362967,0.06
362982,0.02
363015,0.01
363027,0.08
363035,0.09
363039,0.04
363045,0.12
363048,0.14
363057,0.21
363059,0.18
363063,0.04
363080,0.04
363082,0.23
363090,0.31
363094,0.12
363106,0.2
363114,0.14
363118,0.25
363121,0.06
363128,0.13
363136,0.0
363141,0.21
363142,0.1
363147,0.04
363151,0.02
363153,0.05
363158,0.03
363171,0.03
363174,0.07
363180,0.01
363187,0.02
363191,0.07
363192,0.03
363196,0.03
363199,0.22
363209,0.05
363210,0.11
363212,0.09
363227,0.06
363231,0.1
363232,0.03
363243,0.05
363253,0.06
363285,0.03
363299,0.07
363310,0.23
363311,0.07
363316,0.21
363322,0.23
363329,0.07
363331,0.04
363334,0.1
363339,0.05
363340,0.33
363341,0.06
363343,0.24
363347,0.06
363350,0.02
363377,0.02
363379,0.03
363382,0.12
363386,0.06
363387,0.05
363388,0.02
363391,0.0
363394,0.03
363397,0.04
363405,0.05
363422,0.02
363427,0.07
363455,0.22
363467,0.03
363493,0.1
363508,0.04
363514,0.3
363525,0.16
363530,0.18
363531,0.02
363538,0.04
363539,0.02
363542,0.1
363543,0.08
363551,0.37
363568,0.03
363576,0.0
363580,0.13
363582,0.01
363598,0.08
363601,0.02
363611,0.11
363612,0.03
363618,0.05
363623,0.06
363624,0.05
363642,0.01
363645,0.13
363651,0.31
363657,0.06
363663,0.09
363667,0.1
363687,0.13
363704,0.03
363705,0.17
363717,0.05
363725,0.0
363728,0.01
363733,0.03
363744,0.08
363745,0.12
363756,0.14
363759,0.17
363760,0.23
363762,0.09
363768,0.08
363777,0.11
363782,0.03
363785,0.05
363797,0.16
363815,0.01
363822,0.06
363834,0.08
363842,0.17
363845,0.37
363846,0.04
363849,0.04
363850,0.04
363853,0.0
363859,0.0
363860,0.1
363877,0.03
363881,0.03
363893,0.04
363902,0.2
363903,0.09
363916,0.02
363924,0.23
363940,0.08
363944,0.03
363955,0.13
363960,0.05
363984,0.06
363990,0.19
364009,0.15
364014,0.05
364035,0.11
364043,0.08
364065,0.06
364067,0.06
364068,0.18
364072,0.08
364079,0.05
364094,0.08
364096,0.13
364105,0.2
364109,0.01
364122,0.19
364141,0.13
364146,0.13
364147,0.18
364151,0.11
364152,0.02
364156,0.06
364160,0.08
364171,0.05
364183,0.04
364199,0.21
364206,0.01
364220,0.11
364222,0.06
364224,0.11
364232,0.04
364248,0.04
364251,0.02
364274,0.07
364286,0.06
364289,0.0
364290,0.06
364291,0.04
364292,0.03
364308,0.07
364310,0.14
364311,0.05
364312,0.29
364314,0.1
364337,0.04
364339,0.11
364357,0.35
364359,0.07
364371,0.06
364374,0.31
364378,0.05
364382,0.08
364397,0.04
364401,0.13
364403,0.1
364411,0.2
364413,0.09
364414,0.05
364415,0.01
364418,0.05
364428,0.03
364430,0.0
364436,0.21
364451,0.04
364457,0.04
364461,0.05
364471,0.09
364472,0.06
364481,0.33
364482,0.02
364484,0.25
364492,0.08
364494,0.08
364507,0.0
364508,0.03
364537,0.07
364538,0.09
364539,0.2
364547,0.26
364561,0.26
364586,0.32
364603,0.05
364622,0.01
364660,0.05
364662,0.05
364669,0.19
364698,0.07
364699,0.07
364700,0.12
364702,0.07
364710,0.18
364714,0.07
364731,0.18
364738,0.03
364739,0.01
364743,0.03
364762,0.14
364767,0.22
364775,0.03
364781,0.06
364783,0.11
364796,0.07
364810,0.0
364815,0.12
364823,0.02
364826,0.11
364837,0.04
364839,0.07
364844,0.09
364851,0.18
364853,0.12
364854,0.08
364858,0.09
364872,0.07
364875,0.02
364877,0.01
364878,0.09
364884,0.04
364907,0.07
364911,0.25
364916,0.16
364920,0.01
364927,0.05
364944,0.17
364948,0.27
364950,0.07
364953,0.02
364955,0.09
364959,0.02
364966,0.05
364971,0.06
364979,0.09
364980,0.08
364982,0.18
364984,0.03
364993,0.03
365001,0.03
365030,0.22
365035,0.07
365044,0.02
365046,0.03
365050,0.02
365051,0.13
365054,0.01
365055,0.04
365064,0.08
365069,0.16
365092,0.0
365102,0.13
365109,0.04
365110,0.06
365117,0.04
365120,0.11
365128,0.07
365131,0.26
365136,0.06
365151,0.16
365153,0.22
365154,0.03
365160,0.05
365166,0.08
365171,0.02
365181,0.04
365194,0.1
365210,0.12
365221,0.21
365234,0.09
365252,0.06
365254,0.25
365264,0.09
365276,0.03
365282,0.02
365284,0.26
365290,0.08
365317,0.07
365329,0.2
365353,0.08
365356,0.12
365358,0.02
365374,0.09
365392,0.04
365396,0.11
365408,0.08
365412,0.02
365429,0.1
365431,0.05
365435,0.11
365439,0.1
365473,0.25
365476,0.07
365486,0.11
365497,0.01
365518,0.2
365519,0.07
365520,0.11
365523,0.02
365531,0.11
365532,0.1
365534,0.06
365544,0.14
365552,0.1
365564,0.03
365569,0.06
365570,0.05
365575,0.22
365576,0.12
365585,0.18
365595,0.0
365612,0.02
365613,0.12
365624,0.03
365631,0.08
365634,0.07
365643,0.09
365644,0.24
365663,0.12
365666,0.08
365672,0.06
365676,0.17
365680,0.01
365696,0.11
365699,0.06
365706,0.03
365707,0.01
365711,0.05
365716,0.04
365717,0.08
365718,0.0
365757,0.05
365770,0.11
365776,0.03
365781,0.2
365784,0.01
365787,0.08
365805,0.09
365820,0.04
365831,0.05
365836,0.31
365837,0.18
365859,0.44
365861,0.03
365863,0.01
365872,0.16
365877,0.08
365882,0.17
365893,0.12
365894,0.1
365900,0.09
365910,0.04
365913,0.08
365916,0.03
365923,0.13
365946,0.34
365948,0.19
365951,0.07
365965,0.14
365966,0.06
365975,0.02
365979,0.42
365989,0.14
365991,0.17
365992,0.05
366001,0.3
366010,0.21
366013,0.16
366028,0.06
366036,0.07
366038,0.03
366044,0.11
366048,0.15
366060,0.04
366067,0.15
366071,0.22
366078,0.1
366081,0.07
366082,0.2
366093,0.2
366099,0.05
366103,0.03
366105,0.12
366111,0.06
366112,0.14
366125,0.03
366144,0.17
366147,0.06
366149,0.23
366166,0.08
366168,0.05
366173,0.02
366178,0.02
366180,0.13
366209,0.04
366213,0.15
366214,0.17
366215,0.05
366220,0.23
366226,0.0
366230,0.33
366236,0.11
366245,0.02
366282,0.17
366286,0.07
366295,0.01
366296,0.03
366297,0.19
366300,0.08
366303,0.03
366307,0.23
366314,0.09
366320,0.11
366321,0.03
366327,0.04
366330,0.06
366332,0.18
366334,0.02
366341,0.05
366363,0.04
366367,0.16
366369,0.07
366382,0.05
366394,0.13
366396,0.0
366398,0.14
366406,0.16
366414,0.0
366417,0.09
366419,0.03
366422,0.09
366436,0.01
366442,0.09
366451,0.27
366455,0.01
366458,0.09
366460,0.03
366466,0.09
366473,0.09
366502,0.06
366505,0.28
366526,0.1
366530,0.22
366532,0.17
366539,0.2
366541,0.13
366542,0.12
366553,0.01
366571,0.1
366582,0.01
366583,0.11
366589,0.17
366595,0.25
366606,0.08
366611,0.1
366613,0.19
366615,0.2
366616,0.23
366624,0.11
366632,0.02
366649,0.06
366650,0.15
366657,0.04
366664,0.02
366666,0.02
366674,0.29
366676,0.11
366677,0.06
366688,0.01
366689,0.03
366693,0.04
366696,0.1
366698,0.17
366700,0.0
366703,0.21
366709,0.07
366711,0.13
366725,0.04
366741,0.02
366742,0.06
366747,0.08
366750,0.1
366754,0.05
366762,0.02
366774,0.07
366781,0.07
366784,0.0
366789,0.09
366790,0.04
366797,0.03
366806,0.02
366820,0.05
366845,0.21
366858,0.17
366860,0.0
366874,0.03
366876,0.14
366879,0.03
366884,0.1
366886,0.03
366905,0.19
366908,0.1
366909,0.28
366917,0.06
366921,0.07
366927,0.07
366936,0.09
366952,0.14
366962,0.14
366964,0.07
366965,0.03
366981,0.06
366988,0.14
366992,0.17
366998,0.09
366999,0.02
367017,0.03
367023,0.07
367024,0.05
367025,0.2
367037,0.22
367040,0.24
367043,0.06
367052,0.03
367056,0.04
367064,0.08
367075,0.06
367089,0.11
367098,0.05
367119,0.07
367124,0.21
367134,0.19
367136,0.06
367138,0.04
367153,0.08
367158,0.15
367169,0.11
367179,0.04
367180,0.17
367212,0.13
367216,0.24
367217,0.02
367220,0.06
367224,0.12
367241,0.09
367245,0.18
367256,0.21
367266,0.03
367283,0.08
367290,0.08
367295,0.0
367310,0.06
367315,0.2
367322,0.1
367332,0.04
367338,0.2
367347,0.16
367381,0.23
367383,0.17
367386,0.09
367392,0.0
367399,0.11
367411,0.06
367414,0.0
367436,0.07
367439,0.07
367440,0.17
367465,0.32
367466,0.22
367478,0.12
367479,0.05
367481,0.03
367505,0.14
367515,0.17
367516,0.02
367526,0.35
367527,0.09
367533,0.13
367535,0.15
367545,0.15
367546,0.02
367547,0.08
367555,0.04
367557,0.15
367558,0.14
367573,0.07
367580,0.2
367581,0.03
367582,0.26
367588,0.05
367601,0.01
367617,0.04
367624,0.06
367626,0.02
367632,0.19
367651,0.01
367663,0.06
367674,0.03
367677,0.22
367678,0.06
367691,0.02
367698,0.07
367710,0.24
367712,0.02
367727,0.13
367739,0.11
367740,0.03
367746,0.01
367759,0.01
367770,0.25
367780,0.16
367783,0.19
367787,0.03
367791,0.31
367797,0.07
367799,0.1
367811,0.03
367817,0.02
367827,0.16
367829,0.07
367830,0.17
367837,0.13
367843,0.03
367847,0.07
367849,0.08
367854,0.05
367855,0.05
367862,0.14
367863,0.04
367868,0.19
367873,0.19
367879,0.1
367889,0.14
367890,0.23
367892,0.03
367893,0.01
367895,0.06
367896,0.0
367898,0.15
367903,0.0
367906,0.08
367919,0.03
367927,0.07
367931,0.1
367935,0.2
367945,0.08
367947,0.08
367952,0.03
367958,0.15
367971,0.01
367975,0.28
367983,0.15
367994,0.05
367998,0.02
367999,0.06
368005,0.05
368029,0.05
368034,0.06
368036,0.14
368041,0.05
368064,0.05
368066,0.04
368079,0.06
368082,0.03
368090,0.08
368092,0.06
368097,0.04
368107,0.19
368127,0.14
368129,0.17
368134,0.05
368150,0.04
368166,0.13
368172,0.03
368179,0.01
368185,0.13
368193,0.17
368207,0.09
368251,0.04
368253,0.05
368256,0.26
368257,0.04
368263,0.1
368271,0.09
368273,0.02
368279,0.06
368281,0.25
368282,0.24
368288,0.09
368303,0.09
368315,0.12
368323,0.0
368324,0.08
368326,0.19
368334,0.09
368337,0.05
368351,0.13
368353,0.25
368358,0.38
368389,0.0
368392,0.21
368393,0.11
368415,0.07
368424,0.14
368436,0.03
368448,0.01
368456,0.04
368457,0.01
368465,0.13
368484,0.15
368485,0.13
368487,0.04
368489,0.03
368493,0.12
368509,0.05
368513,0.15
368523,0.15
368530,0.01
368539,0.1
368543,0.12
368544,0.09
368557,0.15
368561,0.1
368577,0.03
368579,0.03
368580,0.22
368583,0.02
368589,0.01
368594,0.01
368598,0.03
368621,0.1
368622,0.07
368627,0.0
368628,0.08
368633,0.26
368638,0.29
368645,0.09
368646,0.26
368652,0.05
368659,0.34
368672,0.18
368679,0.05
368683,0.13
368697,0.02
368702,0.2
368707,0.12
368715,0.28
368740,0.01
368754,0.03
368765,0.07
368770,0.19
368777,0.2
368780,0.22
368782,0.2
368784,0.08
368790,0.24
368792,0.1
368793,0.11
368811,0.03
368816,0.07
368819,0.16
368843,0.01
368853,0.05
368857,0.14
368858,0.08
368887,0.07
368898,0.05
368909,0.02
368919,0.0
368930,0.06
368944,0.05
368949,0.11
368953,0.05
368956,0.12
368959,0.11
368968,0.03
368971,0.03
368974,0.18
368975,0.01
368983,0.05
368991,0.18
368994,0.02
369001,0.24
369004,0.2
369016,0.0
369030,0.01
369047,0.02
369055,0.1
369067,0.04
369068,0.1
369096,0.19
369103,0.19
369105,0.13
369107,0.27
369109,0.04
369130,0.11
369133,0.02
369144,0.03
369150,0.02
369152,0.09
369156,0.19
369180,0.01
369183,0.07
369184,0.19
369186,0.17
369187,0.01
369200,0.04
369201,0.05
369220,0.09
369223,0.0
369233,0.04
369240,0.16
369254,0.09
369264,0.25
369266,0.16
369272,0.12
369283,0.0
369295,0.15
369300,0.03
369302,0.03
369305,0.08
369322,0.01
369334,0.31
369350,0.04
369355,0.04
369361,0.13
369367,0.08
369371,0.01
369373,0.18
369375,0.27
369385,0.18
369394,0.04
369398,0.02
369408,0.02
369413,0.16
369419,0.14
369424,0.09
369439,0.01
369466,0.14
369482,0.03
369494,0.01
369504,0.04
369512,0.14
369528,0.04
369531,0.02
369540,0.02
369547,0.0
369565,0.0
369569,0.12
369581,0.06
369583,0.1
369593,0.0
369601,0.09
369608,0.02
369612,0.12
369615,0.13
369621,0.04
369636,0.07
369648,0.17
369649,0.26
369651,0.01
369659,0.03
369666,0.02
369684,0.03
369686,0.13
369698,0.13
369701,0.01
369712,0.03
369717,0.0
369722,0.27
369732,0.23
369740,0.23
369751,0.07
369755,0.03
369757,0.01
369761,0.16
369767,0.06
369782,0.1
369788,0.07
369790,0.09
369791,0.0
369792,0.12
369803,0.07
369812,0.01
369813,0.17
369827,0.06
369835,0.08
369838,0.0
369839,0.1
369843,0.11
369846,0.19
369860,0.0
369870,0.11
369871,0.1
369872,0.02
369884,0.08
369893,0.15
369901,0.03
369904,0.08
369908,0.13
369910,0.04
369911,0.17
369919,0.06
369920,0.1
369921,0.02
369931,0.1
369935,0.05
369936,0.03
369948,0.12
369953,0.09
369955,0.12
369961,0.03
369964,0.05
369967,0.23
369971,0.11
369983,0.0
369993,0.07
369995,0.09
370012,0.02
370022,0.11
370023,0.08
370027,0.13
370030,0.15
370033,0.25
370037,0.18
370051,0.01
370055,0.06
370077,0.03
370088,0.04
370091,0.0
370114,0.04
370117,0.32
370120,0.17
370122,0.1
370128,0.16
370135,0.21
370144,0.05
370146,0.15
370148,0.05
370150,0.02
370155,0.03
370164,0.02
370179,0.07
370188,0.13
370190,0.0
370199,0.08
370203,0.25
370213,0.01
370216,0.02
370219,0.0
370220,0.26
370224,0.1
370230,0.02
370254,0.22
370255,0.08
370265,0.08
370273,0.02
370288,0.23
370295,0.04
370297,0.2
370319,0.09
370323,0.0
370329,0.05
370330,0.18
370333,0.13
370346,0.17
370354,0.11
370355,0.03
370358,0.22
370362,0.0
370373,0.05
370376,0.05
370379,0.0
370380,0.03
370386,0.04
370392,0.09
370411,0.02
370416,0.09
370432,0.21
370439,0.02
370440,0.03
370445,0.08
370446,0.01
370455,0.11
370473,0.07
370474,0.0
370475,0.04
370482,0.26
370489,0.1
370512,0.08
370518,0.14
370522,0.07
370533,0.0
370538,0.21
370551,0.03
370552,0.06
370556,0.0
370566,0.03
370568,0.18
370573,0.11
370575,0.1
370578,0.01
370582,0.03
370596,0.03
370597,0.06
370599,0.14
370602,0.08
370609,0.08
370632,0.12
370634,0.31
370646,0.03
370666,0.21
370670,0.02
370672,0.0
370675,0.04
370676,0.19
370682,0.08
370685,0.03
370697,0.05
370699,0.02
370701,0.08
370711,0.14
370719,0.2
370728,0.11
370731,0.21
370735,0.1
370749,0.07
370753,0.02
370757,0.11
370763,0.1
370770,0.2
370779,0.06
370794,0.07
370805,0.01
370806,0.07
370808,0.06
370814,0.03
370827,0.08
370833,0.14
370844,0.15
370845,0.06
370850,0.27
370853,0.07
370856,0.04
370858,0.09
370862,0.06
370866,0.26
370874,0.15
370876,0.02
370878,0.13
370881,0.1
370882,0.11
370884,0.09
370887,0.07
370904,0.16
370905,0.02
370913,0.13
370915,0.13
370921,0.06
370922,0.05
370932,0.16
370939,0.13
370953,0.06
370964,0.1
370968,0.1
370969,0.07
370972,0.05
370978,0.05
371000,0.14
371001,0.31
371013,0.0
371053,0.06
371059,0.09
371060,0.03
371065,0.07
371069,0.17
371073,0.24
371084,0.31
371085,0.14
371088,0.07
371099,0.05
371115,0.03
371118,0.3
371127,0.17
371132,0.11
371136,0.05
371139,0.12
371152,0.06
371161,0.01
371162,0.2
371174,0.02
371176,0.19
371182,0.0
371185,0.09
371193,0.05
371197,0.0
371198,0.02
371202,0.04
371207,0.13
371211,0.15
371242,0.06
371243,0.12
371244,0.06
371255,0.02
371258,0.03
371259,0.12
371265,0.0
371274,0.07
371275,0.29
371288,0.04
371291,0.29
371295,0.18
371314,0.13
371322,0.09
371323,0.13
371328,0.11
371332,0.03
371333,0.16
371335,0.02
371342,0.05
371350,0.01
371357,0.1
371365,0.02
371383,0.16
371384,0.12
371385,0.1
371393,0.1
371394,0.1
371397,0.03
371417,0.13
371431,0.19
371433,0.14
371437,0.04
371439,0.2
371445,0.1
371452,0.16
371457,0.0
371469,0.1
371470,0.04
371477,0.03
371500,0.22
371504,0.14
371508,0.06
371514,0.02
371518,0.16
371520,0.18
371521,0.32
371522,0.02
371525,0.02
371530,0.09
371532,0.01
371548,0.16
371561,0.07
371566,0.14
371568,0.06
371571,0.06
371573,0.04
371577,0.22
371587,0.06
371592,0.16
371593,0.38
371595,0.04
371603,0.03
371614,0.08
371616,0.01
371619,0.12
371627,0.25
371641,0.04
371657,0.02
371664,0.0
371693,0.09
371698,0.04
371700,0.0
371707,0.03
371710,0.09
371715,0.09
371722,0.01
371731,0.02
371741,0.04
371744,0.04
371753,0.0
371755,0.01
371760,0.01
371773,0.08
371797,0.01
371807,0.24
371809,0.03
371811,0.06
371815,0.05
371822,0.02
371824,0.17
371828,0.01
371835,0.01
371837,0.02
371840,0.21
371849,0.04
371857,0.05
371860,0.23
371862,0.04
371875,0.09
371896,0.14
371898,0.11
371901,0.24
371903,0.06
371908,0.01
371910,0.04
371944,0.19
371947,0.05
371955,0.07
371963,0.1
371972,0.14
371973,0.11
371978,0.05
371980,0.01
371988,0.22
372020,0.06
372043,0.32
372060,0.07
372070,0.05
372082,0.01
372085,0.1
372090,0.09
372091,0.15
372112,0.07
372115,0.03
372132,0.07
372134,0.25
372136,0.02
372142,0.04
372145,0.11
372146,0.01
372159,0.03
372172,0.03
372179,0.17
372183,0.1
372184,0.06
372192,0.0
372234,0.06
372239,0.12
372244,0.03
372268,0.36
372287,0.08
372289,0.05
372292,0.03
372301,0.01
372315,0.17
372316,0.16
372328,0.1
372337,0.06
372347,0.21
372350,0.2
372381,0.1
372382,0.13
372384,0.06
372393,0.1
372398,0.19
372399,0.05
372400,0.01
372402,0.06
372410,0.03
372415,0.01
372425,0.04
372428,0.05
372430,0.05
372431,0.04
372449,0.02
372452,0.03
372453,0.03
372460,0.11
372463,0.45
372471,0.14
372484,0.04
372486,0.07
372489,0.05
372506,0.07
372513,0.04
372527,0.24
372568,0.16
372596,0.02
372606,0.02
372617,0.02
372618,0.08
372622,0.07
372624,0.04
372633,0.07
372637,0.03
372643,0.04
372644,0.11
372656,0.13
372662,0.05
372664,0.13
372666,0.09
372672,0.17
372674,0.16
372693,0.07
372704,0.07
372719,0.08
372727,0.08
372740,0.1
372745,0.03
372753,0.11
372762,0.03
372764,0.07
372771,0.13
372772,0.11
372789,0.09
372793,0.05
372799,0.01
372806,0.31
372809,0.14
372829,0.15
372848,0.01
372850,0.03
372853,0.04
372854,0.11
372858,0.21
372861,0.0
372863,0.25
372876,0.16
372878,0.02
372893,0.06
372894,0.07
372911,0.04
372912,0.09
372924,0.09
372942,0.22
372946,0.39
372955,0.04
372956,0.13
372957,0.11
372984,0.09
372993,0.06
372995,0.21
372997,0.15
373014,0.08
373018,0.11
373022,0.09
373023,0.01
373029,0.07
373063,0.01
373071,0.08
373075,0.2
373088,0.03
373089,0.04
373098,0.13
373101,0.07
373112,0.05
373114,0.03
373118,0.14
373120,0.17
373121,0.09
373122,0.16
373138,0.15
373145,0.04
373153,0.04
373154,0.03
373155,0.2
373159,0.09
373167,0.08
373190,0.01
373195,0.11
373202,0.03
373205,0.09
373209,0.01
373215,0.06
373222,0.15
373239,0.08
373240,0.12
373247,0.09
373251,0.13
373260,0.01
373284,0.09
373286,0.01
373292,0.29
373297,0.0
373299,0.3
373305,0.08
373307,0.08
373323,0.03
373327,0.03
373328,0.04
373363,0.02
373390,0.07
373396,0.01
373407,0.04
373413,0.09
373437,0.06
373445,0.04
373448,0.01
373458,0.18
373464,0.11
373472,0.2
373474,0.1
373475,0.06
373480,0.03
373484,0.16
373491,0.14
373493,0.05
373504,0.0
373537,0.18
373542,0.07
373545,0.19
373554,0.01
373559,0.22
373560,0.07
373562,0.01
373565,0.15
373573,0.09
373577,0.17
373591,0.09
373592,0.11
373596,0.17
373598,0.24
373600,0.04
373605,0.01
373607,0.07
373616,0.08
373618,0.1
373624,0.03
373630,0.09
373631,0.09
373634,0.15
373646,0.04
373651,0.23
373669,0.14
373682,0.1
373716,0.14
373751,0.18
373756,0.3
373757,0.06
373767,0.04
373778,0.13
373780,0.03
373781,0.19
373796,0.07
373801,0.09
373805,0.08
373811,0.05
373815,0.11
373820,0.02
373833,0.03
373839,0.24
373841,0.06
373871,0.18
373875,0.21
373893,0.02
373894,0.23
373898,0.1
373899,0.39
373908,0.31
373909,0.07
373911,0.05
373918,0.18
373927,0.02
373938,0.11
373943,0.04
373946,0.04
373948,0.1
373953,0.19
373956,0.06
373984,0.02
373985,0.04
373986,0.15
374002,0.04
374014,0.01
374015,0.09
374024,0.04
374029,0.12
374034,0.08
374039,0.0
374042,0.02
374048,0.09
374051,0.1
374054,0.03
374055,0.06
374061,0.02
374075,0.07
374087,0.01
374101,0.05
374103,0.1
374114,0.36
374116,0.1
374119,0.25
374121,0.18
374133,0.05
374134,0.04
374140,0.01
374141,0.31
374145,0.15
374155,0.01
374163,0.06
374169,0.14
374173,0.03
374188,0.1
374199,0.06
374200,0.06
374207,0.13
374225,0.04
374226,0.01
374227,0.18
374249,0.26
374254,0.11
374284,0.03
374293,0.05
374296,0.06
374297,0.04
374298,0.06
374307,0.02
374320,0.15
374322,0.08
374324,0.0
374328,0.06
374334,0.19
374341,0.08
374343,0.11
374346,0.05
374359,0.28
374374,0.06
374381,0.12
374400,0.11
374405,0.05
374409,0.19
374420,0.15
374442,0.06
374443,0.12
374445,0.16
374447,0.11
374452,0.12
374458,0.02
374485,0.02
374487,0.03
374496,0.06
374503,0.01
374518,0.05
374519,0.02
374532,0.05
374534,0.0
374536,0.11
374546,0.02
374559,0.02
374568,0.11
374573,0.01
374582,0.02
374585,0.1
374598,0.07
374606,0.12
374612,0.07
374617,0.1
374619,0.05
374626,0.06
374646,0.1
374653,0.1
374656,0.16
374664,0.15
374666,0.04
374677,0.13
374679,0.06
374682,0.14
374700,0.09
374703,0.12
374705,0.1
374720,0.12
374724,0.11
374731,0.05
374732,0.07
374734,0.04
374759,0.08
374770,0.03
374774,0.02
374777,0.29
374788,0.07
374796,0.24
374799,0.13
374813,0.21
374819,0.02
374826,0.13
374827,0.08
374832,0.03
374837,0.04
374844,0.09
374848,0.17
374853,0.15
374854,0.03
374856,0.04
374864,0.07
374868,0.01
374888,0.03
374891,0.07
374892,0.0
374896,0.01
374909,0.23
374911,0.02
374912,0.33
374913,0.18
374916,0.06
374917,0.03
374923,0.09
374933,0.14
374935,0.04
374940,0.07
374941,0.05
374943,0.0
374951,0.17
374967,0.07
374970,0.08
374990,0.26
374993,0.23
374994,0.16
375015,0.02
375017,0.08
375018,0.06
375021,0.03
375023,0.11
375030,0.24
375038,0.03
375040,0.06
375041,0.31
375052,0.01
375061,0.16
375064,0.05
375076,0.1
375086,0.3
375109,0.1
375118,0.05
375133,0.0
375140,0.13
375156,0.16
375168,0.03
375170,0.12
375182,0.04
375187,0.16
375188,0.07
375197,0.07
375201,0.11
375204,0.21
375216,0.15
375225,0.0
375231,0.13
375234,0.03
375241,0.05
375242,0.09
375244,0.08
375246,0.07
375257,0.03
375290,0.04
375292,0.03
375293,0.08
375295,0.06
375296,0.05
375300,0.1
375322,0.02
375332,0.08
375338,0.16
375342,0.02
375365,0.01
375367,0.1
375384,0.15
375418,0.0
375464,0.1
375477,0.05
375485,0.06
375496,0.07
375534,0.09
375544,0.11
375556,0.11
375588,0.19
375589,0.01
375594,0.18
375629,0.16
375649,0.07
375654,0.14
375696,0.13
375758,0.02
375795,0.25
375843,0.01
375844,0.09
375853,0.21
375878,0.06
375879,0.04
375883,0.04
375887,0.1
375929,0.12
375934,0.04
375936,0.05
375937,0.05
375948,0.12
375951,0.02
375953,0.12
375964,0.19
375969,0.06
375970,0.12
375973,0.35
375976,0.11
375997,0.01
376000,0.0
376011,0.18
376019,0.04
376035,0.04
376036,0.07
376041,0.04
376042,0.08
376045,0.01
376047,0.19
376060,0.03
376061,0.12
376067,0.15
376068,0.15
376070,0.11
376074,0.06
376075,0.13
376076,0.16
376078,0.07
376080,0.01
376081,0.02
376082,0.04
376083,0.22
376084,0.06
376086,0.04
376087,0.02
376088,0.05
376089,0.21
376090,0.11
376091,0.03
376092,0.03
376093,0.09
376094,0.25
376095,0.21
376096,0.23
376097,0.13
376098,0.11
376206,0.01
376209,0.12
376225,0.09
376239,0.04
376247,0.15
376248,0.05
376252,0.02
376257,0.05
376273,0.06
376274,0.05
376275,0.03
376279,0.02
376283,0.09
376284,0.02
376288,0.09
376289,0.19
376292,0.01
376298,0.13
376301,0.12
376311,0.1
376312,0.13
376313,0.21
376316,0.03
376317,0.08
376319,0.01
376320,0.2
376321,0.12
376322,0.04
376325,0.27
376326,0.1
376328,0.05
376329,0.1
376330,0.04
376332,0.03
376334,0.05
376335,0.05
376336,0.17
376337,0.1
376338,0.22
376339,0.03
376340,0.15
376341,0.13
376343,0.08
376344,0.02
376345,0.01
376346,0.11
376347,0.22
376348,0.07
376349,0.15
376350,0.07
376351,0.09
376352,0.01
376353,0.0
376354,0.04
376355,0.03
376356,0.32
376357,0.02
376360,0.01
376445,0.1
376447,0.2
376449,0.11
376470,0.02
376483,0.04
376484,0.02
376486,0.28
376487,0.06
376488,0.03
376491,0.2
376492,0.03
376494,0.1
376495,0.09
376496,0.16
376497,0.14
376498,0.05
376502,0.21
376503,0.14
376504,0.09
376506,0.18
376509,0.06
376515,0.07
376517,0.04
376518,0.15
376519,0.13
376520,0.07
376521,0.05
376522,0.11
376523,0.01
376524,0.07
376527,0.23
376530,0.09
376531,0.16
376532,0.15
376533,0.11
376534,0.06
376535,0.05
376537,0.19
376538,0.11
376539,0.08
376546,0.2
376594,0.13
376595,0.08
376614,0.1
376616,0.02
376617,0.0
376618,0.37
376619,0.05
376620,0.07
376627,0.06
376630,0.0
376631,0.24
376632,0.06
376633,0.11
376635,0.06
376636,0.15
376637,0.11
376639,0.17
376640,0.07
376642,0.02
376643,0.02
376644,0.06
376645,0.03
376646,0.24
376648,0.04
376650,0.02
376651,0.03
376652,0.1
376732,0.09
376733,0.08
376734,0.08
376756,0.13
376804,0.03
376856,0.08
376869,0.09
376893,0.1
377045,0.08
377088,0.11
377137,0.1
377138,0.04
377159,0.06
377176,0.12
377201,0.16
377226,0.32
377335,0.04
377358,0.25
377362,0.1
377363,0.02
377389,0.15
377426,0.26
377427,0.1
377429,0.0
377441,0.26
377449,0.09
377450,0.21
377458,0.04
377472,0.24
377541,0.18
377567,0.05
377573,0.04
377605,0.09
377611,0.19
377622,0.06
377631,0.01
377657,0.01
377681,0.12
377711,0.02
377717,0.08
377720,0.2
377721,0.05
377723,0.11
377727,0.09
377729,0.06
377733,0.01
377735,0.05
377736,0.05
377737,0.05
377738,0.05
377750,0.26
377751,0.12
377753,0.0
377754,0.04
377755,0.07
377756,0.05
377757,0.32
377758,0.13
377759,0.01
377760,0.09
377761,0.24
377762,0.06
377763,0.08
377764,0.12
377765,0.28
377766,0.21
377767,0.03
377768,0.09
377771,0.06
377772,0.04
377773,0.06
377774,0.09
377775,0.12
377776,0.05
377778,0.01
377779,0.01
377780,0.03
377781,0.13
377782,0.03
377783,0.0
377784,0.05
377785,0.02
377786,0.09
377862,0.04
377871,0.05
377930,0.03
377970,0.01
377987,0.1
377988,0.13
377990,0.2
377992,0.13
377995,0.04
378005,0.02
378006,0.0
378011,0.06
378018,0.17
378019,0.1
378023,0.01
378025,0.14
378026,0.16
378027,0.05
378031,0.1
378033,0.01
378034,0.09
378035,0.02
378040,0.08
378041,0.16
378042,0.0
378043,0.06
378044,0.02
378045,0.12
378046,0.15
378047,0.02
378048,0.02
378049,0.13
378051,0.03
378052,0.1
378053,0.11
378054,0.3
378055,0.05
378056,0.07
378057,0.13
378059,0.09
378060,0.04
378061,0.25
378062,0.14
378063,0.1
378065,0.14
378066,0.06
378067,0.08
378068,0.01
378069,0.1
378070,0.05
378096,0.07
378098,0.12
378104,0.13
378105,0.07
378106,0.06
378107,0.12
378108,0.01
378109,0.12
378110,0.09
378111,0.15
378112,0.08
378113,0.1
378114,0.1
378115,0.07
378116,0.23
378117,0.03
378119,0.04
378120,0.03
378121,0.17
378122,0.13
378123,0.08
378124,0.21
378136,0.08
378181,0.03
378184,0.1
378190,0.03
378263,0.03
378300,0.11
378304,0.19
378305,0.15
378311,0.02
378313,0.07
378314,0.0
378317,0.1
378320,0.07
378322,0.06
378325,0.13
378327,0.3
378328,0.06
378329,0.06
378330,0.02
378331,0.05
378334,0.0
378335,0.01
378336,0.05
378339,0.03
378340,0.05
378341,0.06
378342,0.24
378343,0.0
378344,0.09
378345,0.22
378346,0.03
378347,0.25
378348,0.07
378349,0.21
378350,0.25
378351,0.06
378352,0.07
378353,0.05
378354,0.1
378355,0.25
378356,0.16
378427,0.05
378434,0.16
378564,0.02
378671,0.15
378689,0.02
378710,0.22
378755,0.05
378887,0.01
378907,0.18
378924,0.06
378944,0.01
378945,0.11
378991,0.22
379009,0.04
379025,0.17
379046,0.1
379047,0.1
379048,0.05
379052,0.09
379065,0.0
379066,0.21
379076,0.01
379080,0.04
379085,0.08
379086,0.07
379087,0.15
379089,0.05
379094,0.02
379095,0.18
379101,0.04
379102,0.09
379103,0.06
379105,0.17
379108,0.04
379111,0.09
379112,0.18
379113,0.32
379114,0.18
379115,0.06
379116,0.09
379117,0.05
379118,0.05
379119,0.43
379120,0.15
379121,0.02
379123,0.08
379124,0.19
379126,0.04
379127,0.0
379128,0.05
379129,0.07
379131,0.2
379132,0.15
379133,0.12
379134,0.16
379178,0.02
379266,0.13
379268,0.02
379291,0.11
379296,0.09
379301,0.06
379313,0.02
379318,0.34
379319,0.08
379329,0.19
379336,0.11
379348,0.08
379356,0.01
379357,0.08
379363,0.29
379385,0.25
379408,0.01
379432,0.08
379437,0.02
379440,0.03
379456,0.05
379457,0.09
379463,0.14
379464,0.02
379467,0.28
379469,0.05
379470,0.04
379472,0.17
379473,0.1
379474,0.05
379475,0.09
379476,0.1
379481,0.19
379482,0.06
379483,0.1
379484,0.07
379485,0.26
379486,0.02
379487,0.03
379488,0.04
379490,0.05
379491,0.17
379492,0.09
379494,0.0
379495,0.03
379496,0.02
379497,0.01
379500,0.33
379501,0.07
379502,0.15
379503,0.07
379504,0.1
379505,0.06
379506,0.02
379507,0.07
379508,0.14
379509,0.12
379510,0.03
379512,0.01
379513,0.06
379514,0.43
379515,0.05
379516,0.05
379517,0.25
379518,0.04
379520,0.12
379627,0.11
379673,0.18
379674,0.03
379720,0.18
379726,0.05
379730,0.07
379746,0.05
379775,0.1
379776,0.02
379778,0.41
379841,0.0
379921,0.0
379951,0.07
380002,0.1
380003,0.23
380005,0.09
380006,0.21
380010,0.11
380012,0.08
380014,0.21
380015,0.1
380017,0.12
380018,0.14
380019,0.02
380020,0.05
380022,0.02
380023,0.04
380025,0.13
380026,0.11
380028,0.17
380030,0.12
380031,0.03
380032,0.02
380033,0.02
380034,0.1
380035,0.02
380037,0.03
380038,0.11
380039,0.27
380040,0.16
380064,0.08
380065,0.04
380121,0.15
380122,0.08
380130,0.06
380219,0.11
380228,0.08
380229,0.04
380366,0.01
380408,0.15
380414,0.05
380487,0.05
380488,0.12
380489,0.03
380494,0.06
380543,0.05
380553,0.03
380600,0.0
380625,0.25
380635,0.07
380643,0.11
380762,0.04
380773,0.11
380781,0.12
380785,0.17
380787,0.05
380788,0.03
380789,0.0
380797,0.14
380800,0.04
380802,0.09
380805,0.11
380806,0.29
380807,0.46
380811,0.07
380812,0.06
380815,0.02
380816,0.06
380817,0.05
380819,0.21
380823,0.01
380824,0.01
380825,0.08
380826,0.1
380827,0.24
380828,0.06
380830,0.01
380831,0.3
380832,0.09
380833,0.03
380834,0.04
380836,0.22
380837,0.09
380838,0.05
380839,0.0
380840,0.21
380841,0.06
380879,0.1
380901,0.04
380928,0.21
380956,0.07
380979,0.04
381037,0.02
381047,0.04
381074,0.13
381104,0.02
381121,0.33
381130,0.19
381133,0.01
381139,0.0
381141,0.2
381142,0.0
381145,0.01
381152,0.24
381153,0.19
381154,0.41
381156,0.04
381160,0.03
381164,0.33
381168,0.02
381171,0.02
381173,0.08
381174,0.1
381176,0.05
381178,0.23
381179,0.05
381182,0.1
381185,0.09
381187,0.05
381189,0.08
381190,0.02
381191,0.18
381192,0.18
381193,0.05
381194,0.08
381195,0.18
381198,0.02
381199,0.04
381200,0.14
381201,0.07
381202,0.02
381203,0.37
381204,0.21
381205,0.11
381259,0.15
381288,0.17
381289,0.11
381335,0.0
381344,0.03
381367,0.07
381376,0.06
381381,0.17
381397,0.0
381406,0.02
381412,0.06
381421,0.18
381424,0.06
381427,0.1
381428,0.22
381429,0.15
381430,0.25
381434,0.11
381435,0.04
381436,0.06
381437,0.04
381438,0.14
381439,0.07
381444,0.03
381446,0.01
381447,0.17
381449,0.25
381450,0.07
381453,0.29
381454,0.11
381455,0.19
381456,0.18
381457,0.11
381458,0.06
381459,0.1
381460,0.06
381461,0.1
381462,0.24
381463,0.03
381464,0.16
381465,0.09
381466,0.08
381467,0.27
381468,0.2
381469,0.09
381470,0.09
381471,0.28
381472,0.01
381473,0.04
381475,0.12
381476,0.03
381477,0.04
381478,0.04
381479,0.18
381480,0.13
381481,0.0
381482,0.07
381483,0.03
381495,0.03
381545,0.02
381580,0.07
381657,0.27
381674,0.17
381691,0.1
381697,0.12
381704,0.11
381711,0.16
381721,0.17
381728,0.12
381729,0.0
381734,0.0
381735,0.06
381736,0.15
381740,0.29
381742,0.18
381743,0.27
381744,0.0
381747,0.05
381748,0.15
381749,0.08
381750,0.21
381751,0.12
381752,0.05
381753,0.16
381754,0.25
381755,0.36
381756,0.12
381757,0.0
381758,0.05
381759,0.06
381760,0.16
381761,0.22
381762,0.03
381763,0.03
381764,0.23
381765,0.16
381766,0.03
381767,0.12
381768,0.1
381769,0.14
381770,0.04
381772,0.08
381774,0.01
381777,0.09
381861,0.02
381974,0.1
381991,0.04
382024,0.07
382051,0.01
382066,0.01
382067,0.03
382068,0.11
382107,0.06
382108,0.23
382111,0.07
382113,0.02
382114,0.07
382120,0.0
382121,0.21
382122,0.08
382124,0.05
382126,0.04
382131,0.05
382132,0.09
382135,0.07
382136,0.07
382137,0.02
382138,0.1
382140,0.05
382141,0.2
382142,0.03
382143,0.14
382144,0.09
382145,0.1
382146,0.18
382147,0.34
382149,0.1
382150,0.11
382152,0.09
382153,0.13
382164,0.21
382180,0.13
382239,0.11
382275,0.03
382297,0.0
382391,0.07
382392,0.11
382396,0.16
382424,0.08
382471,0.11
382493,0.09
382496,0.11
382504,0.13
382505,0.08
382513,0.0
382517,0.19
382521,0.12
382528,0.05
382530,0.09
382544,0.06
382603,0.26
382604,0.0
382642,0.01
382666,0.03
382699,0.04
382737,0.09
382792,0.27
382796,0.04
382807,0.02
382813,0.11
382817,0.16
382818,0.07
382826,0.07
382845,0.0
382846,0.08
382850,0.26
382851,0.08
382856,0.04
382858,0.05
382859,0.03
382862,0.07
382863,0.01
382865,0.1
382866,0.15
382868,0.04
382870,0.01
382871,0.2
382872,0.31
382873,0.04
382874,0.27
382875,0.04
382876,0.18
382877,0.15
382878,0.09
382879,0.14
382880,0.0
382882,0.11
382883,0.19
382884,0.02
382885,0.04
382886,0.12
382887,0.13
382989,0.03
383009,0.02
383039,0.09
383068,0.04
383072,0.01
383093,0.08
383099,0.17
383167,0.01
383168,0.05
383170,0.1
383171,0.14
383174,0.22
383175,0.03
383176,0.02
383178,0.04
383181,0.33
383182,0.08
383184,0.06
383186,0.12
383187,0.02
383189,0.0
383190,0.04
383191,0.05
383192,0.08
383194,0.07
383195,0.14
383196,0.11
383197,0.06
383198,0.03
383199,0.07
383200,0.04
383201,0.14
383202,0.12
383203,0.02
383204,0.08
383205,0.09
383206,0.11
383207,0.06
383208,0.1
383279,0.08
383335,0.15
383384,0.03
383394,0.13
383400,0.02
383401,0.02
383409,0.14
383410,0.02
383412,0.02
383414,0.07
383419,0.06
383422,0.12
383425,0.04
383426,0.0
383427,0.03
383428,0.21
383429,0.11
383430,0.13
383431,0.05
383433,0.55
383434,0.08
383435,0.02
383436,0.18
383437,0.08
383438,0.16
383439,0.05
383440,0.02
383441,0.15
383442,0.06
383443,0.0
383444,0.03
383445,0.02
383446,0.09
383447,0.01
383448,0.1
383449,0.01
383450,0.06
383451,0.03
383452,0.02
383453,0.07
383454,0.17
383533,0.0
383583,0.2
383608,0.04
383622,0.08
383673,0.2
383804,0.01
383806,0.12
383812,0.08
383814,0.05
383816,0.15
383825,0.12
383827,0.24
383833,0.03
383841,0.06
383842,0.15
383849,0.04
383859,0.01
383883,0.03
383891,0.2
383910,0.01
383925,0.01
383943,0.36
383946,0.29
383959,0.02
383960,0.04
383961,0.04
383962,0.0
383979,0.08
383985,0.11
383990,0.04
383999,0.12
384001,0.24
384003,0.06
384008,0.05
384019,0.09
384020,0.15
384065,0.27
384102,0.07
384154,0.13
384155,0.12
384171,0.09
384177,0.05
384183,0.01
384186,0.03
384198,0.33
384199,0.01
384201,0.1
384203,0.32
384204,0.07
384205,0.06
384207,0.04
384208,0.09
384209,0.26
384210,0.14
384211,0.08
384212,0.05
384215,0.27
384216,0.1
384220,0.17
384221,0.07
384226,0.16
384273,0.03
384287,0.1
384288,0.05
384332,0.21
384365,0.0
384380,0.13
384392,0.09
384412,0.02
384424,0.09
384428,0.05
384429,0.28
384430,0.04
384434,0.06
384480,0.03
384502,0.25
384503,0.03
384504,0.07
384505,0.05
384508,0.03
384519,0.02
384520,0.18
384524,0.02
384528,0.04
384532,0.12
384539,0.1
384542,0.19
384543,0.21
384544,0.0
384546,0.19
384547,0.11
384548,0.2
384549,0.02
384552,0.17
384554,0.09
384556,0.0
384557,0.05
384558,0.21
384559,0.03
384560,0.17
384561,0.24
384562,0.16
384563,0.11
384564,0.05
384565,0.08
384656,0.08
384657,0.0
384672,0.26
384679,0.12
384680,0.02
384689,0.04
384692,0.17
384695,0.26
384710,0.2
384712,0.06
384715,0.11
384735,0.0
384749,0.07
384751,0.05
384753,0.06
384757,0.0
384759,0.05
384761,0.06
384762,0.01
384765,0.11
384775,0.23
384782,0.12
384794,0.04
384798,0.04
384805,0.02
384807,0.21
384812,0.01
384821,0.04
384834,0.06
384847,0.02
384856,0.12
384857,0.11
384858,0.03
384859,0.08
384860,0.21
384861,0.15
384862,0.03
384863,0.05
384864,0.06
384865,0.05
384866,0.21
384867,0.15
384868,0.09
384869,0.28
384870,0.07
384871,0.09
384873,0.04
384874,0.14
384876,0.16
384877,0.0
384878,0.05
384880,0.0
384881,0.04
384882,0.07
384883,0.02
384884,0.18
384885,0.12
384886,0.05
384887,0.06
384969,0.03
385023,0.02
385049,0.16
385081,0.04
385091,0.0
385092,0.01
385093,0.09
385094,0.03
385106,0.21
385107,0.34
385110,0.16
385111,0.02
385113,0.01
385114,0.02
385115,0.24
385117,0.03
385119,0.07
385120,0.26
385121,0.19
385122,0.02
385123,0.0
385125,0.18
385126,0.02
385127,0.1
385128,0.11
385129,0.13
385130,0.01
385131,0.01
385132,0.12
385133,0.25
385134,0.22
385135,0.04
385136,0.14
385137,0.14
385138,0.05
385139,0.11
385140,0.2
385141,0.15
385142,0.04
385143,0.02
385144,0.13
385145,0.24
385146,0.21
385147,0.04
385149,0.04
385151,0.01
385152,0.07
385153,0.02
385197,0.01
385230,0.04
385231,0.12
385252,0.33
385299,0.14
385351,0.2
385376,0.14
385405,0.07
385452,0.15
385479,0.12
385510,0.08
385522,0.27
385524,0.07
385544,0.13
385563,0.07
385566,0.14
385571,0.04
385585,0.0
385586,0.11
385611,0.06
385621,0.04
385623,0.06
385628,0.22
385633,0.03
385634,0.1
385643,0.05
385650,0.12
385656,0.04
385666,0.25
385693,0.22
385705,0.03
385706,0.03
385835,0.09
385847,0.06
385867,0.23
385871,0.13
385872,0.03
385879,0.04
385883,0.09
385884,0.2
385885,0.09
385889,0.06
385893,0.07
385894,0.07
385898,0.09
385899,0.13
385902,0.07
385903,0.06
385904,0.02
385905,0.09
385906,0.17
385907,0.07
385908,0.1
385909,0.07
385910,0.02
385973,0.02
386003,0.18
386013,0.0
386023,0.03
386065,0.0
386072,0.09
386077,0.15
386135,0.0
386141,0.07
386178,0.14
386198,0.14
386200,0.08
386203,0.07
386223,0.12
386225,0.0
386245,0.05
386250,0.07
386253,0.05
386254,0.16
386255,0.06
386262,0.2
386263,0.12
386264,0.0
386267,0.06
386268,0.05
386276,0.12
386279,0.11
386281,0.12
386282,0.26
386283,0.07
386284,0.06
386285,0.08
386286,0.08
386287,0.12
386288,0.03
386289,0.25
386290,0.06
386292,0.02
386293,0.12
386294,0.05
386295,0.21
386296,0.25
386297,0.0
386299,0.1
386300,0.12
386301,0.04
386302,0.05
386303,0.07
386304,0.18
386305,0.15
386307,0.04
386308,0.03
386309,0.03
386310,0.1
386311,0.04
386347,0.09
386350,0.11
386352,0.12
386365,0.06
386378,0.13
386380,0.05
386399,0.11
386458,0.06
386523,0.09
386531,0.11
386545,0.06
386546,0.05
386547,0.05
386549,0.05
386550,0.09
386551,0.09
386552,0.01
386633,0.08
386647,0.01
386665,0.05
386767,0.06
386773,0.03
386774,0.08
386775,0.17
386777,0.1
386785,0.24
386791,0.03
386792,0.05
386795,0.08
386798,0.04
386803,0.18
386805,0.21
386806,0.03
386808,0.0
386811,0.0
386813,0.11
386814,0.08
386817,0.06
386819,0.06
386820,0.08
386821,0.22
386822,0.37
386824,0.02
386825,0.08
386826,0.08
386827,0.15
386828,0.17
386830,0.01
386831,0.12
386832,0.04
386833,0.1
386834,0.2
386835,0.12
386836,0.05
386837,0.18
386838,0.01
386839,0.09
386840,0.05
386841,0.13
386843,0.19
386844,0.11
386845,0.0
386847,0.2
386848,0.06
386849,0.09
386860,0.19
386938,0.05
386940,0.14
386989,0.0
387021,0.07
387193,0.18
387194,0.15
387286,0.09
387291,0.04
387292,0.07
387324,0.02
387325,0.02
387329,0.01
387331,0.04
387333,0.01
387337,0.1
387341,0.09
387342,0.06
387349,0.21
387350,0.04
387351,0.07
387352,0.03
387353,0.09
387355,0.09
387356,0.16
387357,0.02
387358,0.0
387360,0.07
387361,0.05
387362,0.02
387363,0.02
387364,0.0
387365,0.05
387366,0.06
387367,0.15
387368,0.01
387369,0.04
387370,0.02
387371,0.13
387372,0.02
387377,0.07
387378,0.08
387424,0.0
387440,0.05
387447,0.07
387489,0.06
387501,0.0
387526,0.21
387542,0.02
387543,0.07
387544,0.08
387565,0.06
387572,0.02
387577,0.15
387578,0.06
387583,0.03
387584,0.03
387588,0.07
387595,0.28
387596,0.15
387597,0.18
387598,0.03
387662,0.03
387687,0.04
387688,0.04
387689,0.08
387718,0.22
387730,0.04
387753,0.02
387807,0.15
387843,0.12
387848,0.02
387882,0.11
387884,0.02
387892,0.02
387896,0.11
387916,0.14
387920,0.03
387927,0.09
387928,0.05
387929,0.07
387932,0.07
387934,0.15
387937,0.04
387942,0.07
387947,0.07
387948,0.0
387952,0.27
387953,0.03
387954,0.02
387955,0.07
387956,0.05
387957,0.18
387958,0.15
387960,0.03
387961,0.03
387962,0.05
387963,0.09
387964,0.23
387965,0.04
387966,0.13
387967,0.06
387968,0.02
387969,0.04
387970,0.13
387971,0.15
387972,0.06
387973,0.16
388053,0.15
388056,0.03
388057,0.15
388078,0.18
388079,0.03
388127,0.14
388155,0.23
388159,0.06
388169,0.09
388170,0.16
388173,0.04
388174,0.0
388176,0.07
388179,0.14
388182,0.08
388183,0.03
388187,0.14
388189,0.02
388191,0.05
388193,0.05
388194,0.0
388195,0.06
388196,0.0
388198,0.07
388199,0.09
388201,0.19
388202,0.19
388203,0.12
388204,0.14
388206,0.18
388208,0.02
388209,0.03
388210,0.09
388211,0.04
388212,0.05
388213,0.08
388214,0.01
388215,0.28
388216,0.14
388217,0.05
388218,0.12
388219,0.15
388220,0.32
388221,0.05
388222,0.04
388223,0.02
388237,0.22
388238,0.07
388242,0.02
388243,0.03
388248,0.06
388249,0.16
388251,0.12
388253,0.06
388255,0.05
388256,0.2
388258,0.04
388259,0.13
388260,0.18
388262,0.2
388263,0.04
388264,0.03
388265,0.24
388266,0.03
388267,0.1
388269,0.24
388270,0.09
388271,0.06
388272,0.05
388273,0.02
388274,0.16
388275,0.1
388276,0.11
388397,0.09
388428,0.1
388429,0.03
388448,0.09
388449,0.03
388460,0.11
388463,0.29
388465,0.11
388505,0.11
388508,0.14
388511,0.0
388525,0.09
388554,0.1
388561,0.21
388566,0.05
388572,0.01
388574,0.04
388585,0.01
388589,0.02
388590,0.05
388594,0.12
388596,0.07
388616,0.16
388621,0.12
388622,0.1
388627,0.11
388633,0.15
388639,0.0
388647,0.23
388655,0.1
388665,0.13
388667,0.08
388668,0.0
388669,0.07
388679,0.05
388683,0.05
388687,0.06
388688,0.04
388700,0.1
388703,0.08
388704,0.07
388705,0.04
388707,0.01
388712,0.02
388729,0.02
388733,0.04
388748,0.0
388754,0.05
388763,0.14
388777,0.03
388790,0.03
388800,0.24
388801,0.04
388812,0.12
388816,0.17
388835,0.18
388837,0.01
388842,0.0
388847,0.04
388848,0.07
388849,0.05
388850,0.27
388859,0.12
388864,0.04
388865,0.2
388870,0.11
388872,0.05
388873,0.11
388879,0.05
388890,0.15
388898,0.06
388899,0.02
388900,0.04
388913,0.27
388919,0.06
388921,0.39
388929,0.03
388945,0.16
388962,0.13
388963,0.06
388985,0.04
388986,0.1
388992,0.08
388993,0.11
389002,0.15
389006,0.0
389009,0.11
389018,0.11
389048,0.14
389051,0.11
389068,0.09
389069,0.06
389070,0.02
389080,0.08
389085,0.12
389090,0.12
389094,0.16
389097,0.22
389098,0.06
389101,0.15
389104,0.0
389131,0.27
389133,0.09
389134,0.01
389143,0.14
389176,0.1
389181,0.04
389192,0.0
389202,0.05
389222,0.02
389225,0.25
389227,0.09
389239,0.06
389245,0.11
389248,0.12
389258,0.15
389266,0.07
389268,0.09
389277,0.12
389280,0.02
389300,0.03
389319,0.08
389330,0.11
389338,0.03
389356,0.03
389363,0.36
389371,0.12
389377,0.22
389398,0.04
389409,0.08
389415,0.03
389418,0.11
389420,0.07
389426,0.08
389433,0.17
389434,0.05
389440,0.19
389441,0.01
389443,0.32
389448,0.22
389464,0.05
389466,0.0
389471,0.16
389473,0.01
389480,0.19
389481,0.12
389483,0.2
389486,0.02
389490,0.09
389500,0.03
389507,0.07
389509,0.01
389515,0.32
389517,0.07
389523,0.01
389527,0.01
389529,0.28
389532,0.08
389539,0.21
389550,0.01
389551,0.04
389552,0.1
389554,0.12
389563,0.23
389566,0.04
389572,0.16
389573,0.15
389585,0.19
389587,0.01
389589,0.05
389592,0.0
389601,0.11
389603,0.02
389604,0.19
389617,0.19
389618,0.08
389619,0.05
389622,0.04
389623,0.13
389627,0.04
389644,0.39
389667,0.03
389678,0.15
389694,0.04
389700,0.1
389707,0.02
389714,0.03
389717,0.21
389732,0.02
389737,0.19
389741,0.01
389755,0.05
389756,0.22
389763,0.06
389772,0.1
389777,0.02
389778,0.12
389796,0.04
389798,0.13
389805,0.1
389807,0.12
389815,0.13
389818,0.04
389823,0.11
389824,0.06
389831,0.01
389856,0.06
389860,0.02
389862,0.15
389872,0.12
389875,0.04
389878,0.1
389879,0.09
389881,0.05
389895,0.03
389897,0.19
389898,0.07
389924,0.06
389929,0.03
389934,0.16
389947,0.2
389962,0.09
389981,0.01
390003,0.1
390006,0.15
390011,0.01
390041,0.08
390044,0.1
390045,0.03
390047,0.11
390048,0.14
390052,0.24
390056,0.12
390061,0.07
390065,0.17
390070,0.05
390073,0.11
390076,0.06
390087,0.12
390092,0.07
390095,0.11
390099,0.19
390107,0.11
390116,0.03
390130,0.04
390133,0.22
390144,0.15
390155,0.06
390159,0.05
390181,0.08
390183,0.02
390214,0.02
390222,0.03
390230,0.06
390235,0.03
390237,0.08
390242,0.23
390256,0.05
390259,0.14
390261,0.07
390268,0.11
390271,0.05
390274,0.07
390276,0.17
390279,0.13
390283,0.18
390285,0.07
390299,0.15
390316,0.01
390321,0.08
390330,0.03
390343,0.23
390346,0.21
390357,0.03
390359,0.02
390361,0.09
390365,0.04
390366,0.07
390372,0.18
390376,0.1
390378,0.1
390388,0.15
390391,0.05
390400,0.12
390407,0.15
390411,0.13
390419,0.1
390423,0.02
390437,0.03
390445,0.13
390449,0.06
390455,0.08
390465,0.07
390491,0.08
390492,0.08
390494,0.04
390495,0.02
390497,0.01
390504,0.05
390508,0.08
390510,0.14
390512,0.03
390524,0.04
390531,0.02
390558,0.12
390561,0.04
390564,0.02
390569,0.09
390574,0.15
390575,0.06
390587,0.09
390620,0.11
390621,0.06
390633,0.14
390634,0.08
390638,0.09
390639,0.13
390642,0.04
390647,0.19
390648,0.07
390663,0.22
390686,0.03
390688,0.26
390690,0.07
390691,0.1
390696,0.16
390703,0.17
390711,0.03
390722,0.02
390736,0.33
390747,0.24
390752,0.25
390760,0.08
390774,0.02
390777,0.03
390781,0.14
390793,0.04
390838,0.11
390847,0.09
390851,0.15
390854,0.09
390858,0.07
390864,0.04
390871,0.17
390905,0.09
390908,0.15
390910,0.09
390917,0.07
390919,0.01
390920,0.14
390922,0.08
390928,0.11
390929,0.01
390953,0.06
390955,0.02
390959,0.03
390962,0.05
390971,0.07
390972,0.09
390990,0.05
390994,0.11
390997,0.24
391015,0.13
391034,0.16
391038,0.12
391043,0.05
391048,0.04
391049,0.02
391056,0.03
391060,0.04
391072,0.09
391073,0.1
391077,0.16
391086,0.06
391092,0.03
391096,0.11
391118,0.23
391123,0.22
391136,0.11
391137,0.03
391145,0.03
391162,0.03
391164,0.16
391168,0.28
391172,0.06
391184,0.16
391188,0.06
391198,0.17
391207,0.02
391208,0.04
391209,0.2
391230,0.07
391232,0.03
391236,0.07
391237,0.35
391245,0.03
391269,0.09
391274,0.04
391275,0.22
391276,0.05
391279,0.08
391285,0.03
391306,0.02
391310,0.03
391321,0.01
391327,0.05
391341,0.26
391350,0.01
391353,0.03
391354,0.01
391357,0.03
391367,0.37
391371,0.12
391384,0.09
391387,0.08
391388,0.21
391392,0.0
391408,0.0
391433,0.03
391439,0.13
391443,0.09
391445,0.03
391449,0.08
391450,0.1
391461,0.04
391469,0.04
391486,0.01
391487,0.25
391500,0.06
391501,0.05
391505,0.18
391516,0.03
391517,0.0
391522,0.01
391539,0.1
391543,0.28
391546,0.03
391552,0.03
391555,0.05
391564,0.02
391565,0.11
391570,0.0
391586,0.02
391587,0.02
391588,0.05
391590,0.06
391613,0.11
391614,0.15
391617,0.02
391623,0.08
391635,0.17
391653,0.13
391661,0.18
391670,0.11
391682,0.05
391713,0.0
391717,0.21
391726,0.23
391738,0.06
391740,0.02
391741,0.04
391742,0.05
391756,0.08
391765,0.25
391766,0.11
391768,0.16
391771,0.04
391784,0.09
391786,0.14
391791,0.06
391798,0.04
391820,0.24
391831,0.05
391842,0.04
391843,0.0
391853,0.06
391858,0.11
391866,0.27
391867,0.0
391870,0.17
391879,0.05
391903,0.11
391915,0.18
391920,0.01
391929,0.06
391935,0.0
391944,0.03
391945,0.31
391947,0.11
391957,0.09
391960,0.07
391966,0.12
391977,0.02
391983,0.04
391990,0.05
391999,0.04
392010,0.03
392011,0.02
392012,0.15
392013,0.04
392015,0.03
392027,0.03
392029,0.1
392031,0.04
392035,0.06
392042,0.01
392049,0.09
392050,0.13
392062,0.01
392068,0.21
392071,0.05
392079,0.06
392087,0.04
392106,0.15
392111,0.05
392123,0.12
392127,0.09
392132,0.13
392149,0.11
392151,0.09
392175,0.21
392186,0.08
392190,0.2
392196,0.09
392202,0.06
392212,0.12
392221,0.26
392224,0.24
392230,0.01
392232,0.27
392234,0.12
392239,0.12
392240,0.11
392241,0.05
392243,0.14
392250,0.01
392253,0.03
392258,0.09
392260,0.07
392270,0.23
392280,0.09
392283,0.05
392293,0.04
392311,0.09
392316,0.06
392317,0.11
392319,0.13
392328,0.13
392363,0.14
392369,0.12
392371,0.0
392372,0.15
392386,0.08
392389,0.15
392390,0.17
392391,0.12
392398,0.01
392399,0.04
392404,0.14
392405,0.01
392408,0.07
392422,0.14
392423,0.01
392424,0.06
392429,0.1
392430,0.11
392431,0.11
392437,0.02
392450,0.01
392458,0.02
392460,0.11
392469,0.21
392474,0.2
392491,0.18
392495,0.11
392513,0.24
392526,0.08
392527,0.2
392534,0.01
392540,0.34
392554,0.07
392571,0.1
392578,0.03
392583,0.05
392588,0.2
392594,0.09
392604,0.1
392610,0.07
392613,0.17
392619,0.15
392622,0.34
392624,0.03
392629,0.26
392634,0.12
392639,0.01
392649,0.02
392671,0.07
392680,0.26
392682,0.0
392684,0.02
392685,0.24
392686,0.18
392699,0.0
392704,0.05
392709,0.04
392714,0.3
392717,0.04
392727,0.03
392730,0.01
392741,0.08
392754,0.0
392762,0.04
392774,0.27
392775,0.11
392793,0.07
392800,0.06
392809,0.16
392812,0.06
392814,0.08
392820,0.03
392825,0.02
392847,0.05
392849,0.16
392861,0.14
392868,0.09
392880,0.22
392882,0.01
392888,0.07
392905,0.06
392909,0.17
392915,0.07
392925,0.12
392931,0.03
392933,0.05
392935,0.12
392939,0.02
392951,0.03
392960,0.0
392962,0.06
392964,0.09
392970,0.02
392980,0.04
392981,0.04
392985,0.07
392990,0.03
392992,0.17
392998,0.01
392999,0.18
393007,0.09
393009,0.16
393012,0.18
393014,0.06
393015,0.06
393035,0.14
393055,0.05
393056,0.06
393075,0.05
393078,0.02
393094,0.06
393111,0.07
393115,0.08
393117,0.18
393118,0.07
393128,0.19
393129,0.08
393136,0.01
393138,0.07
393139,0.06
393156,0.04
393159,0.41
393168,0.03
393172,0.1
393177,0.26
393189,0.08
393194,0.32
393201,0.06
393202,0.05
393209,0.05
393216,0.23
393218,0.2
393224,0.04
393227,0.14
393232,0.06
393256,0.04
393257,0.06
393258,0.16
393267,0.02
393269,0.1
393275,0.22
393278,0.08
393279,0.22
393312,0.05
393318,0.03
393343,0.04
393351,0.09
393356,0.02
393361,0.17
393370,0.06
393381,0.1
393395,0.08
393405,0.02
393416,0.06
393419,0.16
393430,0.12
393443,0.25
393454,0.26
393478,0.02
393489,0.03
393499,0.16
393503,0.03
393505,0.04
393507,0.08
393526,0.03
393537,0.01
393543,0.01
393555,0.01
393562,0.03
393573,0.17
393587,0.09
393591,0.08
393606,0.03
393621,0.11
393624,0.03
393625,0.28
393628,0.1
393633,0.12
393641,0.04
393642,0.16
393650,0.1
393658,0.12
393669,0.01
393671,0.04
393672,0.02
393680,0.04
393683,0.23
393684,0.03
393691,0.02
393696,0.03
393699,0.01
393708,0.17
393709,0.05
393711,0.28
393720,0.19
393738,0.01
393740,0.01
393762,0.03
393774,0.05
393776,0.07
393778,0.09
393793,0.03
393804,0.12
393818,0.05
393821,0.1
393822,0.21
393833,0.36
393839,0.23
393840,0.11
393843,0.06
393852,0.04
393855,0.06
393860,0.21
393864,0.05
393877,0.27
393882,0.04
393884,0.18
393886,0.04
393892,0.04
393894,0.07
393902,0.09
393909,0.13
393910,0.07
393911,0.05
393934,0.09
393936,0.21
393939,0.18
393940,0.06
393943,0.01
393946,0.11
393950,0.08
393953,0.06
393959,0.28
393974,0.23
393980,0.18
393983,0.03
393985,0.16
393992,0.0
393995,0.07
394008,0.1
394010,0.04
394022,0.04
394062,0.06
394063,0.05
394066,0.03
394069,0.03
394071,0.06
394082,0.01
394087,0.15
394095,0.0
394097,0.3
394106,0.04
394113,0.41
394115,0.36
394125,0.03
394131,0.03
394132,0.08
394141,0.1
394145,0.17
394153,0.36
394159,0.25
394180,0.18
394186,0.04
394200,0.12
394203,0.1
394210,0.01
394214,0.11
394218,0.1
394231,0.16
394240,0.12
394248,0.03
394249,0.05
394254,0.04
394264,0.06
394267,0.1
394269,0.19
394275,0.05
394289,0.0
394295,0.07
394305,0.13
394308,0.02
394317,0.02
394323,0.18
394332,0.08
394336,0.12
394345,0.15
394346,0.08
394347,0.07
394351,0.03
394355,0.18
394360,0.03
394372,0.09
394373,0.05
394374,0.03
394382,0.14
394385,0.19
394409,0.21
394415,0.11
394433,0.02
394445,0.12
394448,0.05
394451,0.08
394467,0.06
394471,0.08
394473,0.09
394474,0.1
394476,0.23
394492,0.06
394502,0.01
394506,0.15
394510,0.15
394515,0.01
394535,0.02
394537,0.2
394539,0.08
394541,0.01
394564,0.0
394567,0.11
394568,0.09
394571,0.09
394576,0.04
394579,0.27
394585,0.08
394588,0.08
394606,0.17
394623,0.03
394632,0.15
394635,0.07
394642,0.05
394653,0.12
394689,0.0
394695,0.03
394699,0.03
394706,0.06
394712,0.17
394721,0.37
394722,0.13
394739,0.05
394742,0.27
394761,0.07
394775,0.09
394777,0.16
394783,0.2
394800,0.11
394803,0.15
394804,0.29
394815,0.11
394835,0.09
394843,0.29
394845,0.19
394847,0.07
394848,0.11
394850,0.09
394857,0.02
394873,0.25
394892,0.09
394898,0.07
394904,0.08
394918,0.2
394920,0.2
394926,0.04
394927,0.03
394940,0.13
394942,0.03
394943,0.22
394959,0.08
394977,0.27
394991,0.13
395014,0.19
395027,0.19
395042,0.13
395062,0.19
395063,0.16
395064,0.08
395076,0.11
395085,0.11
395095,0.02
395100,0.01
395105,0.11
395108,0.0
395110,0.09
395114,0.24
395123,0.15
395131,0.1
395144,0.03
395152,0.06
395159,0.15
395166,0.04
395197,0.07
395210,0.05
395212,0.07
395216,0.15
395218,0.19
395224,0.08
395225,0.14
395233,0.04
395237,0.05
395246,0.07
395248,0.2
395262,0.07
395271,0.02
395275,0.05
395286,0.08
395316,0.09
395318,0.2
395328,0.15
395334,0.09
395337,0.15
395338,0.1
395346,0.05
395365,0.13
395373,0.13
395383,0.3
395387,0.05
395391,0.02
395401,0.21
395432,0.01
395443,0.03
395447,0.15
395448,0.07
395450,0.14
395456,0.06
395459,0.15
395462,0.09
395488,0.1
395492,0.07
395495,0.04
395504,0.08
395507,0.15
395508,0.13
395509,0.03
395513,0.1
395515,0.09
395517,0.41
395520,0.13
395524,0.13
395525,0.01
395533,0.07
395538,0.02
395545,0.03
395553,0.11
395576,0.11
395585,0.2
395590,0.06
395593,0.03
395595,0.06
395603,0.19
395604,0.04
395611,0.11
395612,0.02
395617,0.02
395624,0.02
395653,0.1
395665,0.0
395668,0.08
395672,0.08
395677,0.15
395692,0.01
395693,0.12
395694,0.01
395696,0.24
395699,0.05
395703,0.11
395712,0.05
395731,0.09
395732,0.08
395735,0.08
395736,0.08
395744,0.13
395763,0.03
395771,0.11
395774,0.04
395784,0.09
395790,0.04
395792,0.3
395796,0.01
395808,0.05
395810,0.1
395814,0.14
395831,0.02
395836,0.14
395837,0.06
395852,0.06
395854,0.0
395856,0.08
395857,0.12
395860,0.01
395862,0.03
395875,0.01
395880,0.01
395893,0.15
395900,0.02
395908,0.04
395921,0.25
395922,0.03
395926,0.05
395933,0.06
395936,0.04
395940,0.08
395951,0.1
395964,0.09
395969,0.1
395971,0.07
395973,0.08
395975,0.17
395984,0.21
395993,0.0
396012,0.19
396033,0.2
396035,0.04
396036,0.18
396041,0.03
396048,0.24
396049,0.06
396057,0.01
396060,0.05
396063,0.07
396078,0.06
396085,0.11
396087,0.06
396094,0.1
396104,0.01
396110,0.03
396123,0.04
396139,0.03
396160,0.02
396165,0.17
396169,0.02
396182,0.04
396200,0.39
396201,0.06
396202,0.04
396216,0.07
396227,0.11
396236,0.06
396240,0.09
396249,0.11
396252,0.02
396253,0.14
396276,0.12
396297,0.26
396301,0.0
396310,0.1
396327,0.02
396330,0.08
396331,0.1
396334,0.09
396337,0.09
396343,0.08
396346,0.05
396350,0.16
396368,0.04
396375,0.37
396378,0.16
396380,0.16
396393,0.07
396397,0.06
396403,0.05
396404,0.22
396408,0.01
396414,0.03
396418,0.21
396420,0.0
396426,0.04
396428,0.05
396434,0.09
396435,0.06
396437,0.02
396442,0.1
396444,0.0
396449,0.01
396453,0.07
396464,0.04
396474,0.02
396483,0.03
396496,0.12
396501,0.1
396505,0.14
396506,0.02
396512,0.01
396513,0.26
396518,0.03
396530,0.1
396542,0.13
396549,0.1
396553,0.09
396555,0.18
396557,0.14
396562,0.12
396566,0.07
396588,0.05
396589,0.12
396590,0.1
396597,0.05
396602,0.02
396609,0.19
396614,0.28
396617,0.15
396620,0.14
396625,0.24
396638,0.08
396640,0.04
396646,0.08
396648,0.01
396653,0.11
396663,0.07
396668,0.07
396670,0.07
396678,0.03
396681,0.07
396698,0.04
396699,0.07
396710,0.08
396713,0.07
396729,0.0
396732,0.1
396735,0.3
396752,0.06
396754,0.08
396761,0.09
396769,0.06
396777,0.04
396789,0.13
396790,0.02
396792,0.09
396824,0.2
396829,0.02
396830,0.01
396844,0.1
396849,0.01
396855,0.27
396864,0.14
396865,0.15
396866,0.02
396883,0.0
396889,0.09
396893,0.06
396900,0.11
396904,0.06
396912,0.05
396916,0.01
396922,0.04
396926,0.04
396928,0.07
396931,0.23
396944,0.09
396949,0.01
396952,0.19
396979,0.13
396984,0.02
396986,0.02
396992,0.02
396995,0.31
397014,0.08
397025,0.02
397046,0.27
397047,0.08
397051,0.05
397052,0.05
397058,0.05
397071,0.05
397081,0.02
397084,0.09
397086,0.25
397088,0.06
397090,0.3
397093,0.11
397106,0.07
397109,0.26
397110,0.17
397118,0.03
397119,0.04
397120,0.05
397127,0.02
397128,0.1
397129,0.03
397132,0.03
397138,0.04
397139,0.14
397146,0.26
397148,0.16
397149,0.13
397166,0.01
397167,0.26
397168,0.06
397171,0.22
397178,0.18
397185,0.03
397191,0.09
397195,0.06
397197,0.13
397198,0.03
397211,0.08
397213,0.02
397216,0.02
397219,0.11
397226,0.09
397241,0.1
397249,0.09
397261,0.1
397265,0.04
397281,0.04
397304,0.03
397306,0.03
397325,0.1
397327,0.0
397345,0.23
397360,0.06
397378,0.1
397383,0.09
397384,0.1
397399,0.1
397415,0.01
397433,0.03
397444,0.28
397452,0.18
397458,0.03
397460,0.22
397462,0.1
397464,0.04
397466,0.18
397472,0.1
397474,0.05
397476,0.07
397482,0.17
397492,0.12
397494,0.01
397501,0.14
397507,0.1
397512,0.14
397513,0.07
397517,0.02
397533,0.1
397549,0.26
397560,0.03
397562,0.03
397570,0.19
397575,0.03
397584,0.01
397585,0.03
397593,0.03
397609,0.09
397615,0.02
397630,0.14
397631,0.07
397633,0.09
397641,0.08
397664,0.04
397668,0.0
397674,0.04
397679,0.17
397681,0.1
397694,0.02
397695,0.08
397707,0.23
397713,0.2
397714,0.11
397715,0.01
397724,0.05
397726,0.08
397729,0.02
397739,0.01
397741,0.01
397759,0.09
397761,0.01
397767,0.04
397776,0.24
397782,0.2
397785,0.09
397789,0.05
397793,0.12
397794,0.07
397804,0.02
397815,0.02
397816,0.07
397825,0.09
397857,0.13
397861,0.16
397890,0.12
397891,0.17
397900,0.09
397903,0.08
397911,0.08
397925,0.2
397928,0.12
397954,0.02
397955,0.01
397962,0.15
397971,0.06
397975,0.16
397984,0.1
397989,0.02
397993,0.13
398004,0.05
398032,0.24
398038,0.06
398043,0.02
398046,0.03
398051,0.15
398061,0.0
398082,0.04
398086,0.02
398087,0.05
398088,0.16
398093,0.08
398103,0.05
398106,0.04
398109,0.05
398110,0.08
398113,0.04
398116,0.19
398132,0.01
398135,0.07
398138,0.04
398159,0.14
398163,0.28
398165,0.13
398166,0.12
398173,0.1
398179,0.07
398181,0.11
398189,0.02
398196,0.1
398206,0.11
398208,0.02
398220,0.07
398231,0.03
398234,0.42
398239,0.06
398254,0.03
398260,0.03
398261,0.01
398269,0.18
398274,0.06
398279,0.09
398280,0.09
398292,0.09
398293,0.15
398295,0.16
398329,0.01
398337,0.11
398344,0.04
398347,0.07
398348,0.35
398352,0.04
398355,0.1
398360,0.25
398363,0.06
398368,0.03
398373,0.15
398377,0.05
398384,0.07
398389,0.06
398394,0.19
398397,0.01
398400,0.03
398409,0.04
398429,0.05
398432,0.08
398444,0.45
398446,0.25
398456,0.04
398461,0.09
398473,0.05
398480,0.12
398481,0.05
398485,0.1
398488,0.35
398500,0.14
398520,0.19
398524,0.16
398534,0.13
398554,0.02
398572,0.09
398580,0.15
398586,0.0
398592,0.2
398606,0.1
398619,0.11
398621,0.14
398625,0.08
398645,0.32
398652,0.33
398656,0.04
398661,0.2
398667,0.07
398669,0.06
398676,0.05
398690,0.03
398699,0.27
398715,0.05
398718,0.06
398721,0.04
398729,0.06
398737,0.13
398738,0.32
398752,0.15
398757,0.04
398759,0.1
398764,0.3
398771,0.08
398773,0.03
398775,0.03
398779,0.13
398791,0.28
398807,0.09
398811,0.04
398814,0.04
398817,0.08
398829,0.01
398830,0.02
398838,0.04
398839,0.14
398841,0.09
398850,0.03
398852,0.05
398858,0.13
398859,0.19
398862,0.13
398870,0.12
398875,0.24
398902,0.05
398910,0.04
398919,0.12
398929,0.04
398935,0.08
398940,0.1
398953,0.21
398956,0.03
398963,0.1
398966,0.2
398967,0.24
398968,0.04
398974,0.27
398976,0.06
398982,0.2
398993,0.14
399011,0.09
399016,0.04
399017,0.0
399020,0.12
399047,0.1
399053,0.24
399056,0.02
399061,0.04
399066,0.1
399074,0.09
399086,0.03
399088,0.04
399091,0.12
399092,0.26
399093,0.08
399100,0.08
399124,0.05
399131,0.19
399142,0.04
399149,0.02
399158,0.14
399160,0.09
399167,0.0
399169,0.06
399171,0.01
399174,0.03
399178,0.09
399179,0.21
399184,0.09
399185,0.1
399186,0.14
399191,0.08
399192,0.02
399195,0.24
399212,0.13
399221,0.09
399223,0.28
399230,0.12
399246,0.1
399260,0.23
399261,0.09
399266,0.06
399289,0.12
399293,0.08
399299,0.04
399306,0.02
399321,0.02
399328,0.04
399344,0.01
399352,0.03
399358,0.03
399374,0.05
399382,0.29
399385,0.04
399388,0.02
399399,0.01
399410,0.01
399417,0.0
399423,0.03
399427,0.03
399429,0.1
399435,0.02
399439,0.1
399451,0.04
399454,0.04
399458,0.14
399468,0.02
399477,0.03
399483,0.06
399493,0.07
399494,0.07
399499,0.04
399503,0.08
399510,0.01
399511,0.02
399525,0.12
399528,0.02
399533,0.04
399538,0.17
399551,0.12
399568,0.22
399571,0.11
399585,0.04
399589,0.12
399595,0.04
399598,0.03
399605,0.06
399616,0.04
399617,0.02
399622,0.05
399627,0.09
399635,0.14
399639,0.29
399641,0.05
399643,0.18
399659,0.0
399667,0.02
399683,0.04
399702,0.15
399706,0.26
399720,0.04
399727,0.08
399730,0.12
399734,0.1
399751,0.11
399754,0.19
399759,0.14
399768,0.02
399770,0.05
399781,0.09
399786,0.02
399799,0.02
399811,0.13
399813,0.05
399820,0.12
399832,0.08
399851,0.16
399853,0.07
399855,0.16
399860,0.12
399876,0.29
399877,0.03
399881,0.1
399882,0.02
399903,0.0
399906,0.16
399912,0.21
399915,0.07
399921,0.01
399935,0.09
399936,0.2
399938,0.04
399939,0.03
399940,0.02
399949,0.08
399953,0.05
399959,0.26
399968,0.02
399969,0.01
399972,0.03
399974,0.03
399976,0.02
399979,0.05
399988,0.09
399994,0.14
399996,0.29
399997,0.1
400000,0.06
400004,0.04
400011,0.09
400014,0.2
400015,0.03
400017,0.14
400046,0.2
400063,0.1
400065,0.05
400069,0.01
400075,0.03
400088,0.03
400091,0.12
400105,0.11
400108,0.15
400113,0.14
400119,0.05
400123,0.06
400127,0.06
400136,0.11
400137,0.06
400138,0.09
400158,0.09
400172,0.07
400174,0.09
400224,0.09
400229,0.18
400236,0.14
400240,0.04
400249,0.05
400258,0.07
400268,0.05
400272,0.0
400284,0.04
400292,0.2
400295,0.08
400308,0.13
400314,0.2
400315,0.05
400331,0.2
400332,0.11
400339,0.04
400342,0.1
400361,0.12
400363,0.05
400365,0.03
400374,0.11
400379,0.06
400382,0.07
400416,0.09
400422,0.16
400436,0.14
400460,0.03
400462,0.19
400468,0.15
400482,0.03
400489,0.03
400490,0.1
400501,0.05
400519,0.02
400525,0.22
400526,0.03
400529,0.32
400540,0.09
400543,0.09
400545,0.03
400556,0.17
400572,0.03
400584,0.0
400589,0.16
400593,0.32
400597,0.0
400616,0.04
400642,0.15
400643,0.02
400649,0.09
400672,0.11
400685,0.0
400693,0.12
400695,0.15
400701,0.03
400720,0.1
400741,0.05
400745,0.23
400750,0.02
400779,0.19
400784,0.06
400792,0.07
400800,0.07
400811,0.02
400813,0.27
400820,0.06
400830,0.05
400833,0.02
400834,0.04
400841,0.02
400855,0.3
400856,0.14
400860,0.16
400866,0.01
400869,0.07
400870,0.17
400880,0.07
400882,0.03
400915,0.09
400921,0.16
400923,0.15
400925,0.01
400936,0.02
400943,0.11
400962,0.01
400963,0.11
400967,0.07
400970,0.18
400975,0.0
400981,0.25
400983,0.16
400987,0.1
400988,0.01
400994,0.1
400998,0.16
401002,0.05
401003,0.09
401005,0.08
401007,0.02
401022,0.23
401029,0.28
401035,0.11
401036,0.15
401040,0.03
401045,0.11
401053,0.03
401065,0.03
401067,0.05
401069,0.0
401073,0.21
401074,0.06
401078,0.07
401082,0.27
401086,0.03
401092,0.18
401097,0.09
401098,0.08
401099,0.14
401100,0.15
401107,0.06
401119,0.2
401120,0.09
401137,0.24
401142,0.19
401162,0.07
401163,0.18
401172,0.09
401179,0.16
401182,0.06
401184,0.35
401190,0.04
401207,0.05
401210,0.08
401220,0.06
401225,0.06
401230,0.15
401240,0.02
401246,0.11
401256,0.26
401273,0.02
401274,0.17
401287,0.02
401292,0.19
401305,0.14
401310,0.04
401311,0.05
401321,0.02
401332,0.02
401338,0.0
401345,0.13
401368,0.04
401375,0.26
401378,0.03
401379,0.02
401395,0.12
401403,0.04
401406,0.04
401415,0.14
401424,0.02
401425,0.05
401428,0.23
401430,0.09
401436,0.02
401440,0.09
401443,0.22
401447,0.04
401448,0.04
401450,0.15
401459,0.19
401462,0.1
401470,0.35
401479,0.23
401481,0.04
401486,0.22
401496,0.02
401497,0.09
401502,0.07
401508,0.12
401513,0.03
401517,0.28
401519,0.29
401533,0.22
401536,0.2
401547,0.01
401581,0.05
401582,0.1
401586,0.13
401593,0.24
401603,0.1
401621,0.15
401625,0.09
401635,0.26
401646,0.07
401649,0.05
401660,0.1
401668,0.1
401686,0.02
401706,0.12
401712,0.05
401721,0.07
401725,0.15
401730,0.17
401741,0.04
401743,0.12
401748,0.02
401751,0.01
401770,0.03
401791,0.01
401792,0.15
401808,0.11
401816,0.04
401820,0.06
401821,0.03
401828,0.0
401830,0.27
401832,0.05
401839,0.16
401852,0.04
401868,0.09
401876,0.03
401879,0.27
401882,0.01
401894,0.01
401899,0.2
401901,0.25
401913,0.02
401919,0.1
401920,0.02
401923,0.03
401924,0.11
401932,0.18
401942,0.23
401949,0.18
401950,0.12
401951,0.04
401952,0.16
401971,0.23
401972,0.0
401973,0.13
401974,0.14
401983,0.07
401984,0.01
401988,0.11
401989,0.04
401990,0.0
402024,0.05
402029,0.05
402030,0.23
402041,0.04
402042,0.16
402043,0.02
402052,0.2
402053,0.0
402054,0.01
402057,0.06
402067,0.1
402068,0.0
402069,0.28
402070,0.06
402071,0.05
402073,0.03
402074,0.06
402075,0.21
402076,0.18
402077,0.09
402078,0.3
402079,0.1
402080,0.03
402081,0.14
402082,0.01
402089,0.07
402090,0.16
402091,0.07
402092,0.04
402094,0.07
402095,0.0
402096,0.09
402109,0.06
402151,0.11
402152,0.11
402153,0.08
402155,0.04
402201,0.07
402210,0.09
402212,0.16
402218,0.03
402227,0.14
402234,0.12
402236,0.0
402242,0.04
402243,0.06
402244,0.31
402245,0.06
402250,0.1
402251,0.04
402254,0.21
402255,0.22
402256,0.06
402257,0.19
402258,0.16
402259,0.04
402260,0.07
402261,0.29
402262,0.05
402263,0.19
402264,0.02
402265,0.07
402266,0.11
402267,0.11
402268,0.01
402270,0.01
402271,0.04
402272,0.27
402273,0.15
402274,0.06
402275,0.04
402276,0.06
402277,0.23
402278,0.06
402279,0.11
402280,0.08
402362,0.09
402363,0.03
402364,0.1
402370,0.05
402376,0.05
402381,0.14
402384,0.05
402389,0.02
402414,0.1
402416,0.01
402417,0.08
402420,0.09
402426,0.03
402436,0.07
402444,0.05
402447,0.02
402449,0.03
402454,0.1
402458,0.16
402460,0.03
402466,0.01
402475,0.18
402498,0.15
402502,0.02
402505,0.11
402509,0.05
402513,0.17
402517,0.01
402519,0.1
402522,0.31
402523,0.22
402525,0.05
402528,0.16
402534,0.05
402536,0.05
402542,0.04
402548,0.17
402552,0.15
402559,0.07
402563,0.0
402568,0.09
402573,0.16
402574,0.07
402575,0.01
402577,0.04
402602,0.02
402603,0.19
402604,0.06
402614,0.07
402615,0.14
402616,0.01
402617,0.15
402618,0.05
402619,0.01
402639,0.13
402640,0.06
402641,0.32
402642,0.03
402643,0.0
402644,0.03
402645,0.1
402649,0.03
402650,0.15
402653,0.03
402654,0.01
402655,0.18
402656,0.15
402657,0.01
402658,0.03
402659,0.03
402662,0.03
402696,0.03
402705,0.1
402707,0.05
402708,0.08
402709,0.13
402729,0.09
402730,0.08
402732,0.11
402739,0.05
402740,0.09
402741,0.07
402744,0.43
402745,0.18
402746,0.06
402772,0.15
402773,0.06
402774,0.03
402780,0.12
402781,0.07
402782,0.08
402790,0.05
402803,0.15
402808,0.1
402809,0.0
402810,0.06
402811,0.04
402815,0.16
402820,0.04
402821,0.16
402822,0.02
402824,0.15
402825,0.04
402870,0.04
402875,0.01
402924,0.07
402925,0.04
402926,0.01
402927,0.02
402928,0.06
402929,0.07
402930,0.11
402931,0.04
402932,0.04
402933,0.11
402940,0.23
402953,0.04
402954,0.09
402955,0.1
402956,0.08
402957,0.03
402970,0.03
402973,0.07
402974,0.04
402975,0.03
402976,0.33
402977,0.02
402978,0.06
402979,0.05
402980,0.12
402981,0.11
402982,0.22
402993,0.04
402994,0.1
403099,0.05
403137,0.04
403138,0.05
403165,0.09
403192,0.21
403214,0.23
403223,0.02
403238,0.1
403244,0.28
403246,0.07
403252,0.05
403254,0.13
403255,0.11
403259,0.05
403262,0.08
403277,0.02
403280,0.2
403281,0.11
403287,0.05
403315,0.14
403318,0.18
403319,0.01
403327,0.08
403331,0.03
403342,0.25
403349,0.1
403353,0.07
403364,0.13
403369,0.1
403373,0.16
403376,0.16
403378,0.04
403384,0.14
403385,0.03
403386,0.05
403388,0.12
403396,0.0
403398,0.05
403404,0.03
403410,0.16
403414,0.07
403417,0.03
403422,0.06
403424,0.09
403438,0.01
403451,0.04
403452,0.08
403453,0.01
403454,0.13
403455,0.06
403464,0.08
403465,0.13
403466,0.06
403500,0.11
403501,0.1
403524,0.23
403525,0.12
403526,0.05
403527,0.16
403542,0.08
403543,0.0
403549,0.07
403550,0.04
403551,0.08
403552,0.08
403553,0.02
403554,0.08
403558,0.02
403559,0.04
403560,0.43
403561,0.16
403562,0.13
403564,0.19
403565,0.14
403566,0.05
403600,0.18
403602,0.04
403603,0.03
403662,0.0
403685,0.0
403686,0.01
403687,0.09
403688,0.22
403689,0.32
403690,0.42
403691,0.13
403692,0.09
403696,0.01
403697,0.18
403698,0.02
403699,0.18
403701,0.06
403702,0.08
403703,0.03
403704,0.05
403705,0.04
403712,0.07
403713,0.03
403714,0.17
403715,0.07
403718,0.04
403722,0.17
403723,0.04
403724,0.2
403725,0.03
403726,0.0
403764,0.07
403765,0.0
403766,0.07
403770,0.25
403771,0.03
403772,0.24
403795,0.16
403799,0.05
403800,0.04
403801,0.07
403802,0.17
403803,0.23
403811,0.08
403814,0.01
403815,0.06
403816,0.02
403817,0.04
403818,0.23
403820,0.03
403821,0.06
403822,0.06
403823,0.02
403824,0.07
403825,0.04
403826,0.02
403828,0.08
403834,0.03
403836,0.18
403837,0.11
403838,0.09
403839,0.02
403873,0.03
403876,0.16
403902,0.04
403918,0.12
403922,0.15
403928,0.24
403929,0.19
403931,0.07
403932,0.02
403933,0.17
403935,0.01
403936,0.2
403937,0.23
403938,0.06
403943,0.03
403944,0.02
403945,0.04
403946,0.2
403948,0.1
403951,0.17
403955,0.02
403956,0.11
403957,0.19
403958,0.09
403960,0.13
403961,0.04
403962,0.03
403963,0.06
403964,0.18
403965,0.12
403966,0.23
403967,0.06
403968,0.26
403969,0.1
403970,0.1
403971,0.1
403972,0.27
403973,0.05
403974,0.3
403975,0.04
403976,0.03
403977,0.03
403978,0.05
403979,0.04
403980,0.2
403981,0.14
403982,0.02
404062,0.1
404067,0.02
404070,0.01
404079,0.06
404084,0.06
404108,0.2
404112,0.03
404118,0.04
404121,0.01
404122,0.08
404126,0.12
404140,0.08
404152,0.12
404156,0.32
404158,0.04
404160,0.05
404172,0.02
404174,0.06
404180,0.03
404186,0.07
404190,0.22
404192,0.09
404206,0.0
404207,0.43
404213,0.05
404216,0.05
404220,0.1
404227,0.02
404235,0.01
404247,0.18
404259,0.03
404266,0.07
404267,0.09
404274,0.31
404276,0.16
404277,0.0
404278,0.05
404279,0.02
404280,0.08
404287,0.06
404288,0.15
404289,0.04
404290,0.28
404291,0.0
404293,0.06
404302,0.04
404303,0.0
404304,0.11
404307,0.08
404308,0.02
404309,0.17
404310,0.12
404311,0.33
404312,0.11
404323,0.16
404324,0.12
404325,0.05
404326,0.0
404327,0.14
404328,0.01
404329,0.06
404330,0.13
404331,0.02
404335,0.12
404336,0.02
404337,0.24
404364,0.11
404379,0.06
404380,0.3
404381,0.1
404382,0.06
404385,0.07
404390,0.04
404391,0.04
404392,0.23
404393,0.14
404396,0.05
404400,0.01
404401,0.08
404402,0.04
404403,0.23
404404,0.12
404405,0.2
404406,0.0
404437,0.11
404439,0.11
404461,0.12
404462,0.21
404464,0.0
404468,0.1
404469,0.1
404470,0.06
404471,0.09
404472,0.08
404473,0.05
404474,0.01
404475,0.13
404477,0.04
404478,0.11
404554,0.08
404555,0.14
404556,0.06
404557,0.05
404569,0.07
404571,0.01
404585,0.14
404586,0.05
404592,0.36
404595,0.01
404596,0.06
404597,0.04
404603,0.19
404606,0.11
404607,0.09
404608,0.07
404609,0.05
404620,0.11
404689,0.02
404708,0.02
404734,0.18
404771,0.19
404806,0.08
404818,0.21
404850,0.03
404870,0.02
404923,0.02
404934,0.11
404938,0.03
404954,0.05
404957,0.1
404963,0.07
404964,0.04
404969,0.09
404970,0.04
404979,0.12
404997,0.01
404998,0.15
405009,0.22
405016,0.01
405018,0.06
405035,0.09
405036,0.05
405038,0.13
405047,0.06
405055,0.01
405060,0.19
405066,0.05
405081,0.08
405084,0.11
405089,0.12
405098,0.09
405100,0.17
405114,0.05
405118,0.12
405119,0.19
405120,0.05
405121,0.23
405124,0.05
405125,0.13
405132,0.24
405179,0.04
405193,0.02
405194,0.18
405195,0.06
405206,0.04
405207,0.02
405211,0.01
405215,0.03
405217,0.1
405219,0.03
405220,0.11
405231,0.07
405232,0.1
405291,0.16
405316,0.02
405317,0.03
405318,0.07
405319,0.01
405320,0.1
405325,0.0
405326,0.01
405333,0.03
405334,0.23
405349,0.18
405351,0.09
405353,0.02
405354,0.21
405361,0.11
405362,0.11
405363,0.08
405364,0.16
405365,0.1
405366,0.26
405372,0.1
405397,0.04
405402,0.05
405409,0.1
405410,0.21
405411,0.02
405412,0.05
405435,0.15
405436,0.03
405438,0.25
405442,0.13
405443,0.16
405444,0.01
405445,0.11
405446,0.02
405468,0.06
405489,0.07
405490,0.16
405498,0.01
405509,0.13
405510,0.01
405511,0.12
405512,0.04
405517,0.07
405518,0.05
405523,0.0
405544,0.03
405546,0.06
405552,0.22
405583,0.04
405592,0.15
405599,0.05
405602,0.13
405607,0.0
405613,0.17
405620,0.26
405624,0.18
405625,0.07
405626,0.0
405632,0.1
405633,0.01
405637,0.11
405640,0.23
405642,0.11
405646,0.0
405647,0.09
405650,0.25
405653,0.16
405654,0.07
405660,0.04
405666,0.15
405667,0.03
405668,0.02
405669,0.11
405671,0.03
405672,0.01
405673,0.02
405674,0.05
405675,0.05
405676,0.09
405677,0.01
405679,0.06
405680,0.21
405682,0.1
405683,0.05
405684,0.08
405685,0.08
405687,0.07
405689,0.01
405690,0.01
405691,0.26
405692,0.11
405693,0.02
405695,0.04
405696,0.15
405697,0.01
405698,0.15
405699,0.05
405700,0.28
405701,0.15
405702,0.13
405761,0.05
405765,0.06
405769,0.05
405784,0.05
405811,0.02
405814,0.07
405816,0.08
405818,0.09
405821,0.07
405822,0.05
405838,0.06
405841,0.13
405846,0.08
405855,0.06
405857,0.05
405858,0.06
405860,0.0
405861,0.23
405871,0.14
405879,0.02
405880,0.16
405886,0.06
405901,0.05
405904,0.21
405905,0.01
405906,0.07
405927,0.08
405930,0.16
405944,0.05
405946,0.04
405954,0.21
405963,0.13
405964,0.01
405965,0.08
405966,0.21
405970,0.03
405971,0.02
405992,0.21
405996,0.02
405999,0.01
406002,0.11
406003,0.01
406004,0.0
406005,0.03
406006,0.04
406007,0.26
406008,0.16
406028,0.03
406029,0.07
406043,0.01
406044,0.02
406045,0.24
406046,0.2
406048,0.02
406050,0.03
406051,0.01
406052,0.2
406053,0.12
406077,0.18
406082,0.07
406083,0.43
406084,0.07
406098,0.06
406099,0.08
406100,0.31
406113,0.26
406114,0.08
406115,0.12
406116,0.03
406117,0.01
406127,0.13
406128,0.06
406129,0.17
406132,0.0
406133,0.03
406134,0.06
406135,0.22
406136,0.07
406137,0.09
406138,0.14
406139,0.14
406142,0.12
406143,0.17
406175,0.07
406176,0.09
406177,0.05
406194,0.04
406195,0.0
406208,0.07
406210,0.18
406216,0.12
406217,0.17
406227,0.04
406228,0.01
406253,0.03
406254,0.07
406260,0.09
406267,0.1
406269,0.05
406276,0.17
406277,0.03
406279,0.05
406288,0.07
406297,0.14
406308,0.05
406310,0.27
406320,0.04
406336,0.01
406352,0.02
406365,0.07
406369,0.24
406371,0.06
406401,0.16
406408,0.07
406409,0.02
406475,0.34
406492,0.02
406510,0.16
406519,0.12
406565,0.16
406584,0.02
406596,0.02
406598,0.04
406605,0.21
406609,0.05
406610,0.1
406611,0.02
406654,0.09
406670,0.13
406675,0.24
406681,0.13
406682,0.02
406695,0.0
406697,0.14
406712,0.04
406719,0.01
406725,0.1
406734,0.05
406743,0.18
406778,0.12
406784,0.07
406786,0.03
406791,0.2
406792,0.16
406803,0.12
406812,0.08
406813,0.02
406814,0.08
406841,0.05
406842,0.11
406843,0.14
406848,0.16
406861,0.0
406862,0.17
406863,0.02
406864,0.03
406865,0.13
406871,0.15
406872,0.12
406873,0.3
406893,0.04
406919,0.09
406920,0.02
406921,0.13
406923,0.15
406924,0.05
406925,0.05
406926,0.14
406927,0.12
406936,0.02
406937,0.26
406938,0.0
406939,0.05
406940,0.13
406941,0.03
406952,0.06
406953,0.05
406954,0.16
406962,0.21
406963,0.34
406964,0.03
406965,0.28
406966,0.08
406967,0.02
406968,0.11
406969,0.13
406970,0.19
406971,0.01
406972,0.28
406973,0.06
406974,0.09
406975,0.06
406976,0.03
406977,0.08
406985,0.05
406987,0.02
407025,0.08
407031,0.05
407033,0.3
407039,0.09
407041,0.07
407044,0.14
407046,0.16
407053,0.12
407061,0.07
407069,0.05
407070,0.15
407072,0.06
407073,0.04
407081,0.15
407082,0.14
407088,0.02
407091,0.15
407097,0.03
407104,0.17
407105,0.28
407106,0.04
407121,0.07
407128,0.05
407137,0.04
407144,0.14
407145,0.15
407154,0.17
407162,0.16
407164,0.17
407168,0.19
407203,0.1
407210,0.16
407215,0.04
407218,0.07
407228,0.15
407262,0.21
407274,0.3
407280,0.22
407288,0.03
407298,0.03
407299,0.3
407302,0.23
407303,0.18
407305,0.11
407306,0.15
407307,0.07
407313,0.05
407314,0.04
407315,0.06
407316,0.07
407322,0.16
407323,0.05
407324,0.08
407325,0.04
407329,0.01
407330,0.2
407332,0.0
407333,0.17
407334,0.03
407335,0.25
407336,0.13
407337,0.16
407338,0.19
407339,0.01
407340,0.03
407341,0.1
407342,0.05
407343,0.11
407344,0.02
407345,0.01
407346,0.06
407353,0.04
407364,0.06
407365,0.01
407366,0.07
407370,0.14
407373,0.18
407376,0.12
407386,0.0
407388,0.06
407391,0.07
407393,0.06
407427,0.06
407452,0.07
407454,0.06
407457,0.03
407462,0.07
407463,0.08
407468,0.19
407469,0.18
407478,0.07
407482,0.01
407487,0.35
407489,0.23
407498,0.33
407516,0.19
407519,0.02
407528,0.14
407532,0.23
407534,0.3
407543,0.08
407546,0.27
407550,0.07
407555,0.07
407558,0.13
407587,0.03
407588,0.05
407594,0.07
407596,0.12
407598,0.04
407602,0.01
407605,0.1
407613,0.1
407619,0.25
407625,0.02
407627,0.03
407629,0.16
407631,0.15
407633,0.06
407636,0.14
407645,0.32
407648,0.09
407669,0.06
407674,0.02
407675,0.13
407676,0.08
407677,0.13
407678,0.35
407679,0.14
407680,0.11
407681,0.14
407682,0.14
407684,0.28
407692,0.06
407693,0.26
407694,0.12
407695,0.02
407696,0.06
407697,0.1
407698,0.05
407699,0.1
407702,0.07
407703,0.23
407725,0.08
407726,0.12
407729,0.12
407731,0.04
407745,0.21
407749,0.01
407750,0.03
407751,0.1
407752,0.19
407753,0.12
407754,0.13
407755,0.12
407756,0.13
407765,0.04
407766,0.04
407767,0.05
407768,0.04
407773,0.11
407774,0.04
407778,0.08
407779,0.03
407780,0.14
407781,0.12
407782,0.01
407783,0.14
407784,0.06
407825,0.28
407826,0.02
407828,0.04
407829,0.07
407830,0.21
407831,0.08
407832,0.06
407838,0.07
407839,0.08
407840,0.12
407841,0.06
407842,0.07
407855,0.17
407857,0.03
407881,0.05
407882,0.25
407885,0.02
407915,0.03
407916,0.02
407918,0.18
407919,0.15
407920,0.08
407921,0.11
407922,0.01
407927,0.1
407934,0.1
407941,0.14
407942,0.01
407943,0.11
407944,0.05
407946,0.07
407947,0.05
407952,0.02
407955,0.09
407978,0.2
407986,0.07
408003,0.08
408006,0.05
408008,0.03
408015,0.02
408016,0.08
408028,0.14
408035,0.02
408042,0.03
408044,0.33
408052,0.06
408053,0.05
408056,0.03
408068,0.0
408071,0.0
408074,0.03
408085,0.22
408089,0.01
408091,0.07
408098,0.08
408106,0.07
408108,0.24
408116,0.24
408126,0.04
408130,0.19
408135,0.0
408148,0.03
408168,0.1
408170,0.15
408172,0.09
408176,0.04
408181,0.06
408191,0.0
408194,0.11
408213,0.11
408248,0.12
408249,0.06
408250,0.12
408256,0.13
408261,0.16
408262,0.2
408268,0.23
408269,0.05
408273,0.07
408280,0.0
408286,0.17
408347,0.25
408349,0.02
408350,0.08
408351,0.02
408352,0.02
408355,0.02
408356,0.05
408357,0.06
408384,0.11
408385,0.06
408386,0.1
408387,0.0
408388,0.11
408389,0.14
408390,0.08
408391,0.08
408392,0.21
408393,0.05
408398,0.06
408399,0.01
408400,0.07
408405,0.05
408406,0.04
408437,0.07
408459,0.04
408460,0.08
408463,0.08
408467,0.04
408468,0.01
408471,0.04
408477,0.01
408478,0.06
408479,0.07
408481,0.03
408482,0.03
408483,0.04
408484,0.1
408485,0.07
408486,0.03
408489,0.01
408490,0.02
408504,0.04
408506,0.05
408508,0.27
408514,0.04
408515,0.02
408516,0.18
408517,0.1
408518,0.04
408523,0.14
408524,0.05
408525,0.05
408526,0.17
408531,0.05
408579,0.03
408580,0.06
408581,0.08
408599,0.22
408615,0.09
408616,0.06
408617,0.15
408619,0.05
408622,0.07
408624,0.08
408625,0.07
408626,0.04
408627,0.11
408651,0.01
408658,0.1
408659,0.11
408660,0.16
408661,0.01
408662,0.07
408688,0.05
408689,0.37
408690,0.1
408695,0.05
408696,0.05
408701,0.13
408702,0.06
408705,0.04
408728,0.16
408742,0.06
408759,0.03
408766,0.06
408768,0.17
408774,0.05
408775,0.12
408780,0.08
408790,0.05
408791,0.02
408792,0.09
408794,0.09
408797,0.05
408808,0.07
408830,0.06
408857,0.01
408863,0.16
408874,0.35
408880,0.17
408885,0.17
408890,0.04
408898,0.07
408902,0.03
408903,0.02
408905,0.11
408908,0.01
408911,0.03
408921,0.09
408932,0.04
408933,0.11
408935,0.26
408960,0.09
408968,0.07
408985,0.0
408986,0.05
408990,0.06
408993,0.03
409001,0.06
409003,0.0
409008,0.07
409010,0.12
409015,0.05
409017,0.12
409028,0.04
409034,0.04
409035,0.03
409041,0.03
409054,0.11
409057,0.05
409064,0.03
409065,0.17
409066,0.01
409068,0.14
409076,0.03
409080,0.06
409083,0.05
409084,0.09
409085,0.09
409088,0.01
409105,0.07
409121,0.06
409123,0.44
409133,0.04
409153,0.13
409156,0.03
409157,0.16
409158,0.07
409163,0.23
409167,0.14
409168,0.1
409169,0.05
409172,0.28
409173,0.04
409174,0.01
409175,0.05
409192,0.22
409193,0.08
409197,0.05
409204,0.0
409206,0.0
409208,0.1
409209,0.03
409212,0.01
409213,0.09
409214,0.13
409217,0.03
409218,0.11
409220,0.09
409221,0.0
409227,0.07
409228,0.04
409229,0.04
409230,0.16
409259,0.11
409261,0.04
409269,0.1
409277,0.14
409278,0.05
409285,0.19
409286,0.04
409287,0.11
409293,0.11
409297,0.03
409298,0.03
409299,0.01
409340,0.08
409377,0.14
409383,0.07
409384,0.04
409409,0.1
409412,0.05
409413,0.16
409414,0.19
409415,0.01
409423,0.07
409428,0.04
409429,0.02
409430,0.05
409431,0.03
409432,0.1
409433,0.05
409434,0.07
409442,0.26
409443,0.1
409446,0.04
409463,0.05
409482,0.09
409507,0.16
409508,0.08
409509,0.07
409514,0.07
409535,0.19
409536,0.04
409537,0.09
409538,0.1
409541,0.06
409542,0.12
409543,0.04
409545,0.08
409550,0.04
409551,0.06
409552,0.1
409553,0.13
409558,0.07
409563,0.08
409574,0.11
409607,0.05
409608,0.18
409628,0.02
409632,0.24
409633,0.19
409636,0.16
409676,0.02
409691,0.06
409694,0.05
409707,0.03
409723,0.0
409741,0.01
409743,0.06
409747,0.07
409773,0.03
409777,0.18
409778,0.19
409804,0.14
409805,0.02
409812,0.07
409817,0.0
409836,0.08
409846,0.15
409850,0.19
409852,0.01
409861,0.16
409864,0.16
409871,0.08
409891,0.03
409896,0.02
409917,0.12
409918,0.04
409923,0.05
409941,0.0
409949,0.33
409953,0.08
409958,0.02
409972,0.06
409979,0.27
409983,0.13
409984,0.08
409985,0.08
409986,0.03
409994,0.12
409999,0.01
410019,0.19
410024,0.17
410025,0.02
410039,0.01
410044,0.17
410045,0.09
410046,0.03
410047,0.06
410048,0.15
410065,0.05
410066,0.07
410073,0.1
410087,0.02
410089,0.17
410092,0.07
410093,0.13
410094,0.09
410095,0.05
410096,0.08
410101,0.12
410102,0.1
410103,0.02
410107,0.01
410110,0.09
410111,0.03
410112,0.17
410142,0.01
410143,0.03
410161,0.06
410162,0.19
410165,0.01
410166,0.2
410167,0.23
410184,0.12
410185,0.0
410186,0.01
410187,0.02
410223,0.05
410256,0.18
410257,0.08
410258,0.01
410259,0.05
410269,0.15
410270,0.08
410273,0.08
410274,0.09
410275,0.05
410276,0.17
410277,0.1
410295,0.04
410296,0.01
410297,0.16
410298,0.06
410300,0.04
410301,0.03
410302,0.06
410303,0.03
410304,0.03
410305,0.05
410306,0.03
410307,0.05
410308,0.13
410309,0.05
410316,0.05
410317,0.07
410358,0.28
410359,0.01
410360,0.17
410368,0.09
410369,0.07
410370,0.07
410372,0.0
410373,0.04
410378,0.11
410379,0.07
410380,0.18
410387,0.3
410388,0.33
410389,0.07
410390,0.05
410405,0.02
410411,0.08
410416,0.02
410418,0.13
410424,0.14
410429,0.1
410438,0.05
410442,0.02
410448,0.06
410456,0.22
410464,0.02
410467,0.17
410473,0.09
410476,0.04
410479,0.19
410499,0.16
410526,0.1
410528,0.06
410546,0.14
410564,0.0
410567,0.01
410571,0.12
410572,0.14
410573,0.12
410577,0.05
410581,0.21
410587,0.09
410588,0.03
410595,0.12
410602,0.04
410606,0.11
410616,0.02
410624,0.29
410626,0.2
410637,0.04
410660,0.22
410661,0.01
410663,0.02
410664,0.04
410669,0.01
410675,0.03
410679,0.1
410684,0.08
410689,0.03
410693,0.09
410697,0.01
410698,0.08
410699,0.04
410706,0.02
410710,0.22
410712,0.04
410716,0.05
410725,0.11
410735,0.17
410742,0.01
410745,0.04
410746,0.06
410751,0.02
410753,0.11
410759,0.02
410761,0.21
410770,0.1
410778,0.09
410784,0.05
410786,0.06
410789,0.01
410800,0.04
410811,0.04
410813,0.05
410821,0.21
410822,0.02
410879,0.25
410880,0.09
410900,0.04
410901,0.18
410908,0.05
410909,0.09
410910,0.06
410911,0.19
410912,0.03
410913,0.03
410914,0.16
410915,0.01
410916,0.05
410917,0.05
410918,0.12
410919,0.0
410922,0.07
410923,0.09
410940,0.07
410955,0.15
410956,0.28
410959,0.27
410960,0.04
410961,0.06
410962,0.02
410963,0.18
410964,0.02
410968,0.05
410970,0.04
410971,0.02
410972,0.04
410975,0.07
410994,0.25
410999,0.08
411011,0.3
411012,0.04
411014,0.22
411021,0.06
411022,0.21
411023,0.2
411024,0.17
411025,0.09
411026,0.3
411027,0.19
411028,0.04
411030,0.17
411031,0.03
411032,0.15
411033,0.07
411049,0.08
411050,0.26
411051,0.05
411052,0.04
411073,0.1
411074,0.06
411076,0.05
411080,0.0
411081,0.07
411082,0.02
411093,0.09
411094,0.07
411095,0.04
411099,0.05
411102,0.06
411103,0.15
411112,0.13
411114,0.08
411115,0.08
411116,0.06
411168,0.03
411169,0.28
411170,0.02
411189,0.04
411190,0.07
411195,0.22
411196,0.08
411197,0.04
411205,0.0
411206,0.21
411215,0.05
411216,0.0
411217,0.01
411218,0.07
411222,0.03
411238,0.05
411239,0.02
411240,0.06
411248,0.03
411274,0.08
411275,0.0
411293,0.02
411299,0.12
411300,0.04
411301,0.04
411302,0.09
411305,0.11
411309,0.12
411334,0.09
411343,0.21
411349,0.04
411360,0.04
411363,0.0
411364,0.03
411384,0.11
411402,0.03
411424,0.06
411425,0.07
411430,0.11
411432,0.1
411434,0.17
411447,0.1
411450,0.0
411452,0.2
411463,0.08
411467,0.08
411474,0.12
411478,0.01
411480,0.02
411481,0.1
411502,0.06
411509,0.03
411511,0.21
411515,0.06
411516,0.09
411532,0.05
411565,0.0
411570,0.09
411600,0.06
411608,0.07
411613,0.08
411614,0.01
411620,0.16
411634,0.0
411639,0.03
411645,0.27
411648,0.04
411660,0.03
411668,0.02
411672,0.05
411673,0.11
411674,0.13
411675,0.02
411676,0.02
411677,0.27
411715,0.04
411718,0.06
411719,0.25
411720,0.07
411730,0.06
411731,0.14
411740,0.07
411746,0.05
411748,0.02
411749,0.0
411752,0.08
411753,0.01
411754,0.0
411755,0.02
411767,0.07
411768,0.16
411819,0.23
411826,0.07
411827,0.11
411841,0.03
411842,0.23
411843,0.05
411844,0.04
411845,0.11
411846,0.12
411850,0.19
411852,0.09
411853,0.1
411854,0.08
411855,0.14
411856,0.2
411860,0.11
411883,0.03
411938,0.07
411939,0.18
411940,0.11
411957,0.28
411958,0.02
411959,0.07
411963,0.06
411969,0.02
411970,0.1
411971,0.12
411972,0.15
411973,0.03
411974,0.07
411975,0.15
411977,0.08
411978,0.24
411979,0.1
412004,0.05
412008,0.08
412009,0.15
412010,0.02
412030,0.08
412031,0.07
412032,0.01
412036,0.06
412038,0.01
412047,0.07
412049,0.32
412082,0.01
412092,0.05
412098,0.09
412101,0.09
412108,0.29
412111,0.31
412119,0.09
412128,0.05
412139,0.17
412152,0.19
412154,0.08
412178,0.25
412180,0.01
412193,0.05
412199,0.04
412204,0.01
412206,0.13
412207,0.05
412211,0.05
412220,0.04
412221,0.01
412229,0.11
412234,0.01
412235,0.12
412236,0.2
412251,0.02
412262,0.01
412270,0.21
412280,0.06
412289,0.29
412305,0.0
412310,0.13
412345,0.08
412348,0.09
412361,0.12
412367,0.21
412368,0.14
412370,0.09
412372,0.15
412377,0.3
412380,0.0
412382,0.01
412391,0.02
412393,0.04
412411,0.28
412412,0.04
412415,0.12
412416,0.24
412422,0.18
412428,0.07
412430,0.13
412436,0.05
412447,0.02
412451,0.01
412456,0.11
412470,0.26
412472,0.05
412478,0.02
412487,0.02
412490,0.19
412494,0.12
412516,0.18
412519,0.08
412525,0.09
412527,0.15
412528,0.05
412551,0.24
412552,0.05
412557,0.07
412558,0.11
412559,0.02
412561,0.02
412563,0.01
412564,0.07
412565,0.03
412593,0.07
412598,0.17
412602,0.04
412610,0.07
412611,0.29
412612,0.01
412613,0.1
412621,0.03
412622,0.08
412623,0.02
412624,0.08
412637,0.07
412638,0.12
412639,0.14
412640,0.1
412641,0.02
412642,0.06
412643,0.12
412644,0.07
412651,0.11
412667,0.08
412669,0.1
412686,0.13
412712,0.03
412713,0.06
412714,0.03
412715,0.15
412720,0.23
412728,0.01
412738,0.02
412739,0.02
412740,0.05
412741,0.15
412753,0.07
412754,0.02
412762,0.11
412764,0.02
412765,0.13
412775,0.02
412776,0.06
412777,0.07
412778,0.21
412800,0.09
412801,0.08
412802,0.13
412829,0.05
412854,0.1
412855,0.22
412861,0.21
412862,0.18
412863,0.13
412883,0.0
412884,0.02
412886,0.23
412898,0.06
412899,0.07
412900,0.02
412922,0.15
412941,0.21
412959,0.0
412967,0.09
412980,0.03
412997,0.06
413016,0.03
413017,0.38
413027,0.09
413034,0.08
413038,0.17
413054,0.08
413059,0.04
413065,0.02
413073,0.1
413075,0.32
413081,0.08
413089,0.12
413091,0.15
413094,0.09
413104,0.09
413107,0.28
413110,0.14
413113,0.09
413117,0.03
413124,0.22
413126,0.29
413137,0.06
413145,0.02
413146,0.04
413147,0.16
413150,0.01
413159,0.09
413160,0.08
413172,0.2
413179,0.05
413181,0.04
413185,0.05
413188,0.15
413197,0.1
413208,0.16
413215,0.12
413216,0.08
413219,0.04
413232,0.06
413237,0.09
413243,0.34
413249,0.09
413262,0.02
413263,0.21
413271,0.09
413274,0.02
413280,0.28
413296,0.13
413299,0.22
413303,0.03
413320,0.18
413324,0.13
413325,0.11
413335,0.08
413341,0.14
413342,0.02
413351,0.18
413352,0.02
413359,0.0
413373,0.15
413374,0.1
413375,0.06
413376,0.15
413377,0.05
413383,0.26
413384,0.17
413392,0.06
413393,0.1
413395,0.01
413424,0.08
413425,0.03
413457,0.08
413458,0.11
413459,0.14
413460,0.01
413465,0.04
413466,0.11
413467,0.03
413468,0.05
413475,0.07
413476,0.05
413477,0.25
413478,0.11
413479,0.01
413489,0.1
413491,0.06
413492,0.07
413493,0.1
413494,0.06
413495,0.04
413498,0.18
413499,0.22
413545,0.1
413549,0.01
413550,0.07
413551,0.02
413552,0.2
413553,0.12
413554,0.11
413558,0.18
413559,0.14
413562,0.02
413563,0.06
413564,0.02
413592,0.12
413593,0.05
413594,0.1
413595,0.04
413596,0.1
413597,0.05
413604,0.02
413605,0.1
413606,0.06
413607,0.01
413616,0.24
413617,0.07
413618,0.16
413625,0.04
413626,0.31
413627,0.06
413628,0.07
413629,0.05
413630,0.1
413631,0.07
413632,0.06
413633,0.33
413634,0.14
413635,0.12
413636,0.1
413644,0.02
413645,0.04
413646,0.02
413683,0.08
413685,0.02
413686,0.15
413690,0.09
413691,0.01
413692,0.04
413693,0.08
413694,0.12
413695,0.06
413696,0.09
413702,0.05
413707,0.03
413708,0.21
413709,0.04
413730,0.03
413731,0.1
413732,0.11
413733,0.07
413734,0.02
413736,0.11
413748,0.01
413749,0.12
413751,0.23
413752,0.28
413754,0.09
413755,0.23
413756,0.09
413757,0.0
413758,0.18
413759,0.11
413760,0.06
413764,0.02
413765,0.06
413766,0.12
413767,0.11
413768,0.07
413769,0.07
413770,0.04
413776,0.08
413777,0.03
413778,0.0
413797,0.07
413824,0.05
413828,0.04
413831,0.17
413834,0.12
413841,0.01
413848,0.04
413850,0.04
413851,0.1
413857,0.02
413860,0.0
413867,0.12
413868,0.06
413871,0.05
413878,0.06
413882,0.04
413885,0.0
413886,0.1
413892,0.03
413896,0.14
413897,0.05
413917,0.25
413921,0.03
413934,0.33
413941,0.06
413953,0.12
413958,0.06
413967,0.06
413971,0.03
413975,0.11
413978,0.24
413983,0.03
413984,0.01
413989,0.09
413992,0.06
414001,0.06
414002,0.09
414003,0.05
414007,0.03
414008,0.08
414016,0.15
414022,0.17
414026,0.28
414041,0.05
414042,0.15
414045,0.01
414047,0.18
414050,0.26
414061,0.0
414068,0.07
414076,0.06
414093,0.12
414102,0.0
414109,0.19
414117,0.03
414144,0.11
414149,0.03
414160,0.08
414166,0.25
414171,0.28
414172,0.08
414183,0.07
414186,0.08
414192,0.1
414194,0.03
414203,0.2
414206,0.07
414207,0.0
414229,0.03
414231,0.02
414248,0.14
414251,0.08
414252,0.04
414253,0.26
414254,0.05
414255,0.09
414262,0.1
414265,0.24
414266,0.24
414267,0.07
414269,0.01
414270,0.13
414271,0.06
414272,0.24
414273,0.06
414275,0.02
414323,0.3
414324,0.06
414328,0.02
414329,0.05
414333,0.04
414341,0.06
414357,0.02
414358,0.01
414359,0.17
414362,0.07
414363,0.12
414368,0.0
414372,0.04
414375,0.08
414376,0.01
414382,0.07
414383,0.19
414480,0.02
414481,0.12
414484,0.31
414485,0.07
414486,0.09
414487,0.2
414488,0.02
414489,0.01
414492,0.02
414493,0.24
414497,0.07
414501,0.26
414543,0.16
414544,0.19
414559,0.11
414560,0.02
414561,0.03
414573,0.12
414574,0.11
414575,0.11
414577,0.08
414584,0.29
414585,0.11
414586,0.19
414590,0.08
414591,0.07
414593,0.13
414597,0.07
414598,0.31
414621,0.18
414635,0.14
414639,0.09
414640,0.0
414648,0.23
414656,0.07
414659,0.1
414660,0.01
414663,0.09
414683,0.09
414691,0.15
414700,0.06
414705,0.08
414708,0.08
414711,0.01
414712,0.03
414716,0.08
414720,0.11
414733,0.0
414740,0.19
414748,0.07
414767,0.1
414771,0.23
414779,0.04
414785,0.21
414787,0.07
414793,0.04
414816,0.13
414830,0.06
414831,0.34
414859,0.04
414864,0.06
414867,0.1
414871,0.25
414879,0.07
414892,0.23
414895,0.14
414911,0.23
414915,0.04
414922,0.11
414939,0.19
414945,0.06
414960,0.07
414969,0.16
414973,0.14
414979,0.03
414985,0.03
414992,0.08
414996,0.08
415000,0.01
415001,0.09
415005,0.02
415024,0.09
415038,0.05
415041,0.13
415049,0.15
415055,0.09
415061,0.23
415064,0.12
415069,0.28
415070,0.16
415071,0.01
415072,0.1
415074,0.03
415078,0.16
415079,0.0
415080,0.16
415081,0.18
415082,0.08
415085,0.07
415086,0.11
415089,0.15
415090,0.15
415091,0.11
415092,0.13
415095,0.07
415100,0.26
415101,0.02
415102,0.24
415103,0.06
415104,0.04
415106,0.02
415107,0.08
415108,0.18
415109,0.1
415110,0.05
415111,0.01
415113,0.01
415114,0.04
415115,0.07
415116,0.05
415117,0.02
415118,0.18
415119,0.34
415120,0.06
415121,0.06
415122,0.14
415123,0.04
415124,0.22
415126,0.14
415152,0.06
415205,0.06
415209,0.01
415326,0.13
415409,0.0
415414,0.06
415430,0.04
415466,0.27
415467,0.23
415473,0.07
415474,0.07
415479,0.04
415480,0.1
415486,0.07
415488,0.18
415489,0.02
415490,0.17
415493,0.06
415494,0.06
415497,0.0
415498,0.19
415499,0.01
415505,0.14
415506,0.14
415509,0.09
415511,0.08
415514,0.07
415517,0.22
415519,0.01
415521,0.3
415522,0.07
415523,0.04
415525,0.01
415527,0.09
415529,0.0
415531,0.08
415533,0.2
415534,0.13
415536,0.03
415537,0.08
415539,0.18
415540,0.06
415541,0.14
415542,0.07
415543,0.03
415544,0.04
415545,0.08
415546,0.19
415547,0.03
415548,0.04
415549,0.11
415550,0.05
415652,0.0
415654,0.01
415686,0.15
415687,0.07
415695,0.1
415698,0.06
415701,0.04
415705,0.2
415707,0.14
415709,0.01
415712,0.08
415718,0.13
415724,0.06
415729,0.02
415730,0.17
415731,0.11
415733,0.05
415736,0.03
415737,0.04
415738,0.23
415741,0.04
415742,0.21
415743,0.06
415744,0.0
415745,0.03
415746,0.09
415747,0.11
415749,0.02
415750,0.06
415751,0.11
415752,0.09
415753,0.25
415754,0.07
415755,0.06
415756,0.13
415757,0.19
415850,0.2
415874,0.03
415930,0.1
415962,0.32
415994,0.16
415995,0.11
416088,0.16
416129,0.23
416228,0.1
416229,0.02
416239,0.03
416243,0.08
416245,0.15
416253,0.04
416263,0.0
416264,0.08
416265,0.14
416269,0.15
416272,0.2
416273,0.08
416274,0.08
416275,0.07
416276,0.07
416277,0.07
416278,0.08
416280,0.02
416283,0.15
416287,0.04
416288,0.11
416291,0.08
416292,0.27
416294,0.24
416295,0.32
416296,0.15
416300,0.05
416301,0.05
416302,0.11
416303,0.04
416305,0.19
416306,0.14
416307,0.09
416309,0.01
416310,0.27
416311,0.18
416312,0.09
416313,0.31
416314,0.02
416315,0.08
416316,0.07
416426,0.02
416435,0.05
416444,0.06
416477,0.27
416484,0.1
416488,0.14
416502,0.05
416542,0.05
416582,0.08
416647,0.04
416658,0.06
416659,0.07
416675,0.06
416676,0.12
416696,0.22
416721,0.16
416729,0.02
416743,0.17
416744,0.29
416761,0.06
416793,0.06
416826,0.03
416848,0.05
416850,0.09
416860,0.1
416861,0.4
416862,0.03
416865,0.04
416870,0.12
416871,0.1
416872,0.07
416874,0.14
416877,0.01
416879,0.04
416881,0.08
416882,0.02
416883,0.06
416884,0.04
416885,0.19
416886,0.08
416887,0.06
416888,0.2
416890,0.0
416893,0.03
416894,0.08
416895,0.16
416896,0.05
416897,0.12
416899,0.02
416900,0.0
416901,0.01
416902,0.0
416903,0.26
417043,0.02
417159,0.03
417182,0.09
417183,0.17
417187,0.01
417209,0.06
417226,0.32
417228,0.14
417232,0.01
417234,0.02
417241,0.0
417245,0.1
417246,0.18
417247,0.2
417250,0.37
417251,0.04
417253,0.0
417254,0.02
417255,0.08
417256,0.21
417257,0.15
417258,0.11
417259,0.01
417260,0.1
417261,0.02
417263,0.17
417264,0.03
417265,0.07
417266,0.05
417267,0.17
417268,0.04
417338,0.02
417342,0.22
417349,0.03
417382,0.04
417388,0.04
417389,0.13
417393,0.05
417395,0.21
417397,0.05
417398,0.04
417401,0.18
417403,0.16
417406,0.13
417407,0.21
417408,0.18
417409,0.04
417411,0.06
417412,0.1
417414,0.06
417416,0.15
417417,0.2
417420,0.03
417421,0.23
417422,0.12
417423,0.06
417426,0.03
417427,0.02
417428,0.05
417429,0.03
417430,0.07
417431,0.05
417432,0.07
417433,0.04
417435,0.06
417436,0.04
417438,0.03
417439,0.04
417440,0.11
417441,0.03
417442,0.24
417443,0.06
417444,0.11
417445,0.05
417446,0.04
417447,0.12
417448,0.12
417449,0.14
417450,0.09
417451,0.12
417452,0.06
417453,0.1
417454,0.21
417455,0.22
417456,0.02
417457,0.04
417513,0.0
417544,0.18
417555,0.08
417567,0.08
417612,0.12
417625,0.04
417626,0.08
417627,0.1
417648,0.06
417735,0.01
417736,0.14
417749,0.07
417778,0.06
417863,0.14
417893,0.12
417895,0.14
417903,0.02
417910,0.07
417915,0.15
417925,0.03
417927,0.04
417940,0.14
417949,0.04
417950,0.13
417952,0.01
417956,0.05
417969,0.02
417970,0.18
417974,0.01
417975,0.01
417976,0.1
417980,0.01
417982,0.05
417983,0.06
417987,0.0
417988,0.27
417989,0.12
417990,0.28
417993,0.06
417994,0.05
417995,0.01
417996,0.04
417997,0.03
417998,0.13
417999,0.12
418000,0.05
418001,0.08
418002,0.04
418003,0.14
418004,0.1
418005,0.17
418006,0.01
418009,0.28
418011,0.16
418012,0.05
418013,0.17
418014,0.17
418015,0.19
418029,0.17
418030,0.06
418132,0.24
418217,0.14
418222,0.07
418237,0.08
418272,0.1
418343,0.32
418344,0.06
418345,0.08
418386,0.09
418387,0.05
418402,0.09
418436,0.07
418456,0.31
418458,0.1
418460,0.26
418487,0.08
418514,0.1
418519,0.02
418532,0.07
418539,0.01
418549,0.04
418555,0.05
418556,0.22
418558,0.1
418559,0.01
418562,0.02
418568,0.26
418576,0.03
418578,0.22
418580,0.18
418581,0.12
418582,0.1
418584,0.04
418585,0.08
418587,0.06
418591,0.07
418592,0.15
418593,0.02
418595,0.07
418596,0.12
418597,0.02
418598,0.02
418599,0.04
418600,0.02
418601,0.07
418602,0.26
418603,0.2
418604,0.04
418606,0.09
418607,0.13
418608,0.13
418609,0.1
418610,0.06
418611,0.16
418612,0.07
418613,0.03
418614,0.17
418615,0.1
418616,0.03
418618,0.31
418651,0.11
418652,0.03
418653,0.1
418658,0.15
418692,0.19
418749,0.28
418820,0.08
418843,0.06
418863,0.05
418915,0.14
418938,0.15
418957,0.1
419024,0.22
419061,0.06
419063,0.17
419076,0.09
419093,0.06
419131,0.13
419132,0.18
419138,0.01
419139,0.14
419141,0.08
419142,0.07
419143,0.05
419145,0.05
419149,0.26
419151,0.1
419152,0.12
419153,0.05
419154,0.05
419155,0.03
419156,0.01
419157,0.01
419158,0.34
419159,0.24
419162,0.02
419163,0.06
419165,0.27
419168,0.21
419169,0.07
419170,0.28
419171,0.03
419172,0.14
419173,0.16
419174,0.02
419175,0.02
419176,0.06
419177,0.11
419178,0.14
419270,0.15
419305,0.09
419330,0.12
419485,0.05
419491,0.03
419499,0.09
419513,0.16
419514,0.05
419535,0.08
419538,0.03
419582,0.19
419601,0.01
419611,0.19
419644,0.14
419648,0.14
419649,0.0
419656,0.04
419671,0.0
419677,0.1
419685,0.14
419688,0.17
419689,0.27
419690,0.13
419691,0.16
419698,0.34
419699,0.13
419701,0.24
419703,0.24
419704,0.06
419705,0.17
419746,0.23
419750,0.1
419767,0.04
419775,0.05
419783,0.06
419787,0.33
419788,0.03
419790,0.05
419791,0.03
419792,0.23
419794,0.14
419795,0.38
419797,0.06
419798,0.05
419799,0.06
419804,0.15
419805,0.19
419806,0.12
419808,0.04
419810,0.06
419811,0.05
419812,0.08
419815,0.03
419816,0.14
419817,0.07
419818,0.43
419820,0.14
419821,0.04
419824,0.15
419825,0.08
419826,0.05
419827,0.06
419828,0.01
419829,0.09
419830,0.26
419831,0.05
419832,0.03
419833,0.14
419834,0.16
419835,0.03
419836,0.05
419837,0.08
419838,0.06
419839,0.04
419840,0.04
419841,0.08
419842,0.12
419843,0.21
419913,0.18
419916,0.04
419955,0.03
419956,0.08
419992,0.02
420150,0.05
420160,0.16
420190,0.08
420195,0.13
420204,0.13
420207,0.06
420210,0.0
420214,0.17
420218,0.0
420219,0.11
420220,0.02
420242,0.09
420249,0.03
420254,0.08
420255,0.08
420258,0.16
420260,0.01
420263,0.14
420265,0.19
420271,0.01
420273,0.25
420274,0.08
420275,0.05
420277,0.0
420278,0.08
420279,0.04
420280,0.05
420281,0.06
420283,0.13
420284,0.1
420285,0.05
420286,0.07
420287,0.09
420288,0.0
420290,0.0
420291,0.04
420293,0.11
420294,0.03
420295,0.16
420296,0.01
420297,0.18
420298,0.1
420299,0.06
420300,0.08
420344,0.04
420345,0.15
420347,0.08
420348,0.16
420349,0.09
420350,0.0
420351,0.0
420352,0.06
420353,0.07
420354,0.08
420355,0.01
420356,0.23
420357,0.11
420358,0.23
420359,0.07
420360,0.05
420361,0.03
420362,0.17
420363,0.04
420364,0.13
420365,0.1
420366,0.11
420383,0.13
420436,0.19
420446,0.08
420554,0.07
420565,0.05
420569,0.13
420573,0.08
420574,0.1
420587,0.07
420589,0.17
420593,0.01
420594,0.13
420595,0.06
420598,0.05
420601,0.04
420602,0.26
420603,0.07
420607,0.03
420611,0.02
420613,0.04
420614,0.07
420615,0.13
420616,0.01
420617,0.16
420618,0.11
420619,0.08
420620,0.01
420621,0.11
420622,0.03
420623,0.08
420624,0.07
420625,0.07
420626,0.19
420627,0.18
420628,0.0
420629,0.06
420631,0.02
420633,0.15
420634,0.21
420635,0.01
420636,0.05
420637,0.05
420662,0.02
420727,0.02
420728,0.25
420733,0.15
420787,0.02
420789,0.02
420792,0.12
420797,0.12
420814,0.04
420833,0.23
420839,0.09
420841,0.27
420843,0.04
420844,0.09
420847,0.13
420849,0.01
420851,0.07
420853,0.03
420854,0.03
420855,0.06
420856,0.03
420857,0.12
420858,0.03
420859,0.01
420860,0.22
420861,0.04
420862,0.18
420863,0.06
420864,0.08
420866,0.36
420867,0.01
420868,0.04
420869,0.03
420870,0.01
420871,0.08
420872,0.1
420873,0.01
420874,0.09
420875,0.15
420876,0.06
420878,0.01
420879,0.14
420880,0.05
420881,0.02
420882,0.05
420883,0.12
420884,0.23
420885,0.12
420886,0.05
420887,0.15
420888,0.05
420905,0.01
421015,0.04
421200,0.21
421269,0.1
421272,0.08
421290,0.23
421323,0.22
421342,0.01
421349,0.13
421355,0.08
421356,0.14
421363,0.17
421365,0.18
421381,0.02
421383,0.02
421386,0.45
421394,0.0
421395,0.07
421399,0.04
421431,0.28
421467,0.07
421554,0.35
421557,0.09
421558,0.02
421562,0.03
421614,0.14
421690,0.0
421758,0.28
421776,0.11
421827,0.07
421828,0.05
421829,0.05
421848,0.0
421862,0.06
421863,0.1
421868,0.01
421884,0.08
421921,0.11
421924,0.13
421958,0.07
421961,0.01
421964,0.06
421968,0.06
421974,0.13
421975,0.03
421977,0.19
421978,0.32
421979,0.01
421980,0.09
421982,0.15
421985,0.1
421986,0.26
421987,0.07
421988,0.08
421989,0.15
421990,0.05
421991,0.11
421993,0.1
421994,0.19
421996,0.29
421997,0.0
421998,0.24
421999,0.11
422000,0.2
422001,0.05
422002,0.1
422004,0.18
422005,0.16
422007,0.08
422008,0.04
422010,0.22
422011,0.05
422012,0.01
422014,0.06
422015,0.31
422016,0.07
422017,0.0
422018,0.11
422019,0.21
422039,0.01
422041,0.0
422042,0.03
422043,0.0
422044,0.07
422045,0.17
422047,0.1
422048,0.02
422049,0.04
422050,0.01
422051,0.23
422053,0.08
422054,0.02
422055,0.11
422056,0.15
422057,0.06
422058,0.18
422059,0.1
422060,0.04
422063,0.13
422064,0.05
422065,0.07
422066,0.03
422067,0.06
422068,0.06
422069,0.11
422070,0.02
422071,0.09
422072,0.01
422074,0.22
422152,0.0
422210,0.12
422227,0.09
422308,0.1
422339,0.04
422368,0.1
422391,0.01
422407,0.3
422485,0.03
422491,0.12
422506,0.06
422508,0.16
422512,0.18
422513,0.0
422514,0.05
422518,0.04
422519,0.04
422523,0.07
422524,0.15
422525,0.01
422526,0.02
422527,0.0
422531,0.22
422533,0.03
422534,0.09
422536,0.08
422537,0.01
422538,0.2
422540,0.16
422541,0.13
422543,0.05
422544,0.28
422545,0.04
422546,0.0
422547,0.19
422548,0.23
422549,0.06
422550,0.04
422551,0.04
422552,0.07
422553,0.15
422554,0.27
422555,0.15
422556,0.03
422639,0.01
422667,0.22
422734,0.03
422748,0.12
422749,0.15
422796,0.09
422810,0.11
422839,0.22
422850,0.06
422891,0.05
422940,0.03
422962,0.17
422964,0.23
423009,0.16
423022,0.08
423041,0.23
423046,0.11
423052,0.07
423055,0.05
423061,0.25
423075,0.13
423076,0.01
423077,0.25
423081,0.13
423083,0.12
423087,0.14
423089,0.01
423091,0.08
423098,0.13
423105,0.1
423106,0.18
423107,0.03
423114,0.09
423116,0.01
423120,0.04
423121,0.1
423125,0.05
423132,0.1
423133,0.01
423134,0.27
423135,0.08
423137,0.06
423138,0.15
423139,0.13
423140,0.08
423141,0.12
423143,0.04
423144,0.15
423145,0.14
423146,0.1
423147,0.08
423148,0.26
423149,0.1
423150,0.05
423151,0.04
423152,0.02
423153,0.19
423154,0.03
423155,0.14
423156,0.04
423157,0.08
423158,0.05
423159,0.07
423228,0.12
423237,0.24
423386,0.24
423416,0.1
423417,0.09
423489,0.14
423503,0.24
423522,0.2
423571,0.04
423574,0.03
423580,0.2
423621,0.16
423622,0.16
423624,0.04
423629,0.07
423631,0.16
423648,0.03
423651,0.02
423652,0.12
423658,0.22
423663,0.02
423664,0.04
423665,0.17
423668,0.1
423670,0.09
423671,0.13
423672,0.11
423679,0.05
423681,0.12
423687,0.08
423688,0.17
423690,0.04
423691,0.03
423693,0.09
423696,0.05
423698,0.13
423699,0.22
423700,0.13
423701,0.1
423702,0.16
423703,0.02
423704,0.04
423706,0.07
423707,0.12
423708,0.03
423709,0.3
423710,0.12
423711,0.1
423712,0.22
423713,0.06
423714,0.32
423715,0.03
423717,0.14
423718,0.04
423719,0.07
423720,0.1
423721,0.11
423722,0.04
423723,0.17
423724,0.04
423726,0.12
423730,0.05
423734,0.03
423735,0.16
423736,0.07
423737,0.01
423738,0.02
423739,0.09
423740,0.04
423741,0.02
423742,0.12
423743,0.05
423746,0.01
423747,0.06
423748,0.08
423749,0.06
423750,0.32
423751,0.06
423752,0.04
423753,0.26
423754,0.07
423755,0.04
423756,0.05
423800,0.14
423894,0.02
423938,0.17
423939,0.17
423940,0.12
423947,0.02
423957,0.18
423959,0.13
423966,0.2
423968,0.08
423972,0.11
423978,0.14
423979,0.25
423982,0.14
423983,0.09
423986,0.08
423990,0.06
423993,0.04
423994,0.13
423996,0.05
423998,0.0
423999,0.07
424000,0.02
424001,0.06
424002,0.01
424003,0.02
424004,0.05
424005,0.11
424006,0.11
424007,0.1
424008,0.1
424009,0.07
424010,0.22
424011,0.06
424012,0.05
424013,0.22
424014,0.16
424015,0.05
424016,0.1
424161,0.17
424189,0.15
424192,0.08
424198,0.05
424202,0.14
424203,0.05
424207,0.13
424208,0.03
424211,0.02
424214,0.15
424215,0.11
424216,0.07
424220,0.03
424222,0.13
424223,0.03
424232,0.01
424234,0.03
424235,0.08
424236,0.09
424241,0.01
424244,0.1
424245,0.19
424246,0.0
424248,0.18
424249,0.1
424251,0.03
424252,0.07
424253,0.09
424254,0.09
424255,0.08
424256,0.1
424257,0.02
424258,0.26
424259,0.07
424260,0.05
424261,0.03
424262,0.05
424264,0.14
424265,0.06
424266,0.22
424267,0.03
424268,0.02
424270,0.12
424271,0.08
424272,0.1
424273,0.04
424274,0.13
424275,0.18
424320,0.12
424354,0.02
424359,0.12
424360,0.08
424361,0.16
424362,0.01
424363,0.08
424364,0.1
424365,0.04
424491,0.17
424576,0.02
424639,0.08
424640,0.03
424653,0.11
424672,0.24
424708,0.03
424724,0.04
424725,0.11
424734,0.2
424755,0.16
424758,0.23
424765,0.08
424770,0.18
424773,0.19
424780,0.09
424784,0.04
424791,0.06
424797,0.11
424800,0.04
424807,0.0
424809,0.02
424812,0.11
424813,0.07
424816,0.02
424817,0.06
424820,0.12
424822,0.04
424823,0.07
424825,0.09
424826,0.13
424827,0.01
424828,0.15
424830,0.01
424831,0.07
424832,0.23
424833,0.12
424834,0.02
424835,0.18
424836,0.16
424837,0.26
424838,0.08
424839,0.13
424840,0.04
424841,0.16
424843,0.0
424845,0.14
424846,0.02
424847,0.02
424848,0.12
424849,0.14
424850,0.26
424851,0.03
424852,0.01
424853,0.05
424854,0.08
424856,0.04
424857,0.05
424947,0.06
425037,0.22
425039,0.29
425096,0.02
425107,0.09
425156,0.13
425191,0.16
425192,0.02
425230,0.02
425231,0.19
425237,0.14
425281,0.12
425301,0.16
425306,0.32
425312,0.09
425313,0.02
425317,0.03
425326,0.07
425330,0.06
425336,0.2
425338,0.04
425343,0.22
425345,0.03
425360,0.17
425364,0.18
425368,0.04
425369,0.03
425371,0.13
425372,0.07
425373,0.09
425374,0.03
425376,0.2
425379,0.03
425380,0.05
425381,0.03
425382,0.02
425383,0.11
425384,0.17
425385,0.06
425388,0.18
425389,0.09
425390,0.07
425391,0.09
425392,0.18
425394,0.12
425395,0.18
425396,0.11
425397,0.02
425398,0.02
425399,0.05
425400,0.0
425403,0.06
425404,0.18
425405,0.04
425406,0.15
425407,0.16
425408,0.02
425409,0.04
425411,0.02
425412,0.03
425413,0.15
425414,0.17
425415,0.12
425416,0.06
425418,0.01
425419,0.02
425423,0.05
425424,0.08
425425,0.46
425426,0.17
425429,0.01
425430,0.01
425431,0.05
425432,0.01
425433,0.13
425434,0.02
425435,0.16
425437,0.06
425438,0.12
425439,0.1
425440,0.02
425441,0.09
425442,0.09
425444,0.11
425446,0.05
425447,0.09
425448,0.15
425449,0.15
425450,0.1
425451,0.02
425453,0.24
425454,0.25
425455,0.06
425456,0.04
425457,0.12
425458,0.23
425459,0.09
425460,0.0
425461,0.04
425462,0.0
425511,0.1
425601,0.03
425810,0.15
425824,0.09
425830,0.23
425835,0.06
425838,0.04
425865,0.07
425877,0.19
425904,0.03
425905,0.07
425906,0.05
425909,0.06
425911,0.07
425913,0.03
425923,0.08
425932,0.12
425938,0.02
425939,0.1
425943,0.04
425944,0.04
425945,0.03
425946,0.09
425948,0.04
425950,0.14
425952,0.14
425954,0.19
425955,0.04
425957,0.11
425958,0.1
425959,0.36
425960,0.24
425961,0.16
425962,0.11
425964,0.12
425965,0.02
425966,0.19
425967,0.09
425968,0.09
425969,0.07
425970,0.02
425971,0.07
425972,0.05
425976,0.16
426050,0.01
426051,0.22
426052,0.07
426053,0.05
426124,0.11
426132,0.05
426154,0.15
426192,0.03
426235,0.03
426297,0.12
426387,0.12
426396,0.05
426436,0.11
426437,0.05
426460,0.03
426466,0.06
426469,0.08
426510,0.22
426617,0.09
426630,0.04
426631,0.04
426650,0.08
426688,0.04
426691,0.04
426855,0.04
426873,0.35
426890,0.01
426891,0.04
426895,0.04
426928,0.35
426929,0.06
426955,0.12
426957,0.2
427007,0.08
427009,0.02
427021,0.12
427023,0.08
427032,0.02
427036,0.04
427040,0.02
427041,0.03
427042,0.21
427044,0.0
427048,0.12
427050,0.05
427054,0.0
427057,0.06
427058,0.06
427059,0.18
427060,0.28
427062,0.0
427063,0.16
427064,0.09
427065,0.04
427067,0.14
427069,0.04
427070,0.05
427071,0.04
427072,0.09
427073,0.05
427074,0.03
427075,0.01
427076,0.06
427077,0.16
427078,0.04
427079,0.06
427080,0.0
427081,0.09
427082,0.19
427088,0.25
427109,0.09
427110,0.23
427111,0.01
427114,0.0
427115,0.12
427120,0.0
427121,0.03
427122,0.26
427125,0.07
427126,0.02
427127,0.06
427128,0.03
427129,0.04
427130,0.21
427131,0.06
427132,0.01
427133,0.05
427134,0.05
427135,0.01
427137,0.13
427138,0.04
427139,0.0
427140,0.06
427142,0.04
427143,0.06
427144,0.16
427145,0.04
427146,0.05
427147,0.19
427148,0.07
427149,0.22
427150,0.06
427151,0.02
427152,0.07
427153,0.01
427154,0.28
427155,0.05
427156,0.06
427157,0.13
427158,0.11
427159,0.17
427160,0.07
427161,0.23
427162,0.28
427163,0.18
427164,0.03
427165,0.02
427254,0.03
427263,0.09
427324,0.21
427330,0.17
427379,0.06
427465,0.01
427485,0.24
427489,0.09
427505,0.08
427567,0.12
427575,0.4
427578,0.16
427589,0.35
427612,0.18
427615,0.07
427618,0.03
427620,0.08
427622,0.05
427627,0.09
427628,0.02
427632,0.01
427634,0.07
427635,0.12
427637,0.09
427639,0.16
427640,0.17
427641,0.03
427642,0.1
427643,0.18
427645,0.12
427646,0.04
427647,0.0
427649,0.06
427650,0.11
427652,0.29
427653,0.16
427654,0.16
427655,0.17
427656,0.0
427657,0.18
427658,0.08
427659,0.08
427660,0.06
427661,0.03
427662,0.01
427663,0.1
427664,0.06
427665,0.03
427666,0.01
427667,0.06
427668,0.12
427669,0.13
427671,0.33
427672,0.13
427673,0.04
427676,0.04
427677,0.05
427703,0.06
427738,0.13
427809,0.04
427881,0.03
427949,0.01
427985,0.28
428047,0.02
428054,0.34
428080,0.14
428143,0.15
428162,0.2
428166,0.02
428187,0.0
428188,0.11
428189,0.04
428195,0.01
428196,0.1
428198,0.21
428200,0.09
428201,0.09
428204,0.24
428206,0.11
428207,0.17
428208,0.12
428210,0.09
428211,0.01
428212,0.16
428213,0.03
428215,0.03
428217,0.1
428218,0.18
428219,0.03
428220,0.0
428222,0.13
428223,0.03
428224,0.04
428225,0.03
428227,0.08
428228,0.07
428229,0.11
428230,0.13
428231,0.04
428232,0.05
428233,0.1
428234,0.01
428235,0.49
428236,0.05
428237,0.08
428238,0.05
428240,0.02
428241,0.04
428242,0.01
428243,0.13
428244,0.15
428311,0.07
428312,0.12
428313,0.17
428314,0.07
428409,0.04
428416,0.02
428423,0.0
428424,0.12
428463,0.09
428485,0.14
428517,0.03
428518,0.14
428561,0.08
428565,0.07
428590,0.07
428597,0.04
428614,0.07
428616,0.15
428621,0.01
428626,0.07
428629,0.02
428636,0.21
428647,0.05
428654,0.01
428659,0.08
428686,0.08
428690,0.01
428701,0.04
428708,0.16
428714,0.05
428722,0.04
428729,0.02
428745,0.11
428751,0.04
428757,0.03
428764,0.04
428774,0.03
428778,0.03
428783,0.1
428789,0.02
428797,0.1
428799,0.15
428801,0.24
428804,0.07
428806,0.09
428813,0.04
428816,0.04
428821,0.14
428832,0.08
428839,0.05
428842,0.23
428850,0.21
428859,0.04
428871,0.02
428907,0.12
428913,0.06
428920,0.28
428924,0.04
428928,0.07
428930,0.03
428933,0.07
428938,0.14
428944,0.2
428948,0.31
428963,0.02
428975,0.16
428979,0.02
428982,0.17
428984,0.02
428987,0.12
429015,0.0
429018,0.13
429028,0.06
429035,0.21
429037,0.04
429042,0.01
429055,0.05
429066,0.07
429067,0.39
429069,0.0
429077,0.03
429078,0.09
429083,0.0
429091,0.17
429093,0.01
429094,0.03
429103,0.11
429109,0.08
429121,0.21
429129,0.01
429134,0.04
429138,0.08
429164,0.05
429173,0.07
429182,0.08
429190,0.09
429199,0.02
429219,0.18
429224,0.0
429226,0.21
429230,0.08
429239,0.04
429243,0.07
429256,0.09
429266,0.04
429269,0.11
429294,0.03
429295,0.13
429297,0.06
429299,0.03
429302,0.02
429305,0.1
429308,0.0
429314,0.12
429318,0.13
429348,0.02
429356,0.3
429359,0.07
429372,0.09
429373,0.1
429384,0.22
429385,0.17
429398,0.08
429405,0.14
429407,0.02
429408,0.08
429412,0.13
429414,0.19
429415,0.26
429421,0.13
429422,0.0
429430,0.07
429432,0.03
429440,0.23
429442,0.28
429451,0.27
429459,0.03
429469,0.01
429471,0.01
429482,0.0
429483,0.09
429491,0.03
429493,0.18
429496,0.14
429498,0.0
429501,0.11
429502,0.05
429508,0.08
429509,0.06
429511,0.32
429528,0.0
429531,0.19
429539,0.27
429549,0.14
429555,0.04
429557,0.11
429567,0.2
429570,0.09
429576,0.03
429590,0.02
429591,0.22
429597,0.08
429600,0.24
429602,0.0
429604,0.13
429623,0.02
429625,0.07
429626,0.03
429628,0.01
429634,0.02
429637,0.03
429666,0.06
429667,0.07
429670,0.08
429673,0.13
429678,0.02
429693,0.09
429702,0.01
429708,0.02
429737,0.05
429739,0.0
429740,0.03
429750,0.11
429770,0.06
429774,0.03
429777,0.02
429780,0.16
429809,0.04
429810,0.0
429831,0.04
429835,0.04
429838,0.1
429846,0.12
429851,0.17
429852,0.01
429856,0.01
429857,0.25
429866,0.27
429871,0.11
429873,0.09
429879,0.09
429882,0.04
429885,0.01
429890,0.15
429897,0.05
429933,0.04
429936,0.01
429948,0.01
429952,0.22
429967,0.03
429982,0.11
429989,0.15
430000,0.05
430003,0.03
430011,0.12
430019,0.13
430035,0.0
430042,0.14
430047,0.03
430048,0.13
430059,0.03
430060,0.17
430077,0.03
430080,0.27
430083,0.23
430086,0.18
430090,0.22
430103,0.0
430107,0.08
430114,0.03
430116,0.08
430124,0.03
430129,0.05
430132,0.14
430146,0.03
430155,0.02
430156,0.06
430160,0.04
430168,0.03
430170,0.13
430176,0.13
430177,0.21
430186,0.31
430187,0.05
430195,0.09
430198,0.12
430204,0.19
430210,0.06
430211,0.17
430213,0.09
430216,0.15
430217,0.06
430227,0.15
430253,0.12
430266,0.17
430274,0.09
430280,0.01
430300,0.05
430301,0.17
430309,0.07
430313,0.13
430316,0.02
430319,0.12
430332,0.15
430346,0.04
430357,0.09
430359,0.07
430368,0.09
430376,0.1
430383,0.14
430389,0.05
430393,0.16
430394,0.04
430404,0.07
430405,0.06
430407,0.19
430433,0.12
430445,0.02
430446,0.03
430451,0.15
430452,0.02
430459,0.02
430466,0.05
430467,0.06
430473,0.31
430477,0.05
430483,0.12
430512,0.12
430521,0.01
430524,0.05
430529,0.12
430533,0.01
430536,0.1
430538,0.02
430540,0.16
430548,0.04
430549,0.11
430550,0.06
430566,0.14
430574,0.05
430576,0.02
430582,0.18
430585,0.06
430625,0.0
430627,0.11
430629,0.05
430637,0.16
430639,0.05
430641,0.04
430656,0.02
430659,0.01
430661,0.01
430671,0.21
430672,0.11
430673,0.08
430674,0.15
430676,0.02
430691,0.07
430698,0.1
430699,0.12
430708,0.12
430719,0.04
430726,0.04
430728,0.19
430730,0.15
430731,0.05
430732,0.09
430738,0.07
430770,0.1
430782,0.01
430785,0.08
430786,0.12
430806,0.21
430818,0.26
430819,0.16
430820,0.01
430835,0.09
430836,0.08
430837,0.03
430838,0.02
430839,0.04
430847,0.1
430853,0.16
430856,0.04
430876,0.08
430886,0.01
430887,0.12
430889,0.03
430927,0.02
430931,0.02
430939,0.08
430942,0.05
430949,0.08
430957,0.11
430960,0.04
430961,0.06
430962,0.17
430973,0.06
430975,0.0
430976,0.17
430981,0.13
430992,0.03
431007,0.21
431010,0.18
431013,0.05
431023,0.03
431027,0.0
431044,0.07
431056,0.01
431058,0.01
431065,0.02
431077,0.05
431080,0.19
431082,0.03
431088,0.13
431095,0.21
431100,0.09
431106,0.03
431107,0.17
431110,0.08
431114,0.25
431138,0.05
431144,0.08
431162,0.07
431170,0.31
431171,0.11
431176,0.21
431203,0.1
431211,0.22
431212,0.1
431215,0.03
431238,0.22
431241,0.03
431244,0.06
431254,0.04
431263,0.07
431278,0.1
431285,0.04
431286,0.05
431298,0.06
431305,0.02
431315,0.36
431323,0.04
431325,0.01
431334,0.03
431358,0.29
431372,0.02
431373,0.02
431374,0.22
431377,0.09
431386,0.2
431388,0.25
431395,0.03
431396,0.01
431413,0.11
431416,0.07
431418,0.01
431431,0.17
431444,0.13
431449,0.18
431467,0.07
431469,0.05
431479,0.09
431480,0.04
431481,0.05
431488,0.07
431492,0.12
431496,0.17
431497,0.05
431508,0.12
431511,0.07
431517,0.17
431520,0.12
431538,0.08
431540,0.02
431543,0.3
431545,0.03
431560,0.01
431561,0.04
431584,0.15
431591,0.29
431593,0.09
431625,0.04
431630,0.15
431633,0.1
431635,0.01
431649,0.06
431650,0.05
431651,0.12
431652,0.05
431667,0.15
431668,0.2
431672,0.01
431675,0.21
431680,0.13
431682,0.02
431683,0.13
431693,0.03
431697,0.09
431726,0.24
431731,0.06
431732,0.09
431744,0.0
431750,0.02
431755,0.0
431756,0.04
431757,0.09
431765,0.14
431766,0.02
431768,0.04
431770,0.01
431773,0.02
431775,0.09
431777,0.24
431778,0.33
431801,0.2
431807,0.04
431810,0.02
431815,0.04
431816,0.03
431823,0.02
431831,0.1
431837,0.07
431841,0.16
431845,0.02
431854,0.24
431857,0.04
431865,0.07
431866,0.08
431867,0.13
431869,0.07
431889,0.05
431899,0.04
431903,0.11
431909,0.12
431914,0.11
431916,0.06
431918,0.2
431931,0.0
431940,0.06
431948,0.05
431962,0.07
431965,0.03
431974,0.02
431976,0.02
431987,0.04
431988,0.06
431995,0.17
431999,0.22
432003,0.02
432005,0.13
432009,0.04
432011,0.02
432022,0.36
432028,0.08
432030,0.02
432037,0.01
432065,0.06
432070,0.03
432075,0.18
432078,0.19
432080,0.06
432085,0.01
432092,0.04
432111,0.08
432112,0.0
432115,0.0
432117,0.13
432118,0.06
432129,0.08
432132,0.07
432133,0.04
432145,0.04
432146,0.07
432148,0.07
432156,0.04
432167,0.1
432169,0.02
432188,0.0
432192,0.16
432221,0.03
432226,0.11
432231,0.0
432247,0.08
432252,0.09
432254,0.02
432263,0.17
432265,0.08
432271,0.17
432280,0.12
432282,0.02
432284,0.02
432291,0.19
432296,0.06
432298,0.13
432301,0.1
432309,0.06
432312,0.04
432320,0.01
432324,0.02
432330,0.14
432339,0.04
432356,0.05
432357,0.03
432362,0.06
432365,0.01
432366,0.2
432370,0.06
432377,0.14
432384,0.13
432391,0.04
432405,0.02
432406,0.1
432414,0.16
432415,0.05
432417,0.04
432419,0.02
432424,0.01
432425,0.03
432432,0.1
432438,0.01
432441,0.02
432444,0.33
432446,0.33
432452,0.09
432454,0.04
432473,0.26
432482,0.19
432489,0.12
432492,0.17
432495,0.05
432501,0.23
432507,0.03
432509,0.18
432510,0.06
432522,0.05
432525,0.03
432526,0.18
432527,0.27
432532,0.04
432535,0.0
432544,0.01
432547,0.06
432551,0.12
432553,0.02
432555,0.01
432560,0.01
432569,0.07
432577,0.02
432585,0.07
432590,0.01
432591,0.08
432594,0.01
432607,0.11
432608,0.12
432609,0.08
432612,0.13
432613,0.0
432616,0.14
432618,0.22
432622,0.03
432626,0.06
432639,0.05
432640,0.08
432642,0.11
432648,0.05
432653,0.03
432661,0.25
432668,0.04
432682,0.14
432686,0.17
432693,0.0
432695,0.15
432696,0.15
432698,0.09
432699,0.11
432702,0.1
432707,0.05
432712,0.06
432719,0.07
432724,0.01
432728,0.18
432737,0.08
432745,0.18
432746,0.08
432749,0.25
432752,0.05
432758,0.04
432769,0.1
432770,0.05
432771,0.02
432788,0.05
432804,0.2
432807,0.3
432830,0.14
432831,0.08
432842,0.1
432849,0.2
432876,0.21
432886,0.12
432888,0.1
432897,0.06
432918,0.06
432919,0.12
432920,0.04
432921,0.08
432930,0.26
432932,0.16
432943,0.09
432944,0.06
432951,0.05
432952,0.01
432965,0.05
432969,0.02
432981,0.05
432985,0.02
432986,0.01
432988,0.09
432991,0.06
432992,0.07
433002,0.05
433018,0.14
433019,0.05
433021,0.02
433024,0.01
433031,0.02
433035,0.12
433047,0.23
433050,0.02
433051,0.02
433055,0.0
433058,0.04
433069,0.0
433079,0.11
433098,0.18
433099,0.03
433104,0.12
433112,0.07
433117,0.03
433119,0.01
433130,0.05
433132,0.12
433158,0.16
433159,0.02
433162,0.03
433166,0.13
433169,0.16
433173,0.06
433174,0.25
433183,0.22
433184,0.05
433198,0.06
433205,0.23
433221,0.01
433271,0.38
433274,0.04
433276,0.11
433281,0.05
433283,0.03
433296,0.03
433300,0.1
433304,0.02
433308,0.01
433312,0.03
433313,0.15
433319,0.01
433332,0.16
433342,0.07
433343,0.05
433344,0.06
433345,0.01
433347,0.1
433350,0.03
433355,0.29
433356,0.06
433359,0.03
433361,0.08
433363,0.12
433370,0.0
433371,0.05
433374,0.12
433384,0.13
433390,0.09
433392,0.0
433396,0.07
433403,0.09
433405,0.06
433408,0.27
433410,0.16
433411,0.05
433424,0.14
433431,0.02
433432,0.19
433440,0.12
433441,0.17
433451,0.15
433452,0.15
433459,0.07
433463,0.0
433464,0.05
433470,0.09
433480,0.09
433482,0.16
433485,0.06
433494,0.12
433495,0.1
433496,0.0
433505,0.03
433509,0.02
433515,0.1
433518,0.07
433519,0.3
433527,0.32
433532,0.16
433535,0.06
433539,0.1
433561,0.12
433564,0.24
433566,0.05
433574,0.01
433575,0.07
433584,0.17
433591,0.3
433596,0.08
433598,0.11
433602,0.19
433606,0.15
433611,0.06
433617,0.07
433620,0.19
433628,0.02
433631,0.28
433651,0.02
433653,0.14
433657,0.14
433661,0.03
433662,0.08
433663,0.13
433668,0.2
433670,0.11
433680,0.31
433686,0.27
433709,0.05
433725,0.09
433731,0.03
433735,0.17
433745,0.11
433748,0.04
433754,0.08
433762,0.22
433766,0.03
433767,0.01
433779,0.17
433783,0.04
433785,0.11
433789,0.01
433794,0.13
433799,0.08
433800,0.01
433804,0.16
433816,0.03
433820,0.09
433829,0.04
433837,0.03
433840,0.02
433842,0.14
433849,0.02
433853,0.13
433862,0.01
433872,0.03
433882,0.03
433892,0.13
433896,0.03
433906,0.15
433913,0.31
433914,0.02
433957,0.09
433958,0.24
433965,0.2
433976,0.06
433984,0.02
433995,0.08
433996,0.05
434006,0.33
434007,0.02
434009,0.1
434019,0.07
434024,0.13
434026,0.22
434027,0.02
434034,0.1
434036,0.03
434037,0.08
434046,0.18
434050,0.06
434051,0.02
434052,0.04
434055,0.12
434061,0.23
434064,0.05
434108,0.17
434109,0.22
434121,0.1
434122,0.09
434140,0.05
434151,0.1
434156,0.0
434157,0.11
434160,0.05
434164,0.08
434167,0.0
434169,0.12
434173,0.04
434176,0.14
434177,0.17
434179,0.05
434180,0.06
434183,0.07
434192,0.04
434205,0.06
434209,0.04
434212,0.17
434214,0.21
434216,0.1
434222,0.17
434223,0.02
434224,0.37
434259,0.24
434261,0.0
434263,0.19
434264,0.21
434282,0.06
434283,0.0
434293,0.2
434317,0.11
434322,0.06
434326,0.03
434327,0.05
434328,0.08
434336,0.05
434340,0.01
434342,0.29
434350,0.15
434355,0.04
434375,0.03
434387,0.04
434390,0.01
434391,0.04
434408,0.08
434410,0.12
434423,0.06
434439,0.24
434442,0.06
434445,0.33
434448,0.03
434460,0.08
434465,0.02
434467,0.17
434468,0.15
434501,0.11
434504,0.08
434505,0.1
434507,0.01
434514,0.03
434535,0.06
434538,0.41
434542,0.16
434545,0.09
434554,0.11
434556,0.13
434568,0.23
434569,0.03
434571,0.2
434574,0.17
434579,0.05
434599,0.13
434604,0.31
434606,0.01
434607,0.01
434608,0.04
434610,0.09
434615,0.23
434616,0.16
434619,0.18
434658,0.08
434669,0.01
434675,0.04
434678,0.01
434680,0.12
434690,0.16
434698,0.11
434702,0.14
434704,0.01
434722,0.01
434727,0.21
434730,0.09
434735,0.02
434739,0.06
434765,0.09
434767,0.23
434784,0.18
434787,0.14
434788,0.12
434789,0.04
434790,0.04
434791,0.07
434802,0.03
434806,0.05
434807,0.27
434808,0.18
434815,0.07
434816,0.14
434817,0.17
434818,0.28
434830,0.05
434918,0.09
434920,0.06
434921,0.06
434922,0.17
434937,0.03
434948,0.02
434949,0.2
434952,0.15
434954,0.11
434957,0.04
434968,0.05
434974,0.01
434982,0.04
434986,0.02
434993,0.04
434995,0.18
435005,0.12
435013,0.06
435027,0.05
435034,0.24
435056,0.18
435060,0.13
435062,0.31
435068,0.05
435069,0.12
435071,0.19
435079,0.04
435086,0.29
435092,0.02
435099,0.02
435100,0.12
435108,0.08
435118,0.07
435120,0.12
435129,0.1
435132,0.24
435138,0.01
435139,0.14
435142,0.11
435147,0.11
435148,0.04
435151,0.03
435153,0.07
435154,0.12
435164,0.15
435173,0.08
435174,0.17
435179,0.01
435199,0.02
435202,0.11
435203,0.12
435214,0.14
435217,0.01
435222,0.02
435229,0.48
435239,0.05
435248,0.1
435259,0.22
435260,0.05
435263,0.08
435264,0.06
435267,0.0
435274,0.11
435286,0.05
435296,0.03
435308,0.08
435328,0.12
435333,0.05
435363,0.09
435366,0.05
435375,0.0
435378,0.16
435400,0.07
435408,0.13
435409,0.0
435415,0.0
435419,0.1
435422,0.0
435428,0.29
435432,0.12
435434,0.17
435435,0.14
435440,0.16
435455,0.08
435464,0.1
435470,0.0
435475,0.19
435478,0.03
435480,0.15
435482,0.02
435490,0.0
435507,0.09
435509,0.08
435510,0.03
435519,0.16
435527,0.25
435533,0.07
435534,0.15
435535,0.03
435536,0.08
435540,0.08
435551,0.03
435562,0.37
435564,0.11
435585,0.06
435590,0.02
435609,0.02
435610,0.03
435611,0.06
435623,0.24
435681,0.31
435682,0.12
435683,0.03
435704,0.05
435711,0.11
435713,0.08
435714,0.05
435716,0.07
435717,0.19
435718,0.07
435719,0.11
435741,0.02
435765,0.09
435766,0.01
435767,0.0
435773,0.34
435802,0.01
435806,0.0
435807,0.21
435809,0.02
435811,0.15
435816,0.06
435823,0.11
435835,0.12
435848,0.18
435849,0.15
435858,0.02
435870,0.13
435874,0.15
435890,0.24
435892,0.0
435911,0.05
435915,0.0
435924,0.14
435937,0.04
435943,0.09
435958,0.04
435962,0.04
435965,0.37
435968,0.21
435997,0.03
435998,0.26
435999,0.05
436009,0.04
436021,0.05
436022,0.01
436026,0.1
436032,0.02
436037,0.02
436049,0.04
436058,0.04
436059,0.05
436062,0.17
436068,0.04
436079,0.14
436082,0.14
436083,0.19
436093,0.03
436098,0.03
436113,0.16
436127,0.11
436148,0.03
436152,0.11
436159,0.03
436165,0.01
436170,0.07
436174,0.03
436176,0.07
436183,0.04
436194,0.01
436196,0.1
436204,0.14
436207,0.06
436210,0.04
436219,0.32
436227,0.05
436230,0.04
436233,0.08
436235,0.15
436250,0.04
436260,0.24
436285,0.08
436291,0.0
436304,0.02
436307,0.18
436308,0.1
436311,0.12
436314,0.08
436322,0.06
436323,0.13
436339,0.09
436350,0.06
436358,0.03
436359,0.02
436363,0.03
436365,0.05
436369,0.02
436377,0.1
436378,0.21
436387,0.07
436394,0.13
436397,0.02
436399,0.2
436401,0.14
436404,0.13
436421,0.04
436422,0.12
436426,0.09
436430,0.02
436464,0.04
436471,0.02
436476,0.06
436478,0.01
436486,0.0
436497,0.11
436508,0.02
436509,0.11
436510,0.06
436511,0.36
436528,0.0
436531,0.12
436534,0.14
436535,0.14
436536,0.04
436537,0.09
436560,0.0
436562,0.34
436563,0.16
436564,0.25
436598,0.04
436599,0.07
436600,0.22
436637,0.1
436674,0.07
436706,0.03
436721,0.14
436722,0.03
436735,0.07
436747,0.09
436748,0.16
436750,0.07
436757,0.18
436767,0.12
436771,0.0
436781,0.06
436786,0.01
436799,0.04
436807,0.07
436812,0.04
436821,0.22
436835,0.0
436836,0.24
436846,0.05
436874,0.02
436880,0.24
436882,0.09
436885,0.04
436893,0.05
436894,0.02
436896,0.17
436902,0.11
436918,0.0
436921,0.02
436935,0.0
436955,0.02
436961,0.06
436963,0.08
436964,0.09
436970,0.04
436975,0.03
437005,0.22
437014,0.11
437020,0.04
437043,0.08
437045,0.03
437070,0.13
437078,0.07
437095,0.03
437097,0.04
437123,0.01
437127,0.03
437128,0.04
437130,0.0
437147,0.3
437156,0.06
437157,0.09
437160,0.15
437161,0.01
437169,0.15
437189,0.12
437196,0.25
437198,0.07
437200,0.07
437206,0.07
437211,0.05
437215,0.07
437218,0.09
437226,0.02
437229,0.11
437235,0.04
437244,0.02
437245,0.0
437246,0.13
437264,0.04
437266,0.01
437268,0.17
437269,0.04
437273,0.04
437275,0.12
437276,0.18
437302,0.03
437304,0.19
437305,0.07
437306,0.05
437334,0.0
437335,0.18
437336,0.07
437338,0.12
437343,0.43
437356,0.04
437357,0.05
437358,0.06
437359,0.01
437360,0.2
437393,0.12
437397,0.13
437403,0.19
437409,0.03
437426,0.09
437430,0.25
437446,0.21
437459,0.04
437461,0.02
437462,0.09
437463,0.06
437475,0.02
437478,0.1
437480,0.01
437482,0.14
437486,0.09
437491,0.02
437492,0.19
437493,0.16
437496,0.11
437510,0.09
437515,0.06
437516,0.19
437519,0.02
437522,0.12
437524,0.05
437532,0.1
437538,0.01
437546,0.15
437551,0.11
437553,0.26
437556,0.11
437573,0.19
437575,0.14
437584,0.14
437591,0.16
437592,0.04
437595,0.05
437602,0.01
437610,0.04
437611,0.07
437621,0.11
437622,0.08
437624,0.2
437630,0.14
437631,0.11
437636,0.17
437666,0.0
437672,0.26
437676,0.02
437687,0.06
437689,0.28
437706,0.3
437712,0.06
437735,0.24
437757,0.08
437763,0.19
437790,0.02
437791,0.0
437795,0.08
437803,0.04
437810,0.02
437811,0.18
437813,0.09
437820,0.02
437823,0.05
437832,0.03
437841,0.06
437852,0.11
437858,0.09
437862,0.0
437892,0.07
437896,0.11
437903,0.21
437905,0.06
437911,0.19
437913,0.08
437918,0.06
437922,0.05
437933,0.06
437936,0.02
437945,0.08
437966,0.05
437967,0.11
437972,0.09
437977,0.18
437984,0.26
437996,0.01
437997,0.04
437999,0.02
438001,0.01
438004,0.05
438007,0.2
438029,0.04
438031,0.02
438034,0.06
438038,0.1
438054,0.09
438058,0.01
438064,0.09
438065,0.06
438074,0.05
438084,0.16
438088,0.15
438089,0.03
438090,0.06
438117,0.1
438118,0.05
438151,0.05
438152,0.07
438153,0.18
438154,0.04
438167,0.1
438187,0.05
438192,0.24
438195,0.22
438196,0.46
438220,0.09
438223,0.19
438229,0.12
438256,0.05
438258,0.17
438260,0.07
438264,0.09
438273,0.06
438306,0.12
438307,0.2
438308,0.01
438309,0.02
438310,0.15
438341,0.18
438348,0.01
438349,0.01
438364,0.09
438368,0.1
438380,0.18
438382,0.02
438402,0.05
438404,0.12
438408,0.02
438410,0.17
438429,0.02
438434,0.14
438435,0.01
438437,0.08
438438,0.03
438444,0.11
438471,0.11
438506,0.02
438521,0.03
438524,0.13
438525,0.1
438534,0.08
438541,0.01
438546,0.02
438547,0.13
438564,0.01
438568,0.01
438570,0.0
438578,0.02
438582,0.14
438587,0.09
438604,0.07
438620,0.05
438621,0.0
438624,0.01
438634,0.03
438644,0.12
438645,0.02
438651,0.17
438659,0.13
438660,0.06
438662,0.06
438668,0.01
438673,0.16
438677,0.2
438683,0.35
438687,0.1
438700,0.1
438713,0.07
438714,0.03
438715,0.03
438717,0.12
438721,0.1
438738,0.04
438749,0.01
438750,0.01
438756,0.13
438771,0.0
438777,0.13
438781,0.09
438783,0.23
438786,0.16
438792,0.02
438802,0.07
438808,0.04
438814,0.05
438829,0.07
438846,0.11
438851,0.03
438856,0.25
438858,0.26
438861,0.0
438862,0.2
438876,0.15
438880,0.03
438891,0.17
438896,0.2
438898,0.21
438904,0.2
438908,0.11
438921,0.05
438923,0.05
438929,0.06
438942,0.07
438950,0.1
438979,0.34
438994,0.07
438995,0.01
438996,0.05
439002,0.09
439013,0.02
439015,0.16
439017,0.08
439029,0.05
439047,0.2
439048,0.04
439049,0.21
439050,0.05
439061,0.07
439065,0.12
439069,0.15
439070,0.22
439071,0.2
439072,0.18
439073,0.13
439076,0.05
439077,0.03
439078,0.01
439089,0.07
439095,0.05
439113,0.04
439122,0.04
439127,0.16
439153,0.04
439154,0.16
439157,0.01
439197,0.01
439205,0.3
439207,0.24
439209,0.04
439213,0.09
439218,0.14
439222,0.04
439229,0.06
439233,0.11
439235,0.04
439236,0.03
439239,0.06
439248,0.09
439255,0.1
439265,0.08
439266,0.12
439268,0.06
439270,0.02
439276,0.19
439285,0.01
439294,0.05
439296,0.04
439299,0.13
439310,0.03
439319,0.15
439320,0.02
439325,0.06
439327,0.03
439328,0.04
439334,0.02
439335,0.18
439339,0.04
439343,0.02
439353,0.03
439356,0.08
439374,0.05
439391,0.22
439400,0.26
439405,0.08
439413,0.04
439448,0.1
439451,0.16
439455,0.06
439468,0.12
439472,0.03
439473,0.2
439477,0.0
439483,0.02
439484,0.04
439501,0.09
439505,0.08
439512,0.15
439515,0.19
439525,0.04
439535,0.1
439539,0.04
439548,0.31
439549,0.18
439550,0.11
439551,0.05
439558,0.04
439562,0.03
439566,0.02
439571,0.07
439587,0.05
439591,0.11
439595,0.14
439611,0.19
439614,0.14
439618,0.22
439620,0.16
439626,0.04
439633,0.04
439657,0.01
439660,0.06
439661,0.03
439666,0.05
439673,0.02
439675,0.05
439705,0.07
439707,0.08
439720,0.06
439727,0.16
439733,0.03
439736,0.07
439737,0.1
439746,0.07
439755,0.07
439763,0.13
439765,0.23
439766,0.0
439768,0.13
439774,0.08
439779,0.02
439781,0.24
439784,0.1
439808,0.13
439816,0.05
439818,0.05
439820,0.01
439824,0.05
439830,0.1
439839,0.02
439841,0.08
439845,0.03
439874,0.1
439875,0.01
439879,0.06
439882,0.06
439883,0.35
439900,0.05
439901,0.1
439906,0.1
439909,0.13
439911,0.15
439914,0.02
439936,0.06
439937,0.08
439945,0.13
439950,0.04
439955,0.12
439956,0.03
439971,0.05
439977,0.06
439984,0.18
439985,0.04
439990,0.01
439994,0.14
440003,0.01
440030,0.08
440042,0.1
440048,0.14
440054,0.22
440073,0.08
440074,0.1
440080,0.04
440082,0.07
440085,0.19
440088,0.08
440091,0.08
440100,0.01
440103,0.01
440113,0.14
440119,0.08
440127,0.01
440130,0.02
440131,0.04
440135,0.11
440139,0.09
440147,0.08
440156,0.13
440158,0.01
440162,0.03
440163,0.16
440176,0.01
440181,0.05
440191,0.02
440192,0.08
440215,0.02
440219,0.14
440222,0.05
440238,0.03
440239,0.13
440244,0.09
440245,0.04
440252,0.05
440266,0.07
440267,0.13
440281,0.25
440283,0.05
440292,0.12
440307,0.06
440309,0.04
440313,0.01
440315,0.06
440320,0.02
440332,0.01
440336,0.03
440338,0.05
440342,0.06
440350,0.04
440352,0.03
440356,0.14
440359,0.06
440384,0.07
440395,0.19
440396,0.06
440397,0.06
440401,0.16
440408,0.3
440411,0.12
440425,0.21
440439,0.03
440451,0.36
440460,0.12
440463,0.09
440473,0.1
440479,0.01
440497,0.19
440506,0.03
440509,0.16
440518,0.03
440528,0.07
440536,0.12
440543,0.16
440561,0.0
440562,0.12
440566,0.11
440572,0.05
440574,0.17
440585,0.08
440592,0.07
440601,0.09
440606,0.02
440632,0.05
440643,0.03
440653,0.14
440669,0.07
440682,0.07
440691,0.05
440701,0.01
440706,0.09
440708,0.03
440714,0.29
440721,0.1
440723,0.21
440750,0.04
440759,0.2
440773,0.04
440792,0.33
440793,0.14
440798,0.19
440804,0.06
440819,0.11
440827,0.15
440851,0.1
440861,0.04
440862,0.06
440868,0.0
440874,0.02
440877,0.13
440883,0.04
440884,0.1
440886,0.03
440900,0.11
440902,0.03
440904,0.07
440910,0.07
440913,0.04
440915,0.22
440923,0.11
440924,0.15
440927,0.08
440936,0.09
440968,0.05
440973,0.01
440975,0.07
440979,0.19
440986,0.22
440987,0.05
440995,0.05
440998,0.17
441000,0.03
441004,0.02
441007,0.18
441014,0.14
441026,0.21
441032,0.2
441042,0.03
441051,0.11
441060,0.15
441061,0.04
441081,0.11
441082,0.07
441085,0.07
441087,0.12
441089,0.05
441091,0.08
441095,0.08
441114,0.15
441128,0.21
441138,0.21
441154,0.0
441156,0.12
441157,0.24
441175,0.05
441183,0.08
441189,0.0
441207,0.01
441209,0.09
441217,0.13
441228,0.02
441229,0.03
441239,0.1
441244,0.06
441256,0.04
441275,0.03
441278,0.06
441284,0.02
441288,0.05
441293,0.08
441294,0.12
441297,0.36
441298,0.03
441304,0.02
441316,0.0
441318,0.08
441351,0.15
441354,0.17
441363,0.11
441373,0.18
441375,0.0
441382,0.0
441385,0.12
441388,0.12
441392,0.48
441402,0.12
441413,0.13
441417,0.31
441427,0.03
441437,0.15
441453,0.1
441458,0.09
441459,0.13
441463,0.01
441466,0.06
441475,0.04
441479,0.04
441497,0.06
441501,0.11
441509,0.11
441513,0.17
441546,0.1
441547,0.08
441563,0.27
441565,0.03
441567,0.04
441576,0.21
441577,0.06
441578,0.14
441597,0.05
441607,0.03
441609,0.05
441611,0.06
441613,0.0
441622,0.07
441637,0.08
441638,0.1
441652,0.01
441660,0.13
441667,0.16
441671,0.04
441672,0.06
441675,0.17
441679,0.01
441700,0.19
441701,0.01
441711,0.01
441725,0.03
441732,0.02
441741,0.06
441743,0.07
441761,0.03
441763,0.09
441766,0.03
441778,0.12
441780,0.1
441782,0.04
441785,0.2
441796,0.01
441808,0.08
441809,0.18
441811,0.01
441825,0.02
441828,0.15
441835,0.11
441860,0.09
441865,0.03
441871,0.08
441874,0.05
441876,0.0
441885,0.04
441896,0.06
441908,0.19
441913,0.01
441921,0.14
441926,0.01
441936,0.02
441941,0.06
441947,0.03
441957,0.07
441961,0.08
441969,0.04
441979,0.16
441986,0.07
441987,0.0
441996,0.08
441997,0.01
441998,0.13
442001,0.05
442002,0.04
442003,0.04
442010,0.01
442013,0.17
442015,0.21
442026,0.09
442030,0.08
442032,0.14
442033,0.39
442039,0.08
442049,0.04
442054,0.13
442060,0.03
442065,0.08
442067,0.11
442074,0.1
442076,0.29
442080,0.1
442085,0.05
442093,0.06
442100,0.05
442123,0.1
442124,0.3
442128,0.09
442149,0.21
442151,0.07
442157,0.13
442158,0.09
442159,0.11
442161,0.09
442179,0.04
442187,0.04
442190,0.04
442195,0.01
442199,0.12
442233,0.04
442234,0.21
442235,0.05
442250,0.03
442256,0.02
442258,0.09
442264,0.2
442280,0.06
442288,0.02
442290,0.05
442293,0.09
442299,0.26
442303,0.07
442306,0.02
442308,0.03
442312,0.05
442315,0.11
442320,0.14
442321,0.03
442328,0.24
442331,0.28
442359,0.05
442361,0.02
442366,0.06
442368,0.06
442372,0.11
442378,0.02
442392,0.14
442393,0.04
442399,0.02
442401,0.33
442404,0.09
442405,0.07
442438,0.03
442442,0.08
442451,0.18
442452,0.01
442458,0.03
442461,0.16
442464,0.04
442468,0.06
442479,0.13
442484,0.05
442504,0.08
442505,0.04
442513,0.04
442520,0.0
442527,0.06
442539,0.0
442540,0.11
442541,0.02
442555,0.06
442577,0.19
442586,0.04
442588,0.02
442613,0.16
442616,0.21
442622,0.08
442626,0.05
442627,0.06
442641,0.03
442647,0.02
442653,0.1
442656,0.02
442662,0.15
442672,0.03
442682,0.07
442684,0.05
442685,0.02
442698,0.13
442709,0.01
442716,0.08
442718,0.09
442723,0.09
442724,0.13
442737,0.08
442742,0.19
442743,0.0
442746,0.14
442766,0.02
442767,0.04
442769,0.05
442792,0.06
442797,0.09
442799,0.06
442804,0.11
442807,0.14
442816,0.28
442819,0.07
442826,0.11
442831,0.08
442846,0.17
442854,0.05
442861,0.05
442862,0.03
442870,0.24
442875,0.07
442890,0.01
442891,0.26
442896,0.04
442897,0.08
442902,0.08
442903,0.06
442905,0.03
442915,0.15
442937,0.08
442947,0.31
442949,0.07
442954,0.18
442972,0.04
443012,0.13
443018,0.08
443029,0.1
443031,0.01
443033,0.02
443035,0.14
443039,0.01
443040,0.06
443051,0.11
443062,0.04
443069,0.15
443080,0.12
443081,0.14
443090,0.11
443092,0.02
443106,0.07
443119,0.11
443134,0.04
443161,0.04
443170,0.07
443177,0.05
443189,0.04
443193,0.1
443199,0.05
443212,0.27
443226,0.19
443230,0.02
443239,0.07
443241,0.07
443244,0.03
443249,0.07
443253,0.15
443262,0.01
443264,0.42
443266,0.08
443274,0.05
443283,0.1
443295,0.02
443304,0.06
443313,0.02
443317,0.0
443324,0.02
443339,0.01
443344,0.16
443345,0.05
443352,0.12
443355,0.21
443356,0.23
443360,0.14
443364,0.16
443368,0.02
443375,0.1
443380,0.26
443391,0.16
443392,0.05
443397,0.07
443403,0.07
443406,0.24
443420,0.14
443431,0.03
443441,0.04
443456,0.16
443457,0.2
443459,0.11
443460,0.07
443471,0.03
443474,0.08
443486,0.19
443487,0.07
443490,0.11
443492,0.27
443495,0.19
443505,0.06
443512,0.06
443555,0.01
443576,0.15
443582,0.02
443583,0.03
443585,0.04
443588,0.01
443592,0.02
443596,0.1
443597,0.1
443606,0.05
443607,0.07
443608,0.12
443611,0.01
443612,0.1
443618,0.17
443623,0.06
443632,0.08
443633,0.17
443634,0.02
443637,0.01
443638,0.27
443669,0.01
443672,0.04
443685,0.0
443686,0.03
443694,0.01
443695,0.2
443697,0.31
443700,0.06
443734,0.37
443738,0.13
443742,0.03
443759,0.09
443760,0.09
443770,0.07
443776,0.06
443788,0.01
443791,0.18
443792,0.08
443803,0.05
443808,0.03
443832,0.12
443842,0.05
443847,0.13
443853,0.03
443854,0.28
443868,0.16
443873,0.03
443879,0.02
443883,0.07
443891,0.1
443908,0.05
443910,0.25
443918,0.03
443927,0.03
443935,0.1
443965,0.15
443974,0.01
443984,0.07
443986,0.2
443991,0.02
443996,0.03
444008,0.03
444014,0.07
444015,0.06
444016,0.02
444018,0.15
444053,0.1
444058,0.22
444065,0.04
444069,0.06
444082,0.03
444087,0.02
444089,0.04
444093,0.07
444104,0.01
444113,0.04
444118,0.17
444122,0.04
444123,0.06
444128,0.14
444136,0.0
444152,0.09
444155,0.07
444182,0.02
444183,0.02
444185,0.04
444213,0.03
444229,0.03
444231,0.04
444234,0.07
444240,0.05
444249,0.05
444265,0.2
444268,0.14
444271,0.02
444278,0.04
444279,0.09
444283,0.15
444285,0.03
444291,0.08
444297,0.06
444313,0.05
444318,0.07
444322,0.03
444333,0.06
444334,0.05
444359,0.04
444367,0.05
444369,0.03
444370,0.15
444376,0.05
444384,0.17
444387,0.09
444406,0.06
444409,0.08
444412,0.05
444418,0.06
444420,0.23
444424,0.0
444429,0.01
444432,0.01
444434,0.06
444440,0.04
444444,0.04
444450,0.02
444456,0.04
444457,0.02
444461,0.23
444504,0.13
444515,0.15
444516,0.13
444517,0.02
444519,0.02
444540,0.12
444573,0.1
444581,0.04
444582,0.02
444602,0.27
444605,0.01
444611,0.05
444614,0.03
444622,0.09
444624,0.17
444625,0.09
444639,0.03
444658,0.15
444673,0.08
444696,0.04
444719,0.09
444729,0.09
444737,0.04
444743,0.06
444758,0.02
444764,0.02
444780,0.03
444789,0.07
444795,0.05
444811,0.21
444814,0.0
444825,0.06
444831,0.11
444832,0.02
444835,0.1
444840,0.05
444841,0.01
444842,0.04
444846,0.0
444849,0.08
444867,0.03
444876,0.09
444893,0.07
444896,0.14
444897,0.07
444907,0.05
444908,0.01
444932,0.08
444933,0.06
444936,0.04
444941,0.04
444942,0.06
444950,0.09
444956,0.01
444965,0.0
444966,0.26
444970,0.07
444971,0.25
444978,0.01
444982,0.25
444984,0.1
444986,0.06
445001,0.09
445016,0.01
445027,0.13
445029,0.05
445032,0.04
445037,0.05
445043,0.09
445044,0.12
445047,0.21
445052,0.17
445073,0.17
445075,0.03
445076,0.07
445092,0.08
445095,0.07
445106,0.05
445110,0.1
445123,0.07
445124,0.01
445141,0.07
445151,0.04
445160,0.13
445161,0.12
445164,0.2
445165,0.01
445169,0.04
445175,0.27
445178,0.12
445182,0.14
445183,0.0
445192,0.02
445193,0.02
445200,0.02
445202,0.03
445203,0.0
445207,0.1
445245,0.06
445256,0.07
445282,0.08
445294,0.02
445300,0.26
445316,0.06
445331,0.1
445332,0.04
445343,0.02
445345,0.06
445346,0.04
445354,0.12
445355,0.27
445356,0.04
445366,0.11
445369,0.2
445390,0.13
445392,0.07
445398,0.07
445401,0.07
445417,0.13
445427,0.04
445465,0.05
445469,0.02
445472,0.02
445475,0.35
445483,0.09
445484,0.16
445493,0.11
445496,0.22
445504,0.01
445505,0.19
445507,0.04
445531,0.37
445536,0.03
445544,0.03
445559,0.2
445580,0.05
445589,0.0
445591,0.01
445595,0.08
445601,0.18
445612,0.12
445639,0.09
445656,0.09
445666,0.17
445682,0.15
445686,0.02
445700,0.07
445713,0.21
445716,0.14
445725,0.03
445728,0.02
445731,0.01
445742,0.04
445743,0.27
445755,0.03
445766,0.02
445781,0.36
445798,0.07
445799,0.15
445801,0.19
445810,0.07
445813,0.02
445822,0.03
445824,0.13
445826,0.11
445828,0.18
445829,0.04
445838,0.02
445840,0.07
445845,0.05
445847,0.07
445849,0.07
445852,0.04
445853,0.12
445856,0.09
445863,0.02
445864,0.33
445871,0.16
445907,0.08
445908,0.02
445917,0.02
445919,0.08
445925,0.04
445930,0.1
445938,0.09
445943,0.08
445946,0.01
445948,0.16
445970,0.06
445972,0.1
445974,0.41
445976,0.03
445979,0.13
445993,0.03
446001,0.12
446004,0.08
446025,0.05
446026,0.03
446046,0.16
446048,0.15
446055,0.07
446064,0.13
446068,0.05
446078,0.02
446094,0.01
446096,0.22
446120,0.1
446131,0.15
446139,0.14
446157,0.09
446179,0.11
446180,0.1
446186,0.04
446189,0.19
446200,0.05
446208,0.18
446210,0.08
446214,0.04
446226,0.02
446229,0.19
446237,0.01
446247,0.03
446256,0.03
446273,0.07
446286,0.04
446296,0.05
446302,0.04
446310,0.11
446315,0.06
446319,0.17
446320,0.22
446322,0.09
446356,0.27
446374,0.01
446375,0.01
446406,0.02
446407,0.1
446426,0.08
446428,0.04
446431,0.05
446433,0.03
446437,0.09
446441,0.14
446452,0.07
446464,0.09
446466,0.12
446468,0.07
446469,0.18
446472,0.42
446476,0.1
446478,0.01
446485,0.04
446499,0.08
446503,0.03
446504,0.03
446509,0.2
446512,0.07
446525,0.02
446534,0.01
446535,0.04
446543,0.16
446546,0.04
446550,0.18
446555,0.17
446560,0.0
446564,0.02
446572,0.09
446593,0.16
446616,0.13
446617,0.12
446625,0.05
446626,0.09
446631,0.1
446643,0.08
446647,0.37
446652,0.06
446655,0.15
446657,0.24
446663,0.18
446665,0.21
446676,0.04
446684,0.1
446694,0.0
446699,0.07
446702,0.05
446713,0.15
446720,0.12
446724,0.11
446728,0.04
446730,0.02
446738,0.17
446742,0.03
446743,0.06
446744,0.12
446750,0.04
446759,0.04
446760,0.13
446772,0.08
446786,0.08
446799,0.17
446800,0.11
446803,0.16
446812,0.11
446813,0.29
446815,0.06
446816,0.06
446832,0.18
446845,0.02
446846,0.16
446847,0.05
446850,0.08
446851,0.22
446855,0.02
446856,0.04
446867,0.01
446877,0.19
446880,0.04
446885,0.06
446892,0.02
446905,0.16
446909,0.29
446924,0.01
446935,0.06
446944,0.02
446945,0.05
446949,0.03
446952,0.09
446957,0.03
446961,0.02
446979,0.01
446980,0.12
446987,0.05
446991,0.13
447001,0.02
447013,0.11
447014,0.06
447023,0.11
447062,0.02
447072,0.01
447082,0.22
447084,0.06
447087,0.02
447092,0.07
447106,0.05
447107,0.16
447112,0.03
447147,0.15
447160,0.08
447176,0.04
447184,0.08
447188,0.0
447190,0.09
447191,0.05
447198,0.02
447199,0.06
447200,0.23
447202,0.08
447209,0.23
447210,0.11
447228,0.26
447230,0.08
447235,0.0
447246,0.25
447248,0.09
447263,0.03
447265,0.11
447272,0.01
447285,0.18
447293,0.23
447305,0.01
447312,0.05
447326,0.04
447327,0.08
447361,0.07
447367,0.2
447381,0.03
447387,0.08
447390,0.22
447391,0.08
447416,0.29
447419,0.03
447420,0.02
447422,0.08
447425,0.11
447444,0.1
447458,0.14
447460,0.04
447467,0.12
447479,0.1
447482,0.05
447496,0.07
447504,0.01
447507,0.04
447519,0.02
447522,0.02
447528,0.07
447529,0.09
447532,0.13
447540,0.16
447543,0.08
447546,0.04
447554,0.02
447571,0.04
447575,0.06
447591,0.04
447599,0.28
447600,0.14
447601,0.12
447606,0.14
447607,0.05
447618,0.13
447621,0.08
447633,0.05
447638,0.0
447642,0.03
447644,0.02
447654,0.07
447670,0.04
447671,0.07
447672,0.08
447674,0.11
447676,0.06
447692,0.21
447696,0.18
447698,0.21
447704,0.03
447705,0.13
447708,0.09
447709,0.21
447715,0.06
447727,0.01
447736,0.03
447742,0.04
447743,0.26
447745,0.1
447748,0.22
447751,0.32
447752,0.13
447796,0.05
447810,0.01
447812,0.09
447814,0.29
447815,0.01
447816,0.07
447817,0.3
447835,0.05
447842,0.19
447844,0.02
447862,0.12
447865,0.03
447868,0.17
447873,0.09
447876,0.03
447881,0.12
447882,0.2
447883,0.03
447904,0.01
447907,0.2
447915,0.16
447931,0.12
447945,0.2
447947,0.1
447958,0.02
447967,0.01
447968,0.09
447972,0.28
447975,0.14
447976,0.27
447978,0.0
447983,0.08
447993,0.15
447998,0.12
448001,0.27
448005,0.27
448007,0.08
448011,0.22
448012,0.05
448016,0.16
448030,0.2
448039,0.13
448040,0.09
448045,0.11
448046,0.1
448051,0.22
448084,0.09
448091,0.26
448100,0.09
448125,0.18
448143,0.16
448146,0.06
448150,0.04
448160,0.25
448163,0.09
448165,0.02
448182,0.02
448185,0.14
448188,0.0
448189,0.1
448209,0.09
448210,0.12
448218,0.02
448224,0.23
448241,0.01
448243,0.05
448244,0.0
448245,0.16
448254,0.08
448278,0.12
448279,0.07
448282,0.11
448284,0.04
448285,0.35
448301,0.11
448302,0.16
448305,0.12
448317,0.13
448330,0.21
448335,0.14
448338,0.05
448340,0.04
448341,0.04
448347,0.33
448350,0.02
448353,0.05
448361,0.11
448370,0.12
448380,0.16
448400,0.05
448411,0.07
448412,0.16
448417,0.03
448420,0.12
448422,0.16
448424,0.05
448447,0.19
448459,0.04
448464,0.05
448470,0.19
448490,0.03
448494,0.02
448500,0.31
448515,0.02
448522,0.1
448526,0.19
448536,0.31
448548,0.06
448566,0.07
448573,0.02
448584,0.04
448585,0.04
448597,0.08
448599,0.12
448601,0.0
448604,0.14
448606,0.04
448610,0.03
448642,0.12
448660,0.04
448669,0.15
448674,0.16
448675,0.05
448678,0.01
448690,0.01
448693,0.06
448695,0.24
448700,0.16
448703,0.01
448704,0.16
448707,0.05
448720,0.24
448727,0.13
448728,0.13
448734,0.11
448746,0.06
448755,0.05
448760,0.29
448770,0.07
448778,0.06
448788,0.08
448790,0.04
448801,0.08
448805,0.0
448806,0.02
448812,0.0
448817,0.37
448834,0.0
448837,0.27
448838,0.1
448853,0.14
448856,0.06
448868,0.08
448876,0.0
448909,0.37
448917,0.22
448919,0.14
448922,0.18
448931,0.04
448935,0.02
448937,0.03
448940,0.11
448948,0.13
448958,0.08
448967,0.11
448968,0.04
448973,0.2
448993,0.06
449000,0.08
449011,0.31
449015,0.07
449030,0.05
449035,0.06
449040,0.0
449045,0.01
449060,0.0
449081,0.02
449082,0.02
449087,0.23
449095,0.06
449105,0.05
449110,0.02
449117,0.13
449126,0.16
449134,0.0
449141,0.04
449148,0.09
449155,0.02
449158,0.14
449160,0.05
449178,0.26
449180,0.29
449183,0.04
449186,0.05
449193,0.08
449196,0.05
449203,0.09
449213,0.1
449214,0.04
449215,0.03
449216,0.06
449224,0.04
449227,0.09
449230,0.04
449233,0.21
449253,0.05
449254,0.0
449264,0.28
449289,0.22
449302,0.03
449308,0.05
449314,0.06
449322,0.12
449323,0.18
449364,0.12
449368,0.01
449391,0.03
449403,0.02
449408,0.1
449409,0.07
449412,0.02
449424,0.05
449427,0.0
449462,0.14
449465,0.11
449469,0.05
449475,0.03
449476,0.1
449483,0.0
449484,0.14
449487,0.1
449492,0.0
449499,0.14
449502,0.08
449506,0.06
449508,0.12
449514,0.02
449517,0.24
449534,0.07
449540,0.03
449543,0.06
449545,0.0
449548,0.19
449555,0.08
449556,0.1
449558,0.03
449566,0.14
449574,0.15
449576,0.01
449578,0.03
449581,0.16
449586,0.1
449591,0.03
449594,0.07
449599,0.06
449606,0.01
449615,0.03
449616,0.08
449625,0.05
449633,0.04
449636,0.34
449637,0.14
449642,0.01
449683,0.04
449684,0.02
449711,0.05
449713,0.02
449716,0.09
449741,0.07
449745,0.07
449747,0.12
449756,0.08
449759,0.09
449760,0.04
449768,0.07
449773,0.05
449775,0.07
449780,0.07
449788,0.12
449792,0.05
449802,0.12
449812,0.23
449815,0.24
449818,0.05
449820,0.05
449821,0.03
449822,0.21
449831,0.01
449837,0.07
449855,0.08
449857,0.04
449865,0.04
449866,0.05
449871,0.1
449873,0.05
449874,0.13
449877,0.02
449881,0.09
449889,0.05
449893,0.02
449894,0.19
449897,0.21
449900,0.02
449910,0.01
449924,0.27
449928,0.14
449932,0.14
449942,0.01
449947,0.05
449955,0.02
449972,0.04
449984,0.2
450004,0.04
450027,0.05
450029,0.01
450035,0.05
450038,0.0
450042,0.31
450044,0.04
450060,0.04
450065,0.14
450076,0.12
450081,0.14
450083,0.05
450096,0.03
450102,0.03
450107,0.17
450109,0.13
450110,0.1
450111,0.1
450114,0.04
450117,0.04
450118,0.12
450124,0.16
450141,0.23
450145,0.03
450148,0.11
450169,0.0
450172,0.17
450173,0.03
450180,0.04
450182,0.0
450190,0.04
450200,0.08
450216,0.06
450221,0.04
450227,0.24
450229,0.08
450233,0.05
450244,0.05
450251,0.25
450260,0.07
450266,0.29
450267,0.05
450272,0.02
450280,0.15
450287,0.02
450290,0.05
450291,0.29
450303,0.11
450310,0.0
450311,0.08
450358,0.11
450373,0.06
450376,0.17
450383,0.14
450395,0.08
450398,0.27
450412,0.12
450415,0.08
450420,0.05
450421,0.17
450427,0.05
450428,0.01
450429,0.04
450433,0.06
450443,0.05
450453,0.04
450454,0.0
450458,0.1
450464,0.07
450469,0.11
450475,0.14
450478,0.3
450498,0.07
450501,0.1
450503,0.1
450513,0.3
450523,0.01
450530,0.11
450537,0.04
450543,0.23
450554,0.06
450555,0.0
450558,0.07
450568,0.01
450569,0.07
450580,0.01
450581,0.02
450588,0.0
450589,0.08
450602,0.06
450603,0.01
450621,0.01
450626,0.31
450640,0.02
450641,0.07
450644,0.24
450658,0.1
450672,0.27
450685,0.05
450687,0.21
450689,0.15
450690,0.14
450693,0.01
450699,0.04
450706,0.2
450708,0.09
450710,0.03
450716,0.06
450722,0.18
450752,0.14
450759,0.28
450763,0.17
450767,0.05
450768,0.24
450772,0.11
450778,0.02
450781,0.08
450788,0.07
450792,0.1
450817,0.02
450820,0.02
450835,0.25
450848,0.3
450853,0.22
450865,0.04
450878,0.07
450883,0.0
450885,0.24
450896,0.0
450897,0.07
450898,0.19
450904,0.11
450908,0.16
450917,0.06
450921,0.04
450923,0.09
450926,0.09
450929,0.05
450937,0.03
450963,0.18
450971,0.24
450973,0.08
450978,0.16
450982,0.04
450995,0.2
450997,0.03
451033,0.06
451035,0.09
451037,0.22
451039,0.0
451063,0.08
451079,0.03
451081,0.04
451083,0.03
451100,0.11
451101,0.05
451104,0.01
451109,0.05
451119,0.03
451124,0.01
451126,0.07
451146,0.14
451155,0.06
451156,0.04
451160,0.31
451163,0.02
451168,0.03
451175,0.08
451184,0.07
451189,0.0
451206,0.07
451208,0.01
451225,0.03
451226,0.02
451228,0.27
451230,0.2
451235,0.03
451239,0.0
451242,0.09
451247,0.17
451248,0.03
451255,0.06
451261,0.08
451270,0.09
451277,0.08
451278,0.07
451282,0.11
451283,0.07
451302,0.06
451310,0.12
451315,0.06
451328,0.07
451330,0.11
451331,0.25
451338,0.0
451342,0.12
451347,0.02
451350,0.15
451351,0.05
451354,0.05
451358,0.01
451370,0.01
451379,0.23
451383,0.0
451390,0.11
451391,0.06
451392,0.1
451412,0.02
451422,0.03
451429,0.0
451432,0.13
451437,0.05
451442,0.01
451455,0.03
451457,0.22
451464,0.15
451472,0.07
451474,0.06
451488,0.2
451512,0.06
451516,0.12
451519,0.12
451528,0.06
451531,0.07
451551,0.08
451564,0.04
451570,0.07
451571,0.06
451575,0.11
451576,0.2
451582,0.09
451586,0.06
451587,0.2
451594,0.08
451596,0.07
451600,0.23
451615,0.04
451616,0.19
451646,0.19
451648,0.12
451650,0.05
451651,0.06
451662,0.15
451675,0.05
451680,0.03
451682,0.11
451688,0.06
451691,0.1
451698,0.04
451703,0.16
451709,0.04
451714,0.28
451716,0.09
451719,0.03
451724,0.12
451726,0.14
451733,0.06
451743,0.0
451747,0.04
451756,0.01
451761,0.07
451762,0.1
451768,0.01
451785,0.04
451805,0.01
451811,0.1
451817,0.06
451823,0.15
451831,0.03
451840,0.25
451845,0.03
451852,0.12
451855,0.1
451856,0.05
451871,0.05
451873,0.1
451897,0.08
451907,0.06
451908,0.22
451919,0.01
451932,0.03
451934,0.11
451935,0.12
451936,0.1
451938,0.12
451954,0.0
451958,0.15
451976,0.15
451977,0.0
451983,0.17
452000,0.17
452023,0.06
452024,0.02
452028,0.01
452039,0.1
452043,0.03
452047,0.03
452067,0.25
452069,0.1
452071,0.0
452096,0.22
452101,0.1
452107,0.11
452108,0.15
452109,0.04
452123,0.0
452127,0.08
452131,0.27
452133,0.01
452136,0.13
452137,0.04
452142,0.11
452147,0.22
452158,0.04
452172,0.05
452190,0.13
452191,0.1
452192,0.01
452195,0.03
452209,0.05
452237,0.01
452239,0.01
452242,0.05
452246,0.02
452249,0.05
452263,0.04
452267,0.09
452273,0.01
452274,0.13
452291,0.05
452310,0.19
452319,0.11
452325,0.09
452328,0.07
452330,0.19
452332,0.03
452337,0.01
452353,0.14
452356,0.1
452368,0.05
452379,0.06
452380,0.27
452396,0.06
452398,0.06
452401,0.0
452408,0.07
452409,0.21
452414,0.05
452418,0.06
452422,0.16
452430,0.12
452432,0.02
452451,0.15
452455,0.01
452495,0.02
452497,0.19
452511,0.18
452514,0.09
452522,0.09
452529,0.09
452530,0.17
452542,0.06
452545,0.02
452558,0.05
452592,0.16
452604,0.06
452616,0.0
452619,0.1
452620,0.06
452630,0.0
452644,0.21
452658,0.09
452663,0.02
452668,0.0
452672,0.09
452679,0.09
452685,0.03
452690,0.12
452701,0.16
452702,0.14
452708,0.17
452714,0.11
452718,0.14
452731,0.0
452733,0.26
452741,0.16
452748,0.27
452750,0.1
452753,0.06
452759,0.07
452767,0.01
452768,0.26
452788,0.12
452802,0.09
452807,0.14
452819,0.04
452820,0.01
452821,0.11
452840,0.09
452851,0.02
452861,0.02
452865,0.01
452871,0.07
452882,0.14
452903,0.02
452906,0.13
452907,0.36
452914,0.05
452929,0.05
452931,0.22
452932,0.04
452948,0.08
452950,0.08
452963,0.07
452974,0.02
452982,0.13
452984,0.11
452994,0.12
452995,0.07
452998,0.0
453003,0.15
453021,0.0
453040,0.06
453042,0.09
453052,0.06
453056,0.13
453066,0.11
453067,0.01
453072,0.07
453085,0.11
453093,0.08
453094,0.0
453100,0.01
453101,0.06
453107,0.19
453110,0.06
453111,0.28
453113,0.02
453114,0.05
453124,0.05
453129,0.05
453142,0.22
453145,0.09
453152,0.09
453159,0.03
453168,0.08
453196,0.02
453212,0.07
453214,0.04
453215,0.07
453220,0.04
453230,0.2
453233,0.11
453235,0.15
453244,0.07
453248,0.27
453262,0.0
453268,0.03
453283,0.02
453284,0.05
453287,0.03
453299,0.1
453314,0.14
453322,0.03
453349,0.02
453354,0.08
453356,0.14
453359,0.11
453366,0.01
453367,0.04
453372,0.06
453378,0.22
453390,0.02
453397,0.06
453403,0.04
453406,0.2
453412,0.09
453415,0.38
453428,0.1
453431,0.01
453442,0.1
453449,0.06
453465,0.03
453473,0.49
453476,0.01
453479,0.01
453480,0.02
453481,0.04
453493,0.06
453494,0.15
453507,0.27
453509,0.03
453514,0.06
453524,0.09
453534,0.11
453538,0.05
453544,0.15
453549,0.01
453550,0.15
453551,0.1
453556,0.08
453560,0.16
453566,0.05
453569,0.08
453579,0.12
453582,0.02
453586,0.18
453618,0.01
453620,0.11
453655,0.11
453659,0.07
453668,0.23
453681,0.02
453686,0.08
453687,0.11
453704,0.05
453707,0.03
453708,0.02
453709,0.15
453715,0.03
453721,0.09
453725,0.03
453727,0.06
453747,0.18
453753,0.11
453755,0.04
453761,0.02
453763,0.04
453766,0.06
453774,0.12
453781,0.24
453790,0.03
453797,0.22
453808,0.2
453814,0.14
453836,0.14
453837,0.01
453843,0.11
453844,0.06
453871,0.02
453881,0.09
453892,0.07
453893,0.02
453894,0.04
453895,0.07
453903,0.06
453906,0.08
453918,0.11
453924,0.14
453930,0.14
453940,0.06
453944,0.24
453947,0.37
453949,0.16
453952,0.18
453959,0.19
453971,0.05
453986,0.21
453988,0.02
453989,0.13
453999,0.34
454007,0.11
454021,0.11
454023,0.38
454036,0.09
454046,0.07
454052,0.15
454066,0.01
454070,0.15
454071,0.12
454075,0.24
454080,0.06
454085,0.01
454097,0.08
454103,0.11
454105,0.12
454108,0.04
454109,0.25
454137,0.04
454150,0.02
454155,0.17
454164,0.14
454165,0.11
454170,0.09
454173,0.03
454181,0.05
454183,0.12
454188,0.05
454192,0.04
454198,0.3
454200,0.02
454209,0.05
454211,0.23
454212,0.13
454218,0.14
454220,0.07
454231,0.04
454242,0.01
454245,0.03
454261,0.07
454269,0.12
454271,0.03
454287,0.05
454293,0.18
454296,0.04
454304,0.11
454313,0.09
454315,0.07
454321,0.03
454333,0.21
454334,0.05
454345,0.07
454347,0.08
454361,0.08
454380,0.01
454382,0.24
454386,0.1
454390,0.07
454396,0.02
454398,0.18
454403,0.07
454405,0.03
454406,0.03
454412,0.12
454418,0.11
454436,0.2
454443,0.1
454449,0.14
454457,0.11
454466,0.04
454471,0.21
454476,0.27
454489,0.21
454493,0.17
454495,0.07
454497,0.06
454522,0.07
454554,0.05
454557,0.05
454560,0.03
454561,0.01
454563,0.05
454565,0.11
454566,0.17
454578,0.04
454605,0.03
454608,0.14
454612,0.06
454618,0.14
454622,0.03
454631,0.15
454638,0.11
454639,0.11
454640,0.16
454653,0.17
454663,0.05
454664,0.22
454674,0.12
454678,0.08
454680,0.03
454687,0.02
454690,0.06
454698,0.18
454700,0.05
454707,0.08
454714,0.04
454722,0.17
454723,0.09
454739,0.17
454745,0.02
454763,0.07
454765,0.06
454774,0.04
454778,0.05
454780,0.05
454781,0.08
454789,0.0
454801,0.07
454802,0.05
454835,0.32
454837,0.08
454841,0.02
454872,0.17
454878,0.03
454884,0.01
454891,0.2
454897,0.02
454908,0.04
454912,0.05
454922,0.02
454929,0.17
454935,0.04
454946,0.12
454959,0.1
454970,0.12
454991,0.03
455002,0.1
455005,0.12
455016,0.17
455021,0.15
455022,0.01
455024,0.06
455044,0.17
455050,0.02
455055,0.14
455056,0.04
455067,0.02
455069,0.0
455082,0.08
455087,0.04
455088,0.07
455112,0.03
455126,0.11
455132,0.06
455135,0.03
455148,0.02
455156,0.22
455161,0.06
455162,0.28
455164,0.16
455171,0.1
455174,0.13
455175,0.15
455184,0.42
455188,0.04
455200,0.19
455209,0.14
455212,0.12
455217,0.07
455222,0.01
455223,0.0
455228,0.03
455243,0.15
455246,0.08
455255,0.3
455262,0.09
455268,0.06
455277,0.19
455281,0.16
455296,0.03
455297,0.03
455322,0.06
455326,0.34
455327,0.11
455328,0.07
455368,0.0
455374,0.05
455377,0.04
455378,0.06
455379,0.14
455395,0.03
455424,0.1
455425,0.0
455429,0.04
455434,0.33
455436,0.03
455438,0.15
455439,0.16
455440,0.0
455441,0.04
455481,0.01
455482,0.05
455483,0.06
455484,0.07
455489,0.03
455490,0.06
455513,0.34
455515,0.06
455536,0.04
455537,0.12
455538,0.04
455539,0.09
455567,0.29
455583,0.32
455607,0.01
455636,0.21
455638,0.04
455640,0.16
455644,0.01
455645,0.03
455648,0.13
455650,0.05
455658,0.11
455694,0.08
455695,0.09
455696,0.0
455703,0.26
455742,0.02
455748,0.03
455749,0.1
455750,0.21
455751,0.05
455752,0.04
455787,0.14
455798,0.05
455802,0.1
455803,0.15
455804,0.17
455805,0.0
455829,0.02
455840,0.1
455849,0.02
455850,0.14
455852,0.07
455854,0.2
455863,0.06
455897,0.04
455902,0.05
455907,0.01
455908,0.05
455909,0.14
455940,0.07
455955,0.06
455958,0.04
455959,0.23
455960,0.07
455961,0.2
455962,0.08
455963,0.07
455965,0.03
456007,0.15
456008,0.01
456009,0.05
456010,0.12
456011,0.02
456013,0.21
456028,0.08
456058,0.26
456111,0.11
456114,0.23
456115,0.03
456116,0.03
456119,0.01
456120,0.11
456122,0.05
456123,0.02
456166,0.13
456167,0.01
456168,0.02
456169,0.05
456170,0.09
456189,0.07
456202,0.13
456221,0.06
456222,0.03
456223,0.05
456224,0.02
456250,0.16
