SK_ID_CURR,TARGET
100001,0.08
100005,0.19
100013,0.05
100028,0.06
100038,0.21
100042,0.17
100057,0.06
100065,0.18
100066,0.06
100067,0.21
100074,0.15
100090,0.03
100091,0.32
100092,0.21
100106,0.08
100107,0.18
100109,0.23
100117,0.13
100128,0.15
100141,0.03
100150,0.07
100168,0.01
100169,0.12
100170,0.05
100171,0.24
100172,0.26
100184,0.11
100187,0.04
100212,0.16
100222,0.19
100223,0.02
100232,0.08
100241,0.29
100245,0.06
100253,0.1
100256,0.11
100271,0.01
100278,0.3
100280,0.02
100306,0.14
100311,0.24
100312,0.23
100330,0.08
100331,0.05
100352,0.15
100358,0.05
100367,0.1
100382,0.25
100384,0.08
100385,0.23
100386,0.16
100399,0.12
100404,0.14
100416,0.09
100422,0.1
100426,0.16
100438,0.14
100444,0.1
100445,0.41
100446,0.24
100447,0.06
100450,0.07
100466,0.02
100483,0.11
100484,0.0
100494,0.25
100510,0.22
100512,0.03
100517,0.03
100548,0.19
100551,0.03
100552,0.29
100553,0.12
100561,0.32
100568,0.44
100569,0.06
100591,0.05
100592,0.01
100602,0.05
100607,0.14
100613,0.17
100617,0.31
100618,0.1
100622,0.13
100625,0.4
100677,0.19
100699,0.06
100702,0.62
100711,0.19
100729,0.17
100740,0.16
100744,0.12
100745,0.13
100747,0.04
100751,0.47
100752,0.05
100753,0.19
100754,0.43
100760,0.02
100762,0.13
100763,0.06
100765,0.04
100770,0.13
100772,0.01
100777,0.09
100791,0.04
100792,0.0
100797,0.04
100823,0.02
100826,0.06
100830,0.24
100836,0.14
100872,0.09
100910,0.01
100913,0.35
100918,0.11
100931,0.02
100952,0.04
100953,0.14
100965,0.25
100970,0.03
100982,0.08
100983,0.42
100984,0.05
100987,0.06
100997,0.09
100998,0.13
101002,0.11
101005,0.15
101008,0.22
101020,0.11
101021,0.05
101024,0.12
101025,0.12
101026,0.05
101031,0.03
101041,0.05
101051,0.07
101055,0.04
101056,0.26
101057,0.17
101064,0.12
101079,0.26
101087,0.1
101090,0.0
101092,0.1
101097,0.05
101099,0.04
101107,0.13
101118,0.09
101125,0.15
101126,0.06
101128,0.02
101136,0.3
101140,0.22
101149,0.1
101160,0.03
101169,0.23
101181,0.05
101186,0.1
101190,0.19
101193,0.05
101194,0.32
101198,0.15
101200,0.08
101204,0.1
101211,0.21
101213,0.11
101223,0.05
101225,0.06
101237,0.13
101243,0.09
101244,0.3
101258,0.13
101259,0.23
101268,0.24
101269,0.01
101271,0.1
101279,0.13
101281,0.18
101287,0.01
101292,0.02
101294,0.01
101296,0.09
101297,0.08
101299,0.24
101301,0.12
101305,0.25
101308,0.21
101318,0.03
101327,0.29
101329,0.05
101332,0.05
101337,0.28
101343,0.04
101345,0.03
101346,0.12
101353,0.11
101354,0.22
101355,0.2
101356,0.09
101362,0.2
101363,0.5
101365,0.05
101366,0.16
101367,0.03
101368,0.01
101374,0.09
101380,0.06
101383,0.02
101398,0.05
101399,0.27
101401,0.07
101412,0.12
101426,0.02
101427,0.4
101428,0.28
101429,0.14
101434,0.06
101440,0.03
101448,0.03
101449,0.1
101465,0.09
101467,0.0
101472,0.06
101478,0.4
101497,0.26
101504,0.16
101547,0.04
101548,0.12
101555,0.24
101570,0.03
101572,0.16
101578,0.18
101580,0.62
101588,0.17
101602,0.04
101610,0.19
101614,0.15
101616,0.12
101643,0.22
101644,0.04
101649,0.21
101650,0.04
101665,0.02
101667,0.06
101669,0.05
101674,0.15
101675,0.01
101678,0.24
101682,0.08
101686,0.15
101697,0.11
101700,0.3
101711,0.04
101714,0.08
101715,0.2
101728,0.12
101732,0.11
101757,0.36
101758,0.04
101759,0.1
101762,0.08
101764,0.11
101780,0.42
101784,0.02
101789,0.03
101816,0.25
101819,0.02
101827,0.0
101863,0.16
101867,0.08
101870,0.02
101873,0.19
101878,0.43
101879,0.05
101880,0.02
101887,0.11
101897,0.04
101901,0.12
101903,0.27
101920,0.07
101921,0.2
101922,0.05
101961,0.09
101962,0.18
101971,0.04
101976,0.14
102002,0.14
102005,0.01
102007,0.3
102017,0.03
102019,0.3
102029,0.01
102051,0.51
102052,0.01
102054,0.03
102062,0.05
102067,0.31
102068,0.05
102070,0.14
102090,0.19
102092,0.13
102099,0.12
102100,0.03
102112,0.03
102113,0.16
102122,0.24
102123,0.17
102125,0.08
102126,0.21
102146,0.05
102147,0.05
102151,0.04
102158,0.39
102159,0.1
102162,0.22
102165,0.04
102166,0.07
102174,0.02
102193,0.1
102198,0.0
102205,0.27
102206,0.03
102218,0.03
102221,0.05
102230,0.11
102238,0.12
102248,0.09
102252,0.33
102259,0.15
102262,0.18
102273,0.05
102286,0.18
102293,0.0
102294,0.14
102296,0.09
102298,0.16
102303,0.05
102309,0.04
102315,0.03
102340,0.05
102342,0.13
102344,0.04
102346,0.05
102347,0.06
102374,0.03
102380,0.05
102387,0.07
102393,0.15
102403,0.01
102413,0.03
102414,0.03
102415,0.14
102416,0.12
102439,0.01
102441,0.06
102443,0.0
102444,0.39
102445,0.2
102448,0.07
102449,0.07
102450,0.15
102456,0.01
102458,0.11
102459,0.05
102465,0.07
102470,0.15
102471,0.07
102475,0.14
102476,0.03
102506,0.19
102509,0.09
102519,0.07
102522,0.06
102545,0.01
102549,0.15
102562,0.09
102563,0.06
102568,0.12
102582,0.09
102592,0.05
102597,0.17
102605,0.08
102614,0.03
102617,0.15
102634,0.43
102652,0.01
102655,0.04
102671,0.12
102694,0.24
102701,0.13
102703,0.0
102704,0.01
102713,0.04
102720,0.32
102731,0.02
102733,0.06
102749,0.03
102755,0.09
102763,0.1
102770,0.13
102772,0.05
102799,0.12
102838,0.09
102854,0.08
102862,0.16
102863,0.06
102867,0.05
102868,0.04
102878,0.04
102887,0.09
102898,0.35
102904,0.06
102912,0.06
102919,0.0
102927,0.06
102932,0.16
102933,0.1
102935,0.03
102958,0.03
102969,0.1
102971,0.0
102975,0.09
102979,0.12
102982,0.05
102987,0.27
102989,0.06
102995,0.08
102996,0.09
103000,0.14
103001,0.06
103004,0.11
103010,0.05
103025,0.1
103029,0.06
103046,0.21
103056,0.07
103062,0.13
103078,0.02
103083,0.02
103092,0.06
103096,0.05
103097,0.07
103102,0.13
103112,0.09
103132,0.15
103144,0.07
103145,0.06
103146,0.03
103147,0.15
103158,0.02
103171,0.08
103173,0.01
103184,0.03
103195,0.17
103196,0.03
103206,0.1
103230,0.3
103231,0.32
103232,0.0
103239,0.24
103240,0.29
103243,0.19
103252,0.13
103258,0.14
103259,0.27
103279,0.08
103280,0.0
103286,0.04
103287,0.51
103290,0.06
103298,0.08
103315,0.05
103319,0.12
103334,0.11
103336,0.19
103345,0.03
103368,0.05
103371,0.32
103377,0.03
103398,0.01
103404,0.16
103408,0.37
103410,0.3
103418,0.07
103420,0.32
103432,0.17
103433,0.01
103436,0.07
103440,0.21
103453,0.06
103459,0.08
103460,0.05
103461,0.05
103462,0.08
103473,0.16
103474,0.03
103475,0.36
103478,0.19
103480,0.06
103484,0.02
103494,0.08
103513,0.02
103515,0.06
103516,0.23
103525,0.16
103541,0.21
103544,0.03
103562,0.26
103570,0.4
103572,0.14
103574,0.11
103575,0.09
103591,0.12
103594,0.08
103609,0.18
103613,0.1
103614,0.07
103615,0.16
103624,0.05
103625,0.26
103628,0.29
103629,0.04
103647,0.18
103648,0.07
103651,0.03
103658,0.06
103668,0.22
103669,0.06
103676,0.03
103682,0.08
103683,0.25
103689,0.02
103725,0.21
103733,0.31
103744,0.04
103762,0.13
103771,0.14
103773,0.01
103783,0.09
103784,0.19
103808,0.0
103812,0.05
103813,0.1
103814,0.15
103818,0.26
103824,0.06
103828,0.01
103830,0.31
103840,0.0
103842,0.06
103847,0.09
103848,0.13
103851,0.02
103854,0.16
103857,0.13
103861,0.01
103862,0.07
103865,0.08
103870,0.04
103876,0.16
103891,0.21
103908,0.12
103914,0.05
103918,0.11
103940,0.01
103963,0.16
103966,0.17
103971,0.11
103980,0.01
103984,0.05
103985,0.06
103998,0.51
104019,0.03
104026,0.1
104035,0.03
104044,0.24
104045,0.05
104047,0.37
104051,0.0
104058,0.07
104063,0.01
104066,0.07
104087,0.1
104089,0.07
104095,0.06
104098,0.17
104104,0.12
104110,0.19
104120,0.12
104122,0.01
104131,0.17
104132,0.07
104135,0.02
104136,0.0
104149,0.16
104150,0.06
104156,0.3
104165,0.34
104175,0.08
104179,0.17
104184,0.46
104206,0.16
104216,0.3
104230,0.28
104257,0.1
104272,0.07
104273,0.06
104278,0.01
104294,0.17
104295,0.01
104297,0.02
104298,0.08
104308,0.05
104318,0.0
104319,0.1
104320,0.03
104327,0.02
104334,0.0
104344,0.11
104350,0.02
104351,0.3
104354,0.07
104369,0.13
104376,0.11
104381,0.12
104384,0.06
104391,0.23
104394,0.03
104398,0.06
104402,0.01
104408,0.14
104409,0.11
104410,0.3
104412,0.12
104417,0.17
104424,0.05
104426,0.37
104435,0.17
104445,0.02
104458,0.05
104460,0.03
104466,0.06
104472,0.1
104473,0.1
104479,0.03
104480,0.1
104482,0.23
104499,0.08
104501,0.04
104502,0.1
104506,0.31
104510,0.0
104512,0.07
104520,0.25
104528,0.05
104529,0.03
104541,0.14
104578,0.14
104584,0.16
104588,0.14
104602,0.15
104610,0.0
104611,0.11
104618,0.06
104620,0.09
104622,0.06
104624,0.06
104625,0.09
104634,0.04
104639,0.08
104646,0.06
104647,0.1
104652,0.09
104670,0.15
104677,0.13
104685,0.27
104691,0.13
104696,0.09
104699,0.03
104712,0.13
104714,0.08
104717,0.05
104718,0.0
104740,0.18
104741,0.03
104743,0.04
104744,0.06
104747,0.27
104767,0.14
104772,0.2
104776,0.09
104779,0.0
104814,0.03
104815,0.02
104830,0.09
104831,0.18
104833,0.13
104839,0.04
104840,0.07
104860,0.07
104861,0.04
104866,0.09
104870,0.11
104877,0.09
104878,0.01
104879,0.05
104880,0.12
104899,0.03
104906,0.22
104907,0.07
104913,0.35
104916,0.08
104921,0.02
104930,0.07
104931,0.44
104936,0.04
104937,0.05
104942,0.04
104943,0.15
104969,0.04
104972,0.29
104988,0.05
105013,0.06
105015,0.0
105019,0.12
105027,0.06
105030,0.13
105035,0.31
105041,0.06
105051,0.05
105056,0.05
105067,0.37
105071,0.11
105072,0.04
105074,0.08
105091,0.16
105101,0.06
105103,0.06
105134,0.08
105139,0.01
105142,0.2
105146,0.08
105163,0.08
105168,0.02
105172,0.09
105176,0.4
105195,0.08
105196,0.34
105197,0.09
105203,0.08
105223,0.06
105227,0.07
105228,0.0
105230,0.16
105231,0.11
105239,0.14
105242,0.1
105244,0.12
105245,0.06
105248,0.08
105249,0.18
105266,0.28
105271,0.36
105276,0.0
105282,0.04
105292,0.1
105297,0.03
105332,0.11
105333,0.01
105343,0.0
105344,0.05
105345,0.09
105357,0.02
105359,0.07
105366,0.01
105367,0.2
105370,0.05
105377,0.1
105390,0.22
105399,0.0
105403,0.15
105404,0.16
105414,0.03
105417,0.06
105425,0.29
105452,0.22
105454,0.22
105456,0.06
105470,0.01
105471,0.11
105483,0.34
105493,0.26
105508,0.03
105514,0.07
105515,0.03
105528,0.14
105529,0.1
105531,0.09
105532,0.22
105558,0.03
105574,0.07
105578,0.02
105584,0.22
105595,0.03
105617,0.03
105618,0.01
105621,0.0
105625,0.11
105629,0.03
105630,0.06
105634,0.01
105635,0.02
105641,0.05
105647,0.13
105648,0.14
105655,0.14
105657,0.03
105672,0.08
105678,0.25
105682,0.08
105691,0.02
105692,0.0
105706,0.04
105712,0.07
105720,0.09
105734,0.0
105735,0.06
105736,0.28
105737,0.11
105738,0.13
105740,0.13
105744,0.11
105747,0.15
105749,0.14
105754,0.05
105758,0.09
105760,0.23
105767,0.22
105784,0.21
105791,0.01
105802,0.15
105807,0.2
105809,0.03
105816,0.05
105817,0.06
105824,0.08
105832,0.09
105856,0.04
105865,0.18
105899,0.34
105906,0.02
105916,0.04
105923,0.32
105937,0.08
105965,0.0
105966,0.03
105968,0.04
105973,0.11
105976,0.07
105978,0.16
105979,0.02
105991,0.28
105998,0.21
105999,0.19
106000,0.16
106001,0.03
106010,0.03
106011,0.05
106013,0.24
106015,0.04
106026,0.07
106032,0.1
106035,0.34
106040,0.07
106041,0.09
106044,0.0
106053,0.2
106054,0.01
106065,0.14
106081,0.13
106083,0.07
106087,0.02
106090,0.11
106101,0.01
106102,0.04
106109,0.2
106116,0.07
106150,0.0
106155,0.09
106166,0.0
106176,0.24
106189,0.04
106199,0.07
106205,0.02
106206,0.04
106211,0.05
106214,0.01
106216,0.01
106217,0.03
106225,0.2
106249,0.02
106256,0.46
106258,0.01
106261,0.05
106262,0.08
106264,0.02
106271,0.03
106276,0.04
106277,0.09
106286,0.04
106293,0.04
106295,0.23
106296,0.08
106297,0.02
106298,0.03
106311,0.04
106314,0.48
106320,0.07
106334,0.05
106346,0.23
106347,0.1
106349,0.01
106354,0.02
106360,0.08
106373,0.15
106377,0.12
106386,0.19
106387,0.06
106391,0.01
106401,0.19
106411,0.17
106413,0.59
106426,0.06
106427,0.03
106428,0.07
106434,0.03
106438,0.06
106440,0.01
106441,0.02
106452,0.12
106453,0.24
106454,0.08
106457,0.21
106484,0.0
106488,0.05
106491,0.2
106514,0.21
106527,0.16
106528,0.2
106529,0.05
106534,0.19
106550,0.22
106577,0.04
106585,0.09
106590,0.07
106607,0.08
106610,0.06
106611,0.07
106612,0.22
106624,0.02
106631,0.01
106647,0.34
106660,0.29
106674,0.03
106687,0.16
106712,0.0
106713,0.07
106717,0.07
106720,0.09
106721,0.1
106724,0.08
106735,0.12
106739,0.1
106740,0.07
106754,0.06
106760,0.17
106761,0.07
106784,0.05
106787,0.07
106797,0.08
106798,0.14
106802,0.06
106803,0.06
106804,0.28
106805,0.04
106810,0.28
106812,0.25
106813,0.05
106817,0.09
106822,0.03
106823,0.15
106827,0.02
106841,0.06
106851,0.36
106852,0.07
106853,0.16
106854,0.37
106861,0.11
106873,0.16
106877,0.18
106878,0.02
106881,0.1
106900,0.04
106906,0.18
106907,0.11
106914,0.22
106916,0.02
106924,0.0
106931,0.08
106936,0.14
106937,0.38
106938,0.05
106939,0.05
106943,0.16
106944,0.14
106967,0.01
106980,0.08
106986,0.01
106987,0.01
106990,0.02
107013,0.0
107023,0.08
107033,0.07
107037,0.32
107048,0.03
107071,0.05
107081,0.04
107113,0.1
107130,0.23
107131,0.11
107145,0.22
107156,0.2
107219,0.1
107222,0.16
107223,0.26
107232,0.05
107245,0.13
107246,0.14
107247,0.07
107256,0.0
107259,0.05
107260,0.08
107279,0.18
107280,0.12
107281,0.02
107285,0.03
107329,0.02
107337,0.21
107349,0.01
107350,0.05
107351,0.01
107359,0.16
107391,0.41
107394,0.09
107395,0.0
107406,0.01
107416,0.16
107417,0.05
107418,0.08
107419,0.04
107444,0.0
107445,0.08
107446,0.1
107460,0.0
107470,0.04
107475,0.17
107520,0.01
107526,0.14
107527,0.0
107530,0.02
107532,0.11
107534,0.27
107535,0.22
107554,0.16
107556,0.04
107559,0.09
107561,0.09
107564,0.21
107566,0.01
107571,0.06
107590,0.11
107602,0.06
107625,0.1
107626,0.45
107635,0.02
107636,0.26
107645,0.11
107652,0.27
107655,0.0
107668,0.06
107670,0.04
107677,0.02
107680,0.08
107683,0.06
107684,0.05
107691,0.28
107692,0.08
107703,0.09
107709,0.01
107710,0.16
107721,0.47
107725,0.09
107727,0.06
107739,0.0
107740,0.05
107741,0.11
107747,0.05
107765,0.37
107768,0.04
107775,0.18
107782,0.41
107790,0.05
107801,0.04
107807,0.01
107811,0.06
107817,0.04
107826,0.06
107838,0.08
107839,0.06
107843,0.15
107847,0.21
107849,0.17
107850,0.05
107867,0.07
107871,0.14
107908,0.01
107913,0.07
107927,0.11
107931,0.09
107955,0.1
107962,0.21
107977,0.15
107978,0.25
107993,0.06
108010,0.24
108016,0.09
108018,0.4
108027,0.15
108045,0.16
108069,0.25
108082,0.03
108089,0.06
108092,0.03
108106,0.01
108112,0.04
108120,0.03
108122,0.31
108135,0.17
108170,0.01
108171,0.03
108177,0.01
108180,0.09
108183,0.01
108184,0.08
108185,0.13
108192,0.14
108195,0.33
108196,0.0
108218,0.03
108219,0.09
108243,0.12
108249,0.0
108251,0.01
108274,0.11
108280,0.39
108289,0.07
108292,0.11
108295,0.04
108327,0.03
108332,0.04
108346,0.09
108349,0.09
108353,0.19
108362,0.07
108363,0.11
108377,0.51
108378,0.14
108381,0.04
108383,0.36
108390,0.08
108407,0.1
108408,0.0
108411,0.06
108412,0.18
108419,0.12
108436,0.53
108437,0.14
108438,0.04
108441,0.12
108448,0.04
108449,0.06
108466,0.03
108467,0.21
108473,0.06
108474,0.15
108476,0.13
108479,0.03
108486,0.02
108493,0.01
108501,0.05
108506,0.14
108510,0.06
108511,0.08
108514,0.02
108517,0.01
108519,0.11
108522,0.04
108548,0.1
108554,0.03
108555,0.19
108559,0.04
108562,0.17
108571,0.09
108572,0.04
108579,0.18
108583,0.02
108584,0.03
108592,0.1
108602,0.04
108609,0.07
108613,0.11
108616,0.16
108618,0.07
108620,0.05
108643,0.06
108649,0.07
108654,0.07
108655,0.05
108656,0.11
108667,0.0
108668,0.12
108682,0.1
108690,0.16
108691,0.03
108692,0.13
108695,0.07
108699,0.12
108710,0.32
108718,0.18
108739,0.55
108740,0.01
108741,0.01
108742,0.08
108763,0.0
108767,0.4
108769,0.09
108779,0.35
108788,0.04
108801,0.13
108802,0.1
108810,0.06
108811,0.02
108813,0.02
108814,0.08
108825,0.06
108826,0.14
108830,0.03
108834,0.02
108852,0.12
108887,0.16
108901,0.13
108908,0.05
108910,0.02
108920,0.24
108922,0.27
108929,0.15
108930,0.09
108937,0.31
108938,0.04
108943,0.09
108948,0.04
108953,0.08
108956,0.01
108965,0.04
108985,0.13
108986,0.13
108987,0.1
108990,0.0
108991,0.18
108993,0.36
109000,0.06
109001,0.21
109012,0.51
109014,0.03
109015,0.11
109021,0.03
109037,0.07
109042,0.23
109044,0.07
109046,0.61
109064,0.04
109084,0.05
109086,0.08
109092,0.0
109093,0.07
109100,0.14
109101,0.01
109110,0.07
109114,0.14
109126,0.27
109152,0.04
109162,0.11
109167,0.11
109168,0.2
109169,0.02
109179,0.01
109184,0.13
109191,0.34
109192,0.06
109193,0.03
109196,0.1
109206,0.13
109210,0.01
109244,0.16
109249,0.04
109273,0.06
109276,0.13
109281,0.03
109287,0.08
109297,0.32
109298,0.13
109306,0.06
109309,0.03
109321,0.26
109328,0.1
109336,0.04
109342,0.01
109346,0.01
109347,0.1
109348,0.2
109362,0.11
109363,0.01
109367,0.05
109370,0.03
109393,0.1
109405,0.01
109413,0.05
109414,0.34
109421,0.04
109427,0.08
109428,0.09
109429,0.19
109437,0.05
109443,0.05
109461,0.07
109468,0.07
109469,0.01
109471,0.34
109479,0.22
109484,0.04
109501,0.04
109505,0.01
109535,0.05
109539,0.08
109544,0.09
109545,0.02
109551,0.06
109553,0.02
109555,0.03
109561,0.18
109580,0.02
109583,0.22
109593,0.05
109604,0.02
109620,0.01
109635,0.04
109637,0.46
109638,0.04
109642,0.04
109649,0.09
109652,0.07
109656,0.02
109663,0.07
109696,0.17
109700,0.3
109709,0.22
109735,0.11
109740,0.15
109741,0.17
109749,0.04
109764,0.0
109771,0.23
109772,0.14
109773,0.19
109798,0.05
109802,0.17
109804,0.02
109813,0.02
109818,0.05
109848,0.06
109850,0.08
109851,0.07
109855,0.02
109871,0.5
109877,0.07
109883,0.03
109886,0.03
109905,0.14
109936,0.47
109950,0.17
109958,0.12
109959,0.18
109969,0.0
109971,0.01
109984,0.06
109985,0.21
109988,0.03
109992,0.06
110005,0.1
110009,0.15
110011,0.18
110014,0.11
110026,0.05
110042,0.07
110058,0.08
110069,0.03
110080,0.04
110087,0.11
110091,0.15
110094,0.07
110098,0.1
110105,0.07
110117,0.02
110136,0.31
110138,0.2
110149,0.15
110164,0.07
110202,0.1
110212,0.04
110226,0.01
110236,0.02
110249,0.04
110257,0.04
110258,0.0
110277,0.05
110282,0.07
110284,0.01
110286,0.12
110289,0.01
110304,0.0
110319,0.07
110324,0.03
110326,0.03
110335,0.18
110337,0.1
110338,0.06
110343,0.02
110345,0.08
110347,0.4
110355,0.07
110359,0.09
110360,0.06
110364,0.14
110371,0.09
110372,0.01
110376,0.24
110379,0.3
110380,0.04
110393,0.11
110401,0.14
110406,0.02
110411,0.07
110416,0.13
110420,0.03
110443,0.02
110465,0.11
110468,0.1
110469,0.06
110471,0.24
110487,0.45
110491,0.02
110504,0.04
110547,0.09
110550,0.04
110559,0.12
110578,0.21
110582,0.26
110590,0.08
110598,0.06
110601,0.5
110602,0.02
110604,0.12
110625,0.17
110626,0.37
110636,0.3
110637,0.2
110638,0.12
110646,0.07
110648,0.02
110652,0.04
110681,0.01
110682,0.35
110687,0.14
110691,0.04
110694,0.03
110695,0.02
110696,0.07
110708,0.02
110710,0.03
110717,0.09
110730,0.07
110740,0.08
110742,0.11
110747,0.03
110761,0.08
110766,0.04
110769,0.04
110774,0.1
110803,0.06
110805,0.05
110809,0.31
110827,0.17
110832,0.04
110839,0.13
110859,0.16
110861,0.01
110863,0.39
110865,0.15
110881,0.27
110889,0.03
110891,0.01
110894,0.04
110895,0.13
110907,0.12
110914,0.11
110933,0.04
110934,0.0
110937,0.17
110953,0.04
110954,0.23
110958,0.15
110970,0.02
110974,0.09
110977,0.1
110989,0.07
110993,0.18
110994,0.22
111018,0.01
111019,0.03
111030,0.02
111032,0.1
111041,0.11
111045,0.09
111048,0.04
111052,0.0
111070,0.21
111084,0.13
111091,0.03
111104,0.03
111108,0.06
111112,0.15
111127,0.0
111142,0.07
111146,0.11
111165,0.05
111168,0.0
111169,0.35
111172,0.1
111173,0.03
111174,0.12
111175,0.18
111176,0.09
111177,0.11
111180,0.02
111182,0.05
111192,0.1
111194,0.24
111196,0.06
111197,0.03
111198,0.03
111205,0.13
111207,0.01
111222,0.01
111228,0.05
111233,0.0
111256,0.07
111258,0.06
111262,0.03
111263,0.14
111267,0.02
111269,0.3
111276,0.01
111277,0.07
111279,0.37
111290,0.01
111294,0.02
111295,0.15
111315,0.26
111318,0.14
111327,0.0
111328,0.0
111332,0.3
111338,0.0
111343,0.28
111344,0.08
111345,0.34
111347,0.06
111356,0.02
111359,0.13
111367,0.05
111368,0.05
111391,0.14
111408,0.02
111412,0.18
111419,0.12
111422,0.08
111423,0.31
111439,0.04
111452,0.5
111456,0.04
111467,0.04
111478,0.18
111482,0.01
111488,0.04
111503,0.02
111510,0.01
111512,0.0
111518,0.17
111532,0.26
111537,0.04
111541,0.1
111544,0.01
111550,0.0
111554,0.13
111560,0.14
111566,0.06
111567,0.16
111592,0.11
111618,0.08
111620,0.03
111627,0.0
111641,0.19
111646,0.14
111652,0.05
111657,0.0
111664,0.12
111665,0.2
111669,0.07
111673,0.03
111687,0.04
111688,0.07
111689,0.03
111694,0.02
111695,0.08
111698,0.02
111703,0.02
111709,0.0
111712,0.05
111715,0.07
111724,0.05
111730,0.09
111747,0.05
111760,0.0
111761,0.06
111763,0.17
111776,0.05
111777,0.02
111781,0.0
111793,0.04
111804,0.25
111810,0.13
111816,0.0
111818,0.06
111830,0.11
111832,0.01
111841,0.01
111842,0.14
111843,0.06
111846,0.06
111848,0.27
111856,0.0
111857,0.01
111877,0.05
111882,0.01
111883,0.06
111891,0.02
111893,0.02
111901,0.06
111912,0.05
111913,0.03
111955,0.04
111958,0.05
111960,0.29
111967,0.06
112000,0.12
112003,0.09
112015,0.13
112019,0.39
112020,0.07
112028,0.04
112029,0.17
112031,0.05
112039,0.06
112042,0.04
112049,0.01
112052,0.11
112054,0.0
112055,0.05
112063,0.19
112070,0.06
112071,0.06
112080,0.12
112083,0.06
112085,0.07
112089,0.04
112098,0.27
112100,0.02
112105,0.11
112124,0.09
112126,0.15
112127,0.03
112128,0.09
112148,0.03
112149,0.23
112165,0.22
112170,0.06
112171,0.02
112176,0.31
112186,0.05
112199,0.07
112203,0.03
112214,0.18
112215,0.27
112216,0.03
112224,0.22
112225,0.04
112231,0.07
112234,0.07
112235,0.03
112236,0.17
112254,0.23
112265,0.18
112271,0.0
112284,0.05
112287,0.01
112295,0.09
112303,0.17
112307,0.21
112310,0.11
112312,0.23
112313,0.0
112326,0.11
112333,0.1
112334,0.07
112339,0.08
112347,0.07
112350,0.04
112356,0.29
112357,0.04
112359,0.17
112360,0.24
112371,0.07
112385,0.1
112392,0.14
112401,0.36
112405,0.09
112414,0.12
112429,0.14
112448,0.0
112467,0.07
112468,0.03
112469,0.04
112491,0.06
112500,0.24
112510,0.36
112535,0.36
112537,0.05
112551,0.22
112552,0.02
112556,0.14
112577,0.01
112590,0.11
112593,0.14
112596,0.12
112601,0.02
112604,0.1
112622,0.04
112655,0.03
112663,0.0
112667,0.03
112670,0.1
112676,0.04
112677,0.13
112679,0.09
112683,0.04
112688,0.01
112692,0.14
112696,0.1
112702,0.15
112709,0.02
112720,0.14
112735,0.02
112738,0.07
112742,0.0
112748,0.07
112749,0.13
112766,0.02
112767,0.09
112769,0.02
112771,0.11
112775,0.02
112794,0.05
112795,0.06
112796,0.05
112815,0.1
112817,0.16
112821,0.1
112822,0.07
112829,0.3
112831,0.13
112835,0.18
112838,0.08
112842,0.09
112844,0.13
112845,0.01
112846,0.09
112847,0.02
112867,0.1
112868,0.08
112874,0.02
112879,0.07
112882,0.08
112886,0.06
112895,0.16
112896,0.15
112902,0.0
112904,0.0
112917,0.25
112932,0.29
112944,0.0
112946,0.06
112947,0.08
112948,0.14
112966,0.06
112967,0.08
112971,0.1
112973,0.02
112974,0.04
112978,0.2
112988,0.01
112992,0.16
113003,0.04
113004,0.02
113007,0.16
113020,0.3
113025,0.16
113032,0.03
113042,0.15
113047,0.04
113066,0.03
113067,0.31
113071,0.02
113087,0.04
113108,0.11
113109,0.04
113123,0.08
113128,0.24
113134,0.04
113151,0.13
113175,0.49
113181,0.09
113188,0.09
113191,0.02
113193,0.18
113201,0.07
113209,0.07
113222,0.07
113248,0.02
113272,0.02
113276,0.02
113287,0.02
113302,0.14
113308,0.06
113316,0.64
113318,0.06
113320,0.02
113322,0.2
113325,0.26
113326,0.09
113332,0.0
113346,0.18
113352,0.03
113361,0.18
113362,0.02
113365,0.08
113366,0.03
113368,0.01
113382,0.01
113385,0.14
113390,0.04
113391,0.06
113393,0.03
113396,0.14
113397,0.06
113402,0.0
113403,0.09
113405,0.11
113406,0.13
113410,0.64
113413,0.0
113418,0.07
113419,0.08
113435,0.03
113438,0.05
113447,0.01
113458,0.17
113466,0.0
113475,0.13
113482,0.13
113490,0.02
113505,0.07
113508,0.25
113520,0.06
113532,0.28
113535,0.08
113549,0.07
113557,0.02
113558,0.0
113561,0.06
113566,0.03
113569,0.03
113574,0.0
113576,0.09
113577,0.24
113585,0.03
113587,0.24
113599,0.37
113601,0.02
113602,0.05
113605,0.01
113609,0.28
113611,0.08
113616,0.23
113627,0.63
113631,0.08
113643,0.11
113652,0.09
113657,0.07
113659,0.02
113672,0.23
113680,0.09
113692,0.24
113694,0.04
113695,0.18
113701,0.0
113733,0.01
113738,0.09
113740,0.09
113742,0.15
113777,0.02
113783,0.21
113788,0.21
113789,0.02
113791,0.1
113795,0.1
113799,0.22
113805,0.02
113820,0.1
113822,0.01
113824,0.0
113829,0.08
113832,0.02
113833,0.07
113841,0.03
113849,0.11
113862,0.25
113863,0.1
113864,0.13
113870,0.01
113875,0.17
113882,0.0
113887,0.12
113894,0.05
113909,0.01
113930,0.07
113936,0.16
113939,0.07
113942,0.13
113943,0.24
113945,0.23
113947,0.01
113950,0.04
113951,0.02
113957,0.08
113966,0.23
113967,0.06
113977,0.08
113984,0.13
113986,0.13
113992,0.02
113998,0.0
113999,0.32
114003,0.11
114010,0.07
114011,0.17
114032,0.03
114047,0.01
114055,0.06
114056,0.33
114064,0.21
114065,0.08
114067,0.21
114068,0.0
114075,0.17
114076,0.01
114077,0.05
114094,0.08
114095,0.02
114109,0.12
114114,0.18
114116,0.02
114127,0.06
114158,0.08
114168,0.14
114169,0.03
114171,0.06
114180,0.36
114193,0.0
114198,0.09
114201,0.01
114202,0.39
114207,0.14
114210,0.06
114221,0.03
114222,0.05
114227,0.04
114250,0.04
114253,0.04
114265,0.07
114267,0.2
114273,0.41
114280,0.25
114281,0.06
114283,0.64
114291,0.36
114310,0.37
114316,0.0
114326,0.03
114327,0.25
114339,0.27
114352,0.11
114359,0.16
114360,0.01
114382,0.07
114396,0.08
114397,0.06
114415,0.05
114425,0.07
114434,0.02
114456,0.25
114463,0.08
114469,0.0
114476,0.04
114480,0.01
114482,0.13
114492,0.16
114493,0.22
114501,0.09
114506,0.05
114510,0.01
114515,0.32
114524,0.07
114545,0.18
114546,0.02
114560,0.03
114562,0.14
114563,0.01
114566,0.03
114599,0.11
114601,0.02
114607,0.38
114612,0.07
114622,0.17
114625,0.04
114634,0.06
114635,0.06
114641,0.01
114644,0.15
114645,0.09
114651,0.04
114653,0.01
114654,0.11
114667,0.06
114668,0.27
114670,0.05
114686,0.22
114688,0.17
114690,0.17
114691,0.08
114700,0.05
114706,0.0
114740,0.03
114741,0.17
114755,0.01
114757,0.0
114767,0.12
114772,0.3
114780,0.1
114782,0.17
114791,0.07
114815,0.19
114823,0.09
114835,0.0
114838,0.02
114840,0.0
114842,0.13
114844,0.09
114850,0.22
114853,0.03
114856,0.11
114857,0.04
114858,0.17
114864,0.03
114871,0.04
114875,0.01
114879,0.06
114893,0.02
114912,0.2
114922,0.02
114930,0.15
114945,0.06
114951,0.01
114958,0.06
114962,0.04
114976,0.21
114978,0.04
114987,0.06
115002,0.0
115005,0.07
115023,0.27
115030,0.01
115033,0.3
115034,0.06
115038,0.11
115046,0.12
115049,0.06
115055,0.04
115059,0.08
115076,0.03
115078,0.04
115081,0.02
115085,0.09
115096,0.13
115101,0.02
115114,0.17
115119,0.12
115121,0.02
115122,0.12
115144,0.01
115147,0.25
115151,0.04
115172,0.02
115175,0.13
115183,0.01
115185,0.07
115197,0.07
115200,0.07
115207,0.07
115217,0.18
115230,0.15
115237,0.05
115246,0.0
115251,0.04
115269,0.06
115290,0.17
115299,0.11
115309,0.21
115310,0.09
115311,0.01
115312,0.04
115323,0.02
115324,0.04
115341,0.3
115342,0.02
115343,0.02
115350,0.27
115354,0.2
115360,0.03
115368,0.08
115373,0.04
115396,0.3
115400,0.3
115401,0.06
115404,0.02
115405,0.08
115406,0.03
115407,0.06
115412,0.02
115413,0.03
115415,0.19
115423,0.03
115427,0.06
115428,0.02
115439,0.09
115440,0.22
115447,0.07
115450,0.07
115457,0.02
115459,0.3
115463,0.01
115473,0.17
115477,0.02
115479,0.08
115480,0.09
115481,0.04
115485,0.08
115489,0.08
115495,0.0
115500,0.03
115521,0.26
115572,0.02
115580,0.0
115582,0.01
115586,0.07
115587,0.11
115588,0.05
115591,0.14
115592,0.08
115618,0.03
115619,0.11
115621,0.32
115632,0.13
115646,0.16
115658,0.04
115671,0.08
115680,0.13
115686,0.09
115688,0.04
115705,0.05
115707,0.01
115708,0.06
115726,0.06
115759,0.01
115773,0.0
115777,0.03
115778,0.17
115781,0.01
115801,0.32
115804,0.06
115810,0.1
115812,0.15
115820,0.32
115827,0.04
115831,0.19
115841,0.14
115846,0.17
115852,0.0
115857,0.02
115858,0.07
115860,0.08
115865,0.03
115867,0.16
115869,0.07
115877,0.1
115904,0.09
115913,0.09
115916,0.04
115928,0.07
115932,0.13
115933,0.02
115937,0.33
115938,0.05
115957,0.02
115958,0.02
115969,0.01
115980,0.07
115984,0.0
116006,0.11
116007,0.15
116008,0.04
116009,0.24
116011,0.02
116012,0.2
116015,0.28
116025,0.18
116047,0.05
116052,0.02
116068,0.04
116077,0.02
116084,0.0
116089,0.04
116093,0.01
116097,0.14
116102,0.14
116118,0.03
116119,0.0
116125,0.05
116128,0.0
116135,0.07
116140,0.23
116141,0.01
116142,0.03
116153,0.08
116156,0.06
116157,0.04
116167,0.02
116168,0.06
116175,0.02
116187,0.05
116189,0.19
116191,0.05
116201,0.09
116210,0.27
116213,0.03
116215,0.24
116223,0.06
116226,0.0
116228,0.01
116241,0.03
116247,0.02
116266,0.05
116276,0.14
116287,0.01
116289,0.09
116292,0.2
116306,0.03
116309,0.07
116312,0.02
116313,0.03
116335,0.02
116342,0.07
116348,0.03
116367,0.04
116380,0.19
116383,0.09
116389,0.22
116395,0.22
116397,0.05
116398,0.14
116402,0.16
116404,0.16
116406,0.02
116424,0.08
116428,0.05
116436,0.02
116440,0.01
116448,0.08
116458,0.0
116466,0.07
116469,0.02
116473,0.01
116474,0.07
116479,0.12
116480,0.03
116491,0.01
116493,0.08
116505,0.11
116511,0.03
116525,0.07
116535,0.09
116544,0.0
116546,0.0
116562,0.05
116565,0.03
116578,0.04
116579,0.12
116580,0.17
116582,0.0
116584,0.02
116586,0.04
116596,0.04
116597,0.12
116598,0.04
116604,0.13
116608,0.13
116609,0.11
116613,0.06
116614,0.08
116615,0.05
116633,0.07
116637,0.13
116643,0.06
116647,0.14
116656,0.11
116659,0.09
116662,0.18
116676,0.06
116680,0.03
116681,0.0
116683,0.13
116684,0.02
116712,0.1
116720,0.11
116726,0.09
116729,0.02
116737,0.05
116745,0.08
116747,0.04
116766,0.07
116781,0.08
116783,0.03
116787,0.0
116788,0.25
116789,0.0
116801,0.04
116803,0.12
116804,0.1
116806,0.03
116815,0.09
116817,0.08
116825,0.1
116828,0.07
116829,0.05
116853,0.08
116854,0.07
116859,0.12
116860,0.16
116865,0.05
116872,0.04
116880,0.14
116882,0.01
116893,0.22
116896,0.21
116906,0.01
116908,0.12
116925,0.0
116926,0.13
116948,0.02
116949,0.22
116955,0.13
116964,0.04
116974,0.02
116976,0.33
116990,0.05
116993,0.04
116994,0.08
116997,0.06
117003,0.12
117007,0.07
117011,0.03
117012,0.06
117019,0.01
117021,0.02
117030,0.01
117036,0.1
117043,0.14
117054,0.07
117070,0.12
117077,0.26
117087,0.07
117093,0.03
117105,0.02
117112,0.01
117129,0.38
117135,0.13
117138,0.39
117142,0.15
117148,0.31
117157,0.12
117170,0.04
117171,0.1
117172,0.04
117178,0.05
117186,0.05
117187,0.33
117193,0.4
117194,0.2
117199,0.07
117207,0.0
117211,0.13
117216,0.24
117217,0.06
117218,0.07
117219,0.11
117224,0.07
117225,0.19
117239,0.19
117242,0.01
117249,0.09
117255,0.17
117257,0.08
117272,0.0
117284,0.18
117287,0.08
117293,0.07
117298,0.32
117299,0.02
117307,0.07
117321,0.03
117323,0.16
117326,0.14
117327,0.14
117341,0.01
117350,0.08
117362,0.16
117375,0.18
117391,0.12
117392,0.08
117396,0.29
117399,0.08
117400,0.12
117402,0.03
117406,0.09
117417,0.32
117418,0.08
117425,0.32
117428,0.17
117443,0.19
117448,0.02
117449,0.01
117450,0.04
117463,0.2
117467,0.06
117478,0.01
117480,0.03
117483,0.12
117484,0.04
117495,0.14
117498,0.02
117501,0.04
117503,0.11
117520,0.39
117524,0.13
117525,0.13
117526,0.24
117527,0.23
117531,0.02
117545,0.22
117547,0.42
117557,0.0
117563,0.12
117564,0.11
117598,0.35
117599,0.02
117610,0.02
117614,0.08
117616,0.13
117623,0.03
117625,0.51
117633,0.06
117634,0.18
117639,0.04
117652,0.11
117653,0.24
117660,0.16
117661,0.02
117662,0.16
117676,0.0
117677,0.07
117681,0.11
117684,0.01
117707,0.05
117736,0.3
117737,0.01
117741,0.13
117746,0.09
117753,0.17
117755,0.09
117775,0.1
117784,0.04
117786,0.14
117791,0.02
117801,0.15
117805,0.07
117816,0.01
117824,0.15
117835,0.06
117837,0.05
117847,0.06
117853,0.09
117854,0.1
117886,0.01
117900,0.08
117920,0.47
117924,0.01
117925,0.09
117934,0.02
117957,0.04
117959,0.15
117967,0.14
117969,0.18
117981,0.08
117982,0.03
117996,0.06
118000,0.39
118018,0.05
118025,0.07
118026,0.38
118044,0.18
118045,0.22
118048,0.03
118055,0.2
118058,0.0
118060,0.25
118066,0.01
118071,0.02
118072,0.06
118082,0.06
118089,0.23
118106,0.06
118115,0.17
118127,0.52
118144,0.18
118150,0.02
118151,0.03
118157,0.1
118162,0.07
118163,0.02
118166,0.06
118181,0.04
118191,0.0
118202,0.14
118205,0.3
118214,0.02
118251,0.12
118264,0.31
118271,0.12
118272,0.13
118276,0.19
118287,0.29
118291,0.03
118292,0.11
118294,0.05
118305,0.25
118312,0.09
118319,0.02
118321,0.0
118326,0.44
118342,0.15
118343,0.0
118353,0.11
118354,0.0
118358,0.02
118359,0.06
118365,0.05
118367,0.15
118368,0.06
118371,0.04
118378,0.13
118379,0.1
118383,0.05
118386,0.06
118387,0.06
118400,0.12
118403,0.07
118428,0.02
118440,0.02
118459,0.03
118490,0.04
118491,0.03
118492,0.12
118498,0.04
118499,0.16
118509,0.06
118518,0.06
118531,0.3
118532,0.01
118546,0.01
118548,0.11
118558,0.03
118560,0.52
118561,0.07
118562,0.1
118564,0.02
118569,0.18
118578,0.18
118585,0.01
118591,0.14
118592,0.04
118594,0.19
118611,0.01
118614,0.08
118622,0.14
118641,0.1
118642,0.04
118650,0.01
118666,0.05
118696,0.15
118697,0.04
118710,0.0
118717,0.09
118720,0.01
118735,0.02
118747,0.1
118750,0.07
118789,0.09
118791,0.08
118803,0.05
118804,0.04
118806,0.08
118809,0.11
118823,0.07
118842,0.29
118871,0.3
118874,0.07
118876,0.08
118886,0.03
118888,0.28
118889,0.0
118894,0.09
118898,0.0
118905,0.49
118911,0.0
118915,0.06
118916,0.09
118925,0.06
118926,0.16
118929,0.33
118935,0.02
118947,0.07
118951,0.02
118953,0.03
118960,0.07
118973,0.17
119001,0.02
119003,0.22
119009,0.06
119011,0.03
119012,0.04
119014,0.07
119025,0.01
119047,0.06
119049,0.02
119057,0.08
119062,0.02
119064,0.02
119069,0.03
119079,0.11
119088,0.0
119091,0.29
119095,0.02
119104,0.02
119108,0.29
119109,0.02
119115,0.11
119125,0.03
119146,0.04
119148,0.02
119160,0.06
119164,0.45
119169,0.08
119179,0.07
119187,0.07
119191,0.01
119205,0.01
119207,0.07
119208,0.06
119217,0.02
119230,0.03
119232,0.02
119236,0.09
119238,0.07
119240,0.02
119250,0.17
119251,0.03
119252,0.05
119266,0.02
119267,0.01
119270,0.19
119272,0.05
119276,0.12
119281,0.05
119295,0.14
119313,0.13
119318,0.04
119321,0.32
119340,0.11
119341,0.05
119344,0.16
119348,0.08
119353,0.02
119361,0.03
119362,0.49
119376,0.08
119383,0.03
119391,0.1
119394,0.12
119395,0.08
119415,0.01
119430,0.03
119441,0.02
119454,0.08
119468,0.02
119474,0.4
119492,0.08
119496,0.08
119500,0.12
119501,0.19
119510,0.07
119518,0.07
119524,0.17
119533,0.23
119540,0.23
119553,0.04
119573,0.07
119593,0.01
119594,0.04
119595,0.12
119596,0.02
119607,0.3
119609,0.1
119616,0.15
119618,0.07
119619,0.4
119628,0.01
119630,0.04
119632,0.02
119648,0.24
119671,0.02
119675,0.28
119683,0.14
119689,0.13
119697,0.02
119698,0.16
119702,0.1
119709,0.04
119715,0.01
119718,0.03
119719,0.45
119731,0.06
119736,0.12
119745,0.11
119749,0.04
119751,0.37
119757,0.13
119761,0.03
119762,0.07
119771,0.0
119778,0.02
119784,0.04
119788,0.22
119802,0.02
119803,0.1
119806,0.22
119810,0.01
119811,0.12
119813,0.11
119820,0.18
119821,0.23
119842,0.08
119843,0.1
119844,0.02
119861,0.04
119866,0.18
119868,0.04
119875,0.05
119896,0.61
119898,0.14
119921,0.05
119922,0.13
119929,0.02
119934,0.07
119938,0.06
119947,0.0
119948,0.48
119967,0.04
119977,0.16
119980,0.04
119984,0.14
119989,0.06
119990,0.1
119994,0.2
119999,0.12
120004,0.2
120020,0.23
120030,0.04
120036,0.04
120050,0.39
120051,0.47
120053,0.05
120075,0.05
120076,0.09
120088,0.01
120099,0.04
120101,0.02
120102,0.01
120108,0.01
120145,0.33
120146,0.29
120154,0.06
120156,0.12
120165,0.25
120166,0.01
120176,0.1
120179,0.27
120182,0.02
120198,0.05
120205,0.09
120208,0.01
120214,0.06
120220,0.04
120227,0.23
120233,0.06
120240,0.07
120243,0.05
120266,0.03
120268,0.02
120280,0.19
120281,0.03
120284,0.03
120298,0.03
120304,0.05
120306,0.04
120320,0.03
120325,0.02
120326,0.03
120335,0.29
120341,0.05
120343,0.06
120388,0.02
120390,0.08
120404,0.01
120405,0.05
120408,0.29
120415,0.02
120421,0.31
120422,0.1
120433,0.06
120437,0.28
120440,0.03
120441,0.1
120449,0.08
120457,0.12
120459,0.22
120460,0.04
120463,0.08
120464,0.08
120470,0.09
120488,0.11
120535,0.19
120538,0.1
120539,0.26
120541,0.08
120562,0.03
120570,0.31
120580,0.08
120581,0.08
120591,0.42
120593,0.07
120598,0.03
120603,0.02
120607,0.18
120642,0.01
120647,0.05
120649,0.0
120664,0.03
120665,0.02
120671,0.14
120678,0.11
120679,0.07
120680,0.14
120681,0.06
120691,0.17
120696,0.11
120697,0.22
120713,0.18
120721,0.19
120725,0.09
120734,0.24
120740,0.2
120748,0.27
120755,0.04
120759,0.24
120761,0.03
120764,0.2
120770,0.14
120777,0.03
120796,0.01
120803,0.06
120809,0.08
120811,0.02
120826,0.06
120829,0.06
120832,0.16
120840,0.14
120857,0.04
120885,0.12
120891,0.04
120894,0.01
120905,0.15
120913,0.02
120914,0.03
120918,0.15
120921,0.04
120923,0.06
120927,0.16
120928,0.07
120934,0.18
120936,0.08
120942,0.05
120946,0.07
120947,0.1
120953,0.03
120955,0.04
120956,0.19
120977,0.02
120980,0.08
120981,0.04
120982,0.01
120991,0.22
121011,0.16
121013,0.0
121018,0.06
121020,0.03
121037,0.03
121038,0.02
121039,0.05
121045,0.09
121046,0.08
121059,0.08
121066,0.33
121078,0.21
121080,0.29
121081,0.1
121086,0.04
121099,0.03
121100,0.05
121107,0.02
121108,0.07
121111,0.29
121130,0.02
121131,0.08
121135,0.3
121152,0.02
121156,0.03
121160,0.04
121162,0.18
121175,0.13
121181,0.07
121186,0.12
121197,0.04
121201,0.08
121208,0.05
121215,0.17
121220,0.35
121225,0.17
121227,0.01
121228,0.39
121243,0.03
121258,0.06
121259,0.07
121265,0.01
121279,0.07
121280,0.07
121281,0.12
121283,0.02
121288,0.05
121296,0.04
121300,0.02
121308,0.06
121321,0.08
121323,0.04
121332,0.05
121334,0.09
121348,0.03
121350,0.04
121351,0.09
121363,0.01
121379,0.05
121380,0.22
121383,0.0
121387,0.33
121414,0.14
121416,0.03
121422,0.08
121423,0.08
121427,0.14
121431,0.0
121438,0.04
121460,0.11
121479,0.04
121482,0.1
121483,0.13
121488,0.07
121489,0.13
121492,0.13
121502,0.01
121503,0.03
121513,0.02
121544,0.05
121545,0.08
121546,0.05
121552,0.04
121553,0.03
121556,0.29
121557,0.04
121583,0.03
121588,0.16
121596,0.21
121597,0.08
121612,0.01
121618,0.04
121619,0.07
121621,0.1
121622,0.01
121626,0.43
121628,0.11
121630,0.25
121631,0.0
121632,0.3
121641,0.06
121695,0.15
121733,0.13
121754,0.01
121762,0.1
121765,0.07
121766,0.27
121771,0.06
121772,0.49
121778,0.43
121791,0.06
121792,0.0
121822,0.21
121825,0.09
121832,0.07
121841,0.34
121846,0.02
121850,0.06
121851,0.05
121853,0.23
121857,0.1
121862,0.03
121863,0.01
121875,0.06
121881,0.16
121896,0.05
121901,0.07
121908,0.23
121909,0.1
121916,0.05
121919,0.12
121921,0.08
121933,0.19
121947,0.1
121948,0.18
121963,0.15
121968,0.04
121970,0.13
121978,0.09
121991,0.04
121996,0.03
121997,0.47
122000,0.24
122015,0.16
122017,0.05
122027,0.22
122044,0.01
122047,0.13
122055,0.27
122065,0.07
122069,0.02
122074,0.01
122086,0.12
122089,0.03
122099,0.04
122102,0.01
122118,0.12
122124,0.05
122125,0.05
122129,0.01
122133,0.09
122135,0.07
122136,0.04
122142,0.03
122154,0.01
122158,0.28
122160,0.1
122165,0.05
122166,0.25
122170,0.05
122175,0.02
122192,0.08
122207,0.01
122210,0.03
122215,0.04
122222,0.04
122234,0.28
122235,0.06
122236,0.05
122248,0.33
122256,0.03
122257,0.01
122258,0.01
122259,0.13
122260,0.09
122264,0.16
122266,0.51
122268,0.01
122271,0.07
122283,0.04
122286,0.04
122288,0.07
122301,0.02
122313,0.06
122322,0.07
122323,0.01
122324,0.05
122336,0.08
122338,0.21
122349,0.04
122351,0.14
122354,0.0
122358,0.21
122376,0.18
122378,0.03
122387,0.05
122392,0.09
122405,0.38
122409,0.06
122411,0.04
122415,0.21
122416,0.09
122425,0.1
122452,0.34
122453,0.25
122456,0.17
122458,0.07
122465,0.23
122468,0.03
122477,0.01
122483,0.09
122517,0.18
122521,0.44
122537,0.05
122538,0.03
122552,0.27
122557,0.12
122561,0.09
122568,0.07
122573,0.27
122583,0.17
122590,0.1
122609,0.02
122617,0.12
122621,0.04
122635,0.13
122638,0.12
122639,0.1
122644,0.0
122675,0.0
122699,0.18
122703,0.04
122706,0.08
122712,0.08
122730,0.02
122731,0.0
122736,0.05
122741,0.1
122745,0.0
122751,0.06
122768,0.12
122785,0.1
122797,0.11
122812,0.24
122816,0.02
122817,0.16
122826,0.18
122838,0.1
122845,0.0
122848,0.01
122850,0.01
122856,0.13
122862,0.14
122869,0.08
122871,0.03
122874,0.4
122875,0.03
122885,0.06
122901,0.01
122902,0.02
122903,0.16
122904,0.07
122910,0.07
122921,0.08
122925,0.02
122964,0.0
122975,0.01
122977,0.03
122984,0.24
122999,0.04
123004,0.36
123009,0.1
123012,0.03
123018,0.03
123025,0.1
123037,0.0
123038,0.0
123039,0.07
123045,0.02
123046,0.02
123051,0.08
123052,0.19
123056,0.13
123061,0.11
123072,0.15
123074,0.06
123086,0.23
123087,0.08
123091,0.07
123094,0.06
123105,0.03
123110,0.05
123113,0.13
123114,0.14
123124,0.13
123131,0.05
123136,0.32
123146,0.06
123147,0.35
123155,0.12
123163,0.07
123182,0.06
123196,0.06
123200,0.06
123204,0.09
123207,0.0
123210,0.05
123215,0.06
123227,0.0
123234,0.08
123239,0.26
123249,0.1
123252,0.18
123255,0.03
123257,0.02
123260,0.03
123263,0.16
123274,0.02
123275,0.03
123276,0.06
123292,0.04
123308,0.1
123316,0.01
123328,0.1
123330,0.06
123331,0.09
123334,0.24
123343,0.02
123344,0.09
123345,0.09
123352,0.21
123356,0.02
123365,0.17
123368,0.03
123376,0.06
123381,0.02
123384,0.1
123389,0.02
123401,0.26
123419,0.06
123433,0.04
123438,0.43
123441,0.12
123456,0.05
123457,0.2
123476,0.13
123477,0.06
123489,0.21
123490,0.1
123496,0.08
123502,0.02
123503,0.31
123513,0.07
123515,0.02
123530,0.11
123532,0.05
123537,0.0
123539,0.07
123540,0.01
123546,0.06
123547,0.13
123554,0.06
123572,0.05
123574,0.31
123575,0.14
123576,0.0
123584,0.04
123586,0.08
123591,0.03
123606,0.05
123607,0.18
123615,0.07
123616,0.16
123619,0.22
123621,0.29
123622,0.02
123633,0.08
123635,0.11
123658,0.06
123659,0.03
123663,0.02
123666,0.09
123670,0.03
123678,0.1
123688,0.11
123707,0.0
123709,0.15
123720,0.04
123741,0.01
123751,0.03
123759,0.17
123765,0.09
123766,0.23
123793,0.19
123794,0.04
123809,0.04
123837,0.05
123839,0.0
123843,0.16
123851,0.22
123854,0.11
123860,0.04
123863,0.37
123879,0.03
123888,0.28
123891,0.02
123912,0.02
123942,0.09
123952,0.16
123953,0.08
123958,0.3
123966,0.01
123977,0.0
123981,0.0
124000,0.07
124023,0.03
124026,0.03
124027,0.04
124033,0.06
124053,0.28
124057,0.05
124065,0.04
124074,0.0
124079,0.14
124095,0.07
124110,0.01
124138,0.07
124167,0.24
124168,0.15
124175,0.0
124176,0.31
124181,0.04
124195,0.16
124197,0.01
124206,0.01
124225,0.02
124230,0.05
124231,0.12
124253,0.1
124257,0.06
124263,0.06
124277,0.09
124285,0.02
124289,0.04
124299,0.42
124303,0.08
124309,0.33
124316,0.05
124319,0.03
124335,0.16
124347,0.32
124359,0.06
124362,0.04
124363,0.07
124389,0.04
124390,0.01
124393,0.14
124401,0.3
124406,0.06
124407,0.02
124416,0.05
124423,0.07
124429,0.13
124431,0.13
124439,0.02
124441,0.08
124451,0.02
124454,0.03
124463,0.27
124492,0.04
124493,0.16
124503,0.02
124506,0.02
124514,0.07
124516,0.04
124519,0.21
124520,0.15
124539,0.06
124545,0.31
124546,0.21
124552,0.18
124553,0.4
124555,0.0
124575,0.01
124586,0.03
124587,0.04
124591,0.31
124595,0.08
124597,0.04
124625,0.1
124628,0.11
124647,0.23
124648,0.01
124654,0.14
124655,0.01
124656,0.05
124658,0.05
124674,0.07
124675,0.02
124686,0.06
124696,0.23
124698,0.05
124702,0.03
124704,0.07
124705,0.0
124719,0.01
124732,0.02
124734,0.04
124737,0.01
124742,0.12
124793,0.13
124816,0.14
124820,0.02
124823,0.08
124826,0.06
124829,0.1
124844,0.03
124850,0.01
124866,0.05
124868,0.02
124874,0.18
124875,0.01
124876,0.01
124887,0.05
124893,0.35
124901,0.02
124905,0.11
124906,0.06
124931,0.13
124938,0.1
124940,0.1
124947,0.09
124948,0.07
124949,0.06
124971,0.19
124974,0.11
124976,0.02
125004,0.18
125025,0.14
125029,0.13
125031,0.11
125037,0.05
125046,0.04
125052,0.02
125053,0.08
125090,0.02
125093,0.07
125100,0.05
125101,0.05
125104,0.17
125111,0.23
125133,0.03
125144,0.03
125145,0.04
125149,0.23
125157,0.0
125158,0.43
125164,0.1
125167,0.04
125170,0.16
125177,0.01
125185,0.41
125190,0.19
125196,0.12
125200,0.11
125203,0.15
125215,0.09
125221,0.04
125224,0.01
125227,0.15
125252,0.06
125256,0.04
125264,0.0
125266,0.05
125267,0.03
125268,0.53
125270,0.0
125271,0.06
125276,0.04
125290,0.12
125300,0.0
125311,0.01
125327,0.08
125338,0.02
125359,0.02
125360,0.03
125366,0.03
125373,0.11
125376,0.28
125384,0.01
125387,0.31
125388,0.04
125393,0.03
125394,0.15
125396,0.0
125397,0.01
125408,0.17
125409,0.05
125414,0.27
125423,0.04
125425,0.21
125436,0.01
125450,0.04
125465,0.02
125471,0.18
125488,0.03
125496,0.14
125500,0.24
125505,0.04
125507,0.03
125519,0.02
125521,0.34
125524,0.06
125531,0.2
125542,0.05
125552,0.02
125560,0.0
125573,0.07
125574,0.04
125576,0.02
125592,0.0
125604,0.02
125622,0.13
125628,0.01
125649,0.08
125668,0.06
125695,0.23
125698,0.0
125701,0.06
125705,0.24
125709,0.17
125713,0.01
125720,0.05
125727,0.31
125747,0.04
125752,0.11
125758,0.02
125772,0.0
125779,0.34
125798,0.02
125804,0.03
125814,0.0
125817,0.03
125835,0.02
125838,0.02
125842,0.06
125852,0.23
125878,0.04
125886,0.03
125896,0.16
125924,0.1
125930,0.0
125939,0.04
125957,0.13
125961,0.07
125972,0.03
125973,0.07
125975,0.02
125983,0.03
125984,0.41
125990,0.13
126016,0.18
126022,0.01
126028,0.11
126047,0.2
126048,0.08
126067,0.12
126068,0.0
126069,0.05
126088,0.04
126121,0.07
126123,0.0
126125,0.02
126136,0.11
126159,0.06
126162,0.07
126165,0.09
126172,0.03
126175,0.57
126178,0.05
126184,0.0
126198,0.09
126202,0.18
126203,0.04
126205,0.04
126214,0.13
126231,0.14
126238,0.03
126242,0.08
126252,0.04
126263,0.01
126265,0.23
126267,0.17
126274,0.04
126299,0.07
126307,0.38
126310,0.05
126329,0.07
126331,0.14
126340,0.01
126341,0.1
126348,0.21
126349,0.02
126351,0.06
126354,0.02
126366,0.02
126370,0.02
126398,0.11
126407,0.01
126409,0.17
126431,0.01
126438,0.12
126448,0.04
126462,0.03
126464,0.03
126468,0.12
126472,0.05
126473,0.04
126479,0.04
126484,0.27
126486,0.02
126488,0.1
126490,0.0
126494,0.0
126506,0.02
126510,0.06
126513,0.04
126526,0.29
126533,0.08
126538,0.11
126549,0.4
126553,0.08
126554,0.04
126555,0.03
126579,0.11
126584,0.01
126594,0.1
126595,0.22
126596,0.14
126602,0.01
126611,0.07
126614,0.02
126636,0.01
126638,0.1
126651,0.02
126658,0.01
126674,0.02
126685,0.01
126688,0.14
126689,0.03
126707,0.21
126715,0.01
126716,0.01
126721,0.33
126722,0.04
126732,0.12
126738,0.04
126743,0.02
126744,0.07
126752,0.07
126759,0.07
126763,0.28
126775,0.25
126778,0.13
126784,0.04
126791,0.03
126792,0.15
126804,0.11
126816,0.12
126817,0.01
126822,0.01
126832,0.05
126842,0.17
126849,0.04
126850,0.09
126861,0.07
126871,0.0
126872,0.06
126880,0.07
126888,0.07
126896,0.06
126913,0.08
126918,0.17
126954,0.0
126961,0.01
126963,0.0
126965,0.25
126968,0.07
126971,0.05
126981,0.14
126984,0.3
126985,0.19
126995,0.39
126999,0.11
127007,0.06
127015,0.18
127038,0.03
127054,0.09
127057,0.07
127062,0.06
127083,0.05
127098,0.05
127102,0.03
127110,0.13
127111,0.19
127116,0.0
127126,0.08
127135,0.03
127137,0.01
127142,0.0
127151,0.04
127155,0.02
127156,0.0
127160,0.27
127169,0.06
127174,0.05
127175,0.01
127177,0.17
127192,0.02
127193,0.2
127196,0.01
127197,0.1
127204,0.0
127207,0.03
127215,0.01
127226,0.15
127230,0.02
127244,0.0
127247,0.1
127249,0.1
127259,0.35
127299,0.09
127304,0.02
127308,0.08
127309,0.04
127313,0.18
127316,0.07
127317,0.04
127318,0.05
127333,0.05
127334,0.0
127336,0.1
127346,0.07
127370,0.02
127375,0.32
127390,0.03
127392,0.07
127398,0.02
127400,0.02
127402,0.07
127407,0.21
127412,0.06
127413,0.05
127415,0.01
127418,0.12
127425,0.03
127432,0.03
127436,0.03
127448,0.05
127449,0.12
127463,0.15
127464,0.42
127468,0.05
127481,0.08
127492,0.15
127495,0.06
127496,0.24
127501,0.01
127508,0.08
127531,0.01
127554,0.01
127562,0.02
127565,0.02
127567,0.05
127582,0.09
127593,0.07
127595,0.05
127614,0.0
127627,0.05
127630,0.01
127638,0.01
127639,0.08
127641,0.04
127643,0.07
127665,0.15
127674,0.05
127676,0.12
127693,0.07
127701,0.0
127702,0.07
127709,0.07
127720,0.11
127733,0.04
127739,0.22
127753,0.02
127756,0.02
127757,0.1
127777,0.03
127810,0.24
127811,0.24
127821,0.29
127835,0.16
127839,0.02
127870,0.15
127878,0.15
127887,0.09
127918,0.04
127919,0.1
127920,0.01
127932,0.06
127933,0.15
127953,0.2
127955,0.0
127957,0.01
127961,0.11
127967,0.19
127970,0.15
127975,0.08
127985,0.01
127991,0.04
127997,0.08
127999,0.01
128004,0.07
128005,0.11
128015,0.17
128018,0.07
128044,0.14
128046,0.05
128047,0.17
128048,0.19
128054,0.04
128066,0.04
128070,0.1
128071,0.08
128094,0.09
128095,0.04
128099,0.15
128116,0.04
128130,0.06
128132,0.13
128133,0.19
128140,0.07
128154,0.09
128156,0.31
128160,0.06
128165,0.1
128166,0.01
128169,0.12
128171,0.01
128177,0.0
128178,0.06
128182,0.02
128191,0.22
128199,0.1
128213,0.1
128214,0.05
128216,0.04
128217,0.09
128226,0.05
128229,0.57
128232,0.04
128246,0.06
128273,0.12
128274,0.01
128283,0.02
128284,0.1
128294,0.09
128295,0.14
128297,0.06
128300,0.01
128314,0.04
128317,0.07
128339,0.02
128340,0.06
128342,0.04
128343,0.09
128364,0.01
128368,0.19
128377,0.06
128380,0.01
128383,0.0
128407,0.09
128409,0.01
128423,0.07
128428,0.19
128433,0.05
128438,0.08
128439,0.04
128446,0.07
128447,0.06
128450,0.27
128455,0.08
128457,0.05
128464,0.07
128465,0.12
128471,0.02
128474,0.03
128483,0.06
128514,0.05
128516,0.11
128519,0.1
128528,0.03
128529,0.03
128536,0.02
128541,0.03
128542,0.16
128545,0.02
128557,0.01
128560,0.03
128568,0.12
128571,0.06
128578,0.04
128582,0.09
128588,0.16
128597,0.05
128610,0.05
128619,0.21
128630,0.06
128680,0.12
128684,0.15
128687,0.01
128699,0.16
128702,0.01
128704,0.08
128710,0.2
128720,0.11
128724,0.06
128727,0.16
128744,0.41
128745,0.03
128760,0.03
128766,0.13
128770,0.01
128782,0.19
128822,0.01
128830,0.13
128836,0.05
128845,0.1
128858,0.08
128859,0.02
128860,0.16
128874,0.15
128880,0.11
128882,0.17
128883,0.27
128884,0.05
128892,0.12
128905,0.12
128910,0.09
128912,0.07
128915,0.1
128917,0.26
128937,0.06
128942,0.04
128945,0.01
128957,0.2
128962,0.02
128970,0.05
128985,0.16
128986,0.01
128992,0.04
128994,0.11
129003,0.07
129005,0.1
129010,0.03
129024,0.03
129038,0.01
129042,0.02
129049,0.11
129062,0.3
129067,0.37
129070,0.1
129073,0.01
129074,0.07
129088,0.03
129090,0.1
129101,0.08
129102,0.1
129106,0.29
129108,0.06
129120,0.07
129122,0.03
129123,0.15
129135,0.0
129141,0.08
129152,0.04
129160,0.01
129168,0.18
129174,0.01
129178,0.0
129183,0.12
129187,0.01
129197,0.08
129200,0.06
129205,0.08
129222,0.01
129230,0.17
129235,0.04
129251,0.0
129274,0.0
129282,0.05
129284,0.08
129298,0.08
129299,0.11
129311,0.05
129312,0.0
129313,0.07
129314,0.03
129321,0.11
129329,0.08
129330,0.04
129332,0.03
129338,0.11
129345,0.01
129349,0.04
129353,0.04
129357,0.01
129358,0.19
129365,0.0
129376,0.03
129380,0.06
129382,0.11
129402,0.19
129403,0.06
129412,0.2
129441,0.27
129442,0.07
129448,0.17
129466,0.01
129475,0.13
129483,0.12
129484,0.11
129499,0.02
129501,0.1
129508,0.01
129510,0.27
129526,0.22
129527,0.28
129533,0.0
129535,0.15
129536,0.28
129545,0.03
129553,0.1
129557,0.17
129560,0.04
129576,0.0
129580,0.03
129585,0.16
129587,0.05
129597,0.17
129611,0.02
129619,0.03
129622,0.07
129631,0.1
129632,0.07
129640,0.08
129647,0.1
129658,0.03
129676,0.16
129683,0.02
129685,0.08
129701,0.49
129706,0.15
129707,0.0
129720,0.07
129727,0.45
129728,0.04
129768,0.06
129775,0.05
129790,0.02
129804,0.02
129805,0.18
129813,0.0
129816,0.03
129823,0.08
129826,0.4
129831,0.0
129833,0.03
129851,0.12
129857,0.22
129860,0.01
129914,0.14
129926,0.03
129933,0.08
129939,0.17
129949,0.0
129959,0.04
129962,0.17
129963,0.0
129964,0.01
129977,0.01
129985,0.03
129987,0.02
129992,0.0
130002,0.0
130016,0.09
130045,0.08
130048,0.14
130051,0.21
130053,0.04
130056,0.02
130061,0.06
130062,0.06
130065,0.19
130066,0.16
130070,0.07
130079,0.06
130080,0.36
130098,0.1
130109,0.05
130110,0.09
130116,0.0
130125,0.26
130134,0.2
130137,0.07
130138,0.05
130146,0.03
130148,0.03
130154,0.06
130156,0.05
130158,0.05
130159,0.02
130177,0.0
130186,0.18
130204,0.02
130205,0.15
130206,0.05
130211,0.07
130217,0.24
130218,0.17
130235,0.24
130236,0.18
130239,0.02
130256,0.11
130260,0.1
130261,0.3
130262,0.01
130263,0.12
130264,0.05
130266,0.12
130277,0.29
130278,0.17
130281,0.09
130297,0.04
130302,0.2
130320,0.02
130325,0.29
130329,0.04
130338,0.07
130339,0.07
130340,0.15
130344,0.03
130347,0.11
130353,0.07
130358,0.12
130366,0.09
130371,0.01
130374,0.02
130389,0.09
130390,0.1
130404,0.02
130426,0.02
130440,0.11
130449,0.43
130451,0.03
130452,0.04
130453,0.28
130463,0.27
130466,0.0
130467,0.02
130475,0.09
130489,0.27
130490,0.08
130495,0.02
130497,0.18
130499,0.0
130504,0.09
130513,0.06
130528,0.01
130533,0.03
130543,0.07
130567,0.23
130571,0.02
130572,0.18
130589,0.07
130592,0.3
130603,0.17
130623,0.04
130641,0.05
130687,0.03
130690,0.08
130698,0.04
130707,0.13
130709,0.07
130718,0.17
130722,0.1
130732,0.02
130735,0.16
130757,0.04
130760,0.0
130771,0.01
130772,0.04
130774,0.02
130779,0.06
130795,0.06
130828,0.15
130833,0.02
130843,0.04
130855,0.23
130871,0.12
130878,0.07
130885,0.26
130889,0.05
130894,0.07
130896,0.07
130905,0.12
130906,0.06
130930,0.04
130931,0.15
130943,0.02
130946,0.01
130947,0.12
130950,0.05
130954,0.03
130966,0.01
130983,0.07
131003,0.05
131005,0.0
131009,0.09
131013,0.05
131027,0.09
131030,0.16
131031,0.05
131033,0.01
131039,0.04
131045,0.05
131057,0.25
131072,0.09
131084,0.08
131088,0.04
131089,0.01
131091,0.07
131093,0.11
131114,0.27
131118,0.0
131123,0.01
131130,0.24
131144,0.01
131162,0.23
131163,0.06
131166,0.03
131179,0.19
131181,0.0
131183,0.44
131219,0.07
131227,0.0
131231,0.04
131235,0.06
131242,0.02
131251,0.22
131257,0.13
131263,0.12
131268,0.22
131271,0.05
131275,0.04
131286,0.01
131290,0.09
131300,0.06
131306,0.11
131316,0.06
131321,0.16
131322,0.01
131326,0.05
131333,0.11
131335,0.02
131352,0.01
131354,0.01
131366,0.07
131373,0.09
131388,0.07
131394,0.03
131404,0.26
131405,0.14
131411,0.05
131416,0.25
131421,0.03
131424,0.03
131426,0.01
131443,0.2
131470,0.09
131471,0.04
131476,0.03
131477,0.1
131479,0.25
131493,0.13
131495,0.07
131496,0.0
131498,0.14
131504,0.06
131525,0.47
131528,0.06
131548,0.0
131549,0.12
131550,0.11
131557,0.3
131564,0.05
131565,0.09
131576,0.2
131602,0.25
131628,0.1
131629,0.04
131641,0.04
131647,0.01
131664,0.0
131677,0.13
131681,0.01
131682,0.11
131688,0.13
131690,0.03
131691,0.03
131709,0.0
131713,0.08
131719,0.11
131733,0.04
131734,0.02
131743,0.04
131747,0.07
131748,0.08
131758,0.0
131759,0.34
131764,0.05
131771,0.04
131788,0.03
131791,0.06
131798,0.17
131810,0.05
131812,0.02
131815,0.02
131823,0.09
131824,0.02
131828,0.22
131844,0.12
131846,0.0
131848,0.27
131863,0.02
131864,0.03
131889,0.05
131890,0.14
131892,0.25
131895,0.05
131896,0.11
131897,0.02
131905,0.02
131906,0.04
131907,0.04
131914,0.04
131921,0.0
131922,0.14
131925,0.19
131936,0.02
131941,0.15
131950,0.06
131952,0.05
131959,0.05
131983,0.03
131987,0.13
131994,0.17
132004,0.33
132009,0.04
132012,0.03
132013,0.02
132014,0.05
132028,0.2
132054,0.15
132061,0.18
132062,0.11
132078,0.24
132082,0.0
132086,0.03
132089,0.1
132095,0.02
132109,0.04
132110,0.18
132121,0.04
132125,0.08
132127,0.07
132128,0.12
132134,0.02
132139,0.02
132141,0.02
132149,0.31
132150,0.02
132152,0.11
132153,0.19
132164,0.02
132179,0.19
132182,0.03
132189,0.05
132193,0.1
132194,0.05
132195,0.01
132208,0.07
132211,0.09
132212,0.06
132216,0.07
132219,0.29
132223,0.29
132238,0.07
132242,0.01
132268,0.03
132275,0.01
132276,0.15
132279,0.01
132289,0.41
132290,0.06
132300,0.43
132319,0.13
132340,0.04
132344,0.12
132345,0.0
132346,0.14
132352,0.1
132353,0.08
132358,0.35
132381,0.11
132382,0.01
132383,0.1
132410,0.02
132419,0.05
132423,0.04
132432,0.24
132434,0.03
132440,0.12
132441,0.07
132452,0.02
132453,0.05
132456,0.06
132459,0.02
132462,0.01
132463,0.14
132468,0.24
132485,0.21
132490,0.04
132500,0.07
132521,0.21
132555,0.12
132560,0.05
132562,0.1
132575,0.01
132587,0.01
132591,0.13
132611,0.06
132615,0.03
132617,0.22
132622,0.19
132629,0.07
132638,0.01
132642,0.05
132658,0.01
132664,0.04
132668,0.15
132676,0.1
132704,0.03
132707,0.06
132719,0.09
132723,0.06
132724,0.17
132732,0.04
132754,0.2
132756,0.08
132766,0.09
132767,0.05
132775,0.18
132776,0.27
132785,0.06
132787,0.05
132793,0.11
132807,0.0
132811,0.02
132818,0.09
132834,0.04
132846,0.03
132861,0.0
132870,0.05
132882,0.01
132884,0.02
132885,0.26
132888,0.11
132898,0.1
132912,0.01
132916,0.26
132917,0.07
132932,0.1
132940,0.17
132943,0.03
132962,0.0
132965,0.24
132969,0.02
132974,0.08
132977,0.06
132978,0.03
132982,0.05
132983,0.0
132996,0.05
133006,0.06
133007,0.0
133025,0.0
133027,0.02
133033,0.04
133038,0.35
133040,0.06
133041,0.0
133044,0.12
133053,0.05
133063,0.16
133065,0.04
133083,0.06
133084,0.01
133091,0.34
133092,0.02
133107,0.01
133111,0.07
133122,0.02
133132,0.11
133140,0.23
133147,0.02
133150,0.02
133168,0.0
133170,0.0
133184,0.13
133228,0.02
133229,0.06
133230,0.01
133232,0.09
133242,0.02
133246,0.21
133247,0.18
133253,0.05
133268,0.12
133271,0.12
133272,0.03
133296,0.09
133299,0.17
133302,0.18
133315,0.04
133330,0.05
133331,0.04
133332,0.04
133333,0.03
133334,0.5
133361,0.23
133363,0.11
133404,0.0
133412,0.13
133418,0.0
133422,0.11
133426,0.07
133450,0.09
133465,0.22
133468,0.06
133469,0.01
133474,0.05
133479,0.08
133490,0.01
133492,0.01
133495,0.05
133496,0.01
133501,0.15
133502,0.03
133511,0.16
133515,0.08
133528,0.22
133539,0.02
133551,0.14
133564,0.06
133569,0.02
133570,0.04
133578,0.02
133586,0.02
133587,0.11
133597,0.08
133608,0.01
133624,0.01
133626,0.06
133645,0.02
133655,0.04
133658,0.15
133659,0.07
133660,0.05
133664,0.0
133684,0.28
133685,0.01
133688,0.2
133706,0.06
133713,0.09
133723,0.01
133730,0.02
133733,0.04
133760,0.1
133762,0.06
133777,0.0
133793,0.01
133816,0.03
133818,0.1
133824,0.2
133841,0.34
133850,0.04
133877,0.17
133880,0.15
133887,0.03
133889,0.34
133896,0.18
133916,0.22
133920,0.03
133936,0.08
133939,0.06
133940,0.02
133942,0.12
133956,0.05
133957,0.01
133965,0.01
133972,0.01
133973,0.05
134008,0.03
134016,0.36
134039,0.04
134040,0.01
134045,0.03
134050,0.17
134056,0.1
134082,0.25
134085,0.08
134089,0.02
134102,0.07
134118,0.01
134131,0.01
134135,0.23
134137,0.05
134150,0.04
134159,0.04
134183,0.03
134186,0.09
134211,0.09
134216,0.08
134217,0.01
134218,0.01
134230,0.24
134233,0.08
134234,0.04
134236,0.18
134241,0.09
134242,0.06
134273,0.01
134277,0.04
134287,0.06
134293,0.12
134302,0.0
134306,0.22
134307,0.08
134325,0.0
134330,0.17
134334,0.07
134338,0.05
134339,0.02
134348,0.08
134355,0.0
134369,0.22
134387,0.01
134399,0.21
134400,0.02
134405,0.05
134407,0.04
134433,0.06
134448,0.01
134460,0.01
134463,0.16
134467,0.01
134485,0.05
134486,0.19
134490,0.57
134494,0.12
134501,0.34
134508,0.0
134512,0.13
134514,0.04
134519,0.08
134528,0.11
134536,0.05
134540,0.16
134546,0.07
134549,0.04
134558,0.26
134560,0.24
134588,0.08
134590,0.02
134591,0.08
134594,0.04
134622,0.02
134626,0.01
134639,0.04
134649,0.22
134654,0.08
134658,0.02
134683,0.03
134688,0.51
134689,0.65
134697,0.18
134698,0.23
134718,0.02
134742,0.16
134751,0.17
134760,0.05
134763,0.01
134764,0.02
134765,0.16
134773,0.09
134790,0.04
134794,0.01
134802,0.07
134805,0.0
134807,0.12
134812,0.01
134813,0.01
134823,0.05
134824,0.09
134838,0.02
134841,0.01
134857,0.07
134862,0.33
134865,0.05
134880,0.22
134883,0.1
134884,0.13
134916,0.08
134918,0.04
134919,0.19
134921,0.03
134928,0.26
134943,0.03
134950,0.05
134968,0.11
134971,0.27
134972,0.03
135011,0.05
135013,0.4
135016,0.03
135031,0.02
135036,0.03
135041,0.03
135052,0.02
135053,0.05
135054,0.18
135060,0.04
135072,0.03
135078,0.07
135079,0.11
135090,0.35
135113,0.0
135123,0.05
135128,0.14
135136,0.07
135152,0.15
135163,0.13
135166,0.01
135186,0.1
135188,0.04
135194,0.1
135214,0.05
135220,0.0
135235,0.01
135236,0.0
135241,0.08
135243,0.09
135253,0.15
135258,0.05
135264,0.02
135271,0.14
135274,0.02
135275,0.34
135288,0.07
135290,0.02
135299,0.05
135304,0.14
135309,0.12
135345,0.29
135359,0.0
135360,0.27
135361,0.0
135363,0.02
135365,0.11
135369,0.12
135380,0.01
135387,0.41
135389,0.06
135390,0.15
135393,0.02
135401,0.1
135409,0.28
135410,0.04
135412,0.02
135430,0.18
135434,0.02
135435,0.0
135445,0.19
135449,0.42
135460,0.12
135461,0.11
135491,0.0
135500,0.02
135504,0.29
135506,0.08
135521,0.05
135523,0.15
135527,0.02
135528,0.01
135530,0.53
135540,0.0
135541,0.27
135562,0.48
135578,0.1
135584,0.13
135589,0.05
135590,0.06
135591,0.2
135596,0.0
135607,0.07
135622,0.02
135626,0.04
135635,0.08
135636,0.33
135650,0.05
135656,0.02
135657,0.03
135672,0.15
135673,0.01
135678,0.08
135679,0.09
135684,0.1
135701,0.01
135704,0.19
135713,0.18
135716,0.15
135718,0.02
135723,0.06
135737,0.0
135738,0.22
135745,0.0
135746,0.07
135752,0.02
135755,0.04
135756,0.02
135765,0.03
135778,0.12
135779,0.16
135788,0.02
135803,0.11
135804,0.02
135809,0.02
135811,0.25
135812,0.08
135823,0.16
135834,0.14
135838,0.02
135843,0.03
135847,0.02
135857,0.04
135865,0.15
135872,0.07
135885,0.07
135888,0.07
135899,0.08
135910,0.09
135930,0.05
135941,0.68
135943,0.23
135949,0.34
135950,0.0
135951,0.03
135954,0.11
135966,0.31
135967,0.03
135971,0.07
135974,0.14
135975,0.04
135985,0.02
136004,0.01
136009,0.1
136033,0.17
136041,0.06
136051,0.12
136057,0.07
136070,0.15
136099,0.0
136103,0.02
136114,0.08
136116,0.08
136140,0.04
136160,0.02
136185,0.01
136201,0.18
136211,0.16
136213,0.14
136224,0.13
136234,0.06
136244,0.06
136255,0.0
136257,0.05
136260,0.0
136261,0.04
136263,0.16
136267,0.08
136277,0.08
136289,0.24
136293,0.01
136296,0.04
136302,0.37
136312,0.05
136317,0.21
136337,0.35
136355,0.05
136356,0.19
136383,0.15
136390,0.18
136406,0.03
136416,0.0
136417,0.11
136429,0.06
136440,0.08
136445,0.13
136449,0.16
136454,0.05
136457,0.01
136467,0.11
136474,0.16
136503,0.02
136505,0.13
136558,0.05
136578,0.03
136579,0.02
136582,0.07
136583,0.02
136588,0.02
136593,0.04
136605,0.18
136617,0.04
136620,0.01
136625,0.1
136640,0.06
136643,0.07
136653,0.25
136654,0.23
136660,0.04
136661,0.01
136663,0.09
136683,0.2
136711,0.26
136726,0.49
136730,0.11
136739,0.16
136740,0.08
136745,0.02
136751,0.02
136754,0.05
136758,0.17
136762,0.1
136763,0.08
136778,0.09
136782,0.07
136798,0.06
136808,0.26
136811,0.15
136829,0.05
136832,0.05
136838,0.02
136846,0.07
136848,0.11
136852,0.04
136854,0.03
136856,0.05
136862,0.04
136863,0.04
136885,0.0
136887,0.17
136902,0.26
136918,0.0
136922,0.07
136923,0.02
136929,0.23
136940,0.04
136967,0.1
136968,0.17
136972,0.16
136984,0.28
136993,0.17
136994,0.05
136995,0.03
136999,0.17
137013,0.0
137015,0.26
137023,0.09
137025,0.12
137032,0.04
137033,0.48
137045,0.03
137049,0.01
137051,0.08
137052,0.1
137101,0.28
137119,0.05
137142,0.05
137149,0.13
137166,0.01
137167,0.04
137192,0.01
137193,0.06
137194,0.09
137204,0.13
137214,0.0
137222,0.04
137223,0.09
137234,0.1
137254,0.03
137269,0.0
137284,0.1
137285,0.4
137286,0.33
137287,0.09
137300,0.08
137305,0.05
137313,0.15
137344,0.33
137346,0.07
137354,0.08
137356,0.25
137357,0.09
137364,0.01
137368,0.02
137380,0.04
137383,0.0
137395,0.02
137432,0.04
137433,0.2
137435,0.06
137444,0.01
137453,0.08
137454,0.07
137455,0.39
137456,0.02
137457,0.07
137465,0.11
137476,0.04
137515,0.03
137544,0.12
137549,0.03
137560,0.35
137577,0.08
137590,0.02
137591,0.15
137592,0.12
137595,0.0
137614,0.29
137624,0.03
137640,0.0
137651,0.05
137657,0.04
137658,0.68
137672,0.15
137673,0.08
137687,0.19
137688,0.2
137689,0.0
137700,0.18
137711,0.18
137715,0.1
137718,0.03
137721,0.06
137722,0.26
137726,0.11
137739,0.18
137741,0.02
137743,0.15
137747,0.02
137761,0.14
137796,0.05
137807,0.04
137809,0.07
137824,0.02
137827,0.11
137846,0.43
137862,0.02
137865,0.01
137868,0.03
137875,0.01
137878,0.13
137883,0.12
137888,0.02
137913,0.07
137915,0.02
137934,0.18
137936,0.15
137937,0.02
137942,0.03
137944,0.16
137947,0.11
137960,0.2
137977,0.18
138006,0.03
138007,0.03
138008,0.02
138019,0.12
138021,0.0
138022,0.04
138025,0.03
138044,0.03
138046,0.07
138050,0.2
138068,0.09
138084,0.02
138085,0.09
138086,0.07
138087,0.0
138089,0.1
138100,0.17
138105,0.01
138107,0.1
138127,0.02
138128,0.28
138129,0.02
138131,0.02
138132,0.04
138150,0.03
138156,0.05
138169,0.15
138174,0.02
138177,0.14
138187,0.08
138189,0.14
138193,0.12
138203,0.06
138209,0.07
138237,0.01
138243,0.06
138273,0.03
138274,0.05
138275,0.0
138277,0.17
138285,0.0
138289,0.11
138308,0.0
138313,0.08
138317,0.05
138326,0.17
138327,0.21
138338,0.0
138367,0.04
138377,0.18
138416,0.02
138417,0.01
138419,0.01
138425,0.27
138430,0.03
138454,0.08
138465,0.17
138470,0.04
138480,0.03
138481,0.17
138486,0.07
138492,0.05
138496,0.06
138519,0.21
138520,0.01
138522,0.23
138545,0.0
138556,0.06
138560,0.0
138564,0.03
138573,0.04
138581,0.15
138585,0.14
138591,0.02
138598,0.02
138600,0.03
138602,0.07
138613,0.22
138639,0.11
138651,0.06
138652,0.17
138661,0.12
138674,0.04
138678,0.32
138679,0.04
138686,0.06
138695,0.04
138711,0.01
138728,0.08
138731,0.02
138744,0.03
138752,0.06
138754,0.15
138756,0.23
138770,0.01
138771,0.24
138807,0.11
138818,0.04
138819,0.03
138820,0.02
138831,0.16
138843,0.01
138871,0.05
138873,0.07
138876,0.0
138880,0.01
138881,0.11
138882,0.05
138890,0.12
138892,0.05
138893,0.06
138917,0.04
138921,0.12
138922,0.03
138924,0.03
138926,0.02
138932,0.09
138946,0.11
138959,0.02
138961,0.06
138964,0.09
138968,0.06
138969,0.06
138980,0.43
138992,0.08
139002,0.3
139010,0.02
139011,0.04
139017,0.04
139030,0.01
139032,0.1
139034,0.02
139039,0.07
139049,0.09
139053,0.05
139058,0.25
139062,0.12
139067,0.15
139069,0.45
139070,0.27
139075,0.08
139082,0.03
139092,0.14
139098,0.14
139108,0.21
139127,0.26
139130,0.08
139145,0.01
139164,0.04
139174,0.04
139175,0.25
139178,0.0
139180,0.01
139181,0.34
139186,0.12
139189,0.04
139190,0.09
139191,0.01
139198,0.02
139201,0.07
139204,0.28
139208,0.03
139211,0.04
139215,0.08
139225,0.12
139226,0.02
139231,0.1
139246,0.09
139252,0.22
139256,0.03
139258,0.13
139268,0.07
139272,0.08
139283,0.03
139286,0.02
139289,0.1
139290,0.71
139291,0.17
139293,0.03
139303,0.04
139304,0.12
139307,0.1
139319,0.04
139321,0.08
139326,0.03
139327,0.01
139355,0.0
139363,0.04
139375,0.01
139397,0.09
139412,0.06
139413,0.02
139415,0.03
139416,0.01
139449,0.11
139461,0.03
139462,0.03
139463,0.21
139486,0.0
139493,0.12
139515,0.04
139516,0.05
139522,0.2
139532,0.08
139542,0.12
139545,0.16
139552,0.09
139553,0.34
139555,0.12
139559,0.07
139560,0.02
139564,0.01
139565,0.0
139567,0.0
139568,0.01
139572,0.01
139573,0.05
139592,0.01
139595,0.21
139597,0.36
139598,0.01
139607,0.23
139609,0.11
139628,0.03
139653,0.06
139656,0.34
139661,0.06
139673,0.01
139674,0.1
139683,0.01
139714,0.06
139724,0.02
139737,0.07
139749,0.13
139755,0.0
139756,0.4
139757,0.07
139763,0.13
139769,0.1
139774,0.12
139775,0.02
139777,0.03
139780,0.03
139788,0.18
139794,0.3
139831,0.1
139832,0.03
139834,0.08
139839,0.02
139843,0.18
139844,0.0
139858,0.24
139861,0.19
139864,0.06
139865,0.15
139874,0.01
139876,0.14
139895,0.02
139903,0.11
139917,0.07
139930,0.05
139934,0.21
139935,0.11
139946,0.02
139958,0.0
139977,0.27
139981,0.08
139989,0.12
139992,0.32
139995,0.0
139996,0.08
139997,0.04
140005,0.12
140010,0.31
140018,0.07
140026,0.22
140027,0.25
140031,0.08
140037,0.06
140039,0.03
140040,0.27
140042,0.02
140049,0.19
140084,0.09
140087,0.01
140096,0.0
140101,0.48
140114,0.06
140117,0.34
140129,0.12
140131,0.09
140132,0.02
140136,0.23
140144,0.11
140151,0.17
140172,0.01
140174,0.01
140190,0.23
140196,0.0
140200,0.04
140204,0.23
140223,0.09
140232,0.02
140234,0.12
140237,0.06
140245,0.33
140247,0.15
140248,0.03
140298,0.08
140305,0.19
140311,0.06
140312,0.1
140318,0.01
140325,0.05
140327,0.25
140334,0.03
140337,0.05
140338,0.02
140343,0.02
140376,0.12
140378,0.01
140381,0.06
140382,0.06
140384,0.02
140386,0.02
140390,0.03
140402,0.0
140406,0.03
140425,0.0
140426,0.03
140434,0.04
140435,0.03
140436,0.32
140451,0.07
140452,0.04
140454,0.04
140455,0.06
140483,0.04
140504,0.22
140512,0.07
140518,0.0
140534,0.05
140545,0.0
140546,0.04
140560,0.03
140563,0.0
140564,0.22
140569,0.01
140577,0.23
140638,0.02
140655,0.09
140664,0.27
140669,0.12
140672,0.46
140682,0.1
140693,0.27
140700,0.08
140701,0.05
140704,0.03
140705,0.0
140719,0.0
140749,0.06
140750,0.03
140751,0.17
140752,0.19
140762,0.08
140772,0.03
140778,0.27
140779,0.14
140780,0.03
140802,0.0
140804,0.17
140807,0.08
140813,0.03
140827,0.0
140840,0.02
140845,0.01
140847,0.24
140861,0.01
140862,0.02
140872,0.09
140879,0.01
140880,0.1
140886,0.06
140924,0.0
140938,0.05
140944,0.11
140945,0.24
140961,0.06
140963,0.07
140967,0.26
140982,0.09
140990,0.05
140993,0.01
140996,0.12
141004,0.0
141025,0.66
141030,0.02
141031,0.01
141032,0.09
141067,0.06
141072,0.09
141081,0.02
141084,0.03
141085,0.07
141089,0.06
141090,0.05
141093,0.11
141095,0.09
141110,0.04
141114,0.09
141119,0.24
141147,0.02
141150,0.09
141159,0.05
141160,0.14
141167,0.01
141206,0.03
141213,0.05
141215,0.29
141222,0.3
141255,0.07
141283,0.0
141298,0.35
141306,0.06
141310,0.4
141320,0.09
141323,0.01
141329,0.06
141333,0.01
141339,0.02
141340,0.11
141344,0.07
141345,0.16
141347,0.18
141350,0.05
141356,0.05
141358,0.08
141365,0.02
141368,0.13
141369,0.01
141376,0.16
141377,0.02
141385,0.05
141387,0.0
141388,0.26
141389,0.04
141390,0.05
141409,0.01
141410,0.06
141411,0.15
141414,0.09
141422,0.12
141426,0.1
141457,0.01
141470,0.23
141480,0.0
141481,0.08
141492,0.05
141493,0.04
141496,0.08
141497,0.04
141502,0.24
141503,0.01
141504,0.34
141507,0.08
141515,0.0
141524,0.39
141528,0.0
141540,0.0
141542,0.09
141551,0.38
141573,0.14
141580,0.05
141588,0.19
141596,0.04
141597,0.04
141602,0.08
141608,0.06
141611,0.06
141612,0.12
141618,0.2
141628,0.02
141632,0.15
141634,0.12
141637,0.12
141638,0.13
141639,0.01
141640,0.03
141644,0.28
141654,0.13
141656,0.01
141668,0.18
141717,0.04
141718,0.07
141723,0.12
141743,0.05
141744,0.02
141750,0.12
141753,0.01
141762,0.05
141809,0.2
141815,0.0
141826,0.0
141832,0.0
141840,0.06
141869,0.18
141870,0.52
141887,0.22
141915,0.03
141925,0.0
141945,0.61
141949,0.01
141958,0.05
141959,0.0
141963,0.09
141989,0.12
141995,0.16
141997,0.16
142005,0.08
142008,0.06
142012,0.09
142014,0.01
142025,0.03
142036,0.03
142037,0.01
142038,0.0
142039,0.01
142064,0.1
142065,0.36
142070,0.08
142074,0.04
142079,0.1
142084,0.08
142087,0.04
142102,0.07
142106,0.02
142115,0.08
142120,0.02
142132,0.02
142139,0.07
142142,0.06
142153,0.14
142160,0.06
142162,0.04
142163,0.05
142167,0.0
142168,0.03
142177,0.28
142180,0.28
142183,0.01
142186,0.04
142189,0.05
142195,0.09
142198,0.02
142210,0.27
142215,0.06
142222,0.0
142223,0.07
142224,0.02
142236,0.02
142237,0.03
142239,0.05
142242,0.01
142243,0.13
142244,0.08
142255,0.04
142273,0.05
142289,0.02
142294,0.0
142303,0.19
142305,0.01
142339,0.31
142359,0.1
142361,0.0
142364,0.01
142378,0.16
142380,0.21
142383,0.38
142387,0.07
142393,0.08
142396,0.31
142407,0.42
142409,0.06
142427,0.04
142429,0.09
142430,0.02
142431,0.06
142433,0.0
142439,0.11
142440,0.07
142446,0.01
142459,0.01
142478,0.01
142481,0.05
142491,0.04
142495,0.05
142497,0.0
142510,0.14
142513,0.3
142521,0.13
142529,0.22
142537,0.02
142542,0.2
142558,0.05
142574,0.0
142575,0.09
142579,0.03
142587,0.01
142590,0.57
142610,0.07
142614,0.01
142621,0.11
142641,0.01
142650,0.05
142653,0.12
142667,0.09
142671,0.07
142676,0.25
142680,0.14
142684,0.04
142685,0.01
142686,0.04
142689,0.02
142691,0.19
142704,0.08
142707,0.07
142724,0.01
142727,0.02
142728,0.05
142741,0.04
142747,0.17
142748,0.03
142752,0.04
142755,0.02
142756,0.02
142759,0.07
142762,0.02
142771,0.03
142778,0.05
142783,0.16
142789,0.03
142790,0.05
142791,0.18
142793,0.19
142795,0.13
142803,0.18
142819,0.05
142822,0.0
142825,0.02
142833,0.02
142871,0.01
142872,0.04
142883,0.03
142905,0.03
142906,0.0
142917,0.09
142921,0.03
142927,0.03
142932,0.05
142940,0.09
142962,0.05
142969,0.22
142976,0.0
142977,0.13
142982,0.03
142988,0.05
142990,0.04
142992,0.02
143012,0.03
143013,0.26
143016,0.08
143017,0.04
143033,0.28
143058,0.13
143059,0.01
143060,0.26
143065,0.01
143076,0.02
143081,0.36
143088,0.01
143089,0.02
143090,0.04
143094,0.02
143100,0.03
143115,0.02
143132,0.14
143135,0.0
143136,0.14
143149,0.26
143151,0.02
143152,0.04
143153,0.05
143162,0.02
143166,0.03
143167,0.1
143187,0.17
143188,0.01
143190,0.05
143191,0.11
143195,0.4
143207,0.06
143209,0.06
143227,0.07
143231,0.13
143232,0.08
143244,0.02
143263,0.04
143268,0.16
143275,0.09
143278,0.1
143302,0.08
143320,0.02
143328,0.04
143336,0.07
143339,0.04
143340,0.08
143353,0.06
143360,0.09
143361,0.21
143385,0.14
143388,0.0
143389,0.1
143390,0.01
143393,0.36
143396,0.12
143419,0.12
143421,0.02
143422,0.06
143431,0.03
143433,0.06
143440,0.16
143442,0.07
143463,0.0
143466,0.01
143475,0.01
143500,0.07
143510,0.03
143528,0.01
143532,0.08
143535,0.05
143538,0.07
143548,0.05
143550,0.17
143555,0.06
143576,0.02
143593,0.01
143595,0.04
143596,0.06
143597,0.05
143599,0.01
143601,0.05
143602,0.0
143605,0.01
143609,0.13
143611,0.11
143613,0.02
143618,0.26
143652,0.12
143667,0.05
143679,0.11
143680,0.01
143692,0.53
143703,0.18
143712,0.29
143714,0.07
143715,0.03
143729,0.11
143732,0.04
143738,0.07
143740,0.09
143743,0.13
143772,0.0
143773,0.08
143792,0.01
143802,0.04
143808,0.09
143819,0.01
143820,0.17
143825,0.01
143828,0.05
143831,0.12
143834,0.01
143835,0.04
143843,0.0
143860,0.03
143874,0.05
143889,0.21
143903,0.03
143921,0.31
143936,0.07
143944,0.0
143947,0.03
143948,0.06
143957,0.15
143964,0.17
143965,0.0
143971,0.07
143976,0.03
143977,0.32
143983,0.25
143991,0.03
144015,0.0
144032,0.02
144057,0.01
144065,0.02
144087,0.0
144090,0.09
144091,0.15
144092,0.05
144139,0.0
144150,0.06
144151,0.06
144153,0.14
144154,0.47
144159,0.02
144168,0.15
144169,0.01
144178,0.19
144179,0.0
144183,0.03
144186,0.25
144190,0.03
144191,0.2
144199,0.04
144226,0.01
144227,0.01
144229,0.14
144237,0.01
144247,0.02
144249,0.14
144259,0.12
144260,0.01
144282,0.06
144295,0.16
144304,0.01
144314,0.03
144318,0.03
144324,0.3
144325,0.02
144333,0.17
144334,0.04
144336,0.02
144350,0.01
144354,0.01
144357,0.03
144359,0.07
144365,0.28
144385,0.0
144386,0.01
144387,0.23
144390,0.1
144393,0.03
144398,0.06
144402,0.01
144416,0.07
144422,0.05
144446,0.12
144451,0.04
144461,0.06
144464,0.15
144483,0.07
144498,0.19
144499,0.07
144534,0.08
144549,0.16
144563,0.02
144570,0.53
144579,0.05
144580,0.04
144581,0.01
144582,0.01
144587,0.02
144588,0.01
144589,0.01
144590,0.03
144598,0.22
144601,0.05
144610,0.03
144611,0.06
144612,0.06
144613,0.04
144617,0.04
144635,0.28
144640,0.03
144644,0.04
144645,0.18
144654,0.01
144656,0.06
144657,0.12
144658,0.08
144659,0.12
144665,0.04
144667,0.08
144675,0.0
144677,0.11
144678,0.03
144690,0.03
144701,0.18
144702,0.05
144716,0.01
144721,0.01
144722,0.24
144729,0.14
144744,0.08
144753,0.02
144761,0.0
144764,0.15
144767,0.09
144780,0.11
144781,0.01
144784,0.04
144806,0.02
144810,0.08
144811,0.14
144824,0.07
144828,0.07
144829,0.12
144835,0.04
144849,0.03
144850,0.01
144870,0.08
144881,0.1
144891,0.0
144898,0.26
144904,0.07
144906,0.0
144909,0.03
144910,0.07
144912,0.29
144963,0.14
144965,0.01
144966,0.23
144979,0.12
144990,0.02
144991,0.0
144992,0.14
144999,0.08
145006,0.03
145007,0.05
145008,0.05
145009,0.03
145011,0.02
145014,0.11
145025,0.09
145036,0.11
145041,0.11
145058,0.1
145071,0.17
145106,0.06
145110,0.19
145142,0.12
145146,0.26
145147,0.04
145148,0.0
145149,0.03
145154,0.08
145157,0.08
145158,0.08
145167,0.01
145172,0.34
145174,0.02
145192,0.06
145195,0.05
145196,0.23
145199,0.02
145209,0.5
145242,0.03
145248,0.04
145249,0.04
145250,0.01
145281,0.19
145287,0.02
145288,0.03
145298,0.12
145303,0.0
145309,0.09
145333,0.05
145336,0.06
145339,0.18
145350,0.1
145353,0.0
145354,0.15
145358,0.2
145382,0.13
145383,0.17
145389,0.0
145390,0.14
145391,0.12
145392,0.09
145407,0.01
145410,0.09
145412,0.57
145415,0.07
145418,0.1
145419,0.01
145440,0.0
145451,0.05
145476,0.04
145481,0.19
145482,0.0
145484,0.06
145502,0.03
145512,0.13
145515,0.04
145521,0.0
145523,0.03
145554,0.06
145557,0.02
145560,0.34
145563,0.4
145569,0.13
145586,0.1
145601,0.07
145602,0.03
145615,0.03
145623,0.08
145638,0.07
145640,0.04
145645,0.0
145654,0.11
145664,0.2
145677,0.15
145679,0.11
145681,0.24
145698,0.19
145709,0.0
145713,0.05
145720,0.07
145780,0.01
145781,0.06
145798,0.13
145811,0.53
145819,0.03
145833,0.16
145834,0.05
145835,0.07
145844,0.01
145862,0.06
145869,0.12
145871,0.03
145872,0.02
145874,0.3
145888,0.03
145891,0.2
145907,0.01
145908,0.12
145919,0.11
145925,0.01
145940,0.15
145941,0.06
145943,0.09
145951,0.14
145954,0.06
145957,0.18
145962,0.12
145974,0.0
145976,0.15
145987,0.06
145988,0.42
145989,0.01
145990,0.05
145991,0.43
145993,0.09
146000,0.34
146001,0.15
146006,0.11
146011,0.0
146014,0.04
146020,0.05
146021,0.0
146022,0.09
146026,0.1
146028,0.22
146032,0.02
146033,0.2
146037,0.08
146059,0.03
146060,0.06
146063,0.01
146069,0.1
146086,0.06
146090,0.17
146092,0.02
146094,0.3
146097,0.01
146098,0.05
146106,0.05
146115,0.02
146121,0.19
146122,0.2
146140,0.15
146142,0.03
146146,0.24
146149,0.14
146153,0.02
146155,0.04
146156,0.04
146159,0.1
146172,0.12
146176,0.0
146184,0.01
146186,0.12
146191,0.02
146198,0.04
146199,0.02
146202,0.27
146206,0.1
146214,0.1
146221,0.02
146232,0.06
146239,0.11
146246,0.22
146247,0.01
146252,0.04
146255,0.04
146256,0.02
146262,0.02
146277,0.13
146292,0.13
146303,0.09
146305,0.02
146313,0.07
146317,0.07
146330,0.02
146344,0.15
146345,0.12
146347,0.24
146356,0.02
146369,0.04
146384,0.16
146385,0.08
146386,0.08
146388,0.04
146404,0.02
146409,0.22
146413,0.16
146421,0.2
146428,0.07
146451,0.06
146458,0.0
146466,0.0
146476,0.0
146485,0.03
146486,0.15
146487,0.06
146500,0.05
146502,0.01
146512,0.14
146514,0.03
146515,0.34
146516,0.07
146533,0.01
146535,0.06
146541,0.35
146557,0.22
146562,0.07
146565,0.11
146570,0.09
146571,0.01
146574,0.04
146587,0.12
146591,0.0
146597,0.04
146600,0.0
146614,0.01
146621,0.16
146623,0.11
146631,0.04
146644,0.09
146649,0.01
146651,0.01
146652,0.05
146663,0.01
146680,0.01
146683,0.03
146714,0.1
146724,0.06
146730,0.07
146732,0.15
146738,0.17
146752,0.04
146755,0.05
146756,0.09
146759,0.08
146760,0.01
146761,0.03
146765,0.09
146806,0.14
146809,0.36
146810,0.43
146811,0.17
146815,0.11
146820,0.24
146821,0.09
146824,0.11
146829,0.02
146842,0.3
146864,0.16
146891,0.06
146918,0.06
146955,0.02
146957,0.19
146972,0.14
146973,0.41
146979,0.14
146982,0.0
146984,0.03
146997,0.09
147001,0.13
147008,0.31
147014,0.03
147022,0.1
147038,0.0
147048,0.04
147060,0.03
147061,0.06
147077,0.1
147082,0.06
147083,0.08
147085,0.08
147086,0.05
147099,0.17
147127,0.01
147128,0.03
147133,0.02
147138,0.02
147139,0.01
147150,0.05
147155,0.11
147171,0.04
147172,0.13
147182,0.16
147195,0.0
147199,0.09
147216,0.06
147224,0.06
147225,0.11
147230,0.07
147240,0.21
147250,0.01
147253,0.02
147254,0.35
147264,0.03
147294,0.02
147308,0.0
147309,0.03
147315,0.02
147319,0.05
147329,0.03
147340,0.06
147345,0.26
147353,0.0
147354,0.18
147364,0.05
147366,0.01
147373,0.04
147382,0.35
147383,0.4
147390,0.09
147408,0.15
147411,0.0
147415,0.07
147416,0.19
147425,0.02
147427,0.07
147438,0.14
147439,0.02
147457,0.13
147459,0.02
147463,0.01
147469,0.03
147476,0.35
147483,0.01
147497,0.06
147502,0.3
147515,0.2
147523,0.04
147527,0.01
147541,0.09
147551,0.05
147552,0.01
147561,0.02
147571,0.02
147587,0.09
147657,0.13
147659,0.1
147670,0.02
147695,0.02
147696,0.03
147702,0.28
147710,0.19
147711,0.03
147712,0.1
147713,0.11
147720,0.06
147722,0.07
147742,0.11
147750,0.09
147761,0.2
147764,0.12
147770,0.07
147771,0.01
147774,0.14
147786,0.01
147787,0.01
147791,0.22
147792,0.2
147793,0.08
147794,0.04
147801,0.11
147824,0.01
147826,0.03
147840,0.02
147847,0.01
147862,0.04
147865,0.08
147882,0.01
147893,0.5
147925,0.03
147932,0.1
147942,0.06
147953,0.0
147955,0.22
147964,0.28
147966,0.14
147981,0.06
147982,0.2
147990,0.01
147998,0.28
148002,0.06
148013,0.04
148025,0.25
148026,0.05
148031,0.21
148035,0.22
148042,0.0
148047,0.09
148050,0.0
148063,0.11
148065,0.17
148069,0.14
148070,0.16
148075,0.15
148076,0.06
148087,0.02
148091,0.05
148102,0.12
148107,0.03
148108,0.06
148113,0.12
148131,0.08
148141,0.12
148149,0.02
148150,0.1
148163,0.21
148175,0.08
148185,0.28
148187,0.06
148198,0.21
148204,0.16
148205,0.14
148212,0.03
148216,0.36
148217,0.11
148223,0.04
148224,0.21
148235,0.07
148255,0.17
148276,0.13
148285,0.05
148289,0.02
148292,0.04
148294,0.01
148314,0.02
148319,0.03
148320,0.22
148322,0.07
148323,0.01
148325,0.05
148333,0.06
148339,0.02
148359,0.02
148361,0.06
148364,0.1
148380,0.03
148382,0.13
148386,0.11
148393,0.08
148394,0.03
148404,0.12
148419,0.1
148423,0.14
148437,0.18
148440,0.02
148448,0.07
148449,0.03
148450,0.01
148451,0.11
148458,0.73
148471,0.16
148475,0.03
148476,0.1
148497,0.09
148511,0.0
148512,0.07
148534,0.02
148545,0.2
148557,0.08
148564,0.02
148570,0.03
148586,0.17
148596,0.03
148600,0.17
148607,0.1
148609,0.08
148622,0.02
148623,0.0
148625,0.18
148626,0.03
148628,0.02
148632,0.0
148639,0.12
148643,0.1
148644,0.08
148680,0.03
148702,0.22
148716,0.08
148717,0.2
148726,0.19
148738,0.09
148746,0.03
148749,0.16
148750,0.08
148769,0.08
148791,0.25
148803,0.0
148804,0.07
148823,0.05
148831,0.05
148849,0.03
148850,0.1
148855,0.01
148893,0.03
148896,0.06
148899,0.17
148903,0.01
148910,0.01
148911,0.1
148912,0.31
148913,0.03
148933,0.01
148935,0.01
148937,0.0
148946,0.29
148955,0.16
148980,0.02
148996,0.15
149015,0.31
149025,0.02
149028,0.1
149029,0.05
149035,0.01
149050,0.05
149051,0.1
149052,0.13
149056,0.01
149062,0.06
149067,0.1
149076,0.2
149090,0.33
149106,0.16
149107,0.06
149118,0.08
149119,0.12
149130,0.21
149154,0.02
149157,0.23
149158,0.03
149160,0.01
149163,0.01
149164,0.25
149165,0.05
149166,0.01
149214,0.16
149231,0.41
149236,0.0
149237,0.06
149246,0.03
149247,0.09
149253,0.07
149254,0.02
149265,0.01
149266,0.05
149277,0.1
149283,0.06
149289,0.21
149310,0.02
149314,0.0
149318,0.09
149319,0.03
149320,0.0
149321,0.1
149333,0.0
149337,0.39
149338,0.05
149341,0.08
149342,0.01
149349,0.03
149351,0.2
149354,0.02
149360,0.0
149362,0.01
149366,0.0
149372,0.45
149376,0.04
149388,0.1
149393,0.16
149401,0.05
149405,0.18
149412,0.1
149415,0.08
149416,0.04
149430,0.18
149435,0.01
149436,0.07
149444,0.1
149456,0.02
149471,0.0
149480,0.03
149481,0.07
149490,0.04
149491,0.03
149503,0.05
149512,0.07
149524,0.02
149525,0.04
149532,0.11
149533,0.24
149536,0.48
149540,0.0
149548,0.03
149563,0.09
149568,0.06
149569,0.12
149570,0.24
149582,0.01
149584,0.05
149587,0.0
149592,0.2
149596,0.09
149599,0.01
149612,0.11
149643,0.33
149648,0.5
149665,0.04
149666,0.04
149671,0.06
149675,0.02
149676,0.14
149677,0.04
149680,0.14
149711,0.02
149723,0.07
149726,0.07
149727,0.05
149730,0.06
149733,0.18
149734,0.5
149736,0.42
149750,0.04
149752,0.38
149767,0.12
149791,0.03
149793,0.03
149810,0.05
149850,0.0
149857,0.1
149858,0.08
149860,0.17
149882,0.0
149889,0.0
149890,0.16
149918,0.11
149919,0.06
149927,0.0
149928,0.02
149940,0.05
149944,0.03
149947,0.01
149951,0.11
149956,0.01
149958,0.17
149969,0.06
149988,0.12
149996,0.04
150007,0.06
150018,0.08
150025,0.26
150054,0.01
150064,0.04
150070,0.07
150074,0.08
150078,0.0
150084,0.06
150106,0.08
150111,0.14
150115,0.0
150117,0.22
150120,0.04
150127,0.1
150128,0.14
150130,0.11
150132,0.09
150135,0.02
150145,0.23
150148,0.04
150153,0.04
150154,0.02
150173,0.01
150174,0.08
150176,0.18
150177,0.01
150178,0.05
150179,0.18
150187,0.03
150207,0.0
150223,0.09
150224,0.0
150229,0.0
150233,0.01
150245,0.05
150252,0.03
150257,0.0
150258,0.2
150267,0.08
150268,0.05
150272,0.49
150282,0.01
150289,0.11
150299,0.02
150307,0.05
150310,0.03
150311,0.1
150312,0.05
150313,0.08
150324,0.16
150335,0.03
150343,0.09
150354,0.03
150363,0.01
150365,0.05
150377,0.01
150381,0.15
150382,0.04
150414,0.01
150418,0.1
150431,0.05
150449,0.0
150450,0.2
150473,0.07
150475,0.06
150476,0.32
150478,0.37
150488,0.1
150499,0.01
150501,0.05
150503,0.07
150518,0.04
150529,0.03
150531,0.02
150532,0.13
150535,0.03
150543,0.33
150545,0.13
150548,0.08
150552,0.02
150558,0.09
150574,0.08
150576,0.59
150577,0.07
150594,0.01
150601,0.02
150604,0.08
150618,0.02
150626,0.05
150627,0.06
150635,0.08
150648,0.0
150649,0.1
150650,0.09
150651,0.11
150652,0.04
150657,0.23
150659,0.02
150666,0.01
150667,0.02
150680,0.0
150698,0.36
150700,0.39
150713,0.02
150715,0.01
150718,0.02
150724,0.22
150731,0.04
150734,0.07
150738,0.0
150744,0.11
150745,0.18
150746,0.03
150749,0.03
150750,0.07
150753,0.02
150759,0.01
150762,0.04
150764,0.01
150782,0.15
150784,0.03
150785,0.11
150786,0.03
150789,0.18
150802,0.09
150809,0.03
150810,0.01
150817,0.25
150820,0.05
150822,0.07
150845,0.0
150846,0.08
150854,0.19
150858,0.14
150866,0.02
150869,0.0
150874,0.02
150887,0.03
150889,0.04
150892,0.15
150896,0.02
150901,0.47
150914,0.09
150918,0.08
150919,0.03
150929,0.02
150935,0.04
150941,0.04
150949,0.05
150950,0.1
150951,0.01
150952,0.08
150980,0.13
150981,0.06
150986,0.54
150987,0.13
151004,0.11
151005,0.08
151010,0.04
151012,0.06
151016,0.04
151021,0.06
151022,0.04
151023,0.34
151024,0.07
151035,0.12
151036,0.08
151039,0.01
151041,0.03
151043,0.02
151052,0.12
151058,0.12
151065,0.04
151066,0.03
151067,0.07
151069,0.13
151070,0.01
151080,0.08
151090,0.02
151092,0.55
151100,0.03
151108,0.13
151113,0.11
151119,0.03
151131,0.01
151145,0.04
151147,0.06
151148,0.07
151149,0.2
151153,0.06
151158,0.03
151167,0.01
151169,0.14
151185,0.09
151186,0.29
151187,0.06
151203,0.02
151206,0.05
151213,0.14
151237,0.19
151254,0.01
151255,0.03
151264,0.12
151266,0.03
151267,0.06
151270,0.02
151286,0.03
151288,0.07
151289,0.08
151290,0.14
151303,0.01
151304,0.06
151308,0.0
151315,0.01
151324,0.06
151329,0.03
151335,0.01
151343,0.02
151347,0.31
151348,0.14
151357,0.06
151366,0.24
151372,0.05
151374,0.03
151394,0.0
151395,0.1
151403,0.13
151410,0.0
151412,0.03
151419,0.1
151443,0.03
151464,0.09
151466,0.03
151467,0.03
151476,0.09
151480,0.18
151481,0.24
151486,0.19
151487,0.19
151490,0.05
151498,0.03
151500,0.0
151504,0.08
151516,0.01
151519,0.03
151528,0.07
151529,0.21
151539,0.14
151540,0.01
151556,0.26
151558,0.03
151559,0.08
151581,0.01
151586,0.64
151589,0.2
151603,0.13
151604,0.01
151610,0.08
151637,0.03
151652,0.35
151654,0.06
151667,0.15
151668,0.33
151669,0.03
151678,0.03
151697,0.06
151706,0.0
151729,0.08
151730,0.16
151737,0.03
151744,0.06
151756,0.02
151785,0.01
151800,0.03
151801,0.02
151821,0.05
151822,0.49
151834,0.01
151845,0.13
151846,0.1
151847,0.11
151848,0.05
151859,0.06
151872,0.21
151875,0.07
151883,0.01
151888,0.01
151895,0.01
151896,0.0
151900,0.15
151913,0.07
151920,0.06
151928,0.07
151933,0.03
151934,0.08
151948,0.75
151951,0.0
151963,0.07
151964,0.01
151965,0.0
151966,0.03
151974,0.04
151975,0.21
151978,0.08
151982,0.04
151993,0.27
152002,0.02
152005,0.2
152017,0.03
152020,0.07
152039,0.05
152047,0.13
152064,0.03
152071,0.05
152076,0.06
152088,0.01
152091,0.04
152093,0.14
152100,0.25
152107,0.01
152115,0.02
152119,0.02
152123,0.06
152129,0.03
152140,0.27
152141,0.13
152142,0.0
152148,0.02
152170,0.01
152171,0.15
152176,0.03
152186,0.0
152192,0.1
152204,0.14
152215,0.08
152220,0.05
152230,0.06
152256,0.01
152265,0.01
152266,0.35
152268,0.08
152272,0.14
152286,0.04
152299,0.11
152305,0.06
152324,0.03
152329,0.18
152355,0.01
152356,0.02
152365,0.03
152369,0.38
152373,0.0
152374,0.05
152383,0.14
152395,0.1
152403,0.1
152404,0.1
152406,0.01
152425,0.03
152437,0.08
152438,0.16
152442,0.28
152460,0.11
152461,0.0
152462,0.0
152472,0.03
152473,0.12
152477,0.06
152506,0.01
152522,0.04
152530,0.02
152535,0.0
152543,0.18
152548,0.04
152556,0.02
152562,0.1
152563,0.07
152565,0.04
152591,0.03
152593,0.08
152612,0.16
152619,0.05
152627,0.04
152628,0.11
152632,0.07
152638,0.07
152646,0.05
152662,0.35
152679,0.15
152680,0.04
152699,0.21
152703,0.01
152717,0.29
152720,0.07
152721,0.04
152735,0.08
152736,0.01
152739,0.26
152755,0.02
152769,0.01
152785,0.1
152788,0.05
152791,0.2
152808,0.07
152815,0.1
152816,0.38
152817,0.05
152818,0.01
152819,0.17
152820,0.02
152823,0.03
152831,0.03
152832,0.11
152833,0.14
152835,0.06
152838,0.01
152846,0.05
152862,0.3
152864,0.03
152865,0.08
152871,0.01
152874,0.0
152875,0.0
152876,0.11
152877,0.44
152881,0.46
152892,0.03
152908,0.18
152909,0.0
152915,0.1
152916,0.17
152923,0.06
152932,0.03
152934,0.07
152936,0.14
152948,0.03
152951,0.05
152956,0.08
152963,0.04
152964,0.56
152978,0.09
152980,0.13
152986,0.1
153001,0.15
153002,0.07
153007,0.01
153009,0.03
153017,0.07
153018,0.35
153022,0.07
153027,0.11
153032,0.03
153033,0.08
153034,0.04
153037,0.05
153051,0.21
153052,0.06
153057,0.04
153067,0.08
153084,0.03
153088,0.3
153089,0.09
153093,0.07
153094,0.12
153095,0.33
153105,0.2
153108,0.23
153110,0.02
153119,0.21
153135,0.02
153139,0.03
153146,0.07
153154,0.07
153185,0.04
153195,0.08
153196,0.0
153198,0.1
153202,0.01
153203,0.03
153209,0.01
153223,0.09
153224,0.05
153227,0.01
153230,0.11
153233,0.14
153234,0.0
153235,0.19
153243,0.13
153263,0.08
153269,0.08
153272,0.06
153276,0.07
153279,0.01
153291,0.0
153311,0.0
153328,0.12
153330,0.12
153341,0.16
153345,0.0
153393,0.18
153394,0.1
153395,0.04
153420,0.05
153428,0.08
153432,0.08
153449,0.11
153458,0.23
153459,0.06
153472,0.02
153475,0.03
153479,0.15
153480,0.09
153490,0.0
153491,0.01
153501,0.02
153502,0.21
153507,0.2
153513,0.1
153514,0.04
153519,0.17
153520,0.01
153556,0.05
153577,0.1
153582,0.4
153594,0.07
153595,0.01
153598,0.15
153601,0.25
153625,0.06
153641,0.03
153654,0.04
153676,0.05
153681,0.0
153704,0.09
153706,0.09
153710,0.14
153720,0.02
153734,0.04
153738,0.01
153743,0.14
153748,0.03
153756,0.29
153757,0.15
153759,0.05
153764,0.1
153782,0.11
153796,0.24
153802,0.51
153809,0.23
153810,0.0
153817,0.44
153821,0.09
153823,0.05
153830,0.01
153834,0.03
153839,0.13
153842,0.09
153847,0.21
153855,0.01
153873,0.0
153875,0.05
153882,0.14
153884,0.02
153885,0.73
153886,0.05
153890,0.04
153892,0.09
153897,0.06
153898,0.08
153901,0.1
153924,0.09
153928,0.02
153929,0.16
153949,0.0
153979,0.0
153980,0.05
153981,0.01
154010,0.51
154015,0.2
154039,0.49
154043,0.1
154044,0.07
154046,0.02
154047,0.08
154058,0.08
154060,0.02
154065,0.23
154083,0.01
154100,0.04
154108,0.06
154120,0.08
154121,0.08
154122,0.05
154128,0.08
154137,0.11
154143,0.09
154151,0.06
154158,0.01
154176,0.06
154184,0.05
154191,0.09
154215,0.05
154216,0.01
154220,0.0
154222,0.13
154227,0.07
154241,0.08
154243,0.0
154244,0.19
154254,0.0
154264,0.09
154265,0.02
154268,0.09
154269,0.2
154299,0.0
154307,0.01
154315,0.09
154325,0.06
154327,0.1
154332,0.11
154346,0.03
154347,0.01
154353,0.32
154369,0.04
154376,0.02
154377,0.23
154379,0.0
154389,0.01
154402,0.03
154403,0.0
154416,0.01
154428,0.03
154430,0.03
154442,0.25
154447,0.07
154468,0.0
154470,0.0
154473,0.1
154480,0.14
154486,0.02
154500,0.04
154507,0.06
154529,0.01
154549,0.01
154557,0.0
154571,0.21
154578,0.16
154580,0.1
154591,0.1
154611,0.28
154623,0.02
154650,0.16
154655,0.11
154659,0.07
154680,0.11
154681,0.01
154690,0.02
154711,0.04
154712,0.06
154722,0.0
154731,0.01
154747,0.08
154749,0.04
154750,0.14
154760,0.08
154763,0.06
154786,0.22
154788,0.04
154792,0.13
154807,0.4
154812,0.02
154818,0.18
154819,0.12
154824,0.06
154839,0.03
154840,0.0
154843,0.3
154847,0.18
154849,0.1
154850,0.0
154851,0.36
154853,0.02
154858,0.02
154868,0.16
154871,0.01
154877,0.09
154916,0.07
154920,0.0
154922,0.22
154924,0.03
154933,0.23
154942,0.34
154955,0.0
154957,0.17
154966,0.08
154971,0.05
154972,0.02
154973,0.09
154974,0.05
154979,0.06
154982,0.06
154990,0.36
154991,0.05
154994,0.02
154995,0.02
155009,0.01
155014,0.01
155017,0.04
155018,0.01
155019,0.04
155020,0.02
155027,0.02
155034,0.2
155047,0.0
155049,0.17
155052,0.2
155053,0.07
155059,0.0
155060,0.18
155069,0.04
155077,0.06
155078,0.06
155086,0.05
155088,0.04
155094,0.08
155099,0.03
155100,0.02
155116,0.05
155117,0.13
155119,0.02
155120,0.01
155133,0.01
155135,0.38
155141,0.06
155144,0.02
155145,0.02
155174,0.06
155194,0.1
155196,0.03
155204,0.15
155232,0.22
155240,0.09
155246,0.09
155254,0.03
155267,0.04
155273,0.08
155274,0.04
155283,0.05
155296,0.08
155312,0.02
155318,0.06
155322,0.06
155323,0.01
155329,0.01
155342,0.05
155346,0.32
155366,0.05
155369,0.08
155372,0.3
155378,0.04
155382,0.12
155390,0.05
155401,0.19
155428,0.03
155443,0.0
155445,0.01
155450,0.1
155452,0.02
155453,0.01
155480,0.1
155482,0.0
155484,0.17
155485,0.03
155496,0.24
155497,0.05
155531,0.03
155541,0.02
155547,0.04
155550,0.09
155551,0.03
155565,0.08
155567,0.08
155569,0.05
155573,0.02
155575,0.04
155581,0.01
155591,0.04
155593,0.14
155594,0.02
155610,0.23
155623,0.07
155624,0.2
155629,0.01
155638,0.08
155650,0.03
155652,0.11
155687,0.1
155697,0.1
155715,0.15
155718,0.1
155719,0.02
155723,0.06
155730,0.06
155731,0.01
155737,0.09
155738,0.04
155740,0.1
155742,0.11
155755,0.01
155766,0.04
155768,0.09
155771,0.09
155803,0.03
155808,0.02
155809,0.17
155812,0.05
155820,0.09
155832,0.32
155841,0.06
155847,0.18
155848,0.04
155855,0.02
155886,0.32
155893,0.08
155905,0.02
155910,0.14
155912,0.03
155919,0.22
155921,0.03
155937,0.04
155939,0.09
155950,0.05
155987,0.06
155988,0.01
156005,0.01
156006,0.02
156010,0.04
156018,0.02
156021,0.18
156026,0.09
156030,0.15
156033,0.03
156038,0.22
156041,0.28
156049,0.04
156050,0.04
156068,0.06
156069,0.1
156087,0.0
156088,0.1
156095,0.1
156104,0.04
156107,0.1
156108,0.06
156111,0.09
156119,0.02
156123,0.03
156140,0.12
156149,0.05
156161,0.02
156180,0.22
156186,0.07
156189,0.17
156194,0.0
156200,0.01
156213,0.15
156214,0.07
156228,0.02
156234,0.01
156236,0.07
156243,0.02
156256,0.01
156268,0.04
156269,0.03
156270,0.26
156274,0.06
156290,0.12
156291,0.01
156292,0.03
156298,0.03
156301,0.1
156302,0.14
156309,0.03
156355,0.04
156365,0.07
156367,0.09
156372,0.01
156376,0.04
156377,0.11
156389,0.03
156400,0.32
156404,0.4
156405,0.12
156426,0.04
156427,0.01
156429,0.0
156430,0.18
156431,0.01
156432,0.28
156449,0.05
156463,0.01
156464,0.01
156478,0.0
156492,0.08
156508,0.15
156509,0.06
156517,0.08
156526,0.02
156527,0.03
156538,0.07
156542,0.07
156543,0.02
156555,0.07
156556,0.07
156561,0.09
156563,0.03
156564,0.04
156567,0.01
156570,0.0
156581,0.1
156594,0.18
156597,0.02
156600,0.06
156601,0.02
156627,0.04
156629,0.07
156642,0.02
156644,0.08
156663,0.05
156674,0.05
156688,0.01
156696,0.03
156707,0.02
156723,0.08
156728,0.05
156731,0.21
156732,0.1
156733,0.03
156768,0.1
156773,0.08
156782,0.12
156815,0.06
156837,0.0
156854,0.1
156861,0.46
156862,0.0
156878,0.37
156903,0.12
156910,0.06
156925,0.08
156933,0.02
156952,0.1
156953,0.06
156963,0.09
156965,0.39
156989,0.0
156994,0.02
156996,0.06
157005,0.06
157011,0.01
157046,0.04
157058,0.07
157061,0.4
157065,0.09
157066,0.13
157067,0.12
157090,0.13
157091,0.1
157096,0.0
157101,0.46
157104,0.14
157109,0.08
157116,0.06
157120,0.0
157121,0.04
157124,0.22
157125,0.04
157132,0.17
157153,0.01
157157,0.18
157159,0.05
157168,0.09
157189,0.19
157195,0.08
157203,0.05
157210,0.13
157212,0.03
157220,0.04
157239,0.07
157241,0.0
157246,0.0
157247,0.06
157252,0.04
157253,0.27
157265,0.11
157291,0.09
157292,0.04
157301,0.09
157306,0.14
157312,0.27
157314,0.23
157332,0.01
157333,0.21
157337,0.1
157345,0.05
157347,0.41
157363,0.23
157376,0.01
157382,0.0
157397,0.02
157409,0.06
157411,0.03
157422,0.01
157428,0.21
157434,0.01
157442,0.02
157446,0.0
157456,0.1
157465,0.0
157469,0.02
157482,0.04
157497,0.04
157507,0.0
157510,0.01
157515,0.02
157529,0.11
157530,0.19
157541,0.17
157546,0.1
157553,0.08
157554,0.14
157562,0.32
157565,0.15
157566,0.03
157571,0.01
157572,0.03
157574,0.05
157575,0.05
157581,0.27
157590,0.18
157604,0.02
157611,0.06
157617,0.31
157620,0.03
157623,0.09
157651,0.03
157653,0.04
157664,0.1
157690,0.07
157704,0.18
157712,0.05
157722,0.03
157727,0.01
157764,0.1
157765,0.38
157775,0.0
157777,0.06
157789,0.28
157802,0.29
157803,0.15
157804,0.01
157805,0.1
157822,0.09
157823,0.04
157827,0.18
157836,0.02
157839,0.04
157847,0.05
157859,0.05
157864,0.03
157866,0.34
157877,0.19
157886,0.03
157892,0.02
157903,0.0
157913,0.13
157919,0.07
157920,0.01
157923,0.12
157926,0.04
157927,0.15
157948,0.07
157949,0.2
157952,0.06
157955,0.13
157958,0.02
157960,0.05
157966,0.06
157970,0.07
157979,0.01
157980,0.45
157985,0.05
157997,0.04
157998,0.06
158002,0.01
158004,0.04
158005,0.22
158007,0.05
158008,0.03
158015,0.16
158033,0.13
158036,0.07
158041,0.07
158044,0.04
158049,0.23
158061,0.02
158078,0.0
158099,0.01
158100,0.03
158102,0.13
158107,0.04
158114,0.04
158127,0.29
158128,0.11
158142,0.03
158145,0.31
158146,0.08
158167,0.0
158176,0.04
158184,0.02
158197,0.0
158201,0.02
158202,0.04
158205,0.07
158208,0.04
158211,0.36
158215,0.24
158218,0.06
158221,0.35
158223,0.15
158230,0.08
158234,0.02
158235,0.02
158245,0.13
158254,0.08
158267,0.04
158277,0.04
158283,0.01
158289,0.21
158290,0.06
158298,0.0
158307,0.04
158332,0.05
158336,0.01
158342,0.05
158344,0.02
158347,0.11
158352,0.02
158354,0.11
158355,0.01
158357,0.05
158365,0.0
158366,0.01
158367,0.06
158368,0.37
158384,0.07
158388,0.04
158395,0.12
158413,0.04
158425,0.04
158426,0.07
158432,0.03
158444,0.26
158453,0.1
158454,0.23
158459,0.04
158462,0.1
158468,0.18
158469,0.02
158470,0.05
158483,0.11
158485,0.02
158490,0.09
158494,0.02
158500,0.01
158503,0.03
158504,0.03
158519,0.06
158523,0.19
158527,0.04
158533,0.07
158535,0.04
158539,0.0
158544,0.13
158547,0.03
158551,0.1
158552,0.01
158560,0.08
158616,0.18
158638,0.14
158642,0.0
158651,0.01
158653,0.01
158677,0.05
158683,0.02
158687,0.1
158693,0.08
158700,0.1
158703,0.04
158705,0.06
158706,0.02
158708,0.01
158712,0.02
158714,0.21
158715,0.08
158752,0.03
158753,0.16
158763,0.06
158764,0.04
158767,0.42
158770,0.02
158781,0.06
158789,0.03
158790,0.02
158791,0.1
158795,0.23
158796,0.08
158800,0.06
158806,0.04
158807,0.13
158815,0.05
158824,0.07
158828,0.03
158831,0.19
158840,0.27
158841,0.11
158847,0.07
158856,0.12
158858,0.03
158884,0.04
158885,0.05
158891,0.06
158898,0.01
158911,0.03
158913,0.0
158918,0.14
158926,0.03
158929,0.08
158939,0.14
158940,0.13
158952,0.11
158963,0.02
158973,0.05
158977,0.16
158988,0.09
159013,0.03
159016,0.06
159018,0.0
159024,0.26
159034,0.04
159035,0.08
159039,0.03
159049,0.01
159056,0.16
159068,0.02
159078,0.11
159099,0.06
159103,0.05
159106,0.14
159113,0.02
159117,0.07
159124,0.18
159132,0.33
159139,0.04
159142,0.04
159145,0.12
159147,0.03
159174,0.03
159201,0.11
159203,0.01
159212,0.18
159214,0.02
159221,0.14
159240,0.02
159241,0.02
159242,0.14
159244,0.01
159250,0.02
159275,0.08
159284,0.07
159293,0.02
159295,0.0
159301,0.01
159310,0.03
159314,0.06
159318,0.0
159333,0.02
159334,0.02
159335,0.0
159337,0.18
159338,0.12
159340,0.02
159361,0.06
159384,0.19
159402,0.04
159421,0.02
159424,0.19
159425,0.03
159426,0.03
159439,0.05
159445,0.05
159449,0.01
159460,0.07
159475,0.04
159481,0.01
159483,0.02
159494,0.07
159504,0.03
159512,0.11
159522,0.13
159524,0.09
159526,0.01
159528,0.05
159547,0.36
159555,0.02
159562,0.0
159563,0.0
159565,0.0
159569,0.2
159578,0.24
159579,0.03
159581,0.02
159594,0.05
159598,0.02
159604,0.03
159605,0.04
159620,0.09
159631,0.06
159633,0.08
159659,0.11
159661,0.47
159667,0.02
159669,0.06
159682,0.08
159683,0.12
159693,0.08
159698,0.0
159702,0.11
159703,0.03
159707,0.06
159716,0.05
159732,0.01
159734,0.2
159740,0.08
159748,0.02
159751,0.05
159756,0.14
159758,0.11
159767,0.44
159769,0.18
159775,0.32
159802,0.04
159804,0.06
159817,0.03
159818,0.01
159824,0.0
159837,0.02
159840,0.08
159842,0.32
159851,0.11
159865,0.3
159866,0.12
159872,0.02
159874,0.05
159879,0.1
159883,0.01
159884,0.03
159898,0.07
159903,0.03
159906,0.04
159914,0.09
159915,0.03
159917,0.02
159929,0.08
159949,0.19
159951,0.03
159953,0.17
159957,0.26
159968,0.06
159972,0.13
159973,0.06
159993,0.15
160008,0.2
160011,0.04
160013,0.1
160015,0.0
160017,0.01
160023,0.1
160028,0.1
160035,0.29
160074,0.08
160076,0.08
160077,0.05
160080,0.02
160084,0.02
160089,0.48
160094,0.08
160101,0.01
160103,0.03
160111,0.03
160114,0.09
160116,0.1
160119,0.15
160123,0.09
160141,0.0
160147,0.0
160151,0.07
160172,0.34
160173,0.01
160177,0.17
160178,0.16
160180,0.07
160181,0.02
160188,0.01
160189,0.01
160193,0.07
160205,0.06
160214,0.04
160215,0.1
160217,0.11
160262,0.03
160263,0.09
160273,0.01
160282,0.57
160295,0.23
160297,0.09
160303,0.03
160305,0.02
160309,0.0
160324,0.01
160338,0.07
160366,0.04
160375,0.04
160381,0.04
160398,0.02
160400,0.09
160406,0.0
160410,0.0
160411,0.0
160418,0.07
160440,0.01
160441,0.01
160450,0.42
160465,0.09
160470,0.05
160471,0.03
160472,0.25
160479,0.07
160490,0.02
160500,0.12
160503,0.0
160504,0.29
160515,0.02
160541,0.06
160545,0.04
160562,0.13
160589,0.03
160594,0.12
160595,0.08
160598,0.06
160601,0.0
160605,0.04
160606,0.19
160607,0.0
160608,0.21
160610,0.14
160614,0.09
160615,0.17
160626,0.02
160634,0.09
160656,0.02
160660,0.06
160666,0.02
160672,0.14
160673,0.07
160674,0.01
160681,0.01
160683,0.04
160694,0.04
160710,0.03
160715,0.09
160719,0.07
160732,0.06
160734,0.04
160737,0.15
160742,0.08
160747,0.0
160749,0.08
160753,0.05
160756,0.07
160757,0.17
160763,0.0
160782,0.07
160789,0.01
160804,0.02
160805,0.05
160813,0.03
160815,0.06
160819,0.02
160820,0.02
160822,0.06
160823,0.11
160837,0.03
160841,0.0
160847,0.14
160861,0.02
160886,0.05
160891,0.14
160897,0.06
160914,0.19
160915,0.27
160929,0.01
160930,0.0
160931,0.04
160935,0.14
160939,0.03
160953,0.05
160954,0.04
160962,0.02
160966,0.0
160982,0.03
160983,0.02
160991,0.02
160998,0.05
161009,0.16
161014,0.21
161017,0.58
161021,0.02
161023,0.04
161027,0.01
161028,0.04
161030,0.2
161031,0.02
161033,0.07
161050,0.07
161053,0.04
161054,0.03
161055,0.01
161059,0.0
161061,0.19
161065,0.02
161069,0.04
161072,0.04
161073,0.0
161080,0.03
161083,0.07
161104,0.02
161111,0.06
161139,0.09
161149,0.02
161158,0.15
161171,0.01
161175,0.19
161201,0.1
161202,0.03
161205,0.03
161228,0.02
161233,0.09
161234,0.38
161237,0.13
161238,0.02
161250,0.26
161251,0.04
161253,0.03
161254,0.02
161283,0.07
161291,0.07
161297,0.16
161300,0.0
161314,0.02
161315,0.04
161336,0.02
161341,0.07
161343,0.1
161351,0.11
161352,0.05
161353,0.07
161361,0.16
161366,0.09
161368,0.26
161378,0.07
161379,0.32
161380,0.08
161398,0.12
161408,0.0
161432,0.0
161439,0.04
161461,0.16
161467,0.17
161468,0.05
161471,0.09
161477,0.05
161503,0.0
161514,0.01
161524,0.06
161527,0.15
161528,0.01
161531,0.13
161536,0.13
161537,0.02
161548,0.05
161558,0.0
161572,0.0
161586,0.02
161605,0.08
161606,0.0
161607,0.32
161618,0.1
161640,0.06
161658,0.01
161660,0.0
161661,0.05
161662,0.11
161677,0.11
161681,0.08
161682,0.01
161683,0.07
161685,0.1
161686,0.05
161687,0.06
161691,0.07
161701,0.08
161707,0.05
161709,0.03
161710,0.09
161711,0.07
161714,0.13
161742,0.04
161751,0.01
161764,0.28
161771,0.14
161781,0.16
161782,0.03
161800,0.0
161810,0.05
161812,0.22
161813,0.03
161816,0.06
161838,0.02
161841,0.07
161845,0.09
161871,0.15
161877,0.28
161882,0.04
161885,0.01
161886,0.07
161895,0.03
161897,0.51
161914,0.07
161921,0.18
161922,0.13
161927,0.63
161946,0.0
161952,0.1
161954,0.1
161955,0.02
161961,0.01
161977,0.27
161980,0.06
161989,0.14
161993,0.1
162002,0.03
162011,0.38
162012,0.01
162015,0.04
162016,0.0
162019,0.03
162021,0.12
162022,0.2
162023,0.09
162025,0.03
162028,0.0
162029,0.01
162030,0.01
162031,0.24
162033,0.07
162037,0.0
162044,0.04
162071,0.14
162093,0.11
162094,0.07
162100,0.0
162102,0.1
162105,0.15
162109,0.02
162116,0.09
162117,0.08
162118,0.25
162120,0.2
162125,0.01
162128,0.25
162131,0.08
162133,0.19
162135,0.12
162156,0.02
162157,0.08
162165,0.05
162166,0.02
162170,0.05
162201,0.03
162202,0.18
162206,0.01
162211,0.05
162227,0.09
162232,0.0
162235,0.06
162237,0.03
162248,0.04
162261,0.24
162262,0.03
162280,0.06
162282,0.07
162284,0.08
162287,0.11
162305,0.05
162308,0.03
162309,0.06
162312,0.06
162313,0.0
162316,0.01
162324,0.05
162325,0.15
162333,0.04
162334,0.0
162337,0.05
162340,0.28
162344,0.18
162347,0.08
162350,0.2
162351,0.03
162365,0.02
162368,0.03
162379,0.08
162383,0.02
162392,0.09
162393,0.24
162397,0.05
162398,0.28
162406,0.18
162410,0.07
162418,0.0
162420,0.06
162424,0.25
162425,0.03
162438,0.08
162442,0.06
162462,0.01
162476,0.03
162477,0.04
162480,0.0
162491,0.01
162493,0.06
162503,0.03
162504,0.02
162513,0.06
162516,0.27
162517,0.04
162522,0.07
162523,0.08
162542,0.12
162584,0.3
162586,0.11
162589,0.27
162594,0.1
162616,0.0
162630,0.08
162637,0.02
162652,0.17
162659,0.11
162668,0.06
162674,0.04
162680,0.13
162685,0.5
162689,0.05
162711,0.05
162714,0.01
162732,0.01
162741,0.0
162758,0.07
162759,0.11
162775,0.2
162776,0.0
162777,0.01
162782,0.08
162786,0.0
162794,0.13
162799,0.0
162801,0.3
162802,0.0
162807,0.12
162820,0.11
162827,0.02
162833,0.22
162837,0.02
162844,0.01
162860,0.02
162862,0.05
162864,0.26
162868,0.01
162880,0.02
162895,0.3
162898,0.21
162918,0.22
162924,0.3
162931,0.04
162936,0.06
162978,0.09
162979,0.0
162988,0.01
162989,0.05
163013,0.09
163014,0.04
163021,0.11
163024,0.01
163027,0.0
163030,0.02
163031,0.02
163032,0.05
163039,0.05
163042,0.01
163048,0.05
163049,0.01
163068,0.01
163071,0.1
163074,0.23
163079,0.01
163080,0.02
163085,0.01
163093,0.04
163094,0.39
163109,0.18
163116,0.03
163117,0.0
163118,0.06
163119,0.29
163121,0.03
163131,0.06
163132,0.16
163133,0.08
163182,0.05
163187,0.01
163188,0.23
163195,0.04
163197,0.04
163200,0.02
163206,0.1
163207,0.04
163214,0.17
163222,0.02
163224,0.02
163226,0.24
163235,0.07
163240,0.01
163258,0.2
163263,0.02
163264,0.12
163265,0.13
163266,0.09
163268,0.03
163272,0.03
163273,0.13
163278,0.01
163288,0.09
163299,0.09
163302,0.27
163307,0.1
163321,0.08
163349,0.12
163352,0.17
163353,0.16
163357,0.22
163362,0.07
163375,0.07
163385,0.0
163386,0.02
163390,0.04
163408,0.2
163423,0.02
163426,0.12
163437,0.27
163452,0.04
163472,0.17
163473,0.08
163479,0.05
163480,0.03
163487,0.02
163492,0.21
163493,0.03
163523,0.06
163524,0.06
163527,0.1
163528,0.01
163531,0.0
163538,0.05
163556,0.05
163563,0.16
163566,0.08
163570,0.04
163571,0.0
163574,0.0
163578,0.03
163580,0.03
163597,0.17
163601,0.09
163604,0.21
163609,0.05
163618,0.15
163634,0.08
163647,0.17
163660,0.18
163661,0.05
163666,0.05
163667,0.13
163669,0.19
163676,0.0
163681,0.02
163682,0.06
163684,0.41
163714,0.07
163724,0.01
163728,0.05
163729,0.02
163738,0.0
163742,0.07
163743,0.06
163748,0.07
163759,0.0
163782,0.05
163793,0.09
163800,0.04
163801,0.2
163802,0.27
163814,0.09
163820,0.1
163821,0.07
163848,0.0
163852,0.11
163854,0.0
163855,0.12
163882,0.04
163895,0.01
163900,0.42
163907,0.22
163915,0.04
163926,0.03
163929,0.07
163934,0.05
163940,0.03
163943,0.16
163944,0.01
163949,0.04
163951,0.05
163952,0.06
163965,0.06
163970,0.05
163980,0.06
163981,0.0
163988,0.16
163989,0.06
163991,0.09
164015,0.05
164028,0.08
164030,0.14
164031,0.02
164037,0.01
164049,0.05
164052,0.03
164059,0.01
164083,0.08
164095,0.0
164106,0.29
164116,0.07
164117,0.45
164119,0.03
164133,0.1
164134,0.05
164142,0.0
164143,0.01
164147,0.06
164148,0.15
164150,0.31
164152,0.01
164156,0.11
164157,0.06
164158,0.0
164166,0.2
164191,0.04
164194,0.07
164198,0.0
164201,0.01
164202,0.06
164207,0.26
164228,0.01
164240,0.06
164241,0.01
164244,0.1
164256,0.06
164262,0.01
164269,0.03
164276,0.11
164281,0.07
164290,0.07
164300,0.08
164305,0.22
164307,0.04
164308,0.04
164309,0.03
164314,0.06
164319,0.06
164331,0.03
164332,0.06
164343,0.17
164349,0.19
164363,0.02
164373,0.15
164410,0.43
164417,0.1
164436,0.08
164438,0.02
164441,0.05
164445,0.07
164451,0.08
164452,0.05
164502,0.19
164513,0.17
164526,0.46
164527,0.03
164528,0.46
164530,0.0
164537,0.01
164542,0.06
164546,0.03
164555,0.34
164556,0.02
164568,0.09
164571,0.26
164572,0.25
164574,0.05
164580,0.02
164597,0.01
164601,0.01
164619,0.19
164633,0.09
164642,0.04
164652,0.08
164676,0.04
164682,0.05
164685,0.05
164691,0.01
164696,0.01
164708,0.09
164711,0.0
164712,0.19
164717,0.1
164721,0.09
164740,0.01
164746,0.02
164755,0.18
164761,0.01
164764,0.02
164766,0.73
164776,0.31
164777,0.02
164783,0.14
164786,0.02
164799,0.38
164808,0.07
164812,0.0
164815,0.19
164816,0.04
164817,0.07
164818,0.21
164819,0.36
164821,0.09
164822,0.02
164825,0.0
164834,0.08
164841,0.03
164842,0.04
164853,0.18
164855,0.12
164856,0.11
164878,0.03
164883,0.06
164887,0.05
164888,0.08
164889,0.15
164891,0.23
164892,0.01
164922,0.07
164924,0.07
164933,0.29
164938,0.05
164939,0.3
164949,0.01
164950,0.01
164957,0.18
164961,0.42
164963,0.01
164972,0.03
164980,0.05
164981,0.08
165020,0.12
165027,0.11
165046,0.1
165048,0.1
165049,0.08
165058,0.04
165065,0.0
165081,0.02
165082,0.02
165090,0.16
165107,0.08
165131,0.02
165133,0.03
165137,0.04
165140,0.13
165142,0.13
165143,0.06
165152,0.17
165154,0.09
165158,0.06
165166,0.01
165168,0.06
165171,0.01
165175,0.07
165182,0.04
165188,0.1
165190,0.0
165199,0.04
165202,0.12
165203,0.06
165204,0.2
165208,0.13
165221,0.04
165243,0.0
165283,0.08
165300,0.15
165302,0.11
165304,0.1
165313,0.02
165336,0.05
165339,0.16
165363,0.24
165376,0.12
165380,0.27
165385,0.0
165386,0.1
165410,0.04
165422,0.1
165426,0.15
165428,0.01
165445,0.28
165452,0.11
165454,0.07
165455,0.05
165462,0.03
165465,0.13
165466,0.19
165467,0.36
165476,0.02
165477,0.27
165478,0.48
165497,0.06
165500,0.16
165511,0.05
165513,0.06
165515,0.44
165521,0.01
165522,0.11
165523,0.09
165530,0.16
165537,0.07
165538,0.0
165539,0.0
165545,0.03
165550,0.0
165551,0.06
165552,0.08
165557,0.02
165558,0.13
165560,0.0
165574,0.14
165576,0.28
165587,0.06
165601,0.0
165605,0.0
165606,0.12
165607,0.05
165624,0.16
165632,0.11
165633,0.04
165634,0.07
165646,0.02
165649,0.11
165651,0.13
165661,0.05
165666,0.34
165669,0.13
165674,0.01
165685,0.35
165687,0.13
165692,0.05
165721,0.06
165726,0.05
165748,0.05
165749,0.08
165752,0.04
165755,0.04
165758,0.0
165761,0.03
165762,0.08
165780,0.08
165781,0.05
165789,0.08
165802,0.02
165806,0.08
165817,0.37
165822,0.32
165837,0.02
165840,0.02
165846,0.03
165853,0.01
165864,0.2
165865,0.01
165868,0.01
165869,0.03
165871,0.09
165880,0.12
165887,0.2
165904,0.18
165907,0.0
165910,0.07
165915,0.19
165917,0.01
165918,0.14
165919,0.19
165923,0.04
165931,0.03
165932,0.04
165934,0.49
165939,0.03
165944,0.57
165951,0.16
165955,0.0
165959,0.21
165966,0.26
165970,0.09
165975,0.05
165977,0.0
165990,0.12
165997,0.02
166003,0.04
166008,0.03
166020,0.12
166025,0.03
166033,0.1
166038,0.03
166042,0.11
166049,0.01
166071,0.0
166091,0.34
166093,0.24
166095,0.11
166104,0.06
166107,0.05
166108,0.0
166110,0.03
166112,0.13
166135,0.01
166136,0.03
166138,0.15
166153,0.11
166155,0.12
166158,0.05
166164,0.1
166186,0.14
166191,0.17
166196,0.17
166197,0.03
166202,0.09
166215,0.03
166230,0.0
166243,0.04
166244,0.05
166255,0.06
166258,0.27
166263,0.32
166271,0.07
166283,0.08
166286,0.17
166291,0.12
166294,0.02
166303,0.09
166306,0.37
166309,0.01
166316,0.19
166317,0.04
166321,0.11
166331,0.08
166349,0.05
166374,0.04
166387,0.0
166393,0.07
166400,0.0
166420,0.01
166446,0.13
166449,0.03
166452,0.04
166495,0.03
166501,0.03
166514,0.05
166515,0.06
166521,0.1
166525,0.0
166529,0.0
166536,0.02
166542,0.05
166543,0.08
166545,0.02
166550,0.06
166560,0.04
166567,0.03
166570,0.0
166573,0.15
166582,0.31
166583,0.26
166590,0.04
166594,0.33
166618,0.31
166623,0.13
166626,0.11
166641,0.06
166654,0.08
166682,0.39
166685,0.31
166688,0.04
166692,0.06
166701,0.03
166702,0.11
166705,0.02
166713,0.0
166733,0.08
166734,0.01
166738,0.14
166739,0.13
166740,0.14
166755,0.15
166761,0.15
166764,0.07
166773,0.06
166774,0.05
166814,0.11
166819,0.25
166834,0.11
166841,0.33
166848,0.28
166857,0.12
166858,0.0
166873,0.07
166889,0.02
166890,0.01
166891,0.08
166902,0.06
166908,0.02
166916,0.1
166920,0.03
166922,0.1
166926,0.01
166928,0.0
166930,0.15
166931,0.09
166932,0.02
166937,0.0
166941,0.12
166944,0.02
166960,0.12
166972,0.01
166973,0.11
166978,0.01
166984,0.11
166994,0.02
166995,0.22
166996,0.0
167001,0.0
167006,0.01
167007,0.07
167037,0.13
167041,0.02
167051,0.06
167052,0.21
167054,0.09
167057,0.28
167058,0.06
167059,0.03
167060,0.0
167066,0.02
167077,0.04
167078,0.07
167080,0.12
167089,0.05
167090,0.01
167091,0.17
167096,0.07
167105,0.12
167121,0.15
167128,0.19
167131,0.04
167139,0.11
167140,0.07
167149,0.02
167152,0.4
167153,0.05
167163,0.08
167167,0.03
167171,0.02
167178,0.03
167179,0.1
167182,0.06
167187,0.02
167192,0.14
167208,0.17
167212,0.04
167217,0.07
167230,0.05
167236,0.0
167238,0.26
167239,0.23
167257,0.16
167260,0.36
167264,0.03
167271,0.01
167273,0.09
167276,0.39
167283,0.02
167295,0.0
167296,0.08
167299,0.06
167310,0.01
167313,0.05
167323,0.02
167328,0.11
167329,0.14
167333,0.0
167349,0.12
167351,0.0
167359,0.07
167363,0.05
167371,0.0
167384,0.02
167387,0.02
167389,0.05
167393,0.13
167401,0.16
167427,0.01
167428,0.07
167433,0.21
167434,0.13
167437,0.07
167438,0.0
167454,0.08
167475,0.03
167480,0.02
167491,0.05
167494,0.07
167495,0.02
167503,0.04
167521,0.16
167529,0.08
167530,0.01
167550,0.2
167554,0.27
167557,0.14
167562,0.03
167566,0.14
167572,0.1
167573,0.15
167578,0.17
167592,0.12
167597,0.05
167621,0.08
167622,0.19
167631,0.16
167637,0.28
167638,0.05
167645,0.07
167648,0.19
167697,0.1
167698,0.0
167701,0.0
167708,0.0
167714,0.01
167717,0.09
167727,0.13
167737,0.01
167746,0.36
167751,0.31
167753,0.03
167755,0.01
167771,0.15
167805,0.07
167811,0.02
167815,0.02
167829,0.06
167830,0.05
167834,0.06
167841,0.12
167846,0.0
167851,0.44
167871,0.03
167890,0.02
167898,0.04
167901,0.02
167902,0.07
167907,0.24
167911,0.1
167912,0.02
167916,0.03
167917,0.01
167928,0.1
167940,0.05
167947,0.03
167948,0.03
167953,0.03
167957,0.19
167958,0.02
167968,0.02
167970,0.06
167977,0.04
167980,0.04
167993,0.07
167994,0.17
167998,0.02
168000,0.03
168006,0.18
168011,0.17
168012,0.01
168013,0.14
168022,0.04
168026,0.15
168032,0.02
168046,0.05
168054,0.03
168071,0.12
168078,0.03
168092,0.02
168093,0.22
168097,0.05
168105,0.3
168107,0.03
168108,0.01
168115,0.36
168127,0.08
168133,0.19
168135,0.06
168162,0.02
168163,0.0
168165,0.12
168169,0.05
168171,0.19
168174,0.16
168175,0.24
168186,0.0
168202,0.02
168204,0.25
168208,0.02
168229,0.08
168239,0.07
168245,0.02
168276,0.19
168309,0.02
168313,0.29
168322,0.01
168323,0.02
168326,0.33
168331,0.04
168349,0.12
168384,0.07
168398,0.12
168403,0.03
168405,0.09
168416,0.0
168418,0.15
168420,0.05
168422,0.02
168436,0.11
168438,0.13
168443,0.05
168444,0.02
168446,0.05
168454,0.07
168459,0.11
168462,0.08
168472,0.11
168485,0.0
168496,0.1
168503,0.07
168515,0.09
168516,0.14
168520,0.33
168521,0.08
168531,0.01
168542,0.09
168548,0.01
168551,0.06
168575,0.02
168580,0.02
168588,0.26
168593,0.06
168614,0.21
168615,0.12
168622,0.01
168623,0.12
168634,0.02
168645,0.16
168651,0.11
168683,0.14
168691,0.21
168708,0.08
168716,0.28
168718,0.04
168720,0.19
168722,0.22
168731,0.06
168736,0.03
168738,0.11
168747,0.07
168751,0.64
168752,0.09
168753,0.07
168774,0.14
168782,0.18
168788,0.06
168790,0.01
168791,0.09
168793,0.06
168796,0.09
168802,0.15
168803,0.06
168810,0.29
168817,0.02
168820,0.11
168823,0.03
168827,0.1
168828,0.2
168831,0.06
168842,0.03
168845,0.04
168855,0.26
168856,0.12
168861,0.12
168876,0.03
168897,0.11
168899,0.0
168913,0.13
168915,0.04
168916,0.06
168929,0.12
168930,0.1
168933,0.07
168954,0.05
168957,0.14
168959,0.09
168960,0.3
168961,0.05
168968,0.06
168969,0.08
168994,0.04
168995,0.22
169003,0.12
169004,0.29
169008,0.07
169009,0.18
169014,0.03
169030,0.11
169048,0.39
169061,0.15
169070,0.29
169092,0.01
169117,0.31
169118,0.2
169121,0.02
169123,0.05
169124,0.48
169137,0.12
169138,0.04
169143,0.03
169165,0.02
169166,0.09
169167,0.21
169168,0.04
169175,0.0
169184,0.06
169195,0.03
169196,0.08
169197,0.21
169202,0.1
169204,0.09
169212,0.09
169214,0.16
169218,0.17
169239,0.07
169248,0.02
169252,0.03
169254,0.16
169257,0.08
169264,0.23
169267,0.09
169269,0.36
169278,0.02
169297,0.03
169299,0.2
169301,0.13
169306,0.07
169323,0.13
169328,0.16
169330,0.19
169331,0.0
169346,0.1
169348,0.29
169350,0.02
169353,0.01
169355,0.25
169364,0.38
169365,0.13
169367,0.12
169370,0.0
169378,0.01
169385,0.01
169387,0.26
169389,0.06
169395,0.08
169412,0.03
169426,0.14
169427,0.09
169432,0.02
169436,0.08
169453,0.05
169455,0.09
169457,0.03
169458,0.04
169461,0.04
169467,0.01
169470,0.01
169477,0.03
169481,0.08
169483,0.18
169490,0.28
169491,0.03
169495,0.02
169504,0.03
169514,0.01
169517,0.16
169523,0.06
169528,0.08
169534,0.16
169535,0.03
169537,0.08
169541,0.3
169546,0.06
169549,0.0
169554,0.21
169561,0.01
169571,0.04
169580,0.13
169597,0.0
169598,0.0
169625,0.28
169626,0.16
169627,0.3
169628,0.45
169629,0.0
169658,0.03
169659,0.02
169668,0.02
169669,0.15
169673,0.01
169674,0.02
169676,0.19
169677,0.04
169678,0.39
169680,0.08
169695,0.07
169698,0.38
169710,0.11
169719,0.0
169720,0.1
169722,0.14
169735,0.12
169745,0.02
169749,0.05
169754,0.04
169760,0.03
169772,0.09
169773,0.01
169780,0.01
169788,0.0
169793,0.08
169809,0.04
169810,0.15
169824,0.02
169831,0.44
169833,0.12
169836,0.04
169859,0.02
169864,0.24
169872,0.08
169895,0.12
169911,0.24
169914,0.03
169960,0.29
169961,0.14
169964,0.01
169974,0.28
169988,0.05
169989,0.02
169995,0.0
170007,0.05
170026,0.1
170030,0.28
170033,0.06
170041,0.07
170043,0.03
170048,0.02
170050,0.14
170051,0.03
170056,0.3
170072,0.33
170076,0.05
170080,0.23
170101,0.04
170102,0.03
170107,0.43
170115,0.08
170119,0.06
170128,0.27
170129,0.01
170134,0.18
170136,0.1
170139,0.03
170140,0.06
170143,0.31
170148,0.19
170159,0.07
170163,0.03
170164,0.29
170173,0.03
170178,0.12
170179,0.02
170199,0.08
170203,0.01
170207,0.14
170211,0.0
170217,0.06
170224,0.01
170225,0.23
170255,0.2
170258,0.02
170259,0.05
170262,0.02
170278,0.09
170284,0.05
170285,0.36
170292,0.1
170293,0.08
170301,0.22
170302,0.08
170305,0.09
170309,0.01
170310,0.08
170326,0.27
170327,0.02
170328,0.08
170329,0.13
170330,0.06
170331,0.08
170337,0.05
170340,0.08
170341,0.04
170343,0.06
170361,0.04
170366,0.06
170376,0.05
170382,0.07
170396,0.02
170400,0.18
170403,0.02
170409,0.06
170410,0.08
170421,0.38
170425,0.04
170427,0.03
170428,0.02
170435,0.01
170438,0.08
170442,0.03
170446,0.31
170461,0.0
170473,0.18
170477,0.06
170516,0.07
170517,0.01
170522,0.05
170523,0.02
170534,0.19
170535,0.0
170538,0.1
170549,0.07
170556,0.04
170563,0.33
170570,0.09
170580,0.08
170582,0.01
170584,0.3
170585,0.02
170587,0.13
170590,0.23
170598,0.02
170599,0.15
170601,0.06
170612,0.27
170617,0.05
170620,0.04
170629,0.0
170647,0.29
170651,0.02
170654,0.04
170657,0.14
170662,0.02
170707,0.13
170719,0.04
170722,0.05
170723,0.03
170731,0.17
170735,0.05
170750,0.18
170769,0.09
170770,0.11
170776,0.32
170783,0.03
170789,0.05
170800,0.13
170809,0.08
170810,0.0
170811,0.08
170827,0.0
170842,0.01
170854,0.04
170857,0.29
170865,0.07
170867,0.0
170869,0.09
170870,0.0
170878,0.09
170881,0.15
170910,0.1
170913,0.17
170919,0.2
170932,0.13
170939,0.31
170947,0.03
170950,0.32
170953,0.18
170954,0.02
170970,0.07
170972,0.04
170973,0.15
170980,0.01
170981,0.07
170983,0.23
170998,0.07
171001,0.04
171004,0.08
171020,0.01
171023,0.1
171026,0.02
171060,0.17
171061,0.0
171065,0.04
171077,0.08
171081,0.0
171103,0.18
171110,0.07
171114,0.01
171118,0.02
171119,0.06
171120,0.12
171137,0.03
171147,0.1
171153,0.16
171156,0.35
171158,0.01
171163,0.12
171169,0.0
171170,0.04
171172,0.06
171173,0.02
171176,0.12
171181,0.09
171182,0.32
171191,0.02
171193,0.04
171195,0.17
171198,0.08
171205,0.02
171212,0.22
171237,0.01
171241,0.01
171262,0.13
171263,0.01
171266,0.18
171274,0.08
171290,0.05
171291,0.42
171297,0.02
171307,0.1
171311,0.35
171320,0.02
171322,0.01
171328,0.15
171337,0.03
171346,0.02
171348,0.07
171354,0.01
171358,0.02
171359,0.0
171360,0.06
171369,0.05
171379,0.0
171384,0.02
171388,0.08
171390,0.05
171394,0.04
171395,0.04
171399,0.09
171403,0.21
171422,0.08
171423,0.02
171469,0.01
171480,0.21
171487,0.0
171497,0.08
171502,0.18
171503,0.05
171506,0.47
171521,0.22
171530,0.01
171540,0.06
171541,0.04
171544,0.07
171551,0.03
171582,0.09
171587,0.07
171597,0.25
171603,0.07
171610,0.07
171614,0.0
171619,0.04
171621,0.09
171625,0.01
171626,0.0
171638,0.12
171642,0.09
171658,0.15
171674,0.0
171677,0.14
171684,0.03
171685,0.08
171686,0.08
171695,0.05
171702,0.01
171703,0.12
171704,0.01
171705,0.01
171706,0.02
171709,0.0
171712,0.15
171716,0.02
171730,0.09
171748,0.02
171757,0.21
171767,0.02
171768,0.17
171771,0.02
171775,0.01
171778,0.15
171780,0.05
171781,0.0
171785,0.06
171786,0.22
171789,0.04
171802,0.02
171803,0.0
171812,0.24
171862,0.03
171864,0.15
171891,0.18
171892,0.03
171913,0.02
171914,0.34
171922,0.26
171927,0.05
171933,0.09
171934,0.02
171943,0.08
171945,0.11
171960,0.0
171964,0.03
171975,0.14
171994,0.06
171996,0.05
171997,0.02
172000,0.03
172029,0.06
172038,0.06
172039,0.08
172043,0.1
172046,0.02
172048,0.02
172049,0.06
172053,0.05
172054,0.2
172058,0.04
172060,0.08
172061,0.01
172067,0.06
172072,0.03
172073,0.19
172098,0.1
172100,0.07
172101,0.2
172113,0.2
172144,0.01
172147,0.02
172149,0.05
172168,0.11
172169,0.01
172175,0.02
172197,0.02
172200,0.24
172205,0.12
172207,0.04
172210,0.01
172261,0.03
172279,0.19
172294,0.04
172300,0.04
172301,0.07
172310,0.09
172351,0.0
172353,0.04
172358,0.0
172374,0.04
172380,0.19
172384,0.13
172400,0.03
172403,0.2
172408,0.16
172411,0.02
172420,0.03
172426,0.46
172433,0.17
172434,0.04
172442,0.23
172443,0.28
172452,0.1
172454,0.14
172456,0.14
172460,0.32
172470,0.15
172479,0.01
172481,0.0
172483,0.04
172484,0.4
172485,0.02
172486,0.16
172493,0.03
172494,0.12
172497,0.17
172504,0.01
172518,0.31
172523,0.29
172527,0.0
172533,0.01
172536,0.03
172540,0.04
172541,0.05
172543,0.07
172545,0.11
172547,0.03
172551,0.06
172556,0.01
172562,0.0
172570,0.03
172574,0.07
172575,0.07
172599,0.0
172611,0.08
172612,0.02
172616,0.06
172623,0.03
172627,0.01
172635,0.09
172643,0.02
172644,0.03
172652,0.1
172656,0.05
172661,0.01
172664,0.0
172672,0.1
172678,0.09
172680,0.06
172683,0.02
172684,0.31
172690,0.03
172695,0.16
172696,0.02
172701,0.07
172713,0.07
172714,0.03
172731,0.04
172738,0.01
172761,0.03
172767,0.02
172770,0.18
172771,0.02
172799,0.03
172800,0.04
172804,0.05
172805,0.1
172820,0.04
172829,0.35
172831,0.09
172833,0.07
172843,0.0
172853,0.02
172855,0.17
172856,0.06
172857,0.02
172863,0.0
172877,0.02
172881,0.01
172895,0.17
172896,0.07
172910,0.0
172922,0.06
172939,0.07
172942,0.17
172945,0.1
172948,0.02
172949,0.08
172953,0.0
172967,0.05
172993,0.11
172995,0.04
172996,0.26
172997,0.25
172998,0.05
172999,0.06
173004,0.01
173006,0.25
173007,0.29
173013,0.28
173016,0.08
173020,0.04
173030,0.19
173048,0.06
173056,0.02
173066,0.0
173079,0.03
173107,0.12
173109,0.01
173127,0.03
173128,0.0
173130,0.14
173137,0.02
173157,0.0
173160,0.03
173168,0.1
173193,0.04
173197,0.15
173215,0.0
173216,0.29
173227,0.0
173236,0.23
173237,0.04
173247,0.0
173250,0.53
173259,0.08
173277,0.32
173285,0.15
173286,0.09
173299,0.14
173310,0.47
173312,0.23
173313,0.03
173320,0.02
173330,0.2
173333,0.05
173351,0.02
173370,0.21
173372,0.01
173381,0.33
173386,0.0
173387,0.18
173388,0.0
173393,0.02
173394,0.02
173403,0.0
173467,0.21
173469,0.02
173475,0.11
173476,0.07
173477,0.01
173484,0.08
173485,0.06
173488,0.03
173491,0.02
173520,0.01
173522,0.38
173535,0.1
173539,0.15
173549,0.04
173552,0.05
173565,0.41
173586,0.05
173587,0.03
173588,0.0
173595,0.01
173606,0.2
173620,0.09
173623,0.0
173629,0.05
173647,0.03
173649,0.03
173650,0.14
173652,0.05
173654,0.14
173665,0.37
173667,0.13
173685,0.07
173710,0.42
173711,0.03
173713,0.04
173718,0.24
173743,0.21
173744,0.14
173762,0.04
173768,0.07
173769,0.44
173770,0.28
173773,0.08
173779,0.03
173780,0.09
173781,0.06
173783,0.03
173795,0.04
173800,0.31
173812,0.01
173823,0.01
173834,0.09
173874,0.09
173891,0.1
173904,0.21
173909,0.01
173925,0.23
173941,0.29
173942,0.01
173944,0.05
173955,0.03
173959,0.1
174000,0.11
174004,0.04
174006,0.0
174008,0.14
174012,0.03
174017,0.04
174020,0.02
174044,0.02
174051,0.08
174052,0.05
174059,0.06
174060,0.09
174061,0.02
174063,0.07
174068,0.02
174069,0.06
174072,0.03
174074,0.0
174091,0.05
174092,0.11
174098,0.1
174105,0.14
174107,0.01
174110,0.01
174121,0.11
174126,0.01
174153,0.01
174156,0.2
174160,0.02
174173,0.02
174183,0.05
174185,0.03
174188,0.22
174198,0.01
174206,0.07
174207,0.01
174211,0.2
174239,0.06
174260,0.08
174261,0.01
174262,0.22
174264,0.02
174271,0.04
174275,0.33
174277,0.05
174286,0.01
174301,0.07
174312,0.09
174314,0.05
174322,0.06
174323,0.28
174325,0.35
174326,0.14
174327,0.05
174334,0.29
174360,0.0
174362,0.05
174367,0.06
174371,0.0
174372,0.09
174384,0.05
174390,0.07
174391,0.03
174396,0.01
174412,0.01
174423,0.19
174428,0.04
174429,0.16
174438,0.03
174481,0.03
174483,0.08
174484,0.04
174485,0.16
174488,0.04
174497,0.01
174509,0.14
174513,0.04
174514,0.13
174520,0.21
174526,0.02
174532,0.0
174536,0.05
174537,0.01
174538,0.18
174539,0.07
174540,0.03
174549,0.04
174551,0.13
174563,0.06
174574,0.04
174575,0.07
174586,0.0
174590,0.04
174606,0.34
174607,0.07
174609,0.09
174610,0.19
174630,0.08
174631,0.14
174661,0.05
174665,0.02
174666,0.12
174677,0.07
174690,0.08
174700,0.05
174702,0.03
174703,0.01
174713,0.01
174721,0.09
174726,0.04
174729,0.03
174741,0.08
174742,0.15
174754,0.02
174757,0.04
174782,0.47
174795,0.13
174805,0.0
174806,0.11
174809,0.05
174810,0.07
174829,0.03
174830,0.23
174832,0.11
174836,0.3
174839,0.01
174843,0.28
174854,0.17
174861,0.1
174863,0.08
174867,0.0
174871,0.21
174887,0.02
174890,0.14
174897,0.02
174901,0.16
174903,0.03
174912,0.0
174913,0.15
174920,0.25
174922,0.13
174924,0.24
174925,0.16
174928,0.15
174938,0.14
174939,0.05
174943,0.06
174950,0.06
174954,0.03
174955,0.05
174957,0.07
174965,0.15
174966,0.02
174967,0.05
174977,0.04
174983,0.14
174986,0.32
174987,0.06
175012,0.21
175015,0.01
175025,0.08
175027,0.28
175029,0.19
175056,0.16
175075,0.38
175081,0.1
175097,0.06
175128,0.08
175129,0.08
175138,0.02
175169,0.05
175183,0.11
175211,0.01
175212,0.0
175215,0.03
175223,0.13
175225,0.0
175233,0.04
175250,0.0
175253,0.02
175257,0.02
175260,0.07
175261,0.0
175264,0.03
175284,0.1
175288,0.0
175295,0.07
175309,0.03
175310,0.17
175313,0.11
175334,0.02
175337,0.02
175346,0.01
175347,0.02
175349,0.04
175350,0.12
175351,0.06
175367,0.14
175369,0.02
175371,0.01
175372,0.0
175392,0.36
175400,0.0
175402,0.04
175403,0.13
175407,0.15
175408,0.05
175414,0.11
175431,0.0
175435,0.18
175442,0.07
175454,0.02
175456,0.0
175457,0.03
175464,0.06
175465,0.16
175477,0.0
175488,0.15
175495,0.17
175499,0.1
175500,0.04
175515,0.23
175519,0.03
175520,0.13
175531,0.21
175534,0.03
175543,0.1
175566,0.02
175568,0.02
175573,0.07
175574,0.01
175576,0.09
175591,0.02
175593,0.03
175605,0.31
175609,0.03
175617,0.01
175624,0.39
175629,0.03
175633,0.06
175645,0.2
175649,0.01
175650,0.06
175653,0.01
175659,0.04
175660,0.0
175661,0.08
175664,0.0
175665,0.03
175677,0.05
175682,0.14
175684,0.15
175687,0.1
175690,0.12
175706,0.01
175722,0.08
175724,0.05
175730,0.02
175731,0.07
175737,0.03
175743,0.22
175745,0.2
175758,0.16
175768,0.04
175769,0.09
175773,0.13
175775,0.02
175794,0.01
175798,0.07
175809,0.14
175818,0.09
175830,0.03
175835,0.02
175840,0.38
175864,0.22
175875,0.06
175890,0.09
175892,0.02
175914,0.02
175930,0.3
175935,0.03
175955,0.0
175958,0.11
175959,0.01
175960,0.08
175964,0.02
175968,0.04
175986,0.69
175987,0.21
175997,0.06
175998,0.17
176003,0.14
176004,0.05
176021,0.04
176034,0.02
176035,0.11
176043,0.13
176045,0.23
176051,0.06
176052,0.12
176059,0.0
176067,0.05
176073,0.16
176076,0.04
176077,0.0
176085,0.08
176088,0.05
176095,0.03
176118,0.27
176129,0.07
176177,0.0
176183,0.01
176206,0.06
176218,0.06
176240,0.0
176253,0.0
176260,0.17
176275,0.01
176285,0.01
176288,0.13
176289,0.06
176290,0.01
176297,0.02
176300,0.31
176301,0.09
176319,0.04
176322,0.06
176337,0.02
176346,0.06
176347,0.29
176352,0.2
176358,0.0
176359,0.07
176365,0.01
176371,0.02
176403,0.11
176419,0.08
176428,0.03
176429,0.2
176430,0.05
176432,0.24
176437,0.17
176440,0.01
176441,0.07
176450,0.04
176454,0.06
176459,0.07
176460,0.1
176467,0.03
176472,0.28
176482,0.1
176483,0.35
176486,0.13
176487,0.01
176494,0.08
176497,0.01
176500,0.2
176509,0.1
176511,0.04
176512,0.07
176522,0.04
176525,0.1
176526,0.09
176537,0.01
176538,0.01
176572,0.07
176573,0.02
176574,0.21
176579,0.07
176580,0.05
176592,0.32
176601,0.06
176603,0.04
176605,0.22
176606,0.14
176615,0.08
176620,0.15
176634,0.11
176635,0.0
176638,0.01
176639,0.07
176641,0.04
176661,0.01
176668,0.11
176669,0.04
176683,0.27
176688,0.25
176700,0.5
176702,0.06
176705,0.17
176709,0.02
176710,0.17
176720,0.04
176726,0.0
176731,0.08
176732,0.01
176733,0.04
176734,0.05
176736,0.03
176741,0.16
176756,0.02
176785,0.03
176790,0.03
176793,0.06
176820,0.22
176827,0.01
176828,0.03
176839,0.06
176848,0.14
176850,0.02
176853,0.03
176866,0.0
176867,0.06
176875,0.11
176883,0.11
176888,0.08
176890,0.2
176898,0.07
176917,0.05
176925,0.15
176929,0.05
176934,0.1
176938,0.32
176953,0.13
176957,0.07
176970,0.03
176997,0.01
177029,0.13
177030,0.06
177031,0.03
177032,0.01
177047,0.08
177048,0.01
177051,0.02
177055,0.05
177060,0.14
177064,0.09
177065,0.01
177069,0.14
177076,0.01
177085,0.04
177087,0.22
177105,0.04
177126,0.08
177133,0.04
177141,0.11
177146,0.16
177156,0.29
177179,0.11
177187,0.17
177192,0.28
177203,0.0
177228,0.05
177229,0.12
177249,0.13
177250,0.16
177253,0.08
177260,0.08
177262,0.12
177270,0.07
177275,0.08
177284,0.03
177285,0.28
177314,0.19
177319,0.02
177325,0.01
177327,0.08
177339,0.18
177344,0.25
177378,0.11
177384,0.09
177385,0.02
177386,0.05
177387,0.04
177405,0.0
177423,0.1
177424,0.02
177425,0.01
177430,0.13
177435,0.03
177447,0.08
177448,0.03
177449,0.04
177451,0.11
177460,0.23
177479,0.01
177489,0.04
177504,0.02
177505,0.12
177511,0.02
177524,0.15
177526,0.04
177535,0.02
177558,0.07
177562,0.1
177569,0.08
177579,0.01
177580,0.12
177583,0.01
177584,0.09
177585,0.06
177605,0.21
177606,0.04
177618,0.2
177639,0.19
177649,0.04
177656,0.03
177657,0.04
177661,0.03
177665,0.02
177669,0.04
177680,0.27
177688,0.39
177689,0.06
177694,0.0
177696,0.05
177700,0.18
177705,0.03
177710,0.08
177720,0.02
177728,0.05
177729,0.11
177731,0.06
177733,0.04
177749,0.04
177751,0.12
177767,0.06
177776,0.02
177780,0.07
177783,0.0
177785,0.11
177791,0.0
177797,0.06
177798,0.01
177799,0.01
177802,0.04
177803,0.2
177805,0.07
177820,0.0
177824,0.01
177825,0.02
177829,0.04
177839,0.05
177861,0.1
177865,0.05
177867,0.0
177875,0.09
177876,0.25
177878,0.08
177883,0.21
177886,0.09
177891,0.05
177892,0.04
177902,0.03
177904,0.06
177931,0.36
177939,0.04
177944,0.13
177946,0.1
177959,0.15
177977,0.11
177992,0.05
177993,0.02
178005,0.04
178008,0.02
178009,0.03
178012,0.28
178015,0.01
178018,0.07
178037,0.09
178050,0.04
178058,0.0
178060,0.04
178064,0.41
178074,0.12
178077,0.03
178094,0.13
178095,0.16
178096,0.03
178107,0.01
178117,0.03
178146,0.03
178154,0.05
178160,0.11
178164,0.04
178172,0.01
178174,0.1
178182,0.33
178184,0.13
178196,0.08
178223,0.07
178225,0.06
178226,0.05
178240,0.03
178242,0.04
178250,0.04
178268,0.08
178282,0.03
178285,0.04
178288,0.26
178290,0.03
178295,0.0
178312,0.03
178317,0.03
178342,0.19
178343,0.04
178344,0.08
178346,0.09
178353,0.36
178356,0.26
178358,0.0
178359,0.24
178362,0.12
178380,0.05
178387,0.11
178391,0.19
178395,0.43
178408,0.09
178415,0.01
178421,0.04
178424,0.25
178428,0.1
178432,0.07
178433,0.01
178436,0.28
178442,0.07
178453,0.02
178459,0.2
178467,0.12
178472,0.08
178491,0.04
178499,0.15
178504,0.09
178506,0.03
178509,0.02
178517,0.01
178525,0.18
178530,0.12
178531,0.19
178537,0.03
178553,0.06
178557,0.07
178565,0.04
178566,0.04
178579,0.0
178586,0.07
178589,0.01
178592,0.03
178610,0.02
178620,0.15
178621,0.01
178622,0.19
178643,0.08
178665,0.05
178671,0.08
178675,0.01
178692,0.04
178722,0.0
178723,0.07
178726,0.05
178731,0.26
178737,0.04
178739,0.06
178745,0.0
178766,0.01
178771,0.11
178775,0.01
178785,0.14
178789,0.05
178790,0.05
178792,0.0
178804,0.0
178817,0.03
178821,0.04
178825,0.15
178830,0.04
178831,0.1
178832,0.04
178847,0.02
178853,0.05
178856,0.14
178867,0.04
178868,0.07
178881,0.1
178887,0.01
178888,0.51
178908,0.05
178909,0.03
178942,0.16
178943,0.41
178946,0.03
178947,0.33
178950,0.03
178958,0.13
178976,0.0
178986,0.06
178989,0.0
178995,0.13
178996,0.03
179006,0.05
179025,0.03
179034,0.28
179038,0.31
179043,0.0
179050,0.02
179051,0.04
179076,0.29
179077,0.01
179091,0.02
179092,0.04
179111,0.08
179128,0.03
179132,0.33
179137,0.15
179138,0.06
179146,0.38
179148,0.2
179149,0.16
179150,0.02
179155,0.0
179164,0.03
179177,0.0
179178,0.02
179182,0.22
179184,0.02
179186,0.27
179191,0.08
179194,0.08
179201,0.11
179210,0.0
179211,0.05
179212,0.12
179216,0.08
179229,0.05
179235,0.13
179236,0.05
179241,0.22
179244,0.12
179249,0.15
179256,0.21
179260,0.03
179262,0.27
179264,0.13
179268,0.02
179272,0.04
179280,0.02
179287,0.02
179288,0.02
179290,0.02
179295,0.04
179298,0.16
179306,0.11
179307,0.05
179310,0.09
179314,0.09
179317,0.14
179319,0.09
179327,0.03
179336,0.06
179342,0.08
179344,0.25
179347,0.01
179357,0.08
179368,0.27
179413,0.16
179425,0.05
179435,0.03
179447,0.15
179449,0.01
179458,0.02
179460,0.02
179475,0.32
179486,0.2
179493,0.01
179499,0.01
179501,0.01
179508,0.02
179511,0.07
179513,0.11
179519,0.22
179537,0.01
179550,0.05
179559,0.01
179560,0.15
179578,0.03
179583,0.04
179590,0.03
179597,0.0
179599,0.08
179602,0.16
179609,0.12
179621,0.05
179624,0.05
179625,0.01
179630,0.03
179640,0.15
179641,0.01
179644,0.0
179649,0.06
179650,0.07
179652,0.14
179653,0.06
179660,0.06
179662,0.04
179673,0.01
179678,0.0
179679,0.1
179686,0.08
179721,0.0
179733,0.06
179736,0.34
179737,0.04
179748,0.12
179750,0.43
179751,0.01
179752,0.17
179753,0.14
179765,0.13
179768,0.15
179798,0.09
179827,0.07
179837,0.0
179838,0.06
179851,0.02
179868,0.31
179875,0.08
179876,0.08
179882,0.02
179883,0.03
179894,0.13
179905,0.13
179907,0.16
179919,0.01
179926,0.02
179936,0.01
179941,0.07
179945,0.09
179951,0.06
179960,0.03
179967,0.01
179980,0.34
179985,0.47
179997,0.22
180001,0.02
180007,0.02
180011,0.01
180017,0.11
180027,0.04
180033,0.11
180036,0.5
180037,0.13
180041,0.25
180042,0.61
180050,0.64
180059,0.06
180066,0.05
180067,0.01
180085,0.06
180092,0.0
180099,0.05
180101,0.13
180115,0.07
180122,0.04
180126,0.05
180127,0.14
180140,0.1
180141,0.05
180158,0.06
180163,0.18
180178,0.0
180189,0.04
180198,0.05
180201,0.23
180202,0.05
180209,0.04
180239,0.0
180244,0.02
180270,0.01
180271,0.12
180286,0.01
180287,0.01
180291,0.0
180293,0.01
180296,0.02
180297,0.1
180305,0.05
180318,0.04
180319,0.07
180322,0.01
180323,0.0
180331,0.17
180365,0.01
180368,0.2
180369,0.01
180382,0.01
180387,0.12
180388,0.29
180389,0.04
180398,0.03
180399,0.06
180402,0.28
180406,0.1
180407,0.11
180408,0.05
180413,0.05
180416,0.02
180420,0.04
180429,0.31
180430,0.35
180431,0.01
180438,0.0
180441,0.1
180448,0.09
180453,0.02
180478,0.41
180480,0.06
180510,0.08
180524,0.05
180534,0.01
180537,0.35
180545,0.01
180550,0.09
180559,0.06
180583,0.01
180587,0.05
180594,0.05
180597,0.06
180598,0.24
180599,0.07
180601,0.11
180624,0.14
180625,0.16
180634,0.02
180647,0.16
180652,0.03
180656,0.13
180664,0.04
180666,0.07
180674,0.13
180679,0.06
180685,0.06
180692,0.02
180698,0.04
180699,0.06
180700,0.0
180702,0.05
180710,0.02
180736,0.01
180739,0.0
180741,0.09
180743,0.17
180747,0.05
180754,0.15
180755,0.14
180756,0.01
180768,0.05
180773,0.01
180775,0.01
180784,0.01
180787,0.02
180795,0.06
180796,0.08
180799,0.0
180811,0.03
180813,0.12
180827,0.17
180828,0.03
180833,0.03
180834,0.18
180847,0.03
180852,0.19
180853,0.05
180854,0.01
180855,0.08
180856,0.05
180858,0.08
180859,0.13
180867,0.19
180868,0.0
180872,0.04
180873,0.0
180874,0.18
180875,0.41
180878,0.01
180888,0.06
180889,0.02
180891,0.01
180902,0.02
180907,0.23
180913,0.07
180916,0.01
180954,0.03
180962,0.04
180963,0.02
180967,0.13
180971,0.55
180975,0.05
180985,0.09
180991,0.03
181009,0.0
181012,0.04
181015,0.08
181034,0.27
181064,0.07
181071,0.09
181083,0.24
181084,0.01
181085,0.02
181088,0.03
181098,0.2
181110,0.19
181111,0.12
181112,0.04
181114,0.41
181117,0.23
181157,0.1
181160,0.26
181161,0.02
181165,0.18
181179,0.41
181186,0.06
181196,0.11
181197,0.21
181204,0.38
181213,0.11
181214,0.06
181221,0.17
181224,0.14
181226,0.06
181236,0.05
181256,0.49
181257,0.02
181279,0.01
181282,0.06
181285,0.21
181288,0.0
181289,0.11
181290,0.03
181298,0.01
181299,0.14
181307,0.04
181312,0.09
181318,0.08
181322,0.12
181338,0.05
181340,0.0
181342,0.01
181344,0.07
181350,0.02
181373,0.01
181374,0.02
181375,0.05
181379,0.59
181381,0.07
181385,0.01
181388,0.0
181392,0.17
181393,0.2
181425,0.0
181465,0.25
181481,0.11
181484,0.03
181494,0.02
181501,0.04
181507,0.02
181521,0.09
181524,0.02
181538,0.21
181540,0.01
181547,0.04
181551,0.03
181555,0.03
181561,0.08
181564,0.31
181567,0.2
181599,0.04
181602,0.15
181612,0.05
181613,0.06
181615,0.06
181621,0.01
181622,0.05
181629,0.21
181630,0.08
181633,0.04
181635,0.46
181641,0.02
181643,0.32
181644,0.2
181649,0.11
181659,0.03
181660,0.04
181665,0.17
181666,0.02
181672,0.0
181682,0.14
181693,0.02
181697,0.14
181703,0.04
181704,0.0
181720,0.27
181722,0.16
181732,0.18
181733,0.04
181736,0.03
181737,0.02
181747,0.04
181758,0.31
181764,0.01
181770,0.13
181774,0.05
181783,0.07
181788,0.02
181789,0.08
181804,0.01
181809,0.09
181821,0.05
181836,0.02
181863,0.07
181867,0.13
181868,0.28
181871,0.01
181904,0.11
181931,0.06
181932,0.03
181941,0.07
181944,0.14
181958,0.05
181971,0.03
181986,0.01
182002,0.01
182007,0.06
182012,0.04
182022,0.08
182031,0.02
182050,0.07
182053,0.32
182071,0.07
182072,0.19
182073,0.01
182102,0.0
182106,0.02
182116,0.06
182117,0.31
182118,0.0
182124,0.11
182125,0.05
182145,0.03
182150,0.11
182154,0.03
182167,0.07
182179,0.14
182181,0.0
182183,0.02
182218,0.17
182225,0.01
182226,0.22
182266,0.36
182272,0.05
182275,0.19
182295,0.09
182305,0.01
182312,0.03
182313,0.04
182327,0.01
182337,0.04
182340,0.03
182341,0.05
182342,0.09
182345,0.12
182353,0.03
182355,0.01
182371,0.03
182376,0.04
182381,0.0
182382,0.05
182384,0.02
182387,0.07
182412,0.04
182419,0.09
182432,0.25
182438,0.08
182448,0.74
182450,0.44
182465,0.03
182468,0.01
182474,0.03
182483,0.08
182484,0.08
182485,0.01
182486,0.05
182489,0.18
182500,0.05
182501,0.24
182504,0.17
182514,0.03
182524,0.03
182525,0.08
182533,0.01
182536,0.03
182539,0.09
182550,0.0
182553,0.04
182568,0.08
182571,0.02
182573,0.01
182580,0.07
182615,0.19
182618,0.03
182624,0.02
182644,0.01
182686,0.23
182687,0.0
182695,0.13
182718,0.06
182726,0.05
182735,0.08
182742,0.04
182747,0.03
182748,0.02
182752,0.16
182761,0.13
182800,0.0
182802,0.07
182807,0.07
182816,0.09
182818,0.12
182826,0.01
182836,0.04
182840,0.1
182841,0.16
182846,0.55
182862,0.02
182864,0.01
182871,0.17
182878,0.15
182880,0.17
182885,0.02
182893,0.08
182894,0.46
182895,0.02
182901,0.1
182907,0.29
182921,0.11
182952,0.03
182964,0.15
182966,0.13
182980,0.01
182985,0.35
182989,0.13
182994,0.01
183035,0.1
183037,0.19
183042,0.02
183049,0.11
183050,0.01
183051,0.03
183062,0.05
183063,0.01
183064,0.1
183076,0.03
183078,0.39
183086,0.03
183089,0.02
183091,0.05
183097,0.08
183104,0.03
183118,0.13
183119,0.19
183134,0.06
183142,0.14
183157,0.03
183162,0.14
183180,0.02
183193,0.08
183213,0.0
183216,0.14
183223,0.04
183226,0.08
183264,0.03
183273,0.05
183278,0.16
183282,0.05
183283,0.02
183286,0.05
183288,0.1
183299,0.03
183310,0.06
183315,0.1
183332,0.01
183336,0.05
183341,0.15
183342,0.02
183345,0.01
183347,0.0
183360,0.04
183362,0.12
183370,0.03
183379,0.01
183386,0.08
183410,0.04
183417,0.1
183419,0.02
183421,0.16
183425,0.19
183427,0.05
183433,0.09
183434,0.24
183438,0.07
183439,0.07
183440,0.23
183450,0.13
183451,0.16
183453,0.04
183454,0.01
183455,0.04
183457,0.03
183463,0.29
183475,0.06
183478,0.06
183480,0.09
183490,0.01
183494,0.09
183503,0.1
183512,0.11
183517,0.13
183530,0.1
183532,0.05
183533,0.0
183536,0.04
183545,0.03
183549,0.01
183550,0.03
183551,0.28
183555,0.04
183560,0.0
183585,0.0
183591,0.08
183592,0.0
183603,0.58
183610,0.0
183628,0.24
183644,0.09
183646,0.11
183649,0.01
183656,0.03
183658,0.18
183688,0.21
183690,0.01
183691,0.03
183697,0.03
183709,0.01
183711,0.06
183714,0.16
183725,0.15
183736,0.05
183742,0.0
183772,0.12
183776,0.18
183787,0.0
183792,0.31
183793,0.44
183799,0.21
183816,0.02
183818,0.23
183832,0.02
183836,0.0
183839,0.18
183840,0.12
183855,0.01
183857,0.09
183863,0.1
183866,0.06
183876,0.03
183878,0.15
183897,0.0
183902,0.01
183915,0.01
183925,0.0
183936,0.05
183939,0.02
183951,0.0
183956,0.08
183957,0.01
183974,0.23
183982,0.09
183994,0.02
184008,0.09
184013,0.08
184016,0.03
184019,0.0
184024,0.03
184025,0.06
184038,0.03
184045,0.03
184056,0.03
184060,0.32
184071,0.07
184073,0.02
184074,0.0
184077,0.01
184105,0.12
184106,0.06
184133,0.18
184154,0.35
184163,0.01
184165,0.07
184193,0.22
184194,0.1
184195,0.01
184202,0.08
184226,0.41
184230,0.07
184231,0.13
184234,0.12
184238,0.0
184248,0.0
184257,0.12
184268,0.03
184282,0.08
184291,0.05
184294,0.01
184295,0.24
184304,0.12
184309,0.02
184318,0.07
184325,0.01
184329,0.02
184330,0.02
184333,0.08
184337,0.01
184338,0.13
184340,0.07
184341,0.07
184347,0.11
184354,0.07
184355,0.0
184372,0.06
184384,0.06
184385,0.02
184386,0.03
184389,0.03
184401,0.04
184405,0.15
184431,0.03
184450,0.02
184453,0.11
184470,0.09
184471,0.05
184486,0.01
184488,0.0
184489,0.15
184497,0.19
184508,0.31
184509,0.04
184516,0.05
184525,0.12
184526,0.01
184531,0.01
184557,0.02
184576,0.05
184589,0.01
184605,0.0
184613,0.13
184630,0.0
184635,0.03
184636,0.0
184643,0.03
184645,0.07
184653,0.05
184655,0.02
184656,0.15
184660,0.03
184716,0.06
184736,0.01
184758,0.06
184767,0.22
184770,0.18
184773,0.01
184776,0.07
184792,0.04
184812,0.12
184820,0.13
184829,0.06
184831,0.18
184832,0.23
184834,0.02
184847,0.06
184848,0.07
184858,0.0
184866,0.02
184869,0.02
184870,0.13
184873,0.08
184874,0.04
184876,0.07
184879,0.18
184880,0.02
184885,0.06
184896,0.08
184916,0.36
184918,0.01
184919,0.05
184921,0.13
184936,0.04
184944,0.12
184956,0.4
184963,0.05
184964,0.0
184965,0.08
184972,0.03
184977,0.09
184982,0.03
184988,0.29
184992,0.11
184994,0.01
184998,0.18
185017,0.0
185024,0.01
185032,0.09
185037,0.08
185040,0.15
185043,0.08
185048,0.01
185059,0.05
185076,0.1
185083,0.02
185090,0.17
185099,0.02
185101,0.04
185106,0.1
185121,0.08
185125,0.26
185126,0.01
185127,0.06
185153,0.04
185167,0.29
185171,0.05
185178,0.05
185180,0.03
185181,0.09
185183,0.11
185186,0.11
185187,0.1
185188,0.06
185189,0.03
185194,0.14
185207,0.08
185209,0.06
185210,0.16
185212,0.01
185220,0.05
185221,0.11
185230,0.01
185231,0.31
185245,0.03
185249,0.08
185262,0.02
185285,0.13
185286,0.01
185288,0.01
185296,0.02
185298,0.34
185299,0.04
185308,0.09
185311,0.03
185313,0.05
185314,0.14
185332,0.27
185337,0.09
185338,0.03
185339,0.03
185341,0.04
185342,0.04
185344,0.08
185349,0.13
185362,0.13
185363,0.11
185394,0.0
185410,0.23
185418,0.03
185423,0.15
185428,0.07
185442,0.13
185447,0.14
185450,0.08
185454,0.0
185475,0.51
185481,0.21
185483,0.03
185485,0.09
185496,0.02
185504,0.07
185505,0.0
185512,0.04
185515,0.02
185534,0.07
185536,0.07
185538,0.07
185552,0.03
185569,0.1
185576,0.01
185578,0.06
185581,0.34
185584,0.18
185585,0.03
185586,0.12
185592,0.09
185604,0.02
185606,0.01
185607,0.07
185618,0.04
185622,0.07
185628,0.21
185629,0.0
185634,0.08
185637,0.13
185638,0.02
185640,0.15
185641,0.03
185645,0.02
185646,0.12
185647,0.05
185662,0.05
185669,0.0
185675,0.02
185687,0.02
185688,0.08
185689,0.05
185690,0.04
185697,0.14
185710,0.01
185733,0.0
185740,0.18
185806,0.33
185812,0.41
185824,0.04
185825,0.05
185826,0.01
185827,0.35
185828,0.2
185837,0.05
185859,0.02
185861,0.12
185872,0.04
185874,0.05
185891,0.14
185893,0.04
185897,0.06
185900,0.04
185910,0.11
185919,0.0
185932,0.0
185937,0.02
185939,0.1
185965,0.0
185968,0.12
185971,0.2
185978,0.24
185980,0.02
185981,0.02
185982,0.02
185991,0.0
185997,0.01
185998,0.03
186014,0.03
186021,0.01
186025,0.08
186034,0.09
186054,0.01
186061,0.11
186065,0.04
186066,0.12
186070,0.04
186080,0.05
186085,0.01
186094,0.67
186110,0.2
186113,0.01
186116,0.07
186127,0.07
186129,0.06
186135,0.09
186139,0.27
186151,0.04
186153,0.02
186156,0.01
186158,0.02
186159,0.01
186166,0.18
186168,0.0
186169,0.11
186170,0.04
186179,0.0
186188,0.02
186210,0.03
186227,0.0
186229,0.19
186230,0.06
186249,0.02
186254,0.03
186264,0.05
186265,0.02
186273,0.01
186276,0.13
186289,0.01
186296,0.07
186308,0.05
186309,0.0
186310,0.12
186316,0.04
186321,0.05
186333,0.16
186346,0.18
186391,0.2
186398,0.1
186407,0.04
186411,0.06
186415,0.01
186426,0.18
186444,0.06
186448,0.23
186453,0.09
186456,0.02
186460,0.0
186461,0.09
186473,0.26
186489,0.12
186490,0.09
186491,0.0
186492,0.01
186493,0.18
186503,0.06
186505,0.01
186506,0.02
186508,0.01
186524,0.09
186526,0.1
186536,0.06
186539,0.05
186543,0.04
186558,0.09
186568,0.26
186573,0.05
186587,0.06
186599,0.1
186609,0.39
186610,0.1
186612,0.04
186632,0.22
186634,0.0
186649,0.05
186652,0.07
186660,0.03
186668,0.07
186674,0.13
186675,0.0
186679,0.07
186682,0.05
186683,0.03
186695,0.41
186696,0.01
186704,0.08
186709,0.46
186714,0.05
186723,0.0
186726,0.15
186728,0.05
186729,0.06
186731,0.21
186737,0.24
186742,0.0
186743,0.0
186745,0.31
186747,0.01
186750,0.0
186769,0.01
186771,0.44
186787,0.05
186796,0.03
186802,0.07
186811,0.01
186812,0.09
186815,0.04
186840,0.05
186842,0.32
186853,0.19
186859,0.04
186878,0.03
186885,0.13
186890,0.02
186906,0.24
186916,0.05
186927,0.03
186928,0.15
186931,0.07
186934,0.04
186938,0.17
186943,0.16
186944,0.09
186945,0.03
186947,0.02
186952,0.15
186953,0.01
186960,0.13
186962,0.14
186991,0.01
187001,0.61
187017,0.02
187019,0.07
187024,0.02
187035,0.02
187037,0.01
187056,0.0
187057,0.01
187058,0.15
187065,0.14
187066,0.31
187069,0.0
187070,0.1
187074,0.02
187085,0.01
187087,0.1
187100,0.03
187117,0.18
187158,0.22
187159,0.04
187162,0.03
187164,0.05
187167,0.03
187168,0.01
187171,0.02
187184,0.22
187194,0.25
187208,0.15
187211,0.01
187220,0.01
187224,0.0
187242,0.03
187259,0.09
187260,0.21
187267,0.1
187280,0.19
187287,0.01
187291,0.07
187296,0.03
187301,0.06
187315,0.3
187319,0.06
187326,0.2
187328,0.2
187329,0.1
187330,0.09
187335,0.03
187339,0.02
187340,0.02
187353,0.08
187356,0.02
187367,0.22
187383,0.04
187388,0.04
187401,0.05
187415,0.05
187422,0.06
187439,0.2
187440,0.12
187442,0.23
187447,0.12
187448,0.07
187451,0.03
187468,0.06
187475,0.14
187477,0.1
187480,0.11
187498,0.13
187499,0.01
187516,0.02
187524,0.03
187534,0.02
187552,0.05
187577,0.12
187584,0.02
187585,0.06
187603,0.05
187608,0.0
187625,0.0
187637,0.03
187639,0.24
187641,0.05
187652,0.09
187684,0.06
187689,0.17
187698,0.15
187708,0.03
187716,0.03
187717,0.0
187719,0.0
187720,0.14
187743,0.0
187749,0.09
187762,0.03
187763,0.05
187772,0.13
187786,0.0
187787,0.08
187809,0.14
187826,0.06
187828,0.08
187829,0.16
187833,0.01
187847,0.01
187852,0.03
187862,0.05
187867,0.17
187868,0.09
187870,0.05
187871,0.03
187879,0.18
187894,0.14
187895,0.01
187899,0.03
187903,0.08
187915,0.01
187919,0.15
187941,0.02
187942,0.07
187944,0.04
187947,0.15
187949,0.06
187950,0.0
187952,0.18
187964,0.34
187967,0.02
187977,0.0
187983,0.05
187987,0.0
187988,0.18
187990,0.11
187991,0.17
187998,0.13
188014,0.47
188017,0.02
188021,0.13
188032,0.01
188039,0.05
188040,0.03
188044,0.05
188045,0.03
188054,0.08
188069,0.0
188070,0.39
188081,0.07
188092,0.2
188106,0.02
188108,0.06
188117,0.01
188120,0.01
188130,0.06
188133,0.07
188136,0.01
188151,0.01
188153,0.11
188158,0.03
188171,0.02
188175,0.08
188192,0.06
188194,0.05
188198,0.09
188199,0.12
188228,0.06
188232,0.04
188233,0.14
188234,0.06
188245,0.02
188248,0.02
188254,0.02
188261,0.01
188262,0.24
188267,0.01
188276,0.04
188281,0.41
188282,0.07
188295,0.18
188309,0.04
188313,0.17
188324,0.0
188327,0.1
188328,0.03
188329,0.04
188336,0.03
188337,0.07
188350,0.08
188389,0.1
188399,0.04
188413,0.04
188415,0.04
188421,0.04
188438,0.1
188449,0.38
188466,0.12
188470,0.0
188486,0.01
188492,0.05
188507,0.09
188511,0.01
188521,0.01
188540,0.1
188542,0.05
188551,0.06
188557,0.05
188558,0.07
188561,0.15
188563,0.04
188565,0.01
188577,0.05
188586,0.05
188591,0.17
188594,0.09
188614,0.01
188622,0.17
188626,0.01
188632,0.23
188635,0.13
188639,0.06
188645,0.48
188646,0.04
188647,0.06
188653,0.04
188659,0.01
188677,0.24
188694,0.02
188695,0.0
188696,0.01
188707,0.01
188714,0.04
188715,0.32
188722,0.07
188724,0.17
188729,0.02
188734,0.01
188739,0.31
188746,0.12
188747,0.05
188768,0.25
188770,0.1
188772,0.08
188787,0.07
188792,0.05
188793,0.03
188808,0.1
188828,0.06
188848,0.02
188851,0.06
188856,0.04
188862,0.03
188875,0.11
188876,0.57
188878,0.02
188880,0.0
188890,0.25
188900,0.12
188914,0.06
188928,0.07
188936,0.04
188946,0.02
188947,0.02
188948,0.04
188949,0.04
188950,0.03
188980,0.14
188982,0.11
188988,0.18
188990,0.06
188992,0.01
188993,0.06
188994,0.04
188997,0.1
188998,0.25
189009,0.01
189018,0.02
189022,0.06
189034,0.05
189045,0.01
189059,0.0
189062,0.18
189075,0.28
189086,0.03
189087,0.02
189107,0.2
189113,0.11
189144,0.0
189148,0.1
189199,0.12
189201,0.03
189202,0.03
189207,0.14
189213,0.04
189214,0.06
189224,0.01
189230,0.0
189251,0.04
189252,0.02
189255,0.04
189256,0.03
189257,0.03
189260,0.0
189261,0.1
189262,0.07
189263,0.21
189272,0.01
189282,0.0
189284,0.25
189294,0.14
189304,0.09
189314,0.13
189317,0.15
189333,0.02
189337,0.24
189347,0.02
189355,0.07
189357,0.1
189366,0.05
189374,0.05
189379,0.02
189388,0.12
189397,0.03
189418,0.37
189453,0.03
189458,0.05
189460,0.08
189481,0.03
189482,0.22
189483,0.13
189490,0.03
189491,0.05
189492,0.04
189511,0.04
189512,0.12
189518,0.2
189519,0.18
189531,0.08
189541,0.09
189550,0.0
189551,0.06
189559,0.06
189564,0.01
189573,0.03
189585,0.02
189587,0.08
189605,0.06
189612,0.06
189633,0.03
189640,0.04
189641,0.07
189643,0.01
189650,0.13
189652,0.05
189656,0.01
189661,0.13
189663,0.21
189684,0.07
189688,0.0
189711,0.17
189729,0.08
189747,0.12
189761,0.36
189773,0.06
189774,0.0
189779,0.21
189780,0.12
189796,0.04
189799,0.05
189800,0.02
189807,0.2
189808,0.04
189826,0.09
189836,0.07
189843,0.12
189845,0.03
189852,0.12
189853,0.42
189855,0.01
189866,0.07
189886,0.01
189888,0.04
189902,0.27
189907,0.09
189910,0.0
189922,0.0
189924,0.21
189933,0.01
189935,0.04
189939,0.01
189951,0.08
189965,0.07
189966,0.32
189977,0.08
189989,0.09
189990,0.1
190002,0.03
190006,0.32
190008,0.04
190009,0.14
190021,0.08
190058,0.14
190061,0.12
190069,0.05
190072,0.49
190078,0.05
190109,0.09
190112,0.31
190117,0.33
190132,0.0
190133,0.05
190153,0.17
190164,0.05
190167,0.0
190169,0.1
190179,0.15
190184,0.07
190188,0.03
190199,0.17
190200,0.09
190201,0.06
190227,0.04
190229,0.04
190245,0.12
190272,0.04
190274,0.26
190281,0.35
190282,0.09
190290,0.05
190299,0.14
190301,0.08
190304,0.01
190306,0.08
190311,0.17
190341,0.02
190354,0.01
190364,0.03
190368,0.07
190375,0.14
190383,0.02
190384,0.12
190387,0.04
190388,0.14
190392,0.29
190394,0.16
190405,0.15
190406,0.09
190412,0.0
190413,0.27
190431,0.05
190452,0.0
190454,0.09
190461,0.06
190475,0.04
190489,0.08
190507,0.05
190513,0.04
190515,0.34
190516,0.05
190522,0.03
190523,0.37
190526,0.06
190533,0.0
190537,0.19
190542,0.0
190545,0.03
190548,0.01
190555,0.15
190561,0.05
190562,0.04
190566,0.01
190581,0.1
190590,0.01
190591,0.09
190593,0.01
190612,0.02
190617,0.0
190618,0.01
190619,0.13
190643,0.03
190647,0.08
190663,0.0
190664,0.0
190678,0.07
190691,0.03
190697,0.1
190698,0.07
190701,0.61
190702,0.11
190713,0.06
190739,0.05
190744,0.06
190756,0.07
190767,0.01
190777,0.28
190808,0.03
190825,0.1
190830,0.1
190844,0.63
190855,0.21
190860,0.11
190861,0.02
190865,0.12
190884,0.06
190886,0.09
190887,0.1
190893,0.17
190899,0.12
190900,0.09
190901,0.03
190903,0.01
190909,0.02
190911,0.35
190916,0.13
190922,0.06
190926,0.02
190927,0.01
190929,0.0
190931,0.06
190948,0.06
190954,0.01
190957,0.08
190965,0.01
190978,0.1
190986,0.19
190990,0.02
190993,0.2
190998,0.04
190999,0.02
191028,0.04
191033,0.01
191042,0.3
191076,0.01
191114,0.22
191137,0.08
191138,0.08
191140,0.04
191141,0.01
191143,0.02
191145,0.03
191161,0.11
191167,0.02
191192,0.13
191199,0.02
191200,0.01
191205,0.05
191206,0.0
191214,0.06
191217,0.0
191222,0.03
191224,0.01
191232,0.45
191238,0.02
191243,0.03
191247,0.01
191250,0.05
191266,0.01
191278,0.05
191279,0.01
191282,0.12
191287,0.15
191290,0.19
191291,0.03
191296,0.09
191301,0.06
191304,0.06
191305,0.07
191306,0.27
191324,0.09
191359,0.03
191360,0.03
191362,0.04
191371,0.16
191379,0.09
191394,0.02
191413,0.6
191430,0.02
191435,0.01
191449,0.04
191452,0.0
191464,0.02
191465,0.0
191466,0.07
191469,0.02
191490,0.07
191494,0.08
191498,0.48
191506,0.11
191508,0.05
191509,0.02
191515,0.19
191524,0.07
191548,0.03
191562,0.04
191568,0.02
191596,0.03
191609,0.04
191619,0.03
191624,0.18
191628,0.01
191630,0.08
191648,0.37
191649,0.02
191654,0.03
191655,0.03
191659,0.21
191674,0.18
191675,0.02
191680,0.04
191681,0.02
191684,0.03
191686,0.01
191721,0.26
191722,0.06
191726,0.29
191727,0.09
191732,0.04
191735,0.01
191738,0.19
191745,0.13
191746,0.08
191751,0.07
191761,0.14
191772,0.0
191785,0.08
191794,0.05
191799,0.0
191806,0.11
191807,0.03
191809,0.06
191824,0.02
191826,0.03
191834,0.04
191837,0.15
191841,0.07
191845,0.0
191847,0.1
191850,0.02
191869,0.06
191873,0.07
191876,0.07
191878,0.41
191880,0.0
191881,0.13
191883,0.07
191898,0.01
191907,0.06
191910,0.01
191918,0.02
191920,0.1
191923,0.02
191942,0.03
191943,0.07
191951,0.11
191952,0.06
191958,0.02
191963,0.19
191971,0.09
191992,0.11
192000,0.1
192001,0.03
192008,0.03
192018,0.01
192029,0.11
192030,0.0
192031,0.01
192043,0.11
192045,0.06
192052,0.16
192056,0.0
192071,0.02
192082,0.09
192088,0.12
192103,0.08
192105,0.34
192119,0.0
192144,0.12
192151,0.01
192158,0.0
192163,0.04
192172,0.19
192176,0.13
192177,0.01
192212,0.01
192221,0.08
192223,0.02
192224,0.07
192238,0.0
192239,0.03
192252,0.61
192259,0.0
192268,0.15
192274,0.14
192276,0.06
192277,0.05
192289,0.01
192296,0.16
192308,0.1
192309,0.0
192315,0.06
192322,0.2
192324,0.14
192343,0.16
192345,0.0
192367,0.05
192375,0.11
192382,0.02
192389,0.03
192390,0.44
192391,0.07
192423,0.03
192427,0.11
192431,0.1
192433,0.01
192451,0.03
192453,0.05
192455,0.07
192468,0.03
192469,0.1
192474,0.02
192481,0.05
192482,0.03
192483,0.03
192486,0.14
192490,0.2
192491,0.11
192494,0.19
192507,0.02
192508,0.08
192509,0.13
192525,0.1
192526,0.01
192528,0.09
192535,0.04
192545,0.18
192548,0.18
192572,0.13
192594,0.09
192607,0.07
192625,0.07
192626,0.07
192631,0.02
192632,0.11
192636,0.01
192637,0.01
192655,0.11
192657,0.01
192674,0.08
192675,0.0
192680,0.28
192682,0.09
192686,0.15
192698,0.14
192703,0.0
192705,0.07
192717,0.01
192720,0.06
192721,0.08
192722,0.05
192728,0.01
192734,0.0
192739,0.18
192740,0.11
192752,0.01
192761,0.03
192770,0.0
192780,0.03
192782,0.02
192783,0.13
192789,0.1
192796,0.04
192800,0.01
192802,0.07
192811,0.12
192812,0.03
192815,0.03
192838,0.07
192861,0.05
192868,0.02
192872,0.01
192876,0.0
192877,0.02
192897,0.02
192898,0.01
192903,0.01
192904,0.1
192905,0.09
192911,0.06
192920,0.04
192921,0.08
192922,0.0
192942,0.06
192946,0.11
192963,0.05
192978,0.03
192979,0.31
192981,0.09
192991,0.02
192995,0.05
192998,0.03
193019,0.01
193027,0.0
193028,0.04
193032,0.03
193036,0.01
193044,0.07
193046,0.03
193049,0.02
193050,0.09
193054,0.02
193057,0.09
193060,0.33
193075,0.02
193088,0.03
193091,0.06
193112,0.08
193122,0.04
193123,0.21
193128,0.11
193133,0.03
193143,0.07
193150,0.06
193151,0.0
193160,0.11
193180,0.1
193198,0.0
193204,0.01
193207,0.0
193210,0.28
193225,0.01
193232,0.06
193248,0.06
193249,0.2
193262,0.18
193270,0.04
193273,0.09
193275,0.0
193286,0.07
193289,0.14
193290,0.06
193311,0.18
193321,0.03
193322,0.1
193340,0.03
193349,0.09
193368,0.09
193369,0.01
193375,0.04
193385,0.36
193389,0.03
193394,0.04
193396,0.04
193398,0.03
193402,0.05
193409,0.01
193421,0.05
193426,0.02
193430,0.07
193436,0.18
193437,0.06
193440,0.03
193441,0.14
193449,0.09
193462,0.04
193464,0.02
193468,0.01
193474,0.02
193475,0.17
193479,0.18
193484,0.22
193488,0.11
193496,0.02
193507,0.09
193510,0.0
193512,0.02
193514,0.02
193515,0.09
193516,0.04
193520,0.08
193522,0.13
193541,0.08
193545,0.01
193549,0.11
193554,0.15
193558,0.03
193568,0.1
193569,0.04
193579,0.04
193587,0.07
193589,0.01
193613,0.06
193642,0.23
193643,0.14
193647,0.02
193648,0.02
193663,0.11
193664,0.16
193665,0.03
193672,0.18
193675,0.17
193686,0.4
193692,0.31
193706,0.14
193725,0.0
193726,0.27
193727,0.09
193733,0.06
193738,0.13
193739,0.06
193745,0.19
193759,0.02
193767,0.16
193774,0.1
193776,0.01
193777,0.54
193787,0.09
193789,0.02
193793,0.09
193805,0.01
193808,0.0
193816,0.04
193817,0.05
193821,0.06
193831,0.31
193832,0.01
193874,0.06
193879,0.0
193882,0.01
193910,0.03
193915,0.03
193916,0.07
193921,0.12
193924,0.08
193926,0.01
193927,0.29
193949,0.02
193954,0.03
193966,0.11
193970,0.07
193971,0.1
193975,0.25
193980,0.01
193982,0.25
193983,0.18
193987,0.15
193997,0.06
194000,0.02
194013,0.18
194014,0.34
194026,0.07
194039,0.09
194042,0.11
194054,0.08
194057,0.12
194058,0.0
194068,0.03
194071,0.25
194073,0.0
194075,0.02
194093,0.02
194098,0.04
194105,0.03
194106,0.07
194110,0.03
194128,0.15
194137,0.13
194149,0.07
194150,0.17
194155,0.08
194157,0.19
194158,0.05
194164,0.04
194165,0.03
194166,0.1
194170,0.09
194171,0.02
194177,0.07
194187,0.01
194188,0.0
194213,0.03
194229,0.23
194230,0.24
194241,0.01
194243,0.02
194244,0.06
194276,0.02
194279,0.03
194280,0.05
194281,0.28
194291,0.05
194293,0.24
194306,0.06
194307,0.02
194308,0.04
194310,0.35
194314,0.03
194326,0.29
194330,0.02
194338,0.04
194366,0.01
194370,0.01
194371,0.06
194379,0.01
194382,0.12
194383,0.33
194395,0.38
194402,0.11
194406,0.04
194408,0.31
194413,0.14
194414,0.14
194419,0.04
194423,0.17
194424,0.11
194429,0.0
194436,0.19
194468,0.02
194469,0.02
194478,0.0
194480,0.19
194484,0.08
194505,0.03
194514,0.05
194516,0.08
194523,0.38
194526,0.0
194533,0.02
194534,0.04
194536,0.08
194548,0.02
194552,0.25
194558,0.16
194561,0.09
194563,0.06
194569,0.14
194581,0.27
194586,0.04
194590,0.02
194598,0.12
194600,0.22
194603,0.09
194604,0.06
194605,0.09
194607,0.15
194610,0.06
194620,0.01
194627,0.05
194650,0.13
194652,0.0
194659,0.0
194660,0.11
194662,0.07
194665,0.06
194675,0.02
194677,0.16
194679,0.02
194691,0.3
194696,0.06
194713,0.16
194716,0.05
194717,0.1
194725,0.05
194732,0.02
194737,0.02
194738,0.12
194769,0.03
194791,0.03
194802,0.15
194806,0.02
194810,0.04
194812,0.1
194813,0.08
194816,0.0
194827,0.27
194844,0.0
194856,0.19
194860,0.07
194866,0.08
194867,0.07
194877,0.37
194879,0.15
194880,0.03
194881,0.0
194887,0.02
194900,0.0
194906,0.08
194907,0.04
194908,0.03
194914,0.03
194934,0.14
194955,0.17
194956,0.07
194965,0.02
194966,0.06
194980,0.04
194985,0.12
194986,0.04
194995,0.04
194999,0.01
195000,0.08
195010,0.07
195013,0.15
195044,0.04
195048,0.02
195050,0.6
195051,0.13
195055,0.04
195070,0.11
195074,0.49
195075,0.01
195077,0.32
195081,0.02
195088,0.09
195089,0.02
195091,0.05
195096,0.08
195100,0.12
195103,0.19
195116,0.0
195117,0.14
195129,0.04
195151,0.03
195158,0.01
195164,0.09
195176,0.32
195186,0.05
195187,0.12
195198,0.07
195201,0.22
195207,0.02
195214,0.08
195215,0.12
195234,0.0
195235,0.11
195239,0.0
195240,0.01
195253,0.05
195255,0.0
195280,0.06
195291,0.0
195293,0.08
195300,0.06
195306,0.12
195307,0.15
195322,0.16
195326,0.2
195330,0.06
195341,0.03
195343,0.01
195367,0.0
195369,0.05
195371,0.08
195372,0.01
195389,0.07
195415,0.05
195435,0.08
195439,0.07
195440,0.01
195444,0.01
195447,0.05
195450,0.01
195451,0.1
195456,0.01
195457,0.05
195461,0.35
195462,0.2
195463,0.0
195466,0.04
195468,0.04
195469,0.04
195489,0.04
195495,0.09
195496,0.35
195504,0.09
195505,0.07
195506,0.16
195511,0.12
195518,0.0
195519,0.03
195529,0.03
195531,0.07
195546,0.02
195547,0.04
195552,0.08
195577,0.12
195579,0.02
195588,0.2
195597,0.07
195607,0.04
195617,0.0
195626,0.02
195632,0.37
195634,0.43
195635,0.07
195645,0.07
195648,0.04
195674,0.23
195691,0.02
195695,0.22
195703,0.07
195710,0.34
195711,0.04
195727,0.4
195729,0.0
195734,0.05
195739,0.06
195740,0.06
195746,0.15
195750,0.25
195769,0.39
195772,0.22
195785,0.03
195789,0.06
195793,0.03
195801,0.05
195803,0.07
195810,0.03
195818,0.12
195819,0.52
195823,0.18
195828,0.11
195836,0.04
195843,0.11
195858,0.03
195876,0.12
195890,0.23
195891,0.01
195900,0.0
195905,0.03
195910,0.05
195911,0.05
195912,0.1
195917,0.04
195918,0.01
195923,0.16
195937,0.13
195940,0.28
195945,0.02
195946,0.04
195948,0.06
195955,0.06
195957,0.06
195958,0.07
195959,0.14
195970,0.02
195974,0.0
195979,0.25
195990,0.09
196004,0.05
196007,0.23
196012,0.25
196019,0.18
196029,0.3
196034,0.02
196042,0.05
196066,0.13
196067,0.08
196071,0.1
196074,0.2
196075,0.04
196079,0.04
196080,0.09
196082,0.03
196083,0.15
196085,0.13
196115,0.07
196118,0.26
196128,0.04
196149,0.09
196150,0.08
196162,0.23
196194,0.17
196198,0.01
196204,0.04
196206,0.09
196210,0.39
196220,0.0
196221,0.01
196230,0.04
196236,0.09
196242,0.06
196256,0.08
196261,0.17
196274,0.03
196281,0.04
196303,0.01
196305,0.14
196322,0.02
196343,0.0
196346,0.05
196354,0.07
196357,0.12
196359,0.01
196360,0.08
196361,0.11
196364,0.35
196371,0.03
196375,0.04
196377,0.0
196378,0.04
196381,0.0
196384,0.06
196385,0.1
196388,0.24
196394,0.1
196400,0.31
196401,0.1
196404,0.05
196411,0.04
196436,0.12
196443,0.01
196444,0.26
196446,0.03
196475,0.09
196476,0.55
196486,0.02
196489,0.09
196492,0.02
196498,0.32
196500,0.03
196505,0.1
196507,0.04
196510,0.12
196514,0.05
196530,0.02
196544,0.0
196551,0.0
196578,0.04
196585,0.08
196587,0.23
196588,0.05
196594,0.07
196598,0.0
196605,0.01
196618,0.17
196619,0.16
196623,0.02
196624,0.0
196643,0.06
196649,0.02
196650,0.01
196656,0.01
196663,0.2
196667,0.14
196669,0.0
196681,0.19
196717,0.03
196726,0.06
196728,0.0
196729,0.12
196731,0.0
196736,0.01
196738,0.06
196745,0.06
196747,0.03
196748,0.03
196753,0.03
196757,0.03
196760,0.15
196777,0.27
196788,0.06
196799,0.06
196808,0.0
196819,0.09
196825,0.01
196826,0.01
196834,0.02
196841,0.18
196847,0.04
196849,0.04
196851,0.01
196867,0.03
196884,0.06
196889,0.08
196898,0.1
196901,0.01
196917,0.05
196930,0.14
196936,0.01
196956,0.0
196959,0.04
196962,0.04
196963,0.12
196971,0.2
196972,0.16
196977,0.02
196984,0.05
196985,0.48
197010,0.14
197029,0.09
197040,0.03
197058,0.23
197060,0.0
197064,0.29
197075,0.03
197083,0.04
197102,0.23
197103,0.17
197107,0.08
197129,0.15
197135,0.05
197140,0.01
197150,0.05
197152,0.03
197153,0.02
197154,0.01
197156,0.16
197166,0.02
197167,0.02
197177,0.1
197178,0.1
197187,0.14
197191,0.09
197205,0.1
197206,0.16
197219,0.23
197224,0.04
197245,0.17
197246,0.09
197273,0.26
197275,0.11
197278,0.18
197288,0.16
197290,0.03
197294,0.06
197295,0.02
197311,0.04
197314,0.06
197320,0.18
197321,0.08
197324,0.17
197327,0.04
197332,0.03
197333,0.28
197335,0.05
197348,0.0
197362,0.04
197363,0.08
197368,0.06
197378,0.02
197381,0.07
197384,0.01
197386,0.04
197393,0.24
197396,0.08
197400,0.08
197408,0.01
197412,0.02
197413,0.19
197415,0.11
197418,0.24
197427,0.01
197443,0.25
197448,0.01
197449,0.03
197470,0.0
197478,0.25
197482,0.24
197488,0.08
197491,0.05
197495,0.07
197498,0.03
197502,0.16
197507,0.13
197509,0.05
197510,0.08
197512,0.03
197513,0.07
197524,0.11
197525,0.18
197529,0.15
197533,0.01
197534,0.25
197540,0.04
197541,0.0
197559,0.01
197566,0.09
197582,0.03
197585,0.33
197587,0.25
197595,0.0
197598,0.07
197601,0.02
197603,0.05
197607,0.08
197611,0.09
197625,0.08
197631,0.08
197633,0.13
197638,0.09
197640,0.1
197644,0.01
197645,0.03
197646,0.04
197650,0.01
197657,0.02
197664,0.05
197668,0.02
197681,0.06
197682,0.08
197693,0.09
197695,0.11
197699,0.34
197709,0.04
197711,0.06
197715,0.0
197716,0.08
197722,0.11
197728,0.74
197729,0.03
197730,0.05
197744,0.03
197768,0.02
197770,0.0
197775,0.15
197788,0.0
197795,0.0
197806,0.07
197808,0.12
197812,0.07
197813,0.02
197822,0.02
197827,0.0
197828,0.17
197836,0.06
197857,0.06
197862,0.13
197872,0.03
197892,0.08
197903,0.05
197907,0.09
197908,0.02
197916,0.13
197921,0.04
197924,0.04
197930,0.25
197934,0.19
197942,0.02
197945,0.15
197958,0.0
197959,0.02
197967,0.06
197969,0.26
197978,0.18
197999,0.02
198001,0.08
198004,0.09
198007,0.01
198019,0.02
198020,0.05
198024,0.03
198026,0.08
198038,0.06
198044,0.02
198050,0.11
198054,0.21
198055,0.06
198082,0.09
198094,0.12
198095,0.04
198099,0.04
198101,0.06
198102,0.02
198114,0.13
198125,0.06
198127,0.02
198128,0.13
198137,0.03
198141,0.02
198142,0.02
198155,0.14
198179,0.05
198181,0.04
198184,0.02
198185,0.06
198186,0.0
198187,0.0
198193,0.06
198197,0.05
198209,0.0
198221,0.04
198225,0.01
198229,0.1
198237,0.0
198239,0.32
198247,0.1
198253,0.03
198272,0.01
198279,0.05
198282,0.02
198284,0.07
198285,0.02
198287,0.08
198294,0.04
198309,0.03
198312,0.23
198315,0.04
198323,0.06
198331,0.11
198333,0.39
198359,0.02
198370,0.03
198378,0.02
198379,0.15
198381,0.05
198383,0.01
198384,0.03
198385,0.0
198420,0.0
198421,0.4
198425,0.07
198427,0.33
198429,0.05
198437,0.17
198445,0.11
198452,0.0
198454,0.01
198487,0.03
198523,0.07
198528,0.2
198530,0.43
198539,0.0
198540,0.06
198547,0.0
198566,0.05
198568,0.01
198569,0.01
198595,0.0
198600,0.2
198614,0.0
198617,0.04
198619,0.21
198627,0.06
198640,0.01
198655,0.1
198664,0.19
198665,0.06
198666,0.2
198670,0.1
198673,0.18
198680,0.15
198689,0.03
198690,0.21
198702,0.01
198703,0.01
198704,0.11
198714,0.22
198715,0.42
198717,0.0
198718,0.02
198720,0.18
198721,0.0
198730,0.03
198739,0.2
198754,0.0
198761,0.17
198772,0.0
198774,0.05
198775,0.17
198779,0.0
198783,0.01
198790,0.03
198794,0.12
198798,0.25
198799,0.11
198802,0.04
198806,0.07
198847,0.02
198854,0.31
198858,0.1
198859,0.05
198865,0.01
198872,0.03
198874,0.07
198878,0.13
198883,0.09
198884,0.01
198891,0.0
198899,0.05
198907,0.01
198916,0.08
198917,0.28
198934,0.01
198937,0.01
198938,0.08
198941,0.19
198957,0.03
198966,0.17
198984,0.07
198997,0.03
199001,0.21
199003,0.25
199009,0.02
199011,0.0
199013,0.02
199015,0.02
199024,0.24
199026,0.0
199027,0.26
199029,0.19
199030,0.04
199041,0.07
199048,0.07
199057,0.05
199058,0.02
199062,0.22
199067,0.08
199070,0.03
199075,0.01
199076,0.04
199092,0.0
199096,0.03
199104,0.09
199114,0.03
199115,0.05
199117,0.06
199126,0.12
199131,0.03
199141,0.03
199145,0.03
199150,0.21
199151,0.03
199153,0.06
199166,0.04
199167,0.09
199177,0.12
199182,0.02
199183,0.08
199185,0.07
199212,0.01
199213,0.06
199222,0.11
199229,0.05
199230,0.02
199242,0.36
199243,0.04
199246,0.16
199247,0.05
199249,0.01
199262,0.04
199263,0.12
199275,0.05
199276,0.2
199287,0.05
199298,0.02
199304,0.27
199307,0.03
199311,0.02
199316,0.04
199320,0.12
199321,0.09
199325,0.03
199326,0.17
199327,0.2
199334,0.01
199344,0.18
199345,0.04
199352,0.09
199364,0.17
199378,0.0
199379,0.03
199387,0.0
199405,0.1
199418,0.37
199424,0.07
199425,0.0
199432,0.02
199433,0.05
199442,0.11
199446,0.07
199457,0.09
199458,0.06
199477,0.06
199522,0.2
199525,0.26
199533,0.21
199536,0.04
199537,0.02
199550,0.13
199560,0.1
199564,0.1
199575,0.06
199580,0.02
199586,0.05
199597,0.02
199598,0.04
199604,0.08
199608,0.13
199609,0.02
199616,0.06
199625,0.03
199648,0.39
199650,0.0
199655,0.0
199663,0.03
199670,0.01
199673,0.23
199685,0.13
199696,0.15
199703,0.04
199704,0.0
199706,0.04
199727,0.11
199740,0.13
199746,0.05
199764,0.16
199766,0.11
199785,0.01
199786,0.05
199795,0.06
199797,0.15
199803,0.34
199804,0.13
199810,0.13
199815,0.09
199822,0.06
199824,0.0
199828,0.19
199833,0.07
199840,0.14
199844,0.12
199846,0.01
199858,0.11
199862,0.05
199865,0.1
199866,0.07
199869,0.06
199870,0.0
199871,0.09
199878,0.02
199889,0.04
199891,0.06
199898,0.05
199903,0.01
199904,0.01
199924,0.22
199950,0.09
199954,0.08
199956,0.01
199962,0.15
199965,0.1
199971,0.06
199972,0.04
199988,0.15
199995,0.07
199997,0.01
199998,0.04
199999,0.06
200011,0.1
200012,0.05
200016,0.0
200019,0.03
200030,0.25
200031,0.02
200032,0.11
200038,0.03
200043,0.04
200044,0.13
200045,0.2
200053,0.03
200057,0.01
200061,0.06
200064,0.08
200071,0.1
200084,0.11
200085,0.06
200086,0.06
200093,0.06
200095,0.15
200105,0.07
200111,0.03
200116,0.46
200125,0.2
200126,0.01
200157,0.36
200173,0.08
200181,0.0
200185,0.0
200187,0.01
200193,0.01
200200,0.1
200202,0.03
200206,0.11
200207,0.0
200216,0.1
200229,0.1
200234,0.0
200241,0.07
200244,0.03
200258,0.14
200262,0.18
200268,0.45
200277,0.04
200286,0.01
200293,0.12
200299,0.23
200306,0.07
200335,0.04
200358,0.05
200366,0.06
200367,0.04
200370,0.01
200373,0.47
200374,0.05
200383,0.13
200387,0.06
200390,0.22
200391,0.0
200421,0.17
200437,0.01
200442,0.04
200447,0.01
200460,0.06
200463,0.09
200467,0.2
200487,0.01
200488,0.09
200490,0.08
200493,0.08
200494,0.05
200501,0.03
200506,0.02
200516,0.01
200518,0.06
200520,0.1
200523,0.02
200524,0.1
200525,0.16
200534,0.03
200538,0.0
200552,0.18
200556,0.03
200557,0.21
200567,0.05
200568,0.02
200570,0.03
200572,0.06
200576,0.02
200585,0.03
200587,0.17
200588,0.08
200593,0.14
200594,0.17
200595,0.03
200603,0.34
200615,0.14
200624,0.08
200631,0.3
200632,0.0
200636,0.09
200638,0.01
200641,0.03
200650,0.1
200653,0.07
200657,0.08
200668,0.0
200669,0.03
200670,0.1
200676,0.02
200697,0.03
200710,0.15
200720,0.02
200729,0.03
200749,0.1
200753,0.15
200755,0.13
200756,0.09
200757,0.0
200768,0.38
200776,0.0
200799,0.17
200801,0.02
200810,0.07
200823,0.05
200832,0.3
200836,0.03
200838,0.02
200864,0.1
200867,0.03
200869,0.01
200873,0.23
200876,0.06
200881,0.09
200883,0.03
200890,0.04
200895,0.13
200897,0.02
200899,0.12
200900,0.05
200907,0.04
200912,0.04
200926,0.07
200930,0.13
200971,0.0
200974,0.02
200979,0.03
200998,0.12
201008,0.09
201018,0.19
201026,0.02
201043,0.08
201049,0.01
201050,0.1
201061,0.17
201062,0.06
201072,0.07
201076,0.31
201077,0.05
201081,0.02
201084,0.03
201089,0.14
201092,0.04
201109,0.01
201110,0.2
201116,0.0
201122,0.04
201135,0.07
201143,0.07
201153,0.0
201159,0.16
201165,0.0
201187,0.05
201197,0.04
201218,0.18
201219,0.18
201231,0.05
201234,0.07
201243,0.01
201246,0.05
201254,0.01
201256,0.12
201262,0.52
201263,0.1
201272,0.21
201273,0.01
201281,0.18
201290,0.09
201294,0.0
201296,0.01
201320,0.1
201332,0.02
201342,0.24
201343,0.03
201347,0.02
201350,0.01
201351,0.04
201362,0.3
201363,0.02
201368,0.13
201373,0.05
201375,0.04
201378,0.06
201386,0.03
201387,0.01
201390,0.13
201393,0.07
201409,0.13
201442,0.1
201444,0.1
201447,0.04
201451,0.03
201474,0.1
201481,0.0
201491,0.02
201498,0.02
201499,0.14
201501,0.09
201502,0.07
201516,0.01
201517,0.05
201524,0.03
201526,0.13
201528,0.03
201532,0.02
201543,0.2
201544,0.06
201546,0.09
201552,0.01
201554,0.06
201556,0.05
201557,0.03
201559,0.31
201575,0.11
201592,0.04
201593,0.04
201600,0.03
201630,0.13
201631,0.06
201635,0.02
201638,0.07
201642,0.0
201645,0.06
201660,0.01
201663,0.11
201665,0.0
201674,0.05
201675,0.0
201677,0.41
201688,0.04
201698,0.01
201706,0.03
201709,0.0
201710,0.16
201718,0.03
201720,0.35
201727,0.15
201730,0.0
201732,0.04
201733,0.03
201736,0.07
201738,0.03
201744,0.08
201747,0.09
201751,0.13
201766,0.08
201777,0.03
201778,0.11
201785,0.35
201804,0.02
201808,0.04
201813,0.44
201815,0.0
201820,0.03
201825,0.02
201830,0.0
201838,0.01
201839,0.13
201845,0.07
201849,0.0
201850,0.02
201853,0.02
201856,0.0
201873,0.04
201875,0.05
201906,0.18
201907,0.04
201908,0.04
201909,0.01
201911,0.01
201927,0.02
201928,0.11
201937,0.03
201943,0.01
201946,0.01
201948,0.19
201949,0.13
201955,0.03
201962,0.01
201977,0.01
201996,0.07
201997,0.12
202004,0.29
202005,0.0
202006,0.09
202010,0.21
202020,0.06
202029,0.18
202033,0.0
202034,0.03
202040,0.04
202045,0.0
202048,0.01
202055,0.13
202058,0.01
202062,0.1
202073,0.14
202078,0.42
202079,0.19
202080,0.01
202085,0.19
202090,0.02
202092,0.22
202114,0.05
202124,0.06
202133,0.1
202136,0.07
202150,0.03
202156,0.0
202159,0.01
202165,0.1
202167,0.07
202168,0.03
202169,0.2
202170,0.07
202204,0.02
202209,0.03
202216,0.07
202220,0.07
202228,0.01
202229,0.04
202231,0.09
202232,0.05
202234,0.25
202252,0.15
202253,0.21
202272,0.02
202273,0.07
202292,0.0
202300,0.01
202302,0.0
202311,0.05
202316,0.04
202318,0.18
202324,0.02
202343,0.03
202344,0.06
202349,0.02
202351,0.16
202355,0.01
202379,0.08
202407,0.08
202409,0.01
202410,0.05
202422,0.04
202423,0.16
202435,0.16
202437,0.14
202438,0.02
202439,0.06
202441,0.14
202444,0.04
202446,0.11
202450,0.02
202455,0.04
202457,0.02
202461,0.07
202463,0.04
202473,0.01
202478,0.05
202484,0.12
202490,0.0
202491,0.05
202492,0.23
202497,0.18
202508,0.12
202509,0.16
202510,0.01
202511,0.03
202514,0.0
202524,0.08
202527,0.05
202547,0.09
202554,0.04
202557,0.15
202568,0.13
202573,0.05
202587,0.04
202599,0.0
202610,0.21
202613,0.05
202618,0.29
202621,0.01
202645,0.04
202646,0.01
202649,0.01
202653,0.04
202655,0.08
202656,0.09
202659,0.04
202661,0.09
202681,0.04
202688,0.05
202691,0.02
202692,0.03
202697,0.27
202698,0.08
202717,0.03
202720,0.02
202724,0.06
202725,0.18
202734,0.24
202740,0.02
202743,0.07
202746,0.02
202760,0.15
202761,0.01
202765,0.09
202769,0.14
202785,0.0
202793,0.03
202796,0.11
202805,0.01
202816,0.1
202823,0.29
202825,0.03
202829,0.03
202830,0.12
202848,0.1
202861,0.02
202862,0.56
202863,0.05
202879,0.16
202889,0.02
202894,0.29
202895,0.06
202897,0.03
202899,0.09
202900,0.08
202907,0.02
202927,0.14
202945,0.04
202951,0.15
202955,0.02
202960,0.01
202967,0.05
202972,0.21
202982,0.16
202993,0.0
202996,0.0
202998,0.05
203008,0.13
203026,0.17
203038,0.04
203044,0.03
203054,0.07
203070,0.24
203075,0.07
203082,0.02
203089,0.05
203090,0.0
203098,0.11
203108,0.26
203109,0.1
203113,0.01
203123,0.02
203124,0.0
203128,0.05
203129,0.34
203131,0.17
203142,0.1
203154,0.07
203175,0.09
203176,0.08
203183,0.09
203185,0.04
203195,0.05
203201,0.04
203205,0.14
203218,0.04
203241,0.01
203244,0.09
203245,0.03
203253,0.36
203259,0.03
203264,0.06
203276,0.1
203283,0.01
203286,0.0
203288,0.24
203290,0.04
203298,0.62
203300,0.01
203312,0.12
203318,0.13
203331,0.05
203337,0.0
203339,0.16
203344,0.01
203348,0.02
203349,0.03
203350,0.02
203358,0.2
203366,0.1
203371,0.03
203377,0.17
203399,0.15
203402,0.06
203407,0.32
203410,0.02
203421,0.13
203428,0.05
203431,0.08
203433,0.03
203459,0.07
203460,0.28
203462,0.24
203470,0.0
203475,0.31
203476,0.02
203496,0.32
203518,0.0
203547,0.08
203549,0.04
203550,0.02
203552,0.0
203561,0.14
203564,0.16
203567,0.05
203575,0.07
203590,0.08
203591,0.0
203605,0.23
203606,0.0
203640,0.03
203643,0.3
203647,0.06
203648,0.02
203669,0.04
203671,0.02
203692,0.05
203695,0.01
203706,0.0
203713,0.05
203730,0.24
203736,0.08
203745,0.21
203751,0.08
203753,0.07
203755,0.0
203762,0.04
203769,0.06
203774,0.02
203796,0.07
203799,0.05
203806,0.0
203807,0.13
203810,0.03
203816,0.16
203821,0.29
203822,0.01
203850,0.07
203854,0.02
203862,0.2
203868,0.07
203869,0.02
203870,0.01
203876,0.03
203878,0.09
203889,0.08
203897,0.01
203905,0.16
203914,0.04
203915,0.03
203950,0.08
203956,0.03
203957,0.06
203973,0.09
203975,0.01
203980,0.03
203997,0.19
204001,0.03
204008,0.02
204017,0.05
204020,0.14
204021,0.03
204026,0.02
204027,0.05
204043,0.0
204047,0.0
204055,0.01
204059,0.03
204060,0.02
204061,0.03
204073,0.09
204076,0.17
204086,0.27
204088,0.13
204102,0.08
204116,0.06
204117,0.06
204121,0.12
204129,0.0
204139,0.33
204148,0.01
204149,0.05
204175,0.03
204181,0.25
204183,0.17
204187,0.06
204193,0.16
204194,0.11
204195,0.01
204196,0.02
204202,0.08
204206,0.0
204207,0.19
204214,0.04
204222,0.04
204226,0.06
204227,0.05
204228,0.0
204231,0.09
204232,0.08
204235,0.24
204237,0.09
204239,0.14
204242,0.01
204254,0.01
204255,0.0
204259,0.02
204268,0.01
204280,0.0
204282,0.06
204307,0.01
204314,0.06
204318,0.05
204321,0.02
204330,0.01
204335,0.12
204339,0.1
204344,0.03
204350,0.26
204371,0.02
204372,0.0
204374,0.06
204383,0.16
204392,0.17
204403,0.01
204409,0.03
204416,0.03
204417,0.04
204437,0.27
204440,0.01
204445,0.02
204446,0.2
204449,0.29
204468,0.03
204504,0.08
204506,0.06
204536,0.01
204539,0.3
204601,0.06
204614,0.0
204616,0.26
204618,0.02
204623,0.05
204630,0.01
204636,0.05
204639,0.07
204642,0.07
204644,0.02
204648,0.14
204662,0.01
204673,0.02
204674,0.02
204681,0.01
204682,0.08
204683,0.03
204689,0.1
204690,0.05
204707,0.14
204728,0.1
204736,0.33
204740,0.07
204749,0.16
204756,0.17
204771,0.09
204778,0.01
204808,0.06
204822,0.07
204827,0.13
204831,0.03
204836,0.0
204837,0.04
204843,0.08
204846,0.03
204847,0.0
204850,0.13
204852,0.02
204854,0.02
204856,0.04
204857,0.05
204863,0.08
204870,0.0
204885,0.04
204895,0.03
204905,0.04
204911,0.11
204927,0.09
204929,0.04
204941,0.01
204959,0.13
204962,0.19
204965,0.2
204970,0.25
204971,0.02
204972,0.16
205000,0.28
205011,0.0
205013,0.0
205014,0.33
205019,0.05
205043,0.13
205045,0.08
205054,0.05
205066,0.02
205069,0.12
205070,0.05
205071,0.03
205073,0.06
205077,0.14
205078,0.02
205088,0.03
205104,0.04
205107,0.0
205117,0.05
205118,0.05
205128,0.07
205134,0.01
205140,0.01
205141,0.3
205142,0.04
205153,0.26
205158,0.13
205169,0.06
205170,0.03
205183,0.01
205184,0.12
205197,0.1
205199,0.08
205204,0.0
205208,0.05
205209,0.08
205210,0.04
205216,0.07
205219,0.22
205222,0.01
205225,0.0
205235,0.08
205236,0.03
205241,0.02
205244,0.04
205251,0.2
205252,0.08
205258,0.0
205262,0.04
205264,0.03
205274,0.18
205277,0.03
205281,0.06
205306,0.03
205307,0.0
205323,0.08
205336,0.12
205337,0.16
205360,0.09
205363,0.07
205365,0.06
205367,0.09
205368,0.02
205375,0.05
205403,0.06
205411,0.01
205415,0.04
205429,0.02
205434,0.17
205445,0.01
205463,0.01
205471,0.09
205472,0.09
205479,0.1
205480,0.03
205493,0.42
205503,0.09
205508,0.07
205524,0.08
205525,0.02
205526,0.06
205533,0.05
205542,0.0
205545,0.13
205552,0.12
205561,0.02
205563,0.02
205564,0.02
205565,0.1
205566,0.01
205569,0.11
205579,0.03
205585,0.26
205587,0.0
205588,0.02
205591,0.09
205594,0.08
205600,0.01
205608,0.11
205613,0.02
205618,0.05
205619,0.02
205623,0.0
205627,0.56
205628,0.28
205635,0.06
205638,0.01
205640,0.12
205641,0.23
205642,0.25
205643,0.1
205646,0.06
205655,0.33
205672,0.03
205678,0.07
205681,0.03
205682,0.03
205690,0.0
205693,0.01
205695,0.01
205724,0.01
205738,0.02
205741,0.07
205744,0.0
205750,0.14
205751,0.11
205752,0.03
205766,0.03
205773,0.23
205775,0.07
205776,0.05
205789,0.07
205793,0.0
205797,0.03
205798,0.01
205802,0.0
205806,0.14
205807,0.09
205815,0.09
205819,0.02
205821,0.04
205822,0.09
205831,0.07
205832,0.02
205836,0.09
205843,0.19
205862,0.07
205863,0.15
205866,0.06
205873,0.03
205877,0.02
205879,0.0
205880,0.04
205886,0.11
205898,0.15
205903,0.06
205907,0.05
205908,0.13
205909,0.08
205930,0.07
205931,0.08
205932,0.04
205951,0.08
205957,0.25
205960,0.07
205987,0.21
205994,0.43
205995,0.09
206006,0.13
206007,0.02
206013,0.06
206020,0.04
206030,0.01
206035,0.0
206038,0.02
206039,0.04
206061,0.02
206066,0.15
206068,0.02
206071,0.29
206076,0.35
206077,0.04
206091,0.02
206097,0.16
206101,0.1
206145,0.08
206147,0.0
206163,0.03
206171,0.02
206173,0.11
206174,0.11
206197,0.02
206198,0.04
206209,0.17
206211,0.04
206213,0.0
206246,0.22
206252,0.04
206253,0.13
206254,0.07
206257,0.09
206270,0.07
206283,0.0
206290,0.09
206291,0.06
206292,0.28
206307,0.02
206315,0.0
206319,0.15
206324,0.21
206326,0.54
206338,0.1
206339,0.01
206354,0.03
206359,0.01
206374,0.04
206377,0.0
206395,0.28
206403,0.12
206410,0.19
206413,0.02
206414,0.17
206418,0.03
206424,0.01
206427,0.03
206428,0.04
206429,0.08
206430,0.05
206447,0.02
206451,0.11
206465,0.32
206477,0.01
206484,0.14
206497,0.01
206517,0.09
206533,0.0
206542,0.26
206557,0.02
206563,0.02
206564,0.12
206565,0.01
206582,0.08
206593,0.08
206605,0.28
206606,0.04
206621,0.1
206639,0.03
206640,0.0
206641,0.02
206645,0.15
206656,0.02
206666,0.17
206679,0.24
206681,0.03
206684,0.05
206686,0.01
206687,0.01
206697,0.05
206700,0.1
206702,0.03
206703,0.01
206708,0.0
206710,0.0
206721,0.16
206723,0.13
206735,0.08
206739,0.1
206742,0.07
206744,0.08
206747,0.15
206752,0.04
206774,0.1
206776,0.11
206792,0.17
206799,0.21
206805,0.06
206806,0.11
206809,0.11
206812,0.44
206814,0.04
206830,0.02
206831,0.01
206878,0.14
206905,0.0
206908,0.06
206910,0.15
206917,0.02
206920,0.11
206927,0.04
206933,0.09
206945,0.0
206968,0.03
206987,0.08
206989,0.0
207017,0.11
207027,0.13
207029,0.0
207030,0.09
207035,0.16
207040,0.12
207043,0.01
207054,0.03
207055,0.01
207059,0.03
207060,0.09
207062,0.0
207071,0.01
207073,0.43
207079,0.02
207100,0.02
207107,0.01
207129,0.11
207132,0.07
207139,0.01
207148,0.24
207153,0.13
207163,0.37
207164,0.07
207168,0.09
207171,0.0
207173,0.14
207174,0.0
207181,0.0
207182,0.2
207198,0.08
207201,0.0
207213,0.29
207234,0.19
207238,0.15
207256,0.11
207257,0.03
207264,0.19
207268,0.16
207275,0.15
207291,0.03
207296,0.06
207304,0.04
207308,0.08
207314,0.01
207324,0.07
207332,0.06
207333,0.13
207339,0.28
207349,0.17
207351,0.03
207359,0.15
207361,0.0
207365,0.04
207369,0.02
207372,0.12
207377,0.02
207380,0.02
207394,0.04
207412,0.09
207423,0.01
207426,0.02
207427,0.45
207428,0.02
207430,0.45
207437,0.35
207440,0.1
207455,0.01
207456,0.01
207471,0.17
207476,0.07
207483,0.17
207497,0.12
207506,0.06
207515,0.17
207529,0.06
207533,0.23
207534,0.02
207541,0.12
207560,0.05
207561,0.34
207570,0.01
207600,0.12
207630,0.4
207633,0.2
207634,0.01
207635,0.04
207660,0.09
207682,0.01
207684,0.1
207687,0.18
207706,0.01
207708,0.11
207713,0.02
207714,0.01
207718,0.13
207721,0.02
207724,0.03
207727,0.07
207731,0.05
207732,0.08
207734,0.05
207739,0.09
207744,0.08
207787,0.19
207792,0.03
207801,0.0
207811,0.03
207817,0.06
207818,0.1
207819,0.02
207830,0.0
207834,0.17
207841,0.68
207844,0.01
207849,0.15
207856,0.04
207865,0.08
207867,0.01
207873,0.01
207882,0.23
207887,0.0
207888,0.06
207889,0.02
207907,0.0
207921,0.09
207922,0.01
207928,0.09
207930,0.2
207940,0.08
207941,0.16
207956,0.02
207960,0.01
207961,0.08
207968,0.06
207971,0.05
207972,0.15
207975,0.03
207976,0.35
207979,0.14
207997,0.03
207999,0.22
208008,0.15
208027,0.28
208030,0.0
208033,0.1
208035,0.06
208040,0.02
208052,0.11
208067,0.0
208090,0.01
208100,0.02
208102,0.08
208110,0.1
208117,0.0
208119,0.04
208123,0.28
208127,0.44
208136,0.02
208139,0.02
208140,0.0
208144,0.01
208149,0.19
208156,0.1
208166,0.15
208168,0.09
208170,0.23
208172,0.22
208178,0.34
208193,0.01
208195,0.05
208211,0.01
208213,0.17
208229,0.05
208231,0.31
208235,0.0
208238,0.04
208240,0.13
208249,0.04
208262,0.09
208263,0.1
208270,0.22
208288,0.07
208292,0.06
208302,0.03
208303,0.22
208312,0.0
208317,0.07
208322,0.02
208331,0.11
208336,0.06
208337,0.11
208339,0.06
208346,0.52
208353,0.01
208358,0.01
208359,0.04
208360,0.03
208370,0.04
208373,0.01
208390,0.04
208391,0.17
208394,0.04
208396,0.02
208397,0.01
208398,0.03
208400,0.05
208410,0.08
208420,0.03
208421,0.2
208431,0.09
208450,0.05
208451,0.44
208455,0.1
208478,0.08
208479,0.02
208482,0.04
208502,0.06
208516,0.0
208518,0.0
208534,0.21
208550,0.01
208551,0.03
208566,0.03
208567,0.08
208575,0.07
208576,0.02
208588,0.07
208590,0.03
208595,0.02
208619,0.08
208620,0.1
208627,0.21
208629,0.08
208642,0.02
208645,0.07
208661,0.07
208662,0.03
208679,0.32
208681,0.04
208689,0.08
208696,0.03
208701,0.05
208707,0.13
208719,0.0
208720,0.07
208730,0.05
208748,0.02
208753,0.07
208755,0.14
208769,0.06
208775,0.01
208785,0.02
208796,0.01
208806,0.01
208815,0.07
208830,0.04
208833,0.18
208837,0.05
208842,0.0
208860,0.0
208874,0.17
208886,0.02
208897,0.04
208898,0.19
208905,0.37
208907,0.0
208924,0.21
208925,0.11
208933,0.02
208941,0.06
208948,0.04
208960,0.01
208962,0.01
208963,0.04
208965,0.03
208973,0.02
208974,0.29
208986,0.04
208992,0.01
208995,0.22
209001,0.02
209006,0.04
209012,0.07
209022,0.04
209055,0.68
209056,0.07
209057,0.06
209060,0.12
209067,0.05
209071,0.01
209078,0.01
209080,0.09
209094,0.0
209097,0.18
209098,0.07
209101,0.03
209108,0.01
209109,0.04
209111,0.05
209116,0.22
209117,0.13
209121,0.01
209126,0.01
209127,0.14
209141,0.2
209142,0.05
209159,0.08
209164,0.22
209168,0.29
209177,0.06
209197,0.03
209202,0.17
209209,0.0
209211,0.01
209233,0.08
209234,0.08
209253,0.12
209260,0.0
209263,0.13
209268,0.02
209275,0.05
209288,0.05
209298,0.17
209305,0.06
209326,0.24
209340,0.33
209352,0.09
209362,0.03
209367,0.13
209369,0.08
209377,0.04
209387,0.01
209392,0.08
209393,0.06
209420,0.02
209423,0.04
209457,0.08
209458,0.12
209470,0.11
209479,0.05
209483,0.27
209488,0.28
209489,0.12
209497,0.0
209504,0.05
209510,0.03
209513,0.03
209547,0.01
209549,0.05
209556,0.07
209561,0.37
209565,0.31
209591,0.21
209595,0.09
209596,0.17
209608,0.17
209628,0.0
209643,0.07
209645,0.26
209651,0.0
209659,0.07
209660,0.21
209661,0.4
209665,0.11
209682,0.0
209687,0.1
209689,0.04
209699,0.03
209705,0.05
209707,0.07
209713,0.1
209717,0.05
209718,0.13
209723,0.25
209727,0.06
209729,0.03
209739,0.02
209741,0.14
209744,0.1
209748,0.09
209749,0.06
209758,0.02
209761,0.02
209764,0.02
209772,0.03
209773,0.05
209794,0.02
209795,0.1
209814,0.0
209828,0.15
209838,0.16
209839,0.2
209845,0.56
209855,0.05
209862,0.02
209869,0.03
209872,0.02
209879,0.09
209881,0.16
209882,0.06
209893,0.01
209913,0.05
209918,0.02
209920,0.03
209921,0.02
209929,0.03
209943,0.04
209957,0.01
209960,0.06
209962,0.07
209969,0.11
209980,0.19
209986,0.03
209989,0.17
209990,0.22
209991,0.01
210007,0.04
210016,0.05
210018,0.03
210019,0.01
210020,0.05
210036,0.03
210050,0.04
210080,0.04
210084,0.04
210089,0.49
210104,0.05
210129,0.02
210135,0.01
210137,0.38
210140,0.1
210145,0.05
210146,0.09
210147,0.01
210152,0.0
210157,0.1
210158,0.15
210164,0.01
210170,0.04
210171,0.04
210173,0.16
210174,0.28
210176,0.06
210190,0.02
210191,0.09
210195,0.19
210196,0.02
210201,0.03
210211,0.1
210231,0.08
210239,0.07
210241,0.07
210242,0.13
210255,0.02
210278,0.37
210283,0.0
210284,0.05
210304,0.0
210307,0.02
210330,0.03
210332,0.1
210350,0.65
210379,0.03
210385,0.07
210401,0.08
210405,0.06
210413,0.51
210414,0.05
210415,0.02
210419,0.12
210429,0.03
210467,0.27
210481,0.1
210482,0.05
210492,0.06
210502,0.24
210523,0.02
210525,0.21
210529,0.09
210538,0.02
210543,0.02
210549,0.03
210551,0.07
210555,0.05
210558,0.01
210591,0.03
210597,0.46
210599,0.02
210610,0.07
210616,0.02
210618,0.02
210622,0.21
210639,0.03
210645,0.02
210650,0.0
210672,0.0
210676,0.13
210683,0.18
210697,0.22
210701,0.08
210706,0.13
210712,0.01
210717,0.02
210728,0.02
210729,0.02
210730,0.07
210731,0.09
210733,0.11
210735,0.04
210742,0.05
210748,0.0
210749,0.22
210758,0.09
210767,0.01
210769,0.06
210777,0.08
210789,0.04
210791,0.18
210794,0.01
210811,0.03
210814,0.08
210821,0.04
210833,0.07
210835,0.12
210859,0.02
210862,0.06
210870,0.02
210886,0.03
210893,0.02
210901,0.06
210906,0.23
210913,0.03
210953,0.07
210961,0.12
210962,0.13
210966,0.12
210983,0.08
211000,0.26
211025,0.05
211036,0.0
211043,0.05
211062,0.17
211076,0.01
211085,0.01
211096,0.03
211097,0.28
211098,0.26
211103,0.01
211108,0.03
211131,0.25
211135,0.27
211139,0.0
211146,0.04
211150,0.02
211158,0.18
211170,0.32
211177,0.08
211183,0.02
211187,0.06
211191,0.0
211194,0.26
211196,0.2
211203,0.01
211209,0.28
211210,0.07
211211,0.06
211232,0.13
211244,0.04
211263,0.05
211264,0.18
211270,0.17
211278,0.0
211292,0.09
211293,0.06
211295,0.2
211296,0.08
211308,0.06
211310,0.04
211312,0.44
211325,0.02
211326,0.17
211330,0.06
211333,0.18
211341,0.01
211342,0.0
211350,0.04
211355,0.2
211357,0.07
211358,0.08
211362,0.12
211377,0.0
211378,0.08
211379,0.18
211384,0.03
211395,0.14
211398,0.03
211399,0.04
211417,0.0
211419,0.09
211420,0.06
211439,0.13
211442,0.1
211451,0.03
211457,0.01
211469,0.01
211483,0.03
211505,0.14
211508,0.01
211509,0.14
211510,0.18
211526,0.03
211547,0.1
211548,0.11
211550,0.03
211551,0.13
211553,0.32
211562,0.07
211563,0.03
211564,0.07
211565,0.08
211571,0.1
211572,0.27
211577,0.03
211580,0.09
211609,0.0
211625,0.02
211635,0.22
211646,0.06
211660,0.15
211670,0.06
211672,0.02
211688,0.07
211694,0.02
211696,0.05
211711,0.25
211718,0.01
211732,0.01
211735,0.06
211736,0.02
211740,0.08
211741,0.0
211746,0.01
211751,0.09
211754,0.17
211770,0.07
211771,0.1
211787,0.27
211788,0.14
211802,0.12
211804,0.08
211810,0.05
211832,0.01
211839,0.06
211860,0.04
211863,0.25
211866,0.05
211869,0.07
211872,0.0
211894,0.04
211901,0.01
211902,0.13
211903,0.31
211946,0.0
211950,0.02
211959,0.04
211964,0.05
211965,0.12
211979,0.02
211983,0.04
211986,0.0
211987,0.0
211988,0.03
211999,0.0
212002,0.06
212004,0.05
212009,0.03
212015,0.04
212023,0.04
212048,0.03
212055,0.01
212067,0.0
212079,0.01
212080,0.02
212083,0.0
212085,0.08
212088,0.0
212089,0.0
212092,0.0
212097,0.02
212124,0.05
212132,0.0
212136,0.02
212144,0.08
212145,0.02
212167,0.01
212174,0.22
212175,0.06
212187,0.32
212191,0.03
212194,0.14
212238,0.06
212242,0.03
212245,0.13
212258,0.01
212262,0.06
212277,0.05
212283,0.01
212287,0.05
212288,0.03
212289,0.02
212293,0.01
212296,0.14
212300,0.15
212303,0.05
212326,0.09
212327,0.04
212328,0.11
212329,0.01
212339,0.25
212340,0.0
212343,0.12
212360,0.07
212389,0.18
212401,0.07
212407,0.0
212409,0.09
212422,0.03
212424,0.11
212440,0.03
212441,0.08
212443,0.12
212448,0.05
212472,0.12
212478,0.18
212481,0.01
212493,0.07
212508,0.08
212511,0.03
212525,0.02
212531,0.05
212533,0.01
212555,0.05
212592,0.09
212610,0.01
212621,0.16
212629,0.01
212635,0.05
212636,0.04
212637,0.02
212643,0.06
212648,0.08
212654,0.18
212655,0.06
212660,0.12
212661,0.1
212664,0.06
212669,0.02
212670,0.09
212674,0.22
212676,0.28
212690,0.05
212691,0.08
212696,0.02
212710,0.06
212712,0.0
212716,0.05
212718,0.2
212720,0.05
212723,0.0
212730,0.0
212740,0.03
212747,0.04
212763,0.14
212773,0.04
212775,0.0
212776,0.06
212777,0.2
212781,0.01
212782,0.2
212785,0.0
212786,0.04
212795,0.06
212800,0.1
212818,0.06
212834,0.1
212837,0.11
212841,0.1
212842,0.07
212847,0.15
212848,0.0
212851,0.02
212865,0.0
212866,0.0
212874,0.18
212880,0.03
212894,0.04
212897,0.05
212912,0.01
212913,0.0
212916,0.02
212917,0.02
212933,0.17
212935,0.11
212936,0.18
212950,0.05
212957,0.11
212958,0.08
212961,0.38
212962,0.04
212963,0.07
212964,0.17
212968,0.09
212969,0.03
212976,0.01
212978,0.02
212983,0.2
212993,0.25
213004,0.0
213008,0.01
213014,0.03
213018,0.04
213021,0.01
213024,0.1
213045,0.22
213054,0.02
213059,0.03
213076,0.03
213095,0.01
213096,0.05
213100,0.03
213101,0.0
213109,0.32
213111,0.02
213116,0.0
213133,0.18
213140,0.02
213141,0.05
213143,0.52
213150,0.02
213152,0.15
213158,0.1
213159,0.03
213166,0.03
213167,0.23
213170,0.09
213178,0.02
213179,0.02
213189,0.01
213196,0.12
213201,0.0
213203,0.07
213204,0.19
213205,0.02
213206,0.1
213207,0.13
213208,0.06
213212,0.0
213214,0.02
213220,0.08
213240,0.06
213244,0.1
213263,0.17
213264,0.18
213265,0.01
213270,0.05
213283,0.11
213287,0.02
213292,0.07
213295,0.03
213299,0.08
213303,0.11
213307,0.07
213308,0.05
213312,0.28
213313,0.16
213316,0.01
213317,0.09
213338,0.09
213357,0.12
213368,0.19
213374,0.0
213375,0.05
213386,0.09
213390,0.05
213393,0.01
213401,0.16
213423,0.07
213430,0.04
213431,0.04
213447,0.04
213465,0.01
213468,0.15
213473,0.07
213475,0.25
213476,0.28
213482,0.0
213493,0.03
213531,0.02
213534,0.02
213542,0.04
213546,0.08
213569,0.03
213570,0.17
213588,0.06
213591,0.01
213595,0.04
213597,0.01
213598,0.03
213604,0.05
213622,0.07
213623,0.38
213633,0.0
213639,0.03
213641,0.03
213649,0.01
213671,0.02
213675,0.04
213679,0.04
213680,0.08
213684,0.06
213685,0.05
213689,0.04
213691,0.08
213693,0.09
213712,0.01
213717,0.01
213734,0.03
213739,0.09
213765,0.04
213775,0.01
213776,0.09
213804,0.08
213808,0.02
213818,0.08
213821,0.11
213829,0.0
213836,0.11
213838,0.03
213843,0.03
213854,0.13
213859,0.12
213862,0.34
213874,0.09
213878,0.4
213886,0.03
213888,0.07
213892,0.01
213910,0.17
213921,0.07
213926,0.03
213928,0.06
213935,0.01
213949,0.07
213957,0.14
213959,0.09
213967,0.09
213974,0.02
213975,0.01
213983,0.05
213984,0.11
213998,0.1
214004,0.03
214006,0.03
214008,0.08
214014,0.0
214015,0.02
214034,0.02
214059,0.01
214067,0.0
214077,0.02
214078,0.12
214079,0.0
214085,0.07
214088,0.37
214099,0.03
214138,0.17
214141,0.0
214152,0.21
214154,0.05
214155,0.01
214177,0.04
214188,0.02
214192,0.01
214207,0.0
214217,0.02
214219,0.06
214228,0.05
214229,0.25
214233,0.06
214236,0.3
214242,0.01
214249,0.0
214263,0.03
214264,0.01
214265,0.11
214268,0.09
214281,0.1
214282,0.01
214295,0.04
214311,0.04
214315,0.01
214325,0.02
214334,0.15
214336,0.06
214337,0.1
214342,0.39
214344,0.26
214349,0.03
214355,0.01
214356,0.0
214358,0.08
214363,0.14
214364,0.01
214371,0.05
214377,0.34
214379,0.08
214383,0.03
214406,0.01
214407,0.06
214411,0.04
214415,0.19
214418,0.34
214419,0.02
214421,0.01
214430,0.02
214436,0.2
214463,0.08
214472,0.05
214474,0.06
214476,0.08
214478,0.05
214481,0.09
214484,0.13
214488,0.05
214491,0.05
214505,0.14
214507,0.2
214510,0.06
214518,0.1
214523,0.2
214539,0.13
214542,0.05
214544,0.11
214553,0.03
214554,0.07
214561,0.0
214563,0.07
214566,0.04
214581,0.18
214587,0.01
214588,0.25
214589,0.25
214593,0.27
214620,0.06
214630,0.24
214643,0.11
214644,0.13
214647,0.09
214654,0.03
214657,0.01
214658,0.04
214662,0.04
214666,0.14
214680,0.01
214685,0.08
214693,0.06
214701,0.14
214705,0.02
214706,0.05
214719,0.07
214721,0.57
214724,0.02
214741,0.01
214769,0.1
214777,0.02
214780,0.0
214786,0.03
214789,0.02
214797,0.06
214804,0.07
214808,0.03
214810,0.08
214828,0.2
214830,0.01
214835,0.18
214844,0.08
214859,0.25
214861,0.06
214863,0.07
214887,0.0
214898,0.03
214906,0.07
214913,0.01
214915,0.05
214937,0.07
214944,0.03
214948,0.11
214970,0.06
214976,0.07
214999,0.22
215000,0.23
215016,0.03
215024,0.19
215029,0.3
215033,0.32
215037,0.17
215054,0.01
215057,0.04
215064,0.02
215074,0.15
215077,0.1
215082,0.04
215096,0.01
215101,0.2
215103,0.03
215109,0.09
215124,0.01
215142,0.41
215143,0.0
215145,0.06
215157,0.04
215159,0.0
215161,0.12
215166,0.0
215177,0.07
215186,0.08
215194,0.08
215196,0.06
215204,0.13
215211,0.04
215230,0.13
215241,0.0
215256,0.14
215257,0.08
215266,0.12
215267,0.02
215268,0.01
215278,0.05
215280,0.17
215318,0.2
215326,0.04
215331,0.02
215337,0.01
215344,0.03
215346,0.09
215348,0.08
215351,0.03
215358,0.31
215360,0.03
215367,0.03
215369,0.06
215383,0.11
215395,0.06
215407,0.01
215408,0.37
215412,0.0
215433,0.04
215454,0.11
215463,0.4
215488,0.13
215508,0.2
215512,0.02
215516,0.03
215525,0.19
215531,0.18
215534,0.19
215537,0.02
215539,0.0
215548,0.01
215554,0.02
215556,0.04
215559,0.29
215560,0.06
215563,0.01
215564,0.02
215569,0.08
215574,0.68
215586,0.06
215594,0.12
215608,0.01
215614,0.08
215623,0.05
215628,0.04
215637,0.11
215638,0.1
215649,0.02
215651,0.0
215653,0.07
215678,0.12
215708,0.07
215711,0.12
215733,0.1
215739,0.05
215742,0.03
215756,0.05
215772,0.26
215775,0.12
215791,0.05
215796,0.03
215803,0.03
215805,0.02
215807,0.0
215829,0.04
215855,0.03
215856,0.27
215860,0.03
215861,0.02
215877,0.02
215883,0.02
215889,0.11
215897,0.05
215898,0.04
215901,0.0
215908,0.04
215910,0.47
215911,0.02
215923,0.22
215928,0.04
215934,0.15
215936,0.18
215947,0.0
215951,0.01
215958,0.02
215959,0.05
215963,0.05
215968,0.02
215972,0.05
215976,0.04
215978,0.11
215981,0.01
215999,0.03
216001,0.24
216012,0.01
216020,0.02
216035,0.02
216038,0.21
216041,0.07
216049,0.02
216065,0.11
216096,0.1
216110,0.0
216115,0.07
216121,0.09
216122,0.28
216129,0.06
216131,0.05
216138,0.07
216142,0.11
216143,0.02
216150,0.31
216180,0.04
216184,0.13
216189,0.15
216190,0.28
216197,0.05
216218,0.06
216219,0.01
216221,0.08
216231,0.09
216240,0.06
216272,0.01
216281,0.09
216284,0.01
216290,0.09
216297,0.04
216305,0.15
216306,0.07
216317,0.07
216333,0.02
216338,0.1
216339,0.12
216346,0.08
216349,0.07
216350,0.5
216351,0.02
216353,0.04
216355,0.07
216364,0.12
216387,0.12
216392,0.09
216393,0.1
216399,0.02
216416,0.01
216433,0.08
216435,0.03
216442,0.15
216458,0.07
216461,0.37
216468,0.07
216469,0.03
216471,0.03
216473,0.05
216475,0.01
216496,0.17
216510,0.18
216511,0.02
216515,0.05
216516,0.06
216521,0.04
216532,0.0
216548,0.01
216551,0.11
216560,0.08
216562,0.1
216563,0.01
216565,0.02
216582,0.03
216587,0.14
216589,0.0
216597,0.03
216606,0.04
216607,0.0
216608,0.14
216621,0.03
216622,0.0
216627,0.0
216636,0.06
216647,0.02
216655,0.17
216659,0.12
216666,0.23
216676,0.01
216677,0.29
216679,0.11
216681,0.01
216686,0.02
216687,0.14
216694,0.11
216697,0.07
216714,0.0
216719,0.0
216720,0.06
216721,0.09
216723,0.09
216740,0.09
216746,0.14
216747,0.03
216751,0.02
216758,0.07
216768,0.05
216778,0.08
216786,0.03
216801,0.06
216802,0.18
216807,0.02
216808,0.09
216810,0.0
216818,0.01
216823,0.02
216826,0.01
216827,0.01
216828,0.47
216840,0.17
216844,0.16
216845,0.01
216851,0.02
216857,0.02
216858,0.06
216862,0.05
216874,0.13
216880,0.03
216900,0.0
216902,0.08
216903,0.05
216904,0.05
216931,0.01
216936,0.02
216938,0.47
216952,0.05
216954,0.03
216955,0.03
216961,0.09
216981,0.08
216985,0.01
216992,0.03
216995,0.04
216997,0.04
216998,0.05
216999,0.02
217022,0.26
217034,0.03
217038,0.01
217050,0.08
217055,0.02
217064,0.23
217071,0.01
217078,0.07
217083,0.08
217084,0.01
217086,0.11
217096,0.03
217101,0.43
217109,0.07
217118,0.0
217121,0.14
217125,0.12
217130,0.06
217136,0.07
217137,0.14
217143,0.02
217148,0.02
217155,0.0
217162,0.03
217172,0.04
217174,0.08
217175,0.16
217177,0.0
217178,0.33
217192,0.03
217220,0.04
217221,0.12
217223,0.01
217232,0.08
217243,0.03
217248,0.15
217250,0.15
217271,0.16
217283,0.01
217297,0.25
217323,0.22
217326,0.13
217334,0.06
217338,0.08
217341,0.46
217342,0.18
217355,0.02
217362,0.07
217366,0.07
217367,0.01
217371,0.11
217383,0.04
217401,0.03
217404,0.1
217419,0.13
217422,0.33
217423,0.0
217427,0.05
217429,0.07
217430,0.01
217441,0.18
217444,0.0
217465,0.12
217471,0.0
217488,0.01
217493,0.02
217509,0.19
217510,0.03
217511,0.23
217519,0.11
217522,0.07
217562,0.05
217574,0.15
217577,0.12
217579,0.26
217596,0.07
217602,0.01
217612,0.1
217632,0.03
217635,0.01
217636,0.14
217638,0.13
217639,0.04
217651,0.04
217652,0.0
217663,0.16
217669,0.02
217686,0.26
217699,0.02
217700,0.08
217703,0.08
217706,0.18
217714,0.29
217732,0.03
217736,0.15
217749,0.25
217763,0.01
217770,0.07
217771,0.01
217772,0.03
217776,0.02
217777,0.1
217778,0.13
217782,0.01
217790,0.23
217792,0.01
217793,0.16
217795,0.19
217796,0.01
217800,0.0
217804,0.04
217807,0.05
217846,0.05
217847,0.07
217853,0.01
217856,0.04
217864,0.0
217867,0.06
217868,0.12
217885,0.09
217887,0.17
217889,0.16
217900,0.02
217903,0.03
217905,0.39
217909,0.05
217913,0.09
217944,0.01
217946,0.45
217954,0.09
217956,0.07
217957,0.0
217961,0.44
217962,0.04
217976,0.02
217980,0.18
217981,0.04
218006,0.05
218009,0.06
218032,0.15
218049,0.0
218053,0.06
218078,0.08
218080,0.22
218081,0.03
218094,0.1
218098,0.02
218099,0.12
218100,0.08
218113,0.08
218117,0.03
218118,0.02
218119,0.11
218125,0.05
218133,0.05
218153,0.39
218165,0.05
218166,0.04
218177,0.04
218178,0.01
218202,0.06
218203,0.1
218207,0.22
218209,0.0
218236,0.03
218244,0.0
218247,0.04
218250,0.03
218266,0.08
218275,0.15
218276,0.03
218287,0.09
218292,0.02
218298,0.18
218300,0.01
218320,0.01
218321,0.33
218333,0.0
218347,0.11
218353,0.0
218366,0.1
218368,0.07
218369,0.06
218372,0.04
218376,0.04
218378,0.08
218403,0.11
218413,0.08
218418,0.1
218449,0.03
218450,0.09
218458,0.03
218464,0.05
218475,0.05
218476,0.06
218478,0.01
218515,0.07
218517,0.03
218518,0.02
218538,0.01
218539,0.2
218550,0.18
218551,0.0
218565,0.26
218580,0.01
218591,0.03
218598,0.01
218600,0.02
218602,0.26
218607,0.09
218651,0.02
218652,0.03
218656,0.2
218658,0.07
218669,0.22
218670,0.07
218671,0.01
218677,0.11
218680,0.0
218685,0.1
218686,0.37
218692,0.12
218693,0.02
218699,0.08
218709,0.03
218729,0.09
218734,0.0
218742,0.0
218743,0.0
218756,0.13
218772,0.03
218782,0.04
218786,0.02
218788,0.12
218796,0.12
218801,0.17
218812,0.04
218832,0.25
218834,0.17
218846,0.12
218847,0.23
218848,0.02
218853,0.02
218865,0.16
218870,0.05
218873,0.06
218884,0.05
218893,0.03
218898,0.02
218911,0.1
218933,0.17
218934,0.07
218939,0.03
218948,0.0
218957,0.06
218962,0.11
218973,0.03
218975,0.03
219000,0.01
219001,0.02
219006,0.04
219027,0.06
219036,0.03
219043,0.12
219047,0.06
219057,0.02
219059,0.13
219062,0.03
219074,0.03
219085,0.0
219087,0.13
219095,0.04
219114,0.09
219115,0.05
219119,0.01
219140,0.05
219147,0.18
219170,0.01
219171,0.28
219174,0.2
219177,0.04
219180,0.09
219195,0.01
219203,0.0
219207,0.06
219223,0.22
219229,0.08
219236,0.02
219238,0.09
219243,0.06
219245,0.02
219247,0.11
219273,0.28
219278,0.05
219279,0.13
219284,0.11
219319,0.01
219326,0.14
219336,0.0
219344,0.15
219359,0.04
219360,0.03
219364,0.08
219368,0.14
219376,0.01
219382,0.03
219388,0.0
219396,0.08
219398,0.18
219403,0.03
219405,0.02
219406,0.09
219410,0.16
219424,0.21
219446,0.02
219450,0.02
219451,0.08
219464,0.03
219465,0.0
219469,0.12
219472,0.25
219482,0.04
219506,0.05
219507,0.09
219516,0.07
219521,0.26
219564,0.27
219565,0.01
219568,0.07
219570,0.0
219578,0.07
219579,0.51
219588,0.03
219593,0.05
219594,0.02
219601,0.03
219608,0.08
219616,0.14
219620,0.08
219621,0.0
219628,0.01
219632,0.13
219637,0.08
219670,0.0
219688,0.01
219704,0.2
219717,0.0
219723,0.09
219741,0.18
219772,0.1
219774,0.0
219775,0.12
219778,0.02
219787,0.03
219788,0.1
219806,0.08
219811,0.03
219815,0.01
219817,0.29
219835,0.0
219845,0.02
219848,0.0
219864,0.03
219866,0.06
219868,0.14
219870,0.02
219886,0.05
219908,0.2
219910,0.08
219914,0.08
219925,0.21
219935,0.14
219940,0.3
219959,0.05
219962,0.05
219975,0.01
219981,0.23
219998,0.06
219999,0.07
220006,0.0
220010,0.19
220012,0.0
220014,0.0
220018,0.17
220019,0.02
220021,0.03
220058,0.02
220060,0.12
220061,0.04
220063,0.08
220066,0.05
220070,0.04
220071,0.19
220082,0.04
220094,0.08
220107,0.03
220114,0.09
220120,0.0
220126,0.17
220143,0.01
220147,0.05
220157,0.2
220160,0.07
220169,0.02
220177,0.0
220181,0.01
220186,0.05
220189,0.04
220206,0.19
220221,0.09
220227,0.05
220228,0.3
220248,0.04
220277,0.1
220304,0.21
220311,0.03
220315,0.02
220316,0.07
220323,0.09
220325,0.0
220358,0.05
220363,0.04
220369,0.05
220370,0.0
220380,0.07
220386,0.24
220387,0.04
220393,0.07
220394,0.15
220412,0.16
220415,0.01
220416,0.41
220417,0.03
220418,0.02
220422,0.02
220431,0.16
220439,0.23
220456,0.02
220458,0.02
220468,0.06
220474,0.05
220479,0.07
220494,0.0
220501,0.19
220503,0.05
220511,0.0
220514,0.04
220516,0.29
220521,0.04
220530,0.27
220562,0.02
220565,0.02
220582,0.13
220594,0.1
220600,0.27
220614,0.19
220621,0.17
220624,0.27
220629,0.09
220632,0.08
220639,0.02
220655,0.03
220664,0.0
220670,0.03
220686,0.0
220699,0.05
220714,0.01
220729,0.06
220732,0.16
220733,0.01
220735,0.01
220740,0.03
220741,0.04
220747,0.04
220748,0.05
220749,0.11
220755,0.03
220764,0.08
220767,0.04
220772,0.05
220779,0.08
220781,0.01
220790,0.0
220806,0.04
220811,0.05
220816,0.08
220822,0.0
220827,0.09
220828,0.07
220829,0.01
220832,0.02
220833,0.03
220841,0.11
220842,0.06
220856,0.04
220874,0.12
220881,0.11
220882,0.08
220887,0.03
220893,0.05
220909,0.02
220916,0.06
220917,0.12
220918,0.01
220924,0.04
220931,0.17
220932,0.15
220949,0.18
220950,0.04
220956,0.05
220972,0.02
220994,0.05
221004,0.19
221008,0.23
221011,0.0
221030,0.01
221032,0.01
221035,0.0
221058,0.01
221059,0.22
221075,0.1
221079,0.02
221080,0.02
221107,0.04
221116,0.19
221129,0.09
221148,0.2
221158,0.11
221165,0.06
221169,0.07
221171,0.03
221198,0.2
221202,0.09
221205,0.23
221223,0.01
221227,0.26
221228,0.07
221234,0.03
221242,0.05
221252,0.24
221256,0.1
221260,0.09
221261,0.04
221264,0.01
221267,0.05
221272,0.05
221284,0.06
221292,0.11
221311,0.02
221322,0.01
221327,0.04
221339,0.02
221371,0.03
221372,0.06
221404,0.1
221411,0.04
221438,0.15
221451,0.01
221465,0.01
221477,0.33
221483,0.05
221493,0.08
221495,0.01
221498,0.17
221500,0.22
221506,0.1
221513,0.04
221523,0.06
221528,0.02
221529,0.09
221530,0.03
221531,0.07
221549,0.03
221550,0.07
221565,0.53
221570,0.12
221573,0.01
221575,0.16
221576,0.09
221604,0.15
221615,0.13
221626,0.01
221629,0.26
221630,0.09
221636,0.07
221656,0.0
221659,0.0
221663,0.11
221665,0.08
221675,0.24
221676,0.03
221677,0.01
221679,0.04
221707,0.0
221712,0.02
221717,0.09
221725,0.02
221733,0.05
221741,0.04
221747,0.02
221762,0.0
221763,0.0
221770,0.02
221771,0.07
221787,0.05
221793,0.01
221804,0.13
221805,0.04
221825,0.16
221827,0.08
221828,0.16
221829,0.02
221845,0.11
221859,0.03
221860,0.03
221867,0.1
221868,0.08
221870,0.04
221876,0.22
221884,0.09
221895,0.07
221911,0.1
221921,0.01
221931,0.33
221935,0.1
221955,0.04
221959,0.0
221966,0.04
221974,0.05
221981,0.02
222002,0.29
222010,0.02
222012,0.09
222013,0.32
222023,0.33
222034,0.12
222048,0.17
222052,0.28
222059,0.04
222060,0.03
222061,0.03
222067,0.0
222076,0.07
222081,0.15
222120,0.08
222121,0.05
222133,0.04
222149,0.12
222150,0.04
222153,0.06
222154,0.02
222159,0.05
222165,0.02
222167,0.01
222170,0.04
222178,0.16
222179,0.01
222188,0.15
222189,0.08
222195,0.26
222198,0.09
222224,0.0
222234,0.03
222254,0.08
222256,0.12
222264,0.05
222281,0.12
222296,0.27
222303,0.06
222309,0.04
222310,0.08
222313,0.24
222321,0.07
222322,0.01
222328,0.17
222333,0.16
222334,0.14
222338,0.03
222347,0.06
222349,0.04
222351,0.02
222352,0.09
222357,0.03
222362,0.01
222381,0.07
222392,0.02
222401,0.09
222413,0.03
222422,0.0
222423,0.04
222430,0.08
222432,0.02
222452,0.09
222459,0.01
222473,0.06
222475,0.05
222481,0.09
222482,0.1
222489,0.02
222496,0.07
222505,0.09
222516,0.07
222537,0.09
222555,0.06
222566,0.07
222572,0.09
222577,0.15
222618,0.0
222619,0.02
222624,0.02
222625,0.02
222626,0.05
222629,0.08
222634,0.04
222636,0.31
222637,0.01
222641,0.01
222646,0.24
222648,0.28
222659,0.04
222663,0.04
222665,0.06
222671,0.27
222674,0.0
222675,0.11
222707,0.2
222709,0.0
222711,0.03
222717,0.07
222728,0.09
222752,0.04
222753,0.0
222755,0.02
222765,0.01
222768,0.1
222769,0.11
222783,0.41
222799,0.03
222821,0.15
222825,0.2
222837,0.26
222862,0.11
222863,0.14
222869,0.1
222876,0.01
222892,0.03
222898,0.06
222912,0.02
222920,0.08
222926,0.17
222934,0.06
222938,0.01
222945,0.19
222947,0.01
222966,0.1
222971,0.0
222994,0.0
223008,0.14
223019,0.02
223040,0.07
223042,0.12
223049,0.04
223051,0.15
223056,0.08
223058,0.16
223064,0.04
223067,0.02
223073,0.24
223075,0.01
223078,0.06
223079,0.07
223082,0.03
223098,0.19
223112,0.05
223116,0.07
223121,0.02
223128,0.07
223135,0.13
223136,0.1
223144,0.07
223151,0.04
223157,0.04
223181,0.06
223190,0.06
223197,0.24
223205,0.01
223209,0.01
223221,0.06
223235,0.24
223238,0.02
223244,0.05
223258,0.02
223262,0.1
223272,0.11
223288,0.06
223298,0.09
223310,0.13
223320,0.03
223357,0.29
223365,0.1
223369,0.1
223375,0.04
223384,0.01
223393,0.11
223412,0.01
223428,0.06
223440,0.28
223456,0.41
223470,0.08
223471,0.1
223484,0.01
223488,0.14
223489,0.05
223490,0.14
223492,0.04
223496,0.04
223503,0.03
223507,0.05
223518,0.18
223519,0.06
223521,0.06
223524,0.01
223526,0.01
223527,0.33
223529,0.0
223534,0.03
223538,0.05
223547,0.0
223549,0.0
223551,0.24
223552,0.24
223567,0.04
223571,0.13
223582,0.02
223584,0.13
223585,0.08
223586,0.06
223588,0.04
223592,0.21
223594,0.0
223607,0.17
223608,0.01
223609,0.2
223610,0.01
223611,0.04
223635,0.1
223636,0.03
223638,0.05
223649,0.0
223670,0.32
223688,0.02
223698,0.0
223699,0.16
223716,0.06
223718,0.04
223720,0.01
223727,0.04
223729,0.04
223739,0.04
223740,0.0
223741,0.01
223750,0.02
223752,0.03
223764,0.18
223781,0.19
223783,0.1
223794,0.05
223808,0.09
223810,0.17
223814,0.12
223817,0.44
223830,0.03
223839,0.04
223849,0.06
223851,0.09
223854,0.11
223888,0.3
223914,0.02
223923,0.05
223925,0.0
223939,0.04
223949,0.01
223951,0.23
223952,0.07
223967,0.17
223971,0.35
223974,0.01
223978,0.13
223991,0.2
224008,0.03
224016,0.02
224024,0.01
224039,0.01
224040,0.08
224044,0.05
224047,0.27
224055,0.02
224061,0.17
224065,0.07
224079,0.06
224080,0.04
224089,0.06
224094,0.22
224095,0.27
224109,0.15
224111,0.12
224112,0.01
224134,0.04
224135,0.1
224138,0.12
224139,0.03
224158,0.05
224161,0.15
224171,0.26
224182,0.21
224191,0.08
224194,0.01
224195,0.03
224205,0.06
224206,0.13
224211,0.01
224213,0.04
224214,0.02
224236,0.07
224239,0.32
224241,0.49
224251,0.01
224259,0.05
224262,0.2
224263,0.02
224268,0.1
224270,0.06
224282,0.18
224300,0.04
224315,0.17
224319,0.01
224325,0.03
224337,0.06
224339,0.02
224343,0.0
224344,0.13
224347,0.02
224353,0.04
224363,0.07
224370,0.14
224379,0.11
224380,0.02
224393,0.07
224395,0.03
224407,0.01
224408,0.05
224426,0.13
224427,0.05
224428,0.0
224437,0.45
224444,0.0
224445,0.0
224459,0.02
224473,0.27
224488,0.21
224490,0.08
224493,0.17
224494,0.25
224495,0.06
224499,0.14
224524,0.0
224528,0.01
224538,0.27
224553,0.08
224554,0.0
224575,0.03
224586,0.04
224593,0.04
224599,0.04
224614,0.05
224625,0.0
224626,0.03
224627,0.1
224628,0.1
224631,0.01
224651,0.07
224658,0.05
224664,0.0
224668,0.02
224673,0.07
224674,0.04
224683,0.09
224708,0.16
224748,0.33
224756,0.06
224757,0.07
224760,0.0
224771,0.2
224772,0.04
224797,0.04
224823,0.14
224831,0.18
224841,0.03
224843,0.12
224844,0.25
224849,0.01
224855,0.08
224856,0.02
224864,0.11
224871,0.0
224876,0.05
224889,0.01
224896,0.0
224899,0.03
224912,0.03
224916,0.13
224918,0.21
224925,0.07
224929,0.11
224934,0.06
224950,0.25
224953,0.07
224956,0.17
224958,0.14
224960,0.19
224971,0.13
224975,0.17
224978,0.06
224986,0.04
224987,0.07
224990,0.0
225010,0.04
225041,0.05
225044,0.02
225045,0.04
225048,0.19
225053,0.13
225058,0.09
225075,0.07
225085,0.01
225103,0.1
225107,0.0
225114,0.01
225122,0.03
225130,0.03
225131,0.18
225132,0.07
225134,0.04
225136,0.02
225141,0.0
225145,0.05
225146,0.05
225156,0.03
225158,0.13
225165,0.05
225185,0.0
225194,0.04
225195,0.03
225223,0.3
225224,0.15
225231,0.01
225233,0.06
225246,0.28
225281,0.03
225286,0.06
225301,0.12
225302,0.04
225336,0.02
225347,0.01
225351,0.03
225362,0.07
225363,0.02
225364,0.01
225370,0.02
225374,0.07
225375,0.02
225380,0.0
225381,0.03
225382,0.07
225392,0.08
225410,0.15
225425,0.1
225431,0.03
225456,0.01
225460,0.21
225475,0.11
225478,0.07
225483,0.12
225499,0.11
225514,0.39
225517,0.02
225524,0.4
225532,0.28
225545,0.05
225546,0.1
225550,0.01
225580,0.09
225581,0.14
225582,0.03
225585,0.04
225601,0.06
225612,0.28
225621,0.09
225636,0.05
225639,0.04
225650,0.0
225654,0.04
225664,0.03
225665,0.09
225666,0.0
225686,0.1
225689,0.04
225691,0.04
225721,0.01
225733,0.02
225739,0.13
225741,0.1
225766,0.01
225776,0.37
225788,0.06
225792,0.02
225803,0.12
225804,0.03
225805,0.15
225808,0.03
225819,0.02
225826,0.03
225832,0.06
225850,0.03
225851,0.09
225854,0.04
225858,0.09
225875,0.02
225884,0.01
225890,0.09
225906,0.08
225908,0.02
225910,0.04
225920,0.12
225950,0.07
225990,0.09
225991,0.04
226010,0.05
226011,0.01
226018,0.01
226029,0.18
226030,0.03
226041,0.11
226044,0.0
226051,0.14
226054,0.09
226085,0.12
226105,0.02
226116,0.65
226130,0.11
226131,0.17
226170,0.01
226171,0.2
226176,0.07
226177,0.04
226183,0.0
226187,0.02
226188,0.18
226190,0.09
226206,0.11
226213,0.27
226214,0.34
226226,0.0
226244,0.08
226245,0.06
226251,0.15
226258,0.09
226259,0.06
226265,0.12
226291,0.11
226294,0.04
226299,0.06
226300,0.08
226301,0.15
226302,0.05
226308,0.04
226309,0.16
226318,0.01
226319,0.13
226320,0.06
226325,0.04
226334,0.06
226337,0.42
226348,0.13
226353,0.04
226361,0.05
226387,0.09
226395,0.12
226413,0.01
226416,0.01
226427,0.03
226433,0.02
226447,0.02
226487,0.01
226495,0.3
226496,0.11
226499,0.06
226501,0.19
226505,0.08
226506,0.03
226507,0.04
226516,0.06
226523,0.04
226527,0.18
226533,0.17
226537,0.05
226539,0.01
226551,0.03
226556,0.0
226557,0.05
226561,0.21
226565,0.04
226567,0.02
226590,0.0
226599,0.42
226639,0.15
226654,0.21
226664,0.02
226668,0.16
226677,0.09
226682,0.02
226689,0.07
226691,0.02
226698,0.08
226713,0.09
226720,0.04
226734,0.02
226735,0.08
226738,0.12
226742,0.0
226763,0.01
226766,0.29
226772,0.05
226779,0.24
226780,0.15
226787,0.35
226790,0.28
226792,0.14
226797,0.1
226803,0.03
226807,0.18
226827,0.01
226828,0.04
226836,0.07
226837,0.0
226838,0.2
226847,0.13
226881,0.32
226882,0.05
226884,0.02
226917,0.04
226921,0.08
226933,0.06
226938,0.19
226948,0.05
226952,0.02
226954,0.02
226965,0.06
226970,0.1
226977,0.07
226986,0.05
227005,0.07
227009,0.07
227010,0.09
227013,0.1
227019,0.07
227025,0.02
227026,0.0
227027,0.02
227029,0.04
227049,0.12
227053,0.03
227054,0.04
227058,0.06
227074,0.0
227099,0.01
227100,0.01
227109,0.07
227111,0.06
227112,0.02
227125,0.15
227145,0.04
227148,0.05
227151,0.02
227160,0.01
227165,0.11
227200,0.28
227210,0.05
227213,0.01
227235,0.02
227242,0.05
227245,0.08
227246,0.0
227248,0.02
227251,0.08
227252,0.02
227258,0.04
227264,0.0
227270,0.24
227272,0.02
227274,0.03
227281,0.02
227290,0.03
227293,0.22
227299,0.06
227306,0.13
227323,0.04
227325,0.01
227326,0.06
227332,0.09
227336,0.03
227343,0.05
227344,0.0
227345,0.06
227348,0.06
227360,0.04
227376,0.07
227386,0.13
227392,0.16
227393,0.06
227401,0.01
227404,0.43
227413,0.25
227420,0.11
227459,0.07
227460,0.0
227462,0.08
227463,0.14
227481,0.12
227482,0.01
227485,0.0
227486,0.13
227493,0.04
227500,0.06
227501,0.06
227502,0.01
227506,0.05
227523,0.03
227525,0.12
227531,0.01
227532,0.21
227535,0.06
227542,0.05
227545,0.04
227566,0.01
227578,0.07
227585,0.16
227586,0.01
227587,0.03
227590,0.03
227595,0.27
227596,0.16
227597,0.04
227600,0.32
227621,0.3
227637,0.06
227640,0.11
227649,0.38
227653,0.01
227674,0.06
227675,0.01
227680,0.1
227696,0.0
227701,0.26
227707,0.08
227713,0.21
227715,0.11
227728,0.1
227730,0.05
227731,0.02
227732,0.02
227736,0.04
227739,0.05
227740,0.51
227741,0.21
227742,0.31
227745,0.09
227749,0.19
227752,0.03
227756,0.35
227769,0.09
227779,0.18
227783,0.29
227799,0.03
227803,0.03
227818,0.03
227822,0.25
227823,0.09
227824,0.06
227825,0.01
227826,0.02
227833,0.17
227834,0.15
227837,0.05
227839,0.0
227856,0.03
227872,0.09
227876,0.1
227905,0.18
227908,0.14
227909,0.3
227912,0.08
227917,0.07
227931,0.12
227936,0.16
227939,0.06
227941,0.0
227942,0.17
227944,0.06
227945,0.14
227952,0.07
227954,0.13
227968,0.03
227975,0.05
227989,0.03
227992,0.16
227993,0.06
227996,0.31
227997,0.02
227998,0.06
228040,0.0
228044,0.11
228045,0.03
228046,0.06
228051,0.07
228052,0.08
228053,0.0
228059,0.01
228062,0.0
228070,0.0
228074,0.0
228077,0.06
228078,0.03
228097,0.14
228099,0.07
228100,0.0
228102,0.3
228103,0.02
228104,0.24
228107,0.08
228117,0.1
228123,0.04
228125,0.01
228130,0.0
228134,0.05
228141,0.2
228153,0.35
228163,0.02
228164,0.03
228166,0.03
228168,0.07
228169,0.03
228183,0.45
228198,0.03
228199,0.1
228201,0.12
228207,0.15
228209,0.07
228219,0.0
228239,0.25
228248,0.03
228260,0.06
228268,0.25
228280,0.04
228282,0.2
228288,0.0
228289,0.04
228295,0.08
228296,0.0
228297,0.21
228298,0.09
228299,0.08
228301,0.0
228322,0.14
228324,0.15
228332,0.02
228334,0.01
228342,0.02
228351,0.01
228354,0.03
228355,0.02
228362,0.0
228375,0.04
228383,0.11
228389,0.09
228392,0.18
228411,0.03
228414,0.05
228420,0.07
228424,0.05
228426,0.19
228429,0.06
228447,0.3
228455,0.07
228458,0.32
228467,0.31
228472,0.06
228479,0.07
228482,0.06
228488,0.03
228489,0.09
228499,0.04
228501,0.05
228502,0.04
228503,0.04
228509,0.02
228512,0.19
228514,0.03
228519,0.03
228530,0.01
228534,0.03
228536,0.0
228537,0.11
228538,0.02
228539,0.01
228557,0.01
228591,0.1
228592,0.03
228608,0.15
228609,0.0
228636,0.01
228647,0.01
228656,0.39
228657,0.08
228661,0.0
228663,0.04
228671,0.0
228682,0.04
228697,0.13
228698,0.09
228712,0.09
228713,0.03
228729,0.03
228730,0.09
228737,0.21
228744,0.06
228752,0.03
228761,0.56
228763,0.18
228764,0.01
228770,0.07
228774,0.01
228781,0.07
228792,0.02
228794,0.63
228796,0.0
228799,0.31
228808,0.06
228809,0.07
228810,0.05
228813,0.17
228821,0.21
228826,0.03
228830,0.03
228831,0.04
228835,0.33
228854,0.04
228855,0.09
228863,0.18
228869,0.11
228872,0.12
228885,0.18
228888,0.02
228889,0.02
228890,0.04
228891,0.01
228894,0.21
228902,0.1
228907,0.03
228915,0.03
228918,0.17
228919,0.02
228933,0.07
228946,0.02
228947,0.12
228954,0.14
228956,0.14
228958,0.1
228969,0.05
228973,0.06
228978,0.06
228979,0.44
228988,0.04
228995,0.11
229019,0.06
229037,0.05
229041,0.05
229042,0.02
229046,0.08
229048,0.01
229053,0.17
229064,0.54
229073,0.06
229074,0.05
229077,0.16
229095,0.04
229100,0.04
229103,0.05
229104,0.15
229105,0.02
229107,0.17
229115,0.11
229117,0.15
229118,0.02
229124,0.25
229125,0.16
229130,0.1
229157,0.09
229162,0.02
229185,0.28
229195,0.1
229201,0.07
229202,0.06
229219,0.01
229220,0.01
229223,0.09
229224,0.16
229229,0.07
229233,0.02
229255,0.07
229261,0.02
229262,0.23
229271,0.11
229276,0.07
229277,0.0
229278,0.05
229280,0.19
229298,0.03
229301,0.1
229316,0.03
229325,0.02
229329,0.02
229334,0.02
229336,0.04
229337,0.01
229342,0.0
229349,0.01
229357,0.04
229369,0.0
229374,0.04
229402,0.1
229427,0.01
229452,0.04
229455,0.03
229459,0.27
229462,0.04
229482,0.02
229488,0.02
229496,0.07
229507,0.08
229508,0.04
229531,0.04
229576,0.01
229595,0.06
229602,0.09
229609,0.11
229610,0.2
229614,0.07
229615,0.21
229631,0.02
229632,0.07
229638,0.05
229647,0.23
229651,0.15
229659,0.44
229663,0.06
229671,0.08
229672,0.05
229675,0.1
229684,0.01
229687,0.23
229705,0.04
229711,0.0
229713,0.01
229714,0.02
229731,0.09
229738,0.0
229742,0.01
229745,0.0
229746,0.03
229749,0.17
229765,0.27
229767,0.0
229779,0.13
229782,0.04
229802,0.01
229805,0.02
229810,0.44
229816,0.03
229828,0.01
229838,0.0
229850,0.11
229858,0.04
229860,0.01
229877,0.0
229888,0.02
229894,0.0
229898,0.12
229905,0.08
229912,0.15
229913,0.09
229921,0.14
229923,0.03
229930,0.0
229962,0.05
229963,0.05
229977,0.0
229984,0.0
229998,0.01
230012,0.08
230016,0.12
230020,0.05
230024,0.1
230037,0.05
230038,0.0
230040,0.05
230042,0.17
230044,0.04
230050,0.03
230056,0.11
230067,0.05
230076,0.04
230077,0.35
230084,0.15
230098,0.06
230107,0.19
230116,0.03
230119,0.05
230121,0.02
230122,0.35
230135,0.39
230139,0.01
230179,0.01
230180,0.1
230185,0.0
230192,0.02
230203,0.48
230216,0.08
230226,0.14
230260,0.59
230268,0.11
230289,0.37
230296,0.02
230317,0.0
230328,0.38
230329,0.38
230330,0.23
230332,0.07
230338,0.0
230343,0.07
230344,0.08
230349,0.0
230369,0.0
230379,0.05
230391,0.16
230393,0.21
230394,0.05
230402,0.28
230404,0.16
230416,0.13
230417,0.08
230423,0.07
230427,0.16
230448,0.43
230449,0.01
230451,0.01
230453,0.02
230454,0.0
230457,0.15
230458,0.1
230459,0.17
230461,0.02
230464,0.01
230494,0.03
230517,0.02
230520,0.06
230521,0.03
230534,0.05
230553,0.26
230581,0.17
230585,0.13
230590,0.04
230592,0.02
230605,0.16
230610,0.04
230623,0.07
230628,0.16
230629,0.08
230640,0.02
230641,0.09
230642,0.02
230655,0.07
230656,0.02
230662,0.12
230675,0.02
230677,0.02
230688,0.01
230709,0.19
230716,0.0
230742,0.02
230748,0.02
230763,0.02
230779,0.07
230780,0.05
230781,0.1
230783,0.03
230788,0.08
230789,0.04
230792,0.01
230817,0.09
230820,0.08
230827,0.05
230828,0.09
230860,0.06
230864,0.07
230875,0.08
230878,0.0
230880,0.03
230929,0.04
230931,0.06
230934,0.07
230939,0.01
230940,0.0
230941,0.0
230942,0.09
230982,0.07
231028,0.17
231031,0.28
231039,0.15
231048,0.02
231065,0.04
231076,0.02
231079,0.08
231082,0.07
231086,0.07
231107,0.01
231118,0.17
231127,0.07
231134,0.01
231136,0.01
231137,0.1
231156,0.22
231160,0.02
231175,0.05
231177,0.06
231189,0.08
231191,0.31
231194,0.17
231198,0.07
231203,0.18
231211,0.1
231226,0.06
231245,0.07
231257,0.2
231268,0.05
231279,0.08
231290,0.1
231298,0.04
231299,0.06
231301,0.03
231306,0.0
231312,0.01
231314,0.11
231326,0.53
231343,0.12
231353,0.1
231359,0.04
231364,0.03
231387,0.03
231392,0.02
231409,0.0
231423,0.06
231427,0.0
231429,0.19
231433,0.13
231437,0.01
231448,0.02
231454,0.26
231460,0.04
231480,0.03
231496,0.0
231504,0.05
231513,0.01
231516,0.02
231523,0.01
231529,0.03
231532,0.15
231533,0.02
231542,0.06
231546,0.01
231554,0.0
231556,0.17
231561,0.01
231562,0.14
231563,0.03
231568,0.0
231589,0.04
231598,0.13
231616,0.37
231628,0.06
231637,0.12
231641,0.21
231656,0.12
231679,0.15
231682,0.1
231689,0.0
231690,0.0
231713,0.06
231716,0.03
231726,0.01
231734,0.34
231736,0.06
231742,0.04
231754,0.08
231757,0.2
231758,0.01
231761,0.19
231771,0.02
231773,0.05
231782,0.29
231785,0.14
231786,0.06
231789,0.05
231790,0.06
231791,0.06
231804,0.16
231835,0.02
231837,0.02
231840,0.02
231845,0.13
231863,0.22
231867,0.25
231874,0.11
231877,0.08
231887,0.0
231892,0.04
231899,0.0
231912,0.45
231914,0.07
231924,0.14
231927,0.14
231935,0.03
231938,0.19
231940,0.12
231947,0.04
231954,0.02
231955,0.07
231956,0.13
231969,0.01
231982,0.06
231983,0.01
231984,0.04
231987,0.15
232006,0.02
232012,0.02
232022,0.04
232023,0.09
232028,0.02
232034,0.02
232047,0.04
232050,0.01
232054,0.14
232063,0.29
232066,0.02
232081,0.14
232083,0.21
232094,0.07
232103,0.0
232108,0.06
232110,0.0
232122,0.03
232123,0.01
232132,0.0
232148,0.79
232149,0.02
232152,0.23
232157,0.04
232164,0.03
232170,0.04
232172,0.03
232174,0.14
232177,0.14
232227,0.12
232228,0.02
232237,0.01
232256,0.03
232275,0.03
232278,0.04
232279,0.01
232282,0.14
232285,0.02
232288,0.05
232301,0.1
232303,0.03
232309,0.12
232325,0.04
232329,0.07
232331,0.03
232335,0.06
232370,0.19
232371,0.02
232372,0.0
232390,0.26
232391,0.0
232392,0.11
232410,0.03
232423,0.02
232426,0.14
232428,0.21
232450,0.16
232466,0.12
232478,0.07
232493,0.07
232506,0.11
232516,0.08
232518,0.09
232530,0.06
232534,0.05
232535,0.11
232541,0.03
232547,0.03
232552,0.19
232558,0.07
232559,0.0
232560,0.0
232566,0.01
232570,0.01
232575,0.28
232578,0.03
232590,0.05
232615,0.09
232640,0.28
232643,0.0
232664,0.17
232676,0.03
232699,0.11
232702,0.03
232720,0.01
232733,0.04
232736,0.13
232738,0.02
232752,0.01
232758,0.11
232779,0.16
232784,0.1
232790,0.07
232799,0.1
232823,0.04
232824,0.02
232842,0.02
232849,0.02
232853,0.14
232859,0.03
232862,0.02
232864,0.01
232866,0.08
232869,0.12
232871,0.02
232876,0.02
232881,0.01
232898,0.06
232899,0.09
232914,0.05
232917,0.08
232923,0.02
232925,0.04
232942,0.07
232943,0.03
232965,0.06
232968,0.32
232972,0.03
232980,0.25
232999,0.0
233013,0.18
233021,0.36
233022,0.01
233054,0.09
233059,0.41
233065,0.05
233071,0.48
233074,0.03
233093,0.0
233095,0.05
233102,0.0
233104,0.12
233107,0.0
233108,0.02
233109,0.21
233112,0.26
233113,0.0
233122,0.16
233125,0.1
233126,0.23
233170,0.05
233171,0.1
233172,0.26
233175,0.1
233179,0.02
233189,0.05
233223,0.24
233224,0.0
233228,0.01
233247,0.01
233249,0.05
233263,0.0
233271,0.03
233273,0.06
233301,0.0
233305,0.05
233310,0.11
233311,0.08
233312,0.04
233324,0.0
233326,0.01
233327,0.1
233335,0.07
233349,0.01
233352,0.52
233362,0.05
233373,0.08
233390,0.05
233393,0.24
233400,0.11
233401,0.05
233404,0.36
233405,0.02
233406,0.07
233411,0.09
233421,0.01
233423,0.04
233424,0.01
233427,0.24
233429,0.11
233431,0.02
233432,0.07
233438,0.06
233448,0.05
233450,0.05
233451,0.07
233453,0.07
233480,0.0
233482,0.12
233483,0.06
233489,0.24
233490,0.04
233496,0.27
233497,0.38
233508,0.4
233509,0.26
233512,0.04
233517,0.07
233526,0.04
233528,0.07
233544,0.05
233554,0.07
233566,0.14
233572,0.02
233575,0.01
233578,0.0
233582,0.25
233583,0.03
233589,0.19
233594,0.02
233603,0.31
233627,0.0
233632,0.08
233639,0.01
233651,0.23
233652,0.04
233658,0.0
233675,0.03
233677,0.02
233682,0.05
233688,0.04
233689,0.13
233692,0.01
233697,0.41
233704,0.43
233709,0.25
233711,0.06
233721,0.27
233729,0.02
233734,0.02
233744,0.02
233764,0.32
233775,0.04
233783,0.22
233792,0.01
233796,0.04
233797,0.06
233798,0.24
233810,0.01
233818,0.03
233819,0.08
233830,0.02
233831,0.12
233838,0.02
233852,0.03
233854,0.11
233856,0.01
233858,0.03
233883,0.0
233888,0.01
233889,0.13
233892,0.02
233893,0.01
233894,0.07
233895,0.06
233901,0.16
233927,0.05
233928,0.04
233929,0.17
233960,0.08
233965,0.22
233970,0.02
233975,0.1
233981,0.19
233991,0.24
234012,0.11
234016,0.09
234024,0.04
234025,0.0
234027,0.12
234034,0.03
234035,0.03
234048,0.05
234069,0.01
234077,0.02
234086,0.05
234103,0.05
234110,0.09
234115,0.14
234126,0.07
234135,0.37
234136,0.02
234147,0.0
234151,0.01
234159,0.04
234163,0.05
234174,0.0
234186,0.12
234187,0.03
234192,0.1
234198,0.03
234205,0.08
234215,0.1
234220,0.01
234225,0.02
234227,0.02
234228,0.05
234231,0.08
234232,0.49
234236,0.04
234239,0.05
234240,0.06
234242,0.09
234262,0.24
234267,0.1
234283,0.03
234284,0.13
234286,0.01
234291,0.08
234302,0.1
234303,0.02
234308,0.04
234320,0.17
234326,0.02
234336,0.09
234340,0.22
234362,0.04
234365,0.08
234371,0.07
234373,0.01
234395,0.02
234400,0.14
234404,0.03
234412,0.01
234431,0.17
234433,0.24
234440,0.1
234453,0.03
234454,0.05
234460,0.03
234470,0.24
234473,0.07
234502,0.24
234503,0.19
234507,0.21
234529,0.18
234531,0.03
234543,0.03
234550,0.01
234556,0.04
234560,0.06
234567,0.01
234580,0.13
234582,0.07
234594,0.01
234599,0.09
234604,0.01
234605,0.07
234611,0.01
234617,0.13
234648,0.02
234660,0.02
234661,0.01
234663,0.02
234664,0.04
234670,0.01
234671,0.07
234673,0.13
234687,0.03
234688,0.03
234690,0.17
234694,0.0
234695,0.02
234704,0.06
234705,0.01
234710,0.02
234718,0.08
234719,0.08
234732,0.14
234739,0.06
234755,0.34
234760,0.03
234778,0.05
234781,0.19
234786,0.06
234788,0.12
234789,0.0
234802,0.03
234809,0.49
234814,0.17
234823,0.01
234825,0.12
234829,0.19
234838,0.08
234847,0.14
234876,0.06
234908,0.12
234914,0.02
234917,0.03
234935,0.14
234936,0.07
234941,0.07
234942,0.03
234943,0.07
234946,0.03
234947,0.01
234960,0.06
234967,0.11
234980,0.2
234990,0.32
234996,0.02
234999,0.14
235002,0.0
235021,0.21
235025,0.1
235034,0.04
235037,0.08
235046,0.14
235051,0.03
235052,0.17
235054,0.06
235061,0.04
235066,0.03
235076,0.07
235087,0.06
235089,0.07
235091,0.23
235107,0.06
235118,0.0
235123,0.18
235134,0.04
235137,0.2
235146,0.02
235147,0.12
235153,0.0
235166,0.24
235168,0.05
235183,0.0
235187,0.0
235189,0.0
235202,0.13
235214,0.08
235215,0.02
235216,0.17
235219,0.08
235223,0.0
235231,0.02
235240,0.08
235252,0.01
235253,0.03
235254,0.02
235259,0.02
235270,0.12
235275,0.05
235283,0.13
235291,0.03
235306,0.03
235327,0.0
235337,0.15
235342,0.0
235356,0.01
235357,0.03
235372,0.09
235378,0.25
235386,0.0
235401,0.06
235403,0.0
235423,0.04
235424,0.02
235434,0.01
235435,0.01
235438,0.02
235451,0.0
235452,0.0
235454,0.12
235456,0.02
235459,0.03
235460,0.0
235463,0.18
235491,0.13
235492,0.37
235501,0.0
235505,0.05
235512,0.03
235519,0.09
235549,0.11
235592,0.16
235597,0.07
235601,0.0
235602,0.04
235612,0.03
235617,0.02
235622,0.01
235636,0.02
235641,0.01
235644,0.07
235645,0.01
235651,0.02
235664,0.08
235668,0.41
235677,0.22
235692,0.01
235693,0.06
235698,0.02
235722,0.17
235741,0.03
235743,0.36
235752,0.0
235757,0.09
235766,0.02
235768,0.02
235769,0.19
235775,0.09
235778,0.21
235782,0.23
235791,0.2
235792,0.03
235796,0.02
235797,0.11
235799,0.21
235803,0.01
235804,0.14
235809,0.04
235811,0.01
235812,0.04
235827,0.13
235837,0.0
235839,0.05
235850,0.26
235852,0.02
235854,0.07
235860,0.02
235862,0.03
235869,0.08
235877,0.03
235889,0.04
235890,0.25
235891,0.04
235893,0.11
235900,0.05
235901,0.07
235914,0.03
235915,0.42
235924,0.19
235950,0.0
235968,0.09
235977,0.04
235978,0.02
235980,0.02
235990,0.07
235999,0.01
236002,0.1
236022,0.12
236033,0.06
236034,0.09
236037,0.48
236038,0.05
236039,0.14
236040,0.18
236053,0.22
236064,0.03
236068,0.01
236069,0.02
236094,0.03
236107,0.08
236123,0.14
236143,0.0
236214,0.0
236215,0.02
236221,0.15
236229,0.02
236234,0.02
236236,0.03
236237,0.05
236239,0.04
236266,0.18
236271,0.05
236283,0.01
236286,0.01
236287,0.33
236289,0.01
236293,0.1
236302,0.01
236303,0.07
236313,0.04
236324,0.05
236330,0.04
236332,0.1
236345,0.16
236350,0.04
236352,0.06
236359,0.03
236362,0.1
236373,0.03
236378,0.0
236391,0.12
236395,0.14
236412,0.08
236418,0.05
236421,0.07
236451,0.03
236454,0.01
236457,0.0
236463,0.16
236469,0.03
236476,0.02
236485,0.12
236508,0.04
236509,0.05
236525,0.11
236527,0.08
236529,0.29
236555,0.22
236562,0.12
236568,0.25
236569,0.09
236580,0.03
236581,0.02
236583,0.04
236586,0.32
236594,0.0
236631,0.01
236632,0.18
236634,0.02
236638,0.04
236643,0.02
236648,0.05
236655,0.25
236656,0.05
236657,0.0
236663,0.02
236681,0.03
236683,0.02
236691,0.02
236698,0.26
236713,0.02
236727,0.47
236732,0.0
236733,0.01
236735,0.06
236737,0.03
236749,0.07
236750,0.02
236752,0.14
236765,0.05
236766,0.05
236769,0.01
236771,0.1
236774,0.08
236775,0.02
236790,0.16
236793,0.02
236797,0.27
236798,0.01
236809,0.07
236821,0.0
236831,0.03
236836,0.08
236838,0.14
236849,0.07
236852,0.1
236860,0.03
236862,0.05
236865,0.05
236873,0.01
236885,0.04
236891,0.0
236894,0.23
236904,0.03
236905,0.02
236911,0.02
236939,0.03
236948,0.04
236950,0.02
236957,0.0
236965,0.02
236974,0.01
236975,0.02
236981,0.12
236985,0.01
236995,0.11
237023,0.0
237025,0.01
237038,0.01
237058,0.1
237060,0.0
237078,0.06
237079,0.05
237080,0.12
237084,0.0
237086,0.04
237087,0.16
237091,0.19
237092,0.03
237093,0.06
237094,0.13
237103,0.0
237116,0.04
237118,0.02
237126,0.07
237136,0.0
237144,0.18
237149,0.07
237150,0.01
237157,0.04
237158,0.0
237170,0.07
237171,0.02
237193,0.05
237196,0.04
237200,0.05
237248,0.11
237254,0.15
237256,0.12
237257,0.02
237267,0.11
237268,0.01
237269,0.01
237271,0.03
237280,0.08
237301,0.01
237304,0.13
237308,0.07
237311,0.04
237334,0.03
237338,0.08
237344,0.08
237361,0.0
237362,0.06
237368,0.31
237369,0.05
237371,0.12
237373,0.18
237377,0.04
237378,0.01
237383,0.02
237386,0.0
237392,0.01
237399,0.02
237408,0.07
237411,0.06
237414,0.05
237417,0.03
237424,0.22
237439,0.01
237457,0.02
237458,0.14
237459,0.03
237471,0.04
237474,0.03
237475,0.18
237476,0.04
237490,0.12
237491,0.24
237495,0.07
237501,0.06
237512,0.04
237516,0.0
237518,0.1
237528,0.08
237529,0.2
237537,0.31
237543,0.1
237547,0.18
237552,0.06
237563,0.13
237585,0.07
237598,0.0
237606,0.0
237624,0.08
237632,0.06
237635,0.02
237640,0.02
237642,0.09
237647,0.04
237648,0.03
237651,0.08
237657,0.0
237663,0.07
237692,0.02
237701,0.05
237715,0.0
237726,0.18
237728,0.07
237731,0.0
237732,0.19
237746,0.13
237759,0.01
237768,0.01
237772,0.45
237780,0.11
237787,0.11
237792,0.25
237804,0.01
237812,0.04
237815,0.02
237821,0.04
237827,0.03
237845,0.04
237862,0.11
237869,0.12
237872,0.06
237900,0.35
237909,0.03
237917,0.19
237921,0.0
237951,0.52
237952,0.05
237957,0.0
237960,0.14
237963,0.09
237973,0.03
237984,0.04
237990,0.33
237997,0.02
237998,0.02
238025,0.06
238027,0.02
238052,0.0
238053,0.01
238054,0.27
238065,0.04
238066,0.0
238075,0.18
238082,0.05
238087,0.13
238114,0.03
238117,0.16
238127,0.12
238129,0.2
238133,0.05
238135,0.07
238152,0.04
238157,0.06
238163,0.01
238170,0.0
238176,0.0
238180,0.14
238195,0.03
238198,0.0
238199,0.02
238206,0.18
238218,0.11
238219,0.01
238222,0.07
238224,0.02
238230,0.04
238237,0.04
238238,0.08
238247,0.1
238254,0.0
238256,0.0
238257,0.05
238270,0.14
238278,0.05
238279,0.24
238282,0.03
238286,0.06
238293,0.0
238298,0.07
238299,0.01
238306,0.1
238307,0.09
238308,0.17
238322,0.01
238327,0.04
238328,0.2
238330,0.0
238335,0.06
238347,0.11
238355,0.34
238356,0.24
238361,0.0
238367,0.04
238377,0.1
238413,0.04
238419,0.0
238436,0.04
238437,0.12
238443,0.04
238450,0.01
238452,0.03
238453,0.13
238454,0.31
238457,0.1
238467,0.19
238469,0.01
238470,0.02
238474,0.3
238478,0.09
238480,0.1
238492,0.0
238496,0.11
238500,0.04
238508,0.09
238512,0.01
238520,0.01
238540,0.02
238548,0.03
238549,0.01
238550,0.03
238563,0.01
238586,0.05
238607,0.04
238608,0.04
238615,0.09
238623,0.03
238627,0.14
238630,0.26
238635,0.1
238638,0.16
238642,0.02
238646,0.03
238656,0.03
238665,0.01
238674,0.12
238687,0.02
238702,0.27
238703,0.02
238705,0.07
238712,0.32
238716,0.16
238717,0.11
238718,0.01
238747,0.02
238754,0.37
238767,0.08
238793,0.01
238794,0.13
238796,0.04
238806,0.04
238832,0.14
238833,0.02
238840,0.14
238850,0.01
238853,0.0
238855,0.0
238858,0.06
238867,0.42
238868,0.0
238869,0.57
238873,0.02
238879,0.33
238893,0.06
238903,0.02
238904,0.53
238906,0.13
238928,0.03
238933,0.01
238941,0.1
238945,0.07
238947,0.04
238954,0.07
238963,0.02
238986,0.25
239003,0.24
239018,0.01
239019,0.12
239020,0.14
239021,0.14
239031,0.01
239042,0.07
239051,0.02
239056,0.13
239058,0.02
239075,0.13
239078,0.21
239079,0.03
239081,0.0
239082,0.01
239085,0.09
239100,0.06
239104,0.01
239120,0.07
239123,0.01
239140,0.23
239144,0.03
239145,0.03
239146,0.01
239153,0.0
239155,0.01
239161,0.01
239168,0.11
239177,0.11
239180,0.14
239193,0.0
239199,0.0
239206,0.14
239207,0.06
239209,0.0
239221,0.09
239225,0.03
239227,0.12
239237,0.01
239249,0.04
239273,0.23
239282,0.06
239290,0.18
239298,0.05
239302,0.15
239307,0.23
239309,0.08
239314,0.08
239319,0.29
239328,0.09
239334,0.03
239343,0.02
239344,0.01
239356,0.09
239357,0.15
239428,0.0
239429,0.03
239453,0.0
239471,0.32
239479,0.03
239480,0.13
239485,0.01
239489,0.1
239518,0.17
239522,0.08
239525,0.02
239540,0.08
239567,0.06
239573,0.18
239574,0.03
239578,0.08
239587,0.02
239588,0.05
239597,0.0
239603,0.03
239612,0.11
239616,0.13
239617,0.12
239618,0.38
239631,0.03
239639,0.25
239644,0.06
239672,0.05
239680,0.16
239685,0.0
239687,0.0
239715,0.08
239722,0.38
239733,0.0
239746,0.02
239748,0.02
239760,0.12
239765,0.12
239766,0.2
239774,0.07
239775,0.06
239788,0.34
239795,0.18
239796,0.15
239801,0.02
239808,0.02
239816,0.0
239819,0.05
239825,0.0
239832,0.15
239840,0.21
239845,0.01
239853,0.01
239862,0.1
239867,0.17
239873,0.2
239884,0.15
239920,0.03
239924,0.02
239937,0.01
239938,0.06
239948,0.12
239951,0.09
239952,0.1
239996,0.0
239998,0.19
240013,0.06
240027,0.07
240028,0.06
240036,0.16
240041,0.16
240046,0.07
240063,0.0
240076,0.0
240082,0.21
240086,0.03
240087,0.0
240089,0.04
240090,0.03
240093,0.13
240110,0.09
240111,0.15
240113,0.03
240117,0.01
240118,0.08
240120,0.13
240125,0.24
240130,0.12
240131,0.3
240133,0.0
240138,0.1
240149,0.25
240161,0.14
240177,0.3
240188,0.27
240197,0.03
240204,0.11
240215,0.01
240257,0.16
240266,0.01
240284,0.08
240296,0.03
240300,0.0
240312,0.0
240314,0.12
240320,0.05
240321,0.06
240337,0.05
240339,0.04
240341,0.25
240342,0.14
240346,0.06
240348,0.11
240364,0.08
240378,0.05
240382,0.04
240387,0.03
240404,0.03
240409,0.02
240412,0.05
240413,0.04
240414,0.11
240415,0.01
240416,0.05
240427,0.03
240428,0.09
240438,0.08
240447,0.19
240489,0.06
240494,0.19
240495,0.0
240507,0.06
240526,0.11
240530,0.08
240531,0.05
240554,0.01
240559,0.12
240561,0.08
240577,0.13
240578,0.03
240585,0.07
240587,0.09
240594,0.1
240603,0.01
240615,0.1
240629,0.02
240631,0.04
240637,0.07
240646,0.67
240649,0.1
240657,0.03
240664,0.05
240665,0.25
240668,0.08
240670,0.07
240685,0.14
240689,0.2
240702,0.1
240707,0.02
240709,0.05
240712,0.4
240716,0.01
240717,0.05
240725,0.04
240733,0.03
240742,0.18
240744,0.09
240819,0.09
240820,0.02
240826,0.25
240836,0.21
240839,0.12
240847,0.33
240859,0.22
240866,0.13
240868,0.03
240875,0.01
240878,0.02
240888,0.08
240896,0.01
240897,0.03
240898,0.21
240899,0.12
240900,0.05
240901,0.09
240902,0.06
240903,0.1
240904,0.16
240910,0.0
240916,0.02
240921,0.05
240923,0.03
240929,0.06
240930,0.03
240931,0.03
240932,0.0
240938,0.36
240943,0.09
240948,0.02
240954,0.0
240972,0.06
240992,0.03
240993,0.06
240994,0.1
241018,0.02
241026,0.02
241031,0.02
241052,0.09
241060,0.04
241076,0.04
241113,0.05
241116,0.06
241118,0.01
241121,0.11
241130,0.22
241142,0.02
241146,0.14
241159,0.02
241160,0.1
241161,0.26
241163,0.58
241176,0.17
241187,0.0
241188,0.05
241191,0.04
241192,0.13
241198,0.17
241208,0.11
241210,0.08
241226,0.06
241244,0.08
241252,0.1
241254,0.01
241256,0.07
241264,0.06
241266,0.06
241267,0.07
241274,0.02
241279,0.02
241281,0.12
241284,0.0
241293,0.01
241330,0.02
241333,0.01
241344,0.46
241348,0.16
241359,0.1
241362,0.2
241372,0.01
241377,0.01
241381,0.06
241390,0.01
241395,0.0
241397,0.05
241401,0.02
241402,0.24
241415,0.03
241417,0.15
241426,0.28
241432,0.07
241436,0.04
241444,0.06
241447,0.03
241456,0.18
241457,0.0
241464,0.02
241465,0.08
241469,0.09
241479,0.05
241482,0.05
241488,0.25
241489,0.19
241507,0.23
241509,0.14
241511,0.05
241520,0.01
241523,0.0
241536,0.05
241545,0.04
241574,0.02
241577,0.24
241599,0.22
241608,0.08
241627,0.01
241631,0.02
241640,0.05
241642,0.01
241645,0.09
241647,0.07
241649,0.16
241654,0.27
241655,0.45
241657,0.09
241665,0.06
241671,0.03
241678,0.2
241683,0.24
241686,0.01
241699,0.0
241704,0.2
241706,0.15
241709,0.01
241718,0.01
241723,0.27
241729,0.0
241739,0.14
241741,0.02
241752,0.13
241756,0.01
241763,0.1
241779,0.17
241793,0.02
241797,0.31
241804,0.15
241813,0.0
241816,0.08
241817,0.09
241821,0.03
241838,0.15
241839,0.42
241855,0.16
241857,0.04
241887,0.03
241888,0.02
241899,0.28
241903,0.04
241908,0.17
241914,0.05
241919,0.05
241933,0.05
241943,0.01
241947,0.02
241957,0.1
241960,0.06
241961,0.02
241965,0.02
241971,0.03
241982,0.0
241990,0.0
242011,0.21
242022,0.01
242023,0.11
242025,0.33
242035,0.06
242037,0.09
242043,0.05
242067,0.06
242075,0.01
242077,0.06
242088,0.16
242103,0.06
242125,0.02
242134,0.48
242143,0.04
242144,0.01
242148,0.05
242155,0.07
242163,0.03
242171,0.01
242182,0.1
242185,0.01
242188,0.19
242201,0.37
242203,0.09
242204,0.04
242208,0.07
242210,0.08
242217,0.13
242219,0.09
242222,0.05
242224,0.19
242229,0.08
242231,0.17
242236,0.2
242256,0.1
242264,0.04
242269,0.07
242280,0.14
242281,0.0
242285,0.07
242295,0.0
242302,0.18
242314,0.02
242319,0.04
242332,0.08
242338,0.01
242342,0.3
242343,0.02
242345,0.0
242354,0.01
242361,0.03
242365,0.33
242373,0.07
242378,0.11
242383,0.04
242385,0.18
242389,0.02
242397,0.28
242404,0.31
242406,0.09
242410,0.04
242436,0.01
242439,0.06
242440,0.03
242444,0.02
242445,0.16
242455,0.09
242477,0.04
242479,0.17
242484,0.03
242491,0.04
242492,0.04
242497,0.08
242498,0.04
242499,0.17
242500,0.13
242501,0.09
242502,0.08
242516,0.01
242518,0.03
242523,0.17
242525,0.1
242537,0.04
242549,0.01
242550,0.1
242553,0.0
242554,0.0
242561,0.06
242566,0.15
242567,0.29
242587,0.03
242598,0.07
242609,0.18
242611,0.01
242614,0.32
242617,0.38
242622,0.07
242623,0.02
242629,0.07
242633,0.09
242636,0.34
242637,0.04
242642,0.03
242651,0.1
242655,0.1
242667,0.0
242668,0.09
242670,0.03
242681,0.02
242689,0.01
242690,0.19
242692,0.05
242693,0.01
242699,0.03
242706,0.08
242712,0.38
242714,0.07
242715,0.01
242721,0.25
242725,0.07
242728,0.06
242740,0.03
242741,0.04
242762,0.11
242766,0.02
242772,0.01
242779,0.04
242782,0.11
242795,0.34
242796,0.03
242800,0.06
242810,0.04
242816,0.05
242824,0.07
242829,0.12
242833,0.04
242837,0.01
242851,0.02
242857,0.1
242858,0.12
242860,0.01
242874,0.01
242876,0.04
242877,0.0
242879,0.07
242890,0.16
242897,0.01
242898,0.07
242904,0.02
242916,0.01
242920,0.1
242924,0.23
242930,0.0
242936,0.23
242938,0.11
242951,0.0
242952,0.01
242956,0.02
242970,0.37
242972,0.06
242973,0.01
242975,0.12
242979,0.46
242985,0.01
242989,0.0
242994,0.18
242996,0.37
243004,0.06
243013,0.02
243015,0.01
243017,0.14
243022,0.02
243075,0.11
243077,0.08
243089,0.16
243096,0.05
243099,0.0
243109,0.01
243110,0.03
243111,0.0
243112,0.15
243114,0.21
243124,0.43
243128,0.04
243136,0.02
243143,0.08
243148,0.02
243151,0.03
243152,0.01
243163,0.08
243170,0.04
243173,0.01
243184,0.06
243187,0.02
243193,0.02
243206,0.08
243208,0.0
243236,0.05
243237,0.12
243241,0.03
243244,0.08
243251,0.07
243256,0.05
243257,0.04
243263,0.05
243265,0.04
243276,0.11
243283,0.08
243287,0.03
243289,0.06
243291,0.03
243294,0.03
243299,0.31
243301,0.17
243302,0.49
243310,0.05
243313,0.33
243334,0.25
243335,0.09
243345,0.14
243353,0.05
243369,0.04
243371,0.35
243375,0.23
243383,0.19
243387,0.03
243390,0.17
243398,0.01
243399,0.18
243401,0.11
243412,0.01
243430,0.19
243433,0.04
243440,0.02
243445,0.1
243475,0.03
243481,0.07
243501,0.38
243518,0.24
243528,0.04
243544,0.03
243550,0.01
243555,0.09
243558,0.14
243559,0.23
243569,0.39
243580,0.02
243581,0.01
243590,0.02
243611,0.09
243619,0.01
243643,0.15
243659,0.04
243664,0.12
243665,0.16
243679,0.01
243680,0.09
243681,0.06
243689,0.22
243699,0.07
243700,0.11
243703,0.15
243714,0.45
243734,0.01
243741,0.12
243747,0.09
243757,0.22
243764,0.18
243766,0.05
243770,0.03
243774,0.16
243777,0.01
243778,0.04
243783,0.12
243788,0.09
243801,0.03
243802,0.02
243805,0.41
243821,0.1
243828,0.03
243831,0.04
243838,0.2
243850,0.02
243861,0.27
243871,0.44
243873,0.0
243874,0.15
243875,0.08
243891,0.06
243893,0.01
243900,0.03
243907,0.17
243908,0.19
243916,0.11
243921,0.03
243943,0.08
243958,0.12
243963,0.28
243965,0.1
243968,0.02
243978,0.12
243993,0.21
243996,0.06
244004,0.07
244006,0.05
244045,0.02
244046,0.0
244047,0.02
244049,0.11
244051,0.09
244058,0.07
244093,0.01
244100,0.08
244102,0.17
244104,0.08
244108,0.0
244112,0.08
244114,0.07
244134,0.14
244136,0.03
244140,0.08
244151,0.27
244152,0.01
244164,0.1
244168,0.0
244173,0.02
244176,0.08
244179,0.01
244189,0.25
244201,0.08
244205,0.09
244212,0.18
244216,0.05
244226,0.05
244228,0.01
244238,0.27
244246,0.02
244252,0.12
244257,0.07
244266,0.01
244268,0.14
244280,0.06
244290,0.25
244294,0.08
244295,0.06
244296,0.23
244298,0.05
244307,0.1
244321,0.01
244322,0.05
244324,0.01
244335,0.05
244346,0.17
244364,0.06
244372,0.11
244377,0.04
244387,0.37
244388,0.14
244395,0.07
244396,0.02
244403,0.05
244416,0.11
244417,0.03
244420,0.06
244421,0.1
244428,0.0
244429,0.12
244432,0.09
244456,0.07
244460,0.14
244461,0.18
244464,0.03
244470,0.03
244475,0.14
244484,0.2
244487,0.03
244489,0.12
244498,0.09
244526,0.03
244529,0.2
244534,0.14
244536,0.16
244543,0.17
244545,0.09
244555,0.18
244560,0.12
244562,0.37
244570,0.04
244572,0.16
244574,0.3
244605,0.06
244612,0.07
244624,0.01
244631,0.04
244632,0.13
244643,0.08
244652,0.11
244666,0.02
244671,0.02
244672,0.01
244683,0.17
244690,0.03
244696,0.02
244703,0.01
244710,0.11
244713,0.0
244719,0.04
244724,0.06
244736,0.02
244763,0.18
244764,0.23
244765,0.4
244767,0.09
244772,0.09
244786,0.03
244789,0.01
244794,0.04
244799,0.0
244810,0.09
244815,0.02
244830,0.07
244848,0.11
244852,0.04
244866,0.01
244867,0.03
244874,0.0
244887,0.01
244891,0.1
244897,0.55
244898,0.05
244909,0.09
244910,0.0
244913,0.06
244925,0.19
244928,0.0
244932,0.01
244942,0.0
244943,0.18
244949,0.09
244954,0.09
244971,0.08
244973,0.39
244989,0.11
245001,0.19
245012,0.19
245026,0.34
245030,0.02
245036,0.14
245049,0.46
245057,0.1
245062,0.03
245063,0.16
245074,0.03
245076,0.29
245105,0.24
245106,0.01
245121,0.11
245124,0.1
245129,0.11
245133,0.51
245138,0.06
245150,0.2
245156,0.08
245157,0.21
245168,0.0
245170,0.01
245177,0.05
245178,0.03
245182,0.01
245208,0.02
245219,0.03
245221,0.01
245222,0.02
245224,0.06
245225,0.01
245233,0.07
245234,0.11
245244,0.04
245253,0.11
245260,0.05
245272,0.01
245281,0.09
245296,0.08
245297,0.14
245303,0.05
245309,0.04
245313,0.16
245316,0.04
245328,0.1
245344,0.11
245351,0.06
245357,0.09
245367,0.02
245369,0.5
245376,0.13
245381,0.02
245411,0.07
245426,0.11
245428,0.01
245430,0.17
245437,0.13
245443,0.01
245450,0.03
245452,0.24
245468,0.03
245481,0.01
245486,0.03
245496,0.03
245501,0.03
245502,0.01
245503,0.0
245564,0.09
245567,0.02
245568,0.05
245576,0.25
245577,0.08
245578,0.04
245595,0.03
245598,0.07
245604,0.0
245611,0.05
245615,0.03
245617,0.0
245627,0.16
245659,0.07
245661,0.17
245681,0.02
245687,0.04
245697,0.06
245708,0.08
245713,0.07
245717,0.16
245720,0.01
245721,0.2
245724,0.08
245728,0.0
245738,0.01
245746,0.05
245747,0.16
245748,0.08
245766,0.0
245767,0.09
245784,0.01
245792,0.03
245802,0.08
245804,0.08
245815,0.01
245820,0.11
245830,0.06
245834,0.0
245836,0.05
245844,0.07
245853,0.02
245862,0.06
245863,0.04
245882,0.01
245892,0.02
245906,0.38
245913,0.02
245926,0.0
245932,0.01
245933,0.02
245934,0.02
245939,0.34
245948,0.07
245955,0.14
245957,0.01
245967,0.05
245979,0.02
245980,0.04
245989,0.04
245992,0.01
245994,0.02
246006,0.08
246010,0.01
246017,0.02
246041,0.01
246045,0.02
246053,0.03
246057,0.26
246059,0.06
246061,0.03
246079,0.01
246082,0.11
246089,0.1
246091,0.0
246102,0.05
246127,0.11
246134,0.04
246135,0.03
246138,0.43
246143,0.03
246146,0.32
246148,0.22
246152,0.26
246155,0.07
246164,0.01
246171,0.02
246185,0.04
246192,0.41
246200,0.01
246208,0.09
246210,0.15
246213,0.05
246214,0.18
246229,0.03
246242,0.13
246250,0.14
246258,0.02
246267,0.16
246273,0.02
246287,0.0
246289,0.11
246290,0.35
246302,0.01
246303,0.02
246304,0.03
246312,0.14
246319,0.18
246321,0.02
246335,0.02
246337,0.08
246348,0.06
246358,0.19
246362,0.15
246369,0.03
246374,0.18
246382,0.2
246384,0.03
246386,0.28
246390,0.08
246396,0.02
246400,0.14
246401,0.03
246405,0.1
246415,0.05
246416,0.01
246418,0.16
246422,0.01
246423,0.01
246426,0.12
246429,0.21
246432,0.02
246444,0.07
246448,0.22
246455,0.06
246469,0.06
246482,0.01
246488,0.08
246489,0.27
246491,0.08
246502,0.04
246516,0.0
246524,0.04
246525,0.26
246543,0.19
246550,0.05
246554,0.25
246558,0.2
246559,0.04
246560,0.06
246561,0.1
246562,0.08
246564,0.09
246585,0.4
246615,0.09
246618,0.01
246619,0.06
246621,0.02
246624,0.05
246625,0.02
246627,0.33
246628,0.01
246631,0.05
246633,0.03
246654,0.08
246660,0.02
246665,0.17
246669,0.06
246681,0.06
246700,0.19
246705,0.07
246708,0.0
246711,0.11
246724,0.23
246740,0.05
246744,0.14
246745,0.22
246746,0.03
246748,0.01
246752,0.08
246758,0.15
246762,0.0
246765,0.04
246786,0.08
246798,0.01
246807,0.0
246816,0.3
246820,0.05
246833,0.01
246835,0.16
246836,0.06
246845,0.1
246849,0.13
246857,0.05
246861,0.02
246871,0.01
246872,0.08
246877,0.02
246879,0.0
246894,0.09
246896,0.05
246905,0.07
246907,0.12
246928,0.05
246935,0.02
246939,0.13
246947,0.01
246951,0.0
246956,0.02
246972,0.02
246979,0.06
247003,0.05
247005,0.47
247006,0.06
247008,0.0
247014,0.15
247027,0.0
247032,0.05
247036,0.09
247080,0.04
247083,0.06
247086,0.1
247092,0.04
247098,0.0
247103,0.31
247105,0.01
247108,0.01
247118,0.02
247123,0.02
247129,0.27
247139,0.05
247147,0.1
247153,0.22
247157,0.07
247179,0.01
247190,0.09
247213,0.05
247220,0.09
247234,0.05
247260,0.02
247265,0.1
247269,0.31
247272,0.0
247277,0.0
247278,0.38
247280,0.04
247290,0.05
247296,0.08
247314,0.1
247316,0.05
247328,0.08
247332,0.05
247336,0.21
247340,0.21
247342,0.05
247347,0.08
247350,0.16
247351,0.07
247353,0.06
247354,0.01
247360,0.01
247371,0.12
247378,0.05
247394,0.22
247402,0.02
247406,0.22
247409,0.04
247446,0.08
247453,0.0
247455,0.15
247463,0.02
247484,0.0
247485,0.06
247492,0.05
247497,0.07
247510,0.18
247521,0.03
247527,0.12
247534,0.29
247537,0.08
247558,0.19
247559,0.03
247560,0.36
247567,0.17
247572,0.28
247582,0.02
247583,0.15
247594,0.06
247595,0.29
247597,0.05
247598,0.02
247607,0.06
247619,0.24
247632,0.21
247638,0.06
247639,0.16
247646,0.01
247655,0.0
247660,0.02
247672,0.03
247677,0.08
247682,0.03
247685,0.19
247690,0.05
247701,0.03
247708,0.06
247715,0.07
247734,0.03
247758,0.08
247761,0.01
247763,0.04
247766,0.41
247774,0.12
247775,0.03
247779,0.08
247781,0.03
247783,0.1
247785,0.05
247787,0.0
247793,0.01
247798,0.01
247802,0.2
247805,0.05
247814,0.0
247816,0.03
247834,0.05
247836,0.01
247844,0.06
247849,0.11
247852,0.0
247859,0.06
247861,0.31
247867,0.01
247868,0.09
247883,0.1
247890,0.01
247892,0.43
247896,0.0
247897,0.03
247902,0.01
247904,0.0
247909,0.02
247910,0.01
247911,0.07
247929,0.02
247930,0.06
247935,0.08
247942,0.54
247950,0.08
247951,0.03
247972,0.1
247989,0.01
247993,0.08
247995,0.11
248012,0.01
248018,0.09
248019,0.1
248036,0.0
248037,0.09
248039,0.01
248040,0.24
248043,0.0
248054,0.04
248056,0.1
248068,0.16
248075,0.04
248085,0.02
248087,0.05
248089,0.05
248095,0.01
248105,0.07
248109,0.08
248115,0.0
248131,0.04
248135,0.11
248148,0.04
248154,0.08
248156,0.06
248165,0.2
248169,0.1
248173,0.08
248179,0.01
248187,0.02
248204,0.01
248207,0.07
248210,0.19
248212,0.11
248214,0.06
248229,0.1
248236,0.02
248239,0.07
248240,0.2
248246,0.04
248249,0.08
248261,0.02
248267,0.19
248268,0.03
248272,0.05
248276,0.05
248293,0.04
248303,0.09
248307,0.03
248308,0.18
248327,0.03
248330,0.08
248345,0.1
248355,0.01
248364,0.01
248368,0.1
248373,0.04
248375,0.21
248378,0.06
248390,0.03
248394,0.03
248405,0.02
248409,0.02
248411,0.02
248415,0.04
248416,0.08
248419,0.08
248421,0.01
248422,0.05
248424,0.0
248427,0.01
248429,0.15
248435,0.02
248452,0.12
248461,0.07
248467,0.16
248472,0.21
248473,0.06
248476,0.03
248488,0.05
248489,0.24
248505,0.01
248509,0.23
248510,0.31
248512,0.11
248524,0.42
248526,0.15
248528,0.04
248533,0.02
248546,0.06
248568,0.06
248570,0.1
248579,0.08
248583,0.02
248585,0.04
248586,0.16
248596,0.0
248597,0.39
248601,0.01
248605,0.07
248613,0.06
248618,0.15
248622,0.04
248626,0.0
248627,0.01
248628,0.02
248635,0.06
248636,0.07
248644,0.05
248667,0.17
248675,0.1
248677,0.1
248693,0.05
248694,0.04
248699,0.03
248706,0.29
248726,0.25
248728,0.02
248731,0.09
248736,0.1
248738,0.1
248739,0.04
248744,0.1
248745,0.09
248756,0.01
248760,0.01
248767,0.2
248770,0.2
248772,0.01
248773,0.01
248785,0.04
248789,0.03
248791,0.04
248797,0.08
248826,0.04
248853,0.06
248854,0.01
248856,0.05
248861,0.18
248869,0.26
248871,0.03
248877,0.01
248883,0.12
248891,0.02
248892,0.13
248905,0.11
248910,0.04
248914,0.01
248921,0.01
248931,0.12
248934,0.02
248951,0.01
248954,0.01
248961,0.03
248966,0.02
248968,0.11
248977,0.05
248978,0.02
248986,0.12
249000,0.01
249005,0.13
249025,0.03
249040,0.44
249045,0.01
249056,0.0
249057,0.12
249075,0.12
249084,0.07
249089,0.02
249095,0.16
249101,0.16
249113,0.27
249116,0.03
249118,0.02
249137,0.04
249140,0.05
249149,0.03
249151,0.08
249154,0.31
249155,0.11
249171,0.14
249173,0.36
249190,0.13
249191,0.0
249197,0.01
249205,0.25
249212,0.14
249228,0.03
249235,0.21
249266,0.01
249269,0.04
249277,0.04
249298,0.0
249305,0.18
249310,0.14
249313,0.1
249320,0.16
249321,0.0
249332,0.0
249333,0.32
249339,0.16
249343,0.39
249345,0.04
249347,0.11
249348,0.1
249358,0.02
249370,0.37
249382,0.16
249397,0.0
249398,0.01
249400,0.06
249403,0.68
249412,0.13
249421,0.2
249422,0.12
249426,0.02
249445,0.05
249460,0.01
249465,0.0
249467,0.01
249481,0.2
249495,0.0
249496,0.0
249505,0.03
249507,0.04
249523,0.05
249528,0.12
249532,0.21
249534,0.14
249540,0.02
249542,0.13
249557,0.0
249559,0.22
249578,0.01
249581,0.0
249588,0.14
249595,0.11
249603,0.05
249615,0.02
249630,0.01
249636,0.11
249640,0.04
249648,0.02
249657,0.02
249661,0.03
249664,0.04
249668,0.14
249677,0.11
249681,0.05
249687,0.11
249688,0.04
249695,0.43
249703,0.01
249705,0.07
249718,0.16
249719,0.14
249720,0.25
249726,0.01
249728,0.11
249742,0.02
249764,0.19
249768,0.2
249770,0.04
249774,0.02
249779,0.07
249783,0.01
249801,0.56
249808,0.03
249818,0.06
249820,0.25
249832,0.25
249839,0.03
249843,0.1
249845,0.26
249847,0.13
249878,0.3
249883,0.01
249895,0.04
249898,0.02
249906,0.02
249909,0.01
249913,0.03
249920,0.03
249921,0.0
249928,0.07
249941,0.02
249951,0.0
249955,0.07
250020,0.05
250022,0.02
250026,0.13
250038,0.07
250045,0.2
250048,0.0
250049,0.06
250051,0.0
250056,0.17
250073,0.01
250085,0.01
250088,0.28
250091,0.17
250092,0.03
250093,0.02
250095,0.06
250098,0.11
250105,0.13
250114,0.3
250127,0.1
250134,0.37
250137,0.01
250153,0.11
250156,0.13
250176,0.14
250188,0.04
250189,0.03
250211,0.15
250212,0.16
250217,0.04
250226,0.06
250236,0.72
250237,0.05
250246,0.08
250270,0.04
250276,0.31
250299,0.02
250311,0.02
250312,0.06
250319,0.07
250324,0.12
250331,0.06
250340,0.06
250347,0.0
250354,0.07
250358,0.07
250359,0.03
250361,0.17
250363,0.04
250371,0.1
250377,0.08
250381,0.01
250391,0.06
250415,0.02
250416,0.35
250430,0.19
250431,0.02
250438,0.09
250444,0.05
250453,0.04
250458,0.0
250462,0.24
250469,0.0
250473,0.02
250481,0.25
250498,0.21
250502,0.08
250508,0.04
250514,0.01
250521,0.0
250522,0.21
250530,0.04
250531,0.02
250533,0.02
250539,0.01
250541,0.09
250545,0.09
250557,0.28
250576,0.06
250579,0.04
250585,0.18
250586,0.04
250591,0.08
250592,0.02
250596,0.07
250616,0.02
250617,0.05
250632,0.06
250636,0.27
250640,0.09
250657,0.12
250658,0.04
250661,0.06
250684,0.12
250685,0.02
250691,0.17
250692,0.28
250712,0.01
250713,0.0
250719,0.07
250737,0.26
250749,0.03
250772,0.07
250773,0.16
250774,0.02
250781,0.07
250783,0.0
250810,0.11
250814,0.03
250819,0.03
250831,0.04
250855,0.02
250867,0.22
250878,0.06
250887,0.04
250889,0.0
250890,0.0
250900,0.11
250904,0.11
250909,0.05
250913,0.1
250914,0.0
250915,0.14
250918,0.07
250922,0.14
250925,0.02
250939,0.06
250949,0.14
250956,0.03
250961,0.03
250963,0.09
250965,0.04
250968,0.06
250970,0.12
250981,0.11
250990,0.01
251001,0.01
251002,0.01
251011,0.17
251013,0.08
251021,0.0
251022,0.09
251029,0.01
251046,0.04
251047,0.06
251058,0.01
251063,0.01
251064,0.04
251073,0.17
251083,0.01
251085,0.03
251091,0.11
251096,0.09
251105,0.1
251115,0.12
251123,0.01
251133,0.13
251152,0.01
251165,0.02
251180,0.05
251196,0.06
251197,0.12
251214,0.0
251215,0.27
251217,0.07
251219,0.03
251233,0.05
251234,0.01
251245,0.06
251248,0.13
251255,0.01
251267,0.03
251272,0.05
251276,0.04
251288,0.03
251297,0.03
251298,0.04
251300,0.04
251301,0.0
251302,0.03
251303,0.12
251311,0.0
251314,0.09
251322,0.01
251324,0.16
251333,0.11
251336,0.05
251341,0.09
251346,0.03
251370,0.07
251378,0.04
251396,0.02
251401,0.19
251413,0.02
251422,0.03
251423,0.03
251434,0.15
251436,0.06
251443,0.03
251445,0.06
251455,0.01
251465,0.06
251470,0.05
251475,0.39
251488,0.08
251498,0.01
251504,0.18
251506,0.11
251530,0.15
251534,0.2
251538,0.05
251543,0.05
251557,0.09
251558,0.19
251567,0.26
251575,0.44
251579,0.04
251598,0.27
251599,0.16
251606,0.01
251608,0.08
251620,0.09
251624,0.04
251629,0.0
251631,0.01
251654,0.16
251671,0.0
251677,0.03
251682,0.05
251684,0.07
251689,0.08
251700,0.09
251716,0.0
251719,0.13
251727,0.18
251731,0.16
251732,0.0
251737,0.01
251744,0.05
251750,0.04
251754,0.02
251759,0.0
251761,0.08
251762,0.03
251765,0.02
251768,0.04
251770,0.0
251777,0.01
251786,0.07
251795,0.01
251805,0.09
251833,0.06
251839,0.0
251848,0.53
251851,0.1
251893,0.03
251909,0.01
251918,0.06
251920,0.14
251922,0.19
251923,0.14
251926,0.05
251933,0.0
251938,0.03
251948,0.11
251955,0.08
251956,0.08
251957,0.21
251964,0.16
251965,0.0
251966,0.02
251972,0.11
251980,0.09
252003,0.01
252016,0.06
252028,0.02
252032,0.03
252046,0.0
252054,0.01
252060,0.08
252073,0.0
252088,0.04
252092,0.06
252096,0.03
252113,0.05
252115,0.0
252121,0.02
252133,0.02
252135,0.03
252145,0.01
252151,0.0
252167,0.02
252169,0.02
252175,0.04
252189,0.03
252190,0.1
252191,0.28
252198,0.06
252212,0.11
252223,0.05
252224,0.15
252228,0.24
252253,0.0
252257,0.18
252261,0.08
252265,0.29
252272,0.02
252273,0.06
252286,0.34
252312,0.02
252322,0.07
252326,0.07
252332,0.04
252345,0.05
252348,0.03
252354,0.13
252358,0.07
252364,0.07
252366,0.05
252369,0.19
252374,0.06
252382,0.13
252417,0.07
252425,0.32
252426,0.07
252429,0.22
252434,0.14
252447,0.05
252450,0.06
252452,0.31
252460,0.0
252463,0.05
252465,0.1
252492,0.03
252493,0.1
252518,0.03
252522,0.17
252524,0.07
252531,0.02
252533,0.08
252540,0.22
252543,0.0
252544,0.04
252555,0.0
252558,0.14
252562,0.03
252565,0.35
252568,0.0
252569,0.01
252573,0.0
252582,0.01
252596,0.03
252599,0.01
252603,0.01
252606,0.04
252630,0.0
252636,0.02
252651,0.09
252653,0.01
252679,0.37
252682,0.22
252687,0.26
252713,0.0
252715,0.01
252721,0.21
252726,0.08
252746,0.01
252754,0.0
252760,0.02
252762,0.18
252763,0.02
252764,0.05
252768,0.01
252773,0.07
252774,0.08
252782,0.01
252784,0.03
252797,0.03
252798,0.03
252809,0.01
252819,0.01
252840,0.05
252862,0.01
252863,0.07
252865,0.03
252870,0.03
252880,0.07
252881,0.0
252888,0.04
252889,0.06
252894,0.02
252899,0.02
252911,0.0
252918,0.03
252926,0.0
252929,0.07
252932,0.23
252939,0.04
252940,0.06
252970,0.0
252971,0.02
252980,0.07
252981,0.06
252986,0.06
252990,0.03
253004,0.07
253011,0.05
253015,0.02
253022,0.09
253032,0.04
253044,0.55
253056,0.06
253065,0.03
253066,0.01
253067,0.1
253079,0.02
253088,0.09
253098,0.13
253099,0.15
253112,0.06
253113,0.09
253133,0.33
253149,0.04
253151,0.05
253153,0.08
253160,0.03
253164,0.01
253169,0.2
253177,0.0
253183,0.16
253198,0.06
253206,0.0
253214,0.07
253218,0.06
253224,0.1
253227,0.01
253231,0.01
253247,0.23
253251,0.0
253262,0.02
253264,0.0
253265,0.36
253273,0.06
253275,0.06
253278,0.02
253284,0.25
253298,0.05
253313,0.07
253317,0.03
253322,0.02
253326,0.11
253332,0.58
253338,0.03
253339,0.07
253346,0.1
253348,0.21
253350,0.0
253357,0.01
253363,0.13
253365,0.07
253369,0.01
253373,0.03
253378,0.04
253383,0.38
253392,0.06
253395,0.0
253398,0.02
253410,0.04
253419,0.0
253420,0.09
253421,0.24
253441,0.0
253442,0.08
253446,0.01
253447,0.13
253465,0.02
253488,0.15
253492,0.02
253499,0.61
253500,0.09
253501,0.07
253509,0.07
253521,0.0
253534,0.08
253544,0.01
253555,0.27
253557,0.09
253559,0.01
253583,0.15
253587,0.03
253589,0.03
253591,0.01
253596,0.06
253600,0.02
253605,0.02
253620,0.06
253628,0.01
253631,0.37
253634,0.03
253639,0.01
253641,0.04
253661,0.02
253672,0.09
253679,0.0
253683,0.05
253696,0.03
253706,0.24
253708,0.12
253712,0.0
253717,0.15
253720,0.01
253731,0.05
253734,0.09
253743,0.12
253744,0.03
253748,0.0
253754,0.0
253761,0.17
253787,0.31
253788,0.12
253796,0.11
253826,0.22
253829,0.1
253837,0.01
253841,0.04
253843,0.03
253844,0.07
253845,0.0
253849,0.06
253854,0.04
253861,0.0
253863,0.01
253875,0.31
253891,0.11
253894,0.24
253895,0.19
253918,0.06
253930,0.01
253939,0.01
253940,0.03
253945,0.09
253950,0.0
253951,0.05
253964,0.32
253967,0.1
253975,0.45
253986,0.0
253998,0.18
254017,0.0
254025,0.04
254026,0.07
254031,0.09
254035,0.0
254040,0.08
254042,0.0
254047,0.05
254051,0.27
254056,0.02
254060,0.14
254068,0.07
254073,0.18
254088,0.08
254100,0.0
254110,0.26
254115,0.01
254116,0.41
254125,0.04
254130,0.04
254135,0.09
254149,0.15
254161,0.02
254167,0.04
254176,0.0
254205,0.01
254226,0.02
254228,0.46
254238,0.0
254242,0.26
254257,0.22
254261,0.01
254280,0.03
254295,0.01
254316,0.16
254325,0.1
254326,0.06
254327,0.07
254335,0.06
254342,0.15
254347,0.14
254355,0.05
254358,0.02
254359,0.02
254368,0.06
254376,0.06
254382,0.16
254383,0.09
254390,0.01
254392,0.17
254394,0.01
254400,0.02
254406,0.01
254411,0.04
254421,0.04
254435,0.03
254437,0.07
254440,0.03
254460,0.1
254470,0.03
254471,0.04
254472,0.05
254483,0.32
254493,0.0
254513,0.02
254518,0.16
254520,0.16
254534,0.06
254537,0.2
254562,0.07
254567,0.0
254577,0.06
254578,0.06
254580,0.17
254586,0.02
254591,0.12
254593,0.01
254597,0.23
254599,0.02
254613,0.33
254629,0.08
254631,0.0
254633,0.0
254639,0.08
254642,0.04
254650,0.16
254659,0.01
254662,0.06
254671,0.15
254672,0.0
254674,0.12
254676,0.16
254679,0.0
254701,0.04
254722,0.01
254728,0.04
254742,0.03
254748,0.08
254750,0.0
254751,0.0
254753,0.24
254773,0.11
254783,0.03
254805,0.11
254806,0.12
254810,0.07
254817,0.09
254820,0.02
254829,0.06
254835,0.02
254837,0.03
254843,0.18
254850,0.09
254858,0.0
254861,0.0
254884,0.02
254885,0.02
254890,0.04
254910,0.11
254916,0.03
254917,0.05
254920,0.02
254926,0.08
254928,0.04
254930,0.14
254937,0.46
254940,0.0
254953,0.32
254956,0.02
254969,0.1
254982,0.08
254988,0.08
254998,0.04
255013,0.36
255017,0.18
255018,0.0
255029,0.18
255033,0.34
255035,0.02
255061,0.34
255067,0.02
255068,0.08
255070,0.16
255084,0.01
255096,0.09
255106,0.0
255114,0.09
255117,0.02
255135,0.02
255142,0.17
255143,0.04
255146,0.24
255155,0.05
255156,0.13
255158,0.01
255167,0.03
255172,0.04
255199,0.04
255204,0.01
255206,0.09
255210,0.06
255226,0.27
255230,0.0
255253,0.03
255259,0.01
255260,0.06
255278,0.04
255288,0.04
255312,0.11
255317,0.01
255319,0.08
255320,0.19
255322,0.24
255332,0.28
255337,0.02
255344,0.01
255347,0.08
255348,0.07
255351,0.04
255366,0.02
255371,0.01
255372,0.05
255373,0.17
255377,0.07
255378,0.07
255405,0.13
255408,0.03
255425,0.13
255434,0.23
255441,0.06
255442,0.2
255451,0.05
255486,0.07
255490,0.49
255493,0.07
255501,0.36
255503,0.05
255515,0.05
255522,0.19
255526,0.36
255538,0.16
255541,0.03
255546,0.14
255549,0.0
255557,0.03
255564,0.13
255568,0.07
255572,0.04
255581,0.07
255585,0.01
255586,0.25
255596,0.11
255598,0.1
255600,0.03
255619,0.15
255620,0.01
255623,0.12
255631,0.02
255632,0.01
255633,0.17
255646,0.0
255647,0.06
255649,0.07
255659,0.03
255666,0.05
255669,0.13
255674,0.0
255675,0.0
255678,0.1
255682,0.38
255690,0.16
255691,0.0
255694,0.02
255706,0.01
255717,0.01
255720,0.0
255723,0.06
255724,0.36
255729,0.0
255731,0.17
255733,0.05
255734,0.1
255738,0.1
255760,0.0
255766,0.02
255770,0.0
255772,0.02
255775,0.08
255776,0.08
255786,0.05
255795,0.05
255797,0.0
255810,0.04
255813,0.02
255829,0.14
255830,0.01
255832,0.03
255847,0.09
255853,0.28
255876,0.03
255881,0.0
255883,0.03
255891,0.1
255899,0.03
255900,0.09
255906,0.08
255907,0.05
255911,0.05
255921,0.06
255925,0.24
255930,0.04
255941,0.01
255948,0.02
255969,0.2
255973,0.08
255974,0.03
255976,0.08
255977,0.13
255978,0.04
255981,0.08
255988,0.01
255990,0.09
255992,0.16
255998,0.04
256015,0.02
256016,0.02
256036,0.01
256045,0.01
256050,0.07
256066,0.35
256076,0.15
256080,0.1
256083,0.28
256086,0.02
256103,0.02
256108,0.01
256114,0.02
256115,0.09
256139,0.05
256141,0.03
256146,0.16
256150,0.09
256177,0.07
256179,0.02
256194,0.25
256195,0.15
256200,0.18
256204,0.05
256205,0.15
256213,0.03
256222,0.01
256224,0.04
256235,0.08
256264,0.07
256268,0.05
256276,0.0
256277,0.02
256282,0.02
256285,0.04
256293,0.01
256294,0.04
256296,0.01
256297,0.04
256315,0.1
256317,0.01
256334,0.25
256339,0.14
256342,0.19
256345,0.12
256348,0.04
256350,0.02
256351,0.1
256357,0.05
256375,0.19
256377,0.02
256379,0.02
256392,0.01
256398,0.03
256419,0.05
256422,0.0
256424,0.0
256431,0.01
256432,0.12
256438,0.11
256459,0.06
256460,0.32
256506,0.08
256507,0.02
256511,0.04
256513,0.06
256519,0.11
256533,0.17
256539,0.01
256590,0.02
256606,0.1
256614,0.17
256642,0.33
256644,0.06
256653,0.02
256663,0.0
256666,0.11
256669,0.12
256678,0.05
256685,0.09
256705,0.12
256708,0.1
256713,0.12
256715,0.08
256718,0.05
256745,0.08
256752,0.08
256753,0.03
256754,0.02
256763,0.0
256772,0.08
256773,0.08
256774,0.26
256776,0.11
256783,0.04
256790,0.02
256801,0.57
256802,0.22
256803,0.0
256808,0.03
256809,0.05
256810,0.02
256818,0.02
256824,0.01
256825,0.02
256826,0.03
256829,0.07
256834,0.12
256843,0.16
256866,0.31
256875,0.05
256876,0.01
256887,0.0
256888,0.01
256894,0.03
256909,0.02
256918,0.06
256927,0.18
256931,0.01
256933,0.41
256937,0.37
256950,0.2
256955,0.0
256962,0.06
256972,0.03
256985,0.1
256987,0.17
256993,0.0
257000,0.19
257017,0.01
257019,0.04
257020,0.07
257022,0.04
257023,0.1
257025,0.02
257050,0.04
257056,0.12
257060,0.03
257064,0.05
257066,0.01
257071,0.05
257073,0.02
257076,0.03
257084,0.1
257088,0.2
257102,0.18
257118,0.03
257119,0.06
257120,0.01
257131,0.04
257145,0.07
257150,0.0
257154,0.18
257169,0.09
257192,0.15
257200,0.05
257204,0.07
257205,0.12
257213,0.06
257216,0.04
257219,0.07
257232,0.07
257234,0.02
257244,0.13
257251,0.0
257255,0.04
257260,0.1
257263,0.17
257267,0.02
257277,0.01
257293,0.03
257294,0.03
257304,0.06
257307,0.02
257312,0.08
257324,0.05
257325,0.12
257326,0.02
257353,0.01
257354,0.02
257369,0.07
257372,0.11
257375,0.12
257388,0.26
257393,0.04
257395,0.01
257399,0.03
257406,0.01
257409,0.11
257437,0.15
257441,0.08
257442,0.05
257473,0.09
257476,0.02
257477,0.21
257483,0.15
257500,0.06
257506,0.16
257508,0.02
257511,0.06
257514,0.0
257527,0.24
257528,0.01
257545,0.06
257546,0.06
257548,0.04
257551,0.0
257564,0.15
257565,0.27
257567,0.01
257572,0.04
257575,0.14
257577,0.23
257578,0.01
257585,0.0
257589,0.28
257590,0.1
257594,0.12
257596,0.0
257614,0.34
257618,0.36
257624,0.22
257632,0.0
257638,0.05
257644,0.1
257650,0.1
257653,0.14
257660,0.15
257663,0.04
257665,0.27
257677,0.02
257678,0.06
257690,0.07
257700,0.06
257711,0.05
257712,0.27
257715,0.06
257718,0.03
257720,0.04
257740,0.09
257748,0.02
257765,0.07
257768,0.17
257777,0.0
257778,0.04
257785,0.18
257789,0.01
257794,0.06
257796,0.0
257821,0.0
257823,0.23
257832,0.02
257844,0.21
257848,0.15
257854,0.02
257861,0.12
257872,0.2
257875,0.08
257876,0.11
257883,0.03
257888,0.04
257895,0.16
257900,0.12
257906,0.05
257907,0.41
257920,0.53
257921,0.02
257926,0.09
257932,0.01
257940,0.0
257947,0.07
257953,0.07
257958,0.02
257967,0.01
257977,0.06
257986,0.03
258012,0.03
258013,0.18
258031,0.08
258034,0.01
258037,0.49
258051,0.46
258056,0.0
258058,0.01
258066,0.02
258074,0.12
258077,0.0
258090,0.03
258109,0.0
258114,0.0
258124,0.02
258127,0.22
258141,0.06
258148,0.02
258151,0.1
258163,0.1
258166,0.0
258169,0.02
258179,0.21
258190,0.06
258193,0.09
258207,0.24
258220,0.07
258222,0.02
258223,0.03
258225,0.09
258227,0.0
258231,0.04
258233,0.15
258249,0.01
258255,0.02
258259,0.22
258276,0.06
258281,0.06
258302,0.0
258305,0.09
258310,0.05
258334,0.21
258335,0.14
258338,0.0
258345,0.0
258360,0.0
258363,0.02
258381,0.02
258384,0.05
258387,0.05
258400,0.08
258402,0.01
258406,0.11
258408,0.22
258432,0.0
258443,0.01
258461,0.03
258488,0.08
258489,0.04
258508,0.05
258524,0.02
258527,0.01
258545,0.06
258549,0.01
258560,0.2
258565,0.17
258567,0.01
258575,0.08
258590,0.01
258591,0.04
258592,0.12
258603,0.26
258606,0.05
258610,0.07
258627,0.06
258631,0.0
258637,0.09
258638,0.03
258640,0.04
258645,0.0
258651,0.02
258652,0.23
258653,0.01
258662,0.15
258663,0.02
258671,0.03
258679,0.08
258685,0.03
258686,0.09
258697,0.0
258705,0.19
258723,0.28
258724,0.01
258734,0.0
258763,0.1
258764,0.2
258771,0.03
258773,0.03
258782,0.02
258784,0.05
258790,0.02
258811,0.03
258817,0.06
258818,0.01
258832,0.12
258837,0.26
258841,0.06
258842,0.04
258843,0.15
258860,0.02
258875,0.05
258881,0.13
258887,0.03
258889,0.05
258924,0.05
258925,0.45
258948,0.07
258949,0.0
258963,0.09
258964,0.0
258966,0.1
258973,0.04
258974,0.0
258979,0.08
258989,0.04
258997,0.04
259001,0.01
259013,0.18
259018,0.07
259020,0.27
259031,0.04
259044,0.14
259050,0.23
259064,0.24
259078,0.06
259088,0.08
259124,0.04
259125,0.01
259135,0.04
259137,0.0
259146,0.01
259148,0.38
259168,0.05
259178,0.01
259194,0.02
259198,0.05
259204,0.05
259209,0.18
259223,0.02
259228,0.1
259234,0.12
259237,0.28
259246,0.02
259247,0.03
259249,0.03
259264,0.44
259274,0.15
259281,0.13
259283,0.12
259284,0.05
259285,0.02
259286,0.03
259291,0.16
259304,0.03
259309,0.01
259322,0.02
259323,0.21
259331,0.04
259339,0.0
259344,0.03
259350,0.04
259353,0.05
259356,0.07
259365,0.4
259377,0.07
259397,0.0
259403,0.07
259411,0.03
259415,0.05
259420,0.2
259423,0.1
259424,0.02
259431,0.04
259434,0.06
259438,0.08
259439,0.04
259441,0.02
259452,0.02
259460,0.01
259471,0.05
259483,0.05
259494,0.0
259496,0.02
259500,0.27
259512,0.02
259526,0.02
259528,0.07
259548,0.0
259568,0.02
259593,0.02
259603,0.17
259611,0.01
259620,0.13
259621,0.18
259623,0.15
259633,0.11
259648,0.1
259678,0.06
259691,0.01
259693,0.04
259708,0.2
259720,0.12
259734,0.14
259741,0.11
259749,0.01
259750,0.0
259752,0.01
259755,0.01
259759,0.03
259776,0.05
259779,0.18
259790,0.03
259797,0.01
259799,0.02
259804,0.06
259807,0.01
259810,0.02
259811,0.24
259822,0.03
259833,0.08
259838,0.02
259844,0.12
259846,0.03
259848,0.11
259861,0.03
259867,0.03
259876,0.02
259880,0.0
259897,0.19
259908,0.3
259912,0.02
259920,0.17
259922,0.01
259928,0.06
259932,0.0
259946,0.0
259962,0.01
259982,0.08
259985,0.04
259994,0.42
259996,0.09
260000,0.05
260007,0.06
260018,0.02
260021,0.11
260038,0.0
260051,0.02
260052,0.03
260070,0.05
260074,0.0
260080,0.02
260092,0.01
260097,0.01
260101,0.0
260108,0.0
260117,0.08
260129,0.01
260142,0.05
260145,0.04
260146,0.12
260147,0.1
260148,0.34
260153,0.03
260156,0.02
260171,0.02
260202,0.05
260221,0.08
260222,0.11
260226,0.13
260227,0.14
260247,0.05
260251,0.01
260261,0.01
260264,0.04
260266,0.01
260268,0.17
260289,0.03
260301,0.07
260316,0.09
260348,0.03
260359,0.19
260364,0.09
260391,0.31
260422,0.14
260435,0.0
260438,0.11
260446,0.02
260447,0.07
260458,0.25
260461,0.06
260469,0.09
260471,0.07
260482,0.45
260484,0.15
260487,0.08
260489,0.1
260500,0.08
260508,0.01
260509,0.19
260512,0.01
260525,0.02
260530,0.01
260533,0.05
260538,0.08
260541,0.16
260546,0.06
260551,0.01
260556,0.11
260561,0.04
260566,0.0
260572,0.07
260579,0.13
260582,0.17
260583,0.46
260584,0.07
260586,0.27
260589,0.01
260608,0.12
260632,0.05
260634,0.1
260635,0.17
260645,0.08
260659,0.06
260665,0.07
260673,0.06
260675,0.18
260676,0.02
260700,0.22
260721,0.42
260723,0.1
260732,0.08
260738,0.1
260748,0.01
260782,0.01
260806,0.08
260820,0.08
260825,0.26
260830,0.05
260844,0.03
260858,0.19
260860,0.07
260863,0.05
260867,0.0
260875,0.01
260877,0.1
260902,0.34
260910,0.16
260913,0.01
260923,0.07
260926,0.11
260936,0.02
260937,0.23
260948,0.14
260949,0.04
260959,0.08
260962,0.11
260986,0.08
260988,0.0
260992,0.03
260997,0.03
261007,0.06
261031,0.03
261039,0.34
261044,0.0
261055,0.12
261058,0.08
261069,0.0
261079,0.08
261084,0.03
261097,0.22
261101,0.04
261111,0.43
261115,0.13
261116,0.48
261121,0.12
261124,0.03
261126,0.0
261132,0.04
261161,0.02
261162,0.01
261175,0.03
261187,0.03
261191,0.02
261195,0.01
261197,0.01
261204,0.02
261231,0.11
261248,0.01
261263,0.21
261268,0.2
261273,0.21
261274,0.11
261277,0.3
261283,0.02
261293,0.15
261302,0.2
261309,0.05
261318,0.07
261340,0.07
261346,0.01
261355,0.03
261357,0.03
261365,0.1
261366,0.13
261376,0.06
261380,0.0
261385,0.35
261403,0.04
261416,0.07
261424,0.15
261425,0.04
261431,0.01
261433,0.19
261435,0.05
261440,0.02
261450,0.07
261456,0.18
261464,0.16
261465,0.21
261473,0.04
261475,0.2
261476,0.11
261480,0.0
261481,0.03
261495,0.04
261500,0.0
261506,0.01
261544,0.07
261551,0.02
261566,0.23
261573,0.05
261587,0.02
261592,0.03
261594,0.0
261626,0.05
261635,0.01
261649,0.04
261653,0.12
261660,0.24
261668,0.03
261669,0.1
261676,0.06
261688,0.0
261691,0.1
261699,0.07
261704,0.0
261718,0.28
261719,0.06
261735,0.04
261742,0.0
261746,0.15
261749,0.1
261759,0.04
261763,0.05
261772,0.02
261795,0.07
261798,0.09
261804,0.05
261806,0.07
261813,0.26
261814,0.07
261827,0.03
261835,0.0
261839,0.2
261840,0.18
261845,0.04
261846,0.05
261850,0.01
261853,0.01
261870,0.01
261871,0.0
261883,0.13
261885,0.07
261888,0.01
261892,0.01
261895,0.04
261906,0.03
261912,0.1
261918,0.01
261926,0.04
261930,0.0
261947,0.01
261956,0.02
261958,0.07
261960,0.07
261961,0.38
261965,0.0
261967,0.52
261968,0.02
261974,0.06
261980,0.06
261981,0.16
261983,0.05
261992,0.1
261998,0.07
262002,0.08
262006,0.01
262014,0.0
262017,0.02
262021,0.11
262038,0.13
262040,0.0
262043,0.15
262052,0.07
262054,0.07
262056,0.04
262058,0.02
262062,0.19
262065,0.09
262067,0.06
262070,0.01
262078,0.01
262084,0.03
262091,0.62
262092,0.16
262112,0.06
262114,0.05
262132,0.07
262140,0.38
262152,0.14
262159,0.02
262172,0.16
262180,0.06
262181,0.09
262188,0.77
262202,0.06
262206,0.08
262213,0.2
262227,0.14
262239,0.07
262243,0.03
262246,0.03
262251,0.1
262269,0.03
262272,0.02
262276,0.08
262277,0.13
262278,0.04
262281,0.02
262298,0.11
262308,0.02
262316,0.01
262320,0.0
262321,0.42
262337,0.16
262354,0.23
262362,0.05
262364,0.01
262365,0.0
262372,0.05
262373,0.01
262380,0.03
262392,0.03
262399,0.01
262407,0.2
262418,0.25
262429,0.13
262430,0.0
262446,0.08
262455,0.04
262459,0.2
262475,0.01
262478,0.23
262492,0.04
262520,0.08
262535,0.06
262537,0.02
262538,0.12
262541,0.01
262554,0.13
262559,0.07
262561,0.06
262562,0.07
262575,0.1
262576,0.03
262579,0.0
262581,0.11
262590,0.06
262599,0.06
262607,0.03
262608,0.09
262613,0.02
262620,0.02
262621,0.33
262622,0.05
262623,0.03
262629,0.0
262633,0.02
262650,0.01
262655,0.0
262659,0.01
262660,0.11
262663,0.06
262665,0.19
262666,0.07
262679,0.02
262681,0.11
262702,0.1
262705,0.05
262716,0.0
262725,0.2
262732,0.04
262743,0.12
262749,0.23
262752,0.01
262756,0.13
262758,0.09
262772,0.21
262784,0.19
262791,0.02
262793,0.2
262802,0.33
262814,0.24
262817,0.04
262820,0.03
262827,0.06
262832,0.0
262845,0.08
262847,0.05
262859,0.36
262862,0.03
262864,0.06
262865,0.15
262887,0.01
262914,0.01
262939,0.07
262943,0.05
262958,0.08
262963,0.35
262970,0.04
262979,0.38
262986,0.02
263004,0.08
263015,0.0
263016,0.07
263028,0.68
263029,0.17
263031,0.05
263044,0.04
263046,0.37
263056,0.1
263059,0.01
263061,0.34
263077,0.03
263087,0.01
263105,0.08
263116,0.04
263120,0.04
263127,0.58
263137,0.07
263166,0.05
263175,0.01
263184,0.05
263185,0.32
263205,0.0
263208,0.02
263210,0.25
263220,0.08
263224,0.13
263228,0.01
263240,0.0
263243,0.16
263288,0.06
263290,0.0
263306,0.0
263312,0.07
263319,0.01
263326,0.0
263331,0.02
263339,0.04
263347,0.05
263353,0.01
263355,0.06
263368,0.2
263408,0.03
263414,0.04
263421,0.03
263440,0.04
263458,0.07
263460,0.09
263475,0.04
263477,0.06
263479,0.04
263489,0.03
263492,0.25
263493,0.14
263498,0.0
263510,0.02
263513,0.02
263514,0.02
263517,0.15
263518,0.03
263548,0.01
263561,0.19
263564,0.14
263565,0.17
263576,0.01
263580,0.16
263582,0.01
263584,0.03
263593,0.25
263594,0.05
263598,0.1
263602,0.05
263611,0.08
263640,0.27
263642,0.05
263643,0.0
263646,0.01
263658,0.02
263664,0.01
263683,0.02
263703,0.05
263705,0.02
263709,0.04
263715,0.04
263728,0.15
263732,0.07
263735,0.06
263748,0.11
263750,0.01
263751,0.03
263759,0.0
263763,0.07
263765,0.01
263780,0.09
263783,0.02
263786,0.21
263794,0.02
263799,0.0
263802,0.07
263803,0.07
263820,0.05
263846,0.28
263857,0.04
263858,0.06
263860,0.34
263864,0.07
263870,0.0
263879,0.07
263881,0.04
263882,0.02
263895,0.05
263909,0.11
263918,0.01
263940,0.02
263945,0.02
263946,0.06
263947,0.03
263948,0.01
263962,0.25
263972,0.28
263974,0.06
263981,0.03
263984,0.06
263992,0.6
264001,0.01
264007,0.1
264010,0.01
264011,0.13
264015,0.0
264023,0.03
264030,0.02
264033,0.03
264037,0.04
264043,0.04
264044,0.03
264045,0.24
264050,0.11
264055,0.02
264059,0.1
264060,0.39
264062,0.02
264069,0.02
264077,0.06
264078,0.02
264087,0.01
264094,0.15
264095,0.17
264112,0.04
264113,0.12
264131,0.0
264145,0.05
264148,0.01
264157,0.11
264161,0.02
264173,0.17
264188,0.06
264195,0.01
264198,0.24
264199,0.0
264207,0.09
264209,0.07
264226,0.03
264227,0.1
264243,0.08
264246,0.19
264252,0.02
264254,0.07
264259,0.03
264274,0.01
264280,0.45
264285,0.1
264299,0.08
264331,0.05
264334,0.0
264338,0.1
264341,0.1
264344,0.06
264347,0.34
264350,0.39
264360,0.13
264365,0.04
264367,0.03
264378,0.01
264381,0.12
264397,0.04
264401,0.01
264405,0.01
264417,0.16
264422,0.02
264423,0.03
264424,0.04
264436,0.36
264441,0.06
264451,0.08
264453,0.03
264457,0.13
264460,0.05
264464,0.05
264469,0.16
264485,0.08
264491,0.12
264505,0.03
264535,0.05
264538,0.04
264541,0.11
264544,0.04
264545,0.02
264549,0.02
264557,0.06
264563,0.02
264569,0.04
264574,0.15
264587,0.03
264608,0.03
264610,0.19
264621,0.05
264627,0.17
264642,0.16
264644,0.02
264655,0.01
264660,0.06
264667,0.05
264691,0.07
264694,0.32
264695,0.01
264700,0.05
264709,0.0
264712,0.0
264714,0.0
264722,0.02
264728,0.01
264742,0.27
264744,0.03
264748,0.02
264760,0.0
264763,0.08
264771,0.14
264773,0.01
264782,0.33
264786,0.03
264787,0.0
264809,0.11
264811,0.02
264822,0.09
264823,0.09
264831,0.03
264834,0.0
264841,0.1
264848,0.05
264849,0.11
264863,0.44
264867,0.03
264874,0.11
264875,0.05
264877,0.0
264897,0.03
264900,0.1
264906,0.04
264909,0.04
264913,0.0
264922,0.02
264924,0.01
264927,0.07
264935,0.02
264938,0.19
264968,0.03
264975,0.11
264979,0.05
264989,0.03
265001,0.17
265009,0.25
265014,0.13
265016,0.0
265027,0.19
265049,0.0
265061,0.29
265062,0.05
265068,0.01
265072,0.04
265100,0.02
265105,0.01
265106,0.0
265110,0.14
265123,0.01
265126,0.41
265131,0.15
265134,0.06
265144,0.08
265146,0.26
265154,0.15
265164,0.18
265170,0.06
265172,0.01
265173,0.01
265178,0.04
265187,0.15
265191,0.08
265194,0.18
265216,0.03
265228,0.09
265231,0.04
265232,0.01
265233,0.03
265242,0.22
265243,0.02
265246,0.02
265259,0.05
265265,0.33
265266,0.02
265268,0.02
265280,0.03
265287,0.0
265297,0.18
265298,0.04
265300,0.04
265301,0.14
265305,0.38
265307,0.09
265314,0.1
265320,0.04
265331,0.04
265333,0.24
265336,0.02
265337,0.04
265344,0.06
265346,0.03
265371,0.1
265380,0.09
265386,0.04
265389,0.07
265409,0.15
265414,0.03
265415,0.03
265419,0.0
265422,0.14
265457,0.06
265461,0.0
265463,0.04
265468,0.22
265474,0.18
265478,0.02
265480,0.47
265488,0.08
265493,0.03
265510,0.31
265519,0.04
265521,0.06
265529,0.05
265533,0.17
265577,0.04
265591,0.07
265596,0.24
265607,0.14
265618,0.02
265619,0.06
265620,0.08
265628,0.15
265661,0.01
265669,0.02
265680,0.23
265707,0.11
265714,0.15
265716,0.02
265717,0.08
265718,0.2
265723,0.02
265730,0.0
265732,0.01
265744,0.08
265751,0.2
265760,0.15
265777,0.04
265783,0.06
265791,0.11
265792,0.08
265797,0.11
265798,0.01
265806,0.32
265815,0.05
265816,0.15
265821,0.15
265833,0.02
265854,0.14
265856,0.15
265858,0.04
265862,0.05
265863,0.08
265879,0.19
265881,0.07
265894,0.01
265895,0.49
265896,0.01
265898,0.11
265900,0.02
265907,0.08
265910,0.2
265917,0.12
265941,0.16
265955,0.05
265957,0.06
265961,0.02
265966,0.03
265969,0.22
265974,0.1
265976,0.03
265979,0.09
265985,0.03
265988,0.08
265990,0.28
265991,0.03
265993,0.02
265995,0.12
266009,0.14
266010,0.05
266014,0.05
266020,0.28
266022,0.26
266029,0.12
266045,0.04
266057,0.15
266060,0.05
266065,0.02
266071,0.01
266072,0.04
266074,0.03
266076,0.14
266089,0.08
266091,0.02
266097,0.01
266099,0.35
266106,0.07
266117,0.06
266120,0.16
266129,0.0
266132,0.09
266139,0.09
266140,0.14
266141,0.11
266146,0.2
266149,0.04
266159,0.03
266165,0.06
266171,0.29
266173,0.19
266177,0.16
266179,0.06
266186,0.02
266210,0.24
266227,0.06
266266,0.05
266291,0.06
266319,0.18
266321,0.01
266323,0.01
266329,0.09
266331,0.09
266333,0.35
266334,0.07
266338,0.05
266340,0.09
266344,0.33
266354,0.06
266359,0.14
266362,0.09
266364,0.02
266365,0.05
266379,0.0
266380,0.2
266387,0.0
266393,0.0
266396,0.0
266406,0.05
266418,0.19
266424,0.01
266440,0.21
266442,0.02
266444,0.13
266453,0.18
266455,0.0
266461,0.06
266462,0.08
266465,0.03
266466,0.04
266468,0.69
266471,0.1
266479,0.08
266499,0.23
266536,0.09
266543,0.05
266544,0.0
266556,0.13
266561,0.03
266573,0.0
266578,0.05
266590,0.09
266596,0.11
266624,0.1
266629,0.04
266635,0.04
266644,0.0
266650,0.02
266659,0.04
266666,0.08
266668,0.03
266674,0.15
266680,0.4
266686,0.02
266714,0.28
266730,0.04
266734,0.16
266740,0.21
266745,0.0
266749,0.02
266750,0.05
266751,0.1
266752,0.02
266753,0.07
266759,0.16
266763,0.07
266766,0.05
266783,0.07
266805,0.01
266812,0.01
266813,0.1
266816,0.05
266819,0.12
266820,0.44
266833,0.07
266842,0.12
266847,0.14
266848,0.04
266865,0.54
266867,0.25
266874,0.2
266885,0.07
266888,0.03
266890,0.06
266932,0.07
266941,0.21
266942,0.08
266948,0.0
266959,0.0
266977,0.03
266983,0.0
266984,0.11
266999,0.02
267000,0.18
267023,0.17
267031,0.09
267035,0.1
267046,0.07
267050,0.02
267058,0.06
267070,0.01
267079,0.3
267080,0.1
267093,0.06
267094,0.04
267102,0.04
267107,0.02
267108,0.1
267113,0.02
267127,0.02
267136,0.06
267143,0.01
267155,0.05
267180,0.02
267182,0.03
267184,0.03
267192,0.07
267195,0.05
267220,0.01
267228,0.02
267237,0.09
267241,0.02
267242,0.12
267247,0.13
267259,0.37
267260,0.1
267265,0.02
267269,0.14
267272,0.05
267275,0.02
267282,0.36
267284,0.74
267294,0.0
267298,0.05
267304,0.21
267316,0.13
267324,0.0
267327,0.05
267333,0.0
267338,0.04
267341,0.0
267342,0.14
267344,0.08
267345,0.21
267347,0.03
267361,0.07
267374,0.04
267379,0.01
267380,0.29
267382,0.02
267394,0.01
267403,0.08
267405,0.11
267412,0.0
267421,0.34
267437,0.08
267438,0.03
267443,0.02
267446,0.01
267460,0.04
267466,0.3
267469,0.02
267474,0.01
267488,0.03
267490,0.08
267496,0.04
267499,0.26
267501,0.1
267518,0.57
267522,0.26
267524,0.03
267532,0.03
267535,0.2
267547,0.02
267550,0.02
267559,0.14
267581,0.0
267586,0.05
267588,0.12
267592,0.04
267597,0.02
267600,0.04
267608,0.07
267620,0.0
267625,0.1
267628,0.02
267633,0.15
267639,0.1
267649,0.02
267659,0.05
267662,0.11
267671,0.04
267672,0.08
267677,0.1
267679,0.12
267682,0.0
267687,0.07
267689,0.03
267690,0.0
267707,0.17
267709,0.06
267716,0.11
267738,0.01
267744,0.15
267752,0.03
267754,0.21
267755,0.33
267757,0.06
267758,0.05
267767,0.44
267771,0.06
267808,0.14
267815,0.14
267833,0.04
267841,0.17
267843,0.08
267847,0.08
267857,0.0
267869,0.3
267881,0.1
267887,0.23
267890,0.01
267892,0.18
267895,0.06
267899,0.07
267906,0.0
267912,0.15
267917,0.09
267927,0.0
267930,0.01
267934,0.01
267950,0.03
267965,0.16
267966,0.01
267976,0.06
267998,0.1
267999,0.03
268012,0.05
268013,0.07
268014,0.05
268020,0.01
268028,0.14
268032,0.02
268039,0.1
268041,0.03
268046,0.0
268059,0.42
268064,0.11
268066,0.15
268073,0.51
268077,0.03
268085,0.01
268090,0.04
268109,0.07
268139,0.16
268151,0.15
268153,0.08
268155,0.16
268163,0.08
268166,0.02
268185,0.0
268189,0.01
268190,0.03
268192,0.05
268211,0.19
268213,0.06
268214,0.0
268220,0.01
268225,0.11
268227,0.18
268230,0.44
268247,0.12
268250,0.03
268268,0.01
268269,0.05
268271,0.07
268274,0.32
268280,0.23
268291,0.18
268299,0.18
268301,0.07
268306,0.06
268307,0.07
268310,0.01
268317,0.18
268328,0.01
268329,0.0
268337,0.14
268338,0.01
268357,0.03
268363,0.06
268373,0.0
268380,0.08
268386,0.05
268394,0.0
268407,0.0
268411,0.07
268417,0.14
268421,0.13
268422,0.08
268426,0.17
268427,0.06
268439,0.12
268445,0.08
268446,0.01
268459,0.01
268465,0.33
268466,0.05
268495,0.05
268497,0.04
268504,0.09
268508,0.13
268513,0.05
268525,0.05
268545,0.19
268546,0.08
268550,0.01
268568,0.01
268570,0.11
268590,0.06
268591,0.04
268602,0.05
268609,0.04
268616,0.0
268623,0.16
268645,0.09
268652,0.28
268668,0.07
268685,0.01
268707,0.0
268711,0.25
268714,0.03
268736,0.06
268746,0.36
268747,0.01
268749,0.08
268760,0.07
268761,0.0
268764,0.41
268781,0.01
268790,0.27
268799,0.03
268809,0.01
268814,0.01
268817,0.17
268822,0.01
268827,0.21
268828,0.11
268829,0.33
268845,0.11
268853,0.02
268859,0.03
268900,0.0
268911,0.02
268913,0.36
268917,0.26
268930,0.1
268934,0.07
268935,0.57
268938,0.21
268948,0.07
268950,0.03
268958,0.01
268975,0.07
268982,0.03
268983,0.02
268997,0.0
269009,0.26
269012,0.05
269017,0.26
269031,0.08
269038,0.02
269041,0.27
269045,0.02
269050,0.06
269056,0.0
269058,0.11
269060,0.04
269067,0.3
269082,0.29
269098,0.06
269105,0.02
269117,0.19
269123,0.08
269128,0.22
269143,0.01
269149,0.08
269162,0.45
269168,0.03
269172,0.13
269175,0.05
269189,0.31
269194,0.11
269197,0.05
269204,0.13
269211,0.05
269217,0.25
269222,0.0
269227,0.1
269228,0.09
269232,0.02
269250,0.35
269251,0.05
269257,0.39
269262,0.01
269263,0.04
269267,0.08
269275,0.05
269276,0.02
269279,0.01
269293,0.12
269300,0.05
269305,0.35
269309,0.03
269317,0.13
269352,0.38
269377,0.12
269378,0.12
269389,0.05
269392,0.0
269394,0.06
269402,0.21
269408,0.0
269410,0.09
269417,0.02
269421,0.18
269462,0.14
269481,0.01
269488,0.13
269489,0.06
269491,0.15
269495,0.0
269503,0.03
269510,0.15
269515,0.12
269522,0.0
269523,0.03
269536,0.05
269537,0.02
269549,0.01
269571,0.38
269576,0.05
269587,0.02
269595,0.07
269601,0.13
269610,0.61
269618,0.03
269620,0.05
269623,0.0
269637,0.15
269642,0.0
269652,0.24
269655,0.0
269661,0.12
269663,0.06
269665,0.11
269666,0.02
269667,0.0
269673,0.08
269693,0.0
269701,0.05
269702,0.01
269704,0.07
269718,0.07
269727,0.0
269732,0.02
269736,0.12
269738,0.0
269741,0.02
269744,0.03
269749,0.37
269750,0.09
269758,0.0
269775,0.24
269776,0.04
269777,0.01
269789,0.0
269794,0.04
269797,0.07
269807,0.11
269813,0.05
269844,0.08
269848,0.21
269871,0.09
269877,0.08
269878,0.02
269887,0.01
269904,0.08
269913,0.19
269938,0.04
269941,0.08
269953,0.45
269954,0.03
269955,0.04
269958,0.14
269960,0.09
269966,0.12
269975,0.04
269978,0.04
269989,0.06
269993,0.0
269998,0.05
270001,0.05
270020,0.04
270023,0.05
270028,0.09
270048,0.03
270061,0.06
270062,0.09
270096,0.09
270108,0.03
270118,0.08
270120,0.16
270122,0.04
270127,0.16
270131,0.17
270142,0.07
270146,0.02
270148,0.05
270152,0.01
270165,0.11
270170,0.0
270188,0.02
270204,0.13
270235,0.06
270243,0.19
270254,0.14
270265,0.05
270270,0.29
270287,0.01
270295,0.25
270296,0.01
270302,0.05
270304,0.27
270307,0.01
270310,0.09
270317,0.02
270324,0.12
270326,0.05
270337,0.09
270363,0.31
270371,0.0
270373,0.05
270375,0.05
270376,0.1
270379,0.03
270383,0.13
270390,0.02
270393,0.03
270402,0.01
270410,0.01
270411,0.04
270412,0.21
270415,0.02
270417,0.1
270436,0.26
270440,0.06
270449,0.0
270450,0.2
270457,0.16
270460,0.01
270461,0.01
270467,0.04
270473,0.34
270486,0.41
270488,0.01
270513,0.02
270518,0.05
270522,0.0
270526,0.04
270532,0.04
270545,0.13
270548,0.13
270550,0.02
270562,0.04
270564,0.06
270571,0.02
270572,0.03
270574,0.03
270575,0.07
270579,0.06
270612,0.39
270613,0.29
270622,0.03
270636,0.01
270643,0.0
270644,0.0
270645,0.05
270658,0.05
270661,0.04
270665,0.21
270676,0.11
270685,0.06
270695,0.09
270712,0.02
270719,0.02
270740,0.02
270753,0.03
270756,0.01
270759,0.05
270760,0.02
270764,0.06
270767,0.0
270778,0.01
270782,0.12
270794,0.12
270795,0.3
270799,0.02
270807,0.18
270821,0.09
270826,0.15
270829,0.03
270831,0.01
270843,0.22
270844,0.04
270847,0.06
270854,0.0
270856,0.31
270861,0.03
270862,0.08
270864,0.18
270881,0.11
270883,0.05
270885,0.43
270888,0.0
270894,0.01
270906,0.01
270914,0.02
270919,0.21
270935,0.0
270945,0.13
270957,0.05
270966,0.07
270970,0.06
270971,0.12
270976,0.13
270977,0.36
270978,0.08
270979,0.01
270982,0.14
270987,0.15
270989,0.1
270991,0.09
270992,0.0
270993,0.03
270997,0.24
271010,0.19
271025,0.01
271037,0.17
271038,0.0
271054,0.09
271056,0.22
271065,0.03
271070,0.02
271095,0.08
271099,0.02
271102,0.01
271103,0.06
271105,0.04
271106,0.03
271117,0.19
271134,0.29
271135,0.05
271137,0.21
271145,0.17
271149,0.21
271195,0.0
271199,0.07
271200,0.2
271220,0.02
271233,0.06
271234,0.16
271236,0.11
271248,0.06
271250,0.5
271251,0.05
271255,0.0
271261,0.04
271269,0.06
271276,0.09
271296,0.18
271304,0.06
271314,0.0
271318,0.11
271322,0.01
271325,0.11
271354,0.14
271355,0.01
271359,0.04
271361,0.01
271363,0.35
271367,0.18
271368,0.06
271369,0.02
271393,0.08
271409,0.53
271415,0.04
271418,0.07
271429,0.16
271431,0.01
271432,0.05
271442,0.15
271446,0.17
271448,0.33
271450,0.11
271452,0.03
271460,0.18
271461,0.17
271472,0.23
271496,0.1
271515,0.01
271527,0.16
271537,0.0
271544,0.06
271562,0.01
271565,0.06
271566,0.23
271567,0.24
271570,0.04
271576,0.05
271582,0.15
271586,0.04
271593,0.14
271598,0.03
271606,0.1
271607,0.02
271616,0.18
271617,0.12
271624,0.23
271638,0.06
271652,0.01
271657,0.01
271662,0.04
271665,0.02
271667,0.27
271670,0.01
271675,0.05
271679,0.07
271682,0.01
271696,0.02
271699,0.0
271733,0.07
271739,0.03
271746,0.01
271753,0.04
271756,0.19
271762,0.01
271777,0.04
271781,0.01
271785,0.07
271786,0.02
271790,0.07
271801,0.28
271806,0.06
271807,0.03
271810,0.04
271811,0.09
271815,0.06
271847,0.03
271875,0.01
271878,0.02
271880,0.17
271883,0.04
271911,0.06
271912,0.03
271914,0.47
271922,0.04
271933,0.01
271945,0.0
271952,0.19
271954,0.15
271961,0.02
271967,0.04
271969,0.03
271980,0.21
271989,0.09
271991,0.21
272000,0.05
272004,0.02
272010,0.03
272013,0.02
272029,0.0
272030,0.1
272031,0.02
272035,0.02
272040,0.17
272043,0.0
272055,0.09
272068,0.0
272075,0.24
272081,0.01
272090,0.05
272104,0.18
272116,0.0
272121,0.0
272129,0.0
272143,0.07
272146,0.0
272148,0.31
272152,0.09
272167,0.28
272180,0.05
272192,0.03
272201,0.04
272205,0.05
272209,0.2
272211,0.15
272228,0.05
272233,0.15
272235,0.1
272249,0.07
272267,0.12
272270,0.09
272276,0.01
272302,0.12
272303,0.12
272308,0.03
272309,0.2
272311,0.08
272313,0.03
272353,0.04
272366,0.05
272367,0.11
272371,0.05
272381,0.07
272404,0.22
272405,0.01
272418,0.19
272419,0.03
272425,0.14
272438,0.09
272444,0.03
272445,0.0
272462,0.0
272474,0.01
272478,0.11
272479,0.15
272480,0.03
272482,0.01
272511,0.59
272512,0.06
272516,0.01
272517,0.02
272522,0.09
272537,0.01
272555,0.03
272564,0.03
272566,0.21
272573,0.0
272575,0.0
272583,0.3
272593,0.11
272627,0.07
272628,0.17
272630,0.03
272632,0.0
272635,0.61
272636,0.1
272661,0.1
272669,0.01
272672,0.01
272681,0.06
272682,0.15
272691,0.0
272697,0.01
272706,0.2
272708,0.06
272717,0.21
272722,0.0
272723,0.01
272737,0.0
272744,0.0
272752,0.46
272757,0.07
272760,0.04
272763,0.12
272768,0.07
272779,0.07
272781,0.1
272787,0.1
272795,0.12
272799,0.05
272820,0.05
272821,0.01
272829,0.06
272852,0.03
272863,0.15
272878,0.0
272886,0.0
272891,0.05
272903,0.29
272914,0.01
272928,0.28
272937,0.15
272938,0.1
272944,0.09
272965,0.14
272967,0.01
272969,0.0
272983,0.18
272998,0.02
273002,0.1
273005,0.0
273010,0.03
273011,0.04
273017,0.07
273021,0.23
273023,0.35
273027,0.03
273035,0.01
273047,0.06
273053,0.0
273060,0.17
273062,0.04
273074,0.2
273078,0.01
273079,0.03
273087,0.26
273107,0.04
273109,0.01
273112,0.05
273113,0.05
273117,0.02
273121,0.54
273137,0.01
273156,0.0
273157,0.13
273177,0.05
273192,0.07
273193,0.03
273194,0.09
273198,0.02
273199,0.01
273206,0.35
273213,0.01
273235,0.09
273244,0.0
273247,0.09
273248,0.06
273254,0.0
273259,0.14
273270,0.04
273272,0.01
273287,0.0
273289,0.12
273294,0.01
273301,0.17
273304,0.11
273313,0.15
273314,0.16
273333,0.12
273336,0.12
273343,0.0
273353,0.04
273359,0.02
273371,0.01
273402,0.12
273415,0.0
273420,0.18
273424,0.04
273428,0.14
273429,0.17
273443,0.04
273457,0.12
273458,0.01
273467,0.35
273477,0.0
273482,0.06
273495,0.01
273496,0.01
273503,0.05
273507,0.27
273508,0.03
273510,0.09
273524,0.08
273552,0.02
273556,0.05
273566,0.01
273579,0.07
273584,0.02
273595,0.03
273606,0.08
273623,0.0
273625,0.09
273638,0.06
273660,0.03
273664,0.09
273683,0.13
273686,0.0
273687,0.3
273699,0.06
273700,0.08
273719,0.04
273721,0.16
273728,0.07
273764,0.06
273770,0.0
273774,0.03
273792,0.18
273806,0.0
273807,0.06
273818,0.05
273823,0.03
273835,0.4
273856,0.0
273861,0.03
273863,0.04
273864,0.15
273874,0.2
273879,0.15
273892,0.03
273895,0.41
273899,0.02
273900,0.08
273912,0.05
273921,0.01
273941,0.14
273946,0.02
273954,0.09
273956,0.02
273962,0.07
273968,0.02
273985,0.06
274000,0.03
274003,0.09
274004,0.06
274006,0.0
274019,0.14
274022,0.25
274023,0.06
274034,0.04
274043,0.03
274052,0.01
274054,0.41
274058,0.03
274063,0.29
274070,0.47
274072,0.08
274081,0.03
274108,0.22
274118,0.36
274125,0.03
274129,0.08
274140,0.04
274142,0.22
274146,0.11
274147,0.01
274155,0.01
274163,0.03
274165,0.06
274174,0.04
274182,0.13
274186,0.02
274188,0.06
274193,0.1
274198,0.17
274216,0.01
274219,0.01
274225,0.1
274229,0.02
274248,0.22
274268,0.11
274274,0.01
274286,0.01
274289,0.02
274297,0.03
274302,0.01
274326,0.04
274346,0.11
274348,0.06
274349,0.06
274350,0.0
274353,0.07
274359,0.16
274364,0.01
274368,0.02
274373,0.03
274378,0.09
274389,0.02
274390,0.0
274391,0.05
274392,0.02
274396,0.44
274408,0.03
274409,0.09
274424,0.19
274453,0.07
274460,0.05
274465,0.06
274468,0.08
274481,0.1
274482,0.02
274484,0.11
274490,0.18
274509,0.01
274511,0.07
274515,0.11
274521,0.01
274523,0.0
274525,0.14
274539,0.02
274541,0.1
274574,0.14
274585,0.04
274587,0.04
274594,0.11
274600,0.16
274605,0.09
274611,0.02
274619,0.09
274641,0.12
274666,0.23
274688,0.13
274690,0.08
274699,0.2
274703,0.0
274715,0.01
274717,0.02
274760,0.13
274774,0.13
274791,0.38
274801,0.02
274804,0.07
274808,0.08
274813,0.21
274815,0.05
274818,0.1
274820,0.01
274829,0.14
274847,0.14
274865,0.11
274870,0.04
274881,0.23
274890,0.04
274894,0.0
274902,0.02
274905,0.01
274911,0.06
274912,0.19
274914,0.0
274927,0.25
274931,0.01
274944,0.45
274951,0.34
274953,0.05
274954,0.09
274961,0.07
274965,0.01
274972,0.2
274978,0.04
274984,0.09
274993,0.01
274996,0.11
275043,0.04
275048,0.07
275052,0.22
275059,0.05
275060,0.03
275071,0.01
275077,0.03
275078,0.2
275091,0.01
275098,0.18
275111,0.0
275120,0.03
275121,0.19
275125,0.09
275129,0.05
275139,0.08
275150,0.04
275153,0.03
275166,0.24
275185,0.05
275199,0.29
275201,0.03
275203,0.16
275216,0.23
275225,0.05
275226,0.12
275232,0.05
275254,0.01
275256,0.33
275272,0.15
275278,0.0
275280,0.14
275286,0.15
275288,0.02
275299,0.04
275306,0.04
275313,0.0
275314,0.01
275319,0.27
275324,0.14
275330,0.08
275334,0.05
275335,0.23
275337,0.07
275339,0.02
275351,0.01
275352,0.02
275367,0.04
275384,0.11
275392,0.06
275393,0.08
275408,0.13
275411,0.1
275413,0.19
275415,0.0
275416,0.05
275422,0.01
275424,0.04
275438,0.34
275440,0.13
275468,0.05
275469,0.02
275473,0.13
275482,0.09
275488,0.0
275502,0.14
275503,0.1
275511,0.06
275518,0.14
275520,0.01
275524,0.05
275531,0.05
275537,0.18
275558,0.02
275574,0.08
275576,0.16
275583,0.01
275588,0.06
275605,0.18
275612,0.18
275627,0.04
275633,0.16
275646,0.01
275647,0.12
275653,0.14
275661,0.16
275683,0.0
275688,0.02
275691,0.04
275713,0.07
275731,0.0
275735,0.11
275739,0.01
275761,0.06
275762,0.17
275767,0.02
275768,0.18
275769,0.11
275774,0.0
275776,0.03
275783,0.0
275800,0.11
275805,0.2
275836,0.03
275842,0.04
275855,0.13
275860,0.01
275870,0.12
275884,0.18
275897,0.06
275899,0.03
275900,0.06
275906,0.03
275912,0.0
275922,0.15
275929,0.16
275931,0.35
275932,0.1
275936,0.66
275937,0.0
275947,0.16
275949,0.06
275954,0.15
275958,0.07
275966,0.12
275967,0.03
275970,0.27
275989,0.1
275993,0.08
275995,0.04
275998,0.09
276007,0.11
276011,0.18
276029,0.18
276047,0.04
276048,0.09
276050,0.03
276054,0.26
276056,0.04
276057,0.05
276060,0.05
276084,0.03
276089,0.11
276118,0.03
276121,0.26
276122,0.36
276130,0.12
276134,0.16
276135,0.0
276142,0.25
276164,0.01
276195,0.06
276210,0.23
276235,0.0
276238,0.01
276242,0.04
276244,0.02
276247,0.12
276263,0.21
276306,0.13
276309,0.04
276319,0.04
276334,0.03
276338,0.04
276343,0.12
276344,0.02
276345,0.05
276348,0.0
276359,0.02
276363,0.25
276365,0.04
276366,0.15
276373,0.03
276378,0.12
276386,0.08
276405,0.01
276419,0.0
276422,0.03
276430,0.08
276437,0.02
276442,0.0
276444,0.0
276446,0.08
276455,0.27
276470,0.11
276472,0.0
276475,0.15
276479,0.04
276484,0.03
276487,0.26
276488,0.3
276495,0.06
276497,0.2
276508,0.39
276509,0.03
276516,0.17
276521,0.02
276525,0.02
276550,0.09
276560,0.06
276569,0.06
276584,0.01
276603,0.01
276615,0.03
276617,0.0
276622,0.12
276625,0.01
276629,0.09
276642,0.05
276664,0.06
276674,0.01
276675,0.18
276678,0.1
276692,0.01
276693,0.08
276697,0.04
276703,0.27
276705,0.16
276717,0.16
276728,0.07
276744,0.13
276762,0.07
276764,0.04
276781,0.02
276793,0.15
276798,0.04
276800,0.11
276805,0.2
276824,0.1
276826,0.02
276848,0.13
276854,0.2
276862,0.34
276865,0.07
276869,0.09
276880,0.02
276882,0.06
276886,0.0
276889,0.09
276892,0.04
276903,0.0
276906,0.12
276936,0.25
276945,0.01
276956,0.02
276958,0.02
276963,0.01
276966,0.17
276987,0.03
276993,0.17
276994,0.03
277004,0.09
277015,0.0
277021,0.23
277024,0.01
277032,0.31
277054,0.27
277055,0.0
277061,0.05
277065,0.12
277070,0.2
277079,0.01
277088,0.03
277108,0.36
277114,0.01
277121,0.07
277137,0.01
277148,0.05
277158,0.13
277162,0.03
277165,0.14
277167,0.01
277170,0.13
277172,0.06
277177,0.01
277179,0.13
277182,0.2
277185,0.14
277191,0.34
277200,0.28
277211,0.04
277217,0.07
277221,0.04
277226,0.05
277227,0.16
277228,0.4
277229,0.03
277244,0.08
277271,0.02
277274,0.06
277282,0.0
277286,0.07
277288,0.09
277290,0.0
277291,0.0
277296,0.02
277297,0.07
277320,0.11
277327,0.12
277335,0.19
277336,0.06
277338,0.12
277342,0.11
277344,0.03
277345,0.07
277349,0.0
277356,0.01
277370,0.03
277371,0.08
277379,0.01
277386,0.24
277390,0.07
277400,0.26
277401,0.29
277412,0.06
277413,0.26
277415,0.0
277417,0.75
277419,0.08
277422,0.01
277423,0.03
277425,0.03
277432,0.06
277438,0.03
277445,0.13
277447,0.12
277456,0.08
277457,0.12
277474,0.19
277488,0.03
277494,0.12
277501,0.02
277503,0.22
277510,0.02
277516,0.15
277521,0.28
277522,0.02
277530,0.06
277531,0.3
277536,0.13
277548,0.04
277550,0.02
277554,0.06
277555,0.02
277562,0.13
277565,0.15
277566,0.0
277572,0.09
277592,0.12
277593,0.05
277610,0.01
277621,0.11
277654,0.18
277668,0.04
277673,0.02
277675,0.01
277694,0.02
277697,0.21
277699,0.14
277700,0.01
277701,0.03
277708,0.26
277710,0.1
277717,0.18
277725,0.09
277731,0.08
277746,0.39
277753,0.01
277757,0.06
277764,0.01
277772,0.05
277775,0.19
277777,0.05
277787,0.01
277797,0.07
277798,0.12
277802,0.02
277812,0.15
277816,0.07
277820,0.0
277821,0.04
277822,0.27
277838,0.04
277845,0.1
277846,0.02
277854,0.1
277856,0.11
277866,0.24
277874,0.09
277893,0.1
277900,0.03
277964,0.02
277970,0.0
277976,0.02
277983,0.08
277994,0.18
278011,0.13
278025,0.14
278045,0.04
278048,0.05
278066,0.02
278088,0.11
278098,0.01
278101,0.23
278113,0.03
278114,0.04
278128,0.01
278152,0.27
278157,0.52
278168,0.09
278169,0.12
278174,0.05
278176,0.02
278181,0.16
278185,0.01
278225,0.21
278236,0.24
278242,0.03
278244,0.01
278251,0.03
278252,0.13
278272,0.05
278279,0.03
278287,0.13
278288,0.18
278309,0.11
278310,0.02
278316,0.13
278318,0.5
278320,0.01
278344,0.11
278356,0.13
278359,0.0
278361,0.03
278368,0.13
278372,0.04
278384,0.17
278388,0.01
278409,0.31
278414,0.11
278415,0.33
278416,0.0
278422,0.02
278423,0.17
278432,0.12
278436,0.06
278455,0.01
278461,0.08
278469,0.02
278482,0.05
278487,0.12
278493,0.09
278501,0.03
278508,0.13
278511,0.04
278519,0.03
278526,0.04
278530,0.06
278533,0.03
278539,0.1
278545,0.42
278556,0.22
278559,0.0
278587,0.05
278601,0.14
278603,0.26
278604,0.2
278605,0.06
278606,0.02
278613,0.02
278616,0.0
278618,0.08
278632,0.05
278633,0.06
278637,0.0
278645,0.03
278649,0.23
278653,0.29
278662,0.02
278673,0.12
278700,0.15
278703,0.03
278704,0.06
278723,0.11
278725,0.09
278730,0.1
278750,0.06
278765,0.0
278770,0.01
278779,0.02
278787,0.0
278791,0.02
278804,0.08
278807,0.21
278810,0.03
278812,0.03
278815,0.51
278821,0.07
278825,0.03
278832,0.02
278836,0.09
278838,0.1
278840,0.16
278844,0.09
278862,0.0
278863,0.04
278871,0.05
278875,0.04
278892,0.34
278899,0.0
278903,0.38
278909,0.02
278913,0.08
278931,0.02
278932,0.14
278933,0.57
278937,0.02
278952,0.0
278954,0.07
278960,0.16
278967,0.04
278968,0.03
278972,0.01
278976,0.2
278982,0.04
278983,0.01
279001,0.0
279015,0.01
279018,0.16
279035,0.41
279040,0.08
279043,0.14
279046,0.1
279061,0.07
279063,0.0
279065,0.01
279068,0.03
279070,0.02
279074,0.29
279076,0.1
279086,0.04
279095,0.04
279107,0.02
279108,0.31
279109,0.0
279110,0.18
279111,0.07
279129,0.05
279134,0.06
279137,0.11
279142,0.07
279146,0.04
279153,0.0
279157,0.03
279165,0.01
279166,0.06
279172,0.05
279173,0.01
279174,0.04
279179,0.22
279182,0.03
279186,0.05
279187,0.05
279189,0.01
279201,0.14
279202,0.05
279213,0.06
279214,0.1
279217,0.02
279230,0.18
279232,0.03
279233,0.04
279235,0.14
279250,0.06
279252,0.0
279257,0.12
279265,0.08
279266,0.05
279279,0.0
279281,0.06
279282,0.0
279285,0.05
279286,0.04
279297,0.02
279300,0.02
279318,0.12
279324,0.04
279334,0.04
279335,0.0
279336,0.1
279341,0.07
279342,0.2
279353,0.06
279357,0.29
279371,0.18
279376,0.04
279391,0.13
279392,0.04
279402,0.08
279406,0.07
279408,0.06
279434,0.0
279439,0.01
279448,0.09
279450,0.34
279456,0.0
279461,0.07
279466,0.0
279470,0.04
279471,0.03
279493,0.03
279500,0.03
279506,0.0
279512,0.06
279519,0.07
279533,0.0
279549,0.04
279551,0.26
279556,0.02
279557,0.03
279558,0.23
279566,0.01
279592,0.1
279595,0.21
279604,0.09
279608,0.0
279614,0.15
279618,0.07
279622,0.16
279648,0.09
279652,0.04
279653,0.08
279679,0.01
279690,0.04
279691,0.33
279694,0.39
279698,0.03
279702,0.05
279712,0.02
279713,0.05
279715,0.15
279725,0.02
279727,0.04
279733,0.02
279742,0.04
279748,0.08
279754,0.09
279756,0.19
279776,0.11
279778,0.01
279779,0.0
279782,0.04
279793,0.08
279794,0.0
279804,0.08
279810,0.07
279817,0.32
279828,0.13
279830,0.03
279831,0.05
279834,0.13
279835,0.0
279840,0.02
279847,0.0
279852,0.0
279854,0.11
279856,0.05
279859,0.07
279862,0.08
279876,0.08
279878,0.08
279889,0.02
279894,0.06
279897,0.13
279903,0.07
279904,0.09
279906,0.02
279909,0.05
279922,0.18
279925,0.01
279939,0.09
279940,0.06
279942,0.08
279948,0.03
279952,0.0
279960,0.05
279968,0.01
279969,0.19
279977,0.1
279980,0.01
279994,0.17
279997,0.02
279998,0.24
280007,0.08
280009,0.1
280010,0.31
280020,0.01
280021,0.04
280022,0.06
280052,0.05
280058,0.09
280074,0.25
280076,0.06
280085,0.04
280091,0.17
280095,0.0
280107,0.15
280116,0.2
280140,0.16
280144,0.09
280156,0.13
280177,0.03
280191,0.04
280205,0.02
280226,0.18
280230,0.02
280234,0.02
280264,0.03
280274,0.05
280298,0.06
280299,0.14
280300,0.02
280301,0.15
280308,0.0
280317,0.1
280319,0.09
280322,0.02
280342,0.11
280348,0.07
280350,0.03
280353,0.19
280366,0.12
280372,0.22
280374,0.01
280376,0.11
280381,0.01
280384,0.2
280388,0.02
280397,0.05
280401,0.09
280409,0.07
280413,0.0
280422,0.17
280424,0.07
280426,0.09
280429,0.15
280430,0.15
280435,0.03
280444,0.02
280450,0.07
280455,0.12
280459,0.03
280462,0.24
280466,0.02
280470,0.03
280473,0.04
280517,0.05
280524,0.34
280527,0.01
280531,0.0
280548,0.01
280558,0.1
280563,0.04
280598,0.34
280599,0.15
280603,0.01
280607,0.03
280610,0.26
280612,0.01
280625,0.04
280631,0.02
280650,0.19
280653,0.44
280657,0.13
280669,0.03
280675,0.1
280679,0.01
280685,0.01
280691,0.04
280693,0.09
280706,0.11
280714,0.01
280719,0.18
280724,0.09
280725,0.0
280737,0.11
280738,0.07
280744,0.01
280746,0.05
280760,0.09
280772,0.19
280777,0.36
280784,0.04
280785,0.06
280791,0.07
280793,0.0
280794,0.0
280800,0.03
280805,0.02
280806,0.03
280815,0.08
280823,0.0
280831,0.01
280832,0.02
280841,0.2
280845,0.08
280846,0.06
280854,0.0
280857,0.0
280861,0.16
280862,0.02
280867,0.2
280877,0.02
280879,0.03
280890,0.07
280891,0.19
280903,0.43
280916,0.04
280929,0.0
280934,0.26
280941,0.36
280947,0.03
280962,0.02
280963,0.1
280966,0.11
280967,0.0
280971,0.14
281005,0.01
281007,0.17
281008,0.01
281009,0.07
281016,0.03
281024,0.27
281039,0.14
281045,0.0
281054,0.12
281055,0.1
281056,0.06
281068,0.0
281092,0.08
281094,0.03
281118,0.3
281133,0.0
281137,0.03
281164,0.1
281176,0.02
281177,0.08
281184,0.0
281187,0.1
281192,0.03
281195,0.15
281220,0.11
281222,0.09
281227,0.15
281234,0.13
281251,0.05
281278,0.02
281298,0.23
281303,0.3
281306,0.06
281314,0.0
281320,0.03
281322,0.15
281337,0.13
281347,0.5
281357,0.02
281362,0.06
281365,0.05
281366,0.03
281367,0.06
281373,0.01
281376,0.0
281400,0.22
281417,0.0
281420,0.0
281422,0.07
281435,0.01
281439,0.03
281448,0.04
281451,0.03
281453,0.02
281482,0.1
281494,0.08
281514,0.04
281515,0.0
281542,0.06
281556,0.12
281568,0.07
281592,0.02
281593,0.03
281607,0.14
281613,0.0
281618,0.09
281620,0.22
281628,0.27
281629,0.13
281633,0.05
281634,0.1
281642,0.04
281643,0.01
281653,0.06
281661,0.01
281671,0.2
281675,0.08
281684,0.01
281692,0.19
281697,0.09
281730,0.06
281731,0.01
281734,0.05
281737,0.06
281750,0.12
281752,0.08
281764,0.08
281782,0.13
281791,0.01
281793,0.23
281795,0.03
281824,0.06
281831,0.06
281845,0.05
281848,0.0
281854,0.0
281855,0.01
281867,0.03
281873,0.0
281875,0.03
281876,0.2
281881,0.03
281905,0.12
281906,0.06
281907,0.02
281914,0.21
281929,0.05
281936,0.15
281938,0.0
281940,0.0
281941,0.02
281950,0.0
281954,0.03
281955,0.03
281956,0.11
281957,0.02
281968,0.11
281972,0.1
281974,0.13
281987,0.02
281996,0.18
281998,0.0
282002,0.0
282004,0.02
282005,0.02
282020,0.12
282021,0.03
282041,0.03
282045,0.03
282046,0.09
282048,0.13
282056,0.17
282063,0.05
282068,0.11
282072,0.09
282100,0.03
282104,0.03
282105,0.18
282106,0.0
282108,0.12
282114,0.12
282132,0.04
282133,0.0
282136,0.12
282145,0.07
282146,0.09
282150,0.08
282151,0.09
282152,0.1
282157,0.22
282165,0.0
282167,0.01
282178,0.03
282179,0.13
282204,0.03
282208,0.01
282218,0.05
282221,0.35
282223,0.03
282226,0.09
282230,0.0
282232,0.16
282235,0.01
282236,0.02
282239,0.04
282246,0.03
282250,0.28
282259,0.03
282270,0.0
282272,0.04
282282,0.23
282292,0.06
282306,0.02
282311,0.02
282317,0.15
282318,0.02
282331,0.04
282338,0.06
282349,0.08
282350,0.11
282355,0.05
282359,0.07
282382,0.06
282396,0.15
282399,0.03
282408,0.04
282421,0.02
282427,0.12
282437,0.01
282446,0.14
282448,0.03
282453,0.01
282456,0.06
282457,0.22
282465,0.12
282476,0.11
282478,0.2
282482,0.03
282485,0.12
282492,0.03
282498,0.11
282503,0.06
282512,0.04
282521,0.19
282531,0.28
282548,0.05
282582,0.07
282585,0.04
282605,0.05
282618,0.02
282633,0.02
282642,0.03
282645,0.07
282647,0.03
282649,0.08
282654,0.02
282661,0.16
282667,0.03
282668,0.04
282678,0.09
282679,0.06
282687,0.04
282688,0.02
282691,0.03
282702,0.0
282709,0.01
282712,0.1
282715,0.18
282726,0.0
282735,0.06
282737,0.06
282746,0.21
282751,0.01
282754,0.31
282758,0.13
282773,0.45
282787,0.0
282794,0.02
282812,0.01
282822,0.28
282827,0.03
282836,0.02
282841,0.04
282854,0.09
282862,0.01
282873,0.01
282890,0.07
282900,0.46
282906,0.09
282910,0.05
282915,0.05
282929,0.05
282933,0.1
282944,0.13
282945,0.01
282950,0.01
282954,0.01
282960,0.01
282961,0.09
282962,0.07
282965,0.1
282971,0.17
282974,0.03
282975,0.01
282979,0.07
282984,0.06
282990,0.22
282998,0.0
283005,0.08
283013,0.39
283018,0.2
283029,0.26
283032,0.01
283036,0.28
283041,0.25
283046,0.07
283050,0.03
283057,0.04
283065,0.08
283069,0.51
283074,0.0
283076,0.09
283077,0.01
283089,0.05
283090,0.01
283094,0.22
283110,0.16
283118,0.02
283127,0.01
283130,0.04
283139,0.03
283143,0.03
283144,0.3
283146,0.03
283150,0.05
283161,0.23
283177,0.03
283180,0.11
283184,0.07
283191,0.04
283193,0.02
283196,0.11
283199,0.21
283202,0.03
283205,0.0
283213,0.02
283216,0.03
283218,0.11
283220,0.01
283227,0.06
283233,0.18
283248,0.01
283250,0.03
283261,0.02
283264,0.03
283267,0.05
283269,0.01
283271,0.0
283282,0.04
283283,0.0
283290,0.01
283295,0.02
283298,0.04
283303,0.16
283309,0.06
283310,0.01
283314,0.06
283317,0.02
283318,0.12
283323,0.35
283327,0.05
283328,0.54
283336,0.08
283340,0.07
283344,0.09
283345,0.29
283360,0.03
283361,0.01
283383,0.17
283387,0.12
283390,0.01
283412,0.01
283426,0.0
283429,0.06
283433,0.01
283437,0.03
283438,0.01
283461,0.0
283466,0.04
283477,0.01
283479,0.09
283483,0.01
283484,0.01
283486,0.04
283500,0.01
283512,0.24
283515,0.02
283517,0.68
283519,0.01
283523,0.02
283528,0.36
283555,0.03
283565,0.0
283572,0.09
283576,0.03
283586,0.49
283590,0.02
283606,0.02
283615,0.03
283619,0.08
283632,0.2
283635,0.05
283636,0.0
283641,0.16
283642,0.04
283647,0.03
283667,0.02
283683,0.24
283684,0.09
283687,0.18
283691,0.11
283693,0.0
283701,0.07
283702,0.1
283711,0.33
283713,0.09
283726,0.01
283730,0.07
283736,0.07
283737,0.12
283740,0.01
283748,0.02
283750,0.05
283756,0.04
283757,0.0
283774,0.24
283776,0.05
283784,0.05
283790,0.14
283796,0.01
283806,0.09
283816,0.02
283825,0.22
283827,0.0
283835,0.0
283839,0.17
283843,0.08
283874,0.32
283880,0.12
283881,0.07
283882,0.11
283887,0.07
283891,0.34
283893,0.04
283895,0.0
283900,0.25
283906,0.13
283938,0.0
283943,0.01
283953,0.19
283958,0.1
283961,0.0
283972,0.0
283973,0.0
283986,0.32
283990,0.07
283994,0.47
284000,0.02
284002,0.24
284003,0.09
284035,0.08
284049,0.0
284055,0.0
284060,0.13
284061,0.19
284069,0.07
284072,0.11
284075,0.04
284087,0.02
284093,0.06
284095,0.05
284096,0.24
284106,0.03
284109,0.08
284112,0.03
284126,0.11
284152,0.04
284155,0.04
284157,0.03
284159,0.07
284194,0.07
284207,0.02
284211,0.08
284220,0.02
284232,0.13
284239,0.05
284246,0.05
284257,0.12
284259,0.04
284272,0.02
284277,0.1
284279,0.25
284283,0.01
284294,0.0
284298,0.0
284305,0.01
284309,0.04
284311,0.07
284315,0.04
284338,0.21
284340,0.17
284342,0.07
284344,0.01
284348,0.01
284361,0.02
284373,0.01
284380,0.18
284408,0.0
284422,0.06
284423,0.07
284427,0.09
284433,0.31
284442,0.03
284462,0.16
284481,0.4
284487,0.01
284492,0.0
284495,0.08
284499,0.56
284503,0.09
284506,0.08
284507,0.14
284511,0.23
284512,0.01
284513,0.06
284520,0.04
284537,0.06
284557,0.05
284560,0.05
284571,0.03
284573,0.36
284574,0.01
284575,0.0
284576,0.08
284578,0.03
284592,0.05
284606,0.23
284609,0.09
284614,0.01
284627,0.01
284630,0.26
284633,0.04
284647,0.17
284650,0.17
284655,0.1
284661,0.02
284664,0.0
284668,0.03
284682,0.06
284683,0.29
284691,0.02
284692,0.17
284695,0.08
284751,0.08
284785,0.14
284796,0.0
284797,0.02
284799,0.09
284805,0.02
284811,0.17
284844,0.02
284856,0.35
284861,0.04
284864,0.07
284866,0.0
284867,0.05
284871,0.0
284873,0.02
284888,0.23
284895,0.01
284906,0.0
284907,0.02
284908,0.09
284914,0.01
284916,0.04
284920,0.1
284926,0.02
284934,0.28
284937,0.01
284949,0.09
284986,0.02
285002,0.21
285006,0.0
285007,0.05
285008,0.04
285016,0.01
285040,0.0
285041,0.03
285050,0.05
285051,0.01
285059,0.12
285077,0.13
285078,0.18
285097,0.02
285102,0.19
285104,0.1
285117,0.01
285119,0.17
285120,0.06
285122,0.04
285131,0.07
285137,0.02
285139,0.04
285147,0.0
285176,0.0
285177,0.01
285183,0.09
285184,0.1
285200,0.01
285213,0.15
285224,0.07
285232,0.07
285245,0.36
285249,0.01
285253,0.03
285268,0.13
285276,0.01
285282,0.02
285284,0.31
285297,0.29
285304,0.16
285305,0.04
285337,0.02
285346,0.02
285349,0.0
285354,0.04
285359,0.07
285366,0.37
285367,0.31
285368,0.03
285376,0.09
285382,0.01
285385,0.06
285389,0.02
285396,0.07
285398,0.05
285399,0.02
285403,0.08
285405,0.1
285407,0.12
285417,0.05
285419,0.15
285431,0.04
285457,0.0
285462,0.34
285463,0.04
285472,0.0
285476,0.08
285479,0.24
285482,0.05
285486,0.13
285487,0.04
285497,0.02
285498,0.08
285507,0.23
285509,0.0
285514,0.09
285516,0.02
285521,0.03
285525,0.05
285528,0.26
285555,0.08
285559,0.05
285561,0.03
285562,0.07
285565,0.02
285571,0.0
285583,0.01
285588,0.01
285603,0.02
285612,0.04
285628,0.14
285635,0.04
285649,0.07
285651,0.0
285653,0.1
285662,0.06
285665,0.0
285678,0.09
285681,0.02
285694,0.05
285695,0.01
285701,0.06
285721,0.14
285730,0.14
285733,0.02
285743,0.02
285744,0.14
285746,0.1
285778,0.02
285784,0.02
285808,0.06
285810,0.07
285831,0.32
285833,0.05
285841,0.0
285842,0.08
285844,0.0
285847,0.39
285853,0.01
285861,0.13
285863,0.05
285867,0.25
285870,0.07
285879,0.19
285880,0.0
285882,0.08
285893,0.01
285897,0.1
285912,0.06
285914,0.04
285918,0.0
285927,0.02
285931,0.11
285932,0.13
285962,0.03
285975,0.06
285978,0.01
285996,0.01
286000,0.01
286010,0.08
286011,0.05
286018,0.05
286033,0.13
286038,0.04
286042,0.15
286044,0.07
286047,0.04
286050,0.05
286052,0.01
286056,0.18
286058,0.02
286083,0.06
286088,0.08
286094,0.1
286107,0.13
286112,0.05
286124,0.01
286128,0.04
286141,0.05
286146,0.1
286147,0.16
286153,0.01
286163,0.02
286169,0.06
286175,0.02
286185,0.02
286194,0.02
286198,0.1
286201,0.02
286202,0.26
286213,0.09
286218,0.04
286250,0.01
286257,0.07
286264,0.04
286265,0.01
286266,0.01
286287,0.1
286292,0.06
286294,0.02
286295,0.05
286299,0.26
286300,0.08
286302,0.08
286310,0.16
286316,0.03
286332,0.05
286353,0.16
286354,0.03
286357,0.02
286375,0.01
286382,0.04
286389,0.02
286404,0.01
286405,0.16
286411,0.04
286412,0.19
286421,0.21
286423,0.15
286426,0.03
286433,0.06
286438,0.07
286441,0.06
286444,0.01
286447,0.01
286459,0.01
286473,0.01
286484,0.01
286485,0.49
286501,0.09
286502,0.11
286509,0.08
286511,0.28
286516,0.11
286547,0.61
286549,0.05
286553,0.03
286558,0.14
286566,0.07
286572,0.0
286582,0.02
286587,0.07
286590,0.04
286594,0.39
286598,0.05
286602,0.02
286608,0.18
286610,0.1
286627,0.04
286661,0.11
286664,0.12
286668,0.0
286683,0.0
286684,0.01
286689,0.04
286696,0.01
286697,0.0
286703,0.0
286705,0.07
286707,0.03
286708,0.11
286711,0.01
286714,0.04
286734,0.0
286747,0.11
286760,0.19
286763,0.04
286772,0.02
286773,0.07
286791,0.02
286813,0.01
286814,0.02
286817,0.01
286836,0.03
286838,0.25
286844,0.11
286854,0.04
286856,0.12
286859,0.29
286864,0.11
286865,0.0
286868,0.18
286881,0.01
286882,0.05
286888,0.02
286890,0.49
286892,0.02
286895,0.09
286906,0.16
286924,0.01
286930,0.01
286931,0.03
286942,0.05
286955,0.01
286960,0.07
286962,0.1
286966,0.07
286967,0.08
286971,0.02
286983,0.0
286985,0.07
286986,0.07
286987,0.07
286992,0.16
287003,0.15
287004,0.01
287006,0.03
287029,0.03
287036,0.04
287038,0.03
287049,0.1
287050,0.0
287057,0.02
287065,0.01
287066,0.54
287089,0.04
287093,0.06
287096,0.16
287103,0.02
287104,0.12
287109,0.01
287133,0.22
287137,0.04
287141,0.17
287146,0.0
287148,0.03
287177,0.01
287184,0.01
287197,0.12
287204,0.08
287206,0.12
287208,0.04
287225,0.02
287228,0.0
287252,0.21
287260,0.01
287264,0.06
287270,0.03
287271,0.01
287272,0.13
287274,0.01
287280,0.0
287281,0.18
287290,0.16
287298,0.02
287299,0.2
287301,0.0
287314,0.05
287321,0.1
287322,0.02
287329,0.08
287331,0.11
287337,0.09
287349,0.02
287358,0.12
287370,0.35
287371,0.02
287376,0.0
287378,0.03
287386,0.24
287394,0.17
287397,0.07
287419,0.04
287428,0.01
287438,0.2
287439,0.03
287449,0.02
287450,0.0
287460,0.1
287472,0.08
287474,0.08
287483,0.04
287495,0.04
287510,0.22
287512,0.1
287530,0.32
287531,0.0
287543,0.11
287549,0.12
287564,0.01
287574,0.09
287580,0.04
287587,0.07
287594,0.17
287605,0.14
287617,0.16
287621,0.01
287626,0.08
287629,0.06
287632,0.35
287636,0.02
287644,0.01
287648,0.2
287666,0.01
287672,0.16
287701,0.04
287708,0.0
287718,0.39
287724,0.26
287726,0.02
287729,0.04
287732,0.06
287733,0.01
287734,0.32
287750,0.16
287755,0.38
287762,0.22
287764,0.03
287766,0.04
287775,0.06
287781,0.02
287785,0.05
287789,0.17
287792,0.05
287796,0.03
287804,0.09
287822,0.04
287835,0.02
287840,0.02
287850,0.03
287851,0.1
287852,0.02
287858,0.04
287859,0.06
287860,0.2
287861,0.04
287866,0.03
287868,0.05
287873,0.21
287876,0.21
287877,0.16
287878,0.04
287879,0.09
287883,0.04
287888,0.0
287894,0.38
287895,0.01
287912,0.21
287915,0.17
287920,0.0
287922,0.19
287926,0.01
287929,0.0
287931,0.03
287936,0.01
287942,0.04
287946,0.05
287948,0.09
287963,0.09
288003,0.03
288005,0.08
288012,0.07
288013,0.36
288026,0.02
288027,0.05
288031,0.04
288039,0.02
288041,0.22
288045,0.11
288065,0.07
288068,0.0
288079,0.17
288084,0.34
288111,0.28
288129,0.1
288138,0.52
288154,0.03
288167,0.07
288178,0.04
288184,0.2
288193,0.0
288203,0.07
288207,0.06
288223,0.09
288226,0.08
288237,0.02
288257,0.4
288259,0.01
288269,0.09
288273,0.03
288276,0.02
288280,0.04
288283,0.03
288291,0.06
288299,0.11
288305,0.19
288316,0.0
288322,0.04
288333,0.0
288337,0.12
288341,0.0
288345,0.08
288348,0.06
288350,0.05
288353,0.1
288372,0.16
288375,0.09
288395,0.1
288408,0.06
288425,0.0
288430,0.06
288433,0.03
288459,0.13
288462,0.22
288463,0.15
288470,0.11
288472,0.09
288475,0.0
288495,0.45
288517,0.02
288530,0.15
288535,0.15
288539,0.09
288540,0.0
288547,0.39
288553,0.16
288555,0.33
288556,0.08
288562,0.02
288564,0.1
288567,0.28
288576,0.04
288579,0.03
288580,0.26
288589,0.05
288596,0.04
288597,0.06
288599,0.02
288601,0.07
288617,0.02
288621,0.17
288635,0.07
288656,0.1
288666,0.0
288670,0.01
288671,0.0
288673,0.16
288678,0.13
288693,0.25
288699,0.06
288706,0.16
288728,0.06
288739,0.05
288741,0.01
288755,0.04
288763,0.01
288766,0.06
288775,0.1
288780,0.06
288793,0.14
288811,0.03
288821,0.13
288829,0.03
288835,0.01
288836,0.11
288838,0.15
288851,0.03
288853,0.01
288854,0.02
288855,0.03
288876,0.06
288879,0.13
288884,0.22
288886,0.06
288891,0.06
288898,0.04
288911,0.29
288913,0.01
288927,0.07
288928,0.03
288931,0.02
288955,0.07
288961,0.02
288969,0.13
288971,0.07
288973,0.09
288982,0.08
288983,0.05
288986,0.02
288992,0.06
288993,0.06
288996,0.26
289007,0.09
289008,0.04
289014,0.02
289015,0.03
289016,0.03
289017,0.06
289028,0.01
289030,0.02
289040,0.03
289048,0.07
289051,0.2
289055,0.01
289057,0.01
289062,0.05
289063,0.03
289069,0.04
289073,0.05
289074,0.08
289085,0.02
289092,0.03
289097,0.03
289111,0.02
289112,0.18
289116,0.02
289123,0.14
289145,0.15
289146,0.18
289158,0.13
289165,0.08
289166,0.06
289167,0.02
289170,0.28
289193,0.14
289198,0.0
289209,0.11
289211,0.01
289215,0.17
289220,0.1
289232,0.07
289244,0.07
289258,0.12
289271,0.15
289274,0.07
289312,0.03
289321,0.09
289325,0.03
289333,0.17
289340,0.13
289368,0.04
289375,0.05
289380,0.09
289381,0.04
289384,0.13
289403,0.05
289408,0.09
289416,0.01
289463,0.04
289488,0.06
289495,0.22
289498,0.01
289499,0.04
289515,0.02
289531,0.01
289541,0.03
289554,0.02
289565,0.02
289590,0.01
289596,0.16
289601,0.03
289602,0.01
289603,0.03
289608,0.08
289622,0.01
289623,0.04
289625,0.02
289634,0.02
289648,0.15
289650,0.06
289662,0.01
289667,0.32
289674,0.02
289682,0.0
289702,0.01
289706,0.04
289709,0.33
289716,0.34
289725,0.0
289732,0.0
289743,0.06
289762,0.04
289766,0.1
289770,0.01
289775,0.08
289777,0.02
289783,0.09
289797,0.03
289798,0.03
289802,0.05
289812,0.17
289814,0.01
289819,0.17
289828,0.09
289831,0.1
289835,0.03
289844,0.1
289850,0.04
289851,0.03
289865,0.04
289869,0.09
289891,0.2
289907,0.36
289919,0.02
289923,0.09
289924,0.17
289927,0.04
289929,0.2
289951,0.04
289959,0.04
289964,0.05
289965,0.06
289966,0.04
289971,0.07
289988,0.04
289989,0.04
289995,0.29
290005,0.03
290013,0.09
290031,0.09
290036,0.13
290038,0.29
290041,0.21
290056,0.13
290058,0.0
290065,0.02
290069,0.03
290070,0.02
290074,0.1
290076,0.28
290082,0.13
290105,0.02
290111,0.02
290114,0.04
290116,0.0
290117,0.05
290128,0.21
290130,0.08
290139,0.04
290151,0.06
290154,0.03
290158,0.11
290180,0.11
290183,0.01
290190,0.04
290191,0.1
290199,0.09
290200,0.01
290202,0.03
290205,0.18
290206,0.03
290219,0.13
290227,0.01
290232,0.13
290233,0.45
290242,0.08
290246,0.03
290247,0.02
290257,0.08
290259,0.29
290260,0.04
290270,0.01
290273,0.14
290276,0.07
290281,0.06
290296,0.05
290303,0.05
290306,0.04
290331,0.06
290340,0.01
290349,0.1
290355,0.0
290365,0.09
290379,0.23
290389,0.03
290408,0.04
290409,0.06
290433,0.25
290437,0.16
290440,0.07
290448,0.11
290466,0.05
290467,0.02
290479,0.0
290490,0.05
290492,0.03
290503,0.17
290508,0.14
290524,0.12
290526,0.12
290527,0.08
290541,0.1
290557,0.08
290564,0.09
290572,0.04
290576,0.12
290588,0.01
290589,0.0
290595,0.05
290598,0.13
290605,0.02
290609,0.05
290610,0.0
290612,0.11
290634,0.03
290635,0.24
290644,0.56
290672,0.09
290681,0.01
290693,0.05
290695,0.01
290702,0.02
290703,0.03
290711,0.07
290713,0.02
290727,0.09
290730,0.16
290734,0.19
290745,0.05
290746,0.09
290751,0.1
290758,0.01
290766,0.28
290784,0.04
290786,0.0
290813,0.6
290849,0.16
290852,0.07
290881,0.08
290884,0.0
290885,0.05
290889,0.01
290911,0.05
290913,0.09
290923,0.06
290926,0.01
290936,0.09
290941,0.02
290945,0.12
290955,0.05
290961,0.05
290964,0.08
290967,0.01
290970,0.05
290974,0.06
290976,0.08
290978,0.0
290981,0.01
290991,0.07
291005,0.03
291009,0.04
291011,0.06
291012,0.61
291018,0.17
291023,0.06
291028,0.14
291034,0.03
291038,0.01
291039,0.19
291041,0.2
291045,0.03
291048,0.19
291052,0.28
291055,0.0
291082,0.13
291085,0.29
291086,0.0
291094,0.1
291103,0.13
291108,0.04
291110,0.03
291113,0.01
291117,0.03
291124,0.06
291129,0.02
291142,0.07
291155,0.25
291157,0.01
291177,0.0
291178,0.04
291180,0.03
291188,0.11
291198,0.05
291200,0.02
291202,0.01
291207,0.02
291218,0.0
291231,0.16
291232,0.04
291240,0.02
291241,0.04
291245,0.04
291256,0.04
291273,0.05
291274,0.09
291277,0.12
291290,0.33
291303,0.03
291310,0.01
291311,0.18
291319,0.46
291324,0.07
291331,0.25
291334,0.08
291348,0.1
291349,0.41
291359,0.03
291365,0.03
291379,0.03
291396,0.03
291411,0.04
291424,0.08
291425,0.02
291428,0.05
291446,0.04
291449,0.01
291461,0.04
291465,0.14
291480,0.16
291486,0.21
291487,0.02
291491,0.01
291499,0.01
291505,0.05
291512,0.11
291513,0.04
291521,0.0
291523,0.01
291543,0.17
291545,0.03
291546,0.19
291550,0.01
291552,0.04
291561,0.05
291579,0.07
291584,0.27
291586,0.03
291590,0.18
291592,0.53
291593,0.1
291599,0.08
291615,0.01
291617,0.09
291628,0.0
291654,0.05
291658,0.43
291659,0.01
291661,0.25
291671,0.07
291677,0.0
291689,0.09
291693,0.18
291695,0.12
291696,0.3
291697,0.13
291702,0.28
291711,0.05
291713,0.02
291715,0.08
291718,0.08
291733,0.3
291742,0.24
291748,0.02
291765,0.01
291771,0.02
291773,0.0
291788,0.06
291789,0.05
291796,0.18
291800,0.01
291817,0.04
291822,0.27
291840,0.06
291843,0.02
291855,0.27
291858,0.03
291870,0.03
291872,0.04
291874,0.07
291883,0.0
291888,0.02
291894,0.07
291901,0.0
291928,0.16
291930,0.04
291949,0.01
291951,0.12
291953,0.12
291955,0.07
291963,0.45
291969,0.02
291980,0.01
292010,0.01
292022,0.03
292023,0.06
292031,0.08
292034,0.09
292043,0.07
292049,0.06
292055,0.03
292062,0.02
292070,0.03
292072,0.14
292073,0.0
292082,0.12
292096,0.01
292098,0.07
292116,0.04
292118,0.07
292126,0.05
292128,0.01
292137,0.13
292138,0.03
292142,0.06
292149,0.07
292181,0.02
292189,0.0
292191,0.03
292205,0.13
292219,0.04
292227,0.0
292231,0.05
292238,0.15
292246,0.05
292248,0.1
292259,0.13
292261,0.14
292266,0.08
292267,0.02
292272,0.06
292278,0.12
292281,0.0
292286,0.05
292288,0.28
292289,0.03
292304,0.03
292307,0.05
292319,0.05
292320,0.04
292325,0.04
292326,0.28
292331,0.0
292332,0.01
292333,0.08
292334,0.17
292337,0.02
292338,0.41
292342,0.08
292347,0.06
292350,0.01
292355,0.03
292360,0.0
292362,0.01
292363,0.15
292364,0.22
292383,0.14
292397,0.12
292409,0.29
292417,0.08
292426,0.0
292428,0.01
292439,0.35
292443,0.2
292448,0.03
292451,0.02
292452,0.03
292456,0.03
292460,0.06
292463,0.3
292464,0.01
292476,0.02
292480,0.18
292483,0.01
292493,0.03
292501,0.29
292506,0.11
292508,0.0
292513,0.09
292525,0.15
292533,0.1
292540,0.19
292541,0.0
292544,0.07
292549,0.02
292550,0.07
292557,0.23
292558,0.06
292562,0.11
292564,0.02
292583,0.05
292612,0.0
292618,0.01
292623,0.08
292631,0.04
292633,0.26
292641,0.04
292643,0.12
292649,0.0
292650,0.0
292651,0.26
292655,0.08
292659,0.03
292677,0.06
292693,0.1
292697,0.07
292700,0.11
292702,0.07
292710,0.0
292727,0.08
292731,0.15
292732,0.02
292734,0.01
292735,0.0
292737,0.0
292739,0.04
292741,0.05
292767,0.07
292778,0.01
292807,0.26
292813,0.29
292834,0.08
292837,0.0
292839,0.07
292844,0.06
292869,0.05
292874,0.0
292892,0.06
292894,0.09
292916,0.19
292921,0.08
292925,0.06
292929,0.07
292933,0.06
292935,0.06
292938,0.01
292945,0.15
292946,0.02
292953,0.08
292966,0.11
292968,0.18
292983,0.04
292988,0.11
292992,0.06
292997,0.17
293002,0.05
293013,0.0
293030,0.34
293043,0.13
293070,0.1
293093,0.01
293103,0.05
293104,0.0
293117,0.22
293123,0.06
293126,0.11
293128,0.01
293136,0.0
293142,0.04
293146,0.08
293149,0.41
293159,0.0
293169,0.07
293172,0.03
293175,0.03
293176,0.08
293192,0.0
293213,0.08
293218,0.09
293219,0.16
293224,0.08
293225,0.05
293234,0.36
293243,0.02
293249,0.02
293256,0.01
293276,0.37
293283,0.23
293295,0.08
293308,0.04
293309,0.17
293316,0.03
293326,0.14
293330,0.02
293351,0.09
293361,0.02
293366,0.31
293376,0.13
293377,0.14
293382,0.13
293383,0.13
293385,0.04
293402,0.07
293403,0.26
293405,0.02
293412,0.06
293430,0.05
293435,0.01
293438,0.14
293445,0.16
293447,0.33
293451,0.03
293463,0.02
293471,0.03
293482,0.06
293485,0.0
293493,0.26
293496,0.2
293505,0.04
293507,0.24
293508,0.05
293518,0.03
293524,0.03
293527,0.06
293537,0.01
293542,0.09
293556,0.01
293560,0.5
293563,0.04
293565,0.01
293597,0.21
293603,0.15
293607,0.08
293621,0.04
293622,0.04
293623,0.03
293636,0.3
293643,0.06
293659,0.03
293678,0.09
293679,0.19
293681,0.19
293684,0.1
293692,0.01
293696,0.02
293733,0.0
293734,0.05
293745,0.04
293751,0.01
293770,0.14
293778,0.0
293789,0.01
293809,0.04
293815,0.0
293816,0.52
293819,0.01
293822,0.03
293846,0.35
293849,0.0
293850,0.02
293851,0.19
293860,0.01
293863,0.2
293881,0.02
293900,0.0
293907,0.06
293915,0.01
293931,0.02
293935,0.05
293942,0.12
293944,0.2
293967,0.13
293968,0.05
293971,0.0
293972,0.21
293974,0.02
293976,0.09
293985,0.03
293996,0.24
294004,0.0
294007,0.2
294010,0.01
294013,0.38
294016,0.29
294018,0.21
294028,0.16
294041,0.24
294047,0.0
294055,0.21
294062,0.05
294069,0.02
294075,0.2
294091,0.04
294108,0.03
294116,0.04
294125,0.09
294129,0.16
294130,0.02
294134,0.0
294135,0.4
294136,0.07
294141,0.12
294160,0.03
294164,0.05
294184,0.0
294191,0.02
294195,0.03
294199,0.0
294208,0.34
294221,0.01
294225,0.25
294230,0.03
294236,0.08
294256,0.0
294257,0.0
294258,0.03
294282,0.16
294287,0.04
294290,0.11
294300,0.3
294302,0.07
294313,0.03
294314,0.27
294322,0.07
294336,0.14
294339,0.04
294348,0.05
294365,0.22
294373,0.04
294383,0.06
294403,0.04
294406,0.04
294417,0.4
294452,0.06
294463,0.06
294471,0.01
294486,0.03
294501,0.15
294504,0.32
294509,0.11
294511,0.01
294519,0.01
294530,0.2
294532,0.14
294547,0.31
294548,0.05
294554,0.01
294577,0.38
294578,0.18
294580,0.08
294583,0.04
294592,0.02
294595,0.03
294602,0.05
294613,0.21
294617,0.04
294631,0.08
294641,0.06
294653,0.04
294657,0.0
294661,0.23
294665,0.0
294668,0.01
294671,0.0
294682,0.03
294685,0.08
294688,0.1
294690,0.3
294698,0.03
294717,0.39
294724,0.04
294726,0.01
294738,0.08
294744,0.06
294758,0.1
294762,0.14
294776,0.11
294777,0.09
294807,0.26
294816,0.11
294821,0.06
294825,0.06
294834,0.0
294835,0.03
294836,0.02
294840,0.03
294842,0.28
294864,0.07
294874,0.15
294880,0.04
294881,0.01
294897,0.05
294898,0.03
294920,0.07
294923,0.05
294926,0.0
294937,0.04
294941,0.09
294951,0.07
294952,0.0
294953,0.07
294982,0.09
294989,0.06
294995,0.12
295009,0.07
295010,0.06
295013,0.0
295016,0.08
295022,0.08
295024,0.09
295040,0.05
295045,0.01
295047,0.02
295056,0.08
295073,0.24
295080,0.02
295093,0.07
295094,0.2
295095,0.11
295107,0.0
295116,0.08
295140,0.02
295150,0.39
295154,0.1
295155,0.13
295162,0.05
295163,0.02
295168,0.07
295176,0.06
295182,0.01
295183,0.06
295216,0.05
295219,0.08
295239,0.01
295246,0.07
295255,0.04
295257,0.15
295261,0.0
295263,0.01
295265,0.04
295274,0.16
295281,0.06
295286,0.04
295299,0.13
295304,0.03
295306,0.19
295321,0.05
295339,0.18
295342,0.06
295346,0.04
295348,0.07
295354,0.04
295367,0.26
295372,0.1
295373,0.09
295374,0.15
295387,0.01
295389,0.01
295396,0.07
295415,0.05
295418,0.17
295421,0.0
295425,0.07
295431,0.03
295434,0.03
295443,0.04
295453,0.08
295473,0.01
295476,0.03
295477,0.17
295488,0.16
295499,0.04
295504,0.01
295505,0.32
295524,0.04
295529,0.0
295533,0.22
295534,0.03
295549,0.05
295565,0.03
295584,0.11
295585,0.06
295597,0.02
295599,0.12
295604,0.02
295616,0.06
295635,0.01
295637,0.01
295670,0.01
295678,0.0
295701,0.03
295711,0.24
295713,0.04
295734,0.05
295739,0.04
295750,0.01
295773,0.33
295783,0.11
295787,0.25
295790,0.01
295795,0.05
295820,0.01
295821,0.01
295826,0.0
295836,0.02
295837,0.58
295842,0.07
295848,0.03
295850,0.07
295869,0.02
295871,0.08
295873,0.1
295879,0.02
295880,0.11
295892,0.07
295904,0.1
295907,0.04
295908,0.12
295913,0.03
295918,0.01
295921,0.14
295924,0.09
295949,0.13
295953,0.07
295961,0.03
295968,0.17
295971,0.06
295985,0.05
295986,0.01
295987,0.1
295993,0.02
295997,0.22
296005,0.05
296007,0.01
296012,0.11
296022,0.18
296024,0.01
296032,0.04
296034,0.01
296062,0.0
296070,0.01
296074,0.01
296084,0.01
296087,0.01
296088,0.05
296089,0.02
296143,0.04
296172,0.02
296183,0.02
296185,0.01
296194,0.02
296199,0.12
296204,0.15
296206,0.09
296209,0.07
296229,0.14
296239,0.0
296253,0.05
296259,0.35
296264,0.04
296270,0.14
296273,0.07
296284,0.05
296285,0.0
296287,0.04
296288,0.05
296292,0.15
296300,0.13
296301,0.03
296321,0.38
296324,0.08
296335,0.06
296348,0.0
296354,0.03
296369,0.01
296376,0.05
296391,0.08
296393,0.02
296398,0.14
296428,0.08
296432,0.13
296433,0.19
296449,0.01
296450,0.05
296490,0.09
296498,0.04
296499,0.06
296500,0.02
296509,0.09
296514,0.01
296518,0.0
296527,0.01
296532,0.01
296541,0.02
296544,0.12
296546,0.0
296573,0.21
296578,0.06
296589,0.0
296594,0.07
296616,0.06
296623,0.04
296624,0.13
296632,0.03
296633,0.06
296639,0.07
296647,0.17
296656,0.41
296678,0.04
296679,0.09
296695,0.0
296696,0.08
296714,0.01
296721,0.01
296739,0.06
296744,0.82
296747,0.01
296758,0.32
296760,0.01
296766,0.1
296769,0.0
296776,0.04
296780,0.14
296782,0.22
296790,0.06
296795,0.02
296801,0.01
296803,0.36
296806,0.04
296811,0.11
296813,0.04
296818,0.22
296822,0.01
296839,0.11
296848,0.0
296863,0.11
296871,0.0
296872,0.25
296877,0.04
296882,0.11
296885,0.01
296903,0.05
296906,0.04
296912,0.0
296916,0.08
296922,0.04
296926,0.09
296927,0.03
296935,0.01
296939,0.04
296942,0.04
296954,0.05
296968,0.17
296971,0.15
296984,0.0
297004,0.03
297011,0.14
297017,0.0
297019,0.13
297021,0.01
297025,0.01
297033,0.15
297038,0.16
297042,0.72
297065,0.01
297089,0.01
297093,0.22
297098,0.04
297100,0.04
297111,0.06
297115,0.05
297121,0.18
297123,0.37
297129,0.02
297132,0.16
297139,0.04
297147,0.21
297148,0.24
297161,0.03
297167,0.06
297171,0.08
297173,0.07
297179,0.01
297189,0.37
297200,0.04
297201,0.12
297220,0.05
297229,0.05
297234,0.0
297252,0.24
297266,0.5
297269,0.03
297276,0.16
297292,0.02
297300,0.11
297303,0.01
297305,0.17
297307,0.12
297313,0.12
297336,0.04
297340,0.15
297344,0.04
297349,0.03
297358,0.02
297363,0.11
297369,0.05
297372,0.0
297380,0.27
297384,0.06
297385,0.24
297389,0.01
297390,0.15
297415,0.14
297419,0.13
297421,0.17
297424,0.04
297431,0.06
297447,0.11
297456,0.03
297457,0.04
297463,0.0
297464,0.06
297474,0.11
297479,0.02
297480,0.3
297494,0.04
297495,0.01
297507,0.0
297514,0.01
297515,0.05
297516,0.2
297521,0.06
297534,0.06
297553,0.02
297575,0.14
297584,0.24
297586,0.04
297606,0.02
297630,0.04
297636,0.02
297646,0.04
297650,0.01
297651,0.14
297656,0.04
297675,0.08
297681,0.03
297699,0.0
297702,0.13
297712,0.01
297718,0.16
297730,0.23
297731,0.1
297745,0.0
297768,0.14
297771,0.04
297774,0.02
297781,0.22
297786,0.09
297798,0.29
297809,0.01
297822,0.1
297828,0.0
297840,0.03
297852,0.05
297859,0.0
297868,0.03
297883,0.1
297887,0.0
297896,0.05
297898,0.04
297917,0.16
297943,0.0
297954,0.18
297965,0.01
297992,0.05
297993,0.03
298001,0.22
298005,0.34
298010,0.02
298013,0.03
298014,0.08
298015,0.34
298025,0.36
298026,0.13
298032,0.06
298039,0.34
298049,0.03
298051,0.0
298058,0.02
298062,0.03
298070,0.06
298078,0.05
298084,0.25
298108,0.12
298113,0.11
298115,0.13
298126,0.03
298131,0.0
298134,0.02
298135,0.0
298139,0.0
298142,0.01
298152,0.03
298154,0.04
298155,0.18
298161,0.22
298165,0.19
298166,0.07
298171,0.08
298179,0.03
298182,0.06
298187,0.0
298192,0.0
298194,0.07
298213,0.05
298215,0.27
298216,0.05
298217,0.04
298223,0.08
298256,0.1
298275,0.04
298277,0.02
298279,0.02
298285,0.15
298286,0.14
298296,0.0
298309,0.05
298312,0.14
298323,0.06
298330,0.01
298340,0.05
298341,0.04
298349,0.03
298353,0.03
298363,0.06
298367,0.01
298378,0.12
298380,0.03
298392,0.16
298395,0.03
298405,0.01
298426,0.16
298427,0.14
298444,0.03
298450,0.0
298458,0.03
298462,0.11
298463,0.05
298479,0.05
298480,0.06
298487,0.14
298499,0.1
298500,0.14
298506,0.01
298507,0.05
298512,0.06
298515,0.05
298517,0.07
298532,0.16
298533,0.0
298560,0.08
298564,0.18
298567,0.37
298568,0.12
298569,0.19
298570,0.01
298579,0.08
298583,0.06
298591,0.08
298593,0.24
298600,0.02
298609,0.03
298620,0.04
298622,0.23
298628,0.01
298633,0.21
298657,0.03
298669,0.04
298671,0.14
298677,0.01
298692,0.0
298703,0.0
298705,0.04
298711,0.0
298713,0.17
298757,0.09
298766,0.02
298768,0.2
298770,0.08
298776,0.02
298785,0.16
298787,0.1
298792,0.1
298795,0.02
298799,0.01
298806,0.1
298810,0.02
298818,0.12
298822,0.11
298823,0.08
298834,0.02
298837,0.13
298841,0.1
298845,0.01
298852,0.19
298855,0.04
298858,0.22
298860,0.02
298861,0.01
298863,0.0
298866,0.06
298873,0.0
298880,0.09
298889,0.18
298896,0.08
298917,0.13
298929,0.01
298940,0.16
298946,0.27
298949,0.06
298966,0.03
298984,0.07
298994,0.02
299004,0.26
299012,0.04
299022,0.21
299024,0.04
299026,0.06
299035,0.05
299036,0.07
299039,0.0
299061,0.05
299064,0.02
299067,0.06
299074,0.42
299075,0.05
299078,0.08
299109,0.04
299117,0.05
299121,0.05
299127,0.19
299134,0.12
299136,0.05
299137,0.09
299139,0.14
299168,0.04
299176,0.0
299184,0.12
299188,0.09
299191,0.14
299208,0.14
299229,0.07
299238,0.05
299241,0.13
299257,0.02
299260,0.0
299264,0.14
299279,0.03
299308,0.01
299310,0.08
299311,0.06
299317,0.2
299325,0.15
299329,0.05
299334,0.18
299335,0.06
299339,0.01
299351,0.02
299352,0.0
299365,0.16
299393,0.08
299400,0.09
299404,0.12
299406,0.08
299410,0.06
299413,0.09
299434,0.21
299448,0.03
299463,0.12
299464,0.34
299470,0.05
299480,0.18
299488,0.01
299496,0.1
299501,0.03
299504,0.12
299532,0.09
299536,0.25
299550,0.0
299554,0.0
299564,0.23
299577,0.03
299581,0.05
299594,0.15
299632,0.02
299633,0.04
299650,0.1
299678,0.11
299682,0.11
299705,0.01
299719,0.12
299720,0.01
299724,0.04
299730,0.03
299750,0.0
299766,0.02
299774,0.14
299787,0.03
299817,0.05
299818,0.2
299826,0.09
299833,0.05
299845,0.18
299847,0.44
299850,0.07
299866,0.02
299869,0.01
299870,0.05
299874,0.02
299877,0.04
299891,0.31
299898,0.1
299900,0.05
299904,0.05
299912,0.02
299914,0.01
299919,0.15
299931,0.03
299934,0.01
299941,0.13
299946,0.0
299947,0.08
299972,0.01
299973,0.2
299975,0.13
299979,0.0
299981,0.02
299983,0.09
299985,0.14
299986,0.02
300011,0.13
300013,0.07
300028,0.0
300042,0.02
300043,0.12
300058,0.25
300073,0.07
300075,0.22
300087,0.02
300090,0.18
300107,0.01
300115,0.0
300119,0.04
300122,0.19
300125,0.15
300126,0.07
300137,0.57
300139,0.14
300145,0.19
300155,0.03
300169,0.0
300170,0.12
300175,0.04
300177,0.07
300186,0.09
300188,0.02
300194,0.05
300207,0.03
300210,0.13
300217,0.12
300221,0.02
300235,0.02
300238,0.02
300240,0.56
300241,0.07
300249,0.05
300255,0.0
300259,0.02
300272,0.01
300274,0.39
300276,0.08
300284,0.03
300293,0.14
300306,0.03
300310,0.06
300324,0.01
300339,0.0
300346,0.02
300348,0.23
300354,0.07
300356,0.03
300358,0.08
300363,0.04
300366,0.02
300368,0.15
300370,0.24
300385,0.27
300392,0.25
300393,0.02
300403,0.04
300411,0.25
300420,0.04
300421,0.02
300435,0.07
300437,0.04
300440,0.04
300443,0.11
300456,0.22
300458,0.11
300459,0.24
300460,0.08
300462,0.03
300481,0.1
300486,0.21
300488,0.1
300503,0.02
300506,0.06
300517,0.1
300523,0.06
300525,0.08
300526,0.05
300552,0.09
300560,0.03
300570,0.0
300583,0.1
300585,0.06
300587,0.02
300598,0.02
300600,0.07
300608,0.05
300612,0.04
300618,0.0
300621,0.03
300640,0.02
300641,0.2
300651,0.06
300653,0.03
300667,0.04
300678,0.02
300680,0.06
300687,0.14
300702,0.41
300717,0.12
300722,0.04
300723,0.09
300732,0.05
300752,0.01
300761,0.34
300775,0.12
300786,0.06
300787,0.0
300788,0.09
300789,0.12
300794,0.04
300808,0.17
300834,0.01
300842,0.12
300844,0.51
300850,0.01
300851,0.11
300854,0.09
300866,0.01
300867,0.02
300868,0.13
300882,0.06
300883,0.04
300891,0.14
300894,0.01
300901,0.1
300904,0.04
300910,0.07
300914,0.19
300918,0.09
300948,0.13
300954,0.09
300958,0.08
300959,0.03
300970,0.06
300971,0.04
300975,0.03
300981,0.05
300983,0.09
300993,0.27
300996,0.05
301001,0.06
301005,0.06
301010,0.05
301021,0.36
301026,0.02
301029,0.04
301032,0.09
301061,0.45
301073,0.0
301083,0.2
301089,0.19
301093,0.13
301098,0.01
301103,0.15
301105,0.55
301112,0.18
301120,0.04
301122,0.03
301124,0.13
301137,0.12
301169,0.08
301173,0.06
301177,0.05
301179,0.01
301180,0.18
301185,0.19
301195,0.08
301199,0.05
301201,0.1
301206,0.05
301209,0.01
301210,0.11
301216,0.14
301224,0.09
301226,0.18
301227,0.01
301243,0.06
301246,0.06
301248,0.05
301252,0.0
301259,0.0
301260,0.01
301267,0.07
301268,0.23
301274,0.02
301281,0.01
301287,0.04
301288,0.05
301299,0.14
301304,0.04
301325,0.23
301327,0.14
301331,0.09
301332,0.03
301336,0.02
301345,0.12
301348,0.02
301356,0.19
301358,0.12
301360,0.0
301364,0.09
301389,0.01
301415,0.02
301421,0.24
301422,0.02
301424,0.04
301426,0.04
301433,0.06
301459,0.05
301460,0.14
301478,0.05
301483,0.03
301493,0.04
301494,0.07
301503,0.01
301510,0.04
301516,0.0
301530,0.14
301531,0.07
301549,0.06
301550,0.02
301555,0.15
301573,0.0
301588,0.11
301593,0.08
301613,0.06
301625,0.0
301643,0.11
301650,0.06
301651,0.1
301652,0.01
301653,0.07
301665,0.1
301684,0.18
301686,0.05
301694,0.18
301697,0.02
301698,0.12
301717,0.06
301725,0.12
301728,0.02
301734,0.01
301749,0.02
301761,0.32
301766,0.06
301775,0.16
301782,0.06
301784,0.13
301787,0.01
301789,0.07
301790,0.16
301804,0.04
301806,0.17
301817,0.09
301826,0.07
301837,0.05
301842,0.02
301848,0.01
301859,0.1
301860,0.12
301867,0.16
301877,0.0
301883,0.04
301902,0.06
301908,0.08
301916,0.0
301920,0.01
301921,0.01
301931,0.15
301939,0.08
301941,0.06
301943,0.01
301949,0.04
301955,0.01
301963,0.15
301968,0.0
301975,0.02
301988,0.12
302000,0.1
302005,0.01
302007,0.22
302016,0.06
302028,0.04
302038,0.02
302043,0.04
302051,0.0
302056,0.01
302063,0.09
302072,0.02
302074,0.14
302080,0.01
302093,0.01
302096,0.02
302123,0.01
302125,0.0
302128,0.03
302145,0.06
302146,0.04
302160,0.01
302166,0.03
302174,0.01
302175,0.06
302186,0.47
302190,0.15
302202,0.05
302207,0.0
302211,0.01
302215,0.04
302216,0.0
302217,0.05
302225,0.23
302231,0.01
302233,0.03
302259,0.0
302263,0.03
302281,0.23
302285,0.01
302288,0.03
302292,0.25
302303,0.09
302306,0.03
302309,0.18
302332,0.07
302341,0.01
302350,0.09
302352,0.06
302356,0.1
302361,0.11
302364,0.3
302373,0.06
302378,0.25
302385,0.04
302389,0.06
302393,0.2
302403,0.01
302422,0.06
302425,0.0
302431,0.22
302443,0.11
302448,0.05
302449,0.05
302455,0.14
302460,0.04
302462,0.0
302466,0.08
302467,0.12
302470,0.23
302472,0.05
302480,0.08
302481,0.0
302491,0.06
302494,0.02
302503,0.29
302504,0.12
302507,0.12
302527,0.17
302571,0.33
302580,0.1
302583,0.07
302591,0.0
302601,0.02
302613,0.23
302621,0.05
302638,0.07
302639,0.11
302655,0.06
302670,0.15
302673,0.5
302675,0.0
302691,0.19
302701,0.04
302705,0.04
302727,0.0
302750,0.02
302751,0.17
302757,0.03
302758,0.06
302761,0.05
302767,0.09
302787,0.04
302797,0.0
302799,0.24
302800,0.04
302815,0.02
302826,0.35
302827,0.07
302842,0.0
302856,0.03
302877,0.05
302879,0.03
302881,0.02
302882,0.11
302885,0.12
302905,0.08
302911,0.0
302916,0.15
302919,0.11
302947,0.01
302957,0.14
302968,0.04
302978,0.07
302984,0.03
302991,0.05
303007,0.01
303010,0.02
303012,0.22
303013,0.31
303024,0.04
303027,0.0
303034,0.07
303036,0.06
303037,0.01
303050,0.06
303060,0.14
303062,0.02
303066,0.08
303068,0.15
303077,0.15
303080,0.0
303082,0.01
303083,0.0
303085,0.07
303087,0.02
303089,0.05
303103,0.0
303105,0.01
303106,0.01
303120,0.01
303121,0.01
303127,0.07
303130,0.01
303142,0.01
303162,0.02
303169,0.05
303189,0.01
303220,0.0
303222,0.14
303223,0.02
303227,0.22
303262,0.03
303264,0.23
303277,0.03
303288,0.01
303292,0.14
303294,0.09
303301,0.53
303312,0.11
303328,0.13
303330,0.04
303347,0.04
303354,0.05
303356,0.0
303362,0.02
303377,0.11
303386,0.19
303393,0.05
303397,0.0
303403,0.12
303413,0.0
303416,0.14
303428,0.22
303429,0.04
303432,0.01
303446,0.09
303455,0.11
303464,0.0
303465,0.01
303473,0.17
303476,0.15
303479,0.25
303482,0.0
303484,0.01
303492,0.02
303493,0.23
303497,0.13
303498,0.12
303499,0.12
303509,0.09
303513,0.04
303524,0.01
303525,0.17
303540,0.0
303544,0.0
303548,0.02
303551,0.02
303569,0.11
303584,0.25
303592,0.14
303602,0.11
303607,0.04
303619,0.02
303630,0.04
303643,0.11
303644,0.03
303670,0.03
303671,0.02
303678,0.16
303689,0.07
303698,0.05
303702,0.06
303704,0.07
303711,0.02
303727,0.11
303728,0.11
303741,0.16
303752,0.09
303755,0.04
303777,0.02
303790,0.4
303798,0.02
303804,0.2
303812,0.13
303814,0.09
303817,0.4
303818,0.11
303848,0.01
303850,0.04
303854,0.03
303857,0.01
303860,0.0
303870,0.27
303877,0.06
303884,0.04
303893,0.0
303899,0.0
303900,0.33
303902,0.04
303906,0.12
303920,0.06
303937,0.06
303939,0.0
303941,0.01
303962,0.0
303963,0.07
303971,0.14
303978,0.04
303980,0.04
303986,0.03
304018,0.03
304025,0.0
304027,0.0
304028,0.14
304029,0.1
304030,0.02
304035,0.04
304040,0.16
304058,0.25
304083,0.04
304089,0.13
304092,0.29
304093,0.02
304100,0.02
304121,0.04
304142,0.02
304154,0.05
304158,0.02
304164,0.05
304173,0.46
304175,0.0
304182,0.01
304194,0.02
304201,0.08
304202,0.02
304206,0.05
304210,0.18
304226,0.03
304237,0.08
304256,0.11
304257,0.02
304265,0.06
304271,0.13
304274,0.09
304286,0.02
304292,0.07
304299,0.08
304350,0.04
304352,0.05
304355,0.02
304360,0.0
304361,0.17
304363,0.02
304375,0.08
304378,0.02
304382,0.03
304385,0.04
304386,0.15
304387,0.04
304388,0.12
304391,0.08
304398,0.03
304406,0.02
304420,0.03
304431,0.0
304436,0.23
304438,0.02
304440,0.04
304441,0.06
304450,0.03
304451,0.19
304454,0.01
304462,0.4
304466,0.0
304469,0.15
304472,0.03
304475,0.21
304481,0.0
304483,0.06
304485,0.2
304486,0.03
304504,0.27
304505,0.07
304512,0.0
304516,0.17
304517,0.05
304528,0.07
304530,0.02
304536,0.04
304549,0.01
304552,0.1
304554,0.2
304581,0.19
304593,0.03
304596,0.49
304604,0.04
304610,0.09
304614,0.04
304628,0.19
304629,0.01
304637,0.12
304644,0.1
304654,0.13
304664,0.11
304676,0.01
304680,0.13
304687,0.01
304696,0.05
304698,0.31
304700,0.07
304703,0.11
304704,0.02
304710,0.15
304717,0.0
304729,0.0
304732,0.03
304736,0.04
304738,0.18
304756,0.01
304771,0.0
304773,0.06
304776,0.04
304778,0.08
304779,0.16
304780,0.0
304790,0.16
304793,0.02
304805,0.51
304811,0.08
304825,0.01
304828,0.25
304829,0.08
304842,0.48
304851,0.07
304857,0.0
304884,0.04
304891,0.05
304897,0.13
304898,0.23
304905,0.12
304907,0.03
304917,0.01
304931,0.11
304935,0.01
304942,0.07
304954,0.55
304959,0.06
304968,0.03
304971,0.07
304977,0.14
304982,0.03
304985,0.0
304991,0.03
304992,0.08
304997,0.27
305004,0.06
305008,0.01
305019,0.08
305020,0.12
305025,0.01
305037,0.05
305046,0.09
305056,0.02
305062,0.04
305064,0.12
305065,0.02
305076,0.17
305108,0.03
305110,0.23
305115,0.05
305121,0.11
305125,0.02
305141,0.05
305151,0.0
305159,0.0
305162,0.01
305165,0.01
305174,0.12
305178,0.13
305180,0.09
305182,0.11
305183,0.01
305194,0.24
305199,0.2
305210,0.12
305214,0.23
305215,0.05
305218,0.05
305225,0.0
305229,0.15
305231,0.0
305233,0.04
305237,0.1
305260,0.0
305261,0.31
305278,0.06
305286,0.03
305293,0.01
305300,0.0
305301,0.25
305326,0.11
305334,0.09
305340,0.05
305348,0.0
305352,0.0
305359,0.02
305360,0.02
305362,0.08
305383,0.12
305406,0.01
305408,0.28
305412,0.0
305413,0.08
305414,0.14
305417,0.08
305421,0.07
305422,0.19
305447,0.08
305448,0.77
305450,0.15
305452,0.17
305459,0.02
305460,0.19
305474,0.02
305475,0.01
305481,0.2
305494,0.03
305503,0.13
305507,0.02
305508,0.1
305513,0.02
305518,0.06
305523,0.09
305526,0.12
305529,0.05
305532,0.04
305543,0.09
305555,0.01
305562,0.05
305571,0.02
305578,0.19
305579,0.0
305584,0.07
305603,0.09
305620,0.29
305626,0.03
305636,0.0
305640,0.02
305653,0.02
305662,0.1
305663,0.06
305667,0.04
305683,0.12
305698,0.04
305699,0.11
305707,0.09
305717,0.52
305723,0.0
305735,0.0
305738,0.14
305746,0.0
305766,0.08
305773,0.0
305776,0.03
305777,0.13
305809,0.04
305813,0.05
305816,0.07
305820,0.04
305826,0.45
305838,0.19
305839,0.01
305846,0.0
305861,0.08
305863,0.11
305869,0.01
305872,0.04
305876,0.01
305881,0.16
305887,0.09
305894,0.02
305898,0.01
305905,0.02
305908,0.11
305914,0.15
305915,0.02
305922,0.0
305938,0.04
305946,0.01
305956,0.04
305963,0.03
305965,0.06
305988,0.02
305990,0.0
305991,0.26
305994,0.01
305998,0.0
306003,0.0
306012,0.02
306016,0.06
306021,0.11
306025,0.15
306030,0.12
306047,0.03
306051,0.05
306063,0.32
306066,0.05
306069,0.06
306074,0.13
306091,0.16
306094,0.08
306095,0.01
306114,0.18
306116,0.0
306121,0.01
306127,0.36
306128,0.13
306133,0.1
306142,0.0
306144,0.09
306150,0.01
306153,0.0
306156,0.18
306159,0.27
306161,0.01
306173,0.0
306175,0.0
306193,0.01
306194,0.14
306198,0.21
306203,0.11
306209,0.2
306212,0.0
306216,0.63
306233,0.37
306247,0.07
306264,0.1
306267,0.13
306293,0.06
306302,0.58
306305,0.01
306311,0.01
306345,0.01
306357,0.0
306368,0.14
306372,0.38
306378,0.17
306389,0.12
306398,0.13
306414,0.03
306419,0.06
306437,0.06
306438,0.35
306441,0.09
306443,0.05
306450,0.04
306464,0.01
306468,0.14
306469,0.03
306484,0.11
306527,0.07
306538,0.15
306547,0.05
306554,0.05
306557,0.17
306560,0.06
306561,0.11
306565,0.0
306569,0.07
306576,0.02
306587,0.1
306604,0.01
306624,0.05
306625,0.28
306628,0.06
306647,0.11
306651,0.18
306658,0.07
306660,0.1
306664,0.04
306670,0.02
306699,0.19
306701,0.06
306712,0.09
306716,0.11
306727,0.04
306729,0.3
306735,0.04
306739,0.03
306756,0.23
306757,0.07
306767,0.16
306775,0.04
306795,0.06
306799,0.12
306800,0.06
306805,0.01
306812,0.01
306820,0.1
306840,0.1
306845,0.08
306848,0.01
306856,0.0
306862,0.1
306863,0.02
306868,0.31
306873,0.13
306876,0.07
306893,0.05
306896,0.31
306899,0.03
306907,0.17
306908,0.02
306917,0.05
306927,0.15
306930,0.0
306935,0.01
306942,0.12
306951,0.0
306961,0.13
306970,0.34
306972,0.14
306973,0.13
306976,0.01
306978,0.12
306990,0.12
306992,0.15
306995,0.05
307001,0.33
307004,0.39
307005,0.03
307006,0.02
307010,0.05
307011,0.03
307014,0.02
307016,0.06
307022,0.0
307027,0.19
307052,0.04
307061,0.2
307072,0.28
307078,0.01
307111,0.12
307112,0.1
307134,0.01
307143,0.12
307147,0.0
307148,0.27
307162,0.13
307166,0.0
307168,0.04
307174,0.07
307177,0.01
307197,0.07
307198,0.17
307199,0.12
307205,0.03
307207,0.02
307210,0.0
307212,0.02
307223,0.03
307224,0.02
307236,0.33
307241,0.13
307242,0.08
307259,0.08
307271,0.06
307274,0.05
307281,0.15
307288,0.19
307294,0.06
307302,0.01
307308,0.01
307313,0.03
307344,0.08
307350,0.09
307366,0.14
307372,0.03
307373,0.05
307374,0.09
307378,0.05
307384,0.06
307398,0.02
307406,0.1
307416,0.07
307420,0.1
307424,0.0
307427,0.04
307429,0.07
307436,0.01
307456,0.06
307491,0.03
307494,0.02
307496,0.0
307500,0.03
307504,0.29
307509,0.03
307511,0.19
307520,0.04
307527,0.02
307537,0.16
307539,0.12
307558,0.02
307561,0.11
307575,0.1
307577,0.03
307588,0.12
307636,0.02
307639,0.15
307641,0.0
307646,0.11
307653,0.19
307661,0.14
307669,0.08
307674,0.01
307678,0.04
307691,0.12
307697,0.04
307699,0.02
307702,0.0
307708,0.02
307712,0.25
307716,0.02
307729,0.03
307753,0.04
307765,0.16
307781,0.11
307787,0.06
307788,0.06
307798,0.08
307799,0.06
307800,0.01
307801,0.15
307804,0.02
307816,0.03
307820,0.08
307824,0.0
307828,0.0
307832,0.1
307836,0.09
307842,0.18
307851,0.39
307856,0.02
307861,0.14
307879,0.01
307904,0.19
307911,0.15
307912,0.0
307913,0.01
307922,0.06
307924,0.02
307925,0.05
307929,0.05
307933,0.34
307945,0.06
307948,0.08
307961,0.13
307962,0.03
307963,0.16
307971,0.06
307983,0.07
307984,0.1
307988,0.08
307993,0.13
307994,0.02
308007,0.12
308008,0.04
308018,0.07
308023,0.06
308026,0.0
308028,0.02
308030,0.23
308034,0.2
308053,0.08
308065,0.04
308095,0.01
308096,0.03
308100,0.0
308114,0.11
308116,0.08
308120,0.11
308128,0.13
308132,0.07
308134,0.19
308140,0.07
308142,0.02
308164,0.01
308168,0.11
308169,0.19
308171,0.09
308176,0.06
308177,0.09
308179,0.02
308180,0.23
308184,0.02
308188,0.17
308189,0.02
308190,0.07
308200,0.19
308210,0.0
308211,0.1
308218,0.07
308220,0.06
308228,0.0
308231,0.08
308236,0.03
308247,0.13
308251,0.02
308260,0.01
308266,0.19
308267,0.03
308280,0.11
308298,0.09
308301,0.0
308309,0.04
308312,0.32
308325,0.02
308334,0.06
308339,0.0
308346,0.28
308359,0.01
308360,0.04
308380,0.11
308391,0.37
308403,0.0
308408,0.0
308410,0.14
308415,0.02
308420,0.06
308427,0.0
308442,0.23
308447,0.61
308462,0.07
308464,0.03
308465,0.03
308467,0.17
308468,0.1
308476,0.08
308488,0.09
308498,0.09
308504,0.03
308507,0.01
308509,0.03
308521,0.04
308536,0.07
308537,0.02
308543,0.0
308547,0.02
308559,0.25
308565,0.04
308569,0.06
308584,0.0
308591,0.19
308608,0.01
308610,0.01
308613,0.02
308618,0.12
308623,0.02
308632,0.03
308636,0.11
308641,0.02
308643,0.07
308664,0.13
308678,0.01
308679,0.03
308691,0.01
308692,0.01
308701,0.08
308709,0.16
308711,0.07
308719,0.06
308723,0.11
308727,0.3
308732,0.02
308738,0.02
308747,0.07
308749,0.02
308755,0.36
308756,0.18
308761,0.06
308779,0.03
308780,0.01
308784,0.04
308789,0.15
308807,0.07
308818,0.29
308819,0.19
308822,0.38
308827,0.04
308831,0.11
308833,0.0
308842,0.0
308868,0.1
308871,0.0
308881,0.01
308889,0.0
308892,0.03
308900,0.02
308903,0.06
308912,0.17
308916,0.25
308919,0.23
308920,0.07
308921,0.03
308928,0.01
308929,0.11
308934,0.16
308940,0.01
308941,0.02
308946,0.0
308956,0.01
308958,0.1
308963,0.01
308965,0.0
308971,0.12
308977,0.01
308985,0.0
308987,0.07
308995,0.05
309005,0.02
309007,0.26
309015,0.0
309016,0.02
309018,0.04
309019,0.06
309035,0.03
309042,0.17
309044,0.02
309052,0.11
309061,0.02
309064,0.07
309072,0.05
309075,0.06
309083,0.05
309099,0.19
309124,0.04
309125,0.25
309146,0.05
309159,0.01
309161,0.0
309168,0.11
309180,0.05
309185,0.06
309195,0.15
309198,0.01
309200,0.04
309202,0.2
309204,0.09
309213,0.24
309227,0.09
309234,0.01
309241,0.08
309242,0.06
309244,0.08
309246,0.04
309250,0.03
309251,0.2
309274,0.1
309276,0.16
309280,0.22
309298,0.26
309301,0.13
309302,0.03
309326,0.0
309335,0.01
309341,0.03
309343,0.08
309344,0.04
309354,0.11
309362,0.01
309399,0.03
309406,0.2
309409,0.11
309411,0.12
309418,0.29
309421,0.08
309435,0.0
309443,0.11
309455,0.13
309462,0.11
309473,0.12
309476,0.26
309478,0.04
309493,0.03
309502,0.25
309508,0.13
309526,0.04
309536,0.07
309544,0.07
309547,0.01
309555,0.01
309562,0.0
309569,0.04
309574,0.38
309577,0.05
309578,0.15
309579,0.16
309585,0.02
309588,0.18
309603,0.2
309604,0.01
309617,0.21
309620,0.03
309623,0.03
309648,0.1
309665,0.05
309682,0.03
309694,0.09
309702,0.0
309711,0.02
309713,0.08
309729,0.04
309735,0.03
309744,0.03
309749,0.1
309750,0.05
309759,0.13
309761,0.03
309770,0.16
309776,0.08
309777,0.14
309789,0.03
309790,0.04
309800,0.04
309813,0.0
309814,0.14
309815,0.39
309825,0.04
309826,0.03
309829,0.01
309831,0.01
309837,0.03
309846,0.07
309849,0.12
309855,0.07
309860,0.04
309879,0.07
309882,0.41
309887,0.01
309892,0.01
309895,0.03
309902,0.03
309915,0.19
309923,0.04
309941,0.39
309942,0.08
309945,0.0
309950,0.34
309955,0.01
309963,0.06
309964,0.0
309967,0.02
309969,0.13
309971,0.01
309978,0.04
309987,0.14
309990,0.12
309992,0.26
309993,0.01
310010,0.0
310012,0.01
310017,0.02
310018,0.17
310022,0.0
310031,0.03
310033,0.04
310034,0.27
310038,0.04
310044,0.34
310062,0.04
310071,0.0
310075,0.17
310082,0.11
310093,0.03
310101,0.03
310106,0.01
310118,0.16
310123,0.02
310126,0.01
310130,0.03
310141,0.11
310145,0.05
310148,0.01
310150,0.06
310159,0.31
310162,0.02
310163,0.03
310166,0.05
310167,0.03
310170,0.09
310181,0.03
310187,0.04
310191,0.02
310192,0.05
310197,0.16
310200,0.02
310201,0.09
310203,0.1
310204,0.0
310213,0.09
310215,0.12
310218,0.23
310236,0.01
310238,0.05
310241,0.03
310245,0.23
310252,0.04
310259,0.01
310260,0.06
310261,0.03
310262,0.01
310274,0.02
310294,0.31
310296,0.17
310298,0.11
310306,0.02
310307,0.02
310316,0.05
310329,0.0
310338,0.02
310342,0.15
310343,0.08
310360,0.03
310362,0.42
310378,0.02
310379,0.1
310383,0.26
310385,0.02
310387,0.33
310388,0.0
310400,0.0
310408,0.25
310414,0.17
310423,0.0
310424,0.08
310428,0.15
310432,0.16
310456,0.02
310463,0.09
310475,0.15
310476,0.05
310482,0.11
310485,0.04
310490,0.06
310496,0.02
310505,0.02
310519,0.05
310546,0.04
310547,0.02
310553,0.06
310555,0.0
310556,0.62
310568,0.0
310573,0.13
310574,0.02
310577,0.01
310580,0.07
310581,0.03
310583,0.05
310586,0.01
310591,0.0
310598,0.02
310606,0.05
310628,0.03
310634,0.04
310638,0.2
310646,0.01
310648,0.24
310654,0.0
310659,0.14
310663,0.05
310669,0.01
310670,0.21
310674,0.05
310691,0.13
310693,0.29
310702,0.01
310706,0.05
310709,0.07
310711,0.13
310720,0.23
310739,0.4
310742,0.25
310743,0.1
310752,0.05
310753,0.2
310757,0.15
310763,0.07
310764,0.02
310769,0.0
310771,0.21
310775,0.01
310779,0.29
310781,0.07
310784,0.01
310793,0.09
310794,0.07
310816,0.06
310823,0.12
310837,0.01
310856,0.04
310865,0.04
310866,0.09
310872,0.01
310877,0.23
310879,0.02
310883,0.03
310884,0.32
310908,0.03
310928,0.01
310935,0.01
310954,0.1
310964,0.12
310971,0.1
310972,0.06
310983,0.07
310988,0.0
310994,0.03
311003,0.01
311020,0.03
311024,0.1
311037,0.0
311064,0.21
311070,0.03
311086,0.3
311087,0.1
311108,0.0
311110,0.06
311115,0.06
311116,0.29
311117,0.01
311128,0.0
311136,0.13
311146,0.02
311155,0.06
311157,0.07
311159,0.0
311170,0.12
311184,0.13
311199,0.05
311208,0.16
311209,0.05
311220,0.14
311230,0.02
311233,0.05
311241,0.32
311261,0.04
311262,0.04
311268,0.02
311277,0.17
311296,0.04
311298,0.02
311310,0.34
311313,0.36
311316,0.0
311324,0.06
311327,0.05
311331,0.28
311335,0.09
311343,0.05
311346,0.08
311357,0.12
311358,0.04
311365,0.03
311370,0.01
311376,0.0
311380,0.22
311393,0.06
311399,0.04
311404,0.01
311409,0.02
311425,0.17
311436,0.13
311455,0.01
311459,0.4
311475,0.11
311499,0.15
311509,0.08
311518,0.07
311535,0.25
311536,0.03
311540,0.29
311542,0.14
311552,0.32
311562,0.15
311580,0.0
311583,0.1
311588,0.13
311595,0.0
311601,0.11
311605,0.07
311609,0.29
311612,0.18
311621,0.15
311623,0.03
311625,0.08
311636,0.01
311637,0.1
311646,0.07
311648,0.01
311654,0.02
311663,0.39
311676,0.02
311679,0.05
311683,0.14
311685,0.01
311691,0.01
311695,0.0
311700,0.0
311710,0.05
311714,0.03
311716,0.02
311725,0.16
311727,0.13
311728,0.01
311737,0.13
311738,0.08
311743,0.29
311746,0.02
311747,0.07
311761,0.15
311765,0.02
311773,0.02
311776,0.03
311786,0.11
311801,0.04
311820,0.08
311822,0.35
311829,0.04
311835,0.08
311846,0.06
311851,0.28
311854,0.0
311872,0.02
311875,0.0
311888,0.01
311916,0.06
311928,0.07
311931,0.11
311933,0.17
311934,0.0
311948,0.0
311949,0.21
311950,0.01
311952,0.02
311954,0.08
311962,0.06
311965,0.09
311968,0.07
311976,0.33
311977,0.16
311983,0.11
311989,0.0
311996,0.05
311999,0.05
312007,0.1
312022,0.09
312023,0.01
312034,0.0
312042,0.03
312049,0.05
312077,0.04
312088,0.03
312091,0.09
312114,0.02
312115,0.06
312117,0.16
312119,0.2
312126,0.44
312127,0.01
312134,0.02
312164,0.02
312176,0.03
312178,0.02
312184,0.07
312185,0.13
312186,0.03
312191,0.2
312197,0.03
312213,0.25
312223,0.04
312224,0.16
312225,0.07
312226,0.22
312231,0.02
312239,0.05
312251,0.02
312271,0.0
312278,0.0
312281,0.02
312289,0.03
312291,0.05
312301,0.04
312302,0.08
312316,0.09
312324,0.11
312338,0.1
312361,0.0
312363,0.09
312368,0.02
312382,0.0
312384,0.02
312390,0.08
312395,0.03
312396,0.09
312400,0.22
312406,0.22
312412,0.01
312414,0.15
312417,0.03
312425,0.16
312428,0.02
312431,0.11
312437,0.15
312442,0.0
312451,0.1
312460,0.06
312464,0.29
312466,0.02
312470,0.08
312473,0.14
312490,0.06
312493,0.11
312503,0.02
312509,0.1
312520,0.07
312528,0.09
312543,0.03
312544,0.07
312553,0.09
312558,0.03
312565,0.15
312568,0.11
312579,0.04
312581,0.12
312582,0.07
312596,0.12
312597,0.03
312598,0.0
312617,0.02
312627,0.07
312635,0.02
312637,0.18
312639,0.01
312640,0.28
312642,0.25
312651,0.09
312663,0.09
312668,0.03
312685,0.02
312691,0.14
312693,0.06
312710,0.02
312711,0.05
312712,0.0
312720,0.01
312746,0.19
312763,0.02
312770,0.02
312791,0.2
312795,0.38
312796,0.21
312797,0.03
312804,0.03
312812,0.01
312813,0.02
312825,0.02
312827,0.39
312841,0.03
312842,0.13
312845,0.01
312856,0.02
312866,0.1
312870,0.11
312879,0.13
312895,0.0
312901,0.0
312909,0.02
312910,0.0
312916,0.01
312926,0.03
312942,0.05
312946,0.0
312950,0.05
312952,0.12
312963,0.06
312968,0.21
312976,0.06
312980,0.02
312984,0.06
312987,0.08
312994,0.05
312996,0.02
312997,0.04
313019,0.07
313020,0.0
313028,0.07
313041,0.03
313045,0.0
313048,0.09
313052,0.13
313062,0.03
313063,0.02
313066,0.21
313071,0.06
313085,0.05
313099,0.37
313109,0.35
313131,0.03
313139,0.09
313141,0.0
313142,0.17
313145,0.08
313153,0.09
313157,0.09
313161,0.07
313165,0.02
313179,0.1
313208,0.2
313228,0.49
313236,0.0
313243,0.0
313245,0.01
313249,0.02
313275,0.08
313276,0.05
313280,0.03
313284,0.24
313285,0.16
313292,0.03
313297,0.02
313304,0.0
313322,0.01
313323,0.02
313325,0.01
313326,0.05
313334,0.03
313336,0.07
313337,0.1
313339,0.13
313340,0.22
313341,0.33
313343,0.07
313346,0.05
313348,0.12
313359,0.03
313365,0.09
313375,0.24
313381,0.06
313382,0.06
313389,0.03
313390,0.0
313391,0.19
313410,0.13
313416,0.0
313417,0.0
313426,0.06
313429,0.02
313469,0.01
313479,0.05
313485,0.31
313494,0.0
313496,0.01
313501,0.03
313506,0.08
313521,0.01
313524,0.05
313538,0.03
313550,0.12
313557,0.0
313573,0.1
313583,0.02
313592,0.0
313602,0.08
313604,0.17
313606,0.07
313617,0.01
313622,0.03
313625,0.07
313638,0.0
313639,0.0
313645,0.04
313655,0.04
313656,0.29
313663,0.05
313669,0.02
313670,0.03
313676,0.04
313689,0.09
313699,0.15
313711,0.04
313720,0.05
313731,0.27
313736,0.52
313741,0.19
313744,0.03
313749,0.1
313750,0.02
313753,0.06
313763,0.0
313765,0.16
313776,0.04
313778,0.25
313781,0.01
313786,0.36
313787,0.04
313795,0.05
313809,0.01
313810,0.02
313811,0.22
313818,0.27
313825,0.08
313830,0.04
313831,0.02
313834,0.04
313837,0.35
313841,0.03
313859,0.0
313882,0.26
313887,0.21
313900,0.07
313902,0.03
313906,0.02
313930,0.0
313932,0.07
313943,0.1
313944,0.0
313957,0.0
313970,0.23
313980,0.03
313982,0.11
313999,0.03
314000,0.16
314003,0.09
314004,0.02
314005,0.13
314007,0.04
314010,0.11
314011,0.01
314016,0.15
314023,0.06
314024,0.11
314031,0.04
314038,0.12
314041,0.04
314061,0.03
314073,0.03
314091,0.04
314097,0.32
314099,0.09
314107,0.1
314124,0.2
314127,0.07
314131,0.02
314132,0.03
314137,0.19
314139,0.0
314143,0.02
314149,0.03
314153,0.04
314154,0.12
314160,0.05
314167,0.03
314171,0.03
314182,0.11
314190,0.04
314194,0.01
314198,0.02
314211,0.05
314220,0.14
314245,0.06
314247,0.01
314256,0.0
314259,0.06
314267,0.08
314271,0.06
314278,0.16
314282,0.07
314283,0.01
314294,0.19
314298,0.0
314299,0.12
314306,0.01
314307,0.06
314308,0.0
314309,0.05
314317,0.1
314323,0.09
314332,0.01
314334,0.03
314335,0.02
314337,0.03
314343,0.07
314344,0.13
314346,0.12
314351,0.01
314354,0.06
314355,0.08
314359,0.01
314364,0.02
314366,0.0
314367,0.21
314374,0.0
314376,0.02
314387,0.16
314405,0.1
314412,0.01
314418,0.48
314429,0.23
314438,0.4
314442,0.02
314477,0.06
314480,0.0
314486,0.08
314487,0.1
314488,0.05
314490,0.0
314523,0.03
314528,0.04
314535,0.02
314542,0.12
314560,0.07
314585,0.15
314594,0.07
314596,0.1
314601,0.06
314603,0.03
314612,0.14
314615,0.15
314619,0.01
314621,0.15
314627,0.08
314629,0.04
314635,0.34
314639,0.07
314646,0.06
314650,0.09
314661,0.04
314690,0.01
314699,0.03
314705,0.06
314709,0.0
314710,0.02
314711,0.01
314714,0.18
314719,0.07
314722,0.13
314723,0.06
314729,0.03
314732,0.13
314734,0.1
314746,0.09
314761,0.36
314769,0.02
314773,0.07
314774,0.05
314776,0.02
314780,0.02
314785,0.06
314789,0.18
314796,0.04
314810,0.0
314812,0.03
314817,0.01
314822,0.04
314840,0.23
314843,0.05
314853,0.17
314856,0.13
314862,0.04
314864,0.03
314878,0.04
314894,0.04
314906,0.41
314912,0.01
314914,0.08
314933,0.21
314941,0.03
314949,0.05
314950,0.02
314952,0.24
314961,0.11
314970,0.05
314972,0.26
314975,0.21
314985,0.1
314986,0.06
314991,0.2
314995,0.04
314997,0.02
315003,0.12
315035,0.03
315038,0.19
315040,0.09
315046,0.04
315053,0.01
315054,0.11
315060,0.12
315061,0.0
315067,0.21
315076,0.08
315079,0.05
315083,0.04
315084,0.09
315092,0.04
315095,0.5
315112,0.2
315122,0.01
315123,0.01
315125,0.35
315136,0.14
315143,0.09
315145,0.26
315153,0.04
315164,0.17
315169,0.02
315178,0.13
315179,0.05
315189,0.17
315192,0.25
315194,0.1
315198,0.07
315210,0.07
315211,0.0
315221,0.57
315222,0.05
315228,0.2
315231,0.13
315233,0.04
315235,0.02
315240,0.06
315244,0.06
315257,0.15
315261,0.14
315271,0.02
315278,0.03
315282,0.28
315287,0.02
315288,0.13
315291,0.08
315306,0.0
315309,0.03
315312,0.01
315330,0.17
315335,0.07
315337,0.11
315343,0.1
315344,0.18
315366,0.03
315389,0.12
315403,0.01
315414,0.21
315425,0.0
315430,0.04
315432,0.1
315436,0.0
315437,0.25
315445,0.14
315451,0.03
315460,0.0
315462,0.12
315476,0.05
315480,0.25
315489,0.09
315494,0.0
315499,0.04
315503,0.12
315507,0.15
315540,0.0
315541,0.02
315546,0.09
315553,0.21
315569,0.31
315571,0.03
315574,0.0
315580,0.02
315587,0.0
315609,0.05
315610,0.1
315617,0.02
315623,0.01
315629,0.0
315635,0.14
315637,0.0
315641,0.13
315644,0.05
315654,0.09
315662,0.01
315663,0.14
315673,0.06
315677,0.01
315679,0.11
315680,0.17
315681,0.04
315682,0.11
315684,0.09
315693,0.04
315701,0.09
315705,0.19
315706,0.11
315711,0.16
315714,0.15
315725,0.07
315738,0.02
315740,0.14
315749,0.11
315753,0.0
315757,0.03
315778,0.09
315781,0.07
315793,0.06
315813,0.03
315822,0.01
315827,0.03
315831,0.08
315843,0.05
315857,0.01
315864,0.22
315869,0.05
315870,0.08
315878,0.17
315891,0.21
315894,0.12
315895,0.12
315903,0.01
315917,0.0
315920,0.01
315937,0.01
315938,0.03
315947,0.05
315970,0.22
315971,0.01
315974,0.25
315984,0.0
315985,0.08
315988,0.01
315993,0.04
315995,0.52
315997,0.09
316000,0.08
316009,0.08
316011,0.03
316014,0.12
316021,0.03
316022,0.09
316023,0.11
316060,0.1
316063,0.03
316065,0.14
316066,0.15
316077,0.34
316083,0.06
316093,0.1
316100,0.0
316110,0.0
316118,0.03
316135,0.03
316139,0.07
316154,0.11
316156,0.01
316171,0.07
316173,0.02
316186,0.05
316188,0.0
316190,0.05
316195,0.08
316205,0.02
316214,0.03
316216,0.06
316220,0.1
316222,0.12
316224,0.0
316226,0.01
316230,0.07
316248,0.1
316258,0.16
316269,0.16
316270,0.11
316279,0.12
316286,0.07
316295,0.04
316297,0.0
316305,0.0
316312,0.04
316313,0.07
316314,0.04
316320,0.06
316321,0.11
316328,0.07
316329,0.02
316334,0.11
316364,0.01
316372,0.02
316382,0.0
316407,0.01
316411,0.11
316433,0.01
316435,0.06
316441,0.02
316456,0.0
316457,0.02
316462,0.21
316465,0.02
316466,0.07
316468,0.03
316469,0.06
316479,0.07
316481,0.1
316484,0.04
316502,0.03
316517,0.34
316525,0.06
316531,0.02
316546,0.05
316549,0.06
316557,0.0
316561,0.2
316564,0.04
316565,0.05
316594,0.06
316595,0.03
316600,0.01
316625,0.01
316645,0.02
316647,0.1
316659,0.25
316683,0.25
316694,0.17
316697,0.01
316701,0.02
316702,0.0
316703,0.04
316718,0.04
316723,0.0
316748,0.09
316756,0.1
316758,0.09
316763,0.1
316764,0.01
316768,0.02
316769,0.09
316772,0.01
316777,0.18
316781,0.0
316785,0.26
316786,0.15
316815,0.3
316816,0.06
316828,0.07
316831,0.01
316837,0.01
316843,0.1
316849,0.15
316854,0.01
316862,0.03
316867,0.06
316902,0.01
316903,0.01
316906,0.0
316914,0.05
316915,0.01
316923,0.0
316928,0.09
316930,0.03
316932,0.14
316940,0.01
316947,0.02
316948,0.04
316977,0.26
316983,0.03
316987,0.03
317003,0.06
317005,0.0
317035,0.02
317036,0.01
317043,0.2
317048,0.09
317056,0.01
317065,0.04
317079,0.01
317080,0.02
317083,0.05
317087,0.05
317103,0.02
317117,0.09
317119,0.02
317125,0.01
317126,0.06
317134,0.0
317138,0.11
317142,0.03
317150,0.0
317184,0.03
317190,0.05
317196,0.06
317197,0.1
317206,0.03
317210,0.02
317221,0.01
317226,0.05
317227,0.06
317236,0.14
317237,0.24
317241,0.04
317249,0.0
317256,0.0
317282,0.01
317294,0.03
317298,0.08
317300,0.0
317307,0.17
317311,0.01
317318,0.05
317322,0.02
317323,0.2
317332,0.15
317338,0.01
317346,0.01
317347,0.04
317349,0.11
317354,0.1
317369,0.1
317386,0.03
317389,0.06
317410,0.03
317411,0.04
317422,0.02
317434,0.02
317446,0.02
317449,0.04
317455,0.13
317469,0.0
317475,0.02
317476,0.1
317487,0.06
317488,0.0
317499,0.35
317500,0.06
317506,0.04
317515,0.06
317518,0.24
317520,0.12
317546,0.05
317549,0.11
317554,0.08
317565,0.06
317579,0.04
317591,0.07
317592,0.2
317593,0.0
317594,0.05
317601,0.05
317603,0.14
317606,0.09
317608,0.16
317611,0.02
317618,0.1
317628,0.08
317629,0.2
317642,0.0
317644,0.12
317648,0.12
317650,0.04
317665,0.01
317675,0.0
317695,0.09
317696,0.17
317704,0.07
317713,0.01
317730,0.21
317735,0.06
317736,0.01
317738,0.22
317747,0.15
317764,0.04
317765,0.26
317772,0.36
317774,0.02
317786,0.06
317788,0.04
317806,0.09
317809,0.22
317811,0.0
317814,0.01
317815,0.02
317830,0.23
317835,0.01
317843,0.0
317856,0.03
317863,0.21
317876,0.16
317889,0.22
317902,0.01
317910,0.01
317914,0.14
317933,0.04
317936,0.11
317940,0.08
317944,0.13
317952,0.12
317955,0.04
317958,0.01
317965,0.03
317966,0.01
317978,0.07
318000,0.02
318007,0.1
318008,0.16
318012,0.01
318016,0.02
318019,0.16
318020,0.04
318021,0.06
318025,0.18
318036,0.0
318044,0.0
318055,0.01
318056,0.06
318057,0.13
318065,0.19
318075,0.04
318081,0.04
318094,0.02
318096,0.01
318104,0.05
318105,0.02
318109,0.15
318113,0.01
318121,0.01
318122,0.17
318126,0.01
318127,0.07
318131,0.18
318135,0.12
318155,0.03
318156,0.02
318161,0.03
318164,0.19
318169,0.13
318173,0.06
318176,0.24
318177,0.08
318181,0.0
318187,0.21
318193,0.01
318203,0.18
318206,0.06
318214,0.02
318220,0.03
318232,0.1
318250,0.04
318251,0.1
318252,0.01
318254,0.0
318260,0.02
318261,0.04
318263,0.17
318264,0.11
318266,0.02
318267,0.19
318268,0.0
318270,0.06
318274,0.05
318282,0.11
318286,0.05
318292,0.25
318297,0.03
318320,0.04
318337,0.03
318343,0.14
318347,0.05
318351,0.2
318357,0.28
318360,0.01
318384,0.01
318385,0.13
318387,0.06
318390,0.03
318391,0.01
318393,0.06
318406,0.02
318408,0.5
318410,0.18
318424,0.31
318428,0.04
318432,0.0
318433,0.09
318445,0.2
318452,0.44
318467,0.23
318473,0.09
318480,0.07
318486,0.05
318496,0.0
318505,0.21
318511,0.09
318517,0.04
318522,0.02
318527,0.11
318530,0.17
318531,0.1
318533,0.0
318535,0.15
318536,0.14
318548,0.09
318551,0.04
318557,0.21
318576,0.02
318581,0.06
318607,0.13
318609,0.06
318615,0.07
318634,0.03
318640,0.09
318651,0.18
318657,0.05
318669,0.07
318674,0.05
318675,0.09
318686,0.03
318694,0.0
318760,0.04
318762,0.01
318763,0.01
318765,0.02
318766,0.0
318769,0.23
318775,0.0
318782,0.04
318786,0.07
318792,0.0
318801,0.1
318802,0.0
318803,0.0
318805,0.08
318813,0.13
318817,0.29
318821,0.07
318827,0.17
318834,0.22
318835,0.03
318851,0.05
318857,0.0
318862,0.03
318874,0.15
318878,0.03
318897,0.02
318909,0.26
318924,0.09
318927,0.08
318942,0.09
318946,0.18
318957,0.09
318959,0.05
318975,0.09
318982,0.01
318987,0.0
318993,0.01
318995,0.06
318996,0.02
318997,0.1
318999,0.19
319012,0.2
319014,0.2
319018,0.01
319020,0.02
319048,0.4
319052,0.14
319067,0.01
319083,0.02
319088,0.08
319089,0.08
319090,0.36
319096,0.02
319099,0.1
319108,0.01
319116,0.05
319117,0.19
319119,0.07
319126,0.4
319133,0.15
319135,0.04
319137,0.01
319143,0.02
319168,0.05
319170,0.0
319174,0.03
319181,0.0
319192,0.0
319193,0.0
319198,0.01
319211,0.11
319219,0.04
319220,0.1
319226,0.1
319240,0.07
319248,0.0
319257,0.03
319261,0.21
319264,0.03
319268,0.01
319289,0.09
319292,0.04
319295,0.12
319302,0.0
319308,0.13
319310,0.06
319313,0.05
319322,0.0
319329,0.04
319331,0.09
319334,0.09
319346,0.04
319352,0.29
319358,0.18
319363,0.05
319365,0.06
319370,0.0
319371,0.05
319372,0.0
319385,0.05
319387,0.02
319393,0.04
319396,0.11
319406,0.13
319439,0.03
319440,0.13
319441,0.35
319462,0.05
319471,0.01
319475,0.06
319476,0.07
319486,0.08
319487,0.15
319489,0.02
319491,0.07
319494,0.02
319496,0.29
319512,0.1
319519,0.14
319522,0.08
319530,0.08
319540,0.0
319547,0.06
319549,0.03
319559,0.08
319561,0.03
319566,0.02
319569,0.02
319574,0.01
319579,0.06
319580,0.01
319582,0.01
319583,0.13
319585,0.1
319598,0.03
319600,0.02
319602,0.01
319603,0.04
319604,0.06
319608,0.06
319622,0.02
319623,0.15
319625,0.03
319628,0.24
319637,0.1
319639,0.14
319658,0.08
319669,0.06
319677,0.03
319683,0.03
319688,0.03
319697,0.02
319700,0.0
319727,0.42
319747,0.04
319751,0.06
319758,0.11
319759,0.04
319765,0.11
319768,0.04
319774,0.14
319776,0.02
319777,0.07
319785,0.04
319789,0.01
319792,0.02
319799,0.04
319814,0.0
319815,0.0
319822,0.06
319829,0.07
319836,0.02
319837,0.01
319839,0.0
319843,0.0
319860,0.3
319876,0.09
319877,0.05
319887,0.05
319889,0.01
319892,0.09
319893,0.07
319897,0.08
319898,0.02
319911,0.11
319917,0.23
319923,0.03
319927,0.25
319929,0.02
319931,0.12
319948,0.05
319949,0.08
319992,0.1
319999,0.04
320001,0.08
320003,0.02
320004,0.16
320011,0.05
320012,0.06
320021,0.04
320026,0.04
320034,0.06
320041,0.32
320042,0.08
320046,0.06
320056,0.01
320062,0.0
320093,0.43
320094,0.13
320101,0.16
320114,0.1
320126,0.08
320128,0.02
320137,0.09
320149,0.0
320165,0.04
320172,0.06
320173,0.1
320175,0.13
320179,0.03
320181,0.06
320191,0.04
320192,0.09
320195,0.0
320199,0.23
320202,0.06
320203,0.18
320205,0.03
320224,0.25
320227,0.4
320228,0.04
320248,0.23
320252,0.01
320254,0.06
320259,0.05
320267,0.1
320276,0.0
320287,0.27
320291,0.06
320295,0.11
320297,0.02
320305,0.11
320321,0.16
320331,0.24
320336,0.21
320341,0.2
320344,0.22
320356,0.01
320362,0.14
320369,0.02
320379,0.07
320387,0.15
320397,0.0
320412,0.05
320421,0.08
320428,0.1
320429,0.2
320430,0.03
320434,0.05
320453,0.11
320462,0.02
320469,0.05
320475,0.01
320478,0.13
320484,0.01
320494,0.01
320499,0.01
320541,0.17
320550,0.08
320561,0.01
320562,0.14
320564,0.03
320566,0.22
320568,0.01
320593,0.07
320609,0.01
320614,0.0
320621,0.02
320639,0.1
320640,0.13
320656,0.13
320657,0.02
320670,0.01
320672,0.02
320691,0.1
320693,0.03
320698,0.14
320699,0.02
320704,0.06
320709,0.03
320711,0.01
320724,0.08
320737,0.08
320744,0.04
320747,0.01
320750,0.38
320752,0.1
320760,0.08
320765,0.31
320767,0.04
320778,0.22
320784,0.03
320789,0.07
320793,0.02
320795,0.18
320805,0.28
320806,0.05
320823,0.12
320828,0.06
320833,0.16
320843,0.06
320846,0.1
320851,0.06
320852,0.02
320869,0.04
320873,0.14
320890,0.03
320905,0.31
320912,0.1
320914,0.04
320915,0.03
320920,0.05
320924,0.02
320925,0.17
320936,0.12
320937,0.02
320940,0.29
320943,0.05
320954,0.04
320959,0.09
320960,0.02
320966,0.1
320968,0.06
320975,0.07
320978,0.04
320979,0.01
320981,0.04
320987,0.01
320989,0.09
321009,0.3
321021,0.06
321035,0.17
321038,0.41
321039,0.2
321051,0.03
321058,0.08
321066,0.42
321075,0.13
321092,0.04
321098,0.11
321107,0.13
321116,0.08
321118,0.03
321124,0.1
321131,0.25
321134,0.06
321140,0.11
321143,0.11
321145,0.05
321150,0.0
321151,0.03
321153,0.17
321154,0.07
321156,0.09
321160,0.01
321176,0.15
321183,0.03
321187,0.08
321196,0.03
321197,0.06
321204,0.22
321208,0.14
321209,0.07
321223,0.12
321226,0.03
321227,0.02
321236,0.07
321249,0.13
321250,0.07
321253,0.03
321256,0.02
321276,0.13
321298,0.12
321303,0.03
321309,0.16
321313,0.36
321322,0.45
321345,0.03
321350,0.04
321355,0.05
321358,0.01
321370,0.06
321377,0.31
321385,0.14
321398,0.01
321401,0.07
321415,0.03
321416,0.38
321419,0.08
321427,0.0
321433,0.01
321439,0.06
321455,0.02
321463,0.05
321465,0.03
321480,0.04
321486,0.05
321498,0.15
321502,0.17
321510,0.02
321524,0.01
321526,0.1
321528,0.15
321533,0.29
321536,0.06
321548,0.06
321557,0.07
321564,0.07
321567,0.0
321602,0.05
321625,0.01
321627,0.09
321640,0.01
321645,0.07
321648,0.03
321649,0.08
321652,0.0
321659,0.03
321667,0.0
321676,0.08
321696,0.06
321697,0.16
321702,0.18
321704,0.05
321706,0.04
321710,0.11
321722,0.06
321760,0.06
321770,0.09
321779,0.04
321784,0.18
321786,0.02
321792,0.2
321795,0.13
321801,0.01
321804,0.0
321806,0.02
321807,0.03
321808,0.32
321809,0.08
321825,0.03
321828,0.2
321843,0.11
321848,0.02
321854,0.1
321869,0.07
321870,0.04
321887,0.01
321896,0.04
321898,0.28
321908,0.02
321910,0.07
321915,0.08
321919,0.09
321922,0.0
321928,0.19
321929,0.02
321932,0.3
321934,0.14
321936,0.38
321956,0.03
321957,0.05
321965,0.07
321970,0.06
321974,0.02
321980,0.01
321985,0.03
321992,0.07
321999,0.03
322005,0.01
322018,0.03
322020,0.04
322021,0.25
322023,0.02
322024,0.0
322039,0.07
322054,0.01
322061,0.11
322082,0.0
322088,0.02
322093,0.08
322105,0.07
322111,0.02
322113,0.06
322117,0.1
322120,0.01
322123,0.07
322132,0.01
322136,0.24
322141,0.05
322147,0.17
322169,0.06
322170,0.06
322172,0.04
322196,0.02
322198,0.06
322217,0.03
322226,0.13
322227,0.02
322229,0.15
322242,0.08
322244,0.04
322249,0.0
322250,0.16
322253,0.17
322254,0.09
322267,0.0
322269,0.02
322274,0.28
322285,0.14
322309,0.12
322320,0.01
322327,0.15
322331,0.12
322332,0.22
322334,0.2
322339,0.41
322348,0.22
322350,0.44
322354,0.18
322356,0.03
322367,0.1
322369,0.04
322372,0.08
322374,0.07
322383,0.03
322388,0.18
322393,0.03
322395,0.07
322407,0.01
322413,0.0
322416,0.01
322419,0.01
322424,0.27
322432,0.17
322442,0.06
322447,0.13
322448,0.15
322460,0.07
322461,0.21
322468,0.0
322472,0.39
322473,0.04
322488,0.02
322490,0.02
322491,0.04
322497,0.18
322503,0.08
322521,0.08
322525,0.12
322533,0.09
322549,0.03
322561,0.04
322566,0.09
322570,0.24
322574,0.03
322578,0.05
322579,0.04
322586,0.02
322596,0.01
322598,0.04
322603,0.1
322614,0.03
322626,0.01
322630,0.04
322639,0.16
322640,0.02
322642,0.16
322651,0.05
322652,0.17
322656,0.02
322662,0.02
322664,0.03
322681,0.23
322684,0.09
322685,0.08
322711,0.11
322717,0.26
322719,0.09
322730,0.08
322740,0.05
322743,0.0
322749,0.01
322757,0.06
322759,0.05
322760,0.01
322770,0.01
322786,0.03
322797,0.16
322800,0.09
322815,0.04
322831,0.11
322835,0.18
322841,0.04
322845,0.04
322846,0.05
322851,0.05
322852,0.03
322877,0.01
322880,0.06
322893,0.23
322911,0.1
322928,0.14
322934,0.05
322938,0.18
322950,0.04
322959,0.03
322961,0.02
322965,0.22
322966,0.12
322968,0.03
322977,0.14
322979,0.01
322986,0.04
322990,0.05
322998,0.18
323005,0.0
323008,0.07
323014,0.07
323015,0.0
323025,0.07
323030,0.05
323033,0.0
323036,0.07
323043,0.05
323049,0.06
323051,0.17
323053,0.02
323056,0.08
323059,0.15
323076,0.0
323088,0.01
323108,0.43
323112,0.01
323127,0.01
323135,0.03
323137,0.07
323141,0.02
323142,0.08
323147,0.09
323150,0.16
323153,0.29
323156,0.07
323161,0.12
323171,0.01
323173,0.05
323176,0.07
323184,0.06
323189,0.18
323193,0.1
323209,0.36
323218,0.21
323224,0.4
323235,0.02
323236,0.08
323242,0.16
323252,0.03
323253,0.22
323254,0.04
323271,0.05
323276,0.19
323278,0.03
323281,0.02
323285,0.02
323289,0.06
323292,0.05
323297,0.04
323312,0.02
323318,0.02
323319,0.04
323324,0.02
323325,0.1
323328,0.21
323334,0.02
323338,0.22
323340,0.02
323343,0.2
323354,0.04
323373,0.04
323376,0.0
323381,0.04
323382,0.04
323383,0.25
323387,0.01
323394,0.02
323398,0.02
323405,0.11
323407,0.12
323428,0.42
323436,0.06
323451,0.07
323455,0.03
323463,0.02
323466,0.02
323475,0.05
323477,0.01
323481,0.01
323485,0.03
323488,0.03
323493,0.06
323494,0.11
323505,0.05
323506,0.06
323509,0.0
323518,0.17
323530,0.03
323539,0.01
323549,0.0
323557,0.03
323568,0.06
323569,0.08
323571,0.0
323573,0.34
323585,0.02
323588,0.03
323599,0.05
323615,0.07
323617,0.01
323620,0.22
323636,0.07
323665,0.04
323670,0.0
323675,0.04
323688,0.13
323693,0.06
323694,0.0
323696,0.07
323710,0.03
323716,0.1
323718,0.07
323719,0.01
323720,0.06
323722,0.1
323729,0.01
323738,0.01
323740,0.04
323787,0.06
323795,0.03
323801,0.02
323810,0.03
323822,0.0
323825,0.04
323833,0.01
323860,0.08
323871,0.03
323879,0.05
323888,0.09
323891,0.15
323894,0.04
323909,0.03
323911,0.01
323920,0.2
323923,0.18
323930,0.16
323935,0.02
323937,0.26
323938,0.03
323948,0.08
323956,0.18
323962,0.12
323964,0.1
323966,0.09
323970,0.02
323972,0.01
323977,0.06
323985,0.34
323989,0.1
323994,0.0
324010,0.07
324020,0.07
324033,0.15
324052,0.01
324055,0.01
324075,0.0
324087,0.15
324088,0.04
324091,0.05
324104,0.03
324109,0.13
324114,0.0
324118,0.02
324125,0.03
324130,0.13
324146,0.05
324149,0.1
324156,0.01
324170,0.03
324171,0.0
324172,0.13
324178,0.11
324180,0.04
324220,0.11
324222,0.1
324227,0.06
324229,0.02
324230,0.04
324235,0.06
324243,0.01
324247,0.68
324264,0.12
324269,0.03
324270,0.08
324271,0.05
324291,0.53
324293,0.03
324296,0.18
324298,0.13
324302,0.14
324305,0.01
324310,0.01
324325,0.03
324339,0.0
324345,0.05
324347,0.1
324356,0.01
324383,0.12
324387,0.04
324393,0.03
324400,0.1
324401,0.01
324412,0.04
324414,0.01
324415,0.11
324416,0.03
324420,0.3
324437,0.01
324445,0.31
324464,0.11
324472,0.06
324496,0.02
324499,0.0
324512,0.05
324544,0.1
324545,0.05
324552,0.06
324553,0.07
324558,0.15
324559,0.05
324572,0.0
324582,0.19
324595,0.1
324596,0.11
324598,0.11
324614,0.03
324620,0.5
324621,0.05
324624,0.44
324651,0.12
324655,0.3
324669,0.02
324674,0.18
324677,0.11
324681,0.06
324689,0.05
324708,0.0
324714,0.12
324716,0.06
324719,0.0
324731,0.01
324733,0.15
324741,0.18
324745,0.02
324747,0.17
324748,0.0
324764,0.07
324772,0.22
324788,0.06
324795,0.0
324801,0.1
324811,0.02
324816,0.54
324821,0.06
324825,0.05
324840,0.42
324841,0.06
324854,0.01
324866,0.02
324884,0.04
324894,0.03
324895,0.06
324913,0.02
324914,0.28
324944,0.07
324949,0.25
324978,0.02
324983,0.26
324987,0.02
324995,0.01
325000,0.04
325001,0.21
325005,0.17
325017,0.01
325019,0.22
325020,0.0
325021,0.17
325041,0.05
325063,0.23
325066,0.04
325070,0.09
325102,0.16
325117,0.05
325121,0.08
325136,0.08
325153,0.04
325157,0.02
325158,0.03
325163,0.02
325180,0.11
325181,0.05
325185,0.21
325194,0.11
325196,0.11
325206,0.16
325212,0.05
325217,0.14
325218,0.05
325223,0.01
325238,0.2
325254,0.07
325258,0.01
325268,0.04
325269,0.22
325275,0.05
325277,0.01
325282,0.02
325284,0.06
325289,0.02
325291,0.11
325300,0.16
325303,0.02
325306,0.04
325313,0.03
325316,0.17
325318,0.07
325332,0.05
325344,0.22
325354,0.06
325360,0.0
325364,0.11
325375,0.16
325377,0.01
325380,0.01
325390,0.05
325392,0.03
325395,0.18
325411,0.01
325412,0.14
325420,0.05
325424,0.03
325433,0.0
325438,0.0
325439,0.05
325443,0.3
325454,0.13
325464,0.17
325473,0.01
325476,0.07
325495,0.17
325525,0.06
325529,0.07
325552,0.03
325553,0.31
325564,0.02
325565,0.14
325580,0.01
325590,0.26
325591,0.01
325596,0.01
325601,0.04
325602,0.01
325623,0.02
325625,0.01
325641,0.38
325645,0.02
325657,0.08
325680,0.05
325691,0.09
325701,0.05
325710,0.02
325712,0.05
325714,0.13
325716,0.11
325724,0.08
325744,0.18
325751,0.29
325757,0.01
325765,0.0
325767,0.23
325770,0.05
325778,0.07
325784,0.11
325791,0.2
325809,0.08
325814,0.04
325817,0.09
325820,0.05
325822,0.2
325830,0.31
325832,0.3
325840,0.01
325849,0.05
325852,0.07
325859,0.1
325864,0.2
325865,0.06
325879,0.02
325890,0.0
325899,0.02
325908,0.07
325916,0.07
325918,0.02
325919,0.01
325922,0.01
325925,0.02
325934,0.13
325939,0.03
325942,0.0
325948,0.08
325954,0.0
325962,0.05
325966,0.13
325969,0.06
325971,0.0
325972,0.02
325976,0.07
325981,0.02
325992,0.18
326013,0.07
326017,0.17
326019,0.0
326027,0.09
326028,0.09
326033,0.0
326041,0.07
326043,0.04
326049,0.06
326054,0.07
326057,0.18
326074,0.01
326078,0.15
326083,0.17
326084,0.0
326085,0.08
326087,0.0
326088,0.04
326102,0.19
326117,0.06
326145,0.16
326150,0.11
326160,0.11
326166,0.02
326170,0.03
326180,0.06
326182,0.18
326186,0.0
326188,0.6
326190,0.39
326196,0.06
326199,0.03
326201,0.1
326204,0.03
326209,0.08
326211,0.03
326218,0.08
326239,0.05
326259,0.02
326260,0.1
326284,0.06
326289,0.04
326290,0.01
326295,0.08
326299,0.15
326305,0.03
326309,0.03
326323,0.07
326364,0.03
326369,0.02
326385,0.03
326410,0.03
326411,0.01
326418,0.05
326428,0.04
326435,0.05
326437,0.02
326438,0.07
326451,0.0
326464,0.29
326471,0.05
326472,0.46
326475,0.05
326477,0.0
326480,0.05
326486,0.36
326502,0.07
326506,0.2
326513,0.02
326516,0.01
326528,0.03
326530,0.06
326531,0.07
326532,0.01
326538,0.0
326551,0.11
326559,0.05
326576,0.07
326577,0.06
326602,0.01
326606,0.01
326618,0.15
326620,0.04
326624,0.06
326639,0.07
326647,0.4
326652,0.15
326661,0.07
326667,0.11
326670,0.06
326672,0.09
326693,0.4
326704,0.03
326723,0.05
326734,0.07
326738,0.14
326746,0.01
326753,0.01
326754,0.01
326763,0.11
326779,0.02
326785,0.06
326786,0.02
326787,0.12
326789,0.02
326799,0.06
326802,0.06
326804,0.1
326823,0.01
326827,0.16
326833,0.03
326838,0.04
326842,0.1
326856,0.22
326867,0.05
326870,0.03
326871,0.05
326875,0.11
326879,0.05
326884,0.05
326900,0.1
326904,0.01
326905,0.2
326917,0.03
326919,0.05
326921,0.43
326929,0.04
326942,0.09
326944,0.04
326953,0.01
326968,0.05
326985,0.0
326987,0.12
326988,0.04
326994,0.13
327005,0.06
327010,0.11
327017,0.15
327026,0.08
327030,0.18
327031,0.05
327045,0.09
327054,0.01
327078,0.07
327080,0.08
327087,0.29
327137,0.04
327147,0.08
327150,0.1
327153,0.09
327160,0.03
327164,0.08
327169,0.34
327187,0.16
327188,0.08
327189,0.04
327194,0.06
327196,0.08
327202,0.11
327207,0.02
327215,0.11
327216,0.14
327220,0.17
327222,0.03
327230,0.01
327231,0.22
327238,0.02
327247,0.01
327262,0.06
327265,0.08
327267,0.0
327273,0.05
327276,0.12
327280,0.13
327287,0.12
327301,0.04
327307,0.14
327309,0.01
327316,0.1
327327,0.08
327334,0.16
327335,0.06
327338,0.01
327341,0.0
327350,0.04
327355,0.05
327370,0.01
327386,0.04
327391,0.21
327393,0.18
327408,0.03
327415,0.27
327431,0.06
327445,0.02
327449,0.22
327457,0.08
327488,0.0
327489,0.1
327523,0.1
327537,0.01
327550,0.21
327556,0.05
327562,0.0
327567,0.2
327587,0.2
327594,0.1
327602,0.01
327604,0.03
327609,0.01
327618,0.09
327620,0.06
327626,0.13
327628,0.19
327629,0.04
327631,0.03
327633,0.21
327638,0.01
327665,0.0
327689,0.0
327697,0.0
327702,0.02
327704,0.13
327723,0.02
327726,0.1
327732,0.06
327739,0.31
327750,0.01
327751,0.02
327765,0.1
327766,0.07
327771,0.02
327772,0.66
327774,0.24
327784,0.02
327789,0.0
327794,0.06
327799,0.06
327803,0.05
327817,0.04
327819,0.01
327823,0.06
327828,0.33
327834,0.09
327835,0.02
327866,0.44
327871,0.02
327886,0.03
327900,0.49
327901,0.17
327904,0.0
327906,0.15
327908,0.04
327909,0.01
327914,0.19
327917,0.1
327928,0.1
327947,0.0
327949,0.03
327952,0.13
327954,0.0
327962,0.01
327964,0.44
327985,0.01
327996,0.01
327997,0.09
328013,0.0
328017,0.19
328027,0.0
328029,0.19
328042,0.31
328043,0.05
328064,0.12
328072,0.02
328074,0.1
328080,0.07
328086,0.06
328122,0.06
328126,0.0
328127,0.27
328142,0.02
328144,0.07
328150,0.05
328154,0.06
328160,0.11
328171,0.03
328179,0.04
328192,0.0
328195,0.05
328196,0.05
328201,0.04
328203,0.07
328217,0.03
328218,0.0
328228,0.17
328231,0.29
328246,0.05
328252,0.2
328255,0.04
328264,0.11
328281,0.03
328282,0.01
328291,0.04
328303,0.04
328305,0.04
328313,0.0
328336,0.24
328340,0.04
328343,0.17
328368,0.38
328372,0.01
328381,0.1
328383,0.02
328385,0.01
328393,0.1
328395,0.06
328409,0.08
328424,0.03
328427,0.15
328456,0.07
328463,0.18
328489,0.16
328491,0.16
328509,0.06
328516,0.19
328524,0.01
328535,0.16
328536,0.05
328539,0.07
328542,0.52
328545,0.38
328549,0.22
328554,0.02
328558,0.25
328571,0.07
328576,0.01
328578,0.18
328588,0.24
328601,0.0
328604,0.12
328624,0.01
328629,0.07
328632,0.02
328634,0.02
328636,0.06
328637,0.06
328647,0.03
328668,0.04
328669,0.05
328678,0.17
328684,0.03
328694,0.01
328705,0.04
328712,0.03
328720,0.08
328729,0.03
328730,0.02
328733,0.04
328758,0.31
328761,0.04
328764,0.04
328777,0.05
328783,0.01
328813,0.1
328819,0.01
328826,0.11
328829,0.05
328834,0.04
328845,0.0
328856,0.0
328865,0.05
328868,0.11
328878,0.28
328896,0.01
328899,0.01
328909,0.01
328914,0.01
328926,0.22
328934,0.01
328935,0.06
328949,0.05
328954,0.06
328957,0.01
328968,0.06
328974,0.12
328984,0.01
328991,0.04
328997,0.14
329000,0.06
329005,0.01
329007,0.03
329018,0.12
329034,0.06
329051,0.34
329052,0.02
329055,0.03
329062,0.42
329064,0.32
329070,0.63
329075,0.16
329078,0.02
329081,0.04
329086,0.25
329101,0.15
329105,0.05
329113,0.27
329119,0.1
329133,0.05
329135,0.09
329138,0.04
329143,0.1
329157,0.04
329165,0.16
329170,0.03
329176,0.04
329177,0.17
329179,0.02
329196,0.04
329209,0.01
329219,0.35
329241,0.01
329245,0.15
329248,0.06
329249,0.05
329251,0.01
329252,0.01
329256,0.04
329261,0.11
329264,0.69
329297,0.16
329310,0.08
329320,0.04
329328,0.01
329340,0.14
329347,0.03
329351,0.11
329356,0.03
329360,0.14
329364,0.04
329365,0.1
329381,0.06
329383,0.19
329385,0.02
329388,0.02
329390,0.04
329393,0.13
329403,0.09
329409,0.02
329418,0.19
329428,0.01
329433,0.03
329439,0.07
329459,0.02
329463,0.01
329475,0.21
329479,0.08
329494,0.16
329500,0.09
329503,0.01
329512,0.02
329514,0.04
329521,0.05
329526,0.09
329531,0.0
329534,0.02
329545,0.02
329553,0.01
329569,0.11
329571,0.0
329580,0.0
329585,0.18
329588,0.04
329603,0.01
329605,0.0
329611,0.07
329613,0.02
329615,0.05
329618,0.03
329623,0.01
329626,0.06
329678,0.04
329690,0.21
329693,0.43
329698,0.45
329700,0.01
329706,0.02
329709,0.05
329713,0.09
329716,0.1
329717,0.07
329719,0.07
329720,0.07
329737,0.05
329741,0.08
329742,0.14
329749,0.09
329765,0.02
329771,0.02
329775,0.24
329779,0.03
329781,0.04
329788,0.09
329798,0.02
329799,0.01
329810,0.33
329811,0.02
329812,0.0
329819,0.11
329822,0.05
329826,0.15
329843,0.03
329846,0.03
329856,0.12
329871,0.16
329882,0.04
329885,0.01
329893,0.04
329898,0.06
329903,0.04
329916,0.04
329918,0.0
329934,0.0
329942,0.07
329949,0.11
329958,0.06
329965,0.08
329969,0.01
329972,0.12
329981,0.17
329988,0.02
329989,0.03
330004,0.17
330006,0.66
330014,0.1
330025,0.1
330040,0.01
330047,0.3
330070,0.11
330074,0.01
330075,0.0
330085,0.0
330095,0.02
330106,0.17
330119,0.03
330122,0.0
330129,0.13
330145,0.51
330148,0.03
330154,0.04
330156,0.13
330162,0.0
330164,0.05
330187,0.03
330188,0.16
330189,0.01
330192,0.15
330193,0.0
330200,0.05
330205,0.08
330207,0.29
330220,0.03
330228,0.39
330243,0.03
330245,0.05
330270,0.14
330272,0.0
330279,0.05
330288,0.17
330289,0.01
330299,0.0
330308,0.0
330314,0.17
330317,0.04
330322,0.0
330332,0.07
330356,0.12
330358,0.05
330360,0.0
330363,0.01
330364,0.1
330368,0.11
330376,0.04
330378,0.06
330381,0.02
330386,0.2
330387,0.07
330395,0.19
330396,0.05
330406,0.0
330423,0.04
330430,0.1
330467,0.0
330469,0.05
330473,0.09
330479,0.18
330486,0.21
330523,0.19
330524,0.02
330540,0.06
330564,0.13
330565,0.01
330567,0.21
330568,0.08
330602,0.04
330616,0.01
330617,0.05
330625,0.07
330635,0.02
330636,0.3
330639,0.04
330661,0.03
330666,0.0
330670,0.01
330682,0.03
330690,0.06
330708,0.14
330726,0.0
330730,0.01
330765,0.0
330776,0.04
330789,0.03
330791,0.02
330803,0.02
330805,0.0
330807,0.03
330821,0.08
330822,0.07
330836,0.04
330837,0.11
330839,0.07
330840,0.01
330861,0.01
330878,0.02
330881,0.01
330888,0.06
330890,0.17
330903,0.21
330904,0.0
330905,0.03
330907,0.11
330915,0.02
330921,0.08
330922,0.09
330925,0.17
330942,0.0
330945,0.09
330957,0.15
330965,0.14
330973,0.1
330979,0.0
330981,0.05
331005,0.09
331018,0.29
331026,0.01
331032,0.02
331033,0.18
331036,0.02
331037,0.04
331048,0.07
331054,0.2
331058,0.01
331063,0.1
331077,0.12
331079,0.0
331081,0.37
331082,0.04
331090,0.01
331110,0.07
331127,0.14
331141,0.03
331153,0.29
331165,0.23
331171,0.01
331179,0.21
331191,0.17
331193,0.13
331197,0.0
331204,0.19
331207,0.16
331212,0.03
331220,0.25
331242,0.01
331244,0.07
331273,0.01
331281,0.02
331289,0.03
331293,0.02
331294,0.0
331299,0.03
331300,0.05
331302,0.02
331322,0.11
331334,0.07
331347,0.0
331353,0.01
331361,0.01
331370,0.07
331379,0.01
331382,0.01
331388,0.18
331390,0.02
331400,0.01
331411,0.03
331431,0.0
331451,0.06
331455,0.02
331456,0.0
331461,0.04
331468,0.03
331480,0.05
331491,0.03
331505,0.13
331508,0.07
331517,0.06
331519,0.12
331526,0.0
331530,0.01
331533,0.18
331554,0.09
331579,0.06
331590,0.01
331599,0.09
331604,0.23
331605,0.02
331611,0.07
331616,0.11
331620,0.01
331623,0.13
331641,0.03
331645,0.08
331657,0.09
331662,0.06
331678,0.03
331684,0.31
331686,0.13
331691,0.02
331697,0.23
331707,0.1
331709,0.01
331716,0.09
331719,0.16
331729,0.01
331735,0.03
331743,0.03
331761,0.09
331772,0.06
331777,0.01
331794,0.03
331813,0.19
331818,0.23
331834,0.19
331848,0.01
331849,0.07
331868,0.04
331875,0.08
331879,0.02
331886,0.01
331888,0.01
331891,0.0
331903,0.02
331905,0.0
331913,0.04
331914,0.09
331937,0.09
331938,0.02
331939,0.3
331944,0.11
331948,0.03
331968,0.01
331976,0.42
331977,0.14
332007,0.03
332014,0.17
332017,0.0
332027,0.29
332033,0.28
332041,0.05
332042,0.03
332047,0.03
332050,0.13
332056,0.0
332071,0.01
332075,0.13
332076,0.05
332077,0.03
332083,0.13
332093,0.65
332111,0.1
332119,0.03
332121,0.08
332135,0.15
332144,0.06
332147,0.0
332155,0.0
332156,0.0
332164,0.04
332166,0.0
332170,0.13
332180,0.4
332181,0.0
332184,0.05
332192,0.05
332204,0.12
332225,0.04
332234,0.2
332243,0.14
332253,0.12
332261,0.06
332266,0.04
332270,0.23
332285,0.12
332290,0.03
332296,0.06
332298,0.22
332302,0.08
332303,0.01
332317,0.14
332318,0.13
332327,0.02
332337,0.13
332351,0.08
332373,0.0
332377,0.07
332384,0.1
332398,0.13
332404,0.05
332405,0.22
332454,0.01
332456,0.14
332464,0.41
332468,0.23
332476,0.02
332482,0.02
332483,0.04
332508,0.04
332519,0.26
332529,0.3
332537,0.13
332545,0.18
332551,0.16
332552,0.15
332570,0.03
332574,0.0
332579,0.08
332607,0.02
332618,0.23
332626,0.33
332628,0.1
332645,0.05
332652,0.15
332666,0.15
332694,0.0
332697,0.0
332698,0.0
332700,0.09
332708,0.09
332714,0.03
332722,0.0
332724,0.07
332730,0.07
332741,0.02
332746,0.18
332754,0.13
332756,0.17
332759,0.01
332764,0.32
332786,0.07
332790,0.03
332816,0.0
332821,0.14
332827,0.01
332829,0.14
332831,0.08
332833,0.12
332834,0.05
332837,0.03
332846,0.02
332860,0.12
332861,0.01
332865,0.03
332882,0.04
332897,0.09
332901,0.04
332904,0.1
332910,0.31
332911,0.01
332912,0.43
332939,0.03
332940,0.02
332952,0.02
332956,0.0
332957,0.03
332958,0.08
332961,0.18
332967,0.1
332974,0.05
332993,0.0
333007,0.01
333012,0.09
333020,0.03
333021,0.04
333035,0.07
333040,0.16
333061,0.0
333073,0.04
333078,0.0
333085,0.0
333086,0.19
333096,0.21
333100,0.0
333112,0.12
333114,0.01
333120,0.15
333142,0.01
333152,0.0
333159,0.17
333178,0.09
333179,0.03
333187,0.06
333191,0.02
333192,0.0
333199,0.12
333211,0.02
333224,0.08
333237,0.11
333238,0.0
333262,0.01
333268,0.0
333275,0.1
333289,0.1
333292,0.15
333303,0.02
333305,0.13
333312,0.04
333316,0.06
333335,0.07
333354,0.08
333356,0.04
333358,0.0
333376,0.05
333378,0.03
333380,0.06
333381,0.2
333388,0.01
333392,0.01
333406,0.28
333410,0.0
333411,0.11
333412,0.07
333428,0.03
333432,0.0
333435,0.03
333442,0.01
333452,0.07
333455,0.05
333456,0.15
333459,0.29
333464,0.24
333466,0.28
333469,0.02
333475,0.01
333476,0.01
333477,0.26
333487,0.0
333490,0.05
333497,0.09
333499,0.02
333500,0.02
333501,0.11
333503,0.27
333513,0.02
333518,0.01
333544,0.16
333546,0.03
333563,0.01
333566,0.05
333568,0.25
333570,0.05
333573,0.0
333574,0.05
333584,0.01
333589,0.04
333594,0.26
333596,0.02
333597,0.12
333615,0.03
333621,0.04
333622,0.01
333629,0.02
333651,0.15
333653,0.19
333664,0.01
333680,0.0
333687,0.12
333688,0.06
333689,0.1
333693,0.02
333695,0.0
333706,0.0
333709,0.03
333713,0.09
333734,0.01
333745,0.14
333752,0.19
333764,0.01
333780,0.05
333789,0.3
333791,0.01
333795,0.14
333799,0.09
333801,0.08
333802,0.37
333803,0.1
333810,0.07
333837,0.02
333842,0.09
333843,0.02
333845,0.04
333852,0.19
333859,0.06
333885,0.14
333896,0.1
333904,0.09
333908,0.05
333913,0.05
333927,0.24
333930,0.07
333935,0.01
333952,0.08
333953,0.07
333966,0.0
333968,0.07
333988,0.02
334013,0.01
334027,0.04
334030,0.03
334032,0.03
334033,0.02
334042,0.01
334045,0.05
334053,0.03
334055,0.01
334058,0.04
334063,0.26
334070,0.02
334074,0.14
334080,0.21
334086,0.16
334092,0.06
334099,0.08
334101,0.09
334103,0.14
334104,0.31
334109,0.09
334125,0.13
334130,0.21
334138,0.07
334161,0.03
334164,0.23
334169,0.04
334171,0.0
334185,0.14
334186,0.01
334209,0.16
334211,0.06
334230,0.0
334231,0.05
334237,0.15
334241,0.06
334244,0.52
334247,0.01
334250,0.08
334252,0.16
334273,0.01
334282,0.01
334285,0.06
334286,0.04
334292,0.03
334296,0.0
334299,0.12
334300,0.07
334305,0.08
334307,0.61
334311,0.06
334315,0.06
334343,0.07
334344,0.01
334345,0.09
334350,0.08
334353,0.0
334365,0.1
334372,0.05
334374,0.07
334375,0.02
334382,0.04
334387,0.0
334391,0.11
334397,0.01
334407,0.06
334415,0.08
334417,0.06
334419,0.19
334431,0.05
334435,0.11
334446,0.51
334447,0.01
334457,0.03
334459,0.32
334471,0.03
334474,0.01
334481,0.0
334483,0.01
334486,0.01
334490,0.36
334492,0.06
334494,0.0
334512,0.04
334522,0.01
334527,0.02
334534,0.07
334537,0.04
334539,0.02
334552,0.08
334555,0.15
334565,0.18
334580,0.07
334585,0.02
334589,0.02
334594,0.02
334600,0.0
334603,0.0
334613,0.03
334621,0.07
334628,0.05
334631,0.08
334634,0.04
334635,0.15
334659,0.01
334660,0.01
334664,0.09
334671,0.04
334693,0.03
334695,0.11
334703,0.04
334718,0.15
334728,0.25
334732,0.11
334733,0.16
334735,0.01
334748,0.04
334756,0.1
334764,0.03
334766,0.14
334787,0.03
334803,0.05
334806,0.08
334817,0.38
334825,0.01
334831,0.03
334836,0.14
334845,0.07
334857,0.07
334868,0.08
334871,0.05
334873,0.16
334881,0.11
334886,0.14
334898,0.04
334899,0.03
334901,0.25
334916,0.18
334923,0.07
334933,0.09
334938,0.33
334955,0.04
334963,0.5
334974,0.18
334986,0.02
334994,0.02
334995,0.2
335001,0.03
335005,0.19
335009,0.0
335014,0.1
335015,0.21
335017,0.18
335025,0.17
335027,0.12
335055,0.04
335058,0.06
335072,0.01
335073,0.0
335081,0.0
335091,0.03
335096,0.0
335097,0.02
335099,0.02
335113,0.14
335136,0.07
335140,0.02
335141,0.05
335143,0.24
335155,0.02
335170,0.0
335176,0.02
335181,0.15
335183,0.07
335192,0.01
335196,0.59
335198,0.02
335203,0.06
335204,0.24
335218,0.06
335222,0.03
335223,0.43
335229,0.17
335231,0.04
335236,0.17
335253,0.25
335257,0.02
335262,0.04
335263,0.39
335273,0.03
335276,0.03
335278,0.01
335295,0.02
335301,0.06
335303,0.0
335305,0.19
335310,0.09
335313,0.14
335314,0.15
335319,0.01
335321,0.14
335331,0.28
335332,0.04
335333,0.08
335337,0.33
335342,0.06
335347,0.28
335351,0.12
335356,0.0
335366,0.07
335369,0.02
335377,0.05
335388,0.03
335395,0.43
335397,0.0
335411,0.09
335419,0.03
335425,0.04
335427,0.12
335443,0.05
335446,0.08
335448,0.04
335451,0.07
335458,0.02
335459,0.07
335460,0.04
335463,0.03
335471,0.01
335477,0.07
335478,0.08
335484,0.02
335490,0.36
335495,0.15
335506,0.0
335507,0.04
335518,0.08
335533,0.07
335537,0.02
335538,0.0
335549,0.12
335553,0.04
335561,0.22
335564,0.01
335573,0.05
335577,0.09
335579,0.0
335585,0.04
335590,0.15
335594,0.05
335598,0.0
335601,0.02
335608,0.05
335616,0.08
335640,0.02
335645,0.12
335653,0.16
335683,0.12
335692,0.02
335713,0.0
335726,0.0
335727,0.19
335728,0.0
335732,0.04
335736,0.01
335747,0.0
335754,0.08
335755,0.01
335761,0.04
335775,0.01
335778,0.21
335779,0.03
335787,0.0
335805,0.02
335807,0.1
335808,0.03
335815,0.05
335818,0.03
335835,0.01
335849,0.11
335850,0.07
335851,0.03
335852,0.05
335856,0.16
335857,0.04
335863,0.01
335871,0.03
335879,0.09
335885,0.09
335887,0.12
335893,0.27
335906,0.03
335912,0.01
335921,0.08
335944,0.1
335952,0.18
335955,0.05
335956,0.02
335957,0.11
335958,0.04
335962,0.02
335963,0.13
335964,0.03
335971,0.0
335973,0.07
335975,0.34
335981,0.04
335983,0.22
336016,0.0
336038,0.21
336039,0.03
336041,0.0
336061,0.01
336063,0.07
336067,0.06
336071,0.1
336089,0.38
336095,0.0
336096,0.1
336101,0.01
336117,0.03
336118,0.06
336120,0.07
336137,0.0
336155,0.04
336156,0.27
336159,0.07
336178,0.17
336183,0.24
336194,0.0
336195,0.06
336199,0.05
336209,0.02
336213,0.01
336214,0.29
336215,0.0
336220,0.04
336253,0.09
336260,0.14
336263,0.08
336265,0.1
336273,0.02
336277,0.03
336280,0.19
336295,0.07
336308,0.02
336309,0.01
336316,0.18
336319,0.0
336321,0.01
336322,0.21
336323,0.07
336340,0.21
336344,0.27
336352,0.17
336361,0.07
336367,0.12
336382,0.1
336383,0.03
336393,0.06
336407,0.05
336413,0.04
336418,0.15
336426,0.04
336427,0.09
336436,0.01
336443,0.1
336445,0.02
336447,0.0
336451,0.12
336464,0.0
336484,0.19
336491,0.01
336492,0.03
336493,0.04
336494,0.04
336499,0.16
336524,0.0
336527,0.13
336534,0.25
336544,0.02
336553,0.32
336558,0.0
336565,0.17
336569,0.12
336580,0.17
336586,0.01
336592,0.09
336604,0.06
336610,0.16
336623,0.16
336634,0.14
336635,0.08
336641,0.01
336660,0.0
336673,0.08
336686,0.0
336693,0.14
336701,0.08
336704,0.07
336711,0.03
336715,0.1
336717,0.02
336722,0.04
336724,0.0
336741,0.17
336745,0.0
336757,0.66
336764,0.13
336767,0.16
336783,0.01
336786,0.13
336791,0.03
336792,0.09
336813,0.4
336822,0.14
336823,0.12
336832,0.0
336843,0.03
336858,0.11
336870,0.01
336876,0.02
336885,0.01
336887,0.06
336891,0.01
336903,0.0
336916,0.07
336917,0.01
336922,0.01
336925,0.0
336931,0.2
336938,0.09
336950,0.31
336955,0.03
336956,0.01
336959,0.01
336966,0.13
336971,0.2
336978,0.34
336983,0.0
336986,0.02
336996,0.16
337003,0.19
337007,0.01
337029,0.19
337034,0.03
337039,0.04
337057,0.28
337058,0.01
337062,0.16
337080,0.0
337087,0.0
337105,0.01
337108,0.02
337120,0.1
337125,0.07
337142,0.01
337159,0.19
337160,0.04
337168,0.05
337170,0.02
337171,0.0
337178,0.12
337188,0.13
337191,0.05
337200,0.07
337207,0.0
337210,0.03
337218,0.02
337221,0.22
337237,0.14
337241,0.22
337244,0.11
337273,0.11
337294,0.11
337295,0.02
337298,0.01
337310,0.0
337326,0.0
337338,0.49
337343,0.05
337360,0.04
337369,0.16
337375,0.14
337386,0.09
337388,0.21
337405,0.15
337408,0.11
337412,0.05
337416,0.08
337418,0.33
337442,0.14
337449,0.05
337457,0.03
337460,0.07
337474,0.0
337499,0.04
337506,0.08
337512,0.05
337527,0.01
337528,0.01
337530,0.06
337539,0.04
337546,0.06
337551,0.35
337569,0.08
337576,0.01
337582,0.03
337590,0.4
337599,0.05
337600,0.11
337601,0.09
337608,0.09
337614,0.13
337619,0.08
337625,0.27
337629,0.08
337635,0.05
337642,0.04
337663,0.19
337665,0.1
337668,0.04
337700,0.01
337746,0.04
337761,0.03
337779,0.0
337788,0.04
337790,0.05
337793,0.02
337802,0.06
337807,0.04
337821,0.13
337840,0.08
337846,0.11
337848,0.39
337864,0.08
337866,0.02
337868,0.01
337878,0.03
337890,0.03
337896,0.07
337901,0.09
337905,0.12
337914,0.02
337953,0.16
337969,0.07
337984,0.05
337995,0.07
338009,0.03
338018,0.11
338022,0.01
338028,0.21
338029,0.22
338044,0.02
338050,0.0
338052,0.03
338073,0.32
338076,0.09
338084,0.02
338086,0.03
338094,0.07
338097,0.17
338099,0.12
338126,0.05
338127,0.29
338137,0.32
338146,0.0
338161,0.07
338164,0.07
338174,0.0
338179,0.4
338181,0.01
338188,0.0
338189,0.06
338193,0.03
338199,0.02
338202,0.15
338204,0.11
338210,0.3
338229,0.05
338240,0.1
338250,0.06
338253,0.04
338254,0.0
338268,0.0
338290,0.05
338293,0.07
338297,0.11
338301,0.16
338306,0.0
338314,0.03
338318,0.01
338325,0.0
338340,0.04
338341,0.04
338351,0.13
338352,0.25
338368,0.01
338381,0.06
338404,0.06
338409,0.1
338417,0.02
338418,0.0
338426,0.0
338431,0.11
338435,0.02
338463,0.06
338465,0.2
338467,0.1
338479,0.07
338495,0.12
338510,0.04
338526,0.0
338528,0.06
338530,0.03
338539,0.01
338543,0.03
338554,0.02
338557,0.05
338581,0.57
338589,0.0
338595,0.13
338597,0.03
338604,0.05
338607,0.0
338613,0.02
338615,0.06
338628,0.14
338636,0.16
338642,0.01
338669,0.03
338671,0.13
338675,0.02
338676,0.29
338690,0.07
338696,0.12
338702,0.37
338703,0.01
338709,0.02
338719,0.04
338725,0.24
338727,0.02
338732,0.14
338749,0.01
338773,0.01
338774,0.01
338784,0.33
338789,0.02
338792,0.12
338804,0.09
338808,0.38
338822,0.0
338824,0.04
338833,0.05
338836,0.06
338840,0.18
338842,0.03
338843,0.09
338847,0.08
338849,0.08
338857,0.06
338860,0.6
338872,0.05
338874,0.08
338878,0.2
338895,0.03
338896,0.16
338904,0.27
338920,0.22
338931,0.21
338938,0.05
338955,0.02
338962,0.02
338969,0.08
338976,0.13
338994,0.06
339011,0.06
339014,0.08
339017,0.02
339018,0.5
339030,0.12
339038,0.01
339060,0.1
339079,0.41
339082,0.03
339099,0.01
339103,0.06
339105,0.06
339107,0.0
339121,0.2
339148,0.06
339152,0.02
339154,0.01
339170,0.08
339186,0.01
339187,0.0
339193,0.0
339196,0.13
339199,0.11
339203,0.11
339216,0.09
339228,0.08
339232,0.04
339237,0.15
339240,0.11
339242,0.05
339245,0.03
339252,0.06
339256,0.01
339258,0.12
339260,0.02
339263,0.09
339268,0.19
339269,0.23
339286,0.06
339304,0.06
339307,0.14
339317,0.18
339330,0.07
339346,0.53
339380,0.01
339381,0.04
339382,0.04
339391,0.0
339396,0.0
339406,0.03
339407,0.02
339409,0.07
339410,0.07
339425,0.05
339427,0.01
339433,0.04
339443,0.08
339449,0.03
339452,0.04
339453,0.02
339455,0.07
339457,0.03
339477,0.07
339483,0.0
339487,0.31
339490,0.01
339518,0.02
339523,0.03
339529,0.02
339541,0.06
339544,0.08
339546,0.23
339559,0.14
339563,0.02
339573,0.05
339591,0.02
339593,0.09
339599,0.03
339604,0.31
339615,0.02
339621,0.03
339625,0.16
339642,0.04
339647,0.19
339650,0.06
339656,0.04
339659,0.02
339681,0.19
339683,0.28
339684,0.02
339689,0.04
339694,0.0
339699,0.09
339718,0.24
339727,0.13
339735,0.11
339736,0.03
339745,0.0
339755,0.11
339758,0.02
339770,0.08
339772,0.03
339778,0.01
339786,0.01
339787,0.13
339788,0.06
339799,0.02
339814,0.03
339837,0.0
339842,0.06
339845,0.04
339852,0.01
339857,0.17
339864,0.13
339872,0.06
339873,0.0
339874,0.02
339875,0.04
339879,0.13
339884,0.05
339888,0.03
339891,0.06
339905,0.04
339920,0.01
339934,0.19
339938,0.03
339948,0.03
339949,0.11
339953,0.02
339954,0.03
339957,0.04
339958,0.05
339971,0.02
339975,0.0
339978,0.01
339984,0.1
339993,0.01
340009,0.13
340012,0.24
340019,0.03
340031,0.0
340041,0.06
340045,0.01
340046,0.06
340067,0.04
340079,0.16
340081,0.06
340082,0.04
340090,0.09
340091,0.07
340099,0.07
340104,0.03
340109,0.02
340123,0.25
340146,0.03
340162,0.04
340167,0.08
340181,0.09
340194,0.0
340195,0.01
340198,0.04
340202,0.5
340203,0.14
340219,0.06
340221,0.06
340224,0.13
340239,0.02
340248,0.08
340262,0.02
340264,0.18
340277,0.19
340285,0.01
340292,0.12
340356,0.06
340365,0.01
340375,0.07
340377,0.11
340378,0.35
340385,0.22
340387,0.06
340388,0.14
340405,0.05
340407,0.1
340408,0.07
340416,0.05
340420,0.0
340421,0.22
340425,0.02
340430,0.09
340448,0.2
340451,0.04
340456,0.19
340457,0.04
340459,0.12
340460,0.09
340463,0.01
340464,0.04
340486,0.07
340503,0.0
340504,0.1
340505,0.02
340507,0.04
340509,0.07
340511,0.02
340513,0.01
340516,0.19
340529,0.02
340535,0.03
340542,0.29
340545,0.07
340546,0.08
340556,0.05
340567,0.0
340576,0.16
340577,0.02
340586,0.0
340587,0.18
340594,0.04
340610,0.31
340611,0.14
340614,0.05
340625,0.01
340630,0.24
340640,0.12
340667,0.05
340674,0.0
340679,0.08
340683,0.06
340686,0.15
340698,0.04
340708,0.0
340717,0.17
340718,0.01
340720,0.0
340726,0.01
340746,0.02
340747,0.01
340768,0.03
340769,0.06
340772,0.11
340774,0.2
340778,0.03
340806,0.04
340816,0.08
340823,0.04
340826,0.01
340838,0.16
340840,0.06
340842,0.02
340844,0.03
340845,0.03
340853,0.07
340855,0.17
340857,0.1
340858,0.04
340864,0.14
340899,0.14
340901,0.03
340909,0.1
340921,0.0
340925,0.26
340953,0.12
340954,0.01
340961,0.0
340963,0.36
340975,0.11
340977,0.08
340996,0.02
341009,0.26
341013,0.0
341020,0.03
341024,0.08
341031,0.03
341038,0.1
341042,0.1
341050,0.06
341063,0.17
341066,0.05
341067,0.06
341070,0.15
341075,0.3
341089,0.04
341091,0.02
341122,0.18
341132,0.1
341135,0.05
341150,0.08
341168,0.08
341172,0.21
341182,0.11
341183,0.01
341187,0.06
341192,0.22
341194,0.02
341201,0.0
341226,0.14
341228,0.02
341231,0.12
341235,0.01
341237,0.11
341251,0.08
341278,0.06
341284,0.0
341285,0.12
341294,0.02
341296,0.09
341297,0.05
341298,0.0
341302,0.01
341304,0.02
341307,0.06
341314,0.01
341324,0.11
341332,0.21
341342,0.07
341347,0.08
341356,0.03
341358,0.12
341365,0.05
341368,0.07
341372,0.18
341374,0.15
341380,0.05
341381,0.12
341390,0.06
341398,0.07
341401,0.15
341406,0.08
341413,0.04
341419,0.01
341421,0.07
341427,0.02
341429,0.1
341434,0.03
341437,0.01
341444,0.11
341447,0.01
341452,0.01
341458,0.24
341475,0.06
341478,0.0
341495,0.02
341503,0.03
341520,0.1
341525,0.05
341544,0.03
341545,0.05
341548,0.0
341551,0.1
341552,0.09
341562,0.07
341574,0.08
341577,0.06
341585,0.06
341616,0.02
341630,0.01
341631,0.03
341640,0.14
341651,0.03
341653,0.03
341655,0.37
341659,0.01
341696,0.04
341705,0.1
341717,0.05
341720,0.04
341728,0.07
341729,0.02
341737,0.0
341758,0.07
341765,0.09
341780,0.11
341785,0.19
341787,0.07
341790,0.2
341796,0.05
341805,0.11
341811,0.06
341823,0.02
341828,0.3
341841,0.1
341865,0.28
341873,0.11
341891,0.05
341899,0.03
341906,0.04
341917,0.1
341926,0.13
341931,0.07
341934,0.01
341939,0.04
341943,0.1
341962,0.05
341967,0.28
341971,0.17
341990,0.02
341997,0.05
342001,0.02
342010,0.07
342042,0.07
342052,0.08
342084,0.33
342089,0.06
342091,0.04
342099,0.03
342109,0.0
342111,0.41
342119,0.01
342120,0.22
342125,0.03
342127,0.3
342128,0.17
342135,0.06
342136,0.03
342138,0.11
342148,0.05
342153,0.11
342154,0.19
342157,0.14
342163,0.03
342168,0.03
342173,0.17
342182,0.0
342185,0.02
342194,0.03
342198,0.09
342210,0.02
342214,0.09
342220,0.05
342222,0.0
342223,0.06
342230,0.14
342239,0.1
342247,0.06
342248,0.27
342252,0.01
342257,0.22
342271,0.28
342272,0.03
342290,0.01
342295,0.07
342297,0.04
342298,0.06
342301,0.09
342305,0.06
342308,0.0
342314,0.07
342322,0.05
342340,0.11
342350,0.13
342353,0.1
342358,0.04
342377,0.08
342378,0.1
342382,0.62
342390,0.02
342396,0.1
342439,0.04
342442,0.07
342447,0.03
342449,0.0
342450,0.12
342451,0.04
342454,0.51
342455,0.13
342467,0.01
342476,0.37
342481,0.17
342498,0.04
342503,0.01
342510,0.0
342513,0.01
342523,0.0
342527,0.05
342555,0.15
342566,0.14
342584,0.04
342593,0.08
342600,0.02
342611,0.11
342614,0.03
342637,0.01
342639,0.03
342656,0.03
342669,0.04
342684,0.15
342686,0.15
342690,0.24
342693,0.02
342701,0.26
342702,0.35
342703,0.1
342706,0.02
342711,0.01
342730,0.11
342744,0.07
342753,0.45
342769,0.05
342779,0.06
342788,0.08
342792,0.0
342794,0.14
342795,0.04
342799,0.13
342802,0.27
342803,0.2
342812,0.09
342820,0.11
342824,0.01
342835,0.16
342836,0.06
342851,0.24
342860,0.2
342862,0.12
342870,0.15
342873,0.03
342894,0.0
342916,0.01
342950,0.03
342970,0.03
342971,0.01
342980,0.01
342981,0.03
343004,0.03
343044,0.0
343045,0.23
343072,0.16
343078,0.0
343080,0.19
343085,0.03
343126,0.0
343137,0.18
343139,0.06
343144,0.17
343155,0.02
343163,0.12
343165,0.06
343190,0.11
343205,0.0
343221,0.03
343226,0.02
343233,0.09
343236,0.04
343241,0.01
343245,0.17
343256,0.24
343260,0.09
343276,0.12
343298,0.09
343299,0.07
343310,0.04
343312,0.05
343317,0.23
343319,0.01
343324,0.09
343345,0.0
343348,0.07
343354,0.05
343363,0.01
343365,0.3
343376,0.0
343380,0.28
343401,0.0
343412,0.07
343414,0.06
343415,0.01
343418,0.09
343419,0.14
343421,0.05
343423,0.12
343432,0.03
343436,0.05
343440,0.22
343458,0.07
343470,0.08
343471,0.0
343480,0.01
343484,0.0
343492,0.26
343500,0.06
343503,0.0
343522,0.12
343525,0.02
343562,0.12
343577,0.02
343580,0.12
343591,0.0
343594,0.18
343602,0.06
343611,0.0
343615,0.11
343639,0.0
343643,0.01
343645,0.09
343647,0.06
343669,0.0
343683,0.12
343702,0.27
343703,0.03
343704,0.02
343710,0.0
343724,0.24
343730,0.02
343742,0.29
343743,0.06
343745,0.07
343775,0.04
343783,0.07
343794,0.03
343795,0.0
343816,0.04
343820,0.06
343823,0.15
343836,0.04
343845,0.08
343888,0.14
343893,0.05
343898,0.05
343914,0.03
343918,0.08
343920,0.03
343928,0.11
343931,0.2
343968,0.03
343990,0.11
343991,0.05
343996,0.17
344002,0.06
344004,0.09
344008,0.07
344011,0.01
344013,0.1
344014,0.4
344015,0.06
344016,0.03
344019,0.07
344026,0.01
344027,0.07
344029,0.03
344039,0.11
344041,0.22
344042,0.06
344047,0.1
344053,0.61
344055,0.16
344060,0.13
344064,0.0
344067,0.13
344080,0.01
344083,0.09
344088,0.05
344090,0.08
344093,0.05
344099,0.11
344113,0.03
344114,0.06
344119,0.04
344121,0.02
344135,0.03
344138,0.07
344159,0.18
344172,0.05
344176,0.09
344192,0.07
344202,0.05
344219,0.03
344225,0.09
344229,0.17
344240,0.02
344241,0.02
344249,0.03
344252,0.33
344256,0.11
344260,0.05
344264,0.01
344267,0.01
344275,0.06
344283,0.0
344292,0.07
344296,0.11
344297,0.05
344299,0.07
344303,0.17
344313,0.01
344315,0.05
344317,0.07
344323,0.18
344328,0.35
344339,0.14
344343,0.02
344345,0.04
344356,0.09
344358,0.01
344359,0.07
344366,0.09
344370,0.1
344382,0.01
344383,0.02
344386,0.09
344388,0.47
344393,0.0
344395,0.12
344401,0.03
344402,0.04
344404,0.04
344422,0.02
344427,0.03
344433,0.0
344444,0.01
344454,0.09
344460,0.04
344480,0.05
344483,0.0
344488,0.13
344496,0.16
344504,0.13
344516,0.09
344524,0.09
344540,0.01
344542,0.05
344550,0.01
344558,0.01
344561,0.03
344568,0.3
344571,0.0
344621,0.16
344633,0.24
344635,0.04
344660,0.15
344662,0.04
344681,0.0
344683,0.48
344685,0.07
344716,0.33
344726,0.06
344749,0.06
344750,0.13
344752,0.15
344760,0.01
344762,0.09
344768,0.15
344770,0.21
344772,0.43
344778,0.03
344783,0.02
344793,0.03
344814,0.03
344815,0.02
344818,0.01
344819,0.04
344826,0.18
344828,0.4
344835,0.01
344864,0.0
344869,0.11
344875,0.09
344883,0.13
344885,0.03
344887,0.04
344889,0.08
344892,0.41
344895,0.02
344913,0.02
344934,0.0
344939,0.06
344947,0.2
344964,0.31
344969,0.0
344973,0.07
344977,0.1
344978,0.07
344991,0.08
345010,0.06
345011,0.04
345012,0.37
345020,0.09
345021,0.01
345042,0.0
345046,0.12
345070,0.05
345078,0.11
345085,0.0
345087,0.02
345093,0.01
345094,0.17
345097,0.11
345107,0.0
345109,0.16
345117,0.04
345118,0.01
345126,0.1
345142,0.2
345143,0.02
345149,0.15
345150,0.01
345154,0.48
345174,0.0
345184,0.27
345193,0.01
345196,0.02
345202,0.12
345207,0.21
345209,0.1
345211,0.2
345212,0.33
345213,0.23
345218,0.01
345228,0.0
345234,0.02
345251,0.05
345252,0.03
345260,0.05
345269,0.0
345275,0.07
345300,0.02
345305,0.05
345306,0.16
345310,0.01
345315,0.26
345324,0.0
345329,0.16
345359,0.17
345360,0.12
345364,0.02
345385,0.09
345387,0.0
345390,0.0
345402,0.17
345404,0.02
345405,0.04
345416,0.02
345425,0.21
345432,0.07
345437,0.25
345442,0.01
345450,0.06
345458,0.08
345467,0.2
345468,0.16
345470,0.09
345478,0.02
345479,0.04
345482,0.26
345489,0.03
345492,0.05
345499,0.11
345502,0.01
345515,0.07
345538,0.01
345542,0.01
345548,0.0
345550,0.1
345552,0.03
345557,0.0
345560,0.02
345563,0.07
345564,0.2
345580,0.04
345582,0.05
345583,0.09
345604,0.14
345622,0.02
345630,0.09
345634,0.23
345643,0.03
345646,0.05
345685,0.01
345687,0.0
345694,0.03
345717,0.04
345718,0.02
345726,0.18
345733,0.23
345738,0.04
345754,0.29
345761,0.13
345771,0.16
345778,0.01
345780,0.12
345788,0.09
345796,0.1
345800,0.39
345808,0.14
345812,0.11
345821,0.07
345822,0.06
345843,0.31
345853,0.12
345854,0.07
345857,0.03
345858,0.07
345867,0.04
345884,0.04
345892,0.04
345893,0.03
345896,0.04
345902,0.02
345906,0.05
345913,0.03
345916,0.13
345922,0.02
345923,0.17
345924,0.03
345935,0.08
345941,0.13
345948,0.09
345953,0.07
345958,0.14
345962,0.0
345966,0.01
345973,0.11
345976,0.04
345989,0.05
345999,0.03
346003,0.02
346014,0.07
346027,0.0
346036,0.08
346048,0.01
346052,0.01
346057,0.03
346058,0.05
346064,0.08
346076,0.18
346079,0.02
346081,0.06
346091,0.0
346099,0.08
346104,0.0
346111,0.0
346117,0.33
346118,0.1
346126,0.15
346135,0.16
346141,0.13
346150,0.06
346153,0.12
346155,0.15
346164,0.01
346166,0.47
346173,0.02
346179,0.02
346184,0.0
346188,0.01
346201,0.09
346207,0.01
346213,0.14
346219,0.0
346245,0.01
346271,0.0
346273,0.15
346290,0.11
346300,0.23
346314,0.01
346328,0.01
346329,0.15
346338,0.02
346340,0.01
346341,0.02
346347,0.07
346358,0.15
346362,0.17
346373,0.17
346377,0.35
346379,0.44
346384,0.02
346387,0.02
346392,0.0
346396,0.0
346402,0.14
346405,0.04
346407,0.05
346409,0.0
346414,0.03
346423,0.21
346424,0.15
346428,0.0
346443,0.03
346444,0.0
346446,0.12
346449,0.04
346456,0.0
346476,0.04
346477,0.01
346480,0.1
346492,0.09
346526,0.04
346536,0.15
346539,0.0
346543,0.07
346544,0.03
346546,0.02
346591,0.19
346598,0.08
346599,0.1
346618,0.05
346620,0.01
346623,0.04
346631,0.03
346639,0.0
346657,0.01
346661,0.22
346671,0.1
346672,0.04
346694,0.09
346712,0.18
346714,0.06
346723,0.04
346727,0.16
346729,0.01
346747,0.01
346765,0.04
346775,0.12
346784,0.13
346797,0.02
346799,0.03
346802,0.03
346807,0.06
346822,0.04
346828,0.26
346836,0.09
346838,0.03
346841,0.13
346843,0.09
346848,0.31
346850,0.11
346851,0.08
346855,0.2
346856,0.15
346860,0.1
346870,0.11
346881,0.17
346884,0.03
346887,0.12
346890,0.01
346904,0.13
346912,0.05
346914,0.19
346923,0.02
346924,0.09
346926,0.05
346934,0.01
346936,0.01
346951,0.06
346952,0.02
346970,0.05
346982,0.12
346993,0.0
347013,0.08
347018,0.01
347021,0.11
347031,0.32
347033,0.33
347039,0.06
347045,0.25
347046,0.0
347058,0.03
347071,0.14
347078,0.12
347079,0.01
347097,0.0
347101,0.15
347120,0.04
347121,0.22
347133,0.0
347161,0.07
347163,0.02
347173,0.01
347175,0.09
347181,0.07
347193,0.02
347196,0.23
347204,0.01
347205,0.28
347217,0.24
347229,0.01
347255,0.0
347261,0.05
347266,0.05
347283,0.09
347286,0.04
347302,0.0
347304,0.02
347321,0.01
347323,0.08
347331,0.15
347340,0.02
347350,0.04
347374,0.01
347379,0.09
347404,0.04
347415,0.03
347438,0.17
347439,0.02
347443,0.18
347450,0.1
347456,0.01
347458,0.19
347463,0.06
347471,0.02
347476,0.11
347482,0.0
347483,0.06
347492,0.03
347498,0.06
347499,0.11
347501,0.0
347521,0.04
347527,0.0
347531,0.05
347540,0.05
347556,0.05
347575,0.02
347579,0.02
347581,0.02
347583,0.1
347611,0.06
347614,0.24
347621,0.09
347629,0.13
347639,0.09
347642,0.0
347650,0.03
347665,0.03
347674,0.04
347678,0.3
347689,0.13
347690,0.03
347708,0.09
347712,0.31
347722,0.15
347728,0.01
347734,0.1
347736,0.04
347747,0.01
347748,0.01
347753,0.15
347755,0.26
347756,0.04
347757,0.0
347763,0.14
347770,0.19
347771,0.11
347784,0.08
347792,0.02
347793,0.08
347801,0.06
347808,0.39
347821,0.15
347824,0.08
347829,0.1
347841,0.29
347845,0.02
347846,0.58
347853,0.18
347854,0.02
347858,0.05
347859,0.03
347864,0.01
347869,0.04
347876,0.06
347880,0.04
347884,0.04
347888,0.02
347893,0.0
347900,0.07
347902,0.04
347910,0.0
347912,0.0
347915,0.12
347916,0.06
347919,0.01
347923,0.07
347952,0.49
348002,0.09
348003,0.11
348008,0.01
348014,0.02
348027,0.16
348031,0.02
348051,0.04
348060,0.12
348064,0.1
348066,0.04
348069,0.18
348077,0.04
348081,0.01
348087,0.02
348088,0.04
348094,0.18
348100,0.1
348119,0.0
348122,0.15
348141,0.07
348145,0.0
348154,0.0
348158,0.05
348163,0.05
348176,0.24
348177,0.04
348181,0.11
348190,0.0
348195,0.05
348197,0.2
348200,0.0
348209,0.08
348216,0.01
348217,0.13
348223,0.42
348228,0.02
348230,0.08
348249,0.06
348251,0.11
348261,0.01
348264,0.02
348271,0.0
348273,0.14
348280,0.08
348283,0.18
348285,0.15
348306,0.04
348312,0.12
348327,0.02
348328,0.2
348344,0.06
348358,0.02
348361,0.09
348362,0.07
348364,0.0
348370,0.02
348380,0.06
348400,0.05
348420,0.13
348428,0.1
348430,0.01
348445,0.11
348460,0.09
348462,0.08
348465,0.14
348481,0.01
348482,0.04
348485,0.03
348491,0.13
348492,0.35
348522,0.04
348531,0.15
348536,0.11
348546,0.28
348547,0.15
348548,0.1
348551,0.02
348554,0.19
348564,0.04
348571,0.18
348577,0.06
348593,0.16
348595,0.39
348606,0.0
348621,0.11
348630,0.06
348633,0.43
348644,0.07
348646,0.1
348680,0.08
348692,0.04
348698,0.27
348703,0.27
348712,0.03
348726,0.3
348727,0.02
348731,0.02
348733,0.04
348747,0.07
348753,0.09
348756,0.05
348760,0.04
348771,0.07
348785,0.04
348789,0.02
348793,0.0
348797,0.02
348799,0.01
348811,0.07
348812,0.01
348818,0.02
348822,0.17
348833,0.4
348849,0.06
348875,0.03
348878,0.02
348879,0.03
348884,0.16
348887,0.03
348890,0.07
348901,0.09
348911,0.04
348936,0.01
348941,0.09
348949,0.08
348950,0.01
348952,0.06
348954,0.02
348971,0.06
348979,0.24
348985,0.0
348989,0.03
348999,0.03
349006,0.09
349013,0.1
349015,0.05
349024,0.02
349033,0.06
349047,0.01
349060,0.05
349065,0.06
349071,0.47
349081,0.0
349088,0.09
349093,0.02
349101,0.09
349107,0.05
349113,0.03
349123,0.28
349125,0.05
349129,0.11
349131,0.07
349132,0.01
349163,0.16
349168,0.03
349172,0.15
349187,0.01
349192,0.32
349193,0.07
349203,0.01
349227,0.1
349234,0.26
349248,0.15
349249,0.17
349254,0.05
349259,0.05
349265,0.23
349276,0.08
349281,0.0
349283,0.08
349288,0.06
349297,0.01
349299,0.04
349304,0.0
349306,0.02
349310,0.11
349314,0.05
349320,0.09
349326,0.01
349329,0.04
349337,0.49
349357,0.03
349363,0.01
349374,0.03
349375,0.24
349394,0.06
349399,0.06
349404,0.01
349419,0.06
349422,0.12
349425,0.08
349432,0.07
349433,0.04
349436,0.0
349437,0.04
349439,0.02
349484,0.08
349488,0.08
349490,0.0
349538,0.19
349541,0.01
349543,0.02
349552,0.05
349560,0.13
349565,0.09
349570,0.0
349586,0.09
349589,0.34
349592,0.08
349596,0.11
349598,0.02
349601,0.14
349608,0.29
349615,0.05
349645,0.03
349654,0.04
349671,0.0
349679,0.06
349693,0.3
349706,0.32
349707,0.02
349708,0.06
349719,0.24
349727,0.05
349730,0.01
349735,0.19
349744,0.09
349745,0.03
349760,0.12
349765,0.14
349778,0.08
349787,0.08
349802,0.06
349812,0.16
349815,0.05
349847,0.23
349854,0.02
349855,0.08
349872,0.05
349873,0.02
349874,0.2
349886,0.09
349887,0.2
349911,0.04
349916,0.03
349920,0.29
349921,0.06
349929,0.09
349931,0.04
349935,0.0
349939,0.04
349960,0.07
349967,0.17
349969,0.31
349971,0.2
349977,0.0
349979,0.02
349981,0.14
349982,0.09
349992,0.0
349994,0.06
350005,0.0
350006,0.0
350009,0.14
350017,0.04
350021,0.0
350023,0.13
350032,0.02
350033,0.04
350036,0.22
350037,0.02
350048,0.5
350052,0.04
350063,0.07
350077,0.04
350078,0.09
350086,0.21
350087,0.0
350107,0.06
350110,0.0
350114,0.38
350119,0.37
350139,0.0
350154,0.0
350174,0.27
350177,0.13
350190,0.12
350193,0.08
350203,0.02
350206,0.08
350210,0.12
350225,0.02
350242,0.02
350264,0.15
350273,0.05
350277,0.04
350283,0.0
350286,0.06
350288,0.06
350290,0.18
350293,0.08
350310,0.04
350327,0.29
350330,0.02
350334,0.29
350340,0.0
350342,0.07
350344,0.08
350370,0.03
350372,0.02
350376,0.06
350387,0.01
350389,0.03
350395,0.37
350397,0.22
350433,0.05
350436,0.16
350442,0.0
350445,0.0
350446,0.11
350457,0.43
350480,0.0
350481,0.09
350484,0.15
350494,0.05
350511,0.02
350529,0.03
350531,0.0
350535,0.1
350539,0.01
350543,0.08
350544,0.03
350550,0.11
350558,0.06
350569,0.29
350571,0.11
350577,0.12
350582,0.11
350585,0.03
350596,0.17
350598,0.05
350599,0.18
350602,0.08
350612,0.03
350621,0.09
350626,0.08
350628,0.0
350638,0.12
350646,0.09
350652,0.05
350665,0.16
350671,0.02
350677,0.1
350694,0.31
350697,0.18
350699,0.13
350703,0.07
350705,0.21
350708,0.02
350724,0.22
350731,0.03
350740,0.0
350745,0.22
350749,0.06
350754,0.1
350757,0.01
350764,0.04
350766,0.04
350779,0.17
350794,0.23
350805,0.01
350810,0.03
350817,0.05
350825,0.09
350829,0.0
350832,0.0
350841,0.02
350855,0.11
350862,0.03
350867,0.04
350871,0.04
350874,0.13
350891,0.02
350895,0.03
350898,0.04
350899,0.01
350902,0.02
350913,0.09
350916,0.0
350933,0.01
350944,0.04
350954,0.11
350959,0.04
350965,0.0
350969,0.07
350984,0.01
350997,0.09
350999,0.1
351002,0.19
351008,0.09
351014,0.04
351025,0.04
351026,0.04
351046,0.3
351048,0.02
351070,0.05
351073,0.01
351079,0.04
351085,0.14
351091,0.02
351094,0.01
351115,0.03
351117,0.02
351126,0.11
351142,0.0
351151,0.01
351171,0.01
351178,0.0
351186,0.04
351194,0.21
351201,0.01
351223,0.05
351225,0.18
351226,0.05
351227,0.27
351240,0.09
351243,0.03
351244,0.24
351245,0.06
351248,0.04
351252,0.42
351259,0.11
351265,0.04
351291,0.06
351292,0.11
351294,0.13
351298,0.0
351303,0.05
351311,0.03
351326,0.0
351331,0.06
351338,0.05
351339,0.05
351364,0.32
351380,0.06
351383,0.13
351385,0.02
351386,0.08
351389,0.07
351392,0.24
351393,0.18
351407,0.08
351419,0.02
351422,0.07
351423,0.16
351430,0.02
351446,0.04
351454,0.04
351458,0.15
351461,0.02
351489,0.06
351495,0.0
351520,0.11
351526,0.37
351535,0.02
351541,0.08
351567,0.08
351580,0.3
351581,0.19
351584,0.03
351587,0.03
351589,0.0
351593,0.17
351616,0.06
351619,0.03
351625,0.07
351626,0.0
351635,0.08
351641,0.12
351655,0.02
351658,0.01
351669,0.1
351670,0.0
351671,0.0
351680,0.08
351687,0.06
351699,0.0
351722,0.02
351725,0.2
351740,0.16
351747,0.05
351758,0.02
351771,0.08
351780,0.19
351786,0.01
351789,0.11
351796,0.22
351801,0.01
351814,0.12
351817,0.15
351819,0.16
351825,0.1
351830,0.3
351831,0.06
351834,0.1
351836,0.01
351837,0.13
351838,0.07
351839,0.3
351846,0.39
351863,0.04
351864,0.05
351880,0.05
351887,0.07
351891,0.13
351892,0.11
351898,0.15
351907,0.0
351916,0.07
351936,0.02
351937,0.02
351945,0.0
351957,0.0
351958,0.02
351962,0.1
351967,0.19
351970,0.01
351973,0.04
351978,0.03
351984,0.03
351989,0.12
351992,0.04
352015,0.11
352036,0.0
352043,0.01
352049,0.04
352053,0.11
352056,0.0
352058,0.06
352064,0.08
352065,0.01
352075,0.06
352092,0.11
352096,0.09
352097,0.01
352102,0.01
352103,0.04
352117,0.04
352119,0.02
352139,0.13
352145,0.02
352158,0.11
352198,0.03
352199,0.07
352200,0.03
352205,0.06
352241,0.05
352244,0.04
352258,0.06
352260,0.11
352266,0.02
352273,0.03
352283,0.03
352303,0.07
352304,0.01
352351,0.02
352353,0.19
352379,0.0
352389,0.42
352390,0.07
352391,0.11
352403,0.05
352407,0.02
352409,0.34
352421,0.0
352425,0.01
352447,0.0
352450,0.01
352451,0.16
352457,0.02
352468,0.08
352482,0.01
352495,0.0
352501,0.08
352506,0.39
352508,0.07
352522,0.05
352528,0.03
352539,0.04
352540,0.04
352551,0.17
352560,0.02
352561,0.13
352565,0.19
352566,0.0
352584,0.22
352592,0.0
352626,0.05
352650,0.09
352655,0.01
352668,0.39
352670,0.0
352685,0.19
352690,0.06
352692,0.09
352694,0.04
352700,0.07
352701,0.1
352708,0.22
352711,0.21
352734,0.04
352738,0.06
352742,0.04
352745,0.34
352746,0.01
352751,0.11
352762,0.04
352767,0.05
352768,0.18
352785,0.01
352788,0.01
352795,0.03
352814,0.14
352825,0.09
352827,0.01
352828,0.01
352830,0.11
352850,0.02
352890,0.0
352901,0.01
352907,0.02
352909,0.06
352913,0.01
352925,0.07
352927,0.06
352928,0.11
352938,0.09
352942,0.0
352943,0.18
352952,0.0
352958,0.01
352962,0.03
352967,0.11
352972,0.05
352988,0.01
352991,0.05
353002,0.0
353008,0.1
353011,0.02
353014,0.0
353018,0.0
353023,0.05
353029,0.0
353031,0.03
353035,0.11
353037,0.09
353042,0.01
353054,0.01
353078,0.09
353122,0.03
353123,0.02
353140,0.07
353145,0.06
353167,0.01
353177,0.07
353179,0.03
353185,0.13
353194,0.25
353195,0.08
353208,0.09
353210,0.03
353214,0.24
353215,0.03
353240,0.16
353241,0.16
353247,0.01
353259,0.08
353262,0.33
353264,0.24
353278,0.01
353279,0.15
353280,0.1
353287,0.15
353288,0.05
353290,0.0
353299,0.0
353314,0.17
353328,0.12
353340,0.04
353350,0.04
353352,0.07
353364,0.28
353371,0.03
353373,0.13
353374,0.06
353389,0.04
353395,0.07
353419,0.46
353427,0.0
353441,0.18
353454,0.0
353469,0.19
353475,0.26
353481,0.0
353483,0.07
353484,0.25
353488,0.07
353496,0.0
353504,0.0
353505,0.09
353509,0.01
353527,0.12
353574,0.03
353585,0.06
353595,0.04
353598,0.02
353602,0.1
353610,0.08
353618,0.08
353625,0.01
353626,0.12
353631,0.0
353635,0.06
353654,0.02
353682,0.04
353688,0.08
353695,0.05
353711,0.02
353724,0.22
353729,0.03
353732,0.0
353749,0.12
353750,0.02
353752,0.11
353761,0.0
353782,0.03
353784,0.4
353801,0.02
353809,0.12
353812,0.12
353814,0.02
353821,0.04
353832,0.02
353845,0.12
353860,0.01
353863,0.01
353867,0.16
353876,0.11
353905,0.03
353923,0.04
353934,0.0
353943,0.02
353945,0.03
353973,0.16
353995,0.0
354001,0.03
354003,0.02
354011,0.01
354020,0.08
354024,0.18
354027,0.04
354031,0.13
354036,0.07
354037,0.01
354039,0.05
354044,0.01
354058,0.0
354071,0.04
354080,0.15
354084,0.01
354085,0.01
354089,0.01
354099,0.11
354100,0.0
354104,0.0
354106,0.06
354107,0.2
354111,0.0
354114,0.06
354115,0.15
354122,0.17
354130,0.01
354139,0.04
354140,0.01
354145,0.06
354149,0.0
354167,0.11
354173,0.16
354176,0.02
354178,0.03
354182,0.15
354184,0.07
354186,0.0
354192,0.22
354209,0.1
354214,0.04
354218,0.12
354230,0.29
354251,0.0
354257,0.04
354264,0.32
354265,0.0
354267,0.06
354272,0.01
354273,0.08
354285,0.02
354298,0.18
354309,0.02
354312,0.17
354320,0.13
354322,0.09
354327,0.16
354333,0.09
354335,0.05
354344,0.04
354355,0.0
354358,0.02
354365,0.0
354368,0.04
354377,0.07
354386,0.03
354390,0.0
354394,0.02
354398,0.01
354402,0.05
354403,0.03
354406,0.28
354414,0.03
354421,0.08
354430,0.04
354445,0.41
354470,0.0
354479,0.06
354481,0.01
354483,0.28
354497,0.04
354511,0.14
354533,0.0
354549,0.32
354561,0.3
354570,0.02
354571,0.05
354577,0.13
354586,0.04
354598,0.14
354601,0.03
354602,0.06
354603,0.03
354606,0.06
354612,0.09
354613,0.02
354616,0.06
354624,0.01
354625,0.33
354636,0.13
354639,0.06
354640,0.03
354644,0.03
354650,0.05
354666,0.16
354673,0.09
354674,0.04
354677,0.01
354684,0.13
354694,0.36
354698,0.05
354708,0.04
354709,0.01
354720,0.08
354738,0.17
354740,0.03
354757,0.13
354768,0.0
354775,0.03
354776,0.05
354792,0.13
354803,0.14
354809,0.07
354817,0.03
354818,0.07
354830,0.04
354832,0.15
354838,0.07
354839,0.02
354851,0.06
354861,0.07
354865,0.38
354890,0.13
354893,0.12
354898,0.0
354900,0.15
354910,0.25
354913,0.02
354937,0.04
354942,0.0
354953,0.0
354956,0.05
354958,0.09
354960,0.07
354984,0.16
354993,0.05
355017,0.27
355025,0.02
355026,0.0
355041,0.18
355043,0.05
355048,0.06
355057,0.0
355071,0.06
355075,0.01
355081,0.02
355083,0.26
355090,0.07
355105,0.05
355107,0.06
355108,0.07
355109,0.15
355114,0.02
355117,0.06
355127,0.04
355148,0.01
355174,0.17
355180,0.07
355181,0.0
355184,0.02
355201,0.03
355207,0.07
355209,0.24
355217,0.02
355218,0.04
355237,0.0
355239,0.04
355241,0.12
355243,0.54
355250,0.33
355275,0.01
355282,0.04
355284,0.01
355287,0.09
355293,0.18
355296,0.02
355305,0.08
355312,0.2
355320,0.08
355327,0.0
355328,0.0
355333,0.02
355335,0.04
355336,0.14
355337,0.12
355338,0.07
355341,0.01
355355,0.11
355358,0.01
355360,0.27
355372,0.06
355382,0.01
355385,0.15
355393,0.22
355404,0.05
355408,0.04
355417,0.02
355418,0.09
355431,0.0
355434,0.0
355445,0.02
355502,0.06
355503,0.25
355511,0.05
355517,0.16
355519,0.12
355524,0.02
355536,0.1
355549,0.16
355550,0.1
355560,0.1
355569,0.01
355571,0.01
355572,0.08
355575,0.09
355578,0.04
355584,0.11
355588,0.06
355592,0.15
355604,0.04
355638,0.02
355646,0.0
355649,0.04
355656,0.06
355657,0.02
355666,0.0
355681,0.09
355697,0.06
355700,0.02
355701,0.06
355703,0.11
355704,0.32
355708,0.04
355736,0.04
355743,0.08
355769,0.07
355773,0.19
355781,0.04
355785,0.05
355786,0.52
355798,0.13
355817,0.03
355819,0.06
355826,0.05
355842,0.1
355846,0.09
355855,0.05
355870,0.11
355873,0.0
355874,0.12
355876,0.1
355877,0.03
355880,0.07
355920,0.09
355922,0.0
355930,0.13
355935,0.02
355942,0.14
355963,0.07
355971,0.05
355973,0.08
355980,0.02
355981,0.11
355984,0.09
355987,0.1
355996,0.18
355997,0.06
356013,0.52
356016,0.08
356025,0.07
356027,0.01
356035,0.04
356036,0.06
356038,0.14
356041,0.09
356057,0.04
356063,0.06
356077,0.03
356080,0.06
356086,0.0
356102,0.13
356106,0.17
356118,0.06
356140,0.04
356150,0.36
356153,0.01
356159,0.05
356163,0.02
356164,0.04
356168,0.15
356169,0.03
356170,0.06
356199,0.11
356211,0.01
356220,0.02
356246,0.08
356249,0.08
356255,0.09
356258,0.11
356262,0.02
356273,0.0
356279,0.12
356281,0.05
356308,0.08
356324,0.21
356327,0.07
356328,0.05
356331,0.04
356336,0.06
356345,0.07
356382,0.12
356395,0.14
356399,0.14
356400,0.05
356413,0.03
356414,0.17
356418,0.04
356427,0.02
356433,0.0
356439,0.04
356444,0.01
356475,0.04
356480,0.17
356482,0.02
356497,0.0
356512,0.05
356517,0.13
356536,0.02
356539,0.11
356551,0.03
356556,0.15
356558,0.11
356559,0.01
356563,0.0
356578,0.01
356583,0.25
356584,0.29
356592,0.02
356594,0.01
356596,0.05
356597,0.02
356598,0.26
356602,0.01
356609,0.06
356624,0.1
356626,0.13
356627,0.06
356641,0.12
356648,0.02
356649,0.09
356650,0.01
356651,0.0
356659,0.03
356676,0.23
356687,0.22
356689,0.09
356698,0.08
356726,0.01
356732,0.11
356741,0.08
356742,0.02
356746,0.06
356750,0.18
356754,0.19
356760,0.06
356762,0.03
356763,0.03
356777,0.14
356784,0.12
356795,0.12
356801,0.02
356802,0.07
356808,0.07
356813,0.22
356816,0.09
356818,0.1
356825,0.05
356828,0.05
356836,0.05
356854,0.02
356857,0.08
356865,0.04
356873,0.1
356879,0.02
356880,0.01
356885,0.27
356889,0.03
356903,0.01
356905,0.03
356913,0.05
356916,0.09
356939,0.03
356944,0.11
356952,0.23
356958,0.19
356963,0.04
356967,0.0
356970,0.2
356977,0.01
356980,0.07
356981,0.0
356983,0.1
356998,0.27
357005,0.09
357022,0.04
357032,0.58
357033,0.12
357035,0.05
357047,0.09
357054,0.01
357057,0.2
357069,0.14
357096,0.11
357102,0.08
357118,0.0
357124,0.05
357137,0.04
357138,0.08
357149,0.08
357151,0.02
357157,0.09
357158,0.09
357162,0.0
357163,0.05
357171,0.0
357175,0.01
357192,0.0
357200,0.15
357204,0.09
357206,0.15
357215,0.19
357221,0.0
357228,0.05
357247,0.05
357249,0.04
357268,0.05
357270,0.03
357279,0.11
357287,0.02
357293,0.04
357306,0.09
357308,0.26
357321,0.0
357326,0.32
357340,0.0
357342,0.11
357352,0.08
357361,0.03
357368,0.11
357370,0.03
357377,0.02
357382,0.0
357383,0.07
357384,0.18
357398,0.01
357415,0.02
357420,0.14
357439,0.08
357440,0.09
357458,0.03
357464,0.15
357467,0.11
357469,0.12
357472,0.06
357489,0.05
357504,0.03
357522,0.15
357527,0.0
357547,0.2
357550,0.04
357558,0.05
357559,0.17
357562,0.03
357572,0.06
357583,0.17
357585,0.39
357598,0.14
357607,0.06
357613,0.0
357627,0.0
357630,0.11
357631,0.5
357680,0.02
357694,0.01
357698,0.1
357699,0.0
357707,0.04
357732,0.0
357748,0.01
357755,0.07
357767,0.03
357786,0.0
357791,0.02
357799,0.01
357824,0.0
357830,0.0
357832,0.27
357840,0.03
357863,0.12
357865,0.01
357868,0.46
357869,0.04
357878,0.02
357886,0.06
357891,0.01
357897,0.09
357915,0.2
357927,0.12
357947,0.08
357958,0.03
357959,0.1
357976,0.08
357992,0.18
357995,0.02
357996,0.09
358020,0.11
358022,0.37
358023,0.03
358029,0.0
358040,0.26
358059,0.16
358071,0.01
358076,0.06
358095,0.02
358096,0.05
358104,0.03
358110,0.06
358122,0.03
358137,0.0
358147,0.22
358149,0.16
358155,0.05
358161,0.03
358163,0.17
358172,0.03
358178,0.17
358183,0.22
358186,0.11
358189,0.01
358198,0.04
358211,0.42
358219,0.07
358220,0.07
358225,0.09
358231,0.01
358233,0.02
358247,0.02
358258,0.05
358264,0.12
358271,0.18
358273,0.05
358275,0.01
358278,0.02
358287,0.13
358309,0.05
358327,0.08
358342,0.01
358348,0.05
358352,0.02
358373,0.25
358384,0.08
358394,0.01
358405,0.3
358409,0.0
358412,0.03
358424,0.21
358427,0.03
358434,0.11
358444,0.06
358448,0.02
358449,0.15
358458,0.01
358472,0.04
358483,0.1
358490,0.09
358503,0.03
358504,0.08
358505,0.0
358512,0.24
358513,0.01
358528,0.09
358532,0.08
358536,0.12
358538,0.07
358559,0.11
358590,0.05
358601,0.09
358627,0.2
358631,0.02
358632,0.06
358640,0.18
358649,0.01
358650,0.03
358653,0.03
358676,0.06
358679,0.05
358695,0.19
358703,0.08
358705,0.0
358710,0.15
358730,0.01
358731,0.1
358735,0.09
358744,0.14
358748,0.11
358750,0.01
358752,0.0
358764,0.04
358777,0.02
358786,0.25
358789,0.08
358805,0.04
358809,0.05
358810,0.0
358824,0.06
358829,0.03
358838,0.16
358840,0.03
358841,0.07
358854,0.04
358873,0.44
358879,0.24
358884,0.09
358885,0.01
358886,0.01
358892,0.04
358895,0.17
358906,0.17
358910,0.04
358911,0.04
358924,0.1
358929,0.17
358937,0.35
358949,0.34
358955,0.02
358956,0.06
358959,0.12
358960,0.13
358969,0.03
358983,0.01
358990,0.15
358992,0.01
358994,0.1
359004,0.12
359015,0.06
359023,0.04
359030,0.0
359032,0.08
359038,0.09
359044,0.01
359049,0.28
359050,0.06
359064,0.01
359095,0.02
359100,0.09
359105,0.02
359116,0.07
359134,0.04
359136,0.33
359143,0.06
359147,0.02
359175,0.0
359182,0.06
359188,0.03
359196,0.03
359198,0.01
359202,0.01
359212,0.03
359229,0.05
359232,0.16
359247,0.1
359258,0.16
359260,0.14
359261,0.11
359262,0.29
359268,0.09
359285,0.11
359293,0.07
359294,0.0
359297,0.03
359299,0.06
359311,0.03
359319,0.01
359320,0.0
359322,0.26
359353,0.01
359355,0.14
359360,0.18
359367,0.09
359369,0.02
359372,0.01
359377,0.03
359381,0.01
359382,0.13
359387,0.09
359389,0.0
359392,0.06
359437,0.21
359438,0.0
359440,0.07
359442,0.02
359455,0.04
359474,0.03
359475,0.16
359480,0.21
359485,0.49
359493,0.13
359497,0.13
359505,0.03
359506,0.02
359516,0.01
359518,0.0
359523,0.04
359547,0.19
359548,0.0
359556,0.05
359577,0.05
359580,0.16
359588,0.04
359590,0.01
359592,0.05
359599,0.12
359609,0.15
359611,0.09
359619,0.04
359623,0.06
359654,0.06
359666,0.16
359669,0.07
359672,0.0
359673,0.43
359677,0.04
359685,0.03
359690,0.07
359697,0.02
359702,0.1
359707,0.1
359711,0.34
359719,0.09
359722,0.07
359726,0.35
359730,0.02
359731,0.02
359741,0.21
359743,0.15
359748,0.09
359753,0.01
359758,0.39
359773,0.01
359780,0.04
359785,0.1
359800,0.03
359806,0.01
359809,0.03
359822,0.04
359828,0.24
359847,0.18
359855,0.06
359858,0.04
359864,0.02
359884,0.04
359886,0.07
359898,0.04
359908,0.32
359921,0.24
359945,0.03
359958,0.0
359964,0.05
359980,0.12
359992,0.1
359994,0.03
360001,0.01
360004,0.01
360009,0.06
360020,0.13
360049,0.13
360058,0.04
360063,0.08
360064,0.01
360074,0.03
360095,0.0
360098,0.02
360099,0.0
360100,0.09
360103,0.06
360106,0.03
360107,0.08
360124,0.03
360126,0.0
360138,0.03
360140,0.02
360141,0.0
360149,0.08
360152,0.28
360165,0.01
360171,0.06
360176,0.16
360183,0.03
360186,0.0
360189,0.06
360191,0.15
360199,0.12
360204,0.0
360205,0.19
360217,0.06
360225,0.2
360231,0.08
360238,0.05
360248,0.54
360249,0.0
360254,0.03
360256,0.1
360257,0.01
360258,0.25
360277,0.15
360279,0.23
360280,0.12
360281,0.15
360283,0.04
360290,0.32
360312,0.04
360316,0.01
360320,0.0
360324,0.05
360333,0.05
360339,0.07
360347,0.02
360359,0.08
360360,0.21
360367,0.07
360372,0.16
360382,0.03
360386,0.11
360400,0.0
360411,0.1
360412,0.08
360415,0.02
360419,0.08
360421,0.11
360427,0.02
360429,0.06
360438,0.01
360439,0.02
360445,0.06
360454,0.09
360458,0.0
360467,0.04
360469,0.01
360471,0.02
360472,0.04
360475,0.11
360478,0.16
360479,0.1
360480,0.21
360484,0.07
360496,0.03
360504,0.01
360517,0.05
360518,0.03
360526,0.0
360530,0.05
360535,0.03
360538,0.08
360539,0.05
360545,0.09
360569,0.07
360579,0.18
360580,0.05
360611,0.0
360612,0.06
360626,0.0
360628,0.0
360631,0.02
360633,0.01
360640,0.03
360643,0.3
360645,0.02
360663,0.0
360666,0.07
360678,0.01
360683,0.0
360707,0.09
360715,0.04
360723,0.07
360727,0.02
360733,0.03
360746,0.0
360759,0.07
360767,0.19
360769,0.01
360770,0.02
360779,0.03
360791,0.07
360792,0.0
360801,0.13
360812,0.1
360814,0.0
360828,0.03
360830,0.14
360837,0.1
360838,0.04
360844,0.3
360860,0.06
360864,0.03
360871,0.01
360872,0.14
360877,0.22
360880,0.02
360881,0.01
360882,0.02
360884,0.0
360885,0.05
360889,0.15
360893,0.03
360898,0.01
360933,0.15
360941,0.04
360942,0.05
360943,0.01
360960,0.02
360973,0.01
360979,0.08
360987,0.03
360988,0.05
360999,0.01
361001,0.1
361005,0.2
361007,0.03
361024,0.01
361028,0.06
361051,0.01
361072,0.0
361086,0.17
361093,0.32
361098,0.01
361124,0.04
361130,0.04
361132,0.16
361133,0.04
361135,0.06
361148,0.44
361150,0.03
361152,0.02
361154,0.11
361158,0.02
361171,0.03
361175,0.06
361177,0.0
361195,0.03
361200,0.02
361203,0.21
361205,0.02
361214,0.3
361217,0.07
361226,0.05
361232,0.01
361236,0.13
361249,0.0
361251,0.06
361252,0.23
361284,0.16
361289,0.11
361297,0.04
361304,0.16
361311,0.01
361334,0.09
361339,0.05
361340,0.0
361348,0.16
361352,0.05
361354,0.09
361355,0.14
361370,0.04
361390,0.05
361392,0.02
361397,0.16
361402,0.07
361405,0.27
361406,0.08
361426,0.0
361431,0.08
361440,0.01
361451,0.26
361469,0.1
361473,0.01
361497,0.2
361511,0.0
361515,0.03
361525,0.01
361540,0.04
361557,0.07
361560,0.09
361565,0.03
361569,0.07
361570,0.06
361578,0.03
361580,0.16
361585,0.22
361589,0.03
361591,0.0
361599,0.12
361603,0.01
361605,0.11
361606,0.24
361615,0.07
361622,0.06
361627,0.01
361632,0.17
361636,0.06
361637,0.07
361638,0.12
361639,0.01
361651,0.18
361662,0.2
361684,0.06
361693,0.06
361697,0.19
361710,0.03
361713,0.26
361729,0.01
361785,0.0
361796,0.09
361805,0.16
361811,0.12
361812,0.03
361819,0.33
361828,0.05
361833,0.09
361836,0.04
361839,0.03
361855,0.03
361866,0.05
361870,0.02
361873,0.09
361885,0.12
361896,0.07
361913,0.01
361919,0.08
361932,0.15
361933,0.07
361935,0.23
361939,0.04
361946,0.03
361947,0.02
361949,0.06
361951,0.63
361962,0.09
361972,0.29
361975,0.02
361989,0.09
362004,0.03
362012,0.0
362014,0.02
362016,0.06
362028,0.25
362033,0.05
362034,0.05
362038,0.07
362052,0.04
362061,0.0
362063,0.06
362070,0.06
362072,0.04
362075,0.1
362079,0.03
362086,0.0
362091,0.32
362094,0.34
362101,0.01
362112,0.02
362115,0.17
362117,0.05
362121,0.07
362128,0.15
362130,0.19
362135,0.17
362142,0.02
362146,0.02
362149,0.03
362157,0.02
362165,0.02
362166,0.04
362167,0.0
362173,0.09
362187,0.03
362197,0.15
362206,0.14
362207,0.0
362210,0.0
362216,0.06
362219,0.1
362221,0.12
362224,0.03
362228,0.07
362236,0.03
362242,0.12
362251,0.07
362252,0.09
362257,0.05
362284,0.04
362286,0.13
362298,0.04
362300,0.1
362306,0.0
362308,0.42
362315,0.01
362318,0.14
362322,0.02
362332,0.11
362338,0.04
362341,0.27
362347,0.06
362348,0.1
362361,0.3
362365,0.06
362369,0.1
362373,0.0
362376,0.11
362384,0.01
362386,0.11
362387,0.03
362389,0.05
362393,0.07
362412,0.01
362420,0.04
362426,0.18
362432,0.01
362445,0.28
362450,0.02
362452,0.11
362465,0.13
362468,0.14
362474,0.05
362484,0.01
362487,0.15
362512,0.17
362530,0.03
362531,0.06
362552,0.05
362555,0.05
362556,0.02
362563,0.1
362572,0.01
362579,0.01
362580,0.06
362597,0.03
362635,0.01
362637,0.04
362641,0.02
362652,0.03
362657,0.04
362660,0.0
362661,0.02
362671,0.03
362675,0.29
362680,0.05
362682,0.01
362685,0.04
362697,0.02
362700,0.12
362702,0.09
362705,0.3
362707,0.12
362710,0.09
362711,0.1
362718,0.04
362723,0.02
362730,0.0
362742,0.06
362781,0.02
362789,0.74
362790,0.04
362795,0.05
362799,0.02
362800,0.04
362803,0.09
362808,0.04
362814,0.02
362820,0.02
362826,0.08
362831,0.03
362833,0.03
362839,0.15
362852,0.08
362872,0.06
362882,0.03
362885,0.25
362889,0.0
362890,0.03
362891,0.23
362900,0.06
362907,0.03
362908,0.05
362953,0.11
362967,0.05
362982,0.01
363015,0.02
363027,0.05
363035,0.03
363039,0.05
363045,0.03
363048,0.12
363057,0.38
363059,0.37
363063,0.06
363080,0.07
363082,0.1
363090,0.06
363094,0.06
363106,0.02
363114,0.09
363118,0.15
363121,0.06
363128,0.0
363136,0.05
363141,0.05
363142,0.03
363147,0.04
363151,0.06
363153,0.01
363158,0.0
363171,0.0
363174,0.04
363180,0.05
363187,0.02
363191,0.03
363192,0.02
363196,0.04
363199,0.07
363209,0.08
363210,0.15
363212,0.1
363227,0.01
363231,0.15
363232,0.02
363243,0.07
363253,0.01
363285,0.01
363299,0.01
363310,0.02
363311,0.09
363316,0.06
363322,0.16
363329,0.02
363331,0.28
363334,0.02
363339,0.08
363340,0.39
363341,0.01
363343,0.25
363347,0.06
363350,0.04
363377,0.02
363379,0.14
363382,0.02
363386,0.24
363387,0.0
363388,0.01
363391,0.01
363394,0.04
363397,0.01
363405,0.04
363422,0.03
363427,0.16
363455,0.05
363467,0.08
363493,0.05
363508,0.0
363514,0.26
363525,0.04
363530,0.08
363531,0.02
363538,0.02
363539,0.0
363542,0.01
363543,0.03
363551,0.4
363568,0.06
363576,0.24
363580,0.12
363582,0.02
363598,0.08
363601,0.07
363611,0.05
363612,0.03
363618,0.0
363623,0.06
363624,0.08
363642,0.29
363645,0.28
363651,0.4
363657,0.02
363663,0.03
363667,0.01
363687,0.13
363704,0.02
363705,0.13
363717,0.08
363725,0.02
363728,0.0
363733,0.08
363744,0.03
363745,0.03
363756,0.03
363759,0.08
363760,0.13
363762,0.01
363768,0.13
363777,0.16
363782,0.02
363785,0.0
363797,0.19
363815,0.01
363822,0.02
363834,0.07
363842,0.07
363845,0.21
363846,0.12
363849,0.09
363850,0.04
363853,0.09
363859,0.03
363860,0.08
363877,0.1
363881,0.01
363893,0.02
363902,0.29
363903,0.07
363916,0.04
363924,0.16
363940,0.07
363944,0.13
363955,0.06
363960,0.0
363984,0.06
363990,0.12
364009,0.06
364014,0.1
364035,0.04
364043,0.02
364065,0.01
364067,0.0
364068,0.08
364072,0.12
364079,0.1
364094,0.21
364096,0.09
364105,0.08
364109,0.0
364122,0.23
364141,0.03
364146,0.17
364147,0.03
364151,0.1
364152,0.09
364156,0.04
364160,0.13
364171,0.04
364183,0.01
364199,0.01
364206,0.03
364220,0.05
364222,0.01
364224,0.16
364232,0.16
364248,0.11
364251,0.13
364274,0.0
364286,0.09
364289,0.01
364290,0.02
364291,0.03
364292,0.01
364308,0.02
364310,0.14
364311,0.06
364312,0.27
364314,0.12
364337,0.09
364339,0.0
364357,0.41
364359,0.24
364371,0.14
364374,0.35
364378,0.06
364382,0.09
364397,0.02
364401,0.14
364403,0.01
364411,0.06
364413,0.09
364414,0.07
364415,0.05
364418,0.03
364428,0.04
364430,0.0
364436,0.12
364451,0.03
364457,0.1
364461,0.12
364471,0.02
364472,0.03
364481,0.3
364482,0.04
364484,0.62
364492,0.06
364494,0.12
364507,0.03
364508,0.06
364537,0.08
364538,0.12
364539,0.13
364547,0.29
364561,0.09
364586,0.15
364603,0.0
364622,0.02
364660,0.02
364662,0.01
364669,0.23
364698,0.04
364699,0.12
364700,0.03
364702,0.05
364710,0.25
364714,0.03
364731,0.12
364738,0.01
364739,0.03
364743,0.11
364762,0.19
364767,0.16
364775,0.0
364781,0.11
364783,0.03
364796,0.03
364810,0.06
364815,0.2
364823,0.01
364826,0.04
364837,0.16
364839,0.28
364844,0.04
364851,0.13
364853,0.04
364854,0.03
364858,0.02
364872,0.07
364875,0.04
364877,0.08
364878,0.0
364884,0.06
364907,0.02
364911,0.06
364916,0.01
364920,0.01
364927,0.08
364944,0.0
364948,0.14
364950,0.01
364953,0.01
364955,0.03
364959,0.01
364966,0.15
364971,0.05
364979,0.28
364980,0.0
364982,0.25
364984,0.05
364993,0.17
365001,0.01
365030,0.19
365035,0.03
365044,0.14
365046,0.02
365050,0.06
365051,0.11
365054,0.15
365055,0.01
365064,0.08
365069,0.05
365092,0.01
365102,0.21
365109,0.02
365110,0.08
365117,0.06
365120,0.04
365128,0.31
365131,0.12
365136,0.07
365151,0.28
365153,0.13
365154,0.1
365160,0.0
365166,0.07
365171,0.02
365181,0.15
365194,0.13
365210,0.11
365221,0.01
365234,0.04
365252,0.08
365254,0.2
365264,0.0
365276,0.01
365282,0.02
365284,0.01
365290,0.01
365317,0.08
365329,0.13
365353,0.01
365356,0.1
365358,0.02
365374,0.22
365392,0.1
365396,0.01
365408,0.27
365412,0.01
365429,0.06
365431,0.28
365435,0.0
365439,0.04
365473,0.23
365476,0.03
365486,0.07
365497,0.02
365518,0.04
365519,0.01
365520,0.08
365523,0.01
365531,0.07
365532,0.03
365534,0.02
365544,0.06
365552,0.11
365564,0.05
365569,0.0
365570,0.01
365575,0.45
365576,0.1
365585,0.2
365595,0.02
365612,0.02
365613,0.05
365624,0.01
365631,0.04
365634,0.0
365643,0.05
365644,0.2
365663,0.04
365666,0.03
365672,0.12
365676,0.12
365680,0.04
365696,0.02
365699,0.11
365706,0.0
365707,0.02
365711,0.03
365716,0.09
365717,0.01
365718,0.03
365757,0.13
365770,0.03
365776,0.01
365781,0.12
365784,0.04
365787,0.03
365805,0.05
365820,0.01
365831,0.01
365836,0.09
365837,0.13
365859,0.65
365861,0.05
365863,0.08
365872,0.05
365877,0.2
365882,0.06
365893,0.18
365894,0.09
365900,0.05
365910,0.08
365913,0.06
365916,0.04
365923,0.08
365946,0.11
365948,0.06
365951,0.01
365965,0.09
365966,0.23
365975,0.0
365979,0.25
365989,0.05
365991,0.38
365992,0.09
366001,0.11
366010,0.02
366013,0.18
366028,0.16
366036,0.12
366038,0.0
366044,0.01
366048,0.07
366060,0.07
366067,0.06
366071,0.23
366078,0.12
366081,0.01
366082,0.05
366093,0.08
366099,0.1
366103,0.0
366105,0.03
366111,0.07
366112,0.03
366125,0.09
366144,0.19
366147,0.05
366149,0.39
366166,0.18
366168,0.29
366173,0.01
366178,0.06
366180,0.06
366209,0.03
366213,0.08
366214,0.14
366215,0.08
366220,0.04
366226,0.03
366230,0.21
366236,0.03
366245,0.04
366282,0.07
366286,0.08
366295,0.02
366296,0.02
366297,0.07
366300,0.03
366303,0.04
366307,0.22
366314,0.06
366320,0.01
366321,0.07
366327,0.03
366330,0.03
366332,0.12
366334,0.11
366341,0.02
366363,0.03
366367,0.13
366369,0.14
366382,0.14
366394,0.33
366396,0.01
366398,0.19
366406,0.07
366414,0.01
366417,0.05
366419,0.26
366422,0.12
366436,0.02
366442,0.09
366451,0.24
366455,0.04
366458,0.12
366460,0.02
366466,0.01
366473,0.07
366502,0.06
366505,0.26
366526,0.0
366530,0.2
366532,0.03
366539,0.05
366541,0.15
366542,0.05
366553,0.02
366571,0.01
366582,0.02
366583,0.01
366589,0.1
366595,0.08
366606,0.04
366611,0.2
366613,0.06
366615,0.24
366616,0.3
366624,0.36
366632,0.06
366649,0.06
366650,0.09
366657,0.04
366664,0.02
366666,0.08
366674,0.06
366676,0.02
366677,0.07
366688,0.05
366689,0.03
366693,0.18
366696,0.14
366698,0.08
366700,0.01
366703,0.16
366709,0.2
366711,0.0
366725,0.01
366741,0.03
366742,0.01
366747,0.01
366750,0.03
366754,0.12
366762,0.11
366774,0.09
366781,0.11
366784,0.05
366789,0.09
366790,0.16
366797,0.0
366806,0.03
366820,0.0
366845,0.25
366858,0.04
366860,0.02
366874,0.06
366876,0.45
366879,0.02
366884,0.1
366886,0.1
366905,0.23
366908,0.15
366909,0.25
366917,0.17
366921,0.08
366927,0.0
366936,0.1
366952,0.12
366962,0.37
366964,0.31
366965,0.05
366981,0.06
366988,0.01
366992,0.02
366998,0.41
366999,0.02
367017,0.07
367023,0.06
367024,0.03
367025,0.39
367037,0.0
367040,0.03
367043,0.05
367052,0.02
367056,0.06
367064,0.17
367075,0.14
367089,0.1
367098,0.06
367119,0.12
367124,0.1
367134,0.04
367136,0.09
367138,0.03
367153,0.01
367158,0.12
367169,0.03
367179,0.03
367180,0.06
367212,0.01
367216,0.36
367217,0.07
367220,0.0
367224,0.13
367241,0.07
367245,0.12
367256,0.12
367266,0.01
367283,0.12
367290,0.07
367295,0.11
367310,0.02
367315,0.27
367322,0.21
367332,0.02
367338,0.13
367347,0.22
367381,0.2
367383,0.03
367386,0.03
367392,0.03
367399,0.1
367411,0.02
367414,0.01
367436,0.12
367439,0.08
367440,0.13
367465,0.06
367466,0.12
367478,0.18
367479,0.21
367481,0.02
367505,0.05
367515,0.0
367516,0.07
367526,0.08
367527,0.03
367533,0.12
367535,0.07
367545,0.11
367546,0.03
367547,0.05
367555,0.02
367557,0.09
367558,0.03
367573,0.11
367580,0.35
367581,0.02
367582,0.03
367588,0.07
367601,0.04
367617,0.05
367624,0.07
367626,0.09
367632,0.0
367651,0.03
367663,0.02
367674,0.04
367677,0.21
367678,0.01
367691,0.05
367698,0.03
367710,0.06
367712,0.1
367727,0.08
367739,0.08
367740,0.03
367746,0.1
367759,0.02
367770,0.58
367780,0.1
367783,0.17
367787,0.02
367791,0.31
367797,0.19
367799,0.06
367811,0.0
367817,0.02
367827,0.01
367829,0.16
367830,0.09
367837,0.04
367843,0.01
367847,0.01
367849,0.06
367854,0.0
367855,0.01
367862,0.03
367863,0.16
367868,0.06
367873,0.1
367879,0.08
367889,0.22
367890,0.24
367892,0.0
367893,0.01
367895,0.08
367896,0.0
367898,0.03
367903,0.01
367906,0.28
367919,0.0
367927,0.03
367931,0.11
367935,0.1
367945,0.19
367947,0.17
367952,0.11
367958,0.16
367971,0.0
367975,0.31
367983,0.07
367994,0.16
367998,0.16
367999,0.02
368005,0.02
368029,0.07
368034,0.09
368036,0.03
368041,0.07
368064,0.0
368066,0.01
368079,0.06
368082,0.0
368090,0.32
368092,0.01
368097,0.03
368107,0.02
368127,0.08
368129,0.05
368134,0.07
368150,0.1
368166,0.17
368172,0.03
368179,0.02
368185,0.01
368193,0.14
368207,0.19
368251,0.02
368253,0.06
368256,0.03
368257,0.11
368263,0.04
368271,0.24
368273,0.03
368279,0.11
368281,0.19
368282,0.2
368288,0.17
368303,0.16
368315,0.21
368323,0.02
368324,0.0
368326,0.01
368334,0.02
368337,0.08
368351,0.13
368353,0.16
368358,0.05
368389,0.11
368392,0.29
368393,0.4
368415,0.08
368424,0.0
368436,0.0
368448,0.01
368456,0.01
368457,0.08
368465,0.09
368484,0.13
368485,0.07
368487,0.03
368489,0.03
368493,0.09
368509,0.05
368513,0.04
368523,0.11
368530,0.0
368539,0.04
368543,0.43
368544,0.03
368557,0.0
368561,0.08
368577,0.02
368579,0.04
368580,0.08
368583,0.06
368589,0.02
368594,0.07
368598,0.09
368621,0.02
368622,0.01
368627,0.0
368628,0.01
368633,0.24
368638,0.18
368645,0.14
368646,0.17
368652,0.11
368659,0.1
368672,0.24
368679,0.03
368683,0.11
368697,0.16
368702,0.26
368707,0.02
368715,0.52
368740,0.05
368754,0.04
368765,0.03
368770,0.05
368777,0.16
368780,0.17
368782,0.22
368784,0.41
368790,0.08
368792,0.02
368793,0.02
368811,0.0
368816,0.08
368819,0.09
368843,0.0
368853,0.01
368857,0.05
368858,0.11
368887,0.04
368898,0.01
368909,0.19
368919,0.02
368930,0.03
368944,0.18
368949,0.04
368953,0.03
368956,0.0
368959,0.07
368968,0.05
368971,0.03
368974,0.16
368975,0.04
368983,0.0
368991,0.1
368994,0.04
369001,0.1
369004,0.05
369016,0.0
369030,0.0
369047,0.01
369055,0.23
369067,0.02
369068,0.12
369096,0.03
369103,0.03
369105,0.16
369107,0.11
369109,0.02
369130,0.04
369133,0.0
369144,0.03
369150,0.01
369152,0.02
369156,0.07
369180,0.07
369183,0.07
369184,0.32
369186,0.15
369187,0.04
369200,0.02
369201,0.02
369220,0.07
369223,0.07
369233,0.02
369240,0.3
369254,0.01
369264,0.11
369266,0.17
369272,0.09
369283,0.01
369295,0.0
369300,0.01
369302,0.0
369305,0.06
369322,0.0
369334,0.14
369350,0.0
369355,0.06
369361,0.04
369367,0.03
369371,0.05
369373,0.02
369375,0.11
369385,0.01
369394,0.03
369398,0.03
369408,0.0
369413,0.11
369419,0.1
369424,0.11
369439,0.0
369466,0.02
369482,0.02
369494,0.02
369504,0.08
369512,0.1
369528,0.14
369531,0.08
369540,0.02
369547,0.06
369565,0.03
369569,0.02
369581,0.16
369583,0.45
369593,0.0
369601,0.02
369608,0.01
369612,0.15
369615,0.02
369621,0.03
369636,0.01
369648,0.14
369649,0.11
369651,0.0
369659,0.06
369666,0.03
369684,0.05
369686,0.21
369698,0.25
369701,0.08
369712,0.03
369717,0.04
369722,0.04
369732,0.17
369740,0.36
369751,0.06
369755,0.04
369757,0.08
369761,0.16
369767,0.0
369782,0.05
369788,0.09
369790,0.08
369791,0.1
369792,0.01
369803,0.07
369812,0.0
369813,0.32
369827,0.01
369835,0.03
369838,0.02
369839,0.01
369843,0.1
369846,0.02
369860,0.03
369870,0.1
369871,0.13
369872,0.06
369884,0.07
369893,0.0
369901,0.13
369904,0.06
369908,0.15
369910,0.03
369911,0.04
369919,0.05
369920,0.05
369921,0.02
369931,0.06
369935,0.01
369936,0.04
369948,0.04
369953,0.07
369955,0.12
369961,0.02
369964,0.02
369967,0.05
369971,0.29
369983,0.03
369993,0.14
369995,0.05
370012,0.04
370022,0.12
370023,0.03
370027,0.03
370030,0.01
370033,0.22
370037,0.06
370051,0.0
370055,0.05
370077,0.1
370088,0.01
370091,0.0
370114,0.0
370117,0.23
370120,0.14
370122,0.04
370128,0.1
370135,0.0
370144,0.05
370146,0.22
370148,0.01
370150,0.01
370155,0.0
370164,0.02
370179,0.09
370188,0.15
370190,0.0
370199,0.04
370203,0.22
370213,0.02
370216,0.1
370219,0.02
370220,0.44
370224,0.02
370230,0.01
370254,0.12
370255,0.0
370265,0.22
370273,0.01
370288,0.02
370295,0.15
370297,0.05
370319,0.27
370323,0.02
370329,0.22
370330,0.07
370333,0.05
370346,0.01
370354,0.08
370355,0.05
370358,0.2
370362,0.03
370373,0.03
370376,0.02
370379,0.01
370380,0.0
370386,0.14
370392,0.04
370411,0.04
370416,0.01
370432,0.01
370439,0.04
370440,0.04
370445,0.08
370446,0.01
370455,0.06
370473,0.02
370474,0.01
370475,0.01
370482,0.34
370489,0.0
370512,0.06
370518,0.15
370522,0.25
370533,0.05
370538,0.02
370551,0.01
370552,0.09
370556,0.05
370566,0.04
370568,0.0
370573,0.07
370575,0.14
370578,0.02
370582,0.02
370596,0.21
370597,0.06
370599,0.05
370602,0.06
370609,0.02
370632,0.07
370634,0.33
370646,0.02
370666,0.14
370670,0.02
370672,0.0
370675,0.01
370676,0.29
370682,0.03
370685,0.0
370697,0.03
370699,0.03
370701,0.01
370711,0.13
370719,0.22
370728,0.03
370731,0.12
370735,0.05
370749,0.08
370753,0.01
370757,0.0
370763,0.24
370770,0.19
370779,0.16
370794,0.03
370805,0.12
370806,0.06
370808,0.08
370814,0.0
370827,0.11
370833,0.03
370844,0.02
370845,0.03
370850,0.21
370853,0.03
370856,0.13
370858,0.05
370862,0.08
370866,0.22
370874,0.05
370876,0.0
370878,0.18
370881,0.08
370882,0.12
370884,0.33
370887,0.11
370904,0.17
370905,0.15
370913,0.09
370915,0.04
370921,0.04
370922,0.07
370932,0.01
370939,0.11
370953,0.07
370964,0.06
370968,0.04
370969,0.04
370972,0.03
370978,0.03
371000,0.05
371001,0.12
371013,0.05
371053,0.11
371059,0.1
371060,0.07
371065,0.05
371069,0.05
371073,0.16
371084,0.35
371085,0.0
371088,0.12
371099,0.01
371115,0.02
371118,0.48
371127,0.17
371132,0.08
371136,0.04
371139,0.14
371152,0.19
371161,0.12
371162,0.0
371174,0.17
371176,0.07
371182,0.06
371185,0.05
371193,0.11
371197,0.0
371198,0.02
371202,0.0
371207,0.22
371211,0.3
371242,0.05
371243,0.14
371244,0.01
371255,0.03
371258,0.02
371259,0.1
371265,0.02
371274,0.06
371275,0.17
371288,0.17
371291,0.19
371295,0.2
371314,0.08
371322,0.07
371323,0.14
371328,0.02
371332,0.02
371333,0.26
371335,0.0
371342,0.09
371350,0.2
371357,0.41
371365,0.02
371383,0.13
371384,0.03
371385,0.1
371393,0.07
371394,0.02
371397,0.05
371417,0.04
371431,0.05
371433,0.03
371437,0.01
371439,0.23
371445,0.01
371452,0.13
371457,0.23
371469,0.02
371470,0.0
371477,0.01
371500,0.0
371504,0.3
371508,0.14
371514,0.03
371518,0.07
371520,0.21
371521,0.06
371522,0.03
371525,0.02
371530,0.1
371532,0.04
371548,0.19
371561,0.04
371566,0.14
371568,0.12
371571,0.02
371573,0.03
371577,0.19
371587,0.11
371592,0.06
371593,0.11
371595,0.24
371603,0.03
371614,0.03
371616,0.01
371619,0.07
371627,0.63
371641,0.06
371657,0.0
371664,0.01
371693,0.25
371698,0.0
371700,0.0
371707,0.0
371710,0.04
371715,0.09
371722,0.0
371731,0.01
371741,0.12
371744,0.01
371753,0.05
371755,0.0
371760,0.01
371773,0.12
371797,0.02
371807,0.24
371809,0.1
371811,0.01
371815,0.22
371822,0.07
371824,0.09
371828,0.03
371835,0.0
371837,0.01
371840,0.25
371849,0.03
371857,0.07
371860,0.31
371862,0.01
371875,0.02
371896,0.07
371898,0.28
371901,0.14
371903,0.0
371908,0.0
371910,0.0
371944,0.14
371947,0.05
371955,0.06
371963,0.06
371972,0.02
371973,0.07
371978,0.1
371980,0.0
371988,0.08
372020,0.07
372043,0.02
372060,0.05
372070,0.03
372082,0.11
372085,0.28
372090,0.1
372091,0.41
372112,0.1
372115,0.12
372132,0.04
372134,0.2
372136,0.02
372142,0.02
372145,0.13
372146,0.07
372159,0.01
372172,0.08
372179,0.0
372183,0.04
372184,0.02
372192,0.01
372234,0.01
372239,0.09
372244,0.01
372268,0.19
372287,0.05
372289,0.11
372292,0.02
372301,0.08
372315,0.05
372316,0.2
372328,0.16
372337,0.02
372347,0.35
372350,0.01
372381,0.01
372382,0.12
372384,0.06
372393,0.03
372398,0.14
372399,0.13
372400,0.2
372402,0.03
372410,0.11
372415,0.1
372425,0.04
372428,0.16
372430,0.02
372431,0.03
372449,0.04
372452,0.09
372453,0.01
372460,0.04
372463,0.44
372471,0.09
372484,0.04
372486,0.08
372489,0.07
372506,0.0
372513,0.0
372527,0.4
372568,0.36
372596,0.02
372606,0.01
372617,0.0
372618,0.03
372622,0.04
372624,0.04
372633,0.07
372637,0.17
372643,0.07
372644,0.0
372656,0.17
372662,0.0
372664,0.05
372666,0.04
372672,0.04
372674,0.06
372693,0.11
372704,0.05
372719,0.08
372727,0.04
372740,0.05
372745,0.18
372753,0.08
372762,0.02
372764,0.11
372771,0.04
372772,0.07
372789,0.15
372793,0.05
372799,0.16
372806,0.27
372809,0.2
372829,0.12
372848,0.03
372850,0.07
372853,0.02
372854,0.06
372858,0.06
372861,0.07
372863,0.11
372876,0.06
372878,0.04
372893,0.23
372894,0.02
372911,0.06
372912,0.05
372924,0.26
372942,0.06
372946,0.25
372955,0.04
372956,0.18
372957,0.18
372984,0.05
372993,0.01
372995,0.4
372997,0.01
373014,0.03
373018,0.05
373022,0.15
373023,0.02
373029,0.02
373063,0.07
373071,0.23
373075,0.16
373088,0.01
373089,0.02
373098,0.49
373101,0.09
373112,0.03
373114,0.01
373118,0.43
373120,0.26
373121,0.07
373122,0.0
373138,0.11
373145,0.02
373153,0.03
373154,0.34
373155,0.02
373159,0.18
373167,0.15
373190,0.09
373195,0.01
373202,0.07
373205,0.02
373209,0.01
373215,0.08
373222,0.05
373239,0.0
373240,0.08
373247,0.05
373251,0.07
373260,0.01
373284,0.05
373286,0.04
373292,0.09
373297,0.0
373299,0.22
373305,0.09
373307,0.13
373323,0.05
373327,0.05
373328,0.11
373363,0.02
373390,0.02
373396,0.0
373407,0.08
373413,0.0
373437,0.07
373445,0.07
373448,0.01
373458,0.04
373464,0.08
373472,0.27
373474,0.1
373475,0.1
373480,0.06
373484,0.09
373491,0.09
373493,0.08
373504,0.03
373537,0.34
373542,0.09
373545,0.14
373554,0.04
373559,0.06
373560,0.11
373562,0.05
373565,0.2
373573,0.01
373577,0.14
373591,0.0
373592,0.05
373596,0.01
373598,0.11
373600,0.08
373605,0.02
373607,0.08
373616,0.11
373618,0.02
373624,0.03
373630,0.03
373631,0.02
373634,0.07
373646,0.21
373651,0.2
373669,0.11
373682,0.07
373716,0.09
373751,0.3
373756,0.16
373757,0.09
373767,0.01
373778,0.11
373780,0.0
373781,0.06
373796,0.04
373801,0.16
373805,0.09
373811,0.11
373815,0.01
373820,0.1
373833,0.03
373839,0.09
373841,0.05
373871,0.07
373875,0.13
373893,0.06
373894,0.33
373898,0.05
373899,0.33
373908,0.1
373909,0.0
373911,0.0
373918,0.12
373927,0.01
373938,0.23
373943,0.08
373946,0.15
373948,0.15
373953,0.04
373956,0.19
373984,0.08
373985,0.09
373986,0.02
374002,0.03
374014,0.02
374015,0.07
374024,0.0
374029,0.06
374034,0.01
374039,0.0
374042,0.05
374048,0.06
374051,0.26
374054,0.03
374055,0.05
374061,0.16
374075,0.01
374087,0.0
374101,0.12
374103,0.07
374114,0.24
374116,0.12
374119,0.1
374121,0.27
374133,0.05
374134,0.01
374140,0.08
374141,0.12
374145,0.15
374155,0.03
374163,0.0
374169,0.07
374173,0.05
374188,0.18
374199,0.06
374200,0.13
374207,0.02
374225,0.06
374226,0.12
374227,0.04
374249,0.09
374254,0.27
374284,0.04
374293,0.03
374296,0.01
374297,0.11
374298,0.0
374307,0.16
374320,0.06
374322,0.05
374324,0.02
374328,0.0
374334,0.0
374341,0.17
374343,0.09
374346,0.03
374359,0.39
374374,0.03
374381,0.16
374400,0.04
374405,0.05
374409,0.18
374420,0.25
374442,0.07
374443,0.06
374445,0.18
374447,0.08
374452,0.11
374458,0.02
374485,0.04
374487,0.09
374496,0.03
374503,0.03
374518,0.01
374519,0.0
374532,0.04
374534,0.15
374536,0.01
374546,0.01
374559,0.01
374568,0.13
374573,0.27
374582,0.0
374585,0.01
374598,0.09
374606,0.05
374612,0.02
374617,0.02
374619,0.07
374626,0.01
374646,0.02
374653,0.05
374656,0.02
374664,0.08
374666,0.13
374677,0.06
374679,0.03
374682,0.0
374700,0.15
374703,0.01
374705,0.19
374720,0.12
374724,0.06
374731,0.01
374732,0.04
374734,0.08
374759,0.08
374770,0.05
374774,0.08
374777,0.2
374788,0.04
374796,0.11
374799,0.04
374813,0.15
374819,0.0
374826,0.2
374827,0.07
374832,0.18
374837,0.0
374844,0.15
374848,0.14
374853,0.06
374854,0.01
374856,0.05
374864,0.01
374868,0.01
374888,0.1
374891,0.08
374892,0.01
374896,0.17
374909,0.06
374911,0.07
374912,0.04
374913,0.35
374916,0.01
374917,0.05
374923,0.02
374933,0.17
374935,0.11
374940,0.0
374941,0.0
374943,0.04
374951,0.09
374967,0.16
374970,0.03
374990,0.1
374993,0.12
374994,0.25
375015,0.0
375017,0.11
375018,0.02
375021,0.28
375023,0.06
375030,0.09
375038,0.04
375040,0.06
375041,0.04
375052,0.01
375061,0.48
375064,0.08
375076,0.1
375086,0.26
375109,0.01
375118,0.16
375133,0.13
375140,0.08
375156,0.07
375168,0.05
375170,0.27
375182,0.01
375187,0.08
375188,0.0
375197,0.02
375201,0.02
375204,0.08
375216,0.23
375225,0.02
375231,0.01
375234,0.0
375241,0.08
375242,0.12
375244,0.03
375246,0.09
375257,0.1
375290,0.04
375292,0.0
375293,0.1
375295,0.04
375296,0.05
375300,0.05
375322,0.02
375332,0.07
375338,0.02
375342,0.06
375365,0.15
375367,0.08
375384,0.1
375418,0.03
375464,0.17
375477,0.01
375485,0.08
375496,0.06
375534,0.01
375544,0.06
375556,0.04
375588,0.02
375589,0.03
375594,0.09
375629,0.04
375649,0.06
375654,0.33
375696,0.13
375758,0.01
375795,0.56
375843,0.01
375844,0.07
375853,0.05
375878,0.0
375879,0.04
375883,0.12
375887,0.12
375929,0.08
375934,0.04
375936,0.15
375937,0.11
375948,0.06
375951,0.0
375953,0.13
375964,0.15
375969,0.05
375970,0.06
375973,0.42
375976,0.24
375997,0.17
376000,0.02
376011,0.03
376019,0.01
376035,0.15
376036,0.13
376041,0.18
376042,0.03
376045,0.01
376047,0.01
376060,0.0
376061,0.03
376067,0.08
376068,0.1
376070,0.08
376074,0.03
376075,0.06
376076,0.14
376078,0.05
376080,0.07
376081,0.02
376082,0.06
376083,0.07
376084,0.09
376086,0.02
376087,0.02
376088,0.13
376089,0.07
376090,0.13
376091,0.2
376092,0.02
376093,0.01
376094,0.07
376095,0.12
376096,0.06
376097,0.14
376098,0.12
376206,0.01
376209,0.06
376225,0.12
376239,0.02
376247,0.06
376248,0.0
376252,0.05
376257,0.03
376273,0.0
376274,0.01
376275,0.0
376279,0.05
376283,0.02
376284,0.04
376288,0.05
376289,0.1
376292,0.08
376298,0.08
376301,0.04
376311,0.05
376312,0.24
376313,0.05
376316,0.02
376317,0.04
376319,0.04
376320,0.3
376321,0.02
376322,0.12
376325,0.51
376326,0.46
376328,0.03
376329,0.1
376330,0.07
376332,0.07
376334,0.17
376335,0.23
376336,0.28
376337,0.12
376338,0.31
376339,0.05
376340,0.03
376341,0.34
376343,0.24
376344,0.1
376345,0.0
376346,0.09
376347,0.18
376348,0.01
376349,0.14
376350,0.0
376351,0.12
376352,0.05
376353,0.0
376354,0.01
376355,0.0
376356,0.05
376357,0.01
376360,0.1
376445,0.19
376447,0.11
376449,0.04
376470,0.01
376483,0.03
376484,0.03
376486,0.04
376487,0.02
376488,0.08
376491,0.15
376492,0.06
376494,0.08
376495,0.06
376496,0.06
376497,0.16
376498,0.05
376502,0.31
376503,0.04
376504,0.15
376506,0.1
376509,0.08
376515,0.09
376517,0.03
376518,0.19
376519,0.22
376520,0.08
376521,0.05
376522,0.03
376523,0.09
376524,0.05
376527,0.09
376530,0.1
376531,0.14
376532,0.35
376533,0.2
376534,0.02
376535,0.1
376537,0.16
376538,0.06
376539,0.04
376546,0.05
376594,0.16
376595,0.14
376614,0.12
376616,0.03
376617,0.01
376618,0.21
376619,0.14
376620,0.05
376627,0.08
376630,0.03
376631,0.12
376632,0.0
376633,0.14
376635,0.09
376636,0.2
376637,0.02
376639,0.48
376640,0.0
376642,0.07
376643,0.19
376644,0.01
376645,0.01
376646,0.08
376648,0.05
376650,0.02
376651,0.06
376652,0.07
376732,0.06
376733,0.02
376734,0.01
376756,0.05
376804,0.04
376856,0.31
376869,0.01
376893,0.02
377045,0.02
377088,0.04
377137,0.1
377138,0.02
377159,0.07
377176,0.07
377201,0.0
377226,0.17
377335,0.1
377358,0.12
377362,0.0
377363,0.01
377389,0.05
377426,0.27
377427,0.04
377429,0.07
377441,0.02
377449,0.16
377450,0.28
377458,0.13
377472,0.2
377541,0.33
377567,0.0
377573,0.0
377605,0.15
377611,0.27
377622,0.08
377631,0.05
377657,0.01
377681,0.08
377711,0.04
377717,0.1
377720,0.37
377721,0.09
377723,0.1
377727,0.01
377729,0.04
377733,0.01
377735,0.05
377736,0.04
377737,0.09
377738,0.1
377750,0.26
377751,0.13
377753,0.29
377754,0.2
377755,0.21
377756,0.06
377757,0.25
377758,0.01
377759,0.13
377760,0.0
377761,0.1
377762,0.02
377763,0.01
377764,0.02
377765,0.12
377766,0.21
377767,0.06
377768,0.06
377771,0.05
377772,0.01
377773,0.04
377774,0.05
377775,0.07
377776,0.02
377778,0.01
377779,0.0
377780,0.03
377781,0.19
377782,0.03
377783,0.01
377784,0.11
377785,0.07
377786,0.02
377862,0.21
377871,0.0
377930,0.07
377970,0.13
377987,0.04
377988,0.05
377990,0.03
377992,0.1
377995,0.05
378005,0.0
378006,0.01
378011,0.06
378018,0.01
378019,0.03
378023,0.03
378025,0.05
378026,0.05
378027,0.04
378031,0.06
378033,0.06
378034,0.15
378035,0.09
378040,0.11
378041,0.1
378042,0.04
378043,0.22
378044,0.02
378045,0.09
378046,0.03
378047,0.18
378048,0.03
378049,0.0
378051,0.1
378052,0.01
378053,0.01
378054,0.2
378055,0.0
378056,0.05
378057,0.0
378059,0.03
378060,0.02
378061,0.22
378062,0.15
378063,0.02
378065,0.09
378066,0.03
378067,0.06
378068,0.01
378069,0.03
378070,0.0
378096,0.06
378098,0.27
378104,0.03
378105,0.15
378106,0.19
378107,0.03
378108,0.05
378109,0.01
378110,0.11
378111,0.28
378112,0.07
378113,0.07
378114,0.06
378115,0.16
378116,0.1
378117,0.07
378119,0.09
378120,0.04
378121,0.09
378122,0.03
378123,0.01
378124,0.07
378136,0.05
378181,0.03
378184,0.17
378190,0.02
378263,0.02
378300,0.14
378304,0.34
378305,0.05
378311,0.04
378313,0.08
378314,0.14
378317,0.14
378320,0.19
378322,0.06
378325,0.05
378327,0.13
378328,0.07
378329,0.04
378330,0.01
378331,0.05
378334,0.04
378335,0.03
378336,0.02
378339,0.07
378340,0.09
378341,0.04
378342,0.13
378343,0.0
378344,0.03
378345,0.42
378346,0.0
378347,0.39
378348,0.08
378349,0.17
378350,0.21
378351,0.03
378352,0.01
378353,0.02
378354,0.03
378355,0.42
378356,0.53
378427,0.0
378434,0.06
378564,0.0
378671,0.18
378689,0.05
378710,0.44
378755,0.05
378887,0.09
378907,0.09
378924,0.01
378944,0.0
378945,0.06
378991,0.11
379009,0.06
379025,0.24
379046,0.3
379047,0.07
379048,0.01
379052,0.0
379065,0.16
379066,0.05
379076,0.09
379080,0.05
379085,0.2
379086,0.04
379087,0.08
379089,0.04
379094,0.07
379095,0.09
379101,0.0
379102,0.03
379103,0.17
379105,0.16
379108,0.03
379111,0.1
379112,0.06
379113,0.3
379114,0.03
379115,0.05
379116,0.06
379117,0.01
379118,0.19
379119,0.4
379120,0.11
379121,0.02
379123,0.04
379124,0.02
379126,0.08
379127,0.0
379128,0.03
379129,0.1
379131,0.19
379132,0.15
379133,0.04
379134,0.08
379178,0.0
379266,0.03
379268,0.22
379291,0.0
379296,0.01
379301,0.01
379313,0.12
379318,0.17
379319,0.25
379329,0.08
379336,0.08
379348,0.15
379356,0.19
379357,0.08
379363,0.29
379385,0.25
379408,0.13
379432,0.07
379437,0.03
379440,0.03
379456,0.04
379457,0.02
379463,0.19
379464,0.16
379467,0.34
379469,0.03
379470,0.0
379472,0.42
379473,0.02
379474,0.05
379475,0.23
379476,0.26
379481,0.21
379482,0.2
379483,0.06
379484,0.11
379485,0.37
379486,0.02
379487,0.05
379488,0.02
379490,0.11
379491,0.05
379492,0.05
379494,0.05
379495,0.03
379496,0.04
379497,0.02
379500,0.11
379501,0.08
379502,0.09
379503,0.05
379504,0.05
379505,0.02
379506,0.01
379507,0.0
379508,0.02
379509,0.34
379510,0.04
379512,0.0
379513,0.06
379514,0.53
379515,0.04
379516,0.0
379517,0.14
379518,0.08
379520,0.03
379627,0.1
379673,0.08
379674,0.01
379720,0.04
379726,0.1
379730,0.01
379746,0.14
379775,0.01
379776,0.0
379778,0.19
379841,0.06
379921,0.01
379951,0.16
380002,0.11
380003,0.19
380005,0.13
380006,0.06
380010,0.02
380012,0.02
380014,0.09
380015,0.36
380017,0.08
380018,0.02
380019,0.0
380020,0.05
380022,0.02
380023,0.11
380025,0.01
380026,0.03
380028,0.07
380030,0.09
380031,0.12
380032,0.0
380033,0.0
380034,0.08
380035,0.04
380037,0.01
380038,0.18
380039,0.31
380040,0.41
380064,0.08
380065,0.03
380121,0.06
380122,0.2
380130,0.19
380219,0.08
380228,0.26
380229,0.03
380366,0.0
380408,0.07
380414,0.03
380487,0.03
380488,0.01
380489,0.01
380494,0.05
380543,0.01
380553,0.04
380600,0.01
380625,0.04
380635,0.2
380643,0.03
380762,0.01
380773,0.1
380781,0.15
380785,0.17
380787,0.02
380788,0.04
380789,0.16
380797,0.03
380800,0.01
380802,0.0
380805,0.17
380806,0.05
380807,0.33
380811,0.1
380812,0.04
380815,0.0
380816,0.12
380817,0.14
380819,0.06
380823,0.01
380824,0.14
380825,0.07
380826,0.08
380827,0.04
380828,0.14
380830,0.05
380831,0.02
380832,0.04
380833,0.02
380834,0.01
380836,0.11
380837,0.29
380838,0.31
380839,0.01
380840,0.11
380841,0.01
380879,0.03
380901,0.02
380928,0.03
380956,0.04
380979,0.08
381037,0.09
381047,0.03
381074,0.03
381104,0.0
381121,0.2
381130,0.06
381133,0.01
381139,0.01
381141,0.26
381142,0.01
381145,0.03
381152,0.0
381153,0.0
381154,0.21
381156,0.01
381160,0.01
381164,0.05
381168,0.01
381171,0.07
381173,0.18
381174,0.08
381176,0.1
381178,0.14
381179,0.06
381182,0.05
381185,0.0
381187,0.16
381189,0.01
381190,0.05
381191,0.04
381192,0.15
381193,0.03
381194,0.0
381195,0.11
381198,0.05
381199,0.03
381200,0.14
381201,0.11
381202,0.05
381203,0.12
381204,0.35
381205,0.0
381259,0.03
381288,0.07
381289,0.06
381335,0.02
381344,0.03
381367,0.06
381376,0.0
381381,0.05
381397,0.08
381406,0.16
381412,0.12
381421,0.2
381424,0.08
381427,0.22
381428,0.06
381429,0.02
381430,0.02
381434,0.11
381435,0.0
381436,0.03
381437,0.17
381438,0.04
381439,0.03
381444,0.06
381446,0.01
381447,0.14
381449,0.63
381450,0.06
381453,0.12
381454,0.01
381455,0.06
381456,0.12
381457,0.26
381458,0.04
381459,0.24
381460,0.04
381461,0.09
381462,0.23
381463,0.01
381464,0.15
381465,0.0
381466,0.13
381467,0.27
381468,0.05
381469,0.32
381470,0.0
381471,0.38
381472,0.01
381473,0.02
381475,0.01
381476,0.04
381477,0.42
381478,0.03
381479,0.29
381480,0.41
381481,0.03
381482,0.01
381483,0.13
381495,0.02
381545,0.08
381580,0.03
381657,0.29
381674,0.2
381691,0.0
381697,0.06
381704,0.02
381711,0.08
381721,0.08
381728,0.1
381729,0.01
381734,0.01
381735,0.14
381736,0.03
381740,0.11
381742,0.24
381743,0.14
381744,0.0
381747,0.06
381748,0.15
381749,0.02
381750,0.01
381751,0.0
381752,0.17
381753,0.09
381754,0.07
381755,0.03
381756,0.2
381757,0.04
381758,0.02
381759,0.04
381760,0.19
381761,0.11
381762,0.01
381763,0.03
381764,0.03
381765,0.23
381766,0.24
381767,0.05
381768,0.08
381769,0.04
381770,0.08
381772,0.0
381774,0.01
381777,0.06
381861,0.05
381974,0.08
381991,0.01
382024,0.15
382051,0.09
382066,0.04
382067,0.0
382068,0.09
382107,0.01
382108,0.28
382111,0.0
382113,0.06
382114,0.03
382120,0.11
382121,0.04
382122,0.13
382124,0.48
382126,0.03
382131,0.02
382132,0.14
382135,0.04
382136,0.03
382137,0.03
382138,0.04
382140,0.12
382141,0.54
382142,0.04
382143,0.15
382144,0.12
382145,0.24
382146,0.11
382147,0.06
382149,0.13
382150,0.03
382152,0.12
382153,0.04
382164,0.25
382180,0.11
382239,0.1
382275,0.02
382297,0.08
382391,0.06
382392,0.18
382396,0.22
382424,0.0
382471,0.09
382493,0.02
382496,0.06
382504,0.08
382505,0.19
382513,0.05
382517,0.12
382521,0.11
382528,0.0
382530,0.08
382544,0.07
382603,0.67
382604,0.04
382642,0.11
382666,0.06
382699,0.06
382737,0.08
382792,0.26
382796,0.0
382807,0.03
382813,0.31
382817,0.24
382818,0.04
382826,0.07
382845,0.03
382846,0.04
382850,0.43
382851,0.19
382856,0.2
382858,0.1
382859,0.05
382862,0.01
382863,0.01
382865,0.01
382866,0.04
382868,0.09
382870,0.06
382871,0.09
382872,0.23
382873,0.07
382874,0.44
382875,0.03
382876,0.06
382877,0.08
382878,0.03
382879,0.09
382880,0.0
382882,0.06
382883,0.08
382884,0.0
382885,0.15
382886,0.03
382887,0.14
382989,0.02
383009,0.01
383039,0.09
383068,0.0
383072,0.05
383093,0.06
383099,0.36
383167,0.0
383168,0.1
383170,0.02
383171,0.27
383174,0.0
383175,0.04
383176,0.15
383178,0.02
383181,0.35
383182,0.15
383184,0.05
383186,0.02
383187,0.06
383189,0.03
383190,0.0
383191,0.02
383192,0.12
383194,0.01
383195,0.03
383196,0.0
383197,0.11
383198,0.0
383199,0.02
383200,0.06
383201,0.08
383202,0.14
383203,0.06
383204,0.03
383205,0.16
383206,0.03
383207,0.0
383208,0.13
383279,0.06
383335,0.01
383384,0.06
383394,0.01
383400,0.14
383401,0.01
383409,0.04
383410,0.01
383412,0.02
383414,0.01
383419,0.11
383422,0.09
383425,0.02
383426,0.03
383427,0.02
383428,0.02
383429,0.03
383430,0.28
383431,0.06
383433,0.47
383434,0.03
383435,0.04
383436,0.05
383437,0.05
383438,0.05
383439,0.09
383440,0.01
383441,0.0
383442,0.0
383443,0.0
383444,0.03
383445,0.03
383446,0.02
383447,0.05
383448,0.07
383449,0.03
383450,0.05
383451,0.05
383452,0.07
383453,0.03
383454,0.11
383533,0.06
383583,0.04
383608,0.02
383622,0.0
383673,0.06
383804,0.11
383806,0.04
383812,0.08
383814,0.07
383816,0.12
383825,0.14
383827,0.05
383833,0.03
383841,0.01
383842,0.12
383849,0.1
383859,0.02
383883,0.09
383891,0.07
383910,0.35
383925,0.03
383943,0.14
383946,0.2
383959,0.01
383960,0.0
383961,0.02
383962,0.0
383979,0.17
383985,0.13
383990,0.15
383999,0.04
384001,0.12
384003,0.01
384008,0.02
384019,0.25
384020,0.28
384065,0.24
384102,0.21
384154,0.05
384155,0.14
384171,0.1
384177,0.02
384183,0.04
384186,0.01
384198,0.32
384199,0.07
384201,0.11
384203,0.18
384204,0.14
384205,0.04
384207,0.0
384208,0.04
384209,0.06
384210,0.04
384211,0.03
384212,0.06
384215,0.04
384216,0.01
384220,0.07
384221,0.04
384226,0.01
384273,0.08
384287,0.07
384288,0.03
384332,0.07
384365,0.13
384380,0.01
384392,0.07
384412,0.13
384424,0.04
384428,0.17
384429,0.03
384430,0.01
384434,0.08
384480,0.04
384502,0.19
384503,0.02
384504,0.0
384505,0.02
384508,0.03
384519,0.0
384520,0.36
384524,0.03
384528,0.02
384532,0.09
384539,0.05
384542,0.08
384543,0.03
384544,0.12
384546,0.26
384547,0.0
384548,0.07
384549,0.0
384552,0.15
384554,0.06
384556,0.15
384557,0.02
384558,0.01
384559,0.0
384560,0.08
384561,0.73
384562,0.22
384563,0.03
384564,0.09
384565,0.01
384656,0.08
384657,0.0
384672,0.48
384679,0.0
384680,0.0
384689,0.0
384692,0.12
384695,0.04
384710,0.04
384712,0.0
384715,0.08
384735,0.04
384749,0.02
384751,0.05
384753,0.05
384757,0.02
384759,0.18
384761,0.01
384762,0.08
384765,0.04
384775,0.03
384782,0.1
384794,0.0
384798,0.01
384805,0.06
384807,0.22
384812,0.06
384821,0.02
384834,0.0
384847,0.0
384856,0.03
384857,0.09
384858,0.09
384859,0.08
384860,0.11
384861,0.15
384862,0.11
384863,0.04
384864,0.05
384865,0.01
384866,0.37
384867,0.03
384868,0.04
384869,0.08
384870,0.03
384871,0.05
384873,0.08
384874,0.11
384876,0.08
384877,0.05
384878,0.01
384880,0.04
384881,0.05
384882,0.09
384883,0.08
384884,0.13
384885,0.09
384886,0.02
384887,0.0
384969,0.01
385023,0.02
385049,0.06
385081,0.01
385091,0.06
385092,0.12
385093,0.02
385094,0.02
385106,0.21
385107,0.25
385110,0.06
385111,0.01
385113,0.07
385114,0.06
385115,0.06
385117,0.04
385119,0.03
385120,0.38
385121,0.18
385122,0.0
385123,0.01
385125,0.03
385126,0.0
385127,0.01
385128,0.05
385129,0.03
385130,0.02
385131,0.06
385132,0.07
385133,0.02
385134,0.04
385135,0.02
385136,0.03
385137,0.51
385138,0.03
385139,0.03
385140,0.35
385141,0.06
385142,0.03
385143,0.02
385144,0.08
385145,0.21
385146,0.04
385147,0.07
385149,0.04
385151,0.0
385152,0.07
385153,0.0
385197,0.04
385230,0.02
385231,0.3
385252,0.12
385299,0.05
385351,0.04
385376,0.05
385405,0.04
385452,0.18
385479,0.05
385510,0.06
385522,0.15
385524,0.11
385544,0.2
385563,0.12
385566,0.24
385571,0.11
385585,0.01
385586,0.05
385611,0.04
385621,0.03
385623,0.11
385628,0.23
385633,0.02
385634,0.02
385643,0.22
385650,0.0
385656,0.03
385666,0.2
385693,0.27
385705,0.2
385706,0.03
385835,0.01
385847,0.2
385867,0.3
385871,0.27
385872,0.1
385879,0.0
385883,0.05
385884,0.05
385885,0.05
385889,0.06
385893,0.03
385894,0.07
385898,0.17
385899,0.19
385902,0.04
385903,0.04
385904,0.02
385905,0.01
385906,0.13
385907,0.06
385908,0.06
385909,0.04
385910,0.03
385973,0.01
386003,0.1
386013,0.01
386023,0.01
386065,0.01
386072,0.24
386077,0.46
386135,0.06
386141,0.03
386178,0.18
386198,0.17
386200,0.02
386203,0.05
386223,0.09
386225,0.0
386245,0.02
386250,0.01
386253,0.01
386254,0.06
386255,0.13
386262,0.05
386263,0.46
386264,0.04
386267,0.03
386268,0.19
386276,0.23
386279,0.18
386281,0.07
386282,0.03
386283,0.07
386284,0.05
386285,0.02
386286,0.09
386287,0.06
386288,0.18
386289,0.23
386290,0.44
386292,0.01
386293,0.15
386294,0.03
386295,0.23
386296,0.23
386297,0.06
386299,0.02
386300,0.19
386301,0.08
386302,0.13
386303,0.15
386304,0.2
386305,0.07
386307,0.01
386308,0.07
386309,0.02
386310,0.04
386311,0.03
386347,0.01
386350,0.26
386352,0.03
386365,0.21
386378,0.04
386380,0.16
386399,0.06
386458,0.06
386523,0.0
386531,0.5
386545,0.1
386546,0.04
386547,0.09
386549,0.07
386550,0.09
386551,0.03
386552,0.01
386633,0.06
386647,0.0
386665,0.0
386767,0.1
386773,0.01
386774,0.03
386775,0.04
386777,0.02
386785,0.52
386791,0.06
386792,0.02
386795,0.07
386798,0.12
386803,0.01
386805,0.0
386806,0.04
386808,0.0
386811,0.04
386813,0.03
386814,0.1
386817,0.0
386819,0.01
386820,0.07
386821,0.12
386822,0.1
386824,0.06
386825,0.14
386826,0.04
386827,0.26
386828,0.18
386830,0.01
386831,0.13
386832,0.0
386833,0.08
386834,0.03
386835,0.03
386836,0.1
386837,0.17
386838,0.17
386839,0.4
386840,0.0
386841,0.22
386843,0.07
386844,0.09
386845,0.06
386847,0.04
386848,0.01
386849,0.02
386860,0.06
386938,0.0
386940,0.09
386989,0.13
387021,0.02
387193,0.13
387194,0.09
387286,0.22
387291,0.04
387292,0.1
387324,0.05
387325,0.24
387329,0.03
387331,0.08
387333,0.12
387337,0.13
387341,0.23
387342,0.12
387349,0.05
387350,0.16
387351,0.03
387352,0.02
387353,0.12
387355,0.03
387356,0.07
387357,0.06
387358,0.0
387360,0.05
387361,0.04
387362,0.01
387363,0.0
387364,0.09
387365,0.15
387366,0.13
387367,0.0
387368,0.04
387369,0.12
387370,0.04
387371,0.09
387372,0.07
387377,0.18
387378,0.12
387424,0.0
387440,0.01
387447,0.06
387489,0.18
387501,0.06
387526,0.1
387542,0.0
387543,0.13
387544,0.11
387565,0.04
387572,0.08
387577,0.05
387578,0.13
387583,0.01
387584,0.0
387588,0.0
387595,0.21
387596,0.11
387597,0.09
387598,0.01
387662,0.17
387687,0.44
387688,0.01
387689,0.02
387718,0.03
387730,0.01
387753,0.02
387807,0.12
387843,0.01
387848,0.17
387882,0.02
387884,0.02
387892,0.02
387896,0.05
387916,0.07
387920,0.05
387927,0.0
387928,0.04
387929,0.0
387932,0.13
387934,0.05
387937,0.07
387942,0.03
387947,0.06
387948,0.0
387952,0.25
387953,0.15
387954,0.09
387955,0.16
387956,0.19
387957,0.17
387958,0.03
387960,0.04
387961,0.14
387962,0.21
387963,0.21
387964,0.14
387965,0.01
387966,0.14
387967,0.02
387968,0.01
387969,0.01
387970,0.07
387971,0.01
387972,0.01
387973,0.14
388053,0.18
388056,0.05
388057,0.08
388078,0.17
388079,0.02
388127,0.04
388155,0.13
388159,0.0
388169,0.06
388170,0.03
388173,0.04
388174,0.0
388176,0.22
388179,0.02
388182,0.01
388183,0.07
388187,0.14
388189,0.07
388191,0.01
388193,0.05
388194,0.02
388195,0.23
388196,0.06
388198,0.02
388199,0.53
388201,0.07
388202,0.19
388203,0.06
388204,0.15
388206,0.02
388208,0.06
388209,0.01
388210,0.13
388211,0.05
388212,0.12
388213,0.01
388214,0.03
388215,0.1
388216,0.16
388217,0.08
388218,0.07
388219,0.01
388220,0.08
388221,0.05
388222,0.14
388223,0.0
388237,0.02
388238,0.1
388242,0.0
388243,0.01
388248,0.14
388249,0.19
388251,0.0
388253,0.03
388255,0.04
388256,0.04
388258,0.01
388259,0.0
388260,0.03
388262,0.3
388263,0.15
388264,0.04
388265,0.09
388266,0.05
388267,0.07
388269,0.22
388270,0.04
388271,0.11
388272,0.07
388273,0.1
388274,0.14
388275,0.18
388276,0.0
388397,0.14
388428,0.08
388429,0.09
388448,0.02
388449,0.03
388460,0.09
388463,0.25
388465,0.32
388505,0.17
388508,0.14
388511,0.04
388525,0.07
388554,0.08
388561,0.05
388566,0.04
388572,0.01
388574,0.01
388585,0.01
388589,0.04
388590,0.07
388594,0.09
388596,0.2
388616,0.31
388621,0.05
388622,0.2
388627,0.03
388633,0.04
388639,0.0
388647,0.02
388655,0.21
388665,0.15
388667,0.05
388668,0.07
388669,0.03
388679,0.01
388683,0.08
388687,0.07
388688,0.03
388700,0.33
388703,0.12
388704,0.16
388705,0.16
388707,0.0
388712,0.0
388729,0.0
388733,0.07
388748,0.12
388754,0.01
388763,0.08
388777,0.03
388790,0.12
388800,0.37
388801,0.02
388812,0.1
388816,0.19
388835,0.13
388837,0.1
388842,0.01
388847,0.19
388848,0.01
388849,0.05
388850,0.24
388859,0.19
388864,0.01
388865,0.18
388870,0.13
388872,0.03
388873,0.17
388879,0.04
388890,0.17
388898,0.03
388899,0.09
388900,0.04
388913,0.12
388919,0.03
388921,0.2
388929,0.01
388945,0.19
388962,0.13
388963,0.05
388985,0.01
388986,0.0
388992,0.16
388993,0.02
389002,0.05
389006,0.01
389009,0.05
389018,0.0
389048,0.07
389051,0.18
389068,0.12
389069,0.18
389070,0.04
389080,0.07
389085,0.01
389090,0.08
389094,0.08
389097,0.06
389098,0.1
389101,0.08
389104,0.07
389131,0.5
389133,0.41
389134,0.01
389143,0.01
389176,0.39
389181,0.26
389192,0.06
389202,0.07
389222,0.02
389225,0.09
389227,0.07
389239,0.04
389245,0.26
389248,0.0
389258,0.14
389266,0.02
389268,0.08
389277,0.2
389280,0.08
389300,0.06
389319,0.04
389330,0.05
389338,0.13
389356,0.03
389363,0.06
389371,0.03
389377,0.06
389398,0.02
389409,0.07
389415,0.01
389418,0.05
389420,0.09
389426,0.44
389433,0.05
389434,0.02
389440,0.14
389441,0.03
389443,0.23
389448,0.07
389464,0.01
389466,0.0
389471,0.35
389473,0.02
389480,0.16
389481,0.04
389483,0.13
389486,0.01
389490,0.11
389500,0.05
389507,0.19
389509,0.09
389515,0.28
389517,0.02
389523,0.04
389527,0.06
389529,0.15
389532,0.04
389539,0.04
389550,0.03
389551,0.02
389552,0.05
389554,0.06
389563,0.15
389566,0.08
389572,0.05
389573,0.07
389585,0.17
389587,0.1
389589,0.04
389592,0.0
389601,0.13
389603,0.03
389604,0.05
389617,0.16
389618,0.11
389619,0.05
389622,0.04
389623,0.08
389627,0.02
389644,0.36
389667,0.01
389678,0.31
389694,0.02
389700,0.02
389707,0.03
389714,0.05
389717,0.12
389732,0.0
389737,0.13
389741,0.02
389755,0.05
389756,0.17
389763,0.08
389772,0.54
389777,0.04
389778,0.05
389796,0.07
389798,0.04
389805,0.0
389807,0.05
389815,0.04
389818,0.03
389823,0.19
389824,0.04
389831,0.01
389856,0.26
389860,0.02
389862,0.2
389872,0.24
389875,0.01
389878,0.18
389879,0.09
389881,0.02
389895,0.02
389897,0.03
389898,0.09
389924,0.18
389929,0.01
389934,0.23
389947,0.11
389962,0.05
389981,0.01
390003,0.08
390006,0.05
390011,0.2
390041,0.03
390044,0.06
390045,0.12
390047,0.06
390048,0.05
390052,0.29
390056,0.02
390061,0.01
390065,0.05
390070,0.11
390073,0.34
390076,0.02
390087,0.07
390092,0.02
390095,0.09
390099,0.17
390107,0.02
390116,0.02
390130,0.04
390133,0.22
390144,0.1
390155,0.01
390159,0.02
390181,0.04
390183,0.04
390214,0.06
390222,0.15
390230,0.09
390235,0.07
390237,0.11
390242,0.17
390256,0.07
390259,0.17
390261,0.09
390268,0.09
390271,0.12
390274,0.01
390276,0.04
390279,0.01
390283,0.09
390285,0.06
390299,0.13
390316,0.0
390321,0.05
390330,0.08
390343,0.0
390346,0.14
390357,0.04
390359,0.04
390361,0.02
390365,0.07
390366,0.03
390372,0.03
390376,0.19
390378,0.27
390388,0.11
390391,0.05
390400,0.21
390407,0.24
390411,0.03
390419,0.02
390423,0.0
390437,0.01
390445,0.0
390449,0.0
390455,0.35
390465,0.09
390491,0.04
390492,0.07
390494,0.03
390495,0.02
390497,0.0
390504,0.08
390508,0.11
390510,0.08
390512,0.02
390524,0.04
390531,0.05
390558,0.19
390561,0.1
390564,0.01
390569,0.04
390574,0.11
390575,0.04
390587,0.16
390620,0.04
390621,0.0
390633,0.08
390634,0.05
390638,0.14
390639,0.11
390642,0.06
390647,0.13
390648,0.04
390663,0.06
390686,0.09
390688,0.13
390690,0.15
390691,0.04
390696,0.15
390703,0.0
390711,0.1
390722,0.02
390736,0.34
390747,0.06
390752,0.09
390760,0.16
390774,0.0
390777,0.04
390781,0.14
390793,0.05
390838,0.11
390847,0.32
390851,0.12
390854,0.07
390858,0.09
390864,0.06
390871,0.11
390905,0.16
390908,0.07
390910,0.02
390917,0.05
390919,0.0
390920,0.05
390922,0.04
390928,0.04
390929,0.15
390953,0.08
390955,0.04
390959,0.11
390962,0.02
390971,0.21
390972,0.06
390990,0.05
390994,0.22
390997,0.02
391015,0.07
391034,0.13
391038,0.01
391043,0.11
391048,0.0
391049,0.09
391056,0.06
391060,0.11
391072,0.04
391073,0.01
391077,0.04
391086,0.1
391092,0.05
391096,0.02
391118,0.06
391123,0.01
391136,0.05
391137,0.03
391145,0.06
391162,0.0
391164,0.23
391168,0.07
391172,0.04
391184,0.09
391188,0.08
391198,0.11
391207,0.06
391208,0.01
391209,0.22
391230,0.01
391232,0.2
391236,0.07
391237,0.27
391245,0.1
391269,0.04
391274,0.05
391275,0.28
391276,0.12
391279,0.04
391285,0.03
391306,0.01
391310,0.04
391321,0.01
391327,0.04
391341,0.21
391350,0.06
391353,0.02
391354,0.03
391357,0.01
391367,0.19
391371,0.06
391384,0.21
391387,0.12
391388,0.06
391392,0.0
391408,0.0
391433,0.06
391439,0.15
391443,0.04
391445,0.03
391449,0.04
391450,0.18
391461,0.2
391469,0.03
391486,0.04
391487,0.22
391500,0.12
391501,0.01
391505,0.0
391516,0.06
391517,0.01
391522,0.03
391539,0.22
391543,0.09
391546,0.02
391552,0.4
391555,0.08
391564,0.0
391565,0.11
391570,0.06
391586,0.01
391587,0.01
391588,0.02
391590,0.04
391613,0.14
391614,0.07
391617,0.03
391623,0.08
391635,0.01
391653,0.09
391661,0.01
391670,0.0
391682,0.01
391713,0.08
391717,0.08
391726,0.14
391738,0.07
391740,0.0
391741,0.05
391742,0.06
391756,0.01
391765,0.33
391766,0.04
391768,0.11
391771,0.01
391784,0.11
391786,0.27
391791,0.11
391798,0.04
391820,0.17
391831,0.08
391842,0.09
391843,0.05
391853,0.04
391858,0.14
391866,0.31
391867,0.01
391870,0.23
391879,0.16
391903,0.09
391915,0.02
391920,0.0
391929,0.11
391935,0.11
391944,0.0
391945,0.45
391947,0.29
391957,0.05
391960,0.16
391966,0.04
391977,0.01
391983,0.22
391990,0.03
391999,0.02
392010,0.02
392011,0.0
392012,0.0
392013,0.06
392015,0.06
392027,0.16
392029,0.13
392031,0.03
392035,0.0
392042,0.01
392049,0.04
392050,0.01
392062,0.1
392068,0.09
392071,0.02
392079,0.0
392087,0.03
392106,0.06
392111,0.0
392123,0.04
392127,0.08
392132,0.21
392149,0.19
392151,0.05
392175,0.25
392186,0.16
392190,0.19
392196,0.21
392202,0.06
392212,0.01
392221,0.17
392224,0.15
392230,0.14
392232,0.03
392234,0.34
392239,0.07
392240,0.1
392241,0.0
392243,0.37
392250,0.14
392253,0.03
392258,0.01
392260,0.09
392270,0.16
392280,0.05
392283,0.06
392293,0.02
392311,0.09
392316,0.1
392317,0.16
392319,0.29
392328,0.05
392363,0.03
392369,0.01
392371,0.02
392372,0.02
392386,0.02
392389,0.03
392390,0.19
392391,0.1
392398,0.0
392399,0.03
392404,0.07
392405,0.0
392408,0.25
392422,0.02
392423,0.03
392424,0.27
392429,0.06
392430,0.07
392431,0.04
392437,0.0
392450,0.0
392458,0.0
392460,0.08
392469,0.3
392474,0.13
392491,0.12
392495,0.07
392513,0.12
392526,0.03
392527,0.22
392534,0.02
392540,0.13
392554,0.13
392571,0.02
392578,0.06
392583,0.06
392588,0.04
392594,0.01
392604,0.01
392610,0.11
392613,0.12
392619,0.03
392622,0.38
392624,0.04
392629,0.52
392634,0.13
392639,0.08
392649,0.19
392671,0.33
392680,0.42
392682,0.01
392684,0.12
392685,0.16
392686,0.16
392699,0.01
392704,0.01
392709,0.06
392714,0.45
392717,0.02
392727,0.08
392730,0.02
392741,0.06
392754,0.08
392762,0.22
392774,0.01
392775,0.04
392793,0.05
392800,0.01
392809,0.05
392812,0.23
392814,0.03
392820,0.08
392825,0.0
392847,0.19
392849,0.35
392861,0.07
392868,0.35
392880,0.1
392882,0.06
392888,0.14
392905,0.0
392909,0.24
392915,0.12
392925,0.07
392931,0.06
392933,0.16
392935,0.13
392939,0.12
392951,0.02
392960,0.0
392962,0.05
392964,0.04
392970,0.08
392980,0.22
392981,0.04
392985,0.0
392990,0.02
392992,0.25
392998,0.16
392999,0.06
393007,0.0
393009,0.08
393012,0.14
393014,0.0
393015,0.08
393035,0.23
393055,0.01
393056,0.08
393075,0.1
393078,0.01
393094,0.07
393111,0.02
393115,0.16
393117,0.1
393118,0.03
393128,0.09
393129,0.04
393136,0.01
393138,0.03
393139,0.22
393156,0.02
393159,0.08
393168,0.0
393172,0.1
393177,0.06
393189,0.02
393194,0.26
393201,0.02
393202,0.01
393209,0.0
393216,0.36
393218,0.13
393224,0.03
393227,0.0
393232,0.04
393256,0.1
393257,0.05
393258,0.15
393267,0.02
393269,0.1
393275,0.17
393278,0.04
393279,0.27
393312,0.09
393318,0.04
393343,0.01
393351,0.09
393356,0.02
393361,0.28
393370,0.09
393381,0.17
393395,0.01
393405,0.13
393416,0.12
393419,0.04
393430,0.03
393443,0.26
393454,0.15
393478,0.02
393489,0.02
393499,0.11
393503,0.04
393505,0.21
393507,0.04
393526,0.04
393537,0.1
393543,0.01
393555,0.05
393562,0.01
393573,0.24
393587,0.27
393591,0.01
393606,0.0
393621,0.13
393624,0.06
393625,0.1
393628,0.03
393633,0.04
393641,0.05
393642,0.05
393650,0.09
393658,0.04
393669,0.0
393671,0.13
393672,0.03
393680,0.01
393683,0.13
393684,0.0
393691,0.01
393696,0.0
393699,0.04
393708,0.08
393709,0.02
393711,0.23
393720,0.22
393738,0.0
393740,0.06
393762,0.0
393774,0.02
393776,0.0
393778,0.13
393793,0.03
393804,0.02
393818,0.22
393821,0.07
393822,0.0
393833,0.1
393839,0.05
393840,0.08
393843,0.04
393852,0.01
393855,0.03
393860,0.07
393864,0.08
393877,0.11
393882,0.06
393884,0.06
393886,0.02
393892,0.03
393894,0.02
393902,0.02
393909,0.01
393910,0.03
393911,0.0
393934,0.11
393936,0.18
393939,0.01
393940,0.1
393943,0.01
393946,0.14
393950,0.0
393953,0.07
393959,0.26
393974,0.03
393980,0.18
393983,0.02
393985,0.09
393992,0.01
393995,0.04
394008,0.03
394010,0.03
394022,0.01
394062,0.08
394063,0.0
394066,0.12
394069,0.1
394071,0.18
394082,0.04
394087,0.04
394095,0.16
394097,0.09
394106,0.05
394113,0.72
394115,0.06
394125,0.12
394131,0.04
394132,0.05
394141,0.07
394145,0.1
394153,0.17
394159,0.01
394180,0.08
394186,0.01
394200,0.18
394203,0.02
394210,0.03
394214,0.25
394218,0.03
394231,0.07
394240,0.01
394248,0.08
394249,0.02
394254,0.14
394264,0.12
394267,0.06
394269,0.16
394275,0.05
394289,0.0
394295,0.02
394305,0.17
394308,0.06
394317,0.03
394323,0.06
394332,0.09
394336,0.01
394345,0.29
394346,0.02
394347,0.01
394351,0.18
394355,0.19
394360,0.04
394372,0.02
394373,0.04
394374,0.01
394382,0.08
394385,0.08
394409,0.36
394415,0.02
394433,0.06
394445,0.02
394448,0.09
394451,0.09
394467,0.26
394471,0.04
394473,0.05
394474,0.07
394476,0.12
394492,0.0
394502,0.03
394506,0.06
394510,0.06
394515,0.03
394535,0.04
394537,0.4
394539,0.19
394541,0.0
394564,0.03
394567,0.02
394568,0.06
394571,0.24
394576,0.04
394579,0.27
394585,0.02
394588,0.03
394606,0.0
394623,0.08
394632,0.11
394635,0.39
394642,0.0
394653,0.07
394689,0.11
394695,0.04
394699,0.17
394706,0.12
394712,0.12
394721,0.41
394722,0.28
394739,0.02
394742,0.3
394761,0.09
394775,0.12
394777,0.26
394783,0.03
394800,0.14
394803,0.01
394804,0.31
394815,0.09
394835,0.06
394843,0.33
394845,0.22
394847,0.04
394848,0.2
394850,0.03
394857,0.06
394873,0.28
394892,0.07
394898,0.11
394904,0.1
394918,0.15
394920,0.04
394926,0.02
394927,0.01
394940,0.05
394942,0.05
394943,0.16
394959,0.3
394977,0.06
394991,0.15
395014,0.16
395027,0.05
395042,0.34
395062,0.13
395063,0.05
395064,0.06
395076,0.07
395085,0.16
395095,0.14
395100,0.0
395105,0.04
395108,0.14
395110,0.08
395114,0.12
395123,0.23
395131,0.08
395144,0.26
395152,0.14
395159,0.03
395166,0.04
395197,0.09
395210,0.02
395212,0.05
395216,0.08
395218,0.35
395224,0.04
395225,0.18
395233,0.06
395237,0.11
395246,0.05
395248,0.19
395262,0.05
395271,0.05
395275,0.01
395286,0.12
395316,0.14
395318,0.18
395328,0.2
395334,0.06
395337,0.04
395338,0.02
395346,0.23
395365,0.03
395373,0.09
395383,0.47
395387,0.02
395391,0.01
395401,0.02
395432,0.08
395443,0.02
395447,0.05
395448,0.16
395450,0.04
395456,0.0
395459,0.25
395462,0.05
395488,0.15
395492,0.05
395495,0.03
395504,0.06
395507,0.17
395508,0.1
395509,0.03
395513,0.14
395515,0.01
395517,0.29
395520,0.14
395524,0.03
395525,0.03
395533,0.02
395538,0.01
395545,0.1
395553,0.16
395576,0.19
395585,0.1
395590,0.02
395593,0.12
395595,0.04
395603,0.13
395604,0.0
395611,0.05
395612,0.11
395617,0.04
395624,0.03
395653,0.19
395665,0.03
395668,0.07
395672,0.13
395677,0.05
395692,0.0
395693,0.18
395694,0.08
395696,0.28
395699,0.0
395703,0.04
395712,0.04
395731,0.13
395732,0.03
395735,0.01
395736,0.06
395744,0.44
395763,0.05
395771,0.01
395774,0.04
395784,0.02
395790,0.05
395792,0.33
395796,0.02
395808,0.07
395810,0.02
395814,0.3
395831,0.04
395836,0.02
395837,0.0
395852,0.06
395854,0.01
395856,0.08
395857,0.11
395860,0.03
395862,0.01
395875,0.01
395880,0.04
395893,0.23
395900,0.03
395908,0.04
395921,0.28
395922,0.03
395926,0.11
395933,0.07
395936,0.03
395940,0.04
395951,0.12
395964,0.0
395969,0.03
395971,0.04
395973,0.04
395975,0.22
395984,0.07
395993,0.03
396012,0.06
396033,0.4
396035,0.03
396036,0.06
396041,0.1
396048,0.09
396049,0.18
396057,0.07
396060,0.05
396063,0.03
396078,0.08
396085,0.01
396087,0.03
396094,0.28
396104,0.05
396110,0.08
396123,0.1
396139,0.01
396160,0.0
396165,0.02
396169,0.16
396182,0.0
396200,0.46
396201,0.08
396202,0.02
396216,0.06
396227,0.12
396236,0.03
396240,0.2
396249,0.04
396252,0.05
396253,0.07
396276,0.06
396297,0.01
396301,0.02
396310,0.13
396327,0.03
396330,0.05
396331,0.06
396334,0.37
396337,0.06
396343,0.05
396346,0.0
396350,0.16
396368,0.03
396375,0.34
396378,0.05
396380,0.03
396393,0.04
396397,0.09
396403,0.01
396404,0.42
396408,0.0
396414,0.01
396418,0.37
396420,0.0
396426,0.09
396428,0.04
396434,0.35
396435,0.1
396437,0.01
396442,0.03
396444,0.13
396449,0.01
396453,0.09
396464,0.13
396474,0.08
396483,0.01
396496,0.13
396501,0.03
396505,0.01
396506,0.0
396512,0.0
396513,0.05
396518,0.18
396530,0.1
396542,0.31
396549,0.0
396553,0.01
396555,0.12
396557,0.11
396562,0.05
396566,0.11
396588,0.01
396589,0.04
396590,0.13
396597,0.03
396602,0.02
396609,0.27
396614,0.13
396617,0.04
396620,0.02
396625,0.27
396638,0.11
396640,0.03
396646,0.03
396648,0.05
396653,0.1
396663,0.03
396668,0.03
396670,0.36
396678,0.09
396681,0.16
396698,0.0
396699,0.06
396710,0.02
396713,0.16
396729,0.09
396732,0.15
396735,0.14
396752,0.04
396754,0.06
396761,0.01
396769,0.16
396777,0.02
396789,0.35
396790,0.05
396792,0.15
396824,0.06
396829,0.0
396830,0.04
396844,0.07
396849,0.02
396855,0.19
396864,0.04
396865,0.12
396866,0.01
396883,0.04
396889,0.12
396893,0.05
396900,0.04
396904,0.0
396912,0.03
396916,0.0
396922,0.0
396926,0.0
396928,0.04
396931,0.05
396944,0.08
396949,0.11
396952,0.31
396979,0.08
396984,0.02
396986,0.0
396992,0.01
396995,0.37
397014,0.02
397025,0.02
397046,0.09
397047,0.03
397051,0.01
397052,0.24
397058,0.05
397071,0.0
397081,0.0
397084,0.0
397086,0.08
397088,0.06
397090,0.26
397093,0.2
397106,0.12
397109,0.23
397110,0.08
397118,0.0
397119,0.05
397120,0.01
397127,0.02
397128,0.02
397129,0.08
397132,0.28
397138,0.01
397139,0.1
397146,0.12
397148,0.13
397149,0.23
397166,0.01
397167,0.1
397168,0.0
397171,0.0
397178,0.05
397185,0.07
397191,0.14
397195,0.07
397197,0.1
397198,0.02
397211,0.04
397213,0.03
397216,0.05
397219,0.19
397226,0.0
397241,0.05
397249,0.05
397261,0.04
397265,0.05
397281,0.04
397304,0.0
397306,0.16
397325,0.04
397327,0.08
397345,0.35
397360,0.02
397378,0.04
397383,0.08
397384,0.06
397399,0.03
397415,0.0
397433,0.02
397444,0.31
397452,0.19
397458,0.19
397460,0.04
397462,0.08
397464,0.21
397466,0.47
397472,0.04
397474,0.04
397476,0.08
397482,0.31
397492,0.06
397494,0.01
397501,0.27
397507,0.08
397512,0.08
397513,0.08
397517,0.02
397533,0.12
397549,0.42
397560,0.14
397562,0.0
397570,0.23
397575,0.02
397584,0.0
397585,0.05
397593,0.06
397609,0.19
397615,0.03
397630,0.09
397631,0.02
397633,0.05
397641,0.04
397664,0.02
397668,0.0
397674,0.04
397679,0.11
397681,0.19
397694,0.04
397695,0.12
397707,0.19
397713,0.01
397714,0.07
397715,0.0
397724,0.01
397726,0.14
397729,0.08
397739,0.04
397741,0.0
397759,0.22
397761,0.02
397767,0.29
397776,0.08
397782,0.26
397785,0.02
397789,0.01
397793,0.03
397794,0.21
397804,0.03
397815,0.13
397816,0.16
397825,0.15
397857,0.18
397861,0.09
397890,0.01
397891,0.18
397900,0.04
397903,0.01
397911,0.02
397925,0.09
397928,0.06
397954,0.01
397955,0.01
397962,0.13
397971,0.16
397975,0.02
397984,0.03
397989,0.02
397993,0.09
398004,0.01
398032,0.46
398038,0.13
398043,0.01
398046,0.15
398051,0.3
398061,0.03
398082,0.05
398086,0.09
398087,0.08
398088,0.05
398093,0.03
398103,0.04
398106,0.0
398109,0.14
398110,0.0
398113,0.04
398116,0.1
398132,0.04
398135,0.06
398138,0.08
398159,0.06
398163,0.49
398165,0.06
398166,0.0
398173,0.11
398179,0.08
398181,0.14
398189,0.02
398196,0.05
398206,0.08
398208,0.12
398220,0.16
398231,0.09
398234,0.03
398239,0.13
398254,0.01
398260,0.02
398261,0.03
398269,0.76
398274,0.1
398279,0.07
398280,0.14
398292,0.33
398293,0.08
398295,0.11
398329,0.03
398337,0.0
398344,0.01
398347,0.0
398348,0.5
398352,0.0
398355,0.03
398360,0.11
398363,0.13
398368,0.03
398373,0.36
398377,0.05
398384,0.03
398389,0.03
398394,0.03
398397,0.08
398400,0.01
398409,0.03
398429,0.06
398432,0.12
398444,0.42
398446,0.47
398456,0.01
398461,0.0
398473,0.07
398480,0.03
398481,0.02
398485,0.03
398488,0.08
398500,0.3
398520,0.01
398524,0.09
398534,0.14
398554,0.01
398572,0.02
398580,0.05
398586,0.01
398592,0.1
398606,0.03
398619,0.09
398621,0.0
398625,0.08
398645,0.08
398652,0.18
398656,0.0
398661,0.1
398667,0.07
398669,0.02
398676,0.02
398690,0.13
398699,0.12
398715,0.07
398718,0.02
398721,0.03
398729,0.03
398737,0.02
398738,0.0
398752,0.02
398757,0.04
398759,0.03
398764,0.15
398771,0.18
398773,0.06
398775,0.06
398779,0.08
398791,0.18
398807,0.13
398811,0.01
398814,0.15
398817,0.11
398829,0.09
398830,0.03
398838,0.1
398839,0.06
398841,0.17
398850,0.0
398852,0.07
398858,0.14
398859,0.11
398862,0.16
398870,0.2
398875,0.04
398902,0.01
398910,0.01
398919,0.03
398929,0.06
398935,0.32
398940,0.05
398953,0.01
398956,0.04
398963,0.04
398966,0.03
398967,0.04
398968,0.02
398974,0.03
398976,0.01
398982,0.12
398993,0.02
399011,0.09
399016,0.01
399017,0.03
399020,0.05
399047,0.16
399053,0.67
399056,0.0
399061,0.08
399066,0.07
399074,0.07
399086,0.03
399088,0.08
399091,0.08
399092,0.11
399093,0.04
399100,0.03
399124,0.05
399131,0.1
399142,0.02
399149,0.01
399158,0.52
399160,0.01
399167,0.04
399169,0.09
399171,0.06
399174,0.01
399178,0.48
399179,0.11
399184,0.07
399185,0.0
399186,0.12
399191,0.0
399192,0.02
399195,0.18
399212,0.18
399221,0.19
399223,0.18
399230,0.09
399246,0.05
399260,0.08
399261,0.22
399266,0.04
399289,0.04
399293,0.03
399299,0.01
399306,0.07
399321,0.01
399328,0.0
399344,0.0
399352,0.1
399358,0.02
399374,0.33
399382,0.42
399385,0.11
399388,0.01
399399,0.0
399410,0.05
399417,0.04
399423,0.11
399427,0.01
399429,0.07
399435,0.14
399439,0.07
399451,0.01
399454,0.03
399458,0.04
399468,0.01
399477,0.04
399483,0.04
399493,0.02
399494,0.08
399499,0.03
399503,0.07
399510,0.06
399511,0.05
399525,0.07
399528,0.06
399533,0.03
399538,0.14
399551,0.02
399568,0.1
399571,0.04
399585,0.0
399589,0.03
399595,0.0
399598,0.0
399605,0.11
399616,0.07
399617,0.0
399622,0.07
399627,0.2
399635,0.02
399639,0.11
399641,0.07
399643,0.11
399659,0.06
399667,0.11
399683,0.04
399702,0.02
399706,0.34
399720,0.01
399727,0.12
399730,0.17
399734,0.03
399751,0.02
399754,0.07
399759,0.12
399768,0.05
399770,0.07
399781,0.34
399786,0.14
399799,0.03
399811,0.13
399813,0.01
399820,0.06
399832,0.07
399851,0.07
399853,0.07
399855,0.03
399860,0.04
399876,0.16
399877,0.04
399881,0.0
399882,0.03
399903,0.02
399906,0.02
399912,0.43
399915,0.07
399921,0.06
399935,0.08
399936,0.08
399938,0.03
399939,0.03
399940,0.14
399949,0.05
399953,0.0
399959,0.11
399968,0.02
399969,0.02
399972,0.03
399974,0.01
399976,0.09
399979,0.09
399988,0.1
399994,0.15
399996,0.39
399997,0.09
400000,0.1
400004,0.04
400011,0.03
400014,0.11
400015,0.03
400017,0.03
400046,0.12
400063,0.27
400065,0.15
400069,0.03
400075,0.03
400088,0.01
400091,0.03
400105,0.03
400108,0.1
400113,0.1
400119,0.04
400123,0.12
400127,0.02
400136,0.0
400137,0.1
400138,0.18
400158,0.1
400172,0.04
400174,0.05
400224,0.02
400229,0.2
400236,0.24
400240,0.01
400249,0.02
400258,0.02
400268,0.06
400272,0.0
400284,0.06
400292,0.0
400295,0.15
400308,0.03
400314,0.05
400315,0.21
400331,0.32
400332,0.05
400339,0.01
400342,0.25
400361,0.03
400363,0.04
400365,0.02
400374,0.13
400379,0.02
400382,0.01
400416,0.04
400422,0.03
400436,0.06
400460,0.06
400462,0.37
400468,0.04
400482,0.05
400489,0.07
400490,0.2
400501,0.1
400519,0.1
400525,0.34
400526,0.02
400529,0.12
400540,0.14
400543,0.28
400545,0.07
400556,0.13
400572,0.12
400584,0.03
400589,0.17
400593,0.2
400597,0.07
400616,0.04
400642,0.09
400643,0.08
400649,0.0
400672,0.28
400685,0.01
400693,0.16
400695,0.17
400701,0.07
400720,0.07
400741,0.12
400745,0.08
400750,0.06
400779,0.15
400784,0.02
400792,0.47
400800,0.01
400811,0.05
400813,0.25
400820,0.0
400830,0.01
400833,0.02
400834,0.1
400841,0.19
400855,0.14
400856,0.03
400860,0.02
400866,0.02
400869,0.07
400870,0.15
400880,0.06
400882,0.02
400915,0.17
400921,0.21
400923,0.03
400925,0.01
400936,0.05
400943,0.21
400962,0.0
400963,0.06
400967,0.15
400970,0.06
400975,0.0
400981,0.36
400983,0.11
400987,0.02
400988,0.02
400994,0.02
400998,0.3
401002,0.03
401003,0.04
401005,0.03
401007,0.09
401022,0.17
401029,0.13
401035,0.02
401036,0.21
401040,0.05
401045,0.19
401053,0.09
401065,0.03
401067,0.03
401069,0.03
401073,0.12
401074,0.13
401078,0.12
401082,0.25
401086,0.04
401092,0.08
401097,0.24
401098,0.09
401099,0.05
401100,0.08
401107,0.05
401119,0.24
401120,0.0
401137,0.03
401142,0.13
401162,0.05
401163,0.06
401172,0.08
401179,0.05
401182,0.22
401184,0.08
401190,0.04
401207,0.0
401210,0.0
401220,0.05
401225,0.04
401230,0.13
401240,0.03
401246,0.25
401256,0.08
401273,0.12
401274,0.02
401287,0.08
401292,0.04
401305,0.05
401310,0.0
401311,0.17
401321,0.07
401332,0.03
401338,0.02
401345,0.29
401368,0.1
401375,0.32
401378,0.09
401379,0.0
401395,0.05
401403,0.05
401406,0.01
401415,0.06
401424,0.1
401425,0.04
401428,0.1
401430,0.12
401436,0.03
401440,0.02
401443,0.08
401447,0.02
401448,0.0
401450,0.03
401459,0.03
401462,0.08
401470,0.2
401479,0.15
401481,0.03
401486,0.09
401496,0.04
401497,0.14
401502,0.02
401508,0.05
401513,0.04
401517,0.36
401519,0.11
401533,0.16
401536,0.2
401547,0.08
401581,0.03
401582,0.01
401586,0.02
401593,0.36
401603,0.05
401621,0.03
401625,0.03
401635,0.33
401646,0.07
401649,0.04
401660,0.12
401668,0.2
401686,0.01
401706,0.13
401712,0.0
401721,0.03
401725,0.12
401730,0.21
401741,0.0
401743,0.02
401748,0.05
401751,0.01
401770,0.02
401791,0.1
401792,0.07
401808,0.23
401816,0.01
401820,0.07
401821,0.01
401828,0.02
401830,0.09
401832,0.08
401839,0.0
401852,0.0
401868,0.03
401876,0.04
401879,0.13
401882,0.01
401894,0.0
401899,0.07
401901,0.53
401913,0.05
401919,0.01
401920,0.02
401923,0.04
401924,0.22
401932,0.2
401942,0.01
401949,0.03
401950,0.32
401951,0.02
401952,0.06
401971,0.37
401972,0.04
401973,0.02
401974,0.26
401983,0.11
401984,0.08
401988,0.02
401989,0.08
401990,0.01
402024,0.12
402029,0.08
402030,0.26
402041,0.08
402042,0.1
402043,0.07
402052,0.16
402053,0.0
402054,0.01
402057,0.02
402067,0.04
402068,0.02
402069,0.11
402070,0.1
402071,0.04
402073,0.0
402074,0.0
402075,0.1
402076,0.03
402077,0.02
402078,0.41
402079,0.04
402080,0.08
402081,0.01
402082,0.04
402089,0.11
402090,0.17
402091,0.05
402092,0.1
402094,0.04
402095,0.03
402096,0.13
402109,0.07
402151,0.04
402152,0.06
402153,0.04
402155,0.0
402201,0.04
402210,0.06
402212,0.02
402218,0.25
402227,0.05
402234,0.18
402236,0.13
402242,0.02
402243,0.1
402244,0.31
402245,0.0
402250,0.13
402251,0.1
402254,0.21
402255,0.07
402256,0.1
402257,0.33
402258,0.27
402259,0.17
402260,0.03
402261,0.4
402262,0.08
402263,0.27
402264,0.02
402265,0.02
402266,0.32
402267,0.03
402268,0.02
402270,0.04
402271,0.02
402272,0.09
402273,0.09
402274,0.03
402275,0.03
402276,0.03
402277,0.06
402278,0.0
402279,0.24
402280,0.01
402362,0.14
402363,0.07
402364,0.14
402370,0.02
402376,0.02
402381,0.21
402384,0.1
402389,0.18
402414,0.08
402416,0.0
402417,0.0
402420,0.03
402426,0.11
402436,0.17
402444,0.07
402447,0.07
402449,0.1
402454,0.46
402458,0.27
402460,0.07
402466,0.02
402475,0.03
402498,0.28
402502,0.02
402505,0.12
402509,0.03
402513,0.34
402517,0.01
402519,0.02
402522,0.13
402523,0.01
402525,0.05
402528,0.07
402534,0.47
402536,0.01
402542,0.05
402548,0.17
402552,0.07
402559,0.01
402563,0.08
402568,0.02
402573,0.06
402574,0.1
402575,0.1
402577,0.12
402602,0.02
402603,0.11
402604,0.01
402614,0.02
402615,0.06
402616,0.1
402617,0.14
402618,0.04
402619,0.06
402639,0.06
402640,0.02
402641,0.32
402642,0.04
402643,0.04
402644,0.11
402645,0.08
402649,0.02
402650,0.21
402653,0.08
402654,0.0
402655,0.06
402656,0.21
402657,0.04
402658,0.02
402659,0.12
402662,0.09
402696,0.02
402705,0.03
402707,0.13
402708,0.09
402709,0.12
402729,0.06
402730,0.04
402732,0.08
402739,0.03
402740,0.03
402741,0.03
402744,0.39
402745,0.25
402746,0.0
402772,0.12
402773,0.02
402774,0.05
402780,0.21
402781,0.1
402782,0.2
402790,0.05
402803,0.17
402808,0.29
402809,0.02
402810,0.06
402811,0.04
402815,0.09
402820,0.05
402821,0.06
402822,0.02
402824,0.16
402825,0.03
402870,0.0
402875,0.02
402924,0.08
402925,0.09
402926,0.0
402927,0.01
402928,0.0
402929,0.04
402930,0.23
402931,0.0
402932,0.03
402933,0.24
402940,0.05
402953,0.0
402954,0.12
402955,0.06
402956,0.04
402957,0.1
402970,0.01
402973,0.3
402974,0.06
402975,0.51
402976,0.05
402977,0.04
402978,0.04
402979,0.12
402980,0.17
402981,0.08
402982,0.04
402993,0.26
402994,0.07
403099,0.07
403137,0.12
403138,0.16
403165,0.06
403192,0.53
403214,0.08
403223,0.01
403238,0.08
403244,0.07
403246,0.04
403252,0.12
403254,0.05
403255,0.0
403259,0.06
403262,0.05
403277,0.08
403280,0.2
403281,0.0
403287,0.06
403315,0.02
403318,0.08
403319,0.01
403327,0.02
403331,0.08
403342,0.29
403349,0.04
403353,0.06
403364,0.05
403369,0.06
403373,0.18
403376,0.0
403378,0.0
403384,0.11
403385,0.0
403386,0.01
403388,0.0
403396,0.11
403398,0.05
403404,0.13
403410,0.03
403414,0.08
403417,0.12
403422,0.04
403424,0.05
403438,0.06
403451,0.07
403452,0.05
403453,0.02
403454,0.07
403455,0.02
403464,0.22
403465,0.08
403466,0.09
403500,0.11
403501,0.04
403524,0.3
403525,0.25
403526,0.0
403527,0.1
403542,0.14
403543,0.01
403549,0.04
403550,0.13
403551,0.21
403552,0.05
403553,0.0
403554,0.03
403558,0.02
403559,0.08
403560,0.5
403561,0.25
403562,0.08
403564,0.07
403565,0.17
403566,0.0
403600,0.07
403602,0.03
403603,0.0
403662,0.04
403685,0.04
403686,0.02
403687,0.03
403688,0.12
403689,0.11
403690,0.35
403691,0.04
403692,0.03
403696,0.16
403697,0.3
403698,0.0
403699,0.24
403701,0.04
403702,0.03
403703,0.08
403704,0.13
403705,0.03
403712,0.02
403713,0.02
403714,0.36
403715,0.06
403718,0.01
403722,0.12
403723,0.09
403724,0.14
403725,0.1
403726,0.05
403764,0.0
403765,0.0
403766,0.0
403770,0.26
403771,0.01
403772,0.04
403795,0.3
403799,0.01
403800,0.03
403801,0.05
403802,0.28
403803,0.07
403811,0.04
403814,0.0
403815,0.0
403816,0.06
403817,0.05
403818,0.02
403820,0.03
403821,0.43
403822,0.24
403823,0.04
403824,0.07
403825,0.02
403826,0.01
403828,0.0
403834,0.0
403836,0.16
403837,0.13
403838,0.3
403839,0.06
403873,0.02
403876,0.13
403902,0.02
403918,0.01
403922,0.24
403928,0.23
403929,0.03
403931,0.01
403932,0.03
403933,0.07
403935,0.06
403936,0.1
403937,0.01
403938,0.02
403943,0.05
403944,0.02
403945,0.0
403946,0.03
403948,0.13
403951,0.11
403955,0.03
403956,0.02
403957,0.21
403958,0.13
403960,0.23
403961,0.08
403962,0.05
403963,0.13
403964,0.14
403965,0.11
403966,0.14
403967,0.0
403968,0.07
403969,0.06
403970,0.01
403971,0.07
403972,0.09
403973,0.04
403974,0.23
403975,0.0
403976,0.04
403977,0.04
403978,0.07
403979,0.07
403980,0.16
403981,0.03
403982,0.02
404062,0.02
404067,0.11
404070,0.1
404079,0.04
404084,0.04
404108,0.06
404112,0.0
404118,0.2
404121,0.07
404122,0.06
404126,0.04
404140,0.01
404152,0.08
404156,0.3
404158,0.02
404160,0.01
404172,0.01
404174,0.02
404180,0.2
404186,0.13
404190,0.22
404192,0.03
404206,0.01
404207,0.22
404213,0.22
404216,0.05
404220,0.04
404227,0.01
404235,0.09
404247,0.11
404259,0.0
404266,0.07
404267,0.06
404274,0.25
404276,0.22
404277,0.03
404278,0.04
404279,0.14
404280,0.04
404287,0.02
404288,0.12
404289,0.0
404290,0.23
404291,0.01
404293,0.19
404302,0.15
404303,0.01
404304,0.23
404307,0.15
404308,0.06
404309,0.51
404310,0.06
404311,0.25
404312,0.27
404323,0.01
404324,0.03
404325,0.02
404326,0.0
404327,0.19
404328,0.0
404329,0.05
404330,0.29
404331,0.03
404335,0.12
404336,0.11
404337,0.05
404364,0.09
404379,0.09
404380,0.57
404381,0.28
404382,0.06
404385,0.04
404390,0.0
404391,0.03
404392,0.14
404393,0.01
404396,0.01
404400,0.24
404401,0.0
404402,0.1
404403,0.2
404404,0.05
404405,0.1
404406,0.01
404437,0.31
404439,0.09
404461,0.28
404462,0.24
404464,0.0
404468,0.19
404469,0.03
404470,0.06
404471,0.03
404472,0.15
404473,0.07
404474,0.02
404475,0.05
404477,0.08
404478,0.08
404554,0.01
404555,0.04
404556,0.04
404557,0.12
404569,0.25
404571,0.04
404585,0.11
404586,0.05
404592,0.13
404595,0.0
404596,0.09
404597,0.11
404603,0.23
404606,0.06
404607,0.04
404608,0.07
404609,0.05
404620,0.06
404689,0.02
404708,0.01
404734,0.14
404771,0.01
404806,0.07
404818,0.03
404850,0.0
404870,0.12
404923,0.0
404934,0.08
404938,0.07
404954,0.04
404957,0.03
404963,0.23
404964,0.02
404969,0.06
404970,0.0
404979,0.0
404997,0.09
404998,0.01
405009,0.07
405016,0.0
405018,0.01
405035,0.04
405036,0.05
405038,0.37
405047,0.18
405055,0.13
405060,0.03
405066,0.05
405081,0.12
405084,0.24
405089,0.05
405098,0.1
405100,0.54
405114,0.09
405118,0.16
405119,0.27
405120,0.09
405121,0.24
405124,0.04
405125,0.0
405132,0.04
405179,0.0
405193,0.13
405194,0.19
405195,0.04
405206,0.0
405207,0.02
405211,0.0
405215,0.0
405217,0.04
405219,0.16
405220,0.04
405231,0.01
405232,0.07
405291,0.04
405316,0.17
405317,0.0
405318,0.16
405319,0.01
405320,0.0
405325,0.03
405326,0.01
405333,0.08
405334,0.13
405349,0.18
405351,0.07
405353,0.02
405354,0.34
405361,0.15
405362,0.0
405363,0.02
405364,0.06
405365,0.1
405366,0.17
405372,0.11
405397,0.04
405402,0.04
405409,0.15
405410,0.5
405411,0.06
405412,0.17
405435,0.05
405436,0.06
405438,0.01
405442,0.04
405443,0.29
405444,0.12
405445,0.13
405446,0.0
405468,0.05
405489,0.12
405490,0.12
405498,0.04
405509,0.06
405510,0.01
405511,0.09
405512,0.09
405517,0.02
405518,0.04
405523,0.02
405544,0.0
405546,0.24
405552,0.04
405583,0.02
405592,0.02
405599,0.01
405602,0.01
405607,0.0
405613,0.09
405620,0.21
405624,0.23
405625,0.08
405626,0.1
405632,0.02
405633,0.0
405637,0.25
405640,0.03
405642,0.22
405646,0.0
405647,0.06
405650,0.23
405653,0.18
405654,0.0
405660,0.02
405666,0.04
405667,0.05
405668,0.0
405669,0.05
405671,0.14
405672,0.01
405673,0.07
405674,0.25
405675,0.02
405676,0.02
405677,0.05
405679,0.09
405680,0.22
405682,0.05
405683,0.01
405684,0.23
405685,0.24
405687,0.13
405689,0.06
405690,0.03
405691,0.11
405692,0.09
405693,0.03
405695,0.09
405696,0.03
405697,0.09
405698,0.05
405699,0.03
405700,0.27
405701,0.21
405702,0.25
405761,0.05
405765,0.05
405769,0.03
405784,0.18
405811,0.03
405814,0.0
405816,0.02
405818,0.09
405821,0.21
405822,0.0
405838,0.03
405841,0.08
405846,0.01
405855,0.16
405857,0.01
405858,0.19
405860,0.12
405861,0.33
405871,0.1
405879,0.01
405880,0.04
405886,0.01
405901,0.1
405904,0.06
405905,0.01
405906,0.05
405927,0.02
405930,0.12
405944,0.08
405946,0.0
405954,0.12
405963,0.14
405964,0.08
405965,0.01
405966,0.4
405970,0.01
405971,0.1
405992,0.07
405996,0.02
405999,0.06
406002,0.03
406003,0.02
406004,0.04
406005,0.04
406006,0.13
406007,0.42
406008,0.3
406028,0.01
406029,0.03
406043,0.04
406044,0.08
406045,0.07
406046,0.46
406048,0.03
406050,0.12
406051,0.08
406052,0.22
406053,0.21
406077,0.03
406082,0.04
406083,0.35
406084,0.13
406098,0.02
406099,0.1
406100,0.34
406113,0.2
406114,0.1
406115,0.04
406116,0.01
406117,0.01
406127,0.02
406128,0.05
406129,0.07
406132,0.01
406133,0.02
406134,0.03
406135,0.45
406136,0.05
406137,0.08
406138,0.25
406139,0.23
406142,0.18
406143,0.14
406175,0.09
406176,0.11
406177,0.03
406194,0.0
406195,0.02
406208,0.01
406210,0.19
406216,0.14
406217,0.09
406227,0.18
406228,0.07
406253,0.14
406254,0.12
406260,0.12
406267,0.17
406269,0.03
406276,0.04
406277,0.01
406279,0.05
406288,0.01
406297,0.11
406308,0.23
406310,0.13
406320,0.0
406336,0.01
406352,0.0
406365,0.03
406369,0.09
406371,0.04
406401,0.08
406408,0.02
406409,0.04
406475,0.29
406492,0.02
406510,0.17
406519,0.02
406565,0.32
406584,0.13
406596,0.02
406598,0.1
406605,0.13
406609,0.08
406610,0.08
406611,0.02
406654,0.05
406670,0.08
406675,0.15
406681,0.05
406682,0.0
406695,0.02
406697,0.03
406712,0.02
406719,0.03
406725,0.14
406734,0.07
406743,0.31
406778,0.08
406784,0.04
406786,0.11
406791,0.06
406792,0.04
406803,0.16
406812,0.06
406813,0.06
406814,0.0
406841,0.03
406842,0.07
406843,0.07
406848,0.09
406861,0.06
406862,0.28
406863,0.27
406864,0.02
406865,0.17
406871,0.05
406872,0.19
406873,0.08
406893,0.08
406919,0.01
406920,0.07
406921,0.12
406923,0.05
406924,0.02
406925,0.02
406926,0.03
406927,0.09
406936,0.01
406937,0.19
406938,0.04
406939,0.03
406940,0.1
406941,0.18
406952,0.09
406953,0.03
406954,0.03
406962,0.09
406963,0.26
406964,0.07
406965,0.15
406966,0.13
406967,0.03
406968,0.08
406969,0.06
406970,0.03
406971,0.2
406972,0.22
406973,0.02
406974,0.13
406975,0.11
406976,0.01
406977,0.02
406985,0.01
406987,0.03
407025,0.07
407031,0.09
407033,0.09
407039,0.12
407041,0.06
407044,0.01
407046,0.09
407053,0.02
407061,0.11
407069,0.01
407070,0.18
407072,0.08
407073,0.08
407081,0.25
407082,0.0
407088,0.01
407091,0.33
407097,0.01
407104,0.43
407105,0.36
407106,0.02
407121,0.0
407128,0.02
407137,0.07
407144,0.19
407145,0.17
407154,0.08
407162,0.01
407164,0.14
407168,0.31
407203,0.02
407210,0.18
407215,0.15
407218,0.02
407228,0.15
407262,0.03
407274,0.23
407280,0.24
407288,0.07
407298,0.02
407299,0.05
407302,0.07
407303,0.09
407305,0.25
407306,0.33
407307,0.02
407313,0.01
407314,0.03
407315,0.02
407316,0.08
407322,0.07
407323,0.01
407324,0.08
407325,0.17
407329,0.3
407330,0.19
407332,0.07
407333,0.07
407334,0.03
407335,0.07
407336,0.13
407337,0.12
407338,0.04
407339,0.0
407340,0.04
407341,0.21
407342,0.04
407343,0.01
407344,0.02
407345,0.07
407346,0.28
407353,0.01
407364,0.0
407365,0.03
407366,0.02
407370,0.04
407373,0.31
407376,0.15
407386,0.13
407388,0.25
407391,0.01
407393,0.02
407427,0.03
407452,0.07
407454,0.08
407457,0.03
407462,0.04
407463,0.01
407468,0.08
407469,0.0
407478,0.1
407482,0.04
407487,0.3
407489,0.05
407498,0.27
407516,0.24
407519,0.05
407528,0.06
407532,0.25
407534,0.61
407543,0.04
407546,0.19
407550,0.1
407555,0.17
407558,0.02
407587,0.03
407588,0.01
407594,0.16
407596,0.23
407598,0.05
407602,0.08
407605,0.09
407613,0.07
407619,0.11
407625,0.05
407627,0.03
407629,0.08
407631,0.03
407633,0.17
407636,0.1
407645,0.3
407648,0.06
407669,0.04
407674,0.04
407675,0.07
407676,0.12
407677,0.2
407678,0.16
407679,0.03
407680,0.05
407681,0.09
407682,0.12
407684,0.18
407692,0.08
407693,0.08
407694,0.0
407695,0.02
407696,0.01
407697,0.06
407698,0.33
407699,0.17
407702,0.01
407703,0.09
407725,0.17
407726,0.28
407729,0.2
407731,0.02
407745,0.14
407749,0.01
407750,0.06
407751,0.02
407752,0.35
407753,0.16
407754,0.16
407755,0.16
407756,0.01
407765,0.01
407766,0.09
407767,0.02
407768,0.03
407773,0.0
407774,0.22
407778,0.03
407779,0.11
407780,0.32
407781,0.1
407782,0.04
407783,0.03
407784,0.05
407825,0.09
407826,0.05
407828,0.17
407829,0.04
407830,0.03
407831,0.1
407832,0.04
407838,0.04
407839,0.27
407840,0.0
407841,0.2
407842,0.03
407855,0.11
407857,0.05
407881,0.06
407882,0.18
407885,0.05
407915,0.03
407916,0.1
407918,0.11
407919,0.13
407920,0.08
407921,0.03
407922,0.04
407927,0.07
407934,0.02
407941,0.13
407942,0.03
407943,0.12
407944,0.02
407946,0.05
407947,0.05
407952,0.04
407955,0.07
407978,0.16
407986,0.01
408003,0.18
408006,0.0
408008,0.0
408015,0.07
408016,0.19
408028,0.32
408035,0.08
408042,0.02
408044,0.11
408052,0.01
408053,0.11
408056,0.06
408068,0.07
408071,0.12
408074,0.14
408085,0.08
408089,0.1
408091,0.01
408098,0.07
408106,0.12
408108,0.16
408116,0.47
408126,0.04
408130,0.15
408135,0.08
408148,0.08
408168,0.12
408170,0.04
408172,0.01
408176,0.1
408181,0.09
408191,0.04
408194,0.03
408213,0.0
408248,0.03
408249,0.04
408250,0.12
408256,0.17
408261,0.03
408262,0.1
408268,0.3
408269,0.01
408273,0.05
408280,0.06
408286,0.16
408347,0.17
408349,0.01
408350,0.01
408351,0.11
408352,0.0
408355,0.08
408356,0.06
408357,0.09
408384,0.05
408385,0.04
408386,0.14
408387,0.01
408388,0.01
408389,0.03
408390,0.01
408391,0.12
408392,0.06
408393,0.05
408398,0.02
408399,0.01
408400,0.03
408405,0.08
408406,0.0
408437,0.03
408459,0.02
408460,0.18
408463,0.15
408467,0.05
408468,0.02
408471,0.14
408477,0.12
408478,0.03
408479,0.13
408481,0.04
408482,0.0
408483,0.02
408484,0.07
408485,0.05
408486,0.0
408489,0.11
408490,0.03
408504,0.0
408506,0.03
408508,0.03
408514,0.02
408515,0.0
408516,0.09
408517,0.31
408518,0.05
408523,0.12
408524,0.01
408525,0.07
408526,0.03
408531,0.08
408579,0.0
408580,0.07
408581,0.04
408599,0.15
408615,0.08
408616,0.01
408617,0.14
408619,0.01
408622,0.35
408624,0.03
408625,0.0
408626,0.01
408627,0.03
408651,0.1
408658,0.03
408659,0.15
408660,0.01
408661,0.06
408662,0.07
408688,0.09
408689,0.07
408690,0.0
408695,0.14
408696,0.1
408701,0.05
408702,0.0
408705,0.09
408728,0.05
408742,0.02
408759,0.06
408766,0.1
408768,0.34
408774,0.06
408775,0.11
408780,0.03
408790,0.1
408791,0.05
408792,0.06
408794,0.17
408797,0.0
408808,0.12
408830,0.11
408857,0.02
408863,0.02
408874,0.27
408880,0.06
408885,0.12
408890,0.01
408898,0.0
408902,0.03
408903,0.0
408905,0.03
408908,0.04
408911,0.0
408921,0.08
408932,0.05
408933,0.12
408935,0.22
408960,0.03
408968,0.02
408985,0.12
408986,0.03
408990,0.06
408993,0.06
409001,0.08
409003,0.03
409008,0.14
409010,0.14
409015,0.0
409017,0.04
409028,0.0
409034,0.03
409035,0.0
409041,0.02
409054,0.03
409057,0.0
409064,0.08
409065,0.31
409066,0.0
409068,0.17
409076,0.04
409080,0.07
409083,0.14
409084,0.05
409085,0.12
409088,0.0
409105,0.05
409121,0.01
409123,0.45
409133,0.01
409153,0.05
409156,0.06
409157,0.29
409158,0.0
409163,0.22
409167,0.15
409168,0.01
409169,0.05
409172,0.03
409173,0.03
409174,0.0
409175,0.03
409192,0.63
409193,0.09
409197,0.0
409204,0.04
409206,0.12
409208,0.04
409209,0.07
409212,0.0
409213,0.11
409214,0.08
409217,0.02
409218,0.04
409220,0.0
409221,0.08
409227,0.11
409228,0.04
409229,0.02
409230,0.15
409259,0.04
409261,0.06
409269,0.14
409277,0.03
409278,0.01
409285,0.17
409286,0.07
409287,0.09
409293,0.01
409297,0.02
409298,0.01
409299,0.05
409340,0.13
409377,0.05
409383,0.0
409384,0.02
409409,0.06
409412,0.05
409413,0.17
409414,0.09
409415,0.02
409423,0.12
409428,0.07
409429,0.11
409430,0.02
409431,0.21
409432,0.18
409433,0.0
409434,0.32
409442,0.2
409443,0.21
409446,0.01
409463,0.06
409482,0.0
409507,0.11
409508,0.01
409509,0.0
409514,0.06
409535,0.03
409536,0.05
409537,0.06
409538,0.08
409541,0.05
409542,0.07
409543,0.01
409545,0.06
409550,0.12
409551,0.06
409552,0.19
409553,0.21
409558,0.04
409563,0.01
409574,0.0
409607,0.06
409608,0.07
409628,0.02
409632,0.24
409633,0.4
409636,0.18
409676,0.01
409691,0.12
409694,0.0
409707,0.04
409723,0.05
409741,0.0
409743,0.04
409747,0.09
409773,0.15
409777,0.11
409778,0.4
409804,0.06
409805,0.02
409812,0.03
409817,0.06
409836,0.06
409846,0.09
409850,0.16
409852,0.02
409861,0.18
409864,0.2
409871,0.06
409891,0.16
409896,0.02
409917,0.09
409918,0.07
409923,0.02
409941,0.02
409949,0.03
409953,0.1
409958,0.05
409972,0.02
409979,0.11
409983,0.02
409984,0.17
409985,0.05
409986,0.17
409994,0.2
409999,0.02
410019,0.27
410024,0.07
410025,0.03
410039,0.01
410044,0.11
410045,0.07
410046,0.1
410047,0.03
410048,0.08
410065,0.08
410066,0.04
410073,0.0
410087,0.0
410089,0.23
410092,0.04
410093,0.2
410094,0.11
410095,0.01
410096,0.0
410101,0.19
410102,0.05
410103,0.02
410107,0.02
410110,0.15
410111,0.09
410112,0.16
410142,0.01
410143,0.01
410161,0.22
410162,0.11
410165,0.0
410166,0.06
410167,0.15
410184,0.18
410185,0.02
410186,0.0
410187,0.05
410223,0.03
410256,0.34
410257,0.08
410258,0.0
410259,0.0
410269,0.1
410270,0.12
410273,0.08
410274,0.07
410275,0.05
410276,0.31
410277,0.02
410295,0.01
410296,0.12
410297,0.02
410298,0.19
410300,0.0
410301,0.0
410302,0.07
410303,0.02
410304,0.04
410305,0.01
410306,0.1
410307,0.07
410308,0.24
410309,0.13
410316,0.03
410317,0.14
410358,0.17
410359,0.0
410360,0.14
410368,0.3
410369,0.17
410370,0.01
410372,0.05
410373,0.01
410378,0.3
410379,0.02
410380,0.18
410387,0.04
410388,0.44
410389,0.01
410390,0.02
410405,0.02
410411,0.04
410416,0.01
410418,0.04
410424,0.08
410429,0.11
410438,0.09
410442,0.06
410448,0.01
410456,0.31
410464,0.05
410467,0.08
410473,0.04
410476,0.0
410479,0.13
410499,0.0
410526,0.01
410528,0.13
410546,0.07
410564,0.03
410567,0.15
410571,0.11
410572,0.24
410573,0.02
410577,0.03
410581,0.09
410587,0.13
410588,0.01
410595,0.07
410602,0.0
410606,0.03
410616,0.03
410624,0.12
410626,0.34
410637,0.07
410660,0.0
410661,0.0
410663,0.24
410664,0.05
410669,0.09
410675,0.01
410679,0.15
410684,0.01
410689,0.03
410693,0.03
410697,0.02
410698,0.01
410699,0.0
410706,0.01
410710,0.1
410712,0.0
410716,0.08
410725,0.03
410735,0.08
410742,0.03
410745,0.15
410746,0.08
410751,0.02
410753,0.07
410759,0.1
410761,0.44
410770,0.02
410778,0.13
410784,0.07
410786,0.17
410789,0.02
410800,0.0
410811,0.05
410813,0.03
410821,0.07
410822,0.01
410879,0.24
410880,0.1
410900,0.07
410901,0.11
410908,0.08
410909,0.0
410910,0.02
410911,0.13
410912,0.02
410913,0.08
410914,0.2
410915,0.03
410916,0.0
410917,0.11
410918,0.02
410919,0.04
410922,0.24
410923,0.2
410940,0.09
410955,0.2
410956,0.06
410959,0.32
410960,0.14
410961,0.04
410962,0.02
410963,0.17
410964,0.03
410968,0.0
410970,0.0
410971,0.05
410972,0.03
410975,0.01
410994,0.04
410999,0.14
411011,0.18
411012,0.03
411014,0.18
411021,0.0
411022,0.19
411023,0.14
411024,0.05
411025,0.04
411026,0.08
411027,0.39
411028,0.07
411030,0.08
411031,0.05
411032,0.02
411033,0.01
411049,0.06
411050,0.02
411051,0.22
411052,0.17
411073,0.0
411074,0.04
411076,0.25
411080,0.01
411081,0.07
411082,0.0
411093,0.03
411094,0.06
411095,0.06
411099,0.05
411102,0.03
411103,0.06
411112,0.05
411114,0.01
411115,0.01
411116,0.04
411168,0.04
411169,0.3
411170,0.07
411189,0.01
411190,0.03
411195,0.05
411196,0.22
411197,0.05
411205,0.0
411206,0.03
411215,0.26
411216,0.02
411217,0.03
411218,0.03
411222,0.02
411238,0.0
411239,0.21
411240,0.14
411248,0.03
411274,0.01
411275,0.2
411293,0.03
411299,0.04
411300,0.0
411301,0.15
411302,0.05
411305,0.12
411309,0.04
411334,0.05
411343,0.31
411349,0.02
411360,0.05
411363,0.02
411364,0.02
411384,0.06
411402,0.07
411424,0.08
411425,0.29
411430,0.16
411432,0.08
411434,0.31
411447,0.06
411450,0.01
411452,0.17
411463,0.0
411467,0.11
411474,0.0
411478,0.01
411480,0.02
411481,0.1
411502,0.06
411509,0.05
411511,0.1
411515,0.07
411516,0.07
411532,0.03
411565,0.02
411570,0.11
411600,0.01
411608,0.08
411613,0.03
411614,0.15
411620,0.02
411634,0.09
411639,0.04
411645,0.16
411648,0.01
411660,0.0
411668,0.0
411672,0.28
411673,0.05
411674,0.08
411675,0.05
411676,0.01
411677,0.19
411715,0.0
411718,0.11
411719,0.1
411720,0.22
411730,0.02
411731,0.09
411740,0.09
411746,0.05
411748,0.08
411749,0.01
411752,0.05
411753,0.05
411754,0.0
411755,0.04
411767,0.0
411768,0.05
411819,0.09
411826,0.11
411827,0.11
411841,0.01
411842,0.42
411843,0.12
411844,0.02
411845,0.08
411846,0.21
411850,0.17
411852,0.1
411853,0.02
411854,0.02
411855,0.05
411856,0.16
411860,0.01
411883,0.03
411938,0.02
411939,0.15
411940,0.03
411957,0.21
411958,0.22
411959,0.01
411963,0.0
411969,0.06
411970,0.08
411971,0.04
411972,0.23
411973,0.08
411974,0.02
411975,0.06
411977,0.12
411978,0.33
411979,0.21
412004,0.11
412008,0.04
412009,0.08
412010,0.06
412030,0.17
412031,0.05
412032,0.04
412036,0.01
412038,0.0
412047,0.09
412049,0.42
412082,0.0
412092,0.07
412098,0.07
412101,0.06
412108,0.49
412111,0.05
412119,0.1
412128,0.01
412139,0.14
412152,0.21
412154,0.02
412178,0.25
412180,0.08
412193,0.03
412199,0.0
412204,0.02
412206,0.06
412207,0.02
412211,0.09
412220,0.11
412221,0.0
412229,0.21
412234,0.04
412235,0.01
412236,0.01
412251,0.13
412262,0.03
412270,0.13
412280,0.01
412289,0.11
412305,0.03
412310,0.09
412345,0.0
412348,0.11
412361,0.07
412367,0.23
412368,0.08
412370,0.24
412372,0.24
412377,0.18
412380,0.12
412382,0.0
412391,0.0
412393,0.02
412411,0.18
412412,0.07
412415,0.25
412416,0.35
412422,0.45
412428,0.09
412430,0.04
412436,0.07
412447,0.05
412451,0.07
412456,0.01
412470,0.04
412472,0.04
412478,0.05
412487,0.06
412490,0.35
412494,0.26
412516,0.25
412519,0.04
412525,0.22
412527,0.13
412528,0.08
412551,0.23
412552,0.05
412557,0.21
412558,0.01
412559,0.02
412561,0.0
412563,0.0
412564,0.0
412565,0.09
412593,0.06
412598,0.33
412602,0.08
412610,0.08
412611,0.13
412612,0.0
412613,0.07
412621,0.01
412622,0.0
412623,0.11
412624,0.24
412637,0.04
412638,0.02
412639,0.1
412640,0.05
412641,0.04
412642,0.0
412643,0.14
412644,0.11
412651,0.14
412667,0.0
412669,0.11
412686,0.03
412712,0.11
412713,0.28
412714,0.01
412715,0.08
412720,0.05
412728,0.08
412738,0.03
412739,0.02
412740,0.06
412741,0.08
412753,0.03
412754,0.01
412762,0.02
412764,0.05
412765,0.04
412775,0.08
412776,0.03
412777,0.05
412778,0.23
412800,0.0
412801,0.05
412802,0.03
412829,0.17
412854,0.19
412855,0.12
412861,0.05
412862,0.12
412863,0.11
412883,0.08
412884,0.06
412886,0.21
412898,0.45
412899,0.02
412900,0.04
412922,0.26
412941,0.16
412959,0.07
412967,0.18
412980,0.08
412997,0.0
413016,0.16
413017,0.39
413027,0.01
413034,0.19
413038,0.63
413054,0.04
413059,0.03
413065,0.03
413073,0.14
413075,0.06
413081,0.02
413089,0.2
413091,0.31
413094,0.14
413104,0.04
413107,0.23
413110,0.0
413113,0.08
413117,0.18
413124,0.06
413126,0.33
413137,0.0
413145,0.1
413146,0.03
413147,0.06
413150,0.01
413159,0.19
413160,0.04
413172,0.24
413179,0.03
413181,0.0
413185,0.14
413188,0.06
413197,0.05
413208,0.17
413215,0.16
413216,0.41
413219,0.05
413232,0.03
413237,0.0
413243,0.32
413249,0.01
413262,0.05
413263,0.07
413271,0.41
413274,0.02
413280,0.3
413296,0.14
413299,0.37
413303,0.03
413320,0.06
413324,0.02
413325,0.14
413335,0.03
413341,0.14
413342,0.0
413351,0.28
413352,0.11
413359,0.03
413373,0.17
413374,0.11
413375,0.05
413376,0.04
413377,0.07
413383,0.07
413384,0.02
413392,0.02
413393,0.03
413395,0.14
413424,0.18
413425,0.0
413457,0.02
413458,0.08
413459,0.16
413460,0.08
413465,0.03
413466,0.05
413467,0.0
413468,0.03
413475,0.14
413476,0.22
413477,0.16
413478,0.02
413479,0.02
413489,0.15
413491,0.12
413492,0.12
413493,0.08
413494,0.06
413495,0.04
413498,0.13
413499,0.06
413545,0.11
413549,0.17
413550,0.02
413551,0.19
413552,0.13
413553,0.11
413554,0.04
413558,0.33
413559,0.33
413562,0.02
413563,0.09
413564,0.01
413592,0.02
413593,0.01
413594,0.01
413595,0.01
413596,0.05
413597,0.17
413604,0.01
413605,0.0
413606,0.04
413607,0.09
413616,0.32
413617,0.04
413618,0.11
413625,0.01
413626,0.18
413627,0.08
413628,0.05
413629,0.02
413630,0.06
413631,0.07
413632,0.06
413633,0.05
413634,0.09
413635,0.31
413636,0.05
413644,0.0
413645,0.05
413646,0.05
413683,0.08
413685,0.01
413686,0.28
413690,0.0
413691,0.0
413692,0.01
413693,0.14
413694,0.21
413695,0.01
413696,0.02
413702,0.08
413707,0.01
413708,0.19
413709,0.12
413730,0.09
413731,0.1
413732,0.01
413733,0.07
413734,0.05
413736,0.01
413748,0.06
413749,0.23
413751,0.16
413752,0.1
413754,0.06
413755,0.43
413756,0.16
413757,0.02
413758,0.35
413759,0.13
413760,0.01
413764,0.1
413765,0.06
413766,0.05
413767,0.01
413768,0.07
413769,0.07
413770,0.03
413776,0.06
413777,0.02
413778,0.1
413797,0.05
413824,0.05
413828,0.27
413831,0.25
413834,0.02
413841,0.09
413848,0.01
413850,0.08
413851,0.17
413857,0.02
413860,0.02
413867,0.03
413868,0.01
413871,0.02
413878,0.07
413882,0.07
413885,0.01
413886,0.09
413892,0.09
413896,0.23
413897,0.03
413917,0.16
413921,0.01
413934,0.14
413941,0.04
413953,0.04
413958,0.07
413967,0.05
413971,0.07
413975,0.1
413978,0.13
413983,0.06
413984,0.03
413989,0.04
413992,0.04
414001,0.34
414002,0.04
414003,0.0
414007,0.14
414008,0.01
414016,0.3
414022,0.01
414026,0.05
414041,0.09
414042,0.2
414045,0.02
414047,0.2
414050,0.1
414061,0.03
414068,0.07
414076,0.19
414093,0.12
414102,0.02
414109,0.0
414117,0.16
414144,0.04
414149,0.0
414160,0.14
414166,0.63
414171,0.2
414172,0.09
414183,0.09
414186,0.08
414192,0.03
414194,0.19
414203,0.3
414206,0.02
414207,0.04
414229,0.04
414231,0.04
414248,0.05
414251,0.09
414252,0.07
414253,0.48
414254,0.04
414255,0.06
414262,0.02
414265,0.37
414266,0.15
414267,0.07
414269,0.06
414270,0.0
414271,0.03
414272,0.01
414273,0.06
414275,0.05
414323,0.5
414324,0.03
414328,0.03
414329,0.27
414333,0.03
414341,0.08
414357,0.0
414358,0.01
414359,0.17
414362,0.18
414363,0.13
414368,0.16
414372,0.07
414375,0.03
414376,0.03
414382,0.16
414383,0.08
414480,0.09
414481,0.23
414484,0.01
414485,0.02
414486,0.1
414487,0.18
414488,0.09
414489,0.01
414492,0.01
414493,0.14
414497,0.01
414501,0.02
414543,0.31
414544,0.05
414559,0.08
414560,0.08
414561,0.04
414573,0.08
414574,0.07
414575,0.1
414577,0.13
414584,0.12
414585,0.06
414586,0.07
414590,0.0
414591,0.09
414593,0.16
414597,0.07
414598,0.14
414621,0.06
414635,0.43
414639,0.01
414640,0.02
414648,0.1
414656,0.01
414659,0.15
414660,0.0
414663,0.05
414683,0.06
414691,0.23
414700,0.1
414705,0.01
414708,0.02
414711,0.04
414712,0.05
414716,0.08
414720,0.05
414733,0.02
414740,0.08
414748,0.16
414767,0.13
414771,0.25
414779,0.03
414785,0.09
414787,0.0
414793,0.04
414816,0.08
414830,0.14
414831,0.35
414859,0.03
414864,0.01
414867,0.0
414871,0.01
414879,0.08
414892,0.14
414895,0.1
414911,0.05
414915,0.09
414922,0.03
414939,0.01
414945,0.01
414960,0.16
414969,0.0
414973,0.0
414979,0.09
414985,0.09
414992,0.01
414996,0.06
415000,0.06
415001,0.06
415005,0.0
415024,0.08
415038,0.12
415041,0.11
415049,0.11
415055,0.02
415061,0.31
415064,0.1
415069,0.06
415070,0.14
415071,0.02
415072,0.04
415074,0.02
415078,0.25
415079,0.1
415080,0.1
415081,0.29
415082,0.04
415085,0.12
415086,0.01
415089,0.02
415090,0.0
415091,0.22
415092,0.01
415095,0.07
415100,0.04
415101,0.06
415102,0.21
415103,0.02
415104,0.0
415106,0.02
415107,0.11
415108,0.48
415109,0.24
415110,0.1
415111,0.02
415113,0.06
415114,0.02
415115,0.03
415116,0.03
415117,0.06
415118,0.11
415119,0.51
415120,0.05
415121,0.1
415122,0.18
415123,0.01
415124,0.31
415126,0.21
415152,0.05
415205,0.19
415209,0.08
415326,0.16
415409,0.04
415414,0.04
415430,0.01
415466,0.28
415467,0.2
415473,0.08
415474,0.2
415479,0.03
415480,0.04
415486,0.05
415488,0.05
415489,0.02
415490,0.11
415493,0.1
415494,0.11
415497,0.0
415498,0.07
415499,0.18
415505,0.11
415506,0.06
415509,0.05
415511,0.15
415514,0.09
415517,0.01
415519,0.13
415521,0.24
415522,0.01
415523,0.12
415525,0.08
415527,0.17
415529,0.01
415531,0.1
415533,0.16
415534,0.02
415536,0.0
415537,0.18
415539,0.08
415540,0.02
415541,0.12
415542,0.18
415543,0.12
415544,0.03
415545,0.17
415546,0.07
415547,0.03
415548,0.08
415549,0.19
415550,0.01
415652,0.03
415654,0.02
415686,0.18
415687,0.06
415695,0.08
415698,0.14
415701,0.08
415705,0.09
415707,0.04
415709,0.21
415712,0.03
415718,0.08
415724,0.02
415729,0.04
415730,0.05
415731,0.08
415733,0.0
415736,0.05
415737,0.01
415738,0.1
415741,0.01
415742,0.11
415743,0.23
415744,0.02
415745,0.0
415746,0.06
415747,0.02
415749,0.22
415750,0.02
415751,0.2
415752,0.0
415753,0.14
415754,0.14
415755,0.09
415756,0.5
415757,0.37
415850,0.37
415874,0.03
415930,0.02
415962,0.14
415994,0.25
415995,0.33
416088,0.15
416129,0.15
416228,0.01
416229,0.1
416239,0.14
416243,0.31
416245,0.06
416253,0.05
416263,0.1
416264,0.02
416265,0.05
416269,0.12
416272,0.1
416273,0.04
416274,0.27
416275,0.18
416276,0.18
416277,0.02
416278,0.09
416280,0.15
416283,0.01
416287,0.07
416288,0.06
416291,0.25
416292,0.14
416294,0.09
416295,0.05
416296,0.01
416300,0.05
416301,0.06
416302,0.06
416303,0.11
416305,0.21
416306,0.11
416307,0.19
416309,0.04
416310,0.12
416311,0.01
416312,0.01
416313,0.49
416314,0.0
416315,0.08
416316,0.2
416426,0.0
416435,0.01
416444,0.03
416477,0.15
416484,0.03
416488,0.1
416502,0.04
416542,0.16
416582,0.01
416647,0.1
416658,0.05
416659,0.0
416675,0.13
416676,0.1
416696,0.47
416721,0.01
416729,0.08
416743,0.13
416744,0.08
416761,0.11
416793,0.25
416826,0.02
416848,0.14
416850,0.19
416860,0.31
416861,0.13
416862,0.05
416865,0.12
416870,0.18
416871,0.33
416872,0.05
416874,0.19
416877,0.04
416879,0.0
416881,0.0
416882,0.21
416883,0.03
416884,0.03
416885,0.18
416886,0.18
416887,0.1
416888,0.09
416890,0.0
416893,0.01
416894,0.07
416895,0.05
416896,0.06
416897,0.09
416899,0.09
416900,0.04
416901,0.0
416902,0.0
416903,0.03
417043,0.06
417159,0.0
417182,0.24
417183,0.2
417187,0.07
417209,0.03
417226,0.24
417228,0.21
417232,0.02
417234,0.0
417241,0.0
417245,0.0
417246,0.04
417247,0.18
417250,0.26
417251,0.02
417253,0.0
417254,0.01
417255,0.11
417256,0.15
417257,0.01
417258,0.16
417259,0.0
417260,0.21
417261,0.03
417263,0.12
417264,0.03
417265,0.12
417266,0.11
417267,0.12
417268,0.02
417338,0.01
417342,0.31
417349,0.08
417382,0.03
417388,0.04
417389,0.12
417393,0.06
417395,0.3
417397,0.03
417398,0.01
417401,0.07
417403,0.07
417406,0.12
417407,0.11
417408,0.51
417409,0.01
417411,0.0
417412,0.04
417414,0.02
417416,0.04
417417,0.02
417420,0.05
417421,0.07
417422,0.51
417423,0.0
417426,0.03
417427,0.03
417428,0.02
417429,0.04
417430,0.18
417431,0.05
417432,0.03
417433,0.14
417435,0.07
417436,0.0
417438,0.09
417439,0.04
417440,0.01
417441,0.02
417442,0.3
417443,0.11
417444,0.1
417445,0.12
417446,0.12
417447,0.07
417448,0.08
417449,0.15
417450,0.09
417451,0.02
417452,0.02
417453,0.0
417454,0.05
417455,0.06
417456,0.03
417457,0.01
417513,0.03
417544,0.5
417555,0.05
417567,0.02
417612,0.02
417625,0.06
417626,0.02
417627,0.03
417648,0.26
417735,0.08
417736,0.16
417749,0.03
417778,0.01
417863,0.03
417893,0.02
417895,0.14
417903,0.0
417910,0.09
417915,0.19
417925,0.02
417927,0.03
417940,0.13
417949,0.0
417950,0.32
417952,0.0
417956,0.09
417969,0.16
417970,0.03
417974,0.07
417975,0.12
417976,0.13
417980,0.01
417982,0.19
417983,0.01
417987,0.01
417988,0.2
417989,0.0
417990,0.49
417993,0.09
417994,0.07
417995,0.12
417996,0.02
417997,0.04
417998,0.17
417999,0.02
418000,0.18
418001,0.09
418002,0.05
418003,0.09
418004,0.07
418005,0.18
418006,0.02
418009,0.09
418011,0.14
418012,0.02
418013,0.14
418014,0.02
418015,0.16
418029,0.12
418030,0.08
418132,0.0
418217,0.0
418222,0.03
418237,0.06
418272,0.07
418343,0.25
418344,0.14
418345,0.16
418386,0.08
418387,0.02
418402,0.06
418436,0.17
418456,0.04
418458,0.12
418460,0.03
418487,0.02
418514,0.04
418519,0.01
418532,0.0
418539,0.04
418549,0.0
418555,0.06
418556,0.03
418558,0.16
418559,0.01
418562,0.0
418568,0.26
418576,0.02
418578,0.1
418580,0.11
418581,0.09
418582,0.01
418584,0.02
418585,0.0
418587,0.0
418591,0.12
418592,0.03
418593,0.16
418595,0.13
418596,0.15
418597,0.03
418598,0.03
418599,0.01
418600,0.07
418601,0.07
418602,0.15
418603,0.4
418604,0.06
418606,0.03
418607,0.01
418608,0.02
418609,0.07
418610,0.07
418611,0.11
418612,0.12
418613,0.09
418614,0.07
418615,0.01
418616,0.05
418618,0.28
418651,0.01
418652,0.03
418653,0.17
418658,0.1
418692,0.21
418749,0.1
418820,0.25
418843,0.06
418863,0.05
418915,0.02
418938,0.13
418957,0.14
419024,0.05
419061,0.02
419063,0.04
419076,0.06
419093,0.02
419131,0.29
419132,0.04
419138,0.01
419139,0.28
419141,0.02
419142,0.03
419143,0.03
419145,0.03
419149,0.04
419151,0.09
419152,0.04
419153,0.22
419154,0.04
419155,0.05
419156,0.01
419157,0.05
419158,0.79
419159,0.14
419162,0.03
419163,0.02
419165,0.26
419168,0.08
419169,0.03
419170,0.17
419171,0.03
419172,0.34
419173,0.16
419174,0.08
419175,0.04
419176,0.1
419177,0.21
419178,0.1
419270,0.37
419305,0.24
419330,0.44
419485,0.03
419491,0.12
419499,0.05
419513,0.36
419514,0.02
419535,0.06
419538,0.04
419582,0.11
419601,0.0
419611,0.02
419644,0.1
419648,0.03
419649,0.07
419656,0.07
419671,0.02
419677,0.05
419685,0.22
419688,0.16
419689,0.06
419690,0.05
419691,0.14
419698,0.22
419699,0.05
419701,0.15
419703,0.12
419704,0.03
419705,0.08
419746,0.26
419750,0.01
419767,0.02
419775,0.06
419783,0.08
419787,0.17
419788,0.4
419790,0.07
419791,0.02
419792,0.12
419794,0.04
419795,0.27
419797,0.05
419798,0.03
419799,0.02
419804,0.13
419805,0.12
419806,0.06
419808,0.08
419810,0.06
419811,0.03
419812,0.19
419815,0.1
419816,0.02
419817,0.01
419818,0.16
419820,0.03
419821,0.12
419824,0.1
419825,0.21
419826,0.13
419827,0.0
419828,0.07
419829,0.04
419830,0.25
419831,0.12
419832,0.01
419833,0.09
419834,0.03
419835,0.04
419836,0.28
419837,0.16
419838,0.04
419839,0.09
419840,0.23
419841,0.14
419842,0.2
419843,0.13
419913,0.15
419916,0.1
419955,0.0
419956,0.09
419992,0.0
420150,0.11
420160,0.04
420190,0.1
420195,0.11
420204,0.24
420207,0.12
420210,0.03
420214,0.35
420218,0.06
420219,0.02
420220,0.04
420242,0.1
420249,0.05
420254,0.03
420255,0.02
420258,0.15
420260,0.01
420263,0.39
420265,0.01
420271,0.04
420273,0.05
420274,0.18
420275,0.13
420277,0.01
420278,0.04
420279,0.01
420280,0.08
420281,0.01
420283,0.22
420284,0.13
420285,0.0
420286,0.04
420287,0.06
420288,0.01
420290,0.06
420291,0.02
420293,0.09
420294,0.02
420295,0.04
420296,0.01
420297,0.29
420298,0.07
420299,0.07
420300,0.08
420344,0.04
420345,0.1
420347,0.09
420348,0.19
420349,0.01
420350,0.0
420351,0.0
420352,0.01
420353,0.01
420354,0.07
420355,0.04
420356,0.2
420357,0.12
420358,0.07
420359,0.0
420360,0.04
420361,0.01
420362,0.11
420363,0.17
420364,0.01
420365,0.01
420366,0.1
420383,0.05
420436,0.26
420446,0.01
420554,0.01
420565,0.04
420569,0.05
420573,0.03
420574,0.03
420587,0.23
420589,0.16
420593,0.04
420594,0.02
420595,0.18
420598,0.13
420601,0.05
420602,0.35
420603,0.05
420607,0.08
420611,0.0
420613,0.17
420614,0.06
420615,0.33
420616,0.09
420617,0.08
420618,0.0
420619,0.03
420620,0.06
420621,0.08
420622,0.07
420623,0.13
420624,0.03
420625,0.06
420626,0.11
420627,0.11
420628,0.02
420629,0.01
420631,0.01
420633,0.09
420634,0.04
420635,0.02
420636,0.11
420637,0.02
420662,0.02
420727,0.0
420728,0.05
420733,0.21
420787,0.14
420789,0.01
420792,0.03
420797,0.14
420814,0.01
420833,0.14
420839,0.01
420841,0.14
420843,0.03
420844,0.09
420847,0.09
420849,0.02
420851,0.11
420853,0.05
420854,0.07
420855,0.08
420856,0.06
420857,0.08
420858,0.07
420859,0.03
420860,0.32
420861,0.32
420862,0.25
420863,0.01
420864,0.04
420866,0.52
420867,0.09
420868,0.02
420869,0.17
420870,0.04
420871,0.08
420872,0.01
420873,0.0
420874,0.28
420875,0.06
420876,0.11
420878,0.04
420879,0.14
420880,0.04
420881,0.07
420882,0.0
420883,0.27
420884,0.12
420885,0.11
420886,0.02
420887,0.07
420888,0.09
420905,0.22
421015,0.01
421200,0.25
421269,0.11
421272,0.05
421290,0.37
421323,0.29
421342,0.03
421349,0.05
421355,0.06
421356,0.08
421363,0.09
421365,0.07
421381,0.14
421383,0.11
421386,0.14
421394,0.02
421395,0.15
421399,0.21
421431,0.39
421467,0.39
421554,0.13
421557,0.01
421558,0.04
421562,0.04
421614,0.27
421690,0.02
421758,0.16
421776,0.19
421827,0.07
421828,0.26
421829,0.08
421848,0.01
421862,0.04
421863,0.03
421868,0.03
421884,0.02
421921,0.07
421924,0.19
421958,0.28
421961,0.0
421964,0.01
421968,0.08
421974,0.21
421975,0.02
421977,0.03
421978,0.15
421979,0.02
421980,0.22
421982,0.13
421985,0.04
421986,0.1
421987,0.04
421988,0.01
421989,0.07
421990,0.09
421991,0.18
421993,0.05
421994,0.04
421996,0.22
421997,0.0
421998,0.02
421999,0.29
422000,0.13
422001,0.03
422002,0.13
422004,0.14
422005,0.17
422007,0.25
422008,0.07
422010,0.02
422011,0.0
422012,0.08
422014,0.05
422015,0.15
422016,0.13
422017,0.08
422018,0.06
422019,0.21
422039,0.02
422041,0.06
422042,0.02
422043,0.03
422044,0.09
422045,0.04
422047,0.09
422048,0.06
422049,0.04
422050,0.01
422051,0.17
422053,0.06
422054,0.45
422055,0.08
422056,0.02
422057,0.29
422058,0.03
422059,0.15
422060,0.02
422063,0.07
422064,0.09
422065,0.14
422066,0.02
422067,0.03
422068,0.0
422069,0.1
422070,0.12
422071,0.02
422072,0.05
422074,0.01
422152,0.02
422210,0.35
422227,0.13
422308,0.05
422339,0.05
422368,0.04
422391,0.01
422407,0.01
422485,0.03
422491,0.12
422506,0.05
422508,0.06
422512,0.01
422513,0.05
422514,0.07
422518,0.02
422519,0.08
422523,0.13
422524,0.05
422525,0.01
422526,0.03
422527,0.06
422531,0.24
422533,0.01
422534,0.05
422536,0.01
422537,0.0
422538,0.38
422540,0.07
422541,0.34
422543,0.03
422544,0.11
422545,0.11
422546,0.05
422547,0.21
422548,0.08
422549,0.05
422550,0.02
422551,0.04
422552,0.02
422553,0.09
422554,0.19
422555,0.08
422556,0.0
422639,0.02
422667,0.21
422734,0.01
422748,0.07
422749,0.29
422796,0.14
422810,0.05
422839,0.2
422850,0.16
422891,0.05
422940,0.13
422962,0.01
422964,0.14
423009,0.12
423022,0.07
423041,0.12
423046,0.1
423052,0.03
423055,0.28
423061,0.0
423075,0.03
423076,0.02
423077,0.06
423081,0.19
423083,0.13
423087,0.02
423089,0.09
423091,0.06
423098,0.03
423105,0.14
423106,0.04
423107,0.04
423114,0.04
423116,0.02
423120,0.13
423121,0.12
423125,0.06
423132,0.12
423133,0.03
423134,0.36
423135,0.03
423137,0.05
423138,0.02
423139,0.07
423140,0.07
423141,0.05
423143,0.01
423144,0.07
423145,0.05
423146,0.19
423147,0.09
423148,0.07
423149,0.07
423150,0.01
423151,0.11
423152,0.01
423153,0.27
423154,0.02
423155,0.07
423156,0.01
423157,0.04
423158,0.01
423159,0.03
423228,0.09
423237,0.35
423386,0.03
423416,0.37
423417,0.25
423489,0.34
423503,0.16
423522,0.08
423571,0.08
423574,0.0
423580,0.03
423621,0.26
423622,0.46
423624,0.08
423629,0.01
423631,0.19
423648,0.01
423651,0.14
423652,0.04
423658,0.21
423663,0.0
423664,0.04
423665,0.21
423668,0.06
423670,0.08
423671,0.07
423672,0.08
423679,0.01
423681,0.11
423687,0.11
423688,0.09
423690,0.07
423691,0.04
423693,0.01
423696,0.19
423698,0.06
423699,0.28
423700,0.03
423701,0.15
423702,0.21
423703,0.03
423704,0.04
423706,0.12
423707,0.06
423708,0.0
423709,0.03
423710,0.16
423711,0.04
423712,0.01
423713,0.13
423714,0.66
423715,0.04
423717,0.2
423718,0.01
423719,0.03
423720,0.02
423721,0.06
423722,0.04
423723,0.02
423724,0.02
423726,0.06
423730,0.01
423734,0.02
423735,0.18
423736,0.08
423737,0.0
423738,0.06
423739,0.1
423740,0.09
423741,0.03
423742,0.16
423743,0.08
423746,0.03
423747,0.01
423748,0.07
423749,0.07
423750,0.17
423751,0.06
423752,0.06
423753,0.15
423754,0.0
423755,0.03
423756,0.04
423800,0.06
423894,0.03
423938,0.34
423939,0.39
423940,0.14
423947,0.18
423957,0.25
423959,0.2
423966,0.49
423968,0.01
423972,0.03
423978,0.05
423979,0.01
423982,0.21
423983,0.11
423986,0.08
423990,0.23
423993,0.03
423994,0.06
423996,0.0
423998,0.0
423999,0.12
424000,0.03
424001,0.08
424002,0.02
424003,0.09
424004,0.01
424005,0.03
424006,0.35
424007,0.12
424008,0.14
424009,0.2
424010,0.04
424011,0.01
424012,0.0
424013,0.11
424014,0.1
424015,0.02
424016,0.07
424161,0.42
424189,0.3
424192,0.06
424198,0.02
424202,0.0
424203,0.01
424207,0.14
424208,0.09
424211,0.09
424214,0.08
424215,0.04
424216,0.1
424220,0.09
424222,0.02
424223,0.43
424232,0.2
424234,0.01
424235,0.01
424236,0.09
424241,0.01
424244,0.13
424245,0.13
424246,0.03
424248,0.25
424249,0.15
424251,0.12
424252,0.11
424253,0.01
424254,0.3
424255,0.05
424256,0.12
424257,0.02
424258,0.05
424259,0.08
424260,0.01
424261,0.01
424262,0.03
424264,0.0
424265,0.09
424266,0.16
424267,0.05
424268,0.01
424270,0.42
424271,0.06
424272,0.04
424273,0.1
424274,0.08
424275,0.17
424320,0.22
424354,0.01
424359,0.2
424360,0.08
424361,0.26
424362,0.11
424363,0.04
424364,0.01
424365,0.04
424491,0.07
424576,0.05
424639,0.04
424640,0.08
424653,0.03
424672,0.09
424708,0.01
424724,0.59
424725,0.02
424734,0.41
424755,0.15
424758,0.14
424765,0.04
424770,0.0
424773,0.12
424780,0.03
424784,0.01
424791,0.05
424797,0.2
424800,0.0
424807,0.0
424809,0.05
424812,0.05
424813,0.1
424816,0.05
424817,0.04
424820,0.01
424822,0.05
424823,0.17
424825,0.06
424826,0.11
424827,0.01
424828,0.03
424830,0.14
424831,0.04
424832,0.21
424833,0.06
424834,0.3
424835,0.33
424836,0.09
424837,0.34
424838,0.1
424839,0.16
424840,0.01
424841,0.17
424843,0.03
424845,0.17
424846,0.04
424847,0.0
424848,0.01
424849,0.1
424850,0.12
424851,0.03
424852,0.0
424853,0.07
424854,0.06
424856,0.04
424857,0.02
424947,0.15
425037,0.35
425039,0.22
425096,0.11
425107,0.02
425156,0.02
425191,0.04
425192,0.03
425230,0.01
425231,0.02
425237,0.03
425281,0.06
425301,0.04
425306,0.27
425312,0.02
425313,0.02
425317,0.0
425326,0.03
425330,0.03
425336,0.12
425338,0.04
425343,0.22
425345,0.08
425360,0.34
425364,0.15
425368,0.19
425369,0.01
425371,0.07
425372,0.04
425373,0.18
425374,0.03
425376,0.08
425379,0.0
425380,0.02
425381,0.1
425382,0.01
425383,0.09
425384,0.42
425385,0.02
425388,0.21
425389,0.07
425390,0.01
425391,0.14
425392,0.11
425394,0.07
425395,0.05
425396,0.1
425397,0.01
425398,0.01
425399,0.03
425400,0.0
425403,0.01
425404,0.14
425405,0.01
425406,0.3
425407,0.17
425408,0.03
425409,0.05
425411,0.0
425412,0.05
425413,0.31
425414,0.19
425415,0.21
425416,0.16
425418,0.0
425419,0.01
425423,0.17
425424,0.23
425425,0.11
425426,0.03
425429,0.08
425430,0.04
425431,0.16
425432,0.02
425433,0.04
425434,0.07
425435,0.18
425437,0.05
425438,0.0
425439,0.05
425440,0.21
425441,0.05
425442,0.17
425444,0.03
425446,0.01
425447,0.01
425448,0.15
425449,0.1
425450,0.1
425451,0.0
425453,0.07
425454,0.17
425455,0.0
425456,0.21
425457,0.07
425458,0.13
425459,0.1
425460,0.03
425461,0.02
425462,0.05
425511,0.05
425601,0.0
425810,0.11
425824,0.01
425830,0.35
425835,0.15
425838,0.13
425865,0.11
425877,0.11
425904,0.07
425905,0.01
425906,0.05
425909,0.16
425911,0.27
425913,0.12
425923,0.08
425932,0.22
425938,0.0
425939,0.05
425943,0.11
425944,0.12
425945,0.01
425946,0.04
425948,0.03
425950,0.01
425952,0.05
425954,0.21
425955,0.05
425957,0.02
425958,0.01
425959,0.07
425960,0.1
425961,0.12
425962,0.02
425964,0.07
425965,0.04
425966,0.16
425967,0.11
425968,0.14
425969,0.04
425970,0.07
425971,0.18
425972,0.0
425976,0.25
426050,0.0
426051,0.18
426052,0.02
426053,0.03
426124,0.06
426132,0.1
426154,0.05
426192,0.02
426235,0.09
426297,0.02
426387,0.1
426396,0.03
426436,0.03
426437,0.03
426460,0.07
426466,0.13
426469,0.14
426510,0.33
426617,0.07
426630,0.3
426631,0.0
426650,0.1
426688,0.05
426691,0.01
426855,0.1
426873,0.46
426890,0.02
426891,0.12
426895,0.0
426928,0.23
426929,0.01
426955,0.14
426957,0.02
427007,0.12
427009,0.03
427021,0.08
427023,0.06
427032,0.08
427036,0.01
427040,0.04
427041,0.06
427042,0.04
427044,0.01
427048,0.09
427050,0.06
427054,0.03
427057,0.12
427058,0.06
427059,0.3
427060,0.08
427062,0.08
427063,0.08
427064,0.15
427065,0.03
427067,0.18
427069,0.13
427070,0.17
427071,0.09
427072,0.0
427073,0.02
427074,0.04
427075,0.01
427076,0.02
427077,0.16
427078,0.4
427079,0.03
427080,0.03
427081,0.06
427082,0.03
427088,0.06
427109,0.01
427110,0.15
427111,0.02
427114,0.15
427115,0.46
427120,0.02
427121,0.0
427122,0.36
427125,0.04
427126,0.03
427127,0.03
427128,0.04
427129,0.06
427130,0.14
427131,0.07
427132,0.02
427133,0.02
427134,0.0
427135,0.06
427137,0.15
427138,0.0
427139,0.01
427140,0.01
427142,0.04
427143,0.04
427144,0.21
427145,0.01
427146,0.04
427147,0.03
427148,0.02
427149,0.34
427150,0.1
427151,0.03
427152,0.0
427153,0.03
427154,0.45
427155,0.1
427156,0.01
427157,0.21
427158,0.09
427159,0.1
427160,0.01
427161,0.04
427162,0.38
427163,0.14
427164,0.08
427165,0.07
427254,0.02
427263,0.05
427324,0.12
427330,0.25
427379,0.06
427465,0.07
427485,0.11
427489,0.02
427505,0.03
427567,0.09
427575,0.09
427578,0.24
427589,0.58
427612,0.35
427615,0.02
427618,0.01
427620,0.11
427622,0.05
427627,0.05
427628,0.03
427632,0.17
427634,0.01
427635,0.08
427637,0.06
427639,0.29
427640,0.01
427641,0.01
427642,0.09
427643,0.02
427645,0.01
427646,0.01
427647,0.03
427649,0.03
427650,0.08
427652,0.12
427653,0.25
427654,0.02
427655,0.11
427656,0.02
427657,0.35
427658,0.1
427659,0.09
427660,0.03
427661,0.06
427662,0.02
427663,0.03
427664,0.16
427665,0.03
427666,0.02
427667,0.04
427668,0.22
427669,0.05
427671,0.52
427672,0.1
427673,0.02
427676,0.08
427677,0.0
427703,0.02
427738,0.0
427809,0.12
427881,0.1
427949,0.04
427985,0.18
428047,0.15
428054,0.56
428080,0.55
428143,0.11
428162,0.04
428166,0.01
428187,0.02
428188,0.04
428189,0.01
428195,0.04
428196,0.11
428198,0.06
428200,0.02
428201,0.07
428204,0.25
428206,0.06
428207,0.34
428208,0.38
428210,0.04
428211,0.3
428212,0.14
428213,0.12
428215,0.01
428217,0.03
428218,0.07
428219,0.25
428220,0.05
428222,0.22
428223,0.1
428224,0.04
428225,0.04
428227,0.02
428228,0.05
428229,0.19
428230,0.18
428231,0.18
428232,0.05
428233,0.12
428234,0.04
428235,0.22
428236,0.12
428237,0.14
428238,0.02
428240,0.04
428241,0.05
428242,0.02
428243,0.04
428244,0.19
428311,0.11
428312,0.02
428313,0.05
428314,0.16
428409,0.03
428416,0.03
428423,0.06
428424,0.07
428463,0.23
428485,0.31
428517,0.08
428518,0.28
428561,0.05
428565,0.06
428590,0.05
428597,0.02
428614,0.06
428616,0.29
428621,0.05
428626,0.15
428629,0.04
428636,0.17
428647,0.04
428654,0.04
428659,0.0
428686,0.03
428690,0.03
428701,0.2
428708,0.13
428714,0.08
428722,0.12
428729,0.12
428745,0.04
428751,0.01
428757,0.1
428764,0.1
428774,0.03
428778,0.06
428783,0.02
428789,0.04
428797,0.17
428799,0.08
428801,0.34
428804,0.13
428806,0.05
428813,0.01
428816,0.1
428821,0.12
428832,0.21
428839,0.07
428842,0.16
428850,0.09
428859,0.05
428871,0.06
428907,0.18
428913,0.02
428920,0.15
428924,0.06
428928,0.07
428930,0.17
428933,0.02
428938,0.05
428944,0.08
428948,0.03
428963,0.05
428975,0.34
428979,0.11
428982,0.37
428984,0.01
428987,0.03
429015,0.06
429018,0.07
429028,0.0
429035,0.43
429037,0.04
429042,0.02
429055,0.1
429066,0.06
429067,0.21
429069,0.03
429077,0.07
429078,0.12
429083,0.03
429091,0.03
429093,0.03
429094,0.05
429103,0.11
429109,0.13
429121,0.18
429129,0.01
429134,0.02
429138,0.05
429164,0.1
429173,0.14
429182,0.01
429190,0.01
429199,0.0
429219,0.02
429224,0.1
429226,0.16
429230,0.03
429239,0.02
429243,0.24
429256,0.03
429266,0.04
429269,0.04
429294,0.04
429295,0.09
429297,0.09
429299,0.04
429302,0.07
429305,0.13
429308,0.05
429314,0.25
429318,0.05
429348,0.06
429356,0.68
429359,0.11
429372,0.09
429373,0.27
429384,0.18
429385,0.03
429398,0.02
429405,0.24
429407,0.04
429408,0.25
429412,0.17
429414,0.21
429415,0.05
429421,0.12
429422,0.03
429430,0.05
429432,0.02
429440,0.14
429442,0.29
429451,0.67
429459,0.06
429469,0.04
429471,0.0
429482,0.0
429483,0.2
429491,0.06
429493,0.04
429496,0.09
429498,0.05
429501,0.09
429502,0.05
429508,0.02
429509,0.01
429511,0.44
429528,0.04
429531,0.16
429539,0.52
429549,0.17
429555,0.03
429557,0.02
429567,0.08
429570,0.15
429576,0.06
429590,0.05
429591,0.06
429597,0.17
429600,0.1
429602,0.03
429604,0.08
429623,0.0
429625,0.0
429626,0.06
429628,0.0
429634,0.04
429637,0.02
429666,0.02
429667,0.14
429670,0.01
429673,0.01
429678,0.09
429693,0.07
429702,0.03
429708,0.02
429737,0.02
429739,0.02
429740,0.03
429750,0.09
429770,0.07
429774,0.02
429777,0.02
429780,0.0
429809,0.09
429810,0.01
429831,0.02
429835,0.04
429838,0.04
429846,0.01
429851,0.1
429852,0.09
429856,0.08
429857,0.07
429866,0.22
429871,0.03
429873,0.0
429879,0.14
429882,0.01
429885,0.04
429890,0.24
429897,0.11
429933,0.08
429936,0.03
429948,0.04
429952,0.1
429967,0.03
429982,0.01
429989,0.0
430000,0.02
430003,0.01
430011,0.0
430019,0.04
430035,0.1
430042,0.53
430047,0.18
430048,0.1
430059,0.04
430060,0.11
430077,0.08
430080,0.11
430083,0.13
430086,0.16
430090,0.13
430103,0.04
430107,0.21
430114,0.04
430116,0.28
430124,0.04
430129,0.15
430132,0.09
430146,0.06
430155,0.09
430156,0.1
430160,0.02
430168,0.03
430170,0.01
430176,0.05
430177,0.22
430186,0.28
430187,0.01
430195,0.04
430198,0.23
430204,0.07
430210,0.04
430211,0.39
430213,0.01
430216,0.04
430217,0.11
430227,0.06
430253,0.02
430266,0.11
430274,0.16
430280,0.01
430300,0.17
430301,0.05
430309,0.14
430313,0.01
430316,0.21
430319,0.11
430332,0.1
430346,0.05
430357,0.16
430359,0.0
430368,0.08
430376,0.0
430383,0.07
430389,0.03
430393,0.04
430394,0.01
430404,0.03
430405,0.08
430407,0.18
430433,0.14
430445,0.01
430446,0.04
430451,0.0
430452,0.0
430459,0.02
430466,0.22
430467,0.01
430473,0.14
430477,0.01
430483,0.04
430512,0.03
430521,0.01
430524,0.0
430529,0.3
430533,0.03
430536,0.08
430538,0.03
430540,0.34
430548,0.11
430549,0.09
430550,0.0
430566,0.1
430574,0.03
430576,0.39
430582,0.02
430585,0.08
430625,0.0
430627,0.01
430629,0.16
430637,0.01
430639,0.07
430641,0.06
430656,0.03
430659,0.01
430661,0.0
430671,0.21
430672,0.09
430673,0.09
430674,0.14
430676,0.04
430691,0.0
430698,0.03
430699,0.28
430708,0.03
430719,0.09
430726,0.11
430728,0.2
430730,0.23
430731,0.06
430732,0.16
430738,0.13
430770,0.05
430782,0.19
430785,0.03
430786,0.03
430806,0.18
430818,0.05
430819,0.12
430820,0.03
430835,0.07
430836,0.03
430837,0.11
430838,0.02
430839,0.07
430847,0.07
430853,0.08
430856,0.01
430876,0.1
430886,0.0
430887,0.05
430889,0.0
430927,0.02
430931,0.16
430939,0.03
430942,0.07
430949,0.0
430957,0.01
430960,0.02
430961,0.01
430962,0.14
430973,0.06
430975,0.01
430976,0.03
430981,0.0
430992,0.19
431007,0.32
431010,0.14
431013,0.0
431023,0.03
431027,0.07
431044,0.04
431056,0.01
431058,0.01
431065,0.04
431077,0.07
431080,0.19
431082,0.0
431088,0.03
431095,0.14
431100,0.21
431106,0.04
431107,0.1
431110,0.01
431114,0.1
431138,0.06
431144,0.03
431162,0.08
431170,0.35
431171,0.0
431176,0.17
431203,0.1
431211,0.08
431212,0.02
431215,0.05
431238,0.12
431241,0.05
431244,0.12
431254,0.26
431263,0.29
431278,0.01
431285,0.16
431286,0.09
431298,0.0
431305,0.02
431315,0.48
431323,0.16
431325,0.02
431334,0.03
431358,0.2
431372,0.07
431373,0.05
431374,0.24
431377,0.11
431386,0.02
431388,0.23
431395,0.03
431396,0.07
431413,0.15
431416,0.18
431418,0.03
431431,0.11
431444,0.07
431449,0.29
431467,0.0
431469,0.0
431479,0.03
431480,0.01
431481,0.0
431488,0.05
431492,0.14
431496,0.29
431497,0.0
431508,0.27
431511,0.05
431517,0.11
431520,0.1
431538,0.14
431540,0.02
431543,0.32
431545,0.06
431560,0.02
431561,0.12
431584,0.21
431591,0.2
431593,0.03
431625,0.16
431630,0.31
431633,0.06
431635,0.0
431649,0.02
431650,0.08
431651,0.04
431652,0.04
431667,0.11
431668,0.33
431672,0.03
431675,0.49
431680,0.3
431682,0.0
431683,0.06
431693,0.07
431697,0.08
431726,0.24
431731,0.13
431732,0.1
431744,0.0
431750,0.02
431755,0.05
431756,0.13
431757,0.16
431765,0.04
431766,0.01
431768,0.05
431770,0.06
431773,0.03
431775,0.02
431777,0.12
431778,0.52
431801,0.07
431807,0.04
431810,0.0
431815,0.14
431816,0.05
431823,0.05
431831,0.13
431837,0.07
431841,0.05
431845,0.2
431854,0.09
431857,0.07
431865,0.07
431866,0.06
431867,0.05
431869,0.08
431889,0.08
431899,0.03
431903,0.03
431909,0.02
431914,0.05
431916,0.08
431918,0.23
431931,0.04
431940,0.04
431948,0.14
431962,0.22
431965,0.13
431974,0.13
431976,0.13
431987,0.14
431988,0.07
431995,0.05
431999,0.28
432003,0.01
432005,0.08
432009,0.02
432011,0.04
432022,0.1
432028,0.04
432030,0.03
432037,0.01
432065,0.17
432070,0.06
432075,0.16
432078,0.09
432080,0.12
432085,0.03
432092,0.12
432111,0.08
432112,0.02
432115,0.06
432117,0.04
432118,0.26
432129,0.15
432132,0.25
432133,0.03
432145,0.46
432146,0.05
432148,0.15
432156,0.16
432167,0.09
432169,0.02
432188,0.12
432192,0.34
432221,0.01
432226,0.04
432231,0.1
432247,0.03
432252,0.04
432254,0.06
432263,0.22
432265,0.05
432271,0.13
432280,0.01
432282,0.03
432284,0.01
432291,0.16
432296,0.07
432298,0.3
432301,0.03
432309,0.02
432312,0.11
432320,0.03
432324,0.02
432330,0.07
432339,0.06
432356,0.11
432357,0.0
432362,0.06
432365,0.01
432366,0.09
432370,0.07
432377,0.21
432384,0.13
432391,0.08
432405,0.07
432406,0.09
432414,0.2
432415,0.01
432417,0.0
432419,0.0
432424,0.01
432425,0.15
432432,0.5
432438,0.09
432441,0.21
432444,0.77
432446,0.58
432452,0.04
432454,0.14
432473,0.18
432482,0.33
432489,0.11
432492,0.12
432495,0.04
432501,0.08
432507,0.05
432509,0.71
432510,0.11
432522,0.02
432525,0.12
432526,0.02
432527,0.24
432532,0.05
432535,0.03
432544,0.02
432547,0.01
432551,0.12
432553,0.06
432555,0.03
432560,0.0
432569,0.04
432577,0.06
432585,0.19
432590,0.0
432591,0.03
432594,0.04
432607,0.06
432608,0.28
432609,0.03
432612,0.19
432613,0.03
432616,0.02
432618,0.36
432622,0.0
432626,0.02
432639,0.01
432640,0.08
432642,0.09
432648,0.03
432653,0.1
432661,0.15
432668,0.06
432682,0.13
432686,0.02
432693,0.06
432695,0.09
432696,0.09
432698,0.16
432699,0.04
432702,0.08
432707,0.02
432712,0.06
432719,0.19
432724,0.01
432728,0.18
432737,0.2
432745,0.08
432746,0.13
432749,0.4
432752,0.04
432758,0.0
432769,0.08
432770,0.06
432771,0.02
432788,0.09
432804,0.07
432807,0.13
432830,0.16
432831,0.1
432842,0.04
432849,0.16
432876,0.07
432886,0.07
432888,0.01
432897,0.01
432918,0.03
432919,0.1
432920,0.06
432921,0.02
432930,0.03
432932,0.01
432943,0.1
432944,0.03
432951,0.07
432952,0.01
432965,0.02
432969,0.05
432981,0.0
432985,0.09
432986,0.02
432988,0.11
432991,0.04
432992,0.15
433002,0.11
433018,0.0
433019,0.06
433021,0.02
433024,0.01
433031,0.03
433035,0.06
433047,0.51
433050,0.05
433051,0.02
433055,0.09
433058,0.32
433069,0.09
433079,0.15
433098,0.1
433099,0.05
433104,0.05
433112,0.02
433117,0.11
433119,0.01
433130,0.02
433132,0.13
433158,0.18
433159,0.04
433162,0.01
433166,0.17
433169,0.15
433173,0.03
433174,0.06
433183,0.34
433184,0.02
433198,0.03
433205,0.14
433221,0.05
433271,0.16
433274,0.01
433276,0.26
433281,0.07
433283,0.12
433296,0.1
433300,0.16
433304,0.08
433308,0.04
433312,0.09
433313,0.2
433319,0.01
433332,0.23
433342,0.0
433343,0.05
433344,0.09
433345,0.01
433347,0.06
433350,0.08
433355,0.33
433356,0.0
433359,0.1
433361,0.08
433363,0.06
433370,0.08
433371,0.0
433374,0.19
433384,0.02
433390,0.07
433392,0.06
433396,0.2
433403,0.15
433405,0.01
433408,0.4
433410,0.19
433411,0.15
433424,0.14
433431,0.01
433432,0.3
433440,0.07
433441,0.07
433451,0.04
433452,0.05
433459,0.0
433463,0.15
433464,0.03
433470,0.18
433480,0.02
433482,0.11
433485,0.02
433494,0.16
433495,0.02
433496,0.0
433505,0.01
433509,0.01
433515,0.05
433518,0.07
433519,0.12
433527,0.13
433532,0.03
433535,0.12
433539,0.09
433561,0.02
433564,0.51
433566,0.05
433574,0.04
433575,0.06
433584,0.2
433591,0.08
433596,0.14
433598,0.06
433602,0.03
433606,0.08
433611,0.03
433617,0.06
433620,0.48
433628,0.35
433631,0.07
433651,0.06
433653,0.14
433657,0.31
433661,0.0
433662,0.36
433663,0.06
433668,0.19
433670,0.03
433680,0.11
433686,0.29
433709,0.02
433725,0.07
433731,0.05
433735,0.34
433745,0.05
433748,0.05
433754,0.05
433762,0.09
433766,0.23
433767,0.06
433779,0.31
433783,0.01
433785,0.01
433789,0.0
433794,0.38
433799,0.17
433800,0.01
433804,0.08
433816,0.1
433820,0.09
433829,0.05
433837,0.02
433840,0.1
433842,0.05
433849,0.05
433853,0.06
433862,0.08
433872,0.04
433882,0.1
433892,0.12
433896,0.03
433906,0.1
433913,0.15
433914,0.0
433957,0.0
433958,0.04
433965,0.04
433976,0.18
433984,0.01
433995,0.11
433996,0.02
434006,0.05
434007,0.03
434009,0.06
434019,0.27
434024,0.04
434026,0.26
434027,0.06
434034,0.23
434036,0.03
434037,0.05
434046,0.2
434050,0.08
434051,0.03
434052,0.1
434055,0.11
434061,0.19
434064,0.21
434108,0.1
434109,0.14
434121,0.04
434122,0.04
434140,0.01
434151,0.05
434156,0.02
434157,0.13
434160,0.24
434164,0.04
434167,0.03
434169,0.05
434173,0.01
434176,0.09
434177,0.06
434179,0.14
434180,0.03
434183,0.06
434192,0.04
434205,0.01
434209,0.13
434212,0.03
434214,0.09
434216,0.11
434222,0.04
434223,0.03
434224,0.09
434259,0.11
434261,0.01
434263,0.03
434264,0.11
434282,0.01
434283,0.0
434293,0.35
434317,0.5
434322,0.08
434326,0.24
434327,0.03
434328,0.04
434336,0.11
434340,0.0
434342,0.27
434350,0.26
434355,0.24
434375,0.02
434387,0.07
434390,0.09
434391,0.02
434408,0.05
434410,0.15
434423,0.02
434439,0.07
434442,0.04
434445,0.15
434448,0.07
434460,0.0
434465,0.05
434467,0.09
434468,0.06
434501,0.05
434504,0.06
434505,0.09
434507,0.02
434514,0.06
434535,0.0
434538,0.39
434542,0.19
434545,0.34
434554,0.09
434556,0.18
434568,0.17
434569,0.17
434571,0.15
434574,0.13
434579,0.03
434599,0.16
434604,0.02
434606,0.0
434607,0.01
434608,0.07
434610,0.03
434615,0.36
434616,0.19
434619,0.01
434658,0.25
434669,0.02
434675,0.05
434678,0.03
434680,0.15
434690,0.11
434698,0.05
434702,0.31
434704,0.03
434722,0.01
434727,0.02
434730,0.07
434735,0.09
434739,0.04
434765,0.03
434767,0.11
434784,0.22
434787,0.13
434788,0.15
434789,0.05
434790,0.06
434791,0.15
434802,0.08
434806,0.04
434807,0.01
434808,0.25
434815,0.0
434816,0.07
434817,0.19
434818,0.0
434830,0.03
434918,0.02
434920,0.23
434921,0.09
434922,0.32
434937,0.03
434948,0.01
434949,0.05
434952,0.03
434954,0.06
434957,0.13
434968,0.02
434974,0.02
434982,0.14
434986,0.09
434993,0.0
434995,0.21
435005,0.1
435013,0.1
435027,0.03
435034,0.52
435056,0.15
435060,0.0
435062,0.27
435068,0.11
435069,0.21
435071,0.16
435079,0.13
435086,0.13
435092,0.11
435099,0.08
435100,0.08
435108,0.06
435118,0.08
435120,0.0
435129,0.13
435132,0.43
435138,0.03
435139,0.32
435142,0.06
435147,0.07
435148,0.02
435151,0.02
435153,0.09
435154,0.17
435164,0.3
435173,0.09
435174,0.21
435179,0.02
435199,0.08
435202,0.02
435203,0.01
435214,0.39
435217,0.02
435222,0.09
435229,0.54
435239,0.07
435248,0.04
435259,0.08
435260,0.04
435263,0.01
435264,0.0
435267,0.14
435274,0.1
435286,0.05
435296,0.04
435308,0.01
435328,0.08
435333,0.06
435363,0.02
435366,0.05
435375,0.03
435378,0.11
435400,0.15
435408,0.27
435409,0.02
435415,0.01
435419,0.15
435422,0.02
435428,0.08
435432,0.18
435434,0.07
435435,0.18
435440,0.09
435455,0.0
435464,0.03
435470,0.05
435475,0.26
435478,0.02
435480,0.12
435482,0.01
435490,0.05
435507,0.09
435509,0.09
435510,0.01
435519,0.09
435527,0.19
435533,0.24
435534,0.4
435535,0.01
435536,0.0
435540,0.03
435551,0.05
435562,0.38
435564,0.21
435585,0.17
435590,0.02
435609,0.0
435610,0.02
435611,0.09
435623,0.0
435681,0.09
435682,0.11
435683,0.22
435704,0.01
435711,0.12
435713,0.09
435714,0.02
435716,0.01
435717,0.37
435718,0.05
435719,0.01
435741,0.04
435765,0.04
435766,0.07
435767,0.1
435773,0.09
435802,0.04
435806,0.12
435807,0.06
435809,0.01
435811,0.22
435816,0.21
435823,0.25
435835,0.12
435848,0.06
435849,0.42
435858,0.04
435870,0.2
435874,0.07
435890,0.3
435892,0.02
435911,0.13
435915,0.01
435924,0.06
435937,0.09
435943,0.1
435958,0.01
435962,0.04
435965,0.13
435968,0.21
435997,0.0
435998,0.19
435999,0.02
436009,0.13
436021,0.23
436022,0.04
436026,0.16
436032,0.0
436037,0.03
436049,0.05
436058,0.13
436059,0.07
436062,0.2
436068,0.03
436079,0.05
436082,0.05
436083,0.25
436093,0.05
436098,0.08
436113,0.03
436127,0.08
436148,0.1
436152,0.18
436159,0.01
436165,0.06
436170,0.07
436174,0.06
436176,0.06
436183,0.04
436194,0.03
436196,0.01
436204,0.08
436207,0.1
436210,0.04
436219,0.25
436227,0.32
436230,0.01
436233,0.08
436235,0.21
436250,0.0
436260,0.34
436285,0.27
436291,0.17
436304,0.02
436307,0.03
436308,0.0
436311,0.1
436314,0.18
436322,0.0
436323,0.29
436339,0.05
436350,0.02
436358,0.0
436359,0.1
436363,0.01
436365,0.24
436369,0.03
436377,0.01
436378,0.04
436387,0.02
436394,0.28
436397,0.02
436399,0.41
436401,0.05
436404,0.04
436421,0.01
436422,0.07
436426,0.24
436430,0.05
436464,0.01
436471,0.0
436476,0.06
436478,0.08
436486,0.04
436497,0.06
436508,0.18
436509,0.0
436510,0.11
436511,0.53
436528,0.1
436531,0.14
436534,0.37
436535,0.16
436536,0.03
436537,0.0
436560,0.06
436562,0.09
436563,0.05
436564,0.12
436598,0.0
436599,0.03
436600,0.0
436637,0.06
436674,0.03
436706,0.02
436721,0.02
436722,0.03
436735,0.06
436747,0.3
436748,0.17
436750,0.13
436757,0.32
436767,0.04
436771,0.01
436781,0.12
436786,0.05
436799,0.09
436807,0.03
436812,0.05
436821,0.21
436835,0.05
436836,0.01
436846,0.05
436874,0.01
436880,0.41
436882,0.02
436885,0.13
436893,0.06
436894,0.02
436896,0.07
436902,0.06
436918,0.14
436921,0.05
436935,0.13
436955,0.0
436961,0.13
436963,0.11
436964,0.1
436970,0.03
436975,0.03
437005,0.06
437014,0.21
437020,0.13
437043,0.0
437045,0.06
437070,0.04
437078,0.02
437095,0.0
437097,0.02
437123,0.01
437127,0.05
437128,0.19
437130,0.04
437147,0.21
437156,0.01
437157,0.21
437160,0.13
437161,0.03
437169,0.15
437189,0.16
437196,0.24
437198,0.05
437200,0.01
437206,0.07
437211,0.02
437215,0.11
437218,0.02
437226,0.05
437229,0.09
437235,0.05
437244,0.0
437245,0.17
437246,0.03
437264,0.0
437266,0.02
437268,0.02
437269,0.13
437273,0.0
437275,0.1
437276,0.11
437302,0.07
437304,0.14
437305,0.13
437306,0.1
437334,0.01
437335,0.18
437336,0.03
437338,0.23
437343,0.29
437356,0.14
437357,0.01
437358,0.18
437359,0.11
437360,0.35
437393,0.0
437397,0.28
437403,0.04
437409,0.01
437426,0.17
437430,0.11
437446,0.13
437459,0.05
437461,0.14
437462,0.12
437463,0.0
437475,0.14
437478,0.03
437480,0.02
437482,0.07
437486,0.1
437491,0.11
437492,0.09
437493,0.21
437496,0.22
437510,0.06
437515,0.03
437516,0.02
437519,0.04
437522,0.06
437524,0.11
437532,0.08
437538,0.04
437546,0.14
437551,0.05
437553,0.37
437556,0.07
437573,0.13
437575,0.02
437584,0.22
437591,0.2
437592,0.21
437595,0.04
437602,0.0
437610,0.03
437611,0.03
437621,0.06
437622,0.04
437624,0.03
437630,0.05
437631,0.09
437636,0.09
437666,0.03
437672,0.16
437676,0.06
437687,0.54
437689,0.13
437706,0.12
437712,0.11
437735,0.0
437757,0.04
437763,0.26
437790,0.03
437791,0.12
437795,0.17
437803,0.12
437810,0.11
437811,0.18
437813,0.05
437820,0.05
437823,0.0
437832,0.01
437841,0.05
437852,0.11
437858,0.0
437862,0.03
437892,0.05
437896,0.01
437903,0.11
437905,0.13
437911,0.7
437913,0.05
437918,0.01
437922,0.04
437933,0.15
437936,0.06
437945,0.09
437966,0.02
437967,0.09
437972,0.01
437977,0.12
437984,0.16
437996,0.01
437997,0.19
437999,0.08
438001,0.05
438004,0.05
438007,0.02
438029,0.05
438031,0.02
438034,0.07
438038,0.1
438054,0.06
438058,0.04
438064,0.11
438065,0.05
438074,0.05
438084,0.08
438088,0.05
438089,0.03
438090,0.07
438117,0.05
438118,0.11
438151,0.04
438152,0.03
438153,0.03
438154,0.13
438167,0.04
438187,0.02
438192,0.16
438195,0.13
438196,0.11
438220,0.01
438223,0.13
438229,0.02
438256,0.09
438258,0.13
438260,0.11
438264,0.01
438273,0.15
438306,0.1
438307,0.1
438308,0.04
438309,0.02
438310,0.24
438341,0.09
438348,0.0
438349,0.06
438364,0.0
438368,0.16
438380,0.06
438382,0.02
438402,0.01
438404,0.09
438408,0.38
438410,0.11
438429,0.17
438434,0.0
438435,0.09
438437,0.26
438438,0.35
438444,0.11
438471,0.11
438506,0.04
438521,0.05
438524,0.22
438525,0.11
438534,0.06
438541,0.09
438546,0.01
438547,0.23
438564,0.01
438568,0.01
438570,0.01
438578,0.0
438582,0.08
438587,0.02
438604,0.29
438620,0.07
438621,0.0
438624,0.03
438634,0.19
438644,0.07
438645,0.04
438651,0.2
438659,0.08
438660,0.01
438662,0.03
438668,0.01
438673,0.13
438677,0.0
438683,0.22
438687,0.3
438700,0.12
438713,0.11
438714,0.01
438715,0.01
438717,0.0
438721,0.29
438738,0.07
438749,0.0
438750,0.01
438756,0.04
438771,0.02
438777,0.0
438781,0.0
438783,0.12
438786,0.35
438792,0.1
438802,0.06
438808,0.12
438814,0.0
438829,0.07
438846,0.03
438851,0.08
438856,0.34
438858,0.2
438861,0.01
438862,0.09
438876,0.03
438880,0.07
438891,0.11
438896,0.07
438898,0.08
438904,0.0
438908,0.02
438921,0.31
438923,0.29
438929,0.15
438942,0.05
438950,0.34
438979,0.31
438994,0.04
438995,0.03
438996,0.01
439002,0.12
439013,0.01
439015,0.03
439017,0.03
439029,0.07
439047,0.25
439048,0.04
439049,0.11
439050,0.1
439061,0.06
439065,0.07
439069,0.12
439070,0.27
439071,0.03
439072,0.07
439073,0.01
439076,0.01
439077,0.04
439078,0.03
439089,0.08
439095,0.06
439113,0.0
439122,0.0
439127,0.08
439153,0.03
439154,0.07
439157,0.07
439197,0.02
439205,0.19
439207,0.3
439209,0.0
439213,0.03
439218,0.04
439222,0.0
439229,0.18
439233,0.02
439235,0.05
439236,0.12
439239,0.03
439248,0.08
439255,0.01
439265,0.08
439266,0.2
439268,0.16
439270,0.14
439276,0.38
439285,0.02
439294,0.02
439296,0.04
439299,0.15
439310,0.04
439319,0.03
439320,0.1
439325,0.15
439327,0.02
439328,0.02
439334,0.13
439335,0.12
439339,0.12
439343,0.03
439353,0.08
439356,0.02
439374,0.08
439391,0.14
439400,0.14
439405,0.19
439413,0.1
439448,0.01
439451,0.08
439455,0.11
439468,0.05
439472,0.1
439473,0.09
439477,0.02
439483,0.05
439484,0.01
439501,0.11
439505,0.07
439512,0.05
439515,0.04
439525,0.07
439535,0.01
439539,0.06
439548,0.2
439549,0.07
439550,0.05
439551,0.06
439558,0.03
439562,0.04
439566,0.0
439571,0.02
439587,0.02
439591,0.19
439595,0.1
439611,0.05
439614,0.14
439618,0.16
439620,0.21
439626,0.01
439633,0.0
439657,0.0
439660,0.19
439661,0.04
439666,0.05
439673,0.21
439675,0.25
439705,0.06
439707,0.13
439720,0.07
439727,0.08
439733,0.03
439736,0.24
439737,0.1
439746,0.07
439755,0.16
439763,0.1
439765,0.04
439766,0.06
439768,0.09
439774,0.06
439779,0.0
439781,0.24
439784,0.08
439808,0.02
439816,0.01
439818,0.01
439820,0.01
439824,0.04
439830,0.11
439839,0.06
439841,0.19
439845,0.02
439874,0.15
439875,0.0
439879,0.04
439882,0.11
439883,0.21
439900,0.02
439901,0.01
439906,0.07
439909,0.15
439911,0.1
439914,0.13
439936,0.45
439937,0.07
439945,0.01
439950,0.06
439955,0.09
439956,0.08
439971,0.38
439977,0.08
439984,0.14
439985,0.02
439990,0.11
439994,0.06
440003,0.04
440030,0.07
440042,0.07
440048,0.11
440054,0.11
440073,0.16
440074,0.13
440080,0.03
440082,0.08
440085,0.14
440088,0.15
440091,0.07
440100,0.0
440103,0.03
440113,0.38
440119,0.06
440127,0.0
440130,0.02
440131,0.07
440135,0.02
440139,0.06
440147,0.05
440156,0.17
440158,0.09
440162,0.03
440163,0.22
440176,0.05
440181,0.01
440191,0.01
440192,0.19
440215,0.0
440219,0.05
440222,0.06
440238,0.0
440239,0.02
440244,0.0
440245,0.06
440252,0.16
440266,0.11
440267,0.11
440281,0.21
440283,0.08
440292,0.04
440307,0.0
440309,0.07
440313,0.07
440315,0.1
440320,0.02
440332,0.04
440336,0.05
440338,0.06
440342,0.27
440350,0.08
440352,0.06
440356,0.02
440359,0.07
440384,0.08
440395,0.03
440396,0.07
440397,0.12
440401,0.05
440408,0.05
440411,0.04
440425,0.09
440439,0.03
440451,0.27
440460,0.05
440463,0.13
440473,0.03
440479,0.04
440497,0.06
440506,0.0
440509,0.08
440518,0.09
440528,0.11
440536,0.4
440543,0.13
440561,0.01
440562,0.04
440566,0.26
440572,0.19
440574,0.24
440585,0.01
440592,0.06
440601,0.1
440606,0.13
440632,0.02
440643,0.03
440653,0.03
440669,0.06
440682,0.01
440691,0.02
440701,0.02
440706,0.11
440708,0.23
440714,0.28
440721,0.07
440723,0.13
440750,0.03
440759,0.27
440773,0.05
440792,0.19
440793,0.03
440798,0.25
440804,0.1
440819,0.24
440827,0.06
440851,0.11
440861,0.0
440862,0.01
440868,0.11
440874,0.34
440877,0.1
440883,0.02
440884,0.37
440886,0.0
440900,0.16
440902,0.08
440904,0.2
440910,0.07
440913,0.06
440915,0.17
440923,0.07
440924,0.03
440927,0.02
440936,0.06
440968,0.14
440973,0.03
440975,0.03
440979,0.12
440986,0.17
440987,0.01
440995,0.05
440998,0.08
441000,0.09
441004,0.08
441007,0.05
441014,0.19
441026,0.09
441032,0.3
441042,0.0
441051,0.09
441060,0.01
441061,0.06
441081,0.04
441082,0.06
441085,0.01
441087,0.01
441089,0.02
441091,0.01
441095,0.05
441114,0.01
441128,0.05
441138,0.12
441154,0.05
441156,0.1
441157,0.24
441175,0.04
441183,0.07
441189,0.03
441207,0.01
441209,0.25
441217,0.12
441228,0.06
441229,0.01
441239,0.04
441244,0.05
441256,0.03
441275,0.05
441278,0.1
441284,0.03
441288,0.08
441293,0.25
441294,0.14
441297,0.46
441298,0.04
441304,0.01
441316,0.04
441318,0.02
441351,0.14
441354,0.21
441363,0.08
441373,0.16
441375,0.09
441382,0.02
441385,0.03
441388,0.03
441392,0.3
441402,0.45
441413,0.0
441417,0.29
441427,0.02
441437,0.13
441453,0.01
441458,0.16
441459,0.04
441463,0.09
441466,0.01
441475,0.01
441479,0.02
441497,0.08
441501,0.13
441509,0.0
441513,0.13
441546,0.06
441547,0.0
441563,0.35
441565,0.03
441567,0.05
441576,0.1
441577,0.08
441578,0.07
441597,0.03
441607,0.16
441609,0.0
441611,0.08
441613,0.12
441622,0.06
441637,0.16
441638,0.1
441652,0.01
441660,0.1
441667,0.02
441671,0.21
441672,0.07
441675,0.09
441679,0.08
441700,0.01
441701,0.07
441711,0.03
441725,0.14
441732,0.02
441741,0.04
441743,0.18
441761,0.01
441763,0.03
441766,0.01
441778,0.23
441780,0.06
441782,0.11
441785,0.11
441796,0.08
441808,0.04
441809,0.54
441811,0.18
441825,0.03
441828,0.23
441835,0.13
441860,0.02
441865,0.01
441871,0.03
441874,0.06
441876,0.09
441885,0.0
441896,0.02
441908,0.1
441913,0.04
441921,0.29
441926,0.04
441936,0.07
441941,0.0
441947,0.04
441957,0.08
441961,0.08
441969,0.0
441979,0.03
441986,0.14
441987,0.02
441996,0.16
441997,0.0
441998,0.18
442001,0.11
442002,0.16
442003,0.14
442010,0.04
442013,0.05
442015,0.27
442026,0.06
442030,0.31
442032,0.24
442033,0.23
442039,0.1
442049,0.04
442054,0.0
442060,0.08
442065,0.06
442067,0.21
442074,0.01
442076,0.04
442080,0.28
442085,0.07
442093,0.22
442100,0.05
442123,0.17
442124,0.06
442128,0.09
442149,0.07
442151,0.36
442157,0.29
442158,0.09
442159,0.11
442161,0.02
442179,0.09
442187,0.05
442190,0.02
442195,0.12
442199,0.05
442233,0.05
442234,0.24
442235,0.03
442250,0.0
442256,0.07
442258,0.22
442264,0.07
442280,0.09
442288,0.0
442290,0.02
442293,0.25
442299,0.07
442303,0.22
442306,0.0
442308,0.01
442312,0.08
442315,0.03
442320,0.14
442321,0.2
442328,0.43
442331,0.27
442359,0.0
442361,0.01
442366,0.12
442368,0.11
442372,0.02
442378,0.01
442392,0.08
442393,0.02
442399,0.07
442401,0.13
442404,0.04
442405,0.1
442438,0.13
442442,0.04
442451,0.11
442452,0.05
442458,0.12
442461,0.06
442464,0.05
442468,0.04
442479,0.45
442484,0.03
442504,0.04
442505,0.01
442513,0.02
442520,0.01
442527,0.01
442539,0.09
442540,0.39
442541,0.0
442555,0.1
442577,0.48
442586,0.07
442588,0.01
442613,0.25
442616,0.2
442622,0.18
442626,0.08
442627,0.09
442641,0.01
442647,0.19
442653,0.12
442656,0.06
442662,0.24
442672,0.01
442682,0.06
442684,0.13
442685,0.04
442698,0.33
442709,0.02
442716,0.04
442718,0.05
442723,0.13
442724,0.13
442737,0.03
442742,0.19
442743,0.01
442746,0.21
442766,0.04
442767,0.12
442769,0.01
442792,0.05
442797,0.16
442799,0.05
442804,0.04
442807,0.04
442816,0.5
442819,0.03
442826,0.15
442831,0.08
442846,0.04
442854,0.19
442861,0.04
442862,0.02
442870,0.02
442875,0.11
442890,0.01
442891,0.25
442896,0.17
442897,0.04
442902,0.1
442903,0.1
442905,0.04
442915,0.16
442937,0.15
442947,0.21
442949,0.17
442954,0.23
442972,0.36
443012,0.25
443018,0.01
443029,0.03
443031,0.07
443033,0.0
443035,0.05
443039,0.02
443040,0.16
443051,0.24
443062,0.02
443069,0.21
443080,0.12
443081,0.09
443090,0.13
443092,0.02
443106,0.18
443119,0.2
443134,0.1
443161,0.13
443170,0.22
443177,0.12
443189,0.06
443193,0.31
443199,0.26
443212,0.14
443226,0.32
443230,0.01
443239,0.01
443241,0.03
443244,0.0
443249,0.04
443253,0.03
443262,0.01
443264,0.14
443266,0.02
443274,0.1
443283,0.02
443295,0.01
443304,0.04
443313,0.0
443317,0.07
443324,0.04
443339,0.02
443344,0.06
443345,0.0
443352,0.02
443355,0.19
443356,0.37
443360,0.06
443364,0.53
443368,0.05
443375,0.1
443380,0.27
443391,0.07
443392,0.0
443397,0.1
443403,0.12
443406,0.21
443420,0.22
443431,0.0
443441,0.12
443456,0.06
443457,0.24
443459,0.19
443460,0.21
443471,0.11
443474,0.16
443486,0.1
443487,0.03
443490,0.02
443492,0.1
443495,0.12
443505,0.08
443512,0.19
443555,0.18
443576,0.13
443582,0.01
443583,0.06
443585,0.08
443588,0.02
443592,0.01
443596,0.07
443597,0.03
443606,0.0
443607,0.05
443608,0.22
443611,0.15
443612,0.2
443618,0.2
443623,0.04
443632,0.01
443633,0.11
443634,0.14
443637,0.06
443638,0.28
443669,0.22
443672,0.16
443685,0.06
443686,0.01
443694,0.01
443695,0.19
443697,0.41
443700,0.24
443734,0.12
443738,0.05
443742,0.01
443759,0.06
443760,0.14
443770,0.03
443776,0.05
443788,0.06
443791,0.14
443792,0.01
443803,0.09
443808,0.19
443832,0.0
443842,0.1
443847,0.02
443853,0.05
443854,0.26
443868,0.04
443873,0.16
443879,0.04
443883,0.35
443891,0.11
443908,0.1
443910,0.06
443918,0.02
443927,0.05
443935,0.33
443965,0.2
443974,0.07
443984,0.04
443986,0.36
443991,0.0
443996,0.01
444008,0.02
444014,0.01
444015,0.05
444016,0.0
444018,0.18
444053,0.14
444058,0.04
444065,0.1
444069,0.01
444082,0.12
444087,0.14
444089,0.11
444093,0.4
444104,0.05
444113,0.06
444118,0.08
444122,0.26
444123,0.12
444128,0.05
444136,0.01
444152,0.11
444155,0.15
444182,0.06
444183,0.03
444185,0.02
444213,0.03
444229,0.02
444231,0.07
444234,0.1
444240,0.05
444249,0.04
444265,0.02
444268,0.12
444271,0.02
444278,0.03
444279,0.21
444283,0.1
444285,0.01
444291,0.11
444297,0.07
444313,0.05
444318,0.03
444322,0.03
444333,0.16
444334,0.18
444359,0.08
444367,0.15
444369,0.07
444370,0.13
444376,0.04
444384,0.0
444387,0.17
444406,0.03
444409,0.21
444412,0.06
444418,0.21
444420,0.17
444424,0.01
444429,0.07
444432,0.06
444434,0.01
444440,0.0
444444,0.21
444450,0.05
444456,0.03
444457,0.01
444461,0.3
444504,0.03
444515,0.25
444516,0.17
444517,0.06
444519,0.0
444540,0.02
444573,0.22
444581,0.05
444582,0.0
444602,0.44
444605,0.11
444611,0.06
444614,0.06
444622,0.01
444624,0.04
444625,0.07
444639,0.07
444658,0.25
444673,0.01
444696,0.07
444719,0.0
444729,0.15
444737,0.08
444743,0.07
444758,0.13
444764,0.24
444780,0.02
444789,0.1
444795,0.23
444811,0.09
444814,0.01
444825,0.03
444831,0.09
444832,0.04
444835,0.13
444840,0.03
444841,0.09
444842,0.3
444846,0.16
444849,0.09
444867,0.01
444876,0.01
444893,0.09
444896,0.11
444897,0.04
444907,0.13
444908,0.0
444932,0.07
444933,0.03
444936,0.07
444941,0.08
444942,0.11
444950,0.07
444956,0.04
444965,0.07
444966,0.31
444970,0.01
444971,0.28
444978,0.03
444982,0.03
444984,0.06
444986,0.06
445001,0.01
445016,0.01
445027,0.32
445029,0.02
445032,0.02
445037,0.0
445043,0.03
445044,0.21
445047,0.09
445052,0.19
445073,0.31
445075,0.0
445076,0.05
445092,0.04
445095,0.07
445106,0.1
445110,0.08
445123,0.01
445124,0.0
445141,0.12
445151,0.04
445160,0.07
445161,0.02
445164,0.24
445165,0.08
445169,0.17
445175,0.2
445178,0.14
445182,0.13
445183,0.0
445192,0.02
445193,0.12
445200,0.04
445202,0.08
445203,0.01
445207,0.03
445245,0.03
445256,0.03
445282,0.07
445294,0.05
445300,0.07
445316,0.06
445331,0.03
445332,0.01
445343,0.14
445345,0.17
445346,0.08
445354,0.2
445355,0.36
445356,0.1
445366,0.44
445369,0.06
445390,0.02
445392,0.24
445398,0.08
445401,0.14
445417,0.0
445427,0.04
445465,0.04
445469,0.02
445472,0.02
445475,0.1
445483,0.1
445484,0.08
445493,0.17
445496,0.1
445504,0.02
445505,0.1
445507,0.05
445531,0.33
445536,0.02
445544,0.01
445559,0.0
445580,0.1
445589,0.08
445591,0.09
445595,0.02
445601,0.01
445612,0.08
445639,0.14
445656,0.21
445666,0.01
445682,0.14
445686,0.05
445700,0.0
445713,0.13
445716,0.04
445725,0.05
445728,0.06
445731,0.01
445742,0.1
445743,0.45
445755,0.01
445766,0.04
445781,0.45
445798,0.1
445799,0.16
445801,0.36
445810,0.04
445813,0.13
445822,0.04
445824,0.36
445826,0.01
445828,0.03
445829,0.07
445838,0.18
445840,0.1
445845,0.09
445847,0.07
445849,0.12
445852,0.12
445853,0.23
445856,0.22
445863,0.0
445864,0.29
445871,0.19
445907,0.04
445908,0.04
445917,0.01
445919,0.13
445925,0.07
445930,0.03
445938,0.02
445943,0.07
445946,0.01
445948,0.25
445970,0.02
445972,0.01
445974,0.31
445976,0.05
445979,0.05
445993,0.03
446001,0.23
446004,0.02
446025,0.04
446026,0.05
446046,0.08
446048,0.06
446055,0.03
446064,0.08
446068,0.01
446078,0.01
446094,0.17
446096,0.19
446120,0.02
446131,0.19
446139,0.16
446157,0.06
446179,0.14
446180,0.13
446186,0.11
446189,0.33
446200,0.11
446208,0.39
446210,0.21
446214,0.04
446226,0.07
446229,0.02
446237,0.06
446247,0.03
446256,0.0
446273,0.29
446286,0.01
446296,0.01
446302,0.11
446310,0.02
446315,0.01
446319,0.19
446320,0.11
446322,0.16
446356,0.52
446374,0.05
446375,0.04
446406,0.1
446407,0.0
446426,0.03
446428,0.04
446431,0.1
446433,0.06
446437,0.1
446441,0.2
446452,0.05
446464,0.09
446466,0.14
446468,0.14
446469,0.09
446472,0.1
446476,0.05
446478,0.05
446485,0.07
446499,0.03
446503,0.07
446504,0.03
446509,0.12
446512,0.13
446525,0.05
446534,0.27
446535,0.05
446543,0.11
446546,0.03
446550,0.26
446555,0.04
446560,0.11
446564,0.13
446572,0.07
446593,0.2
446616,0.23
446617,0.07
446625,0.06
446626,0.1
446631,0.23
446643,0.09
446647,0.12
446652,0.04
446655,0.04
446657,0.13
446663,0.13
446665,0.09
446676,0.1
446684,0.08
446694,0.03
446699,0.03
446702,0.05
446713,0.06
446720,0.47
446724,0.01
446728,0.08
446730,0.08
446738,0.07
446742,0.02
446743,0.04
446744,0.1
446750,0.15
446759,0.06
446760,0.15
446772,0.08
446786,0.06
446799,0.14
446800,0.2
446803,0.07
446812,0.12
446813,0.07
446815,0.01
446816,0.0
446832,0.07
446845,0.24
446846,0.05
446847,0.0
446850,0.13
446851,0.17
446855,0.09
446856,0.09
446867,0.0
446877,0.1
446880,0.11
446885,0.04
446892,0.0
446905,0.07
446909,0.06
446924,0.0
446935,0.11
446944,0.03
446945,0.15
446949,0.0
446952,0.1
446957,0.02
446961,0.14
446979,0.05
446980,0.16
446987,0.07
446991,0.13
447001,0.02
447013,0.18
447014,0.01
447023,0.06
447062,0.0
447072,0.2
447082,0.19
447084,0.07
447087,0.0
447092,0.06
447106,0.04
447107,0.02
447112,0.01
447147,0.03
447160,0.35
447176,0.04
447184,0.14
447188,0.01
447190,0.26
447191,0.22
447198,0.06
447199,0.18
447200,0.1
447202,0.01
447209,0.14
447210,0.02
447228,0.44
447230,0.05
447235,0.17
447246,0.27
447248,0.11
447263,0.04
447265,0.05
447272,0.01
447285,0.06
447293,0.07
447305,0.1
447312,0.3
447326,0.07
447327,0.05
447361,0.02
447367,0.11
447381,0.05
447387,0.13
447390,0.14
447391,0.07
447416,0.1
447419,0.04
447420,0.05
447422,0.0
447425,0.07
447444,0.09
447458,0.02
447460,0.02
447467,0.07
447479,0.25
447482,0.14
447496,0.11
447504,0.02
447507,0.04
447519,0.11
447522,0.05
447528,0.03
447529,0.12
447532,0.15
447540,0.27
447543,0.08
447546,0.05
447554,0.09
447571,0.08
447575,0.15
447591,0.08
447599,0.05
447600,0.34
447601,0.06
447606,0.08
447607,0.05
447618,0.3
447621,0.06
447633,0.01
447638,0.1
447642,0.2
447644,0.06
447654,0.16
447670,0.01
447671,0.04
447672,0.07
447674,0.12
447676,0.08
447692,0.22
447696,0.06
447698,0.18
447704,0.07
447705,0.22
447708,0.12
447709,0.44
447715,0.08
447727,0.1
447736,0.05
447742,0.01
447743,0.1
447745,0.07
447748,0.47
447751,0.43
447752,0.08
447796,0.06
447810,0.23
447812,0.07
447814,0.66
447815,0.06
447816,0.03
447817,0.3
447835,0.17
447842,0.2
447844,0.11
447862,0.18
447865,0.03
447868,0.17
447873,0.0
447876,0.01
447881,0.13
447882,0.33
447883,0.08
447904,0.3
447907,0.09
447915,0.22
447931,0.06
447945,0.04
447947,0.14
447958,0.04
447967,0.01
447968,0.07
447972,0.09
447975,0.07
447976,0.07
447978,0.03
447983,0.04
447993,0.22
447998,0.09
448001,0.05
448005,0.26
448007,0.03
448011,0.1
448012,0.07
448016,0.07
448030,0.0
448039,0.34
448040,0.05
448045,0.02
448046,0.04
448051,0.09
448084,0.14
448091,0.08
448100,0.08
448125,0.18
448143,0.0
448146,0.06
448150,0.04
448160,0.15
448163,0.07
448165,0.1
448182,0.01
448185,0.0
448188,0.02
448189,0.03
448209,0.26
448210,0.13
448218,0.02
448224,0.24
448241,0.05
448243,0.08
448244,0.02
448245,0.14
448254,0.1
448278,0.2
448279,0.43
448282,0.18
448284,0.11
448285,0.17
448301,0.18
448302,0.17
448305,0.13
448317,0.08
448330,0.11
448335,0.13
448338,0.05
448340,0.07
448341,0.08
448347,0.47
448350,0.12
448353,0.03
448361,0.15
448370,0.03
448380,0.4
448400,0.15
448411,0.49
448412,0.32
448417,0.16
448420,0.11
448422,0.05
448424,0.01
448447,0.09
448459,0.09
448464,0.01
448470,0.03
448490,0.1
448494,0.02
448500,0.27
448515,0.01
448522,0.07
448526,0.2
448536,0.38
448548,0.04
448566,0.08
448573,0.09
448584,0.06
448585,0.05
448597,0.03
448599,0.23
448601,0.07
448604,0.1
448606,0.03
448610,0.04
448642,0.08
448660,0.04
448669,0.02
448674,0.09
448675,0.02
448678,0.01
448690,0.0
448693,0.02
448695,0.26
448700,0.03
448703,0.1
448704,0.13
448707,0.1
448720,0.24
448727,0.19
448728,0.21
448734,0.23
448746,0.09
448755,0.05
448760,0.39
448770,0.05
448778,0.02
448788,0.06
448790,0.13
448801,0.04
448805,0.12
448806,0.01
448812,0.0
448817,0.25
448834,0.09
448837,0.57
448838,0.06
448853,0.16
448856,0.06
448868,0.02
448876,0.09
448909,0.25
448917,0.17
448919,0.05
448922,0.05
448931,0.14
448935,0.05
448937,0.0
448940,0.11
448948,0.05
448958,0.06
448967,0.23
448968,0.04
448973,0.08
448993,0.0
449000,0.29
449011,0.12
449015,0.03
449030,0.21
449035,0.17
449040,0.02
449045,0.06
449060,0.12
449081,0.03
449082,0.16
449087,0.23
449095,0.05
449105,0.08
449110,0.12
449117,0.02
449126,0.08
449134,0.19
449141,0.1
449148,0.11
449155,0.0
449158,0.34
449160,0.05
449178,0.04
449180,0.33
449183,0.12
449186,0.27
449193,0.11
449196,0.01
449203,0.03
449213,0.03
449214,0.15
449215,0.06
449216,0.05
449224,0.06
449227,0.25
449230,0.04
449233,0.05
449253,0.12
449254,0.06
449264,0.19
449289,0.2
449302,0.03
449308,0.08
449314,0.0
449322,0.06
449323,0.05
449364,0.04
449368,0.04
449391,0.06
449403,0.08
449408,0.07
449409,0.0
449412,0.01
449424,0.06
449427,0.0
449462,0.16
449465,0.08
449469,0.04
449475,0.02
449476,0.44
449483,0.07
449484,0.2
449487,0.04
449492,0.01
449499,0.19
449502,0.1
449506,0.01
449508,0.02
449514,0.01
449517,0.1
449534,0.27
449540,0.1
449543,0.19
449545,0.19
449548,0.14
449555,0.03
449556,0.16
449558,0.03
449566,0.0
449574,0.22
449576,0.08
449578,0.0
449581,0.12
449586,0.04
449591,0.01
449594,0.03
449599,0.02
449606,0.01
449615,0.02
449616,0.04
449625,0.04
449633,0.16
449636,0.38
449637,0.12
449642,0.06
449683,0.29
449684,0.06
449711,0.0
449713,0.03
449716,0.06
449741,0.13
449745,0.06
449747,0.11
449756,0.01
449759,0.01
449760,0.14
449768,0.13
449773,0.08
449775,0.0
449780,0.04
449788,0.12
449792,0.06
449802,0.03
449812,0.26
449815,0.27
449818,0.04
449820,0.06
449821,0.01
449822,0.18
449831,0.06
449837,0.09
449855,0.39
449857,0.05
449865,0.24
449866,0.08
449871,0.12
449873,0.07
449874,0.06
449877,0.0
449881,0.03
449889,0.07
449893,0.02
449894,0.05
449897,0.12
449900,0.02
449910,0.01
449924,0.13
449928,0.17
449932,0.29
449942,0.14
449947,0.02
449955,0.17
449972,0.07
449984,0.2
450004,0.02
450027,0.33
450029,0.04
450035,0.07
450038,0.07
450042,0.33
450044,0.07
450060,0.02
450065,0.01
450076,0.13
450081,0.1
450083,0.13
450096,0.36
450102,0.07
450107,0.06
450109,0.08
450110,0.03
450111,0.12
450114,0.05
450117,0.07
450118,0.05
450124,0.24
450141,0.07
450145,0.1
450148,0.15
450169,0.02
450172,0.2
450173,0.06
450180,0.33
450182,0.01
450190,0.0
450200,0.02
450216,0.0
450221,0.03
450227,0.14
450229,0.05
450233,0.08
450244,0.13
450251,0.5
450260,0.09
450266,0.25
450267,0.06
450272,0.12
450280,0.15
450287,0.02
450290,0.1
450291,0.45
450303,0.06
450310,0.17
450311,0.04
450358,0.04
450373,0.03
450376,0.09
450383,0.08
450395,0.07
450398,0.28
450412,0.18
450415,0.09
450420,0.12
450421,0.4
450427,0.01
450428,0.05
450429,0.07
450433,0.02
450443,0.07
450453,0.02
450454,0.08
450458,0.16
450464,0.05
450469,0.14
450475,0.06
450478,0.1
450498,0.01
450501,0.24
450503,0.02
450513,0.42
450523,0.32
450530,0.47
450537,0.13
450543,0.04
450554,0.1
450555,0.06
450558,0.02
450568,0.02
450569,0.06
450580,0.2
450581,0.01
450588,0.03
450589,0.03
450602,0.01
450603,0.02
450621,0.02
450626,0.27
450640,0.06
450641,0.06
450644,0.17
450658,0.09
450672,0.27
450685,0.0
450687,0.25
450689,0.08
450690,0.04
450693,0.04
450699,0.0
450706,0.2
450708,0.33
450710,0.0
450716,0.03
450722,0.11
450752,0.18
450759,0.08
450763,0.15
450767,0.01
450768,0.1
450772,0.04
450778,0.09
450781,0.05
450788,0.03
450792,0.25
450817,0.02
450820,0.04
450835,0.12
450848,0.15
450853,0.21
450865,0.08
450878,0.01
450883,0.05
450885,0.07
450896,0.14
450897,0.08
450898,0.3
450904,0.07
450908,0.15
450917,0.14
450921,0.03
450923,0.07
450926,0.15
450929,0.01
450937,0.06
450963,0.19
450971,0.08
450973,0.07
450978,0.26
450982,0.04
450995,0.07
450997,0.02
451033,0.07
451035,0.07
451037,0.31
451039,0.07
451063,0.0
451079,0.1
451081,0.05
451083,0.02
451100,0.08
451101,0.04
451104,0.03
451109,0.02
451119,0.05
451124,0.04
451126,0.03
451146,0.35
451155,0.02
451156,0.09
451160,0.08
451163,0.03
451168,0.03
451175,0.11
451184,0.06
451189,0.07
451206,0.11
451208,0.02
451225,0.04
451226,0.05
451228,0.18
451230,0.39
451235,0.03
451239,0.07
451242,0.02
451247,0.0
451248,0.02
451255,0.27
451261,0.04
451270,0.06
451277,0.02
451278,0.05
451282,0.08
451283,0.16
451302,0.02
451310,0.12
451315,0.16
451328,0.06
451330,0.3
451331,0.4
451338,0.04
451342,0.14
451347,0.02
451350,0.24
451351,0.04
451354,0.05
451358,0.0
451370,0.05
451379,0.34
451383,0.03
451390,0.19
451391,0.0
451392,0.09
451412,0.14
451422,0.2
451429,0.03
451432,0.04
451437,0.14
451442,0.14
451455,0.18
451457,0.34
451464,0.06
451472,0.08
451474,0.11
451488,0.11
451512,0.04
451516,0.03
451519,0.18
451528,0.0
451531,0.05
451551,0.16
451564,0.01
451570,0.22
451571,0.16
451575,0.02
451576,0.08
451582,0.17
451586,0.01
451587,0.22
451594,0.06
451596,0.01
451600,0.16
451615,0.05
451616,0.07
451646,0.12
451648,0.12
451650,0.03
451651,0.08
451662,0.13
451675,0.03
451680,0.02
451682,0.07
451688,0.09
451691,0.01
451698,0.01
451703,0.08
451709,0.24
451714,0.22
451716,0.09
451719,0.03
451724,0.11
451726,0.06
451733,0.01
451743,0.12
451747,0.05
451756,0.01
451761,0.11
451762,0.16
451768,0.05
451785,0.04
451805,0.02
451811,0.16
451817,0.03
451823,0.17
451831,0.01
451840,0.12
451845,0.14
451852,0.04
451855,0.08
451856,0.09
451871,0.06
451873,0.07
451897,0.01
451907,0.04
451908,0.07
451919,0.04
451932,0.0
451934,0.06
451935,0.08
451936,0.31
451938,0.05
451954,0.0
451958,0.08
451976,0.55
451977,0.19
451983,0.14
452000,0.02
452023,0.09
452024,0.02
452028,0.17
452039,0.01
452043,0.06
452047,0.04
452067,0.09
452069,0.02
452071,0.01
452096,0.1
452101,0.18
452107,0.24
452108,0.09
452109,0.21
452123,0.09
452127,0.02
452131,0.06
452133,0.01
452136,0.11
452137,0.15
452142,0.07
452147,0.14
452158,0.25
452172,0.19
452190,0.11
452191,0.07
452192,0.0
452195,0.13
452209,0.14
452237,0.1
452239,0.03
452242,0.04
452246,0.02
452249,0.22
452263,0.15
452267,0.13
452273,0.28
452274,0.18
452291,0.03
452310,0.31
452319,0.14
452325,0.13
452328,0.19
452330,0.11
452332,0.57
452337,0.05
452353,0.34
452356,0.32
452368,0.0
452379,0.07
452380,0.21
452396,0.17
452398,0.01
452401,0.09
452408,0.02
452409,0.22
452414,0.15
452418,0.18
452422,0.1
452430,0.08
452432,0.05
452451,0.2
452455,0.09
452495,0.05
452497,0.32
452511,0.38
452514,0.03
452522,0.18
452529,0.06
452530,0.32
452542,0.1
452545,0.05
452558,0.05
452592,0.12
452604,0.04
452616,0.06
452619,0.17
452620,0.02
452630,0.06
452644,0.21
452658,0.01
452663,0.02
452668,0.05
452672,0.23
452679,0.03
452685,0.16
452690,0.37
452701,0.16
452702,0.06
452708,0.07
452714,0.05
452718,0.39
452731,0.03
452733,0.16
452741,0.09
452748,0.24
452750,0.03
452753,0.05
452759,0.01
452767,0.15
452768,0.61
452788,0.03
452802,0.06
452807,0.09
452819,0.04
452820,0.01
452821,0.07
452840,0.08
452851,0.07
452861,0.07
452865,0.03
452871,0.06
452882,0.09
452903,0.11
452906,0.36
452907,0.14
452914,0.08
452929,0.08
452931,0.44
452932,0.02
452948,0.32
452950,0.11
452963,0.08
452974,0.03
452982,0.04
452984,0.21
452994,0.02
452995,0.03
452998,0.02
453003,0.19
453021,0.37
453040,0.21
453042,0.14
453052,0.27
453056,0.01
453066,0.18
453067,0.03
453072,0.02
453085,0.09
453093,0.0
453094,0.07
453100,0.0
453101,0.18
453107,0.17
453110,0.07
453111,0.23
453113,0.03
453114,0.0
453124,0.01
453129,0.06
453142,0.14
453145,0.21
453152,0.5
453159,0.31
453168,0.14
453196,0.0
453212,0.18
453214,0.03
453215,0.03
453220,0.02
453230,0.34
453233,0.12
453235,0.2
453244,0.26
453248,0.14
453262,0.03
453268,0.1
453283,0.02
453284,0.02
453287,0.15
453299,0.12
453314,0.07
453322,0.05
453349,0.4
453354,0.2
453356,0.16
453359,0.11
453366,0.09
453367,0.28
453372,0.07
453378,0.26
453390,0.08
453397,0.23
453403,0.03
453406,0.18
453412,0.04
453415,0.26
453428,0.05
453431,0.04
453442,0.33
453449,0.07
453465,0.08
453473,0.14
453476,0.02
453479,0.07
453480,0.01
453481,0.0
453493,0.05
453494,0.06
453507,0.29
453509,0.07
453514,0.32
453524,0.16
453534,0.09
453538,0.13
453544,0.2
453549,0.02
453550,0.1
453551,0.01
453556,0.33
453560,0.24
453566,0.05
453569,0.11
453579,0.05
453582,0.07
453586,0.38
453618,0.1
453620,0.19
453655,0.15
453659,0.07
453668,0.17
453681,0.03
453686,0.06
453687,0.06
453704,0.04
453707,0.24
453708,0.02
453709,0.16
453715,0.05
453721,0.04
453725,0.09
453727,0.1
453747,0.29
453753,0.14
453755,0.02
453761,0.09
453763,0.01
453766,0.09
453774,0.08
453781,0.21
453790,0.07
453797,0.24
453808,0.12
453814,0.08
453836,0.09
453837,0.03
453843,0.02
453844,0.11
453871,0.01
453881,0.23
453892,0.6
453893,0.06
453894,0.13
453895,0.09
453903,0.1
453906,0.43
453918,0.09
453924,0.09
453930,0.16
453940,0.01
453944,0.26
453947,0.19
453949,0.25
453952,0.13
453959,0.18
453971,0.07
453986,0.1
453988,0.11
453989,0.13
453999,0.18
454007,0.16
454021,0.01
454023,0.45
454036,0.01
454046,0.12
454052,0.33
454066,0.06
454070,0.05
454071,0.02
454075,0.11
454080,0.01
454085,0.01
454097,0.17
454103,0.07
454105,0.02
454108,0.03
454109,0.05
454137,0.04
454150,0.06
454155,0.04
454164,0.09
454165,0.12
454170,0.27
454173,0.01
454181,0.02
454183,0.14
454188,0.17
454192,0.06
454198,0.18
454200,0.0
454209,0.01
454211,0.3
454212,0.1
454218,0.32
454220,0.02
454231,0.05
454242,0.01
454245,0.0
454261,0.01
454269,0.21
454271,0.02
454287,0.16
454293,0.1
454296,0.07
454304,0.08
454313,0.04
454315,0.28
454321,0.13
454333,0.17
454334,0.15
454345,0.1
454347,0.21
454361,0.29
454380,0.11
454382,0.2
454386,0.09
454390,0.15
454396,0.12
454398,0.3
454403,0.04
454405,0.03
454406,0.11
454412,0.13
454418,0.07
454436,0.04
454443,0.04
454449,0.19
454457,0.4
454466,0.04
454471,0.1
454476,0.42
454489,0.28
454493,0.34
454495,0.22
454497,0.1
454522,0.02
454554,0.06
454557,0.03
454560,0.07
454561,0.1
454563,0.03
454565,0.12
454566,0.08
454578,0.23
454605,0.17
454608,0.17
454612,0.0
454618,0.15
454622,0.15
454631,0.16
454638,0.04
454639,0.17
454640,0.14
454653,0.13
454663,0.02
454664,0.15
454674,0.39
454678,0.27
454680,0.04
454687,0.06
454690,0.0
454698,0.2
454700,0.03
454707,0.0
454714,0.05
454722,0.12
454723,0.15
454739,0.13
454745,0.04
454763,0.07
454765,0.1
454774,0.13
454778,0.08
454780,0.13
454781,0.09
454789,0.0
454801,0.11
454802,0.07
454835,0.19
454837,0.07
454841,0.05
454872,0.21
454878,0.02
454884,0.01
454891,0.01
454897,0.09
454908,0.13
454912,0.12
454922,0.01
454929,0.05
454935,0.04
454946,0.18
454959,0.03
454970,0.07
454991,0.09
455002,0.26
455005,0.15
455016,0.5
455021,0.09
455022,0.13
455024,0.07
455044,0.1
455050,0.17
455055,0.15
455056,0.16
455067,0.06
455069,0.0
455082,0.07
455087,0.12
455088,0.41
455112,0.08
455126,0.13
455132,0.01
455135,0.29
455148,0.08
455156,0.13
455161,0.21
455162,0.19
455164,0.19
455171,0.05
455174,0.0
455175,0.04
455184,0.42
455188,0.08
455200,0.17
455209,0.19
455212,0.06
455217,0.16
455222,0.04
455223,0.25
455228,0.03
455243,0.05
455246,0.08
455255,0.15
455262,0.1
455268,0.12
455277,0.27
455281,0.18
455296,0.1
455297,0.13
455322,0.0
455326,0.17
455327,0.17
455328,0.06
455368,0.08
455374,0.19
455377,0.08
455378,0.08
455379,0.1
455395,0.06
455424,0.05
455425,0.02
455429,0.0
455434,0.27
455436,0.36
455438,0.03
455439,0.07
455440,0.04
455441,0.0
455481,0.04
455482,0.16
455483,0.09
455484,0.25
455489,0.21
455490,0.15
455513,0.36
455515,0.18
455536,0.14
455537,0.22
455538,0.03
455539,0.23
455567,0.34
455583,0.02
455607,0.09
455636,0.18
455638,0.06
455640,0.24
455644,0.1
455645,0.02
455648,0.07
455650,0.04
455658,0.05
455694,0.11
455695,0.14
455696,0.05
455703,0.12
455742,0.16
455748,0.12
455749,0.45
455750,0.28
455751,0.05
455752,0.17
455787,0.34
455798,0.05
455802,0.13
455803,0.15
455804,0.19
455805,0.03
455829,0.0
455840,0.22
455849,0.17
455850,0.08
455852,0.3
455854,0.09
455863,0.08
455897,0.09
455902,0.05
455907,0.0
455908,0.05
455909,0.05
455940,0.06
455955,0.11
455958,0.11
455959,0.19
455960,0.04
455961,0.28
455962,0.16
455963,0.05
455965,0.07
456007,0.42
456008,0.13
456009,0.08
456010,0.25
456011,0.04
456013,0.1
456028,0.17
456058,0.44
456111,0.25
456114,0.05
456115,0.22
456116,0.05
456119,0.05
456120,0.22
456122,0.23
456123,0.09
456166,0.23
456167,0.15
456168,0.14
456169,0.11
456170,0.03
456189,0.21
456202,0.13
456221,0.18
456222,0.2
456223,0.11
456224,0.16
456250,0.12
