SK_ID_CURR,TARGET
100001,0.14
100005,0.14
100013,0.12
100028,0.02
100038,0.15
100042,0.06
100057,0.0
100065,0.07
100066,0.02
100067,0.22
100074,0.11
100090,0.05
100091,0.18
100092,0.09
100106,0.03
100107,0.37
100109,0.09
100117,0.01
100128,0.22
100141,0.18
100150,0.04
100168,0.09
100169,0.22
100170,0.19
100171,0.02
100172,0.07
100184,0.18
100187,0.07
100212,0.08
100222,0.07
100223,0.06
100232,0.02
100241,0.24
100245,0.05
100253,0.04
100256,0.13
100271,0.12
100278,0.23
100280,0.05
100306,0.14
100311,0.08
100312,0.02
100330,0.23
100331,0.07
100352,0.1
100358,0.12
100367,0.05
100382,0.18
100384,0.26
100385,0.05
100386,0.06
100399,0.04
100404,0.14
100416,0.02
100422,0.05
100426,0.04
100438,0.1
100444,0.12
100445,0.09
100446,0.13
100447,0.03
100450,0.12
100466,0.03
100483,0.01
100484,0.11
100494,0.05
100510,0.12
100512,0.07
100517,0.08
100548,0.02
100551,0.09
100552,0.04
100553,0.09
100561,0.29
100568,0.17
100569,0.03
100591,0.09
100592,0.05
100602,0.0
100607,0.05
100613,0.05
100617,0.06
100618,0.1
100622,0.15
100625,0.08
100677,0.13
100699,0.02
100702,0.26
100711,0.06
100729,0.18
100740,0.09
100744,0.06
100745,0.07
100747,0.15
100751,0.29
100752,0.05
100753,0.27
100754,0.28
100760,0.05
100762,0.06
100763,0.11
100765,0.04
100770,0.1
100772,0.06
100777,0.13
100791,0.05
100792,0.03
100797,0.04
100823,0.07
100826,0.03
100830,0.16
100836,0.08
100872,0.07
100910,0.17
100913,0.31
100918,0.11
100931,0.03
100952,0.03
100953,0.02
100965,0.33
100970,0.02
100982,0.12
100983,0.28
100984,0.26
100987,0.15
100997,0.05
100998,0.23
101002,0.09
101005,0.05
101008,0.17
101020,0.1
101021,0.08
101024,0.08
101025,0.2
101026,0.05
101031,0.02
101041,0.02
101051,0.01
101055,0.11
101056,0.21
101057,0.03
101064,0.08
101079,0.13
101087,0.08
101090,0.16
101092,0.1
101097,0.09
101099,0.06
101107,0.03
101118,0.08
101125,0.07
101126,0.05
101128,0.05
101136,0.14
101140,0.16
101149,0.02
101160,0.12
101169,0.34
101181,0.11
101186,0.04
101190,0.06
101193,0.15
101194,0.19
101198,0.2
101200,0.09
101204,0.01
101211,0.02
101213,0.06
101223,0.1
101225,0.19
101237,0.11
101243,0.04
101244,0.11
101258,0.06
101259,0.23
101268,0.34
101269,0.06
101271,0.0
101279,0.06
101281,0.28
101287,0.14
101292,0.11
101294,0.1
101296,0.18
101297,0.01
101299,0.18
101301,0.03
101305,0.07
101308,0.33
101318,0.0
101327,0.16
101329,0.07
101332,0.09
101337,0.02
101343,0.04
101345,0.09
101346,0.01
101353,0.02
101354,0.19
101355,0.11
101356,0.02
101362,0.13
101363,0.26
101365,0.14
101366,0.03
101367,0.2
101368,0.03
101374,0.16
101380,0.02
101383,0.08
101398,0.01
101399,0.31
101401,0.08
101412,0.17
101426,0.04
101427,0.29
101428,0.18
101429,0.04
101434,0.04
101440,0.25
101448,0.02
101449,0.07
101465,0.13
101467,0.02
101472,0.02
101478,0.27
101497,0.16
101504,0.16
101547,0.03
101548,0.09
101555,0.2
101570,0.07
101572,0.08
101578,0.01
101580,0.14
101588,0.06
101602,0.1
101610,0.14
101614,0.09
101616,0.09
101643,0.15
101644,0.12
101649,0.12
101650,0.05
101665,0.04
101667,0.1
101669,0.29
101674,0.06
101675,0.02
101678,0.16
101682,0.09
101686,0.08
101697,0.15
101700,0.34
101711,0.03
101714,0.16
101715,0.35
101728,0.01
101732,0.03
101757,0.22
101758,0.1
101759,0.01
101762,0.02
101764,0.16
101780,0.21
101784,0.01
101789,0.02
101816,0.03
101819,0.19
101827,0.02
101863,0.03
101867,0.05
101870,0.01
101873,0.1
101878,0.09
101879,0.27
101880,0.1
101887,0.04
101897,0.01
101901,0.09
101903,0.19
101920,0.11
101921,0.02
101922,0.13
101961,0.11
101962,0.09
101971,0.14
101976,0.25
102002,0.14
102005,0.01
102007,0.17
102017,0.04
102019,0.15
102029,0.0
102051,0.13
102052,0.01
102054,0.07
102062,0.04
102067,0.17
102068,0.17
102070,0.06
102090,0.13
102092,0.09
102099,0.07
102100,0.07
102112,0.2
102113,0.05
102122,0.18
102123,0.1
102125,0.01
102126,0.27
102146,0.01
102147,0.12
102151,0.04
102158,0.16
102159,0.1
102162,0.08
102165,0.06
102166,0.01
102174,0.06
102193,0.21
102198,0.05
102205,0.15
102206,0.03
102218,0.0
102221,0.06
102230,0.04
102238,0.2
102248,0.09
102252,0.13
102259,0.11
102262,0.2
102273,0.11
102286,0.17
102293,0.02
102294,0.17
102296,0.22
102298,0.06
102303,0.06
102309,0.05
102315,0.03
102340,0.06
102342,0.17
102344,0.04
102346,0.06
102347,0.02
102374,0.13
102380,0.05
102387,0.04
102393,0.07
102403,0.07
102413,0.0
102414,0.05
102415,0.07
102416,0.19
102439,0.08
102441,0.02
102443,0.05
102444,0.17
102445,0.07
102448,0.04
102449,0.14
102450,0.09
102456,0.02
102458,0.16
102459,0.14
102465,0.25
102470,0.23
102471,0.02
102475,0.13
102476,0.13
102506,0.15
102509,0.07
102519,0.0
102522,0.1
102545,0.09
102549,0.16
102562,0.0
102563,0.01
102568,0.11
102582,0.02
102592,0.05
102597,0.16
102605,0.02
102614,0.07
102617,0.34
102634,0.08
102652,0.07
102655,0.01
102671,0.09
102694,0.12
102701,0.05
102703,0.0
102704,0.02
102713,0.13
102720,0.1
102731,0.06
102733,0.07
102749,0.0
102755,0.2
102763,0.12
102770,0.02
102772,0.08
102799,0.12
102838,0.02
102854,0.0
102862,0.19
102863,0.03
102867,0.03
102868,0.04
102878,0.04
102887,0.12
102898,0.22
102904,0.13
102912,0.09
102919,0.04
102927,0.17
102932,0.06
102933,0.03
102935,0.01
102958,0.01
102969,0.15
102971,0.01
102975,0.16
102979,0.08
102982,0.01
102987,0.3
102989,0.1
102995,0.06
102996,0.02
103000,0.12
103001,0.19
103004,0.04
103010,0.03
103025,0.2
103029,0.09
103046,0.04
103056,0.04
103062,0.09
103078,0.01
103083,0.04
103092,0.07
103096,0.04
103097,0.08
103102,0.18
103112,0.18
103132,0.05
103144,0.07
103145,0.27
103146,0.0
103147,0.15
103158,0.12
103171,0.1
103173,0.12
103184,0.02
103195,0.2
103196,0.04
103206,0.04
103230,0.3
103231,0.2
103232,0.0
103239,0.13
103240,0.13
103243,0.03
103252,0.15
103258,0.06
103259,0.07
103279,0.04
103280,0.0
103286,0.04
103287,0.26
103290,0.02
103298,0.01
103315,0.08
103319,0.02
103334,0.05
103336,0.08
103345,0.1
103368,0.03
103371,0.2
103377,0.08
103398,0.11
103404,0.05
103408,0.18
103410,0.03
103418,0.06
103420,0.19
103432,0.04
103433,0.09
103436,0.01
103440,0.11
103453,0.02
103459,0.12
103460,0.06
103461,0.01
103462,0.02
103473,0.33
103474,0.05
103475,0.11
103478,0.06
103480,0.08
103484,0.04
103494,0.17
103513,0.1
103515,0.09
103516,0.17
103525,0.12
103541,0.25
103544,0.09
103562,0.32
103570,0.22
103572,0.07
103574,0.03
103575,0.09
103591,0.04
103594,0.0
103609,0.01
103613,0.16
103614,0.08
103615,0.11
103624,0.15
103625,0.23
103628,0.15
103629,0.01
103647,0.1
103648,0.1
103651,0.05
103658,0.04
103668,0.18
103669,0.04
103676,0.14
103682,0.05
103683,0.37
103689,0.04
103725,0.24
103733,0.14
103744,0.13
103762,0.2
103771,0.18
103773,0.03
103783,0.07
103784,0.14
103808,0.05
103812,0.03
103813,0.21
103814,0.06
103818,0.12
103824,0.01
103828,0.0
103830,0.18
103840,0.0
103842,0.06
103847,0.2
103848,0.12
103851,0.05
103854,0.19
103857,0.11
103861,0.02
103862,0.27
103865,0.03
103870,0.07
103876,0.03
103891,0.2
103908,0.05
103914,0.11
103918,0.09
103940,0.08
103963,0.15
103966,0.11
103971,0.09
103980,0.05
103984,0.1
103985,0.04
103998,0.23
104019,0.01
104026,0.01
104035,0.03
104044,0.13
104045,0.19
104047,0.24
104051,0.11
104058,0.05
104063,0.01
104066,0.27
104087,0.07
104089,0.03
104095,0.07
104098,0.09
104104,0.03
104110,0.26
104120,0.16
104122,0.15
104131,0.05
104132,0.18
104135,0.06
104136,0.04
104149,0.02
104150,0.2
104156,0.21
104165,0.06
104175,0.09
104179,0.14
104184,0.26
104206,0.02
104216,0.29
104230,0.05
104257,0.02
104272,0.1
104273,0.03
104278,0.04
104294,0.17
104295,0.13
104297,0.08
104298,0.17
104308,0.01
104318,0.04
104319,0.09
104320,0.06
104327,0.12
104334,0.11
104344,0.07
104350,0.01
104351,0.25
104354,0.13
104369,0.15
104376,0.09
104381,0.04
104384,0.14
104391,0.04
104394,0.11
104398,0.08
104402,0.04
104408,0.09
104409,0.02
104410,0.33
104412,0.11
104417,0.3
104424,0.09
104426,0.06
104435,0.1
104445,0.04
104458,0.04
104460,0.07
104466,0.02
104472,0.18
104473,0.07
104479,0.0
104480,0.07
104482,0.05
104499,0.11
104501,0.0
104502,0.01
104506,0.08
104510,0.01
104512,0.15
104520,0.13
104528,0.05
104529,0.0
104541,0.1
104578,0.02
104584,0.13
104588,0.16
104602,0.11
104610,0.06
104611,0.16
104618,0.16
104620,0.02
104622,0.16
104624,0.03
104625,0.14
104634,0.11
104639,0.03
104646,0.05
104647,0.06
104652,0.05
104670,0.06
104677,0.0
104685,0.14
104691,0.03
104696,0.16
104699,0.06
104712,0.16
104714,0.05
104717,0.05
104718,0.04
104740,0.08
104741,0.02
104743,0.05
104744,0.04
104747,0.15
104767,0.09
104772,0.15
104776,0.16
104779,0.14
104814,0.02
104815,0.04
104830,0.01
104831,0.17
104833,0.03
104839,0.14
104840,0.02
104860,0.14
104861,0.09
104866,0.07
104870,0.02
104877,0.09
104878,0.08
104879,0.06
104880,0.0
104899,0.06
104906,0.07
104907,0.03
104913,0.28
104916,0.16
104921,0.05
104930,0.08
104931,0.24
104936,0.06
104937,0.05
104942,0.06
104943,0.07
104969,0.08
104972,0.25
104988,0.02
105013,0.04
105015,0.04
105019,0.25
105027,0.06
105030,0.01
105035,0.18
105041,0.09
105051,0.25
105056,0.14
105067,0.17
105071,0.01
105072,0.05
105074,0.08
105091,0.03
105101,0.05
105103,0.07
105134,0.02
105139,0.01
105142,0.27
105146,0.04
105163,0.1
105168,0.08
105172,0.06
105176,0.37
105195,0.08
105196,0.22
105197,0.04
105203,0.08
105223,0.09
105227,0.38
105228,0.04
105230,0.09
105231,0.15
105239,0.01
105242,0.13
105244,0.11
105245,0.02
105248,0.19
105249,0.04
105266,0.2
105271,0.16
105276,0.06
105282,0.07
105292,0.16
105297,0.02
105332,0.06
105333,0.19
105343,0.14
105344,0.1
105345,0.11
105357,0.11
105359,0.09
105366,0.08
105367,0.09
105370,0.01
105377,0.15
105390,0.05
105399,0.02
105403,0.24
105404,0.07
105414,0.01
105417,0.07
105425,0.22
105452,0.18
105454,0.17
105456,0.04
105470,0.05
105471,0.03
105483,0.31
105493,0.13
105508,0.02
105514,0.08
105515,0.05
105528,0.11
105529,0.02
105531,0.0
105532,0.07
105558,0.1
105574,0.05
105578,0.07
105584,0.29
105595,0.09
105617,0.25
105618,0.1
105621,0.08
105625,0.04
105629,0.05
105630,0.02
105634,0.04
105635,0.01
105641,0.23
105647,0.32
105648,0.12
105655,0.07
105657,0.03
105672,0.05
105678,0.2
105682,0.11
105691,0.03
105692,0.07
105706,0.03
105712,0.07
105720,0.11
105734,0.08
105735,0.02
105736,0.15
105737,0.09
105738,0.06
105740,0.27
105744,0.07
105747,0.03
105749,0.14
105754,0.04
105758,0.21
105760,0.08
105767,0.31
105784,0.16
105791,0.0
105802,0.16
105807,0.12
105809,0.17
105816,0.08
105817,0.01
105824,0.02
105832,0.04
105856,0.05
105865,0.08
105899,0.21
105906,0.11
105916,0.04
105923,0.13
105937,0.08
105965,0.06
105966,0.09
105968,0.19
105973,0.05
105976,0.18
105978,0.15
105979,0.02
105991,0.15
105998,0.19
105999,0.0
106000,0.24
106001,0.02
106010,0.32
106011,0.02
106013,0.05
106015,0.0
106026,0.0
106032,0.02
106035,0.16
106040,0.11
106041,0.22
106044,0.0
106053,0.13
106054,0.08
106065,0.07
106081,0.08
106083,0.06
106087,0.07
106090,0.05
106101,0.08
106102,0.23
106109,0.16
106116,0.2
106150,0.06
106155,0.05
106166,0.02
106176,0.05
106189,0.01
106199,0.09
106205,0.1
106206,0.12
106211,0.01
106214,0.08
106216,0.05
106217,0.03
106225,0.08
106249,0.05
106256,0.17
106258,0.13
106261,0.04
106262,0.15
106264,0.07
106271,0.02
106276,0.03
106277,0.12
106286,0.19
106293,0.06
106295,0.08
106296,0.06
106297,0.05
106298,0.02
106311,0.1
106314,0.09
106320,0.03
106334,0.02
106346,0.09
106347,0.09
106349,0.09
106354,0.09
106360,0.04
106373,0.1
106377,0.11
106386,0.04
106387,0.06
106391,0.04
106401,0.18
106411,0.01
106413,0.37
106426,0.39
106427,0.22
106428,0.1
106434,0.04
106438,0.03
106440,0.03
106441,0.06
106452,0.12
106453,0.12
106454,0.05
106457,0.02
106484,0.02
106488,0.02
106491,0.25
106514,0.23
106527,0.11
106528,0.07
106529,0.03
106534,0.14
106550,0.29
106577,0.04
106585,0.1
106590,0.01
106607,0.0
106610,0.18
106611,0.04
106612,0.09
106624,0.05
106631,0.01
106647,0.13
106660,0.11
106674,0.08
106687,0.03
106712,0.05
106713,0.03
106717,0.06
106720,0.04
106721,0.15
106724,0.08
106735,0.06
106739,0.02
106740,0.07
106754,0.22
106760,0.19
106761,0.08
106784,0.13
106787,0.04
106797,0.04
106798,0.18
106802,0.03
106803,0.09
106804,0.27
106805,0.1
106810,0.08
106812,0.09
106813,0.11
106817,0.05
106822,0.13
106823,0.03
106827,0.0
106841,0.01
106851,0.23
106852,0.18
106853,0.16
106854,0.31
106861,0.0
106873,0.06
106877,0.01
106878,0.02
106881,0.05
106900,0.13
106906,0.13
106907,0.15
106914,0.06
106916,0.03
106924,0.03
106931,0.15
106936,0.16
106937,0.25
106938,0.01
106939,0.14
106943,0.02
106944,0.24
106967,0.15
106980,0.02
106986,0.11
106987,0.07
106990,0.06
107013,0.03
107023,0.1
107033,0.14
107037,0.15
107048,0.05
107071,0.04
107081,0.0
107113,0.12
107130,0.21
107131,0.12
107145,0.06
107156,0.05
107219,0.08
107222,0.09
107223,0.19
107232,0.25
107245,0.06
107246,0.1
107247,0.07
107256,0.01
107259,0.09
107260,0.01
107279,0.2
107280,0.16
107281,0.06
107285,0.17
107329,0.01
107337,0.29
107349,0.08
107350,0.01
107351,0.03
107359,0.22
107391,0.07
107394,0.07
107395,0.21
107406,0.11
107416,0.29
107417,0.0
107418,0.14
107419,0.07
107444,0.09
107445,0.03
107446,0.23
107460,0.13
107470,0.08
107475,0.03
107520,0.08
107526,0.23
107527,0.04
107530,0.07
107532,0.09
107534,0.11
107535,0.06
107554,0.07
107556,0.0
107559,0.26
107561,0.17
107564,0.21
107566,0.03
107571,0.06
107590,0.25
107602,0.08
107625,0.04
107626,0.35
107635,0.0
107636,0.19
107645,0.07
107652,0.06
107655,0.01
107668,0.05
107670,0.06
107677,0.03
107680,0.26
107683,0.42
107684,0.02
107691,0.23
107692,0.1
107703,0.03
107709,0.2
107710,0.26
107721,0.17
107725,0.13
107727,0.12
107739,0.01
107740,0.01
107741,0.03
107747,0.0
107765,0.24
107768,0.03
107775,0.25
107782,0.12
107790,0.03
107801,0.01
107807,0.02
107811,0.03
107817,0.11
107826,0.27
107838,0.11
107839,0.0
107843,0.25
107847,0.16
107849,0.07
107850,0.07
107867,0.09
107871,0.09
107908,0.03
107913,0.02
107927,0.05
107931,0.02
107955,0.07
107962,0.08
107977,0.09
107978,0.03
107993,0.01
108010,0.17
108016,0.01
108018,0.12
108027,0.27
108045,0.36
108069,0.33
108082,0.09
108089,0.07
108092,0.1
108106,0.01
108112,0.11
108120,0.13
108122,0.16
108135,0.02
108170,0.03
108171,0.04
108177,0.03
108180,0.22
108183,0.05
108184,0.06
108185,0.05
108192,0.01
108195,0.18
108196,0.19
108218,0.05
108219,0.09
108243,0.14
108249,0.0
108251,0.05
108274,0.02
108280,0.24
108289,0.12
108292,0.07
108295,0.07
108327,0.05
108332,0.06
108346,0.05
108349,0.25
108353,0.07
108362,0.0
108363,0.08
108377,0.32
108378,0.08
108381,0.02
108383,0.26
108390,0.05
108407,0.0
108408,0.05
108411,0.03
108412,0.07
108419,0.01
108436,0.32
108437,0.03
108438,0.18
108441,0.01
108448,0.06
108449,0.12
108466,0.08
108467,0.14
108473,0.06
108474,0.06
108476,0.1
108479,0.02
108486,0.03
108493,0.03
108501,0.03
108506,0.09
108510,0.04
108511,0.06
108514,0.19
108517,0.03
108519,0.03
108522,0.08
108548,0.2
108554,0.07
108555,0.16
108559,0.11
108562,0.05
108571,0.05
108572,0.12
108579,0.03
108583,0.06
108584,0.04
108592,0.05
108602,0.01
108609,0.02
108613,0.09
108616,0.1
108618,0.08
108620,0.01
108643,0.02
108649,0.03
108654,0.06
108655,0.01
108656,0.07
108667,0.08
108668,0.08
108682,0.1
108690,0.08
108691,0.12
108692,0.15
108695,0.03
108699,0.11
108710,0.21
108718,0.42
108739,0.17
108740,0.03
108741,0.05
108742,0.04
108763,0.03
108767,0.1
108769,0.11
108779,0.2
108788,0.01
108801,0.1
108802,0.01
108810,0.16
108811,0.04
108813,0.13
108814,0.09
108825,0.01
108826,0.1
108830,0.12
108834,0.07
108852,0.03
108887,0.12
108901,0.2
108908,0.04
108910,0.05
108920,0.04
108922,0.18
108929,0.24
108930,0.0
108937,0.15
108938,0.07
108943,0.15
108948,0.08
108953,0.06
108956,0.21
108965,0.09
108985,0.17
108986,0.05
108987,0.04
108990,0.01
108991,0.02
108993,0.22
109000,0.07
109001,0.11
109012,0.16
109014,0.02
109015,0.2
109021,0.16
109037,0.07
109042,0.15
109044,0.14
109046,0.3
109064,0.04
109084,0.08
109086,0.06
109092,0.02
109093,0.14
109100,0.21
109101,0.12
109110,0.05
109114,0.11
109126,0.13
109152,0.01
109162,0.07
109167,0.07
109168,0.15
109169,0.03
109179,0.09
109184,0.1
109191,0.13
109192,0.02
109193,0.01
109196,0.04
109206,0.03
109210,0.09
109244,0.08
109249,0.11
109273,0.04
109276,0.08
109281,0.23
109287,0.16
109297,0.17
109298,0.13
109306,0.05
109309,0.08
109321,0.14
109328,0.26
109336,0.09
109342,0.13
109346,0.05
109347,0.11
109348,0.07
109362,0.09
109363,0.06
109367,0.03
109370,0.08
109393,0.11
109405,0.02
109413,0.08
109414,0.27
109421,0.04
109427,0.02
109428,0.12
109429,0.29
109437,0.0
109443,0.05
109461,0.08
109468,0.18
109469,0.05
109471,0.05
109479,0.06
109484,0.03
109501,0.14
109505,0.15
109535,0.12
109539,0.04
109544,0.08
109545,0.01
109551,0.04
109553,0.11
109555,0.02
109561,0.02
109580,0.02
109583,0.33
109593,0.24
109604,0.16
109620,0.1
109635,0.06
109637,0.17
109638,0.05
109642,0.08
109649,0.03
109652,0.08
109656,0.05
109663,0.02
109696,0.16
109700,0.15
109709,0.1
109735,0.12
109740,0.05
109741,0.05
109749,0.14
109764,0.09
109771,0.23
109772,0.0
109773,0.17
109798,0.1
109802,0.31
109804,0.03
109813,0.1
109818,0.12
109848,0.11
109850,0.01
109851,0.05
109855,0.01
109871,0.08
109877,0.06
109883,0.07
109886,0.03
109905,0.08
109936,0.22
109950,0.06
109958,0.06
109959,0.02
109969,0.04
109971,0.08
109984,0.01
109985,0.17
109988,0.02
109992,0.02
110005,0.03
110009,0.08
110011,0.13
110014,0.09
110026,0.02
110042,0.03
110058,0.04
110069,0.09
110080,0.02
110087,0.03
110091,0.05
110094,0.07
110098,0.22
110105,0.09
110117,0.08
110136,0.11
110138,0.09
110149,0.15
110164,0.02
110202,0.1
110212,0.05
110226,0.0
110236,0.07
110249,0.0
110257,0.03
110258,0.02
110277,0.06
110282,0.12
110284,0.17
110286,0.14
110289,0.06
110304,0.04
110319,0.11
110324,0.1
110326,0.05
110335,0.17
110337,0.11
110338,0.01
110343,0.15
110345,0.03
110347,0.03
110355,0.02
110359,0.07
110360,0.05
110364,0.1
110371,0.21
110372,0.05
110376,0.17
110379,0.21
110380,0.03
110393,0.12
110401,0.28
110406,0.04
110411,0.07
110416,0.02
110420,0.04
110443,0.02
110465,0.12
110468,0.02
110469,0.09
110471,0.12
110487,0.24
110491,0.2
110504,0.03
110547,0.05
110550,0.23
110559,0.4
110578,0.18
110582,0.07
110590,0.12
110598,0.1
110601,0.28
110602,0.01
110604,0.05
110625,0.1
110626,0.17
110636,0.23
110637,0.1
110638,0.05
110646,0.06
110648,0.07
110652,0.05
110681,0.05
110682,0.16
110687,0.17
110691,0.05
110694,0.3
110695,0.04
110696,0.09
110708,0.06
110710,0.0
110717,0.11
110730,0.04
110740,0.11
110742,0.04
110747,0.11
110761,0.02
110766,0.0
110769,0.03
110774,0.06
110803,0.01
110805,0.03
110809,0.21
110827,0.18
110832,0.06
110839,0.04
110859,0.21
110861,0.05
110863,0.37
110865,0.11
110881,0.09
110889,0.08
110891,0.04
110894,0.04
110895,0.11
110907,0.16
110914,0.11
110933,0.05
110934,0.0
110937,0.1
110953,0.04
110954,0.26
110958,0.29
110970,0.12
110974,0.1
110977,0.13
110989,0.14
110993,0.26
110994,0.08
111018,0.0
111019,0.11
111030,0.1
111032,0.04
111041,0.02
111045,0.09
111048,0.28
111052,0.06
111070,0.14
111084,0.11
111091,0.05
111104,0.02
111108,0.06
111112,0.03
111127,0.08
111142,0.07
111146,0.31
111165,0.08
111168,0.06
111169,0.19
111172,0.08
111173,0.07
111174,0.08
111175,0.16
111176,0.07
111177,0.04
111180,0.03
111182,0.07
111192,0.02
111194,0.22
111196,0.15
111197,0.04
111198,0.05
111205,0.06
111207,0.03
111222,0.04
111228,0.02
111233,0.04
111256,0.05
111258,0.02
111262,0.03
111263,0.12
111267,0.26
111269,0.04
111276,0.02
111277,0.25
111279,0.04
111290,0.05
111294,0.01
111295,0.16
111315,0.25
111318,0.1
111327,0.03
111328,0.11
111332,0.14
111338,0.01
111343,0.04
111344,0.05
111345,0.32
111347,0.04
111356,0.0
111359,0.24
111367,0.0
111368,0.0
111391,0.12
111408,0.01
111412,0.17
111419,0.14
111422,0.0
111423,0.17
111439,0.09
111452,0.37
111456,0.04
111467,0.03
111478,0.25
111482,0.04
111488,0.24
111503,0.17
111510,0.17
111512,0.0
111518,0.04
111532,0.07
111537,0.1
111541,0.09
111544,0.26
111550,0.07
111554,0.09
111560,0.23
111566,0.03
111567,0.18
111592,0.02
111618,0.2
111620,0.08
111627,0.01
111641,0.21
111646,0.23
111652,0.04
111657,0.11
111664,0.2
111665,0.18
111669,0.07
111673,0.0
111687,0.02
111688,0.05
111689,0.11
111694,0.01
111695,0.09
111698,0.11
111703,0.02
111709,0.01
111712,0.04
111715,0.16
111724,0.16
111730,0.02
111747,0.03
111760,0.03
111761,0.03
111763,0.18
111776,0.08
111777,0.0
111781,0.07
111793,0.06
111804,0.2
111810,0.16
111816,0.04
111818,0.02
111830,0.18
111832,0.21
111841,0.16
111842,0.07
111843,0.1
111846,0.04
111848,0.31
111856,0.13
111857,0.02
111877,0.02
111882,0.04
111883,0.1
111891,0.07
111893,0.05
111901,0.1
111912,0.02
111913,0.02
111955,0.11
111958,0.1
111960,0.11
111967,0.01
112000,0.16
112003,0.19
112015,0.16
112019,0.23
112020,0.13
112028,0.03
112029,0.04
112031,0.06
112039,0.16
112042,0.07
112049,0.03
112052,0.31
112054,0.02
112055,0.02
112063,0.18
112070,0.1
112071,0.06
112080,0.03
112083,0.1
112085,0.0
112089,0.09
112098,0.12
112100,0.13
112105,0.19
112124,0.0
112126,0.1
112127,0.05
112128,0.05
112148,0.05
112149,0.07
112165,0.18
112170,0.08
112171,0.06
112176,0.15
112186,0.13
112199,0.02
112203,0.01
112214,0.16
112215,0.06
112216,0.11
112224,0.2
112225,0.04
112231,0.28
112234,0.17
112235,0.08
112236,0.11
112254,0.16
112265,0.11
112271,0.05
112284,0.15
112287,0.09
112295,0.24
112303,0.18
112307,0.2
112310,0.07
112312,0.12
112313,0.16
112326,0.01
112333,0.01
112334,0.16
112339,0.15
112347,0.07
112350,0.04
112356,0.2
112357,0.1
112359,0.11
112360,0.07
112371,0.06
112385,0.03
112392,0.04
112401,0.06
112405,0.19
112414,0.3
112429,0.1
112448,0.01
112467,0.14
112468,0.11
112469,0.08
112491,0.02
112500,0.13
112510,0.19
112535,0.23
112537,0.06
112551,0.04
112552,0.1
112556,0.08
112577,0.09
112590,0.05
112593,0.01
112596,0.18
112601,0.09
112604,0.2
112622,0.04
112655,0.02
112663,0.01
112667,0.01
112670,0.07
112676,0.2
112677,0.05
112679,0.08
112683,0.14
112688,0.04
112692,0.16
112696,0.21
112702,0.07
112709,0.01
112720,0.11
112735,0.03
112738,0.09
112742,0.03
112748,0.1
112749,0.1
112766,0.03
112767,0.08
112769,0.11
112771,0.07
112775,0.06
112794,0.14
112795,0.04
112796,0.01
112815,0.0
112817,0.11
112821,0.11
112822,0.18
112829,0.12
112831,0.1
112835,0.1
112838,0.06
112842,0.14
112844,0.14
112845,0.01
112846,0.05
112847,0.01
112867,0.04
112868,0.02
112874,0.0
112879,0.02
112882,0.15
112886,0.07
112895,0.08
112896,0.11
112902,0.0
112904,0.01
112917,0.33
112932,0.11
112944,0.04
112946,0.11
112947,0.05
112948,0.19
112966,0.11
112967,0.01
112971,0.0
112973,0.11
112974,0.03
112978,0.13
112988,0.12
112992,0.27
113003,0.13
113004,0.09
113007,0.27
113020,0.13
113025,0.13
113032,0.04
113042,0.05
113047,0.05
113066,0.02
113067,0.13
113071,0.08
113087,0.13
113108,0.11
113109,0.12
113123,0.12
113128,0.23
113134,0.04
113151,0.11
113175,0.24
113181,0.01
113188,0.3
113191,0.05
113193,0.24
113201,0.18
113209,0.07
113222,0.07
113248,0.01
113272,0.08
113276,0.06
113287,0.0
113302,0.06
113308,0.06
113316,0.05
113318,0.09
113320,0.02
113322,0.1
113325,0.14
113326,0.16
113332,0.06
113346,0.18
113352,0.03
113361,0.06
113362,0.01
113365,0.0
113366,0.05
113368,0.04
113382,0.0
113385,0.18
113390,0.04
113391,0.03
113393,0.06
113396,0.07
113397,0.15
113402,0.02
113403,0.0
113405,0.03
113406,0.12
113410,0.24
113413,0.09
113418,0.09
113419,0.13
113435,0.25
113438,0.09
113447,0.07
113458,0.12
113466,0.07
113475,0.13
113482,0.11
113490,0.02
113505,0.02
113508,0.08
113520,0.12
113532,0.03
113535,0.07
113549,0.04
113557,0.07
113558,0.09
113561,0.13
113566,0.07
113569,0.18
113574,0.06
113576,0.05
113577,0.05
113585,0.04
113587,0.33
113599,0.08
113601,0.09
113602,0.04
113605,0.14
113609,0.17
113611,0.04
113616,0.07
113627,0.42
113631,0.25
113643,0.07
113652,0.06
113657,0.08
113659,0.03
113672,0.2
113680,0.01
113692,0.08
113694,0.16
113695,0.09
113701,0.01
113733,0.06
113738,0.16
113740,0.22
113742,0.04
113777,0.04
113783,0.09
113788,0.07
113789,0.04
113791,0.14
113795,0.01
113799,0.11
113805,0.01
113820,0.22
113822,0.03
113824,0.04
113829,0.05
113832,0.01
113833,0.19
113841,0.05
113849,0.01
113862,0.28
113863,0.23
113864,0.06
113870,0.05
113875,0.04
113882,0.29
113887,0.04
113894,0.06
113909,0.08
113930,0.09
113936,0.2
113939,0.17
113942,0.05
113943,0.18
113945,0.22
113947,0.01
113950,0.04
113951,0.18
113957,0.06
113966,0.11
113967,0.04
113977,0.11
113984,0.17
113986,0.1
113992,0.01
113998,0.02
113999,0.36
114003,0.05
114010,0.06
114011,0.09
114032,0.0
114047,0.1
114055,0.04
114056,0.2
114064,0.3
114065,0.07
114067,0.04
114068,0.02
114075,0.02
114076,0.0
114077,0.09
114094,0.06
114095,0.0
114109,0.07
114114,0.13
114116,0.08
114127,0.02
114158,0.08
114168,0.11
114169,0.03
114171,0.13
114180,0.36
114193,0.03
114198,0.07
114201,0.1
114202,0.31
114207,0.09
114210,0.05
114221,0.04
114222,0.03
114227,0.05
114250,0.02
114253,0.08
114265,0.03
114267,0.04
114273,0.13
114280,0.16
114281,0.03
114283,0.42
114291,0.26
114310,0.17
114316,0.01
114326,0.06
114327,0.14
114339,0.09
114352,0.23
114359,0.17
114360,0.1
114382,0.15
114396,0.13
114397,0.03
114415,0.13
114425,0.06
114434,0.03
114456,0.22
114463,0.02
114469,0.03
114476,0.01
114480,0.02
114482,0.21
114492,0.08
114493,0.15
114501,0.06
114506,0.17
114510,0.05
114515,0.2
114524,0.11
114545,0.23
114546,0.07
114560,0.03
114562,0.19
114563,0.09
114566,0.13
114599,0.05
114601,0.0
114607,0.15
114612,0.03
114622,0.13
114625,0.25
114634,0.19
114635,0.02
114641,0.01
114644,0.03
114645,0.18
114651,0.07
114653,0.02
114654,0.01
114667,0.07
114668,0.23
114670,0.02
114686,0.11
114688,0.35
114690,0.11
114691,0.04
114700,0.07
114706,0.13
114740,0.15
114741,0.12
114755,0.03
114757,0.01
114767,0.02
114772,0.23
114780,0.24
114782,0.01
114791,0.13
114815,0.04
114823,0.09
114835,0.14
114838,0.02
114840,0.06
114842,0.05
114844,0.21
114850,0.07
114853,0.01
114856,0.23
114857,0.11
114858,0.06
114864,0.04
114871,0.0
114875,0.05
114879,0.1
114893,0.0
114912,0.06
114922,0.05
114930,0.06
114945,0.04
114951,0.08
114958,0.07
114962,0.11
114976,0.25
114978,0.09
114987,0.07
115002,0.04
115005,0.04
115023,0.23
115030,0.05
115033,0.17
115034,0.1
115038,0.02
115046,0.07
115049,0.14
115055,0.04
115059,0.08
115076,0.11
115078,0.02
115081,0.09
115085,0.16
115096,0.07
115101,0.04
115114,0.22
115119,0.03
115121,0.19
115122,0.03
115144,0.11
115147,0.19
115151,0.01
115172,0.04
115175,0.15
115183,0.03
115185,0.05
115197,0.12
115200,0.11
115207,0.05
115217,0.02
115230,0.08
115237,0.06
115246,0.01
115251,0.04
115269,0.11
115290,0.08
115299,0.02
115309,0.26
115310,0.09
115311,0.04
115312,0.06
115323,0.01
115324,0.02
115341,0.15
115342,0.03
115343,0.04
115350,0.06
115354,0.05
115360,0.12
115368,0.05
115373,0.11
115396,0.31
115400,0.06
115401,0.04
115404,0.02
115405,0.1
115406,0.02
115407,0.22
115412,0.02
115413,0.05
115415,0.16
115423,0.04
115427,0.13
115428,0.02
115439,0.09
115440,0.1
115447,0.09
115450,0.01
115457,0.03
115459,0.09
115463,0.09
115473,0.25
115477,0.0
115479,0.06
115480,0.1
115481,0.11
115485,0.1
115489,0.05
115495,0.04
115500,0.02
115521,0.1
115572,0.0
115580,0.05
115582,0.02
115586,0.02
115587,0.11
115588,0.03
115591,0.22
115592,0.1
115618,0.08
115619,0.05
115621,0.06
115632,0.09
115646,0.08
115658,0.17
115671,0.04
115680,0.08
115686,0.07
115688,0.05
115705,0.03
115707,0.03
115708,0.07
115726,0.24
115759,0.07
115773,0.08
115777,0.0
115778,0.24
115781,0.06
115801,0.21
115804,0.06
115810,0.14
115812,0.21
115820,0.16
115827,0.21
115831,0.09
115841,0.3
115846,0.1
115852,0.04
115857,0.04
115858,0.05
115860,0.07
115865,0.03
115867,0.06
115869,0.09
115877,0.13
115904,0.05
115913,0.17
115916,0.06
115928,0.06
115932,0.1
115933,0.07
115937,0.29
115938,0.09
115957,0.03
115958,0.15
115969,0.0
115980,0.22
115984,0.0
116006,0.08
116007,0.2
116008,0.05
116009,0.17
116011,0.0
116012,0.06
116015,0.33
116025,0.27
116047,0.05
116052,0.23
116068,0.14
116077,0.14
116084,0.05
116089,0.01
116093,0.02
116097,0.16
116102,0.12
116118,0.15
116119,0.01
116125,0.02
116128,0.16
116135,0.06
116140,0.26
116141,0.08
116142,0.2
116153,0.07
116156,0.01
116157,0.13
116167,0.03
116168,0.09
116175,0.02
116187,0.04
116189,0.12
116191,0.07
116201,0.14
116210,0.19
116213,0.02
116215,0.19
116223,0.09
116226,0.01
116228,0.03
116241,0.02
116247,0.11
116266,0.05
116276,0.25
116287,0.04
116289,0.07
116292,0.25
116306,0.03
116309,0.06
116312,0.02
116313,0.03
116335,0.04
116342,0.02
116348,0.03
116367,0.02
116380,0.05
116383,0.02
116389,0.04
116395,0.27
116397,0.11
116398,0.1
116402,0.12
116404,0.03
116406,0.05
116424,0.28
116428,0.08
116436,0.02
116440,0.03
116448,0.14
116458,0.05
116466,0.01
116469,0.02
116473,0.04
116474,0.07
116479,0.09
116480,0.05
116491,0.07
116493,0.07
116505,0.12
116511,0.1
116525,0.09
116535,0.12
116544,0.03
116546,0.04
116562,0.05
116565,0.01
116578,0.05
116579,0.0
116580,0.25
116582,0.0
116584,0.01
116586,0.38
116596,0.01
116597,0.1
116598,0.01
116604,0.16
116608,0.06
116609,0.05
116613,0.02
116614,0.11
116615,0.24
116633,0.07
116637,0.07
116643,0.15
116647,0.11
116656,0.06
116659,0.09
116662,0.12
116676,0.11
116680,0.02
116681,0.14
116683,0.18
116684,0.05
116712,0.08
116720,0.02
116726,0.12
116729,0.06
116737,0.17
116745,0.06
116747,0.1
116766,0.02
116781,0.02
116783,0.13
116787,0.02
116788,0.13
116789,0.05
116801,0.02
116803,0.06
116804,0.13
116806,0.03
116815,0.09
116817,0.1
116825,0.09
116828,0.0
116829,0.22
116853,0.1
116854,0.12
116859,0.05
116860,0.17
116865,0.07
116872,0.08
116880,0.17
116882,0.06
116893,0.03
116896,0.15
116906,0.01
116908,0.15
116925,0.18
116926,0.35
116948,0.04
116949,0.21
116955,0.18
116964,0.01
116974,0.11
116976,0.08
116990,0.01
116993,0.21
116994,0.09
116997,0.12
117003,0.12
117007,0.11
117011,0.03
117012,0.05
117019,0.0
117021,0.03
117030,0.11
117036,0.02
117043,0.06
117054,0.03
117070,0.28
117077,0.15
117087,0.02
117093,0.05
117105,0.15
117112,0.1
117129,0.26
117135,0.15
117138,0.26
117142,0.0
117148,0.1
117157,0.11
117170,0.02
117171,0.06
117172,0.11
117178,0.14
117186,0.08
117187,0.18
117193,0.11
117194,0.08
117199,0.04
117207,0.09
117211,0.03
117216,0.19
117217,0.02
117218,0.02
117219,0.13
117224,0.04
117225,0.04
117239,0.21
117242,0.01
117249,0.19
117255,0.08
117257,0.19
117272,0.01
117284,0.2
117287,0.11
117293,0.07
117298,0.33
117299,0.09
117307,0.04
117321,0.04
117323,0.1
117326,0.22
117327,0.37
117341,0.03
117350,0.11
117362,0.12
117375,0.09
117391,0.14
117392,0.06
117396,0.22
117399,0.07
117400,0.08
117402,0.07
117406,0.19
117417,0.22
117418,0.0
117425,0.19
117428,0.02
117443,0.02
117448,0.14
117449,0.13
117450,0.18
117463,0.11
117467,0.02
117478,0.05
117480,0.16
117483,0.16
117484,0.05
117495,0.08
117498,0.03
117501,0.04
117503,0.17
117520,0.32
117524,0.08
117525,0.17
117526,0.15
117527,0.05
117531,0.04
117545,0.06
117547,0.24
117557,0.12
117563,0.06
117564,0.11
117598,0.26
117599,0.05
117610,0.01
117614,0.02
117616,0.23
117623,0.01
117625,0.2
117633,0.01
117634,0.2
117639,0.12
117652,0.09
117653,0.12
117660,0.12
117661,0.04
117662,0.15
117676,0.06
117677,0.12
117681,0.02
117684,0.39
117707,0.06
117736,0.17
117737,0.21
117741,0.15
117746,0.34
117753,0.28
117755,0.06
117775,0.07
117784,0.14
117786,0.06
117791,0.02
117801,0.09
117805,0.1
117816,0.06
117824,0.11
117835,0.19
117837,0.04
117847,0.11
117853,0.06
117854,0.03
117886,0.07
117900,0.02
117920,0.35
117924,0.12
117925,0.09
117934,0.04
117957,0.05
117959,0.23
117967,0.1
117969,0.24
117981,0.05
117982,0.09
117996,0.11
118000,0.2
118018,0.05
118025,0.05
118026,0.27
118044,0.08
118045,0.12
118048,0.01
118055,0.19
118058,0.06
118060,0.35
118066,0.04
118071,0.14
118072,0.26
118082,0.0
118089,0.1
118106,0.15
118115,0.02
118127,0.39
118144,0.22
118150,0.0
118151,0.03
118157,0.23
118162,0.08
118163,0.04
118166,0.08
118181,0.05
118191,0.06
118202,0.24
118205,0.11
118214,0.02
118251,0.19
118264,0.31
118271,0.27
118272,0.08
118276,0.19
118287,0.3
118291,0.04
118292,0.13
118294,0.04
118305,0.05
118312,0.05
118319,0.08
118321,0.01
118326,0.34
118342,0.18
118343,0.07
118353,0.26
118354,0.05
118358,0.07
118359,0.07
118365,0.04
118367,0.02
118368,0.01
118371,0.04
118378,0.03
118379,0.03
118383,0.07
118386,0.17
118387,0.02
118400,0.12
118403,0.02
118428,0.11
118440,0.04
118459,0.04
118490,0.03
118491,0.11
118492,0.06
118498,0.18
118499,0.17
118509,0.03
118518,0.05
118531,0.09
118532,0.21
118546,0.0
118548,0.07
118558,0.03
118560,0.09
118561,0.05
118562,0.23
118564,0.04
118569,0.11
118578,0.01
118585,0.03
118591,0.05
118592,0.04
118594,0.02
118611,0.0
118614,0.13
118622,0.09
118641,0.15
118642,0.11
118650,0.12
118666,0.02
118696,0.14
118697,0.07
118710,0.01
118717,0.07
118720,0.02
118735,0.07
118747,0.04
118750,0.21
118789,0.05
118791,0.02
118803,0.06
118804,0.07
118806,0.13
118809,0.15
118823,0.28
118842,0.05
118871,0.21
118874,0.04
118876,0.0
118886,0.22
118888,0.16
118889,0.01
118894,0.14
118898,0.07
118905,0.1
118911,0.01
118915,0.08
118916,0.04
118925,0.04
118926,0.09
118929,0.12
118935,0.1
118947,0.05
118951,0.02
118953,0.06
118960,0.12
118973,0.02
119001,0.07
119003,0.24
119009,0.16
119011,0.05
119012,0.12
119014,0.05
119025,0.01
119047,0.1
119049,0.02
119057,0.02
119062,0.04
119064,0.0
119069,0.02
119079,0.03
119088,0.03
119091,0.29
119095,0.15
119104,0.04
119108,0.21
119109,0.06
119115,0.1
119125,0.0
119146,0.02
119148,0.09
119160,0.12
119164,0.26
119169,0.04
119179,0.16
119187,0.06
119191,0.02
119205,0.03
119207,0.11
119208,0.02
119217,0.23
119230,0.03
119232,0.07
119236,0.26
119238,0.03
119240,0.34
119250,0.25
119251,0.03
119252,0.08
119266,0.05
119267,0.11
119270,0.11
119272,0.11
119276,0.29
119281,0.0
119295,0.05
119313,0.15
119318,0.08
119321,0.15
119340,0.04
119341,0.03
119344,0.1
119348,0.06
119353,0.08
119361,0.07
119362,0.29
119376,0.13
119383,0.03
119391,0.08
119394,0.07
119395,0.06
119415,0.12
119430,0.06
119441,0.13
119454,0.07
119468,0.08
119474,0.27
119492,0.05
119496,0.15
119500,0.25
119501,0.26
119510,0.06
119518,0.01
119524,0.3
119533,0.12
119540,0.12
119553,0.06
119573,0.21
119593,0.24
119594,0.14
119595,0.25
119596,0.04
119607,0.3
119609,0.08
119616,0.08
119618,0.16
119619,0.22
119628,0.09
119630,0.01
119632,0.1
119648,0.38
119671,0.09
119675,0.14
119683,0.07
119689,0.09
119697,0.06
119698,0.25
119702,0.14
119709,0.15
119715,0.04
119718,0.04
119719,0.29
119731,0.08
119736,0.05
119745,0.07
119749,0.0
119751,0.07
119757,0.12
119761,0.03
119762,0.05
119771,0.08
119778,0.02
119784,0.03
119788,0.03
119802,0.0
119803,0.18
119806,0.07
119810,0.06
119811,0.27
119813,0.52
119820,0.15
119821,0.25
119842,0.13
119843,0.04
119844,0.05
119861,0.0
119866,0.12
119868,0.18
119875,0.16
119896,0.48
119898,0.03
119921,0.0
119922,0.02
119929,0.04
119934,0.03
119938,0.03
119947,0.07
119948,0.19
119967,0.03
119977,0.15
119980,0.04
119984,0.01
119989,0.34
119990,0.01
119994,0.13
119999,0.18
120004,0.14
120020,0.27
120030,0.01
120036,0.05
120050,0.32
120051,0.32
120053,0.05
120075,0.05
120076,0.2
120088,0.16
120099,0.06
120101,0.02
120102,0.06
120108,0.05
120145,0.13
120146,0.39
120154,0.22
120156,0.2
120165,0.09
120166,0.08
120176,0.01
120179,0.13
120182,0.01
120198,0.03
120205,0.06
120208,0.16
120214,0.01
120220,0.2
120227,0.14
120233,0.12
120240,0.05
120243,0.02
120266,0.02
120268,0.21
120280,0.09
120281,0.06
120284,0.04
120298,0.02
120304,0.06
120306,0.07
120320,0.06
120325,0.02
120326,0.06
120335,0.15
120341,0.04
120343,0.1
120388,0.02
120390,0.01
120404,0.01
120405,0.02
120408,0.13
120415,0.12
120421,0.27
120422,0.09
120433,0.17
120437,0.19
120440,0.02
120441,0.12
120449,0.2
120457,0.08
120459,0.0
120460,0.03
120463,0.1
120464,0.07
120470,0.04
120488,0.22
120535,0.17
120538,0.18
120539,0.17
120541,0.23
120562,0.04
120570,0.12
120580,0.06
120581,0.03
120591,0.28
120593,0.02
120598,0.06
120603,0.01
120607,0.06
120642,0.05
120647,0.14
120649,0.01
120664,0.04
120665,0.03
120671,0.1
120678,0.02
120679,0.07
120680,0.05
120681,0.09
120691,0.11
120696,0.06
120697,0.26
120713,0.07
120721,0.46
120725,0.07
120734,0.06
120740,0.34
120748,0.15
120755,0.01
120759,0.18
120761,0.22
120764,0.11
120770,0.11
120777,0.06
120796,0.03
120803,0.11
120809,0.04
120811,0.04
120826,0.15
120829,0.04
120832,0.03
120840,0.18
120857,0.06
120885,0.03
120891,0.03
120894,0.07
120905,0.09
120913,0.05
120914,0.01
120918,0.15
120921,0.09
120923,0.05
120927,0.13
120928,0.14
120934,0.24
120936,0.1
120942,0.03
120946,0.02
120947,0.03
120953,0.07
120955,0.05
120956,0.08
120977,0.06
120980,0.29
120981,0.07
120982,0.0
120991,0.11
121011,0.08
121013,0.02
121018,0.11
121020,0.04
121037,0.06
121038,0.05
121039,0.07
121045,0.09
121046,0.05
121059,0.11
121066,0.3
121078,0.1
121080,0.16
121081,0.12
121086,0.07
121099,0.04
121100,0.06
121107,0.32
121108,0.03
121111,0.14
121130,0.07
121131,0.08
121135,0.26
121152,0.0
121156,0.03
121160,0.11
121162,0.21
121175,0.23
121181,0.03
121186,0.17
121197,0.02
121201,0.21
121208,0.06
121215,0.06
121220,0.21
121225,0.33
121227,0.07
121228,0.14
121243,0.07
121258,0.1
121259,0.0
121265,0.05
121279,0.1
121280,0.16
121281,0.11
121283,0.04
121288,0.02
121296,0.06
121300,0.01
121308,0.17
121321,0.07
121323,0.0
121332,0.03
121334,0.02
121348,0.02
121350,0.03
121351,0.17
121363,0.02
121379,0.12
121380,0.16
121383,0.25
121387,0.16
121414,0.04
121416,0.01
121422,0.09
121423,0.07
121427,0.05
121431,0.03
121438,0.1
121460,0.08
121479,0.05
121482,0.04
121483,0.16
121488,0.09
121489,0.07
121492,0.26
121502,0.07
121503,0.06
121513,0.19
121544,0.08
121545,0.03
121546,0.03
121552,0.19
121553,0.03
121556,0.23
121557,0.05
121583,0.22
121588,0.12
121596,0.06
121597,0.0
121612,0.01
121618,0.03
121619,0.02
121621,0.08
121622,0.08
121626,0.2
121628,0.15
121630,0.15
121631,0.01
121632,0.12
121641,0.04
121695,0.25
121733,0.17
121754,0.08
121762,0.15
121765,0.01
121766,0.03
121771,0.04
121772,0.41
121778,0.24
121791,0.14
121792,0.04
121822,0.06
121825,0.1
121832,0.03
121841,0.05
121846,0.03
121850,0.12
121851,0.04
121853,0.23
121857,0.03
121862,0.05
121863,0.0
121875,0.08
121881,0.04
121896,0.09
121901,0.11
121908,0.09
121909,0.26
121916,0.06
121919,0.22
121921,0.11
121933,0.08
121947,0.09
121948,0.41
121963,0.19
121968,0.06
121970,0.03
121978,0.03
121991,0.11
121996,0.05
121997,0.36
122000,0.14
122015,0.14
122017,0.05
122027,0.09
122044,0.01
122047,0.13
122055,0.07
122065,0.1
122069,0.05
122074,0.04
122086,0.07
122089,0.27
122099,0.02
122102,0.13
122118,0.13
122124,0.06
122125,0.03
122129,0.0
122133,0.16
122135,0.15
122136,0.07
122142,0.01
122154,0.11
122158,0.15
122160,0.08
122165,0.01
122166,0.23
122170,0.08
122175,0.0
122192,0.01
122207,0.05
122210,0.11
122215,0.03
122222,0.03
122234,0.27
122235,0.04
122236,0.09
122248,0.16
122256,0.01
122257,0.03
122258,0.22
122259,0.08
122260,0.1
122264,0.01
122266,0.2
122268,0.05
122271,0.16
122283,0.1
122286,0.02
122288,0.02
122301,0.07
122313,0.06
122322,0.19
122323,0.04
122324,0.04
122336,0.22
122338,0.23
122349,0.05
122351,0.09
122354,0.16
122358,0.1
122376,0.19
122378,0.07
122387,0.05
122392,0.11
122405,0.25
122409,0.03
122411,0.09
122415,0.16
122416,0.08
122425,0.25
122452,0.08
122453,0.07
122456,0.04
122458,0.35
122465,0.07
122468,0.04
122477,0.02
122483,0.03
122517,0.35
122521,0.34
122537,0.07
122538,0.1
122552,0.09
122557,0.15
122561,0.04
122568,0.14
122573,0.04
122583,0.2
122590,0.15
122609,0.06
122617,0.03
122621,0.31
122635,0.15
122638,0.2
122639,0.0
122644,0.04
122675,0.05
122699,0.35
122703,0.03
122706,0.13
122712,0.0
122730,0.01
122731,0.03
122736,0.12
122741,0.07
122745,0.07
122751,0.29
122768,0.0
122785,0.19
122797,0.03
122812,0.07
122816,0.01
122817,0.08
122826,0.12
122838,0.14
122845,0.01
122848,0.03
122850,0.05
122856,0.0
122862,0.18
122869,0.06
122871,0.09
122874,0.22
122875,0.15
122885,0.07
122901,0.15
122902,0.09
122903,0.18
122904,0.02
122910,0.02
122921,0.21
122925,0.22
122964,0.03
122975,0.07
122977,0.09
122984,0.22
122999,0.07
123004,0.38
123009,0.07
123012,0.09
123018,0.03
123025,0.25
123037,0.16
123038,0.08
123039,0.0
123045,0.09
123046,0.11
123051,0.04
123052,0.15
123056,0.18
123061,0.1
123072,0.08
123074,0.01
123086,0.13
123087,0.02
123091,0.11
123094,0.0
123105,0.03
123110,0.02
123113,0.08
123114,0.07
123124,0.04
123131,0.13
123136,0.24
123146,0.02
123147,0.04
123155,0.21
123163,0.05
123182,0.12
123196,0.03
123200,0.08
123204,0.08
123207,0.11
123210,0.06
123215,0.04
123227,0.06
123234,0.07
123239,0.2
123249,0.3
123252,0.1
123255,0.01
123257,0.06
123260,0.16
123263,0.2
123274,0.03
123275,0.1
123276,0.02
123292,0.08
123308,0.0
123316,0.02
123328,0.04
123330,0.03
123331,0.05
123334,0.2
123343,0.01
123344,0.04
123345,0.1
123352,0.33
123356,0.03
123365,0.27
123368,0.0
123376,0.07
123381,0.05
123384,0.05
123389,0.02
123401,0.17
123419,0.04
123433,0.11
123438,0.12
123441,0.13
123456,0.19
123457,0.25
123476,0.02
123477,0.22
123489,0.1
123490,0.05
123496,0.01
123502,0.05
123503,0.24
123513,0.08
123515,0.17
123530,0.03
123532,0.06
123537,0.0
123539,0.08
123540,0.08
123546,0.08
123547,0.12
123554,0.09
123572,0.05
123574,0.25
123575,0.16
123576,0.03
123584,0.13
123586,0.01
123591,0.09
123606,0.17
123607,0.12
123615,0.02
123616,0.15
123619,0.08
123621,0.08
123622,0.06
123633,0.13
123635,0.23
123658,0.18
123659,0.08
123663,0.07
123666,0.02
123670,0.13
123678,0.02
123688,0.16
123707,0.04
123709,0.15
123720,0.11
123741,0.06
123751,0.17
123759,0.1
123765,0.28
123766,0.04
123793,0.14
123794,0.08
123809,0.05
123837,0.0
123839,0.03
123843,0.12
123851,0.16
123854,0.09
123860,0.04
123863,0.19
123879,0.08
123888,0.16
123891,0.01
123912,0.0
123942,0.08
123952,0.09
123953,0.07
123958,0.19
123966,0.0
123977,0.04
123981,0.21
124000,0.0
124023,0.06
124026,0.01
124027,0.02
124033,0.2
124053,0.05
124057,0.05
124065,0.19
124074,0.0
124079,0.14
124095,0.02
124110,0.07
124138,0.01
124167,0.28
124168,0.21
124175,0.04
124176,0.11
124181,0.05
124195,0.11
124197,0.07
124206,0.02
124225,0.0
124230,0.02
124231,0.2
124253,0.16
124257,0.05
124263,0.0
124277,0.09
124285,0.03
124289,0.02
124299,0.22
124303,0.02
124309,0.09
124316,0.06
124319,0.09
124335,0.28
124347,0.11
124359,0.1
124362,0.01
124363,0.11
124389,0.11
124390,0.09
124393,0.21
124401,0.33
124406,0.1
124407,0.02
124416,0.12
124423,0.09
124429,0.11
124431,0.1
124439,0.07
124441,0.1
124451,0.07
124454,0.0
124463,0.25
124492,0.06
124493,0.18
124503,0.03
124506,0.02
124514,0.11
124516,0.1
124519,0.16
124520,0.15
124539,0.06
124545,0.24
124546,0.1
124552,0.05
124553,0.14
124555,0.16
124575,0.08
124586,0.04
124587,0.01
124591,0.19
124595,0.06
124597,0.06
124625,0.1
124628,0.05
124647,0.17
124648,0.02
124654,0.25
124655,0.08
124656,0.04
124658,0.03
124674,0.18
124675,0.03
124686,0.11
124696,0.11
124698,0.14
124702,0.05
124704,0.25
124705,0.03
124719,0.01
124732,0.13
124734,0.19
124737,0.06
124742,0.09
124793,0.1
124816,0.26
124820,0.03
124823,0.19
124826,0.03
124829,0.04
124844,0.06
124850,0.02
124866,0.01
124868,0.1
124874,0.13
124875,0.05
124876,0.01
124887,0.02
124893,0.22
124901,0.03
124905,0.26
124906,0.23
124931,0.1
124938,0.12
124940,0.06
124947,0.03
124948,0.04
124949,0.03
124971,0.09
124974,0.04
124976,0.12
125004,0.25
125025,0.07
125029,0.15
125031,0.07
125037,0.21
125046,0.0
125052,0.03
125053,0.06
125090,0.26
125093,0.07
125100,0.16
125101,0.04
125104,0.21
125111,0.13
125133,0.03
125144,0.07
125145,0.04
125149,0.19
125157,0.03
125158,0.37
125164,0.19
125167,0.02
125170,0.03
125177,0.01
125185,0.26
125190,0.16
125196,0.05
125200,0.07
125203,0.11
125215,0.11
125221,0.13
125224,0.04
125227,0.1
125252,0.06
125256,0.0
125264,0.08
125266,0.05
125267,0.03
125268,0.21
125270,0.02
125271,0.08
125276,0.02
125290,0.04
125300,0.12
125311,0.1
125327,0.0
125338,0.02
125359,0.27
125360,0.05
125366,0.09
125373,0.03
125376,0.31
125384,0.05
125387,0.19
125388,0.04
125393,0.03
125394,0.23
125396,0.02
125397,0.01
125408,0.09
125409,0.07
125414,0.23
125423,0.02
125425,0.05
125436,0.32
125450,0.12
125465,0.08
125471,0.18
125488,0.11
125496,0.16
125500,0.31
125505,0.02
125507,0.08
125519,0.01
125521,0.12
125524,0.1
125531,0.22
125542,0.04
125552,0.1
125560,0.04
125573,0.15
125574,0.19
125576,0.05
125592,0.12
125604,0.16
125622,0.05
125628,0.03
125649,0.1
125668,0.17
125695,0.02
125698,0.05
125701,0.14
125705,0.05
125709,0.05
125713,0.03
125720,0.24
125727,0.18
125747,0.06
125752,0.09
125758,0.07
125772,0.11
125779,0.41
125798,0.06
125804,0.12
125814,0.07
125817,0.11
125835,0.03
125838,0.05
125842,0.02
125852,0.15
125878,0.04
125886,0.06
125896,0.22
125924,0.06
125930,0.01
125939,0.05
125957,0.15
125961,0.05
125972,0.05
125973,0.22
125975,0.01
125983,0.01
125984,0.35
125990,0.12
126016,0.14
126022,0.0
126028,0.15
126047,0.27
126048,0.13
126067,0.05
126068,0.02
126069,0.15
126088,0.23
126121,0.05
126123,0.03
126125,0.02
126136,0.2
126159,0.17
126162,0.03
126165,0.04
126172,0.19
126175,0.23
126178,0.07
126184,0.06
126198,0.08
126202,0.14
126203,0.02
126205,0.03
126214,0.14
126231,0.25
126238,0.13
126242,0.03
126252,0.02
126263,0.08
126265,0.06
126267,0.05
126274,0.01
126299,0.15
126307,0.11
126310,0.08
126329,0.09
126331,0.1
126340,0.01
126341,0.1
126348,0.07
126349,0.06
126351,0.06
126354,0.06
126366,0.08
126370,0.0
126398,0.11
126407,0.07
126409,0.14
126431,0.0
126438,0.25
126448,0.02
126462,0.01
126464,0.02
126468,0.07
126472,0.1
126473,0.07
126479,0.05
126484,0.1
126486,0.05
126488,0.05
126490,0.08
126494,0.09
126506,0.06
126510,0.07
126513,0.0
126526,0.23
126533,0.1
126538,0.04
126549,0.33
126553,0.21
126554,0.04
126555,0.2
126579,0.12
126584,0.04
126594,0.14
126595,0.05
126596,0.16
126602,0.04
126611,0.04
126614,0.06
126636,0.09
126638,0.12
126651,0.11
126658,0.09
126674,0.01
126685,0.03
126688,0.14
126689,0.04
126707,0.3
126715,0.07
126716,0.02
126721,0.27
126722,0.05
126732,0.02
126738,0.01
126743,0.36
126744,0.0
126752,0.13
126759,0.16
126763,0.17
126775,0.08
126778,0.17
126784,0.03
126791,0.0
126792,0.01
126804,0.13
126816,0.06
126817,0.04
126822,0.03
126832,0.04
126842,0.03
126849,0.08
126850,0.0
126861,0.07
126871,0.03
126872,0.27
126880,0.06
126888,0.26
126896,0.16
126913,0.03
126918,0.03
126954,0.09
126961,0.06
126963,0.0
126965,0.17
126968,0.17
126971,0.02
126981,0.02
126984,0.06
126985,0.24
126995,0.11
126999,0.15
127007,0.11
127015,0.01
127038,0.01
127054,0.04
127057,0.04
127062,0.07
127083,0.09
127098,0.11
127102,0.03
127110,0.07
127111,0.16
127116,0.01
127126,0.07
127135,0.02
127137,0.05
127142,0.05
127151,0.16
127155,0.03
127156,0.01
127160,0.03
127169,0.2
127174,0.09
127175,0.06
127177,0.11
127192,0.01
127193,0.13
127196,0.02
127197,0.17
127204,0.03
127207,0.09
127215,0.06
127226,0.14
127230,0.22
127244,0.08
127247,0.06
127249,0.02
127259,0.26
127299,0.2
127304,0.02
127308,0.23
127309,0.2
127313,0.08
127316,0.07
127317,0.14
127318,0.2
127333,0.03
127334,0.01
127336,0.04
127346,0.08
127370,0.01
127375,0.19
127390,0.09
127392,0.11
127398,0.03
127400,0.07
127402,0.26
127407,0.21
127412,0.03
127413,0.04
127415,0.04
127418,0.27
127425,0.02
127432,0.05
127436,0.18
127448,0.02
127449,0.11
127463,0.23
127464,0.12
127468,0.11
127481,0.03
127492,0.07
127495,0.08
127496,0.07
127501,0.06
127508,0.06
127531,0.03
127554,0.01
127562,0.09
127565,0.01
127567,0.05
127582,0.03
127593,0.16
127595,0.01
127614,0.05
127627,0.05
127630,0.02
127638,0.15
127639,0.06
127641,0.04
127643,0.08
127665,0.13
127674,0.04
127676,0.11
127693,0.07
127701,0.01
127702,0.12
127709,0.16
127720,0.22
127733,0.02
127739,0.2
127753,0.01
127756,0.08
127757,0.11
127777,0.29
127810,0.21
127811,0.04
127821,0.19
127835,0.03
127839,0.09
127870,0.2
127878,0.29
127887,0.06
127918,0.06
127919,0.07
127920,0.02
127932,0.04
127933,0.22
127953,0.03
127955,0.09
127957,0.02
127961,0.07
127967,0.19
127970,0.16
127975,0.17
127985,0.01
127991,0.07
127997,0.02
127999,0.14
128004,0.03
128005,0.06
128015,0.07
128018,0.12
128044,0.15
128046,0.05
128047,0.1
128048,0.24
128054,0.09
128066,0.09
128070,0.08
128071,0.07
128094,0.04
128095,0.06
128099,0.11
128116,0.01
128130,0.07
128132,0.14
128133,0.31
128140,0.06
128154,0.12
128156,0.22
128160,0.13
128165,0.24
128166,0.02
128169,0.14
128171,0.02
128177,0.03
128178,0.01
128182,0.02
128191,0.16
128199,0.16
128213,0.14
128214,0.08
128216,0.02
128217,0.14
128226,0.05
128229,0.09
128232,0.13
128246,0.02
128273,0.11
128274,0.07
128283,0.02
128284,0.07
128294,0.2
128295,0.05
128297,0.06
128300,0.02
128314,0.04
128317,0.01
128339,0.03
128340,0.0
128342,0.09
128343,0.05
128364,0.08
128368,0.22
128377,0.05
128380,0.02
128383,0.06
128407,0.09
128409,0.09
128423,0.06
128428,0.05
128433,0.04
128438,0.11
128439,0.14
128446,0.19
128447,0.01
128450,0.11
128455,0.21
128457,0.14
128464,0.0
128465,0.07
128471,0.02
128474,0.07
128483,0.11
128514,0.08
128516,0.03
128519,0.03
128528,0.02
128529,0.09
128536,0.05
128541,0.09
128542,0.03
128545,0.01
128557,0.06
128560,0.06
128568,0.04
128571,0.03
128578,0.01
128582,0.12
128588,0.17
128597,0.1
128610,0.04
128619,0.21
128630,0.15
128680,0.1
128684,0.11
128687,0.05
128699,0.14
128702,0.02
128704,0.01
128710,0.27
128720,0.07
128724,0.06
128727,0.18
128744,0.04
128745,0.03
128760,0.1
128766,0.27
128770,0.16
128782,0.25
128822,0.0
128830,0.21
128836,0.09
128845,0.04
128858,0.12
128859,0.06
128860,0.1
128874,0.13
128880,0.17
128882,0.19
128883,0.12
128884,0.08
128892,0.09
128905,0.04
128910,0.08
128912,0.08
128915,0.05
128917,0.08
128937,0.1
128942,0.19
128945,0.04
128957,0.1
128962,0.08
128970,0.07
128985,0.11
128986,0.01
128992,0.01
128994,0.11
129003,0.1
129005,0.14
129010,0.03
129024,0.09
129038,0.03
129042,0.05
129049,0.0
129062,0.28
129067,0.16
129070,0.02
129073,0.02
129074,0.05
129088,0.07
129090,0.07
129101,0.22
129102,0.14
129106,0.22
129108,0.1
129120,0.08
129122,0.09
129123,0.23
129135,0.11
129141,0.15
129152,0.14
129160,0.09
129168,0.16
129174,0.12
129178,0.09
129183,0.08
129187,0.0
129197,0.05
129200,0.04
129205,0.21
129222,0.04
129230,0.01
129235,0.02
129251,0.09
129274,0.05
129282,0.12
129284,0.08
129298,0.13
129299,0.03
129311,0.09
129312,0.13
129313,0.01
129314,0.05
129321,0.09
129329,0.15
129330,0.25
129332,0.06
129338,0.12
129345,0.09
129349,0.18
129353,0.02
129357,0.03
129358,0.1
129365,0.04
129376,0.06
129380,0.01
129382,0.05
129402,0.15
129403,0.0
129412,0.03
129441,0.28
129442,0.01
129448,0.11
129466,0.1
129475,0.03
129483,0.02
129484,0.07
129499,0.04
129501,0.11
129508,0.04
129510,0.11
129526,0.02
129527,0.19
129533,0.07
129535,0.12
129536,0.19
129545,0.04
129553,0.06
129557,0.11
129560,0.04
129576,0.05
129580,0.23
129585,0.15
129587,0.0
129597,0.17
129611,0.01
129619,0.05
129622,0.08
129631,0.14
129632,0.07
129640,0.06
129647,0.05
129658,0.03
129676,0.07
129683,0.02
129685,0.07
129701,0.2
129706,0.16
129707,0.12
129720,0.0
129727,0.26
129728,0.09
129768,0.04
129775,0.0
129790,0.0
129804,0.06
129805,0.04
129813,0.0
129816,0.08
129823,0.09
129826,0.41
129831,0.02
129833,0.01
129851,0.03
129857,0.05
129860,0.18
129914,0.2
129926,0.04
129933,0.09
129939,0.21
129949,0.01
129959,0.25
129962,0.18
129963,0.13
129964,0.09
129977,0.02
129985,0.17
129987,0.06
129992,0.05
130002,0.25
130016,0.05
130045,0.08
130048,0.07
130051,0.03
130053,0.13
130056,0.08
130061,0.06
130062,0.15
130065,0.18
130066,0.09
130070,0.07
130079,0.01
130080,0.11
130098,0.15
130109,0.15
130110,0.04
130116,0.05
130125,0.3
130134,0.26
130137,0.14
130138,0.03
130146,0.04
130148,0.0
130154,0.08
130156,0.01
130158,0.12
130159,0.04
130177,0.06
130186,0.29
130204,0.17
130205,0.28
130206,0.05
130211,0.01
130217,0.03
130218,0.04
130235,0.07
130236,0.29
130239,0.07
130256,0.07
130260,0.1
130261,0.11
130262,0.01
130263,0.04
130264,0.0
130266,0.13
130277,0.15
130278,0.04
130281,0.07
130297,0.1
130302,0.15
130320,0.04
130325,0.2
130329,0.02
130338,0.14
130339,0.17
130340,0.27
130344,0.03
130347,0.06
130353,0.03
130358,0.08
130366,0.06
130371,0.01
130374,0.02
130389,0.04
130390,0.1
130404,0.05
130426,0.04
130440,0.12
130449,0.32
130451,0.07
130452,0.1
130453,0.08
130463,0.08
130466,0.08
130467,0.11
130475,0.06
130489,0.03
130490,0.15
130495,0.12
130497,0.12
130499,0.03
130504,0.16
130513,0.11
130528,0.07
130533,0.16
130543,0.04
130567,0.09
130571,0.09
130572,0.01
130589,0.17
130592,0.25
130603,0.19
130623,0.05
130641,0.09
130687,0.0
130690,0.03
130698,0.05
130707,0.04
130709,0.22
130718,0.23
130722,0.18
130732,0.04
130735,0.06
130757,0.05
130760,0.04
130771,0.03
130772,0.02
130774,0.05
130779,0.17
130795,0.12
130828,0.1
130833,0.06
130843,0.01
130855,0.08
130871,0.1
130878,0.06
130885,0.1
130889,0.23
130894,0.09
130896,0.05
130905,0.14
130906,0.18
130930,0.08
130931,0.05
130943,0.14
130946,0.02
130947,0.16
130950,0.04
130954,0.07
130966,0.06
130983,0.18
131003,0.07
131005,0.01
131009,0.18
131013,0.08
131027,0.03
131030,0.25
131031,0.0
131033,0.03
131039,0.18
131045,0.06
131057,0.2
131072,0.03
131084,0.06
131088,0.08
131089,0.15
131091,0.08
131093,0.1
131114,0.28
131118,0.04
131123,0.06
131130,0.1
131144,0.11
131162,0.09
131163,0.04
131166,0.21
131179,0.28
131181,0.01
131183,0.36
131219,0.01
131227,0.04
131231,0.06
131235,0.1
131242,0.03
131251,0.21
131257,0.1
131263,0.12
131268,0.2
131271,0.04
131275,0.0
131286,0.18
131290,0.12
131300,0.16
131306,0.01
131316,0.11
131321,0.32
131322,0.06
131326,0.0
131333,0.19
131335,0.15
131352,0.03
131354,0.14
131366,0.13
131373,0.09
131388,0.1
131394,0.03
131404,0.14
131405,0.03
131411,0.04
131416,0.28
131421,0.03
131424,0.08
131426,0.08
131443,0.15
131470,0.1
131471,0.16
131476,0.12
131477,0.05
131479,0.26
131493,0.16
131495,0.11
131496,0.04
131498,0.19
131504,0.08
131525,0.25
131528,0.16
131548,0.0
131549,0.15
131550,0.06
131557,0.26
131564,0.12
131565,0.04
131576,0.11
131602,0.19
131628,0.34
131629,0.05
131641,0.08
131647,0.02
131664,0.12
131677,0.02
131681,0.06
131682,0.09
131688,0.12
131690,0.15
131691,0.03
131709,0.13
131713,0.09
131719,0.2
131733,0.06
131734,0.16
131743,0.23
131747,0.16
131748,0.07
131758,0.02
131759,0.29
131764,0.0
131771,0.05
131788,0.0
131791,0.06
131798,0.03
131810,0.07
131812,0.08
131815,0.06
131823,0.14
131824,0.07
131828,0.05
131844,0.1
131846,0.09
131848,0.02
131863,0.01
131864,0.13
131889,0.06
131890,0.14
131892,0.14
131895,0.01
131896,0.16
131897,0.01
131905,0.11
131906,0.17
131907,0.07
131914,0.08
131921,0.06
131922,0.19
131925,0.0
131936,0.03
131941,0.24
131950,0.03
131952,0.14
131959,0.31
131983,0.02
131987,0.2
131994,0.06
132004,0.11
132009,0.07
132012,0.08
132013,0.05
132014,0.13
132028,0.31
132054,0.07
132061,0.0
132062,0.16
132078,0.11
132082,0.04
132086,0.09
132089,0.17
132095,0.08
132109,0.04
132110,0.1
132121,0.07
132125,0.0
132127,0.16
132128,0.06
132134,0.08
132139,0.05
132141,0.19
132149,0.27
132150,0.05
132152,0.04
132153,0.1
132164,0.03
132179,0.23
132182,0.07
132189,0.07
132193,0.05
132194,0.07
132195,0.02
132208,0.26
132211,0.09
132212,0.28
132216,0.1
132219,0.05
132223,0.07
132238,0.17
132242,0.0
132268,0.06
132275,0.05
132276,0.18
132279,0.03
132289,0.53
132290,0.01
132300,0.26
132319,0.04
132340,0.02
132344,0.09
132345,0.07
132346,0.09
132352,0.11
132353,0.09
132358,0.36
132381,0.1
132382,0.08
132383,0.1
132410,0.12
132419,0.03
132423,0.03
132432,0.1
132434,0.04
132440,0.09
132441,0.1
132452,0.02
132453,0.01
132456,0.03
132459,0.09
132462,0.02
132463,0.04
132468,0.1
132485,0.25
132490,0.03
132500,0.03
132521,0.28
132555,0.09
132560,0.06
132562,0.05
132575,0.03
132587,0.08
132591,0.15
132611,0.15
132615,0.02
132617,0.16
132622,0.36
132629,0.02
132638,0.0
132642,0.02
132658,0.04
132664,0.08
132668,0.03
132676,0.19
132704,0.18
132707,0.2
132719,0.09
132723,0.19
132724,0.13
132732,0.07
132754,0.19
132756,0.04
132766,0.06
132767,0.04
132775,0.18
132776,0.17
132785,0.04
132787,0.04
132793,0.12
132807,0.0
132811,0.01
132818,0.05
132834,0.04
132846,0.0
132861,0.07
132870,0.1
132882,0.04
132884,0.06
132885,0.18
132888,0.07
132898,0.08
132912,0.0
132916,0.23
132917,0.05
132932,0.1
132940,0.1
132943,0.02
132962,0.26
132965,0.12
132969,0.04
132974,0.06
132977,0.06
132978,0.01
132982,0.0
132983,0.01
132996,0.12
133006,0.0
133007,0.02
133025,0.01
133027,0.06
133033,0.1
133038,0.28
133040,0.13
133041,0.01
133044,0.06
133053,0.09
133063,0.07
133065,0.09
133083,0.02
133084,0.03
133091,0.12
133092,0.05
133107,0.16
133111,0.12
133122,0.06
133132,0.08
133140,0.08
133147,0.07
133150,0.05
133168,0.08
133170,0.01
133184,0.05
133228,0.0
133229,0.03
133230,0.03
133232,0.11
133242,0.11
133246,0.14
133247,0.08
133253,0.09
133268,0.05
133271,0.12
133272,0.06
133296,0.18
133299,0.27
133302,0.03
133315,0.19
133330,0.1
133331,0.04
133332,0.02
133333,0.06
133334,0.43
133361,0.26
133363,0.16
133404,0.12
133412,0.31
133418,0.01
133422,0.25
133426,0.09
133450,0.03
133465,0.17
133468,0.03
133469,0.01
133474,0.0
133479,0.07
133490,0.11
133492,0.01
133495,0.1
133496,0.0
133501,0.09
133502,0.03
133511,0.09
133515,0.08
133528,0.11
133539,0.01
133551,0.18
133564,0.11
133569,0.18
133570,0.14
133578,0.01
133586,0.05
133587,0.08
133597,0.13
133608,0.1
133624,0.17
133626,0.12
133645,0.08
133655,0.03
133658,0.05
133659,0.03
133660,0.05
133664,0.01
133684,0.11
133685,0.15
133688,0.07
133706,0.09
133713,0.12
133723,0.01
133730,0.07
133733,0.04
133760,0.06
133762,0.26
133777,0.02
133793,0.01
133816,0.05
133818,0.06
133824,0.07
133841,0.07
133850,0.05
133877,0.16
133880,0.11
133887,0.05
133889,0.3
133896,0.22
133916,0.24
133920,0.02
133936,0.18
133939,0.06
133940,0.01
133942,0.02
133956,0.14
133957,0.08
133965,0.03
133972,0.07
133973,0.12
134008,0.01
134016,0.16
134039,0.13
134040,0.11
134045,0.03
134050,0.27
134056,0.15
134082,0.27
134085,0.08
134089,0.02
134102,0.06
134118,0.02
134131,0.01
134135,0.01
134137,0.06
134150,0.09
134159,0.06
134183,0.11
134186,0.14
134211,0.02
134216,0.04
134217,0.07
134218,0.02
134230,0.08
134233,0.12
134234,0.08
134236,0.21
134241,0.02
134242,0.18
134273,0.03
134277,0.08
134287,0.16
134293,0.12
134302,0.04
134306,0.17
134307,0.04
134325,0.11
134330,0.11
134334,0.01
134338,0.12
134339,0.01
134348,0.17
134355,0.02
134369,0.33
134387,0.14
134399,0.17
134400,0.01
134405,0.1
134407,0.03
134433,0.03
134448,0.01
134460,0.05
134463,0.12
134467,0.04
134485,0.04
134486,0.21
134490,0.09
134494,0.17
134501,0.37
134508,0.11
134512,0.13
134514,0.05
134519,0.05
134528,0.14
134536,0.05
134540,0.01
134546,0.06
134549,0.18
134558,0.16
134560,0.2
134588,0.17
134590,0.03
134591,0.12
134594,0.04
134622,0.09
134626,0.06
134639,0.04
134649,0.09
134654,0.16
134658,0.05
134683,0.07
134688,0.27
134689,0.3
134697,0.11
134698,0.21
134718,0.1
134742,0.02
134751,0.01
134760,0.0
134763,0.03
134764,0.06
134765,0.07
134773,0.04
134790,0.02
134794,0.02
134802,0.02
134805,0.01
134807,0.06
134812,0.07
134813,0.03
134823,0.06
134824,0.21
134838,0.03
134841,0.03
134857,0.04
134862,0.25
134865,0.12
134880,0.25
134883,0.09
134884,0.11
134916,0.01
134918,0.05
134919,0.15
134921,0.01
134928,0.13
134943,0.14
134950,0.02
134968,0.11
134971,0.09
134972,0.04
135011,0.04
135013,0.19
135016,0.05
135031,0.11
135036,0.04
135041,0.04
135052,0.07
135053,0.09
135054,0.15
135060,0.01
135072,0.03
135078,0.12
135079,0.07
135090,0.11
135113,0.11
135123,0.01
135128,0.11
135136,0.17
135152,0.03
135163,0.03
135166,0.04
135186,0.08
135188,0.04
135194,0.05
135214,0.09
135220,0.04
135235,0.01
135236,0.01
135241,0.09
135243,0.17
135253,0.02
135258,0.06
135264,0.09
135271,0.04
135274,0.02
135275,0.25
135288,0.12
135290,0.04
135299,0.01
135304,0.07
135309,0.08
135345,0.2
135359,0.11
135360,0.15
135361,0.02
135363,0.17
135365,0.06
135369,0.14
135380,0.0
135387,0.23
135389,0.01
135390,0.17
135393,0.03
135401,0.1
135409,0.24
135410,0.02
135412,0.08
135430,0.09
135434,0.06
135435,0.17
135445,0.33
135449,0.28
135460,0.14
135461,0.06
135491,0.06
135500,0.02
135504,0.08
135506,0.09
135521,0.11
135523,0.19
135527,0.14
135528,0.09
135530,0.33
135540,0.15
135541,0.36
135562,0.3
135578,0.05
135584,0.08
135589,0.21
135590,0.03
135591,0.13
135596,0.06
135607,0.02
135622,0.01
135626,0.1
135635,0.12
135636,0.07
135650,0.01
135656,0.07
135657,0.24
135672,0.26
135673,0.04
135678,0.26
135679,0.02
135684,0.14
135701,0.02
135704,0.19
135713,0.15
135716,0.14
135718,0.03
135723,0.12
135737,0.14
135738,0.03
135745,0.03
135746,0.19
135752,0.16
135755,0.02
135756,0.02
135765,0.04
135778,0.18
135779,0.04
135788,0.03
135803,0.05
135804,0.17
135809,0.0
135811,0.16
135812,0.1
135823,0.16
135834,0.12
135838,0.1
135843,0.07
135847,0.04
135857,0.23
135865,0.13
135872,0.05
135885,0.09
135888,0.1
135899,0.09
135910,0.01
135930,0.17
135941,0.17
135943,0.14
135949,0.17
135950,0.1
135951,0.02
135954,0.09
135966,0.14
135967,0.02
135971,0.01
135974,0.1
135975,0.04
135985,0.03
136004,0.08
136009,0.17
136033,0.06
136041,0.02
136051,0.01
136057,0.05
136070,0.21
136099,0.36
136103,0.08
136114,0.06
136116,0.03
136140,0.03
136160,0.02
136185,0.04
136201,0.07
136211,0.03
136213,0.1
136224,0.15
136234,0.09
136244,0.09
136255,0.11
136257,0.08
136260,0.02
136261,0.04
136263,0.13
136267,0.05
136277,0.15
136289,0.06
136293,0.05
136296,0.04
136302,0.11
136312,0.06
136317,0.19
136337,0.33
136355,0.03
136356,0.31
136383,0.08
136390,0.04
136406,0.06
136416,0.07
136417,0.04
136429,0.18
136440,0.05
136445,0.15
136449,0.02
136454,0.08
136457,0.03
136467,0.14
136474,0.06
136503,0.17
136505,0.23
136558,0.01
136578,0.06
136579,0.05
136582,0.09
136583,0.05
136588,0.0
136593,0.0
136605,0.25
136617,0.06
136620,0.09
136625,0.04
136640,0.02
136643,0.1
136653,0.25
136654,0.18
136660,0.03
136661,0.03
136663,0.12
136683,0.23
136711,0.18
136726,0.21
136730,0.07
136739,0.11
136740,0.05
136745,0.01
136751,0.07
136754,0.12
136758,0.19
136762,0.17
136763,0.04
136778,0.0
136782,0.05
136798,0.15
136808,0.24
136811,0.14
136829,0.08
136832,0.02
136838,0.14
136846,0.21
136848,0.07
136852,0.04
136854,0.04
136856,0.03
136862,0.14
136863,0.04
136885,0.06
136887,0.1
136902,0.21
136918,0.05
136922,0.03
136923,0.01
136929,0.34
136940,0.07
136967,0.22
136968,0.23
136972,0.07
136984,0.2
136993,0.2
136994,0.03
136995,0.06
136999,0.1
137013,0.05
137015,0.13
137023,0.16
137025,0.14
137032,0.06
137033,0.24
137045,0.11
137049,0.03
137051,0.16
137052,0.02
137101,0.29
137119,0.11
137142,0.15
137149,0.06
137166,0.07
137167,0.04
137192,0.0
137193,0.17
137194,0.08
137204,0.21
137214,0.07
137222,0.19
137223,0.09
137234,0.07
137254,0.09
137269,0.05
137284,0.01
137285,0.1
137286,0.14
137287,0.07
137300,0.06
137305,0.1
137313,0.01
137344,0.15
137346,0.24
137354,0.08
137356,0.28
137357,0.22
137364,0.18
137368,0.0
137380,0.0
137383,0.04
137395,0.02
137432,0.03
137433,0.11
137435,0.2
137444,0.09
137453,0.09
137454,0.01
137455,0.13
137456,0.03
137457,0.11
137465,0.12
137476,0.03
137515,0.03
137544,0.13
137549,0.01
137560,0.24
137577,0.2
137590,0.01
137591,0.04
137592,0.06
137595,0.04
137614,0.12
137624,0.02
137640,0.06
137651,0.08
137657,0.13
137658,0.14
137672,0.07
137673,0.1
137687,0.13
137688,0.03
137689,0.05
137700,0.28
137711,0.03
137715,0.06
137718,0.01
137721,0.01
137722,0.22
137726,0.13
137739,0.24
137741,0.07
137743,0.08
137747,0.11
137761,0.11
137796,0.01
137807,0.23
137809,0.1
137824,0.06
137827,0.06
137846,0.24
137862,0.01
137865,0.06
137868,0.07
137875,0.08
137878,0.03
137883,0.03
137888,0.02
137913,0.18
137915,0.0
137934,0.11
137936,0.27
137937,0.01
137942,0.1
137944,0.26
137947,0.02
137960,0.14
137977,0.2
138006,0.07
138007,0.07
138008,0.14
138019,0.12
138021,0.06
138022,0.11
138025,0.09
138044,0.07
138046,0.06
138050,0.12
138068,0.05
138084,0.14
138085,0.05
138086,0.03
138087,0.02
138089,0.13
138100,0.01
138105,0.07
138107,0.19
138127,0.05
138128,0.11
138129,0.02
138131,0.05
138132,0.08
138150,0.03
138156,0.07
138169,0.18
138174,0.03
138177,0.06
138187,0.1
138189,0.04
138193,0.06
138203,0.08
138209,0.03
138237,0.04
138243,0.06
138273,0.04
138274,0.09
138275,0.02
138277,0.02
138285,0.02
138289,0.16
138308,0.18
138313,0.06
138317,0.06
138326,0.05
138327,0.08
138338,0.05
138367,0.06
138377,0.19
138416,0.06
138417,0.06
138419,0.13
138425,0.19
138430,0.03
138454,0.1
138465,0.06
138470,0.04
138480,0.0
138481,0.19
138486,0.14
138492,0.02
138496,0.07
138519,0.26
138520,0.04
138522,0.06
138545,0.0
138556,0.09
138560,0.01
138564,0.02
138573,0.1
138581,0.34
138585,0.32
138591,0.07
138598,0.19
138600,0.13
138602,0.06
138613,0.12
138639,0.05
138651,0.09
138652,0.08
138661,0.2
138674,0.06
138678,0.27
138679,0.03
138686,0.07
138695,0.01
138711,0.03
138728,0.12
138731,0.1
138744,0.11
138752,0.2
138754,0.08
138756,0.1
138770,0.05
138771,0.31
138807,0.01
138818,0.05
138819,0.09
138820,0.06
138831,0.04
138843,0.06
138871,0.19
138873,0.03
138876,0.02
138880,0.08
138881,0.06
138882,0.02
138890,0.02
138892,0.01
138893,0.15
138917,0.06
138921,0.11
138922,0.15
138924,0.04
138926,0.03
138932,0.07
138946,0.11
138959,0.14
138961,0.03
138964,0.03
138968,0.21
138969,0.29
138980,0.11
138992,0.11
139002,0.3
139010,0.09
139011,0.11
139017,0.21
139030,0.06
139032,0.22
139034,0.0
139039,0.04
139049,0.1
139053,0.06
139058,0.11
139062,0.23
139067,0.31
139069,0.29
139070,0.27
139075,0.01
139082,0.26
139092,0.15
139098,0.06
139108,0.08
139127,0.18
139130,0.25
139145,0.17
139164,0.16
139174,0.09
139175,0.15
139178,0.01
139180,0.02
139181,0.28
139186,0.04
139189,0.03
139190,0.03
139191,0.0
139198,0.01
139201,0.13
139204,0.11
139208,0.05
139211,0.03
139215,0.06
139225,0.12
139226,0.02
139231,0.08
139246,0.1
139252,0.07
139256,0.11
139258,0.09
139268,0.02
139272,0.01
139283,0.06
139286,0.03
139289,0.1
139290,0.18
139291,0.01
139293,0.01
139303,0.09
139304,0.04
139307,0.31
139319,0.02
139321,0.09
139326,0.07
139327,0.04
139355,0.1
139363,0.01
139375,0.05
139397,0.07
139412,0.12
139413,0.02
139415,0.08
139416,0.03
139449,0.24
139461,0.03
139462,0.21
139463,0.27
139486,0.0
139493,0.11
139515,0.14
139516,0.11
139522,0.19
139532,0.02
139542,0.05
139545,0.04
139552,0.23
139553,0.1
139555,0.08
139559,0.11
139560,0.12
139564,0.03
139565,0.08
139567,0.05
139568,0.06
139572,0.06
139573,0.14
139592,0.07
139595,0.06
139597,0.06
139598,0.12
139607,0.05
139609,0.14
139628,0.05
139653,0.11
139656,0.37
139661,0.05
139673,0.04
139674,0.06
139683,0.03
139714,0.11
139724,0.04
139737,0.11
139749,0.13
139755,0.0
139756,0.28
139757,0.06
139763,0.04
139769,0.12
139774,0.27
139775,0.03
139777,0.06
139780,0.05
139788,0.12
139794,0.07
139831,0.14
139832,0.01
139834,0.07
139839,0.14
139843,0.26
139844,0.03
139858,0.13
139861,0.1
139864,0.11
139865,0.19
139874,0.03
139876,0.07
139895,0.1
139903,0.13
139917,0.14
139930,0.03
139934,0.13
139935,0.07
139946,0.09
139958,0.05
139977,0.02
139981,0.13
139989,0.02
139992,0.2
139995,0.09
139996,0.06
139997,0.06
140005,0.2
140010,0.13
140018,0.14
140026,0.04
140027,0.07
140031,0.18
140037,0.01
140039,0.03
140040,0.04
140042,0.01
140049,0.14
140084,0.15
140087,0.03
140096,0.14
140101,0.39
140114,0.05
140117,0.06
140129,0.25
140131,0.42
140132,0.07
140136,0.19
140144,0.02
140151,0.02
140172,0.03
140174,0.0
140190,0.03
140196,0.25
140200,0.12
140204,0.1
140223,0.08
140232,0.08
140234,0.14
140237,0.07
140245,0.2
140247,0.11
140248,0.1
140298,0.04
140305,0.24
140311,0.0
140312,0.16
140318,0.09
140325,0.12
140327,0.27
140334,0.12
140337,0.08
140338,0.01
140343,0.1
140376,0.06
140378,0.17
140381,0.01
140382,0.02
140384,0.01
140386,0.24
140390,0.01
140402,0.07
140406,0.06
140425,0.02
140426,0.18
140434,0.01
140435,0.04
140436,0.2
140451,0.11
140452,0.06
140454,0.12
140455,0.04
140483,0.09
140504,0.08
140512,0.08
140518,0.01
140534,0.24
140545,0.06
140546,0.16
140560,0.03
140563,0.05
140564,0.09
140569,0.03
140577,0.07
140638,0.01
140655,0.04
140664,0.15
140669,0.03
140672,0.29
140682,0.04
140693,0.13
140700,0.04
140701,0.22
140704,0.03
140705,0.02
140719,0.01
140749,0.33
140750,0.04
140751,0.16
140752,0.01
140762,0.15
140772,0.12
140778,0.24
140779,0.03
140780,0.0
140802,0.05
140804,0.11
140807,0.09
140813,0.05
140827,0.09
140840,0.04
140845,0.02
140847,0.24
140861,0.03
140862,0.02
140872,0.1
140879,0.0
140880,0.33
140886,0.06
140924,0.01
140938,0.05
140944,0.05
140945,0.28
140961,0.05
140963,0.05
140967,0.14
140982,0.12
140990,0.0
140993,0.04
140996,0.1
141004,0.16
141025,0.38
141030,0.0
141031,0.08
141032,0.09
141067,0.02
141072,0.08
141081,0.06
141084,0.06
141085,0.02
141089,0.07
141090,0.09
141093,0.04
141095,0.13
141110,0.06
141114,0.02
141119,0.27
141147,0.19
141150,0.36
141159,0.09
141160,0.11
141167,0.0
141206,0.03
141213,0.04
141215,0.32
141222,0.09
141255,0.11
141283,0.06
141298,0.13
141306,0.1
141310,0.18
141320,0.01
141323,0.12
141329,0.03
141333,0.05
141339,0.02
141340,0.07
141344,0.07
141345,0.19
141347,0.12
141350,0.1
141356,0.13
141358,0.02
141365,0.07
141368,0.01
141369,0.05
141376,0.07
141377,0.04
141385,0.04
141387,0.03
141388,0.13
141389,0.04
141390,0.08
141409,0.13
141410,0.12
141411,0.25
141414,0.07
141422,0.13
141426,0.13
141457,0.06
141470,0.11
141480,0.03
141481,0.07
141492,0.06
141493,0.1
141496,0.06
141497,0.02
141502,0.02
141503,0.01
141504,0.26
141507,0.13
141515,0.06
141524,0.23
141528,0.07
141540,0.02
141542,0.04
141551,0.44
141573,0.12
141580,0.01
141588,0.12
141596,0.11
141597,0.03
141602,0.22
141608,0.15
141611,0.05
141612,0.11
141618,0.03
141628,0.05
141632,0.13
141634,0.14
141637,0.06
141638,0.16
141639,0.01
141640,0.11
141644,0.08
141654,0.1
141656,0.03
141668,0.06
141717,0.08
141718,0.15
141723,0.24
141743,0.12
141744,0.06
141750,0.07
141753,0.02
141762,0.13
141809,0.02
141815,0.16
141826,0.03
141832,0.03
141840,0.0
141869,0.13
141870,0.25
141887,0.29
141915,0.05
141925,0.06
141945,0.46
141949,0.03
141958,0.06
141959,0.0
141963,0.11
141989,0.03
141995,0.02
141997,0.19
142005,0.03
142008,0.07
142012,0.09
142014,0.0
142025,0.15
142036,0.0
142037,0.03
142038,0.0
142039,0.04
142064,0.06
142065,0.29
142070,0.09
142074,0.06
142079,0.12
142084,0.07
142087,0.07
142102,0.08
142106,0.13
142115,0.02
142120,0.04
142132,0.12
142139,0.04
142142,0.0
142153,0.09
142160,0.04
142162,0.05
142163,0.02
142167,0.03
142168,0.14
142177,0.06
142180,0.22
142183,0.0
142186,0.07
142189,0.04
142195,0.01
142198,0.01
142210,0.11
142215,0.14
142222,0.01
142223,0.13
142224,0.11
142236,0.06
142237,0.04
142239,0.01
142242,0.14
142243,0.02
142244,0.04
142255,0.0
142273,0.04
142289,0.06
142294,0.05
142303,0.23
142305,0.23
142339,0.05
142359,0.09
142361,0.06
142364,0.01
142378,0.31
142380,0.13
142383,0.18
142387,0.09
142393,0.13
142396,0.19
142407,0.16
142409,0.2
142427,0.0
142429,0.27
142430,0.05
142431,0.07
142433,0.1
142439,0.14
142440,0.02
142446,0.22
142459,0.05
142478,0.0
142481,0.19
142491,0.06
142495,0.13
142497,0.0
142510,0.04
142513,0.15
142521,0.03
142529,0.17
142537,0.07
142542,0.14
142558,0.21
142574,0.09
142575,0.06
142579,0.19
142587,0.02
142590,0.27
142610,0.01
142614,0.03
142621,0.08
142641,0.11
142650,0.07
142653,0.15
142667,0.14
142671,0.17
142676,0.19
142680,0.05
142684,0.03
142685,0.03
142686,0.06
142689,0.1
142691,0.04
142704,0.08
142707,0.05
142724,0.05
142727,0.05
142728,0.12
142741,0.04
142747,0.14
142748,0.19
142752,0.08
142755,0.04
142756,0.03
142759,0.01
142762,0.12
142771,0.04
142778,0.1
142783,0.09
142789,0.16
142790,0.02
142791,0.22
142793,0.18
142795,0.12
142803,0.25
142819,0.07
142822,0.24
142825,0.14
142833,0.01
142871,0.04
142872,0.0
142883,0.14
142905,0.01
142906,0.11
142917,0.06
142921,0.13
142927,0.1
142932,0.04
142940,0.05
142962,0.1
142969,0.03
142976,0.03
142977,0.1
142982,0.07
142988,0.04
142990,0.04
142992,0.07
143012,0.06
143013,0.06
143016,0.12
143017,0.07
143033,0.04
143058,0.04
143059,0.1
143060,0.07
143065,0.02
143076,0.0
143081,0.27
143088,0.01
143089,0.13
143090,0.09
143094,0.01
143100,0.03
143115,0.02
143132,0.08
143135,0.03
143136,0.32
143149,0.12
143151,0.0
143152,0.05
143153,0.2
143162,0.11
143166,0.01
143167,0.08
143187,0.1
143188,0.03
143190,0.06
143191,0.02
143195,0.34
143207,0.1
143209,0.2
143227,0.25
143231,0.02
143232,0.0
143244,0.06
143263,0.19
143268,0.12
143275,0.09
143278,0.13
143302,0.05
143320,0.05
143328,0.1
143336,0.17
143339,0.0
143340,0.13
143353,0.02
143360,0.07
143361,0.07
143385,0.19
143388,0.16
143389,0.12
143390,0.05
143393,0.34
143396,0.18
143419,0.08
143421,0.04
143422,0.04
143431,0.07
143433,0.03
143440,0.19
143442,0.06
143463,0.12
143466,0.06
143475,0.19
143500,0.04
143510,0.06
143528,0.13
143532,0.01
143535,0.1
143538,0.04
143548,0.11
143550,0.16
143555,0.09
143576,0.2
143593,0.09
143595,0.05
143596,0.03
143597,0.09
143599,0.11
143601,0.05
143602,0.09
143605,0.02
143609,0.17
143611,0.1
143613,0.12
143618,0.06
143652,0.01
143667,0.03
143679,0.15
143680,0.0
143692,0.07
143703,0.16
143712,0.06
143714,0.1
143715,0.02
143729,0.11
143732,0.16
143738,0.0
143740,0.06
143743,0.13
143772,0.04
143773,0.04
143792,0.08
143802,0.03
143808,0.0
143819,0.01
143820,0.13
143825,0.11
143828,0.1
143831,0.19
143834,0.01
143835,0.11
143843,0.0
143860,0.04
143874,0.06
143889,0.25
143903,0.08
143921,0.06
143936,0.07
143944,0.05
143947,0.11
143948,0.0
143957,0.14
143964,0.24
143965,0.01
143971,0.18
143976,0.13
143977,0.23
143983,0.28
143991,0.01
144015,0.01
144032,0.03
144057,0.06
144065,0.05
144087,0.1
144090,0.06
144091,0.09
144092,0.03
144139,0.02
144150,0.13
144151,0.06
144153,0.11
144154,0.29
144159,0.29
144168,0.17
144169,0.02
144178,0.1
144179,0.02
144183,0.0
144186,0.05
144190,0.22
144191,0.11
144199,0.11
144226,0.02
144227,0.01
144229,0.0
144237,0.1
144247,0.08
144249,0.1
144259,0.04
144260,0.02
144282,0.06
144295,0.17
144304,0.09
144314,0.06
144318,0.09
144324,0.19
144325,0.08
144333,0.01
144334,0.06
144336,0.02
144350,0.14
144354,0.03
144357,0.04
144359,0.02
144365,0.02
144385,0.03
144386,0.08
144387,0.12
144390,0.09
144393,0.08
144398,0.1
144402,0.11
144416,0.07
144422,0.03
144446,0.14
144451,0.2
144461,0.04
144464,0.04
144483,0.08
144498,0.13
144499,0.04
144534,0.02
144549,0.06
144563,0.02
144570,0.27
144579,0.08
144580,0.05
144581,0.01
144582,0.04
144587,0.05
144588,0.08
144589,0.04
144590,0.13
144598,0.14
144601,0.03
144610,0.03
144611,0.06
144612,0.05
144613,0.1
144617,0.02
144635,0.19
144640,0.01
144644,0.08
144645,0.04
144654,0.06
144656,0.03
144657,0.18
144658,0.17
144659,0.1
144665,0.0
144667,0.02
144675,0.03
144677,0.09
144678,0.12
144690,0.14
144701,0.21
144702,0.19
144716,0.01
144721,0.03
144722,0.17
144729,0.06
144744,0.18
144753,0.02
144761,0.0
144764,0.29
144767,0.01
144780,0.26
144781,0.07
144784,0.1
144806,0.04
144810,0.26
144811,0.1
144824,0.26
144828,0.16
144829,0.04
144835,0.18
144849,0.04
144850,0.04
144870,0.03
144881,0.11
144891,0.04
144898,0.08
144904,0.07
144906,0.04
144909,0.03
144910,0.22
144912,0.1
144963,0.11
144965,0.05
144966,0.05
144979,0.07
144990,0.01
144991,0.03
144992,0.29
144999,0.05
145006,0.02
145007,0.04
145008,0.03
145009,0.07
145011,0.05
145014,0.18
145025,0.08
145036,0.05
145041,0.08
145058,0.13
145071,0.1
145106,0.08
145110,0.1
145142,0.14
145146,0.08
145147,0.06
145148,0.09
145149,0.03
145154,0.09
145157,0.11
145158,0.07
145167,0.09
145172,0.15
145174,0.03
145192,0.04
145195,0.11
145196,0.22
145199,0.05
145209,0.08
145242,0.02
145248,0.04
145249,0.01
145250,0.06
145281,0.09
145287,0.05
145288,0.15
145298,0.3
145303,0.04
145309,0.04
145333,0.07
145336,0.02
145339,0.11
145350,0.0
145353,0.01
145354,0.06
145358,0.12
145382,0.16
145383,0.14
145389,0.04
145390,0.14
145391,0.04
145392,0.18
145407,0.01
145410,0.04
145412,0.04
145415,0.12
145418,0.08
145419,0.13
145440,0.01
145451,0.22
145476,0.2
145481,0.07
145482,0.01
145484,0.05
145502,0.05
145512,0.1
145515,0.06
145521,0.02
145523,0.02
145554,0.02
145557,0.02
145560,0.1
145563,0.13
145569,0.01
145586,0.16
145601,0.11
145602,0.06
145615,0.21
145623,0.13
145638,0.07
145640,0.05
145645,0.0
145654,0.08
145664,0.13
145677,0.07
145679,0.08
145681,0.08
145698,0.01
145709,0.03
145713,0.06
145720,0.17
145780,0.11
145781,0.16
145798,0.21
145811,0.17
145819,0.09
145833,0.09
145834,0.02
145835,0.05
145844,0.22
145862,0.02
145869,0.14
145871,0.12
145872,0.01
145874,0.48
145888,0.03
145891,0.2
145907,0.14
145908,0.05
145919,0.08
145925,0.0
145940,0.13
145941,0.12
145943,0.05
145951,0.05
145954,0.25
145957,0.0
145962,0.12
145974,0.02
145976,0.1
145987,0.04
145988,0.26
145989,0.05
145990,0.14
145991,0.12
145993,0.17
146000,0.17
146001,0.01
146006,0.07
146011,0.0
146014,0.07
146020,0.05
146021,0.04
146022,0.05
146026,0.13
146028,0.26
146032,0.08
146033,0.11
146037,0.15
146059,0.01
146060,0.15
146063,0.3
146069,0.09
146086,0.04
146090,0.44
146092,0.07
146094,0.19
146097,0.0
146098,0.19
146106,0.06
146115,0.08
146121,0.24
146122,0.11
146140,0.01
146142,0.03
146146,0.19
146149,0.1
146153,0.07
146155,0.07
146156,0.05
146159,0.02
146172,0.08
146176,0.07
146184,0.04
146186,0.04
146191,0.09
146198,0.09
146199,0.14
146202,0.05
146206,0.19
146214,0.03
146221,0.07
146232,0.07
146239,0.09
146246,0.13
146247,0.08
146252,0.04
146255,0.02
146256,0.0
146262,0.15
146277,0.16
146292,0.16
146303,0.08
146305,0.04
146313,0.14
146317,0.01
146330,0.11
146344,0.11
146345,0.06
146347,0.17
146356,0.03
146369,0.05
146384,0.09
146385,0.04
146386,0.05
146388,0.04
146404,0.0
146409,0.24
146413,0.02
146421,0.04
146428,0.08
146451,0.08
146458,0.09
146466,0.06
146476,0.01
146485,0.01
146486,0.02
146487,0.09
146500,0.03
146502,0.01
146512,0.26
146514,0.03
146515,0.22
146516,0.08
146533,0.07
146535,0.07
146541,0.23
146557,0.09
146562,0.17
146565,0.01
146570,0.03
146571,0.03
146574,0.02
146587,0.07
146591,0.04
146597,0.2
146600,0.17
146614,0.11
146621,0.07
146623,0.11
146631,0.02
146644,0.0
146649,0.0
146651,0.05
146652,0.13
146663,0.16
146680,0.03
146683,0.07
146714,0.38
146724,0.2
146730,0.06
146732,0.09
146738,0.08
146752,0.08
146755,0.12
146756,0.09
146759,0.07
146760,0.15
146761,0.04
146765,0.04
146806,0.14
146809,0.08
146810,0.02
146811,0.06
146815,0.17
146820,0.14
146821,0.04
146824,0.19
146829,0.14
146842,0.2
146864,0.05
146891,0.18
146918,0.02
146955,0.04
146957,0.24
146972,0.1
146973,0.08
146979,0.11
146982,0.03
146984,0.03
146997,0.1
147001,0.05
147008,0.21
147014,0.09
147022,0.05
147038,0.1
147048,0.1
147060,0.13
147061,0.05
147077,0.05
147082,0.08
147083,0.09
147085,0.09
147086,0.18
147099,0.15
147127,0.05
147128,0.04
147133,0.15
147138,0.01
147139,0.05
147150,0.11
147155,0.11
147171,0.05
147172,0.03
147182,0.01
147195,0.07
147199,0.0
147216,0.12
147224,0.09
147225,0.06
147230,0.26
147240,0.24
147250,0.03
147253,0.05
147254,0.38
147264,0.06
147294,0.19
147308,0.08
147309,0.3
147315,0.08
147319,0.09
147329,0.04
147340,0.06
147345,0.18
147353,0.05
147354,0.06
147364,0.21
147366,0.14
147373,0.09
147382,0.04
147383,0.19
147390,0.08
147408,0.12
147411,0.1
147415,0.06
147416,0.1
147425,0.02
147427,0.08
147438,0.09
147439,0.03
147457,0.02
147459,0.03
147463,0.06
147469,0.07
147476,0.17
147483,0.03
147497,0.04
147502,0.12
147515,0.24
147523,0.06
147527,0.07
147541,0.1
147551,0.04
147552,0.06
147561,0.03
147571,0.06
147587,0.01
147657,0.09
147659,0.07
147670,0.0
147695,0.22
147696,0.22
147702,0.12
147710,0.3
147711,0.03
147712,0.1
147713,0.07
147720,0.09
147722,0.09
147742,0.02
147750,0.04
147761,0.17
147764,0.07
147770,0.09
147771,0.14
147774,0.18
147786,0.03
147787,0.25
147791,0.01
147792,0.11
147793,0.24
147794,0.05
147801,0.02
147824,0.01
147826,0.07
147840,0.08
147847,0.02
147862,0.08
147865,0.06
147882,0.11
147893,0.23
147925,0.05
147932,0.15
147942,0.14
147953,0.04
147955,0.18
147964,0.25
147966,0.22
147981,0.09
147982,0.09
147990,0.03
147998,0.08
148002,0.14
148013,0.26
148025,0.21
148026,0.06
148031,0.12
148035,0.13
148042,0.07
148047,0.01
148050,0.01
148063,0.07
148065,0.27
148069,0.21
148070,0.03
148075,0.24
148076,0.03
148087,0.01
148091,0.06
148102,0.23
148107,0.18
148108,0.03
148113,0.01
148131,0.04
148141,0.12
148149,0.05
148150,0.11
148163,0.15
148175,0.02
148185,0.1
148187,0.06
148198,0.22
148204,0.2
148205,0.02
148212,0.12
148216,0.3
148217,0.06
148223,0.03
148224,0.19
148235,0.11
148255,0.13
148276,0.06
148285,0.01
148289,0.05
148292,0.15
148294,0.18
148314,0.05
148319,0.03
148320,0.07
148322,0.05
148323,0.1
148325,0.07
148333,0.04
148339,0.03
148359,0.16
148361,0.2
148364,0.08
148380,0.11
148382,0.04
148386,0.08
148393,0.17
148394,0.06
148404,0.05
148419,0.07
148423,0.07
148437,0.29
148440,0.05
148448,0.02
148449,0.03
148450,0.01
148451,0.14
148458,0.15
148471,0.09
148475,0.0
148476,0.08
148497,0.12
148511,0.02
148512,0.05
148534,0.05
148545,0.15
148557,0.15
148564,0.04
148570,0.04
148586,0.06
148596,0.12
148600,0.08
148607,0.09
148609,0.11
148622,0.1
148623,0.05
148625,0.18
148626,0.01
148628,0.02
148632,0.09
148639,0.06
148643,0.13
148644,0.15
148680,0.01
148702,0.18
148716,0.08
148717,0.07
148726,0.15
148738,0.11
148746,0.03
148749,0.11
148750,0.05
148769,0.08
148791,0.13
148803,0.13
148804,0.05
148823,0.0
148831,0.03
148849,0.1
148850,0.04
148855,0.03
148893,0.02
148896,0.07
148899,0.16
148903,0.23
148910,0.07
148911,0.16
148912,0.17
148913,0.03
148933,0.11
148935,0.06
148937,0.08
148946,0.13
148955,0.09
148980,0.01
148996,0.03
149015,0.13
149025,0.06
149028,0.16
149029,0.08
149035,0.06
149050,0.08
149051,0.1
149052,0.15
149056,0.01
149062,0.03
149067,0.29
149076,0.13
149090,0.25
149106,0.16
149107,0.02
149118,0.13
149119,0.09
149130,0.11
149154,0.07
149157,0.06
149158,0.02
149160,0.03
149163,0.08
149164,0.1
149165,0.05
149166,0.22
149214,0.25
149231,0.06
149236,0.05
149237,0.09
149246,0.05
149247,0.04
149253,0.11
149254,0.11
149265,0.22
149266,0.11
149277,0.11
149283,0.23
149289,0.14
149310,0.07
149314,0.11
149318,0.04
149319,0.13
149320,0.05
149321,0.09
149333,0.02
149337,0.27
149338,0.12
149341,0.04
149342,0.12
149349,0.02
149351,0.15
149354,0.09
149360,0.01
149362,0.21
149366,0.01
149372,0.22
149376,0.08
149388,0.07
149393,0.05
149401,0.03
149405,0.27
149412,0.18
149415,0.03
149416,0.02
149430,0.11
149435,0.05
149436,0.09
149444,0.2
149456,0.05
149471,0.04
149480,0.05
149481,0.11
149490,0.06
149491,0.01
149503,0.1
149512,0.11
149524,0.02
149525,0.04
149532,0.02
149533,0.29
149536,0.24
149540,0.13
149548,0.02
149563,0.14
149568,0.06
149569,0.06
149570,0.12
149582,0.08
149584,0.18
149587,0.25
149592,0.1
149596,0.12
149599,0.04
149612,0.12
149643,0.24
149648,0.14
149665,0.06
149666,0.19
149671,0.03
149675,0.19
149676,0.18
149677,0.03
149680,0.15
149711,0.11
149723,0.08
149726,0.05
149727,0.12
149730,0.04
149733,0.19
149734,0.31
149736,0.18
149750,0.07
149752,0.2
149767,0.09
149791,0.05
149793,0.09
149810,0.02
149850,0.08
149857,0.09
149858,0.21
149860,0.15
149882,0.02
149889,0.1
149890,0.08
149918,0.01
149919,0.06
149927,0.0
149928,0.01
149940,0.26
149944,0.09
149947,0.16
149951,0.08
149956,0.08
149958,0.18
149969,0.06
149988,0.16
149996,0.1
150007,0.01
150018,0.05
150025,0.04
150054,0.04
150064,0.08
150070,0.08
150074,0.07
150078,0.02
150084,0.07
150106,0.0
150111,0.25
150115,0.06
150117,0.28
150120,0.11
150127,0.1
150128,0.03
150130,0.06
150132,0.06
150135,0.08
150145,0.03
150148,0.07
150153,0.16
150154,0.07
150173,0.0
150174,0.17
150176,0.18
150177,0.11
150178,0.06
150179,0.15
150187,0.06
150207,0.02
150223,0.09
150224,0.09
150229,0.01
150233,0.03
150245,0.07
150252,0.11
150257,0.1
150258,0.02
150267,0.05
150268,0.11
150272,0.24
150282,0.12
150289,0.29
150299,0.02
150307,0.03
150310,0.11
150311,0.22
150312,0.11
150313,0.04
150324,0.29
150335,0.01
150343,0.05
150354,0.1
150363,0.04
150365,0.09
150377,0.03
150381,0.17
150382,0.02
150414,0.07
150418,0.12
150431,0.03
150449,0.02
150450,0.17
150473,0.01
150475,0.06
150476,0.11
150478,0.17
150488,0.15
150499,0.09
150501,0.23
150503,0.05
150518,0.02
150529,0.17
150531,0.01
150532,0.15
150535,0.14
150543,0.21
150545,0.16
150548,0.14
150552,0.16
150558,0.16
150574,0.05
150576,0.42
150577,0.08
150594,0.08
150601,0.09
150604,0.1
150618,0.05
150626,0.06
150627,0.03
150635,0.14
150648,0.11
150649,0.1
150650,0.14
150651,0.1
150652,0.03
150657,0.09
150659,0.06
150666,0.05
150667,0.15
150680,0.02
150698,0.32
150700,0.32
150713,0.05
150715,0.01
150718,0.06
150724,0.07
150731,0.1
150734,0.02
150738,0.06
150744,0.04
150745,0.19
150746,0.11
150749,0.01
150750,0.12
150753,0.1
150759,0.02
150762,0.01
150764,0.1
150782,0.06
150784,0.03
150785,0.14
150786,0.07
150789,0.23
150802,0.06
150809,0.03
150810,0.1
150817,0.06
150820,0.06
150822,0.08
150845,0.07
150846,0.13
150854,0.12
150858,0.32
150866,0.03
150869,0.02
150874,0.0
150887,0.03
150889,0.03
150892,0.15
150896,0.07
150901,0.29
150914,0.18
150918,0.06
150919,0.04
150929,0.18
150935,0.02
150941,0.05
150949,0.03
150950,0.1
150951,0.03
150952,0.03
150980,0.1
150981,0.08
150986,0.18
150987,0.03
151004,0.05
151005,0.07
151010,0.05
151012,0.06
151016,0.03
151021,0.11
151022,0.03
151023,0.17
151024,0.22
151035,0.26
151036,0.06
151039,0.02
151041,0.02
151043,0.16
151052,0.28
151058,0.26
151065,0.25
151066,0.08
151067,0.26
151069,0.07
151070,0.01
151080,0.19
151090,0.14
151092,0.42
151100,0.05
151108,0.08
151113,0.15
151119,0.06
151131,0.04
151145,0.08
151147,0.21
151148,0.03
151149,0.16
151153,0.19
151158,0.04
151167,0.03
151169,0.12
151185,0.0
151186,0.27
151187,0.26
151203,0.02
151206,0.04
151213,0.19
151237,0.08
151254,0.0
151255,0.04
151264,0.17
151266,0.06
151267,0.09
151270,0.0
151286,0.01
151288,0.02
151289,0.06
151290,0.05
151303,0.16
151304,0.1
151308,0.03
151315,0.03
151324,0.03
151329,0.12
151335,0.02
151343,0.04
151347,0.17
151348,0.15
151357,0.15
151366,0.04
151372,0.14
151374,0.06
151394,0.02
151395,0.16
151403,0.04
151410,0.06
151412,0.05
151419,0.03
151443,0.03
151464,0.02
151466,0.12
151467,0.12
151476,0.04
151480,0.14
151481,0.17
151486,0.05
151487,0.2
151490,0.12
151498,0.07
151500,0.02
151504,0.03
151516,0.0
151519,0.13
151528,0.15
151529,0.09
151539,0.29
151540,0.07
151556,0.16
151558,0.03
151559,0.02
151581,0.2
151586,0.14
151589,0.1
151603,0.21
151604,0.13
151610,0.0
151637,0.13
151652,0.34
151654,0.03
151667,0.05
151668,0.2
151669,0.03
151678,0.01
151697,0.06
151706,0.06
151729,0.12
151730,0.05
151737,0.07
151744,0.15
151756,0.14
151785,0.01
151800,0.01
151801,0.0
151821,0.03
151822,0.11
151834,0.07
151845,0.22
151846,0.17
151847,0.08
151848,0.09
151859,0.1
151872,0.14
151875,0.11
151883,0.03
151888,0.13
151895,0.0
151896,0.02
151900,0.18
151913,0.01
151920,0.14
151928,0.08
151933,0.01
151934,0.1
151948,0.06
151951,0.01
151963,0.04
151964,0.01
151965,0.01
151966,0.21
151974,0.04
151975,0.18
151978,0.01
151982,0.1
151993,0.06
152002,0.02
152005,0.1
152017,0.09
152020,0.09
152039,0.11
152047,0.2
152064,0.09
152071,0.09
152076,0.08
152088,0.02
152091,0.04
152093,0.11
152100,0.24
152107,0.0
152115,0.05
152119,0.02
152123,0.06
152129,0.1
152140,0.27
152141,0.01
152142,0.09
152148,0.04
152170,0.04
152171,0.08
152176,0.06
152186,0.03
152192,0.2
152204,0.22
152215,0.0
152220,0.1
152230,0.04
152256,0.0
152265,0.09
152266,0.23
152268,0.06
152272,0.05
152286,0.02
152299,0.04
152305,0.21
152324,0.02
152329,0.15
152355,0.03
152356,0.04
152365,0.18
152369,0.22
152373,0.06
152374,0.12
152383,0.06
152395,0.07
152403,0.18
152404,0.0
152406,0.05
152425,0.07
152437,0.03
152438,0.09
152442,0.15
152460,0.03
152461,0.07
152462,0.03
152472,0.05
152473,0.26
152477,0.04
152506,0.07
152522,0.03
152530,0.11
152535,0.05
152543,0.02
152548,0.04
152556,0.09
152562,0.04
152563,0.25
152565,0.04
152591,0.04
152593,0.18
152612,0.1
152619,0.04
152627,0.03
152628,0.02
152632,0.24
152638,0.16
152646,0.14
152662,0.2
152679,0.06
152680,0.04
152699,0.05
152703,0.03
152717,0.22
152720,0.16
152721,0.05
152735,0.08
152736,0.11
152739,0.07
152755,0.07
152769,0.02
152785,0.24
152788,0.01
152791,0.01
152808,0.04
152815,0.01
152816,0.17
152817,0.12
152818,0.09
152819,0.09
152820,0.08
152823,0.04
152831,0.03
152832,0.17
152833,0.21
152835,0.15
152838,0.03
152846,0.02
152862,0.21
152864,0.11
152865,0.11
152871,0.05
152874,0.01
152875,0.04
152876,0.19
152877,0.37
152881,0.05
152892,0.02
152908,0.23
152909,0.16
152915,0.04
152916,0.25
152923,0.02
152932,0.12
152934,0.05
152936,0.01
152948,0.22
152951,0.06
152956,0.13
152963,0.04
152964,0.34
152978,0.03
152980,0.06
152986,0.27
153001,0.19
153002,0.06
153007,0.05
153009,0.05
153017,0.04
153018,0.3
153022,0.16
153027,0.14
153032,0.02
153033,0.15
153034,0.04
153037,0.08
153051,0.26
153052,0.05
153057,0.08
153067,0.17
153084,0.03
153088,0.11
153089,0.03
153093,0.02
153094,0.04
153095,0.14
153105,0.2
153108,0.21
153110,0.07
153119,0.07
153135,0.04
153139,0.02
153146,0.07
153154,0.05
153185,0.02
153195,0.23
153196,0.04
153198,0.14
153202,0.01
153203,0.08
153209,0.05
153223,0.09
153224,0.08
153227,0.11
153230,0.07
153233,0.12
153234,0.02
153235,0.2
153243,0.11
153263,0.18
153269,0.04
153272,0.17
153276,0.11
153279,0.08
153291,0.14
153311,0.09
153328,0.32
153330,0.11
153341,0.39
153345,0.11
153393,0.1
153394,0.05
153395,0.07
153420,0.1
153428,0.03
153432,0.24
153449,0.12
153458,0.42
153459,0.08
153472,0.11
153475,0.01
153479,0.04
153480,0.08
153490,0.06
153491,0.04
153501,0.0
153502,0.08
153507,0.16
153513,0.15
153514,0.01
153519,0.17
153520,0.01
153556,0.07
153577,0.18
153582,0.19
153594,0.03
153595,0.06
153598,0.27
153601,0.03
153625,0.05
153641,0.11
153654,0.01
153676,0.11
153681,0.08
153704,0.17
153706,0.04
153710,0.17
153720,0.06
153734,0.14
153738,0.07
153743,0.03
153748,0.11
153756,0.24
153757,0.0
153759,0.09
153764,0.06
153782,0.0
153796,0.03
153802,0.1
153809,0.35
153810,0.07
153817,0.2
153821,0.08
153823,0.02
153830,0.09
153834,0.02
153839,0.05
153842,0.19
153847,0.2
153855,0.0
153873,0.01
153875,0.01
153882,0.06
153884,0.09
153885,0.13
153886,0.04
153890,0.06
153892,0.03
153897,0.05
153898,0.06
153901,0.24
153924,0.13
153928,0.04
153929,0.13
153949,0.02
153979,0.08
153980,0.03
153981,0.05
154010,0.3
154015,0.01
154039,0.08
154043,0.09
154044,0.03
154046,0.1
154047,0.11
154058,0.01
154060,0.05
154065,0.2
154083,0.09
154100,0.04
154108,0.09
154120,0.07
154121,0.07
154122,0.12
154128,0.02
154137,0.08
154143,0.19
154151,0.15
154158,0.07
154176,0.01
154184,0.12
154191,0.02
154215,0.07
154216,0.05
154220,0.04
154222,0.14
154227,0.01
154241,0.0
154243,0.0
154244,0.1
154254,0.02
154264,0.08
154265,0.09
154268,0.02
154269,0.01
154299,0.05
154307,0.12
154315,0.17
154325,0.09
154327,0.13
154332,0.1
154346,0.08
154347,0.05
154353,0.25
154369,0.11
154376,0.02
154377,0.26
154379,0.03
154389,0.04
154402,0.12
154403,0.16
154416,0.04
154428,0.09
154430,0.13
154442,0.34
154447,0.05
154468,0.02
154470,0.01
154473,0.06
154480,0.08
154486,0.02
154500,0.12
154507,0.16
154529,0.02
154549,0.01
154557,0.01
154571,0.02
154578,0.04
154580,0.04
154591,0.11
154611,0.22
154623,0.03
154650,0.06
154655,0.17
154659,0.0
154680,0.13
154681,0.02
154690,0.12
154711,0.04
154712,0.04
154722,0.02
154731,0.03
154747,0.24
154749,0.14
154750,0.08
154760,0.16
154763,0.15
154786,0.1
154788,0.1
154792,0.08
154807,0.22
154812,0.15
154818,0.23
154819,0.09
154824,0.09
154839,0.2
154840,0.03
154843,0.08
154847,0.14
154849,0.15
154850,0.04
154851,0.15
154853,0.07
154858,0.13
154868,0.14
154871,0.06
154877,0.13
154916,0.11
154920,0.04
154922,0.16
154924,0.04
154933,0.08
154942,0.24
154955,0.1
154957,0.22
154966,0.03
154971,0.09
154972,0.02
154973,0.08
154974,0.01
154979,0.02
154982,0.22
154990,0.2
154991,0.07
154994,0.12
154995,0.01
155009,0.14
155014,0.02
155017,0.06
155018,0.02
155019,0.01
155020,0.0
155027,0.04
155034,0.06
155047,0.03
155049,0.09
155052,0.07
155053,0.02
155059,0.05
155060,0.29
155069,0.05
155077,0.29
155078,0.0
155086,0.16
155088,0.02
155094,0.01
155099,0.04
155100,0.01
155116,0.08
155117,0.14
155119,0.04
155120,0.04
155133,0.08
155135,0.48
155141,0.07
155144,0.05
155145,0.17
155174,0.09
155194,0.13
155196,0.24
155204,0.1
155232,0.2
155240,0.2
155246,0.1
155254,0.03
155267,0.04
155273,0.17
155274,0.04
155283,0.12
155296,0.32
155312,0.02
155318,0.0
155322,0.06
155323,0.08
155329,0.19
155342,0.0
155346,0.22
155366,0.28
155369,0.11
155372,0.07
155378,0.12
155382,0.36
155390,0.02
155401,0.23
155428,0.04
155443,0.08
155445,0.03
155450,0.13
155452,0.14
155453,0.0
155480,0.14
155482,0.01
155484,0.07
155485,0.05
155496,0.17
155497,0.18
155531,0.05
155541,0.03
155547,0.3
155550,0.14
155551,0.08
155565,0.2
155567,0.06
155569,0.14
155573,0.12
155575,0.08
155581,0.17
155591,0.06
155593,0.22
155594,0.03
155610,0.27
155623,0.02
155624,0.2
155629,0.06
155638,0.08
155650,0.24
155652,0.09
155687,0.17
155697,0.33
155715,0.18
155718,0.08
155719,0.09
155723,0.08
155730,0.12
155731,0.01
155737,0.22
155738,0.14
155740,0.02
155742,0.03
155755,0.12
155766,0.01
155768,0.02
155771,0.06
155803,0.09
155808,0.0
155809,0.13
155812,0.07
155820,0.12
155832,0.14
155841,0.04
155847,0.21
155848,0.08
155855,0.05
155886,0.06
155893,0.11
155905,0.06
155910,0.27
155912,0.0
155919,0.28
155921,0.04
155937,0.11
155939,0.11
155950,0.1
155987,0.19
155988,0.05
156005,0.02
156006,0.03
156010,0.12
156018,0.1
156021,0.1
156026,0.18
156030,0.15
156033,0.01
156038,0.1
156041,0.13
156049,0.06
156050,0.03
156068,0.0
156069,0.23
156087,0.03
156088,0.15
156095,0.06
156104,0.16
156107,0.04
156108,0.07
156111,0.14
156119,0.0
156123,0.14
156140,0.16
156149,0.08
156161,0.0
156180,0.14
156186,0.13
156189,0.16
156194,0.03
156200,0.01
156213,0.38
156214,0.04
156228,0.02
156234,0.1
156236,0.17
156243,0.12
156256,0.0
156268,0.08
156269,0.19
156270,0.08
156274,0.05
156290,0.11
156291,0.05
156292,0.11
156298,0.08
156301,0.06
156302,0.19
156309,0.03
156355,0.02
156365,0.02
156367,0.31
156372,0.01
156376,0.1
156377,0.01
156389,0.05
156400,0.13
156404,0.15
156405,0.07
156426,0.11
156427,0.03
156429,0.0
156430,0.05
156431,0.23
156432,0.05
156449,0.07
156463,0.0
156464,0.09
156478,0.08
156492,0.16
156508,0.11
156509,0.11
156517,0.1
156526,0.16
156527,0.01
156538,0.33
156542,0.04
156543,0.06
156555,0.03
156556,0.17
156561,0.05
156563,0.01
156564,0.06
156567,0.02
156570,0.08
156581,0.1
156594,0.02
156597,0.04
156600,0.05
156601,0.0
156627,0.07
156629,0.14
156642,0.05
156644,0.03
156663,0.03
156674,0.02
156688,0.03
156696,0.09
156707,0.02
156723,0.07
156728,0.11
156731,0.28
156732,0.02
156733,0.2
156768,0.11
156773,0.15
156782,0.07
156815,0.09
156837,0.02
156854,0.22
156861,0.18
156862,0.01
156878,0.15
156903,0.13
156910,0.16
156925,0.14
156933,0.06
156952,0.07
156953,0.18
156963,0.25
156965,0.34
156989,0.1
156994,0.13
156996,0.03
157005,0.02
157011,0.03
157046,0.04
157058,0.1
157061,0.21
157065,0.1
157066,0.07
157067,0.01
157090,0.16
157091,0.07
157096,0.15
157101,0.3
157104,0.0
157109,0.13
157116,0.19
157120,0.28
157121,0.03
157124,0.16
157125,0.05
157132,0.12
157153,0.13
157157,0.32
157159,0.13
157168,0.18
157189,0.03
157195,0.13
157203,0.05
157210,0.1
157212,0.25
157220,0.06
157239,0.07
157241,0.03
157246,0.2
157247,0.12
157252,0.0
157253,0.31
157265,0.13
157291,0.04
157292,0.01
157301,0.11
157306,0.15
157312,0.35
157314,0.13
157332,0.02
157333,0.1
157337,0.13
157345,0.04
157347,0.23
157363,0.36
157376,0.03
157382,0.02
157397,0.03
157409,0.02
157411,0.01
157422,0.01
157428,0.08
157434,0.25
157442,0.03
157446,0.02
157456,0.06
157465,0.0
157469,0.09
157482,0.0
157497,0.11
157507,0.09
157510,0.05
157515,0.01
157529,0.08
157530,0.16
157541,0.24
157546,0.15
157553,0.08
157554,0.03
157562,0.21
157565,0.11
157566,0.02
157571,0.06
157572,0.07
157574,0.05
157575,0.1
157581,0.2
157590,0.18
157604,0.06
157611,0.13
157617,0.23
157620,0.02
157623,0.17
157651,0.08
157653,0.03
157664,0.04
157690,0.04
157704,0.12
157712,0.24
157722,0.26
157727,0.06
157764,0.0
157765,0.33
157775,0.0
157777,0.02
157789,0.11
157802,0.18
157803,0.01
157804,0.06
157805,0.08
157822,0.04
157823,0.02
157827,0.02
157836,0.14
157839,0.11
157847,0.07
157859,0.06
157864,0.05
157866,0.29
157877,0.36
157886,0.05
157892,0.08
157903,0.0
157913,0.11
157919,0.08
157920,0.17
157923,0.08
157926,0.1
157927,0.04
157948,0.01
157949,0.03
157952,0.1
157955,0.24
157958,0.09
157960,0.04
157966,0.04
157970,0.03
157979,0.04
157980,0.11
157985,0.02
157997,0.07
157998,0.22
158002,0.09
158004,0.21
158005,0.17
158007,0.03
158008,0.01
158015,0.01
158033,0.14
158036,0.06
158041,0.12
158044,0.09
158049,0.08
158061,0.0
158078,0.0
158099,0.11
158100,0.06
158102,0.2
158107,0.11
158114,0.25
158127,0.1
158128,0.23
158142,0.06
158145,0.21
158146,0.1
158167,0.05
158176,0.1
158184,0.04
158197,0.1
158201,0.07
158202,0.01
158205,0.03
158208,0.22
158211,0.04
158215,0.08
158218,0.01
158221,0.43
158223,0.04
158230,0.01
158234,0.12
158235,0.02
158245,0.28
158254,0.14
158267,0.02
158277,0.02
158283,0.08
158289,0.08
158290,0.03
158298,0.0
158307,0.02
158332,0.11
158336,0.11
158342,0.01
158344,0.07
158347,0.12
158352,0.03
158354,0.09
158355,0.06
158357,0.04
158365,0.04
158366,0.01
158367,0.0
158368,0.24
158384,0.06
158388,0.02
158395,0.17
158413,0.1
158425,0.03
158426,0.07
158432,0.0
158444,0.17
158453,0.02
158454,0.11
158459,0.02
158462,0.06
158468,0.19
158469,0.16
158470,0.07
158483,0.11
158485,0.04
158490,0.17
158494,0.04
158500,0.02
158503,0.08
158504,0.03
158519,0.19
158523,0.01
158527,0.06
158533,0.02
158535,0.05
158539,0.01
158544,0.13
158547,0.03
158551,0.08
158552,0.0
158560,0.02
158616,0.2
158638,0.01
158642,0.07
158651,0.02
158653,0.05
158677,0.06
158683,0.01
158687,0.02
158693,0.03
158700,0.02
158703,0.01
158705,0.21
158706,0.05
158708,0.0
158712,0.08
158714,0.19
158715,0.06
158752,0.11
158753,0.02
158763,0.04
158764,0.21
158767,0.22
158770,0.0
158781,0.01
158789,0.07
158790,0.05
158791,0.19
158795,0.28
158796,0.11
158800,0.07
158806,0.18
158807,0.34
158815,0.15
158824,0.18
158828,0.1
158831,0.35
158840,0.12
158841,0.18
158847,0.02
158856,0.11
158858,0.23
158884,0.09
158885,0.04
158891,0.15
158898,0.02
158911,0.08
158913,0.03
158918,0.05
158926,0.02
158929,0.16
158939,0.06
158940,0.17
158952,0.09
158963,0.16
158973,0.02
158977,0.15
158988,0.13
159013,0.23
159016,0.07
159018,0.01
159024,0.34
159034,0.13
159035,0.11
159039,0.08
159049,0.02
159056,0.14
159068,0.01
159078,0.21
159099,0.17
159103,0.04
159106,0.06
159113,0.0
159117,0.02
159124,0.25
159132,0.4
159139,0.15
159142,0.05
159145,0.13
159147,0.03
159174,0.05
159201,0.19
159203,0.11
159212,0.21
159214,0.13
159221,0.31
159240,0.03
159241,0.08
159242,0.0
159244,0.09
159250,0.07
159275,0.05
159284,0.09
159293,0.08
159295,0.04
159301,0.02
159310,0.26
159314,0.14
159318,0.03
159333,0.01
159334,0.0
159335,0.05
159337,0.12
159338,0.14
159340,0.26
159361,0.04
159384,0.11
159402,0.06
159421,0.13
159424,0.08
159425,0.01
159426,0.09
159439,0.19
159445,0.03
159449,0.06
159460,0.23
159475,0.08
159481,0.02
159483,0.06
159494,0.17
159504,0.01
159512,0.18
159522,0.13
159524,0.1
159526,0.04
159528,0.06
159547,0.12
159555,0.08
159562,0.09
159563,0.02
159565,0.15
159569,0.02
159578,0.04
159579,0.13
159581,0.06
159594,0.17
159598,0.04
159604,0.04
159605,0.02
159620,0.04
159631,0.02
159633,0.04
159659,0.1
159661,0.21
159667,0.08
159669,0.04
159682,0.1
159683,0.06
159693,0.03
159698,0.03
159702,0.1
159703,0.08
159707,0.06
159716,0.08
159732,0.14
159734,0.09
159740,0.07
159748,0.09
159751,0.1
159756,0.23
159758,0.24
159767,0.09
159769,0.17
159775,0.21
159802,0.0
159804,0.09
159817,0.07
159818,0.02
159824,0.03
159837,0.0
159840,0.05
159842,0.4
159851,0.02
159865,0.28
159866,0.08
159872,0.02
159874,0.0
159879,0.0
159883,0.08
159884,0.01
159898,0.19
159903,0.06
159906,0.22
159914,0.09
159915,0.17
159917,0.15
159929,0.18
159949,0.13
159951,0.14
159953,0.06
159957,0.1
159968,0.05
159972,0.11
159973,0.09
159993,0.08
160008,0.36
160011,0.05
160013,0.01
160015,0.1
160017,0.09
160023,0.18
160028,0.21
160035,0.05
160074,0.1
160076,0.19
160077,0.27
160080,0.07
160084,0.1
160089,0.34
160094,0.0
160101,0.06
160103,0.05
160111,0.15
160114,0.06
160116,0.04
160119,0.15
160123,0.01
160141,0.08
160147,0.03
160151,0.06
160172,0.26
160173,0.01
160177,0.05
160178,0.04
160180,0.02
160181,0.08
160188,0.16
160189,0.09
160193,0.04
160205,0.1
160214,0.06
160215,0.18
160217,0.09
160262,0.06
160263,0.04
160273,0.18
160282,0.21
160295,0.11
160297,0.01
160303,0.04
160305,0.07
160309,0.01
160324,0.05
160338,0.08
160366,0.07
160375,0.14
160381,0.14
160398,0.06
160400,0.08
160406,0.14
160410,0.06
160411,0.03
160418,0.07
160440,0.01
160441,0.18
160450,0.17
160465,0.04
160470,0.06
160471,0.09
160472,0.28
160479,0.03
160490,0.04
160500,0.11
160503,0.02
160504,0.09
160515,0.11
160541,0.1
160545,0.01
160562,0.04
160589,0.2
160594,0.01
160595,0.08
160598,0.06
160601,0.04
160605,0.09
160606,0.04
160607,0.11
160608,0.08
160610,0.03
160614,0.11
160615,0.02
160626,0.11
160634,0.04
160656,0.18
160660,0.0
160666,0.13
160672,0.13
160673,0.09
160674,0.04
160681,0.02
160683,0.12
160694,0.02
160710,0.1
160715,0.05
160719,0.09
160732,0.03
160734,0.02
160737,0.19
160742,0.1
160747,0.01
160749,0.1
160753,0.11
160756,0.04
160757,0.04
160763,0.02
160782,0.01
160789,0.0
160804,0.14
160805,0.11
160813,0.08
160815,0.02
160819,0.08
160820,0.15
160822,0.07
160823,0.2
160837,0.14
160841,0.01
160847,0.14
160861,0.09
160886,0.02
160891,0.08
160897,0.04
160914,0.15
160915,0.14
160929,0.05
160930,0.05
160931,0.02
160935,0.12
160939,0.11
160953,0.06
160954,0.04
160962,0.05
160966,0.05
160982,0.01
160983,0.05
160991,0.1
160998,0.11
161009,0.17
161014,0.06
161017,0.02
161021,0.11
161023,0.02
161027,0.1
161028,0.08
161030,0.29
161031,0.09
161033,0.17
161050,0.16
161053,0.1
161054,0.16
161055,0.03
161059,0.01
161061,0.2
161065,0.07
161069,0.05
161072,0.04
161073,0.02
161080,0.16
161083,0.1
161104,0.01
161111,0.17
161139,0.17
161149,0.06
161158,0.25
161171,0.09
161175,0.17
161201,0.22
161202,0.14
161205,0.24
161228,0.05
161233,0.06
161234,0.22
161237,0.01
161238,0.06
161250,0.16
161251,0.04
161253,0.02
161254,0.05
161283,0.12
161291,0.02
161297,0.1
161300,0.05
161314,0.1
161315,0.05
161336,0.0
161341,0.21
161343,0.22
161351,0.16
161352,0.04
161353,0.14
161361,0.13
161366,0.11
161368,0.24
161378,0.04
161379,0.23
161380,0.01
161398,0.2
161408,0.03
161432,0.04
161439,0.14
161461,0.11
161467,0.15
161468,0.09
161471,0.02
161477,0.22
161503,0.0
161514,0.1
161524,0.2
161527,0.07
161528,0.05
161531,0.28
161536,0.0
161537,0.08
161548,0.07
161558,0.05
161572,0.01
161586,0.05
161605,0.09
161606,0.06
161607,0.11
161618,0.04
161640,0.08
161658,0.11
161660,0.0
161661,0.09
161662,0.13
161677,0.03
161681,0.05
161682,0.02
161683,0.19
161685,0.01
161686,0.04
161687,0.17
161691,0.03
161701,0.08
161707,0.04
161709,0.11
161710,0.03
161711,0.05
161714,0.16
161742,0.08
161751,0.06
161764,0.2
161771,0.23
161781,0.07
161782,0.02
161800,0.09
161810,0.07
161812,0.15
161813,0.0
161816,0.0
161838,0.21
161841,0.06
161845,0.08
161871,0.27
161877,0.14
161882,0.11
161885,0.03
161886,0.01
161895,0.06
161897,0.12
161914,0.07
161921,0.11
161922,0.06
161927,0.37
161946,0.03
161952,0.14
161954,0.04
161955,0.03
161961,0.16
161977,0.29
161980,0.2
161989,0.24
161993,0.23
162002,0.05
162011,0.05
162012,0.0
162015,0.01
162016,0.0
162019,0.02
162021,0.13
162022,0.12
162023,0.06
162025,0.03
162028,0.02
162029,0.03
162030,0.02
162031,0.22
162033,0.14
162037,0.04
162044,0.07
162071,0.16
162093,0.14
162094,0.04
162100,0.03
162102,0.08
162105,0.17
162109,0.12
162116,0.07
162117,0.03
162118,0.1
162120,0.24
162125,0.14
162128,0.23
162131,0.17
162133,0.11
162135,0.12
162156,0.03
162157,0.04
162165,0.12
162166,0.06
162170,0.11
162201,0.05
162202,0.03
162206,0.01
162211,0.09
162227,0.11
162232,0.1
162235,0.12
162237,0.24
162248,0.06
162261,0.12
162262,0.03
162280,0.09
162282,0.08
162284,0.04
162287,0.13
162305,0.08
162308,0.06
162309,0.12
162312,0.14
162313,0.05
162316,0.17
162324,0.03
162325,0.09
162333,0.01
162334,0.05
162337,0.11
162340,0.15
162344,0.15
162347,0.01
162350,0.08
162351,0.06
162365,0.15
162368,0.01
162379,0.18
162383,0.07
162392,0.04
162393,0.16
162397,0.1
162398,0.21
162406,0.26
162410,0.04
162418,0.02
162420,0.1
162424,0.27
162425,0.01
162438,0.0
162442,0.06
162462,0.06
162476,0.01
162477,0.05
162480,0.04
162491,0.09
162493,0.09
162503,0.01
162504,0.09
162513,0.03
162516,0.23
162517,0.06
162522,0.06
162523,0.05
162542,0.17
162584,0.33
162586,0.05
162589,0.07
162594,0.07
162616,0.01
162630,0.13
162637,0.16
162652,0.0
162659,0.28
162668,0.02
162674,0.06
162680,0.05
162685,0.19
162689,0.11
162711,0.07
162714,0.16
162732,0.01
162741,0.04
162758,0.13
162759,0.1
162775,0.16
162776,0.2
162777,0.09
162782,0.06
162786,0.02
162794,0.07
162799,0.02
162801,0.08
162802,0.13
162807,0.04
162820,0.07
162827,0.0
162833,0.09
162837,0.1
162844,0.12
162860,0.1
162862,0.08
162864,0.16
162868,0.2
162880,0.13
162895,0.17
162898,0.02
162918,0.12
162924,0.11
162931,0.13
162936,0.16
162978,0.09
162979,0.02
162988,0.08
162989,0.11
163013,0.15
163014,0.06
163021,0.06
163024,0.01
163027,0.09
163030,0.07
163031,0.06
163032,0.0
163039,0.11
163042,0.05
163048,0.05
163049,0.02
163068,0.07
163071,0.03
163074,0.04
163079,0.05
163080,0.02
163085,0.04
163093,0.03
163094,0.17
163109,0.05
163116,0.01
163117,0.0
163118,0.1
163119,0.2
163121,0.01
163131,0.02
163132,0.09
163133,0.11
163182,0.04
163187,0.07
163188,0.2
163195,0.08
163197,0.06
163200,0.0
163206,0.43
163207,0.0
163214,0.2
163222,0.02
163224,0.0
163226,0.19
163235,0.16
163240,0.1
163258,0.06
163263,0.01
163264,0.12
163265,0.06
163266,0.0
163268,0.05
163272,0.09
163273,0.34
163278,0.14
163288,0.02
163299,0.06
163302,0.32
163307,0.12
163321,0.08
163349,0.04
163352,0.27
163353,0.06
163357,0.1
163362,0.05
163375,0.12
163385,0.1
163386,0.07
163390,0.06
163408,0.25
163423,0.06
163426,0.22
163437,0.29
163452,0.06
163472,0.08
163473,0.09
163479,0.02
163480,0.03
163487,0.17
163492,0.08
163493,0.17
163523,0.14
163524,0.02
163527,0.22
163528,0.15
163531,0.07
163538,0.26
163556,0.01
163563,0.46
163566,0.11
163570,0.11
163571,0.04
163574,0.23
163578,0.03
163580,0.11
163597,0.15
163601,0.12
163604,0.13
163609,0.1
163618,0.15
163634,0.03
163647,0.1
163660,0.24
163661,0.02
163666,0.01
163667,0.1
163669,0.16
163676,0.07
163681,0.01
163682,0.06
163684,0.09
163714,0.11
163724,0.07
163728,0.18
163729,0.07
163738,0.03
163742,0.05
163743,0.06
163748,0.03
163759,0.03
163782,0.05
163793,0.14
163800,0.05
163801,0.1
163802,0.03
163814,0.1
163820,0.07
163821,0.12
163848,0.04
163852,0.16
163854,0.06
163855,0.31
163882,0.05
163895,0.16
163900,0.14
163907,0.2
163915,0.06
163926,0.07
163929,0.02
163934,0.2
163940,0.12
163943,0.07
163944,0.02
163949,0.02
163951,0.18
163952,0.01
163965,0.17
163970,0.04
163980,0.02
163981,0.05
163988,0.14
163989,0.06
163991,0.02
164015,0.06
164028,0.02
164030,0.05
164031,0.07
164037,0.03
164049,0.09
164052,0.09
164059,0.04
164083,0.14
164095,0.09
164106,0.28
164116,0.08
164117,0.24
164119,0.05
164133,0.03
164134,0.08
164142,0.06
164143,0.08
164147,0.15
164148,0.15
164150,0.2
164152,0.16
164156,0.19
164157,0.12
164158,0.06
164166,0.28
164191,0.08
164194,0.14
164198,0.02
164201,0.2
164202,0.0
164207,0.36
164228,0.18
164240,0.06
164241,0.21
164244,0.03
164256,0.2
164262,0.04
164269,0.13
164276,0.04
164281,0.16
164290,0.08
164300,0.32
164305,0.12
164307,0.02
164308,0.0
164309,0.0
164314,0.15
164319,0.06
164331,0.03
164332,0.01
164343,0.11
164349,0.05
164363,0.02
164373,0.06
164410,0.18
164417,0.07
164436,0.03
164438,0.03
164441,0.08
164445,0.07
164451,0.09
164452,0.06
164502,0.13
164513,0.06
164526,0.27
164527,0.12
164528,0.18
164530,0.03
164537,0.04
164542,0.14
164546,0.06
164555,0.3
164556,0.06
164568,0.27
164571,0.21
164572,0.14
164574,0.09
164580,0.08
164597,0.0
164601,0.0
164619,0.16
164633,0.17
164642,0.04
164652,0.1
164676,0.08
164682,0.08
164685,0.19
164691,0.07
164696,0.13
164708,0.04
164711,0.08
164712,0.06
164717,0.05
164721,0.13
164740,0.04
164746,0.07
164755,0.18
164761,0.12
164764,0.01
164766,0.36
164776,0.44
164777,0.0
164783,0.03
164786,0.07
164799,0.07
164808,0.12
164812,0.1
164815,0.09
164816,0.03
164817,0.11
164818,0.1
164819,0.27
164821,0.03
164822,0.03
164825,0.04
164834,0.07
164841,0.04
164842,0.15
164853,0.01
164855,0.17
164856,0.02
164878,0.1
164883,0.02
164887,0.01
164888,0.12
164889,0.13
164891,0.22
164892,0.0
164922,0.03
164924,0.08
164933,0.21
164938,0.02
164939,0.16
164949,0.04
164950,0.01
164957,0.23
164961,0.04
164963,0.01
164972,0.06
164980,0.01
164981,0.12
165020,0.08
165027,0.19
165046,0.0
165048,0.07
165049,0.1
165058,0.14
165065,0.04
165081,0.03
165082,0.19
165090,0.04
165107,0.03
165131,0.01
165133,0.14
165137,0.08
165140,0.24
165142,0.13
165143,0.08
165152,0.12
165154,0.05
165158,0.16
165166,0.03
165168,0.01
165171,0.1
165175,0.23
165182,0.04
165188,0.13
165190,0.07
165199,0.1
165202,0.19
165203,0.09
165204,0.19
165208,0.07
165221,0.11
165243,0.0
165283,0.23
165300,0.03
165302,0.03
165304,0.07
165313,0.06
165336,0.17
165339,0.12
165363,0.09
165376,0.23
165380,0.15
165385,0.01
165386,0.14
165410,0.0
165422,0.1
165426,0.1
165428,0.16
165445,0.3
165452,0.2
165454,0.1
165455,0.07
165462,0.11
165465,0.06
165466,0.04
165467,0.2
165476,0.08
165477,0.16
165478,0.44
165497,0.08
165500,0.08
165511,0.11
165513,0.02
165515,0.18
165521,0.03
165522,0.06
165523,0.05
165530,0.02
165537,0.02
165538,0.01
165539,0.14
165545,0.09
165550,0.11
165551,0.11
165552,0.17
165557,0.07
165558,0.07
165560,0.05
165574,0.11
165576,0.44
165587,0.03
165601,0.02
165605,0.07
165606,0.0
165607,0.11
165624,0.15
165632,0.07
165633,0.07
165634,0.15
165646,0.07
165649,0.03
165651,0.13
165661,0.05
165666,0.22
165669,0.12
165674,0.12
165685,0.24
165687,0.05
165692,0.14
165721,0.34
165726,0.25
165748,0.07
165749,0.08
165752,0.11
165755,0.02
165758,0.22
165761,0.0
165762,0.04
165780,0.07
165781,0.11
165789,0.11
165802,0.01
165806,0.02
165817,0.15
165822,0.2
165837,0.03
165840,0.18
165846,0.02
165853,0.07
165864,0.24
165865,0.05
165868,0.05
165869,0.02
165871,0.02
165880,0.04
165887,0.2
165904,0.11
165907,0.06
165910,0.1
165915,0.03
165917,0.11
165918,0.58
165919,0.14
165923,0.09
165931,0.01
165932,0.03
165934,0.34
165939,0.15
165944,0.19
165951,0.19
165955,0.04
165959,0.09
165966,0.2
165970,0.02
165975,0.02
165977,0.02
165990,0.07
165997,0.09
166003,0.02
166008,0.01
166020,0.03
166025,0.02
166033,0.04
166038,0.06
166042,0.04
166049,0.0
166071,0.02
166091,0.17
166093,0.18
166095,0.05
166104,0.0
166107,0.09
166108,0.06
166110,0.03
166112,0.13
166135,0.17
166136,0.04
166138,0.25
166153,0.25
166155,0.05
166158,0.07
166164,0.13
166186,0.13
166191,0.22
166196,0.0
166197,0.35
166202,0.03
166215,0.0
166230,0.07
166243,0.24
166244,0.01
166255,0.01
166258,0.13
166263,0.21
166271,0.06
166283,0.24
166286,0.06
166291,0.04
166294,0.05
166303,0.13
166306,0.1
166309,0.1
166316,0.18
166317,0.04
166321,0.08
166331,0.1
166349,0.07
166374,0.02
166387,0.0
166393,0.05
166400,0.05
166420,0.0
166446,0.11
166449,0.04
166452,0.1
166495,0.02
166501,0.13
166514,0.11
166515,0.13
166521,0.05
166525,0.04
166529,0.1
166536,0.06
166542,0.08
166543,0.13
166545,0.07
166550,0.05
166560,0.15
166567,0.06
166570,0.29
166573,0.28
166582,0.18
166583,0.16
166590,0.01
166594,0.11
166618,0.34
166623,0.06
166626,0.04
166641,0.21
166654,0.02
166682,0.12
166685,0.19
166688,0.14
166692,0.05
166701,0.02
166702,0.24
166705,0.02
166713,0.17
166733,0.05
166734,0.07
166738,0.02
166739,0.24
166740,0.08
166755,0.12
166761,0.41
166764,0.02
166773,0.06
166774,0.15
166814,0.04
166819,0.24
166834,0.16
166841,0.13
166848,0.17
166857,0.07
166858,0.11
166873,0.05
166889,0.04
166890,0.05
166891,0.07
166902,0.13
166908,0.05
166916,0.09
166920,0.09
166922,0.08
166926,0.09
166928,0.02
166930,0.18
166931,0.09
166932,0.09
166937,0.04
166941,0.06
166944,0.01
166960,0.16
166972,0.06
166973,0.04
166978,0.0
166984,0.15
166994,0.09
166995,0.05
166996,0.05
167001,0.07
167006,0.02
167007,0.19
167037,0.14
167041,0.01
167051,0.03
167052,0.06
167054,0.04
167057,0.1
167058,0.09
167059,0.1
167060,0.03
167066,0.08
167077,0.11
167078,0.13
167080,0.07
167089,0.13
167090,0.12
167091,0.02
167096,0.08
167105,0.05
167121,0.19
167128,0.02
167131,0.23
167139,0.04
167140,0.18
167149,0.09
167152,0.36
167153,0.16
167163,0.07
167167,0.22
167171,0.15
167178,0.08
167179,0.06
167182,0.03
167187,0.09
167192,0.15
167208,0.02
167212,0.08
167217,0.0
167230,0.13
167236,0.0
167238,0.17
167239,0.05
167257,0.2
167260,0.04
167264,0.23
167271,0.03
167273,0.25
167276,0.26
167283,0.22
167295,0.17
167296,0.22
167299,0.14
167310,0.0
167313,0.1
167323,0.16
167328,0.15
167329,0.17
167333,0.04
167349,0.06
167351,0.1
167359,0.05
167363,0.01
167371,0.02
167384,0.14
167387,0.08
167389,0.07
167393,0.02
167401,0.07
167427,0.04
167428,0.0
167433,0.11
167434,0.04
167437,0.03
167438,0.05
167454,0.08
167475,0.01
167480,0.08
167491,0.16
167494,0.13
167495,0.11
167503,0.02
167521,0.06
167529,0.05
167530,0.02
167550,0.08
167554,0.12
167557,0.04
167562,0.01
167566,0.2
167572,0.21
167573,0.12
167578,0.05
167592,0.21
167597,0.02
167621,0.03
167622,0.02
167631,0.17
167637,0.33
167638,0.01
167645,0.08
167648,0.22
167697,0.12
167698,0.02
167701,0.07
167708,0.0
167714,0.05
167717,0.18
167727,0.0
167737,0.01
167746,0.25
167751,0.1
167753,0.08
167755,0.03
167771,0.06
167805,0.09
167811,0.05
167815,0.15
167829,0.09
167830,0.03
167834,0.04
167841,0.1
167846,0.03
167851,0.24
167871,0.03
167890,0.19
167898,0.07
167901,0.04
167902,0.06
167907,0.22
167911,0.04
167912,0.04
167916,0.01
167917,0.03
167928,0.12
167940,0.06
167947,0.07
167948,0.16
167953,0.01
167957,0.25
167958,0.09
167968,0.06
167970,0.0
167977,0.06
167980,0.0
167993,0.16
167994,0.07
167998,0.13
168000,0.13
168006,0.0
168011,0.03
168012,0.0
168013,0.11
168022,0.06
168026,0.06
168032,0.02
168046,0.04
168054,0.2
168071,0.05
168078,0.16
168092,0.03
168093,0.13
168097,0.03
168105,0.1
168107,0.15
168108,0.05
168115,0.25
168127,0.02
168133,0.2
168135,0.03
168162,0.0
168163,0.02
168165,0.11
168169,0.06
168171,0.22
168174,0.12
168175,0.32
168186,0.0
168202,0.04
168204,0.03
168208,0.04
168229,0.07
168239,0.16
168245,0.02
168276,0.06
168309,0.06
168313,0.16
168322,0.05
168323,0.03
168326,0.14
168331,0.06
168349,0.21
168384,0.07
168398,0.04
168403,0.01
168405,0.08
168416,0.01
168418,0.03
168420,0.15
168422,0.01
168436,0.12
168438,0.02
168443,0.06
168444,0.06
168446,0.03
168454,0.06
168459,0.01
168462,0.1
168472,0.03
168485,0.01
168496,0.12
168503,0.01
168515,0.07
168516,0.15
168520,0.16
168521,0.02
168531,0.04
168542,0.08
168548,0.06
168551,0.05
168575,0.04
168580,0.12
168588,0.15
168593,0.04
168614,0.02
168615,0.06
168622,0.03
168623,0.13
168634,0.1
168645,0.24
168651,0.16
168683,0.03
168691,0.18
168708,0.18
168716,0.1
168718,0.04
168720,0.04
168722,0.17
168731,0.03
168736,0.02
168738,0.13
168747,0.01
168751,0.34
168752,0.08
168753,0.03
168774,0.06
168782,0.09
168788,0.02
168790,0.06
168791,0.21
168793,0.17
168796,0.13
168802,0.14
168803,0.06
168810,0.25
168817,0.01
168820,0.25
168823,0.02
168827,0.17
168828,0.12
168831,0.01
168842,0.07
168845,0.11
168855,0.09
168856,0.03
168861,0.11
168876,0.0
168897,0.21
168899,0.02
168913,0.14
168915,0.02
168916,0.14
168929,0.19
168930,0.08
168933,0.1
168954,0.0
168957,0.08
168959,0.07
168960,0.11
168961,0.07
168968,0.09
168969,0.03
168994,0.14
168995,0.06
169003,0.06
169004,0.24
169008,0.03
169009,0.03
169014,0.12
169030,0.14
169048,0.06
169061,0.09
169070,0.17
169092,0.03
169117,0.29
169118,0.18
169121,0.02
169123,0.09
169124,0.28
169137,0.05
169138,0.03
169143,0.01
169165,0.05
169166,0.09
169167,0.21
169168,0.11
169175,0.04
169184,0.09
169195,0.1
169196,0.01
169197,0.08
169202,0.29
169204,0.14
169212,0.03
169214,0.15
169218,0.19
169239,0.06
169248,0.04
169252,0.04
169254,0.12
169257,0.05
169264,0.25
169267,0.04
169269,0.28
169278,0.11
169297,0.08
169299,0.19
169301,0.07
169306,0.21
169323,0.26
169328,0.25
169330,0.06
169331,0.01
169346,0.18
169348,0.05
169350,0.25
169353,0.08
169355,0.03
169364,0.24
169365,0.0
169367,0.01
169370,0.01
169378,0.23
169385,0.0
169387,0.17
169389,0.05
169395,0.19
169412,0.06
169426,0.25
169427,0.18
169432,0.11
169436,0.16
169453,0.09
169455,0.17
169457,0.19
169458,0.02
169461,0.05
169467,0.02
169470,0.07
169477,0.14
169481,0.02
169483,0.21
169490,0.08
169491,0.06
169495,0.01
169504,0.09
169514,0.01
169517,0.21
169523,0.05
169528,0.24
169534,0.08
169535,0.06
169537,0.17
169541,0.08
169546,0.02
169549,0.05
169554,0.21
169561,0.04
169571,0.06
169580,0.27
169597,0.02
169598,0.02
169625,0.08
169626,0.19
169627,0.05
169628,0.09
169629,0.09
169658,0.04
169659,0.09
169668,0.01
169669,0.13
169673,0.04
169674,0.01
169676,0.18
169677,0.19
169678,0.04
169680,0.05
169695,0.2
169698,0.13
169710,0.26
169719,0.0
169720,0.07
169722,0.02
169735,0.07
169745,0.05
169749,0.05
169754,0.02
169760,0.09
169772,0.06
169773,0.04
169780,0.02
169788,0.01
169793,0.12
169809,0.32
169810,0.02
169824,0.01
169831,0.02
169833,0.01
169836,0.06
169859,0.09
169864,0.39
169872,0.05
169895,0.22
169911,0.04
169914,0.03
169960,0.12
169961,0.26
169964,0.11
169974,0.02
169988,0.03
169989,0.07
169995,0.01
170007,0.02
170026,0.13
170030,0.29
170033,0.18
170041,0.14
170043,0.01
170048,0.01
170050,0.06
170051,0.06
170056,0.23
170072,0.27
170076,0.0
170080,0.04
170101,0.0
170102,0.04
170107,0.19
170115,0.08
170119,0.12
170128,0.11
170129,0.06
170134,0.21
170136,0.2
170139,0.0
170140,0.17
170143,0.2
170148,0.38
170159,0.02
170163,0.14
170164,0.19
170173,0.01
170178,0.13
170179,0.04
170199,0.27
170203,0.05
170207,0.05
170211,0.07
170217,0.0
170224,0.03
170225,0.12
170255,0.3
170258,0.01
170259,0.08
170262,0.04
170278,0.23
170284,0.06
170285,0.3
170292,0.02
170293,0.3
170301,0.1
170302,0.23
170305,0.07
170309,0.03
170310,0.03
170326,0.09
170327,0.04
170328,0.05
170329,0.02
170330,0.21
170331,0.06
170337,0.07
170340,0.23
170341,0.08
170343,0.16
170361,0.13
170366,0.06
170376,0.09
170382,0.32
170396,0.05
170400,0.14
170403,0.18
170409,0.5
170410,0.01
170421,0.08
170425,0.16
170427,0.0
170428,0.06
170435,0.02
170438,0.07
170442,0.05
170446,0.12
170461,0.04
170473,0.13
170477,0.08
170516,0.04
170517,0.05
170522,0.08
170523,0.0
170534,0.06
170535,0.14
170538,0.14
170549,0.01
170556,0.1
170563,0.1
170570,0.16
170580,0.24
170582,0.03
170584,0.31
170585,0.08
170587,0.1
170590,0.09
170598,0.14
170599,0.07
170601,0.11
170612,0.16
170617,0.02
170620,0.09
170629,0.01
170647,0.28
170651,0.09
170654,0.11
170657,0.09
170662,0.05
170707,0.01
170719,0.14
170722,0.05
170723,0.22
170731,0.2
170735,0.02
170750,0.07
170769,0.04
170770,0.1
170776,0.2
170783,0.14
170789,0.14
170800,0.02
170809,0.07
170810,0.03
170811,0.27
170827,0.0
170842,0.06
170854,0.04
170857,0.24
170865,0.14
170867,0.0
170869,0.07
170870,0.17
170878,0.09
170881,0.16
170910,0.18
170913,0.18
170919,0.1
170932,0.23
170939,0.13
170947,0.12
170950,0.13
170953,0.13
170954,0.06
170970,0.03
170972,0.06
170973,0.2
170980,0.03
170981,0.02
170983,0.04
170998,0.13
171001,0.12
171004,0.03
171020,0.2
171023,0.04
171026,0.02
171060,0.18
171061,0.08
171065,0.01
171077,0.16
171081,0.05
171103,0.18
171110,0.18
171114,0.19
171118,0.04
171119,0.19
171120,0.19
171137,0.21
171147,0.03
171153,0.07
171156,0.22
171158,0.11
171163,0.05
171169,0.0
171170,0.02
171172,0.02
171173,0.07
171176,0.14
171181,0.17
171182,0.19
171191,0.02
171193,0.04
171195,0.22
171198,0.03
171205,0.11
171212,0.27
171237,0.06
171241,0.05
171262,0.04
171263,0.03
171266,0.08
171274,0.09
171290,0.05
171291,0.24
171297,0.01
171307,0.03
171311,0.33
171320,0.05
171322,0.05
171328,0.03
171337,0.09
171346,0.11
171348,0.09
171354,0.14
171358,0.01
171359,0.01
171360,0.12
171369,0.1
171379,0.07
171384,0.02
171388,0.05
171390,0.03
171394,0.0
171395,0.1
171399,0.23
171403,0.06
171422,0.01
171423,0.05
171469,0.08
171480,0.1
171487,0.07
171497,0.08
171502,0.2
171503,0.05
171506,0.04
171521,0.05
171530,0.1
171540,0.19
171541,0.2
171544,0.05
171551,0.06
171582,0.12
171587,0.06
171597,0.17
171603,0.22
171610,0.1
171614,0.02
171619,0.02
171621,0.07
171625,0.04
171626,0.03
171638,0.02
171642,0.08
171658,0.09
171674,0.1
171677,0.11
171684,0.03
171685,0.28
171686,0.05
171695,0.01
171702,0.08
171703,0.07
171704,0.01
171705,0.06
171706,0.03
171709,0.04
171712,0.05
171716,0.01
171730,0.04
171748,0.01
171757,0.19
171767,0.09
171768,0.34
171771,0.16
171775,0.01
171778,0.34
171780,0.17
171781,0.02
171785,0.11
171786,0.14
171789,0.22
171802,0.0
171803,0.03
171812,0.15
171862,0.05
171864,0.16
171891,0.27
171892,0.04
171913,0.04
171914,0.16
171922,0.06
171927,0.03
171933,0.02
171934,0.05
171943,0.17
171945,0.08
171960,0.12
171964,0.0
171975,0.12
171994,0.13
171996,0.12
171997,0.04
172000,0.05
172029,0.04
172038,0.06
172039,0.0
172043,0.17
172046,0.02
172048,0.09
172049,0.06
172053,0.12
172054,0.21
172058,0.03
172060,0.0
172061,0.02
172067,0.1
172072,0.0
172073,0.05
172098,0.11
172100,0.03
172101,0.12
172113,0.25
172144,0.09
172147,0.01
172149,0.11
172168,0.03
172169,0.03
172175,0.05
172197,0.15
172200,0.11
172205,0.17
172207,0.01
172210,0.04
172261,0.19
172279,0.06
172294,0.0
172300,0.0
172301,0.07
172310,0.08
172351,0.02
172353,0.01
172358,0.04
172374,0.09
172380,0.11
172384,0.03
172400,0.24
172403,0.02
172408,0.23
172411,0.01
172420,0.03
172426,0.23
172433,0.02
172434,0.11
172442,0.01
172443,0.07
172452,0.05
172454,0.07
172456,0.21
172460,0.17
172470,0.11
172479,0.07
172481,0.03
172483,0.01
172484,0.17
172485,0.03
172486,0.16
172493,0.02
172494,0.16
172497,0.15
172504,0.11
172518,0.15
172523,0.12
172527,0.11
172533,0.02
172536,0.02
172540,0.11
172541,0.11
172543,0.08
172545,0.06
172547,0.04
172551,0.04
172556,0.13
172562,0.0
172570,0.18
172574,0.05
172575,0.1
172599,0.07
172611,0.04
172612,0.13
172616,0.07
172623,0.14
172627,0.06
172635,0.28
172643,0.13
172644,0.06
172652,0.21
172656,0.07
172661,0.05
172664,0.02
172672,0.06
172678,0.1
172680,0.03
172683,0.02
172684,0.09
172690,0.15
172695,0.1
172696,0.02
172701,0.04
172713,0.08
172714,0.03
172731,0.06
172738,0.05
172761,0.25
172767,0.16
172770,0.15
172771,0.12
172799,0.01
172800,0.13
172804,0.1
172805,0.0
172820,0.09
172829,0.32
172831,0.13
172833,0.03
172843,0.01
172853,0.07
172855,0.11
172856,0.13
172857,0.0
172863,0.03
172877,0.13
172881,0.03
172895,0.03
172896,0.01
172910,0.06
172922,0.03
172939,0.12
172942,0.17
172945,0.2
172948,0.04
172949,0.07
172953,0.01
172967,0.14
172993,0.03
172995,0.07
172996,0.33
172997,0.19
172998,0.09
172999,0.08
173004,0.01
173006,0.27
173007,0.13
173013,0.08
173016,0.18
173020,0.27
173030,0.08
173048,0.07
173056,0.0
173066,0.09
173079,0.08
173107,0.09
173109,0.08
173127,0.04
173128,0.1
173130,0.11
173137,0.01
173157,0.14
173160,0.18
173168,0.11
173193,0.03
173197,0.2
173215,0.06
173216,0.09
173227,0.03
173236,0.12
173237,0.05
173247,0.15
173250,0.14
173259,0.09
173277,0.18
173285,0.16
173286,0.08
173299,0.06
173310,0.31
173312,0.11
173313,0.0
173320,0.11
173330,0.03
173333,0.03
173351,0.17
173370,0.2
173372,0.03
173381,0.15
173386,0.03
173387,0.21
173388,0.12
173393,0.0
173394,0.32
173403,0.05
173467,0.02
173469,0.22
173475,0.13
173476,0.12
173477,0.11
173484,0.11
173485,0.17
173488,0.22
173491,0.02
173520,0.06
173522,0.36
173535,0.07
173539,0.12
173549,0.0
173552,0.04
173565,0.07
173586,0.18
173587,0.03
173588,0.06
173595,0.02
173606,0.1
173620,0.23
173623,0.1
173629,0.12
173647,0.05
173649,0.12
173650,0.11
173652,0.0
173654,0.08
173665,0.05
173667,0.29
173685,0.02
173710,0.1
173711,0.16
173713,0.04
173718,0.16
173743,0.05
173744,0.1
173762,0.3
173768,0.08
173769,0.39
173770,0.07
173773,0.14
173779,0.21
173780,0.03
173781,0.16
173783,0.06
173795,0.04
173800,0.26
173812,0.04
173823,0.14
173834,0.11
173874,0.1
173891,0.04
173904,0.09
173909,0.15
173925,0.01
173941,0.05
173942,0.11
173944,0.1
173955,0.03
173959,0.1
174000,0.13
174004,0.03
174006,0.01
174008,0.09
174012,0.05
174017,0.09
174020,0.06
174044,0.21
174051,0.08
174052,0.06
174059,0.01
174060,0.03
174061,0.07
174063,0.09
174068,0.08
174069,0.08
174072,0.07
174074,0.05
174091,0.11
174092,0.02
174098,0.19
174105,0.13
174107,0.06
174110,0.01
174121,0.01
174126,0.12
174153,0.01
174156,0.02
174160,0.13
174173,0.01
174183,0.05
174185,0.01
174188,0.27
174198,0.03
174206,0.04
174207,0.0
174211,0.11
174239,0.05
174260,0.11
174261,0.03
174262,0.3
174264,0.01
174271,0.12
174275,0.2
174277,0.01
174286,0.01
174301,0.01
174312,0.38
174314,0.11
174322,0.27
174323,0.17
174325,0.12
174326,0.06
174327,0.08
174334,0.18
174360,0.04
174362,0.07
174367,0.07
174371,0.02
174372,0.03
174384,0.01
174390,0.02
174391,0.03
174396,0.03
174412,0.07
174423,0.37
174428,0.18
174429,0.33
174438,0.02
174481,0.09
174483,0.16
174484,0.02
174485,0.17
174488,0.06
174497,0.09
174509,0.22
174513,0.01
174514,0.11
174520,0.08
174526,0.03
174532,0.03
174536,0.05
174537,0.02
174538,0.11
174539,0.11
174540,0.1
174549,0.03
174551,0.04
174563,0.21
174574,0.09
174575,0.15
174586,0.05
174590,0.07
174606,0.22
174607,0.12
174609,0.0
174610,0.1
174630,0.03
174631,0.01
174661,0.04
174665,0.04
174666,0.03
174677,0.05
174690,0.44
174700,0.07
174702,0.07
174703,0.04
174713,0.02
174721,0.09
174726,0.13
174729,0.08
174741,0.07
174742,0.05
174754,0.0
174757,0.03
174782,0.27
174795,0.04
174805,0.06
174806,0.05
174809,0.11
174810,0.13
174829,0.06
174830,0.39
174832,0.03
174836,0.14
174839,0.03
174843,0.14
174854,0.11
174861,0.12
174863,0.08
174867,0.07
174871,0.02
174887,0.14
174890,0.06
174897,0.01
174901,0.15
174903,0.02
174912,0.04
174913,0.1
174920,0.25
174922,0.15
174924,0.05
174925,0.05
174928,0.0
174938,0.09
174939,0.02
174943,0.03
174950,0.16
174954,0.22
174955,0.0
174957,0.18
174965,0.08
174966,0.08
174967,0.23
174977,0.13
174983,0.02
174986,0.3
174987,0.05
175012,0.29
175015,0.03
175025,0.2
175027,0.13
175029,0.04
175056,0.12
175075,0.19
175081,0.09
175097,0.2
175128,0.02
175129,0.07
175138,0.03
175169,0.19
175183,0.08
175211,0.02
175212,0.03
175215,0.04
175223,0.05
175225,0.03
175233,0.1
175250,0.0
175253,0.01
175257,0.05
175260,0.05
175261,0.12
175264,0.04
175284,0.24
175288,0.02
175295,0.07
175309,0.12
175310,0.1
175313,0.08
175334,0.06
175337,0.06
175346,0.03
175347,0.07
175349,0.05
175350,0.06
175351,0.14
175367,0.14
175369,0.1
175371,0.1
175372,0.05
175392,0.16
175400,0.04
175402,0.04
175403,0.17
175407,0.1
175408,0.0
175414,0.09
175431,0.01
175435,0.12
175442,0.03
175454,0.0
175456,0.05
175457,0.07
175464,0.13
175465,0.07
175477,0.13
175488,0.08
175495,0.07
175499,0.12
175500,0.11
175515,0.12
175519,0.05
175520,0.18
175531,0.01
175534,0.05
175543,0.19
175566,0.05
175568,0.0
175573,0.1
175574,0.11
175576,0.05
175591,0.03
175593,0.0
175605,0.23
175609,0.14
175617,0.03
175624,0.26
175629,0.03
175633,0.04
175645,0.13
175649,0.0
175650,0.0
175653,0.18
175659,0.07
175660,0.02
175661,0.15
175664,0.04
175665,0.14
175677,0.01
175682,0.12
175684,0.26
175687,0.0
175690,0.1
175706,0.03
175722,0.16
175724,0.16
175730,0.13
175731,0.05
175737,0.08
175743,0.12
175745,0.09
175758,0.02
175768,0.04
175769,0.01
175773,0.03
175775,0.05
175794,0.04
175798,0.06
175809,0.17
175818,0.03
175830,0.02
175835,0.08
175840,0.32
175864,0.01
175875,0.04
175890,0.02
175892,0.06
175914,0.11
175930,0.14
175935,0.03
175955,0.01
175958,0.01
175959,0.08
175960,0.33
175964,0.03
175968,0.08
175986,0.18
175987,0.18
175997,0.06
175998,0.12
176003,0.04
176004,0.12
176021,0.08
176034,0.06
176035,0.08
176043,0.25
176045,0.09
176051,0.03
176052,0.0
176059,0.05
176067,0.01
176073,0.16
176076,0.01
176077,0.05
176085,0.02
176088,0.11
176095,0.15
176118,0.2
176129,0.07
176177,0.01
176183,0.05
176206,0.33
176218,0.01
176240,0.17
176253,0.04
176260,0.03
176275,0.05
176285,0.0
176288,0.02
176289,0.09
176290,0.13
176297,0.07
176300,0.16
176301,0.14
176319,0.02
176322,0.08
176337,0.02
176346,0.13
176347,0.12
176352,0.05
176358,0.0
176359,0.14
176365,0.16
176371,0.21
176403,0.11
176419,0.19
176428,0.04
176429,0.13
176430,0.05
176432,0.17
176437,0.25
176440,0.03
176441,0.14
176450,0.02
176454,0.05
176459,0.1
176460,0.06
176467,0.01
176472,0.31
176482,0.09
176483,0.41
176486,0.18
176487,0.17
176494,0.13
176497,0.16
176500,0.27
176509,0.15
176511,0.04
176512,0.04
176522,0.1
176525,0.1
176526,0.27
176537,0.02
176538,0.09
176572,0.0
176573,0.05
176574,0.22
176579,0.11
176580,0.03
176592,0.27
176601,0.03
176603,0.19
176605,0.1
176606,0.02
176615,0.14
176620,0.17
176634,0.01
176635,0.05
176638,0.0
176639,0.01
176641,0.04
176661,0.03
176668,0.06
176669,0.08
176683,0.29
176688,0.02
176700,0.13
176702,0.04
176705,0.24
176709,0.1
176710,0.21
176720,0.05
176726,0.06
176731,0.09
176732,0.04
176733,0.2
176734,0.01
176736,0.21
176741,0.02
176756,0.1
176785,0.02
176790,0.03
176793,0.04
176820,0.28
176827,0.14
176828,0.03
176839,0.32
176848,0.08
176850,0.05
176853,0.06
176866,0.03
176867,0.03
176875,0.1
176883,0.07
176888,0.24
176890,0.17
176898,0.13
176917,0.04
176925,0.14
176929,0.07
176934,0.16
176938,0.12
176953,0.07
176957,0.12
176970,0.07
176997,0.1
177029,0.1
177030,0.02
177031,0.05
177032,0.18
177047,0.06
177048,0.05
177051,0.05
177055,0.02
177060,0.07
177064,0.13
177065,0.07
177069,0.19
177076,0.23
177085,0.15
177087,0.03
177105,0.06
177126,0.05
177133,0.13
177141,0.08
177146,0.23
177156,0.16
177179,0.0
177187,0.24
177192,0.24
177203,0.16
177228,0.12
177229,0.1
177249,0.05
177250,0.3
177253,0.18
177260,0.06
177262,0.2
177270,0.09
177275,0.14
177284,0.06
177285,0.05
177314,0.18
177319,0.1
177325,0.06
177327,0.06
177339,0.0
177344,0.03
177378,0.12
177384,0.11
177385,0.08
177386,0.04
177387,0.0
177405,0.03
177423,0.16
177424,0.05
177425,0.04
177430,0.1
177435,0.09
177447,0.21
177448,0.09
177449,0.01
177451,0.15
177460,0.23
177479,0.12
177489,0.02
177504,0.07
177505,0.06
177511,0.21
177524,0.09
177526,0.08
177535,0.03
177558,0.06
177562,0.35
177569,0.09
177579,0.1
177580,0.05
177583,0.04
177584,0.07
177585,0.03
177605,0.14
177606,0.06
177618,0.16
177639,0.21
177649,0.05
177656,0.07
177657,0.11
177661,0.15
177665,0.04
177669,0.07
177680,0.3
177688,0.23
177689,0.02
177694,0.02
177696,0.25
177700,0.06
177705,0.04
177710,0.13
177720,0.0
177728,0.04
177729,0.16
177731,0.12
177733,0.06
177749,0.03
177751,0.08
177767,0.09
177776,0.02
177780,0.19
177783,0.03
177785,0.1
177791,0.07
177797,0.26
177798,0.04
177799,0.22
177802,0.13
177803,0.07
177805,0.06
177820,0.03
177824,0.05
177825,0.03
177829,0.04
177839,0.12
177861,0.05
177865,0.1
177867,0.07
177875,0.11
177876,0.24
177878,0.01
177883,0.05
177886,0.02
177891,0.14
177892,0.03
177902,0.03
177904,0.09
177931,0.08
177939,0.02
177944,0.16
177946,0.1
177959,0.22
177977,0.01
177992,0.2
177993,0.17
178005,0.15
178008,0.12
178009,0.05
178012,0.16
178015,0.05
178018,0.01
178037,0.04
178050,0.05
178058,0.01
178060,0.04
178064,0.22
178074,0.03
178077,0.06
178094,0.11
178095,0.17
178096,0.05
178107,0.04
178117,0.03
178146,0.03
178154,0.13
178160,0.02
178164,0.03
178172,0.01
178174,0.15
178182,0.3
178184,0.09
178196,0.08
178223,0.18
178225,0.04
178226,0.0
178240,0.23
178242,0.01
178250,0.06
178268,0.1
178282,0.06
178285,0.1
178288,0.07
178290,0.0
178295,0.02
178312,0.02
178317,0.05
178342,0.2
178343,0.09
178344,0.01
178346,0.01
178353,0.09
178356,0.28
178358,0.03
178359,0.09
178362,0.13
178380,0.15
178387,0.02
178391,0.15
178395,0.2
178408,0.18
178415,0.0
178421,0.24
178424,0.18
178428,0.17
178432,0.04
178433,0.12
178436,0.05
178442,0.02
178453,0.08
178459,0.13
178467,0.14
178472,0.15
178491,0.04
178499,0.07
178504,0.12
178506,0.16
178509,0.0
178517,0.01
178525,0.11
178530,0.15
178531,0.18
178537,0.17
178553,0.19
178557,0.03
178565,0.12
178566,0.02
178579,0.1
178586,0.07
178589,0.23
178592,0.14
178610,0.05
178620,0.04
178621,0.01
178622,0.18
178643,0.04
178665,0.03
178671,0.01
178675,0.02
178692,0.06
178722,0.07
178723,0.03
178726,0.2
178731,0.17
178737,0.08
178739,0.05
178745,0.02
178766,0.01
178771,0.05
178775,0.09
178785,0.06
178789,0.05
178790,0.03
178792,0.1
178804,0.01
178817,0.09
178821,0.06
178825,0.03
178830,0.1
178831,0.12
178832,0.32
178847,0.1
178853,0.12
178856,0.06
178867,0.05
178868,0.04
178881,0.04
178887,0.04
178888,0.18
178908,0.02
178909,0.14
178942,0.03
178943,0.11
178946,0.01
178947,0.13
178950,0.04
178958,0.16
178976,0.01
178986,0.01
178989,0.02
178995,0.12
178996,0.14
179006,0.12
179025,0.26
179034,0.1
179038,0.13
179043,0.02
179050,0.07
179051,0.13
179076,0.24
179077,0.09
179091,0.12
179092,0.14
179111,0.02
179128,0.07
179132,0.13
179137,0.1
179138,0.07
179146,0.12
179148,0.1
179149,0.01
179150,0.0
179155,0.06
179164,0.04
179177,0.09
179178,0.12
179182,0.04
179184,0.01
179186,0.31
179191,0.3
179194,0.06
179201,0.15
179210,0.02
179211,0.03
179212,0.05
179216,0.11
179229,0.1
179235,0.01
179236,0.0
179241,0.07
179244,0.08
179249,0.02
179256,0.33
179260,0.17
179262,0.14
179264,0.13
179268,0.06
179272,0.0
179280,0.04
179287,0.16
179288,0.1
179290,0.0
179295,0.1
179298,0.12
179306,0.03
179307,0.04
179310,0.19
179314,0.0
179317,0.16
179319,0.11
179327,0.04
179336,0.01
179342,0.04
179344,0.38
179347,0.05
179357,0.06
179368,0.22
179413,0.02
179425,0.12
179435,0.08
179447,0.1
179449,0.01
179458,0.02
179460,0.04
179475,0.14
179486,0.15
179493,0.04
179499,0.18
179501,0.01
179508,0.11
179511,0.01
179513,0.04
179519,0.07
179537,0.04
179550,0.01
179559,0.07
179560,0.04
179578,0.02
179583,0.03
179590,0.01
179597,0.14
179599,0.1
179602,0.17
179609,0.05
179621,0.1
179624,0.08
179625,0.06
179630,0.01
179640,0.01
179641,0.24
179644,0.02
179649,0.08
179650,0.12
179652,0.03
179653,0.31
179660,0.11
179662,0.02
179673,0.19
179678,0.17
179679,0.01
179686,0.0
179721,0.03
179733,0.2
179736,0.08
179737,0.09
179748,0.03
179750,0.22
179751,0.18
179752,0.08
179753,0.21
179765,0.07
179768,0.11
179798,0.02
179827,0.02
179837,0.01
179838,0.03
179851,0.09
179868,0.23
179875,0.03
179876,0.07
179882,0.01
179883,0.06
179894,0.05
179905,0.06
179907,0.15
179919,0.05
179926,0.1
179936,0.04
179941,0.07
179945,0.13
179951,0.24
179960,0.05
179967,0.03
179980,0.19
179985,0.16
179997,0.08
180001,0.01
180007,0.02
180011,0.24
180017,0.08
180027,0.08
180033,0.04
180036,0.21
180037,0.17
180041,0.15
180042,0.33
180050,0.17
180059,0.02
180066,0.04
180067,0.0
180085,0.05
180092,0.02
180099,0.05
180101,0.19
180115,0.07
180122,0.01
180126,0.02
180127,0.08
180140,0.07
180141,0.17
180158,0.05
180163,0.12
180178,0.02
180189,0.07
180198,0.08
180201,0.21
180202,0.16
180209,0.08
180239,0.1
180244,0.06
180270,0.02
180271,0.09
180286,0.05
180287,0.05
180291,0.11
180293,0.06
180296,0.07
180297,0.1
180305,0.03
180318,0.08
180319,0.07
180322,0.01
180323,0.01
180331,0.05
180365,0.04
180368,0.07
180369,0.03
180382,0.09
180387,0.1
180388,0.36
180389,0.03
180398,0.05
180399,0.09
180402,0.08
180406,0.01
180407,0.04
180408,0.03
180413,0.07
180416,0.01
180420,0.05
180429,0.16
180430,0.35
180431,0.01
180438,0.07
180441,0.02
180448,0.04
180453,0.05
180478,0.18
180480,0.04
180510,0.01
180524,0.18
180534,0.04
180537,0.33
180545,0.1
180550,0.02
180559,0.11
180583,0.07
180587,0.03
180594,0.14
180597,0.11
180598,0.14
180599,0.04
180601,0.21
180624,0.1
180625,0.3
180634,0.11
180647,0.02
180652,0.16
180656,0.1
180664,0.14
180666,0.26
180674,0.13
180679,0.02
180685,0.14
180692,0.11
180698,0.03
180699,0.04
180700,0.03
180702,0.01
180710,0.08
180736,0.04
180739,0.08
180741,0.04
180743,0.09
180747,0.02
180754,0.13
180755,0.28
180756,0.05
180768,0.01
180773,0.12
180775,0.13
180784,0.11
180787,0.01
180795,0.05
180796,0.1
180799,0.0
180811,0.06
180813,0.12
180827,0.18
180828,0.05
180833,0.31
180834,0.09
180847,0.02
180852,0.3
180853,0.01
180854,0.05
180855,0.12
180856,0.01
180858,0.09
180859,0.2
180867,0.23
180868,0.04
180872,0.15
180873,0.1
180874,0.1
180875,0.05
180878,0.06
180888,0.11
180889,0.03
180891,0.07
180902,0.03
180907,0.08
180913,0.01
180916,0.11
180954,0.03
180962,0.08
180963,0.06
180967,0.06
180971,0.11
180975,0.04
180985,0.07
180991,0.04
181009,0.06
181012,0.05
181015,0.1
181034,0.22
181064,0.09
181071,0.16
181083,0.14
181084,0.02
181085,0.08
181088,0.03
181098,0.06
181110,0.11
181111,0.19
181112,0.06
181114,0.42
181117,0.27
181157,0.05
181160,0.12
181161,0.15
181165,0.12
181179,0.19
181186,0.1
181196,0.03
181197,0.17
181204,0.05
181213,0.1
181214,0.31
181221,0.16
181224,0.1
181226,0.15
181236,0.07
181256,0.41
181257,0.05
181279,0.04
181282,0.07
181285,0.15
181288,0.04
181289,0.12
181290,0.02
181298,0.03
181299,0.19
181307,0.17
181312,0.23
181318,0.07
181322,0.07
181338,0.05
181340,0.07
181342,0.01
181344,0.05
181350,0.05
181373,0.03
181374,0.03
181375,0.0
181379,0.16
181381,0.1
181385,0.29
181388,0.02
181392,0.07
181393,0.1
181425,0.03
181465,0.1
181481,0.06
181484,0.06
181494,0.06
181501,0.02
181507,0.09
181521,0.05
181524,0.0
181538,0.23
181540,0.06
181547,0.1
181551,0.09
181555,0.04
181561,0.11
181564,0.1
181567,0.1
181599,0.06
181602,0.28
181612,0.2
181613,0.11
181615,0.06
181621,0.02
181622,0.09
181629,0.11
181630,0.03
181633,0.04
181635,0.14
181641,0.09
181643,0.16
181644,0.06
181649,0.1
181659,0.04
181660,0.07
181665,0.11
181666,0.06
181672,0.11
181682,0.06
181693,0.18
181697,0.21
181703,0.04
181704,0.05
181720,0.05
181722,0.15
181732,0.11
181733,0.08
181736,0.01
181737,0.14
181747,0.0
181758,0.23
181764,0.1
181770,0.16
181774,0.08
181783,0.18
181788,0.1
181789,0.13
181804,0.02
181809,0.02
181821,0.17
181836,0.01
181863,0.11
181867,0.08
181868,0.05
181871,0.03
181904,0.3
181931,0.01
181932,0.04
181941,0.03
181944,0.16
181958,0.04
181971,0.02
181986,0.05
182002,0.01
182007,0.03
182012,0.05
182022,0.06
182031,0.0
182050,0.04
182053,0.08
182071,0.03
182072,0.03
182073,0.04
182102,0.07
182106,0.04
182116,0.0
182117,0.14
182118,0.06
182124,0.22
182125,0.04
182145,0.04
182150,0.06
182154,0.09
182167,0.19
182179,0.18
182181,0.07
182183,0.03
182218,0.03
182225,0.02
182226,0.07
182266,0.15
182272,0.11
182275,0.16
182295,0.15
182305,0.0
182312,0.09
182313,0.01
182327,0.06
182337,0.01
182340,0.04
182341,0.0
182342,0.0
182345,0.03
182353,0.01
182355,0.01
182371,0.04
182376,0.0
182381,0.02
182382,0.06
182384,0.11
182387,0.1
182412,0.02
182419,0.08
182432,0.14
182438,0.01
182448,0.26
182450,0.12
182465,0.06
182468,0.06
182474,0.01
182483,0.01
182484,0.04
182485,0.08
182486,0.06
182489,0.15
182500,0.09
182501,0.07
182504,0.21
182514,0.01
182524,0.09
182525,0.02
182533,0.16
182536,0.16
182539,0.02
182550,0.09
182553,0.09
182568,0.02
182571,0.05
182573,0.02
182580,0.07
182615,0.06
182618,0.03
182624,0.07
182644,0.24
182686,0.22
182687,0.07
182695,0.38
182718,0.07
182726,0.05
182735,0.15
182742,0.01
182747,0.09
182748,0.09
182752,0.04
182761,0.04
182800,0.02
182802,0.1
182807,0.22
182816,0.07
182818,0.03
182826,0.19
182836,0.03
182840,0.37
182841,0.34
182846,0.08
182862,0.02
182864,0.12
182871,0.06
182878,0.11
182880,0.2
182885,0.03
182893,0.0
182894,0.29
182895,0.14
182901,0.04
182907,0.18
182921,0.14
182952,0.0
182964,0.11
182966,0.12
182980,0.06
182985,0.28
182989,0.01
182994,0.07
183035,0.36
183037,0.24
183042,0.04
183049,0.04
183050,0.02
183051,0.03
183062,0.0
183063,0.04
183064,0.07
183076,0.05
183078,0.16
183086,0.01
183089,0.11
183091,0.09
183097,0.15
183104,0.0
183118,0.32
183119,0.06
183134,0.03
183142,0.17
183157,0.06
183162,0.02
183180,0.11
183193,0.26
183213,0.01
183216,0.24
183223,0.12
183226,0.11
183264,0.06
183273,0.04
183278,0.01
183282,0.07
183283,0.01
183286,0.1
183288,0.07
183299,0.03
183310,0.02
183315,0.13
183332,0.03
183336,0.17
183341,0.22
183342,0.06
183345,0.06
183347,0.04
183360,0.06
183362,0.01
183370,0.05
183379,0.02
183386,0.13
183410,0.18
183417,0.05
183419,0.1
183421,0.16
183425,0.17
183427,0.05
183433,0.18
183434,0.05
183438,0.01
183439,0.05
183440,0.1
183450,0.08
183451,0.13
183453,0.01
183454,0.02
183455,0.26
183457,0.07
183463,0.24
183475,0.01
183478,0.17
183480,0.2
183490,0.0
183494,0.24
183503,0.03
183512,0.08
183517,0.13
183530,0.1
183532,0.02
183533,0.05
183536,0.04
183545,0.02
183549,0.04
183550,0.1
183551,0.11
183555,0.09
183560,0.06
183585,0.02
183591,0.1
183592,0.06
183603,0.17
183610,0.0
183628,0.24
183644,0.1
183646,0.26
183649,0.01
183656,0.08
183658,0.26
183688,0.09
183690,0.07
183691,0.08
183697,0.08
183709,0.34
183711,0.02
183714,0.11
183725,0.18
183736,0.08
183742,0.02
183772,0.03
183776,0.16
183787,0.04
183792,0.25
183793,0.18
183799,0.19
183816,0.04
183818,0.15
183832,0.15
183836,0.02
183839,0.08
183840,0.01
183855,0.04
183857,0.06
183863,0.03
183866,0.14
183876,0.06
183878,0.16
183897,0.0
183902,0.04
183915,0.01
183925,0.33
183936,0.08
183939,0.05
183951,0.02
183956,0.05
183957,0.13
183974,0.01
183982,0.13
183994,0.06
184008,0.09
184013,0.17
184016,0.1
184019,0.03
184024,0.11
184025,0.16
184038,0.02
184045,0.02
184056,0.1
184060,0.14
184071,0.08
184073,0.02
184074,0.07
184077,0.02
184105,0.23
184106,0.16
184133,0.15
184154,0.25
184163,0.05
184165,0.13
184193,0.36
184194,0.13
184195,0.01
184202,0.15
184226,0.24
184230,0.09
184231,0.09
184234,0.08
184238,0.03
184248,0.06
184257,0.03
184268,0.02
184282,0.07
184291,0.03
184294,0.02
184295,0.17
184304,0.08
184309,0.04
184318,0.15
184325,0.05
184329,0.1
184330,0.05
184333,0.2
184337,0.01
184338,0.2
184340,0.03
184341,0.01
184347,0.2
184354,0.03
184355,0.0
184372,0.04
184384,0.15
184385,0.01
184386,0.06
184389,0.1
184401,0.04
184405,0.1
184431,0.33
184450,0.05
184453,0.33
184470,0.05
184471,0.03
184486,0.17
184488,0.0
184489,0.05
184497,0.16
184508,0.04
184509,0.04
184516,0.11
184525,0.1
184526,0.01
184531,0.04
184557,0.07
184576,0.02
184589,0.02
184605,0.01
184613,0.02
184630,0.04
184635,0.15
184636,0.0
184643,0.04
184645,0.04
184653,0.06
184655,0.04
184656,0.09
184660,0.1
184716,0.12
184736,0.02
184758,0.08
184767,0.07
184770,0.13
184773,0.04
184776,0.04
184792,0.17
184812,0.17
184820,0.05
184829,0.07
184831,0.18
184832,0.1
184834,0.0
184847,0.11
184848,0.03
184858,0.02
184866,0.05
184869,0.15
184870,0.02
184873,0.01
184874,0.02
184876,0.11
184879,0.27
184880,0.16
184885,0.02
184896,0.11
184916,0.24
184918,0.05
184919,0.05
184921,0.15
184936,0.02
184944,0.16
184956,0.06
184963,0.14
184964,0.03
184965,0.15
184972,0.07
184977,0.1
184982,0.07
184988,0.26
184992,0.15
184994,0.07
184998,0.22
185017,0.01
185024,0.02
185032,0.12
185037,0.03
185040,0.01
185043,0.07
185048,0.08
185059,0.09
185076,0.13
185083,0.04
185090,0.18
185099,0.07
185101,0.01
185106,0.21
185121,0.09
185125,0.32
185126,0.14
185127,0.01
185153,0.06
185167,0.3
185171,0.04
185178,0.12
185180,0.08
185181,0.04
185183,0.12
185186,0.06
185187,0.2
185188,0.0
185189,0.12
185194,0.14
185207,0.1
185209,0.07
185210,0.06
185212,0.02
185220,0.12
185221,0.14
185230,0.3
185231,0.07
185245,0.01
185249,0.05
185262,0.04
185285,0.18
185286,0.06
185288,0.05
185296,0.03
185298,0.17
185299,0.06
185308,0.03
185311,0.07
185313,0.02
185314,0.05
185332,0.27
185337,0.02
185338,0.01
185339,0.05
185341,0.0
185342,0.07
185344,0.06
185349,0.11
185362,0.05
185363,0.05
185394,0.0
185410,0.12
185418,0.06
185423,0.25
185428,0.06
185442,0.11
185447,0.29
185450,0.05
185454,0.05
185475,0.17
185481,0.19
185483,0.06
185485,0.09
185496,0.0
185504,0.02
185505,0.02
185512,0.02
185515,0.01
185534,0.09
185536,0.0
185538,0.06
185552,0.01
185569,0.05
185576,0.0
185578,0.13
185581,0.1
185584,0.04
185585,0.08
185586,0.1
185592,0.09
185604,0.12
185606,0.03
185607,0.05
185618,0.06
185622,0.18
185628,0.19
185629,0.01
185634,0.13
185637,0.24
185638,0.03
185640,0.14
185641,0.03
185645,0.05
185646,0.16
185647,0.07
185662,0.03
185669,0.03
185675,0.0
185687,0.03
185688,0.17
185689,0.03
185690,0.08
185697,0.07
185710,0.25
185733,0.04
185740,0.14
185806,0.05
185812,0.08
185824,0.08
185825,0.03
185826,0.19
185827,0.21
185828,0.01
185837,0.03
185859,0.06
185861,0.02
185872,0.09
185874,0.06
185891,0.16
185893,0.09
185897,0.1
185900,0.07
185910,0.05
185919,0.07
185932,0.02
185937,0.14
185939,0.03
185965,0.18
185968,0.06
185971,0.1
185978,0.09
185980,0.01
185981,0.09
185982,0.08
185991,0.11
185997,0.03
185998,0.03
186014,0.11
186021,0.1
186025,0.1
186034,0.07
186054,0.08
186061,0.14
186065,0.04
186066,0.04
186070,0.25
186080,0.06
186085,0.04
186094,0.12
186110,0.21
186113,0.05
186116,0.07
186127,0.07
186129,0.01
186135,0.16
186139,0.22
186151,0.01
186153,0.13
186156,0.07
186158,0.07
186159,0.01
186166,0.15
186168,0.15
186169,0.02
186170,0.09
186179,0.04
186188,0.06
186210,0.01
186227,0.06
186229,0.03
186230,0.1
186249,0.03
186254,0.03
186264,0.02
186265,0.04
186273,0.11
186276,0.01
186289,0.09
186296,0.14
186308,0.06
186309,0.08
186310,0.01
186316,0.0
186321,0.02
186333,0.09
186346,0.0
186391,0.14
186398,0.2
186407,0.13
186411,0.14
186415,0.11
186426,0.3
186444,0.02
186448,0.2
186453,0.08
186456,0.0
186460,0.02
186461,0.16
186473,0.05
186489,0.24
186490,0.15
186491,0.05
186492,0.0
186493,0.17
186503,0.05
186505,0.04
186506,0.04
186508,0.05
186524,0.08
186526,0.03
186536,0.03
186539,0.0
186543,0.08
186558,0.28
186568,0.23
186573,0.17
186587,0.05
186599,0.04
186609,0.28
186610,0.0
186612,0.18
186632,0.23
186634,0.12
186649,0.03
186652,0.21
186660,0.1
186668,0.22
186674,0.04
186675,0.01
186679,0.07
186682,0.01
186683,0.03
186695,0.28
186696,0.04
186704,0.27
186709,0.2
186714,0.07
186723,0.01
186726,0.16
186728,0.07
186729,0.02
186731,0.18
186737,0.21
186742,0.01
186743,0.03
186745,0.07
186747,0.03
186750,0.05
186769,0.03
186771,0.19
186787,0.05
186796,0.21
186802,0.35
186811,0.02
186812,0.07
186815,0.06
186840,0.12
186842,0.23
186853,0.17
186859,0.08
186878,0.03
186885,0.07
186890,0.04
186906,0.18
186916,0.04
186927,0.03
186928,0.1
186931,0.18
186934,0.04
186938,0.13
186943,0.11
186944,0.16
186945,0.13
186947,0.11
186952,0.02
186953,0.04
186960,0.15
186962,0.07
186991,0.04
187001,0.34
187017,0.22
187019,0.08
187024,0.03
187035,0.01
187037,0.09
187056,0.02
187057,0.07
187058,0.18
187065,0.11
187066,0.12
187069,0.0
187070,0.06
187074,0.16
187085,0.04
187087,0.06
187100,0.12
187117,0.19
187158,0.11
187159,0.11
187162,0.18
187164,0.01
187167,0.02
187168,0.06
187171,0.03
187184,0.18
187194,0.12
187208,0.12
187211,0.05
187220,0.17
187224,0.15
187242,0.04
187259,0.03
187260,0.07
187267,0.13
187280,0.38
187287,0.09
187291,0.02
187296,0.01
187301,0.31
187315,0.1
187319,0.07
187326,0.28
187328,0.03
187329,0.06
187330,0.03
187335,0.03
187339,0.09
187340,0.11
187353,0.13
187356,0.05
187367,0.07
187383,0.04
187388,0.04
187401,0.11
187415,0.1
187422,0.06
187439,0.21
187440,0.09
187442,0.21
187447,0.11
187448,0.0
187451,0.12
187468,0.01
187475,0.05
187477,0.13
187480,0.04
187498,0.11
187499,0.17
187516,0.02
187524,0.03
187534,0.04
187552,0.05
187577,0.19
187584,0.02
187585,0.05
187603,0.0
187608,0.3
187625,0.03
187637,0.14
187639,0.17
187641,0.05
187652,0.02
187684,0.05
187689,0.08
187698,0.07
187708,0.1
187716,0.05
187717,0.06
187719,0.03
187720,0.12
187743,0.01
187749,0.09
187762,0.27
187763,0.02
187772,0.04
187786,0.16
187787,0.04
187809,0.13
187826,0.2
187828,0.0
187829,0.02
187833,0.08
187847,0.01
187852,0.02
187862,0.08
187867,0.13
187868,0.1
187870,0.05
187871,0.02
187879,0.15
187894,0.18
187895,0.05
187899,0.11
187903,0.17
187915,0.01
187919,0.06
187941,0.02
187942,0.1
187944,0.01
187947,0.05
187949,0.32
187950,0.02
187952,0.07
187964,0.14
187967,0.03
187977,0.0
187983,0.07
187987,0.09
187988,0.06
187990,0.1
187991,0.35
187998,0.14
188014,0.06
188017,0.01
188021,0.17
188032,0.01
188039,0.03
188040,0.05
188044,0.04
188045,0.01
188054,0.14
188069,0.11
188070,0.1
188081,0.0
188092,0.27
188106,0.05
188108,0.12
188117,0.03
188120,0.02
188130,0.08
188133,0.08
188136,0.11
188151,0.0
188153,0.08
188158,0.07
188171,0.04
188175,0.08
188192,0.16
188194,0.05
188198,0.12
188199,0.12
188228,0.19
188232,0.1
188233,0.06
188234,0.12
188245,0.08
188248,0.07
188254,0.1
188261,0.07
188262,0.12
188267,0.09
188276,0.12
188281,0.27
188282,0.05
188295,0.02
188309,0.03
188313,0.03
188324,0.12
188327,0.12
188328,0.04
188329,0.14
188336,0.1
188337,0.08
188350,0.04
188389,0.09
188399,0.02
188413,0.0
188415,0.09
188421,0.05
188438,0.12
188449,0.33
188466,0.1
188470,0.02
188486,0.05
188492,0.1
188507,0.02
188511,0.02
188521,0.04
188540,0.31
188542,0.09
188551,0.19
188557,0.0
188558,0.04
188561,0.11
188563,0.09
188565,0.08
188577,0.07
188586,0.07
188591,0.05
188594,0.13
188614,0.19
188622,0.01
188626,0.04
188632,0.02
188635,0.22
188639,0.12
188645,0.06
188646,0.14
188647,0.05
188653,0.01
188659,0.07
188677,0.14
188694,0.02
188695,0.0
188696,0.02
188707,0.04
188714,0.02
188715,0.19
188722,0.17
188724,0.03
188729,0.05
188734,0.06
188739,0.52
188746,0.07
188747,0.02
188768,0.07
188770,0.11
188772,0.04
188787,0.08
188792,0.15
188793,0.04
188808,0.05
188828,0.25
188848,0.02
188851,0.07
188856,0.06
188862,0.1
188875,0.18
188876,0.24
188878,0.15
188880,0.03
188890,0.03
188900,0.06
188914,0.19
188928,0.1
188936,0.01
188946,0.09
188947,0.02
188948,0.07
188949,0.03
188950,0.28
188980,0.12
188982,0.1
188988,0.13
188990,0.13
188992,0.06
188993,0.02
188994,0.01
188997,0.08
188998,0.2
189009,0.09
189018,0.08
189022,0.03
189034,0.04
189045,0.08
189059,0.1
189062,0.07
189075,0.16
189086,0.07
189087,0.06
189107,0.05
189113,0.04
189144,0.09
189148,0.02
189199,0.12
189201,0.03
189202,0.03
189207,0.2
189213,0.05
189214,0.13
189224,0.01
189230,0.01
189251,0.07
189252,0.04
189255,0.17
189256,0.1
189257,0.09
189260,0.01
189261,0.14
189262,0.0
189263,0.01
189272,0.03
189282,0.03
189284,0.29
189294,0.09
189304,0.11
189314,0.19
189317,0.18
189333,0.02
189337,0.2
189347,0.04
189355,0.11
189357,0.1
189366,0.05
189374,0.13
189379,0.01
189388,0.06
189397,0.04
189418,0.12
189453,0.03
189458,0.02
189460,0.05
189481,0.02
189482,0.19
189483,0.07
189490,0.06
189491,0.03
189492,0.03
189511,0.04
189512,0.05
189518,0.0
189519,0.12
189531,0.12
189541,0.19
189550,0.04
189551,0.0
189559,0.13
189564,0.09
189573,0.1
189585,0.01
189587,0.14
189605,0.13
189612,0.01
189633,0.16
189640,0.01
189641,0.23
189643,0.04
189650,0.06
189652,0.0
189656,0.12
189661,0.31
189663,0.23
189684,0.11
189688,0.12
189711,0.09
189729,0.19
189747,0.14
189761,0.19
189773,0.11
189774,0.01
189779,0.21
189780,0.08
189796,0.07
189799,0.03
189800,0.01
189807,0.11
189808,0.11
189826,0.12
189836,0.02
189843,0.11
189845,0.05
189852,0.08
189853,0.2
189855,0.01
189866,0.01
189886,0.12
189888,0.05
189902,0.1
189907,0.14
189910,0.09
189922,0.04
189924,0.09
189933,0.07
189935,0.05
189939,0.0
189951,0.09
189965,0.07
189966,0.13
189977,0.1
189989,0.03
189990,0.12
190002,0.06
190006,0.22
190008,0.02
190009,0.06
190021,0.0
190058,0.06
190061,0.01
190069,0.07
190072,0.08
190078,0.25
190109,0.07
190112,0.28
190117,0.11
190132,0.05
190133,0.46
190153,0.08
190164,0.0
190167,0.0
190169,0.2
190179,0.3
190184,0.1
190188,0.01
190199,0.0
190200,0.2
190201,0.15
190227,0.12
190229,0.07
190245,0.01
190272,0.26
190274,0.08
190281,0.09
190282,0.11
190290,0.06
190299,0.18
190301,0.12
190304,0.02
190306,0.01
190311,0.25
190341,0.09
190354,0.02
190364,0.0
190368,0.05
190375,0.2
190383,0.13
190384,0.22
190387,0.06
190388,0.18
190392,0.24
190394,0.3
190405,0.2
190406,0.16
190412,0.0
190413,0.21
190431,0.06
190452,0.1
190454,0.08
190461,0.12
190475,0.09
190489,0.1
190507,0.06
190513,0.05
190515,0.23
190516,0.05
190522,0.04
190523,0.15
190526,0.06
190533,0.01
190537,0.03
190542,0.04
190545,0.14
190548,0.04
190555,0.31
190561,0.04
190562,0.05
190566,0.11
190581,0.03
190590,0.04
190591,0.2
190593,0.11
190612,0.04
190617,0.12
190618,0.02
190619,0.12
190643,0.05
190647,0.09
190663,0.01
190664,0.1
190678,0.02
190691,0.03
190697,0.07
190698,0.04
190701,0.22
190702,0.21
190713,0.12
190739,0.04
190744,0.15
190756,0.11
190767,0.16
190777,0.26
190808,0.04
190825,0.05
190830,0.08
190844,0.24
190855,0.09
190860,0.09
190861,0.08
190865,0.11
190884,0.19
190886,0.1
190887,0.08
190893,0.17
190899,0.12
190900,0.05
190901,0.08
190903,0.07
190909,0.12
190911,0.14
190916,0.03
190922,0.02
190926,0.03
190927,0.04
190929,0.11
190931,0.1
190948,0.03
190954,0.0
190957,0.04
190965,0.11
190978,0.2
190986,0.17
190990,0.06
190993,0.14
190998,0.08
190999,0.06
191028,0.09
191033,0.05
191042,0.29
191076,0.02
191114,0.07
191137,0.23
191138,0.16
191140,0.03
191141,0.0
191143,0.17
191145,0.13
191161,0.05
191167,0.18
191192,0.02
191199,0.14
191200,0.04
191205,0.02
191206,0.04
191214,0.01
191217,0.01
191222,0.03
191224,0.01
191232,0.24
191238,0.09
191243,0.09
191247,0.03
191250,0.02
191266,0.09
191278,0.06
191279,0.02
191282,0.24
191287,0.18
191290,0.07
191291,0.09
191296,0.1
191301,0.06
191304,0.04
191305,0.06
191306,0.15
191324,0.08
191359,0.06
191360,0.09
191362,0.09
191371,0.1
191379,0.18
191394,0.03
191413,0.21
191430,0.04
191435,0.03
191449,0.01
191452,0.05
191464,0.16
191465,0.06
191466,0.07
191469,0.17
191490,0.34
191494,0.13
191498,0.22
191506,0.21
191508,0.04
191509,0.03
191515,0.33
191524,0.06
191548,0.02
191562,0.03
191568,0.12
191596,0.08
191609,0.05
191619,0.01
191624,0.21
191628,0.02
191630,0.14
191648,0.09
191649,0.06
191654,0.07
191655,0.0
191659,0.13
191674,0.14
191675,0.04
191680,0.18
191681,0.03
191684,0.07
191686,0.02
191721,0.3
191722,0.05
191726,0.13
191727,0.05
191732,0.08
191735,0.04
191738,0.29
191745,0.15
191746,0.09
191751,0.07
191761,0.13
191772,0.02
191785,0.02
191794,0.0
191799,0.1
191806,0.06
191807,0.02
191809,0.23
191824,0.27
191826,0.1
191834,0.07
191837,0.01
191841,0.01
191845,0.01
191847,0.08
191850,0.04
191869,0.06
191873,0.05
191876,0.1
191878,0.39
191880,0.0
191881,0.1
191883,0.12
191898,0.03
191907,0.01
191910,0.13
191918,0.04
191920,0.13
191923,0.07
191942,0.09
191943,0.1
191951,0.08
191952,0.02
191958,0.16
191963,0.15
191971,0.16
191992,0.34
192000,0.26
192001,0.05
192008,0.07
192018,0.02
192029,0.06
192030,0.0
192031,0.03
192043,0.03
192045,0.1
192052,0.16
192056,0.05
192071,0.07
192082,0.07
192088,0.01
192103,0.06
192105,0.19
192119,0.0
192144,0.07
192151,0.03
192158,0.14
192163,0.03
192172,0.04
192176,0.05
192177,0.16
192212,0.03
192221,0.31
192223,0.35
192224,0.02
192238,0.21
192239,0.12
192252,0.28
192259,0.11
192268,0.01
192274,0.14
192276,0.01
192277,0.04
192289,0.01
192296,0.11
192308,0.07
192309,0.05
192315,0.07
192322,0.13
192324,0.08
192343,0.13
192345,0.09
192367,0.09
192375,0.09
192382,0.15
192389,0.06
192390,0.17
192391,0.09
192423,0.04
192427,0.03
192431,0.06
192433,0.1
192451,0.02
192453,0.11
192455,0.04
192468,0.1
192469,0.05
192474,0.02
192481,0.16
192482,0.02
192483,0.04
192486,0.15
192490,0.13
192491,0.05
192494,0.08
192507,0.02
192508,0.0
192509,0.24
192525,0.06
192526,0.04
192528,0.03
192535,0.17
192545,0.12
192548,0.08
192572,0.28
192594,0.21
192607,0.03
192625,0.1
192626,0.03
192631,0.1
192632,0.21
192636,0.05
192637,0.03
192655,0.07
192657,0.0
192674,0.21
192675,0.05
192680,0.09
192682,0.16
192686,0.04
192698,0.13
192703,0.01
192705,0.05
192717,0.13
192720,0.14
192721,0.06
192722,0.02
192728,0.0
192734,0.0
192739,0.03
192740,0.18
192752,0.01
192761,0.05
192770,0.12
192780,0.1
192782,0.11
192783,0.2
192789,0.21
192796,0.0
192800,0.05
192802,0.05
192811,0.02
192812,0.1
192815,0.03
192838,0.23
192861,0.07
192868,0.02
192872,0.13
192876,0.03
192877,0.08
192897,0.08
192898,0.02
192903,0.08
192904,0.12
192905,0.0
192911,0.25
192920,0.11
192921,0.11
192922,0.03
192942,0.16
192946,0.37
192963,0.06
192978,0.15
192979,0.16
192981,0.14
192991,0.03
192995,0.04
192998,0.14
193019,0.09
193027,0.01
193028,0.09
193032,0.02
193036,0.11
193044,0.06
193046,0.12
193049,0.02
193050,0.06
193054,0.02
193057,0.02
193060,0.23
193075,0.11
193088,0.08
193091,0.08
193112,0.06
193122,0.01
193123,0.28
193128,0.18
193133,0.03
193143,0.11
193150,0.09
193151,0.03
193160,0.3
193180,0.17
193198,0.04
193204,0.21
193207,0.02
193210,0.09
193225,0.05
193232,0.29
193248,0.12
193249,0.31
193262,0.01
193270,0.14
193273,0.14
193275,0.03
193286,0.05
193289,0.18
193290,0.01
193311,0.28
193321,0.15
193322,0.12
193340,0.1
193349,0.12
193368,0.15
193369,0.06
193375,0.03
193385,0.19
193389,0.01
193394,0.03
193396,0.07
193398,0.0
193402,0.02
193409,0.02
193421,0.11
193426,0.01
193430,0.03
193436,0.19
193437,0.1
193440,0.0
193441,0.19
193449,0.16
193462,0.03
193464,0.06
193468,0.06
193474,0.01
193475,0.02
193479,0.1
193484,0.14
193488,0.06
193496,0.23
193507,0.29
193510,0.04
193512,0.01
193514,0.04
193515,0.1
193516,0.26
193520,0.08
193522,0.03
193541,0.01
193545,0.06
193549,0.18
193554,0.12
193558,0.22
193568,0.04
193569,0.13
193579,0.01
193587,0.1
193589,0.13
193613,0.07
193642,0.15
193643,0.04
193647,0.0
193648,0.01
193663,0.03
193664,0.13
193665,0.02
193672,0.06
193675,0.23
193686,0.23
193692,0.04
193706,0.12
193725,0.0
193726,0.09
193727,0.08
193733,0.05
193738,0.27
193739,0.03
193745,0.12
193759,0.09
193767,0.05
193774,0.3
193776,0.0
193777,0.15
193787,0.16
193789,0.02
193793,0.14
193805,0.03
193808,0.15
193816,0.02
193817,0.08
193821,0.22
193831,0.13
193832,0.01
193874,0.01
193879,0.03
193882,0.23
193910,0.04
193915,0.16
193916,0.13
193921,0.19
193924,0.1
193926,0.07
193927,0.23
193949,0.01
193954,0.05
193966,0.18
193970,0.09
193971,0.04
193975,0.05
193980,0.15
193982,0.3
193983,0.15
193987,0.08
193997,0.06
194000,0.17
194013,0.01
194014,0.17
194026,0.06
194039,0.04
194042,0.05
194054,0.13
194057,0.13
194058,0.03
194068,0.0
194071,0.13
194073,0.1
194075,0.1
194093,0.18
194098,0.13
194105,0.02
194106,0.19
194110,0.09
194128,0.11
194137,0.05
194149,0.0
194150,0.06
194155,0.03
194157,0.06
194158,0.06
194164,0.03
194165,0.2
194166,0.05
194170,0.08
194171,0.04
194177,0.1
194187,0.05
194188,0.05
194213,0.02
194229,0.19
194230,0.04
194241,0.04
194243,0.01
194244,0.09
194276,0.0
194279,0.01
194280,0.08
194281,0.17
194291,0.01
194293,0.41
194306,0.01
194307,0.14
194308,0.06
194310,0.06
194314,0.15
194326,0.16
194330,0.15
194338,0.07
194366,0.08
194370,0.0
194371,0.04
194379,0.07
194382,0.05
194383,0.14
194395,0.19
194402,0.1
194406,0.02
194408,0.11
194413,0.03
194414,0.07
194419,0.05
194423,0.23
194424,0.08
194429,0.06
194436,0.18
194468,0.18
194469,0.01
194478,0.03
194480,0.29
194484,0.11
194505,0.08
194514,0.09
194516,0.01
194523,0.33
194526,0.02
194533,0.14
194534,0.01
194536,0.14
194548,0.11
194552,0.17
194558,0.03
194561,0.1
194563,0.01
194569,0.06
194581,0.32
194586,0.02
194590,0.01
194598,0.08
194600,0.02
194603,0.03
194604,0.0
194605,0.07
194607,0.18
194610,0.14
194620,0.03
194627,0.15
194650,0.12
194652,0.04
194659,0.08
194660,0.12
194662,0.02
194665,0.13
194675,0.08
194677,0.05
194679,0.03
194691,0.28
194696,0.03
194713,0.05
194716,0.1
194717,0.08
194725,0.11
194732,0.02
194737,0.07
194738,0.13
194769,0.04
194791,0.1
194802,0.06
194806,0.12
194810,0.08
194812,0.21
194813,0.04
194816,0.06
194827,0.05
194844,0.02
194856,0.05
194860,0.16
194866,0.02
194867,0.01
194877,0.23
194879,0.18
194880,0.03
194881,0.14
194887,0.02
194900,0.06
194906,0.07
194907,0.19
194908,0.19
194914,0.07
194934,0.22
194955,0.15
194956,0.0
194965,0.0
194966,0.12
194980,0.08
194985,0.05
194986,0.05
194995,0.08
194999,0.04
195000,0.03
195010,0.07
195013,0.18
195044,0.02
195048,0.08
195050,0.36
195051,0.21
195055,0.15
195070,0.04
195074,0.16
195075,0.21
195077,0.18
195081,0.04
195088,0.07
195089,0.09
195091,0.02
195096,0.16
195100,0.11
195103,0.21
195116,0.09
195117,0.24
195129,0.06
195151,0.03
195158,0.11
195164,0.09
195176,0.21
195186,0.15
195187,0.34
195198,0.03
195201,0.13
195207,0.06
195214,0.08
195215,0.16
195234,0.03
195235,0.0
195239,0.02
195240,0.1
195253,0.02
195255,0.01
195280,0.04
195291,0.09
195293,0.11
195300,0.03
195306,0.02
195307,0.22
195322,0.07
195326,0.37
195330,0.01
195341,0.18
195343,0.04
195367,0.02
195369,0.13
195371,0.03
195372,0.02
195389,0.1
195415,0.08
195435,0.09
195439,0.15
195440,0.05
195444,0.1
195447,0.08
195450,0.0
195451,0.02
195456,0.03
195457,0.22
195461,0.2
195462,0.16
195463,0.03
195466,0.03
195468,0.04
195469,0.09
195489,0.05
195495,0.05
195496,0.32
195504,0.09
195505,0.17
195506,0.09
195511,0.12
195518,0.04
195519,0.13
195529,0.07
195531,0.04
195546,0.05
195547,0.01
195552,0.05
195577,0.04
195579,0.04
195588,0.07
195597,0.12
195607,0.03
195617,0.02
195626,0.05
195632,0.3
195634,0.21
195635,0.13
195645,0.07
195648,0.05
195674,0.21
195691,0.03
195695,0.15
195703,0.05
195710,0.22
195711,0.01
195727,0.08
195729,0.13
195734,0.09
195739,0.07
195740,0.09
195746,0.15
195750,0.14
195769,0.31
195772,0.09
195785,0.03
195789,0.13
195793,0.09
195801,0.03
195803,0.02
195810,0.16
195818,0.0
195819,0.16
195823,0.16
195828,0.2
195836,0.07
195843,0.1
195858,0.09
195876,0.07
195890,0.12
195891,0.05
195900,0.15
195905,0.08
195910,0.12
195911,0.05
195912,0.14
195917,0.15
195918,0.25
195923,0.19
195937,0.14
195940,0.39
195945,0.03
195946,0.02
195948,0.05
195955,0.03
195957,0.16
195958,0.09
195959,0.22
195970,0.03
195974,0.04
195979,0.19
195990,0.15
196004,0.1
196007,0.23
196012,0.27
196019,0.05
196029,0.16
196034,0.13
196042,0.08
196066,0.18
196067,0.11
196071,0.05
196074,0.09
196075,0.05
196079,0.1
196080,0.17
196082,0.07
196083,0.18
196085,0.23
196115,0.12
196118,0.21
196128,0.01
196149,0.02
196150,0.05
196162,0.22
196194,0.15
196198,0.07
196204,0.0
196206,0.06
196210,0.14
196220,0.03
196221,0.04
196230,0.0
196236,0.19
196242,0.14
196256,0.29
196261,0.27
196274,0.03
196281,0.02
196303,0.01
196305,0.31
196322,0.08
196343,0.03
196346,0.05
196354,0.09
196357,0.07
196359,0.11
196360,0.22
196361,0.04
196364,0.15
196371,0.01
196375,0.03
196377,0.04
196378,0.05
196381,0.06
196384,0.03
196385,0.14
196388,0.17
196394,0.2
196400,0.19
196401,0.08
196404,0.13
196411,0.2
196436,0.11
196443,0.21
196444,0.18
196446,0.28
196475,0.2
196476,0.1
196486,0.03
196489,0.19
196492,0.04
196498,0.1
196500,0.01
196505,0.22
196507,0.21
196510,0.07
196514,0.07
196530,0.04
196544,0.02
196551,0.25
196578,0.04
196585,0.19
196587,0.02
196588,0.24
196594,0.23
196598,0.26
196605,0.03
196618,0.01
196619,0.1
196623,0.04
196624,0.07
196643,0.07
196649,0.1
196650,0.01
196656,0.12
196663,0.25
196667,0.12
196669,0.09
196681,0.2
196717,0.03
196726,0.1
196728,0.07
196729,0.04
196731,0.13
196736,0.05
196738,0.11
196745,0.22
196747,0.04
196748,0.05
196753,0.03
196757,0.1
196760,0.05
196777,0.32
196788,0.05
196799,0.05
196808,0.03
196819,0.07
196825,0.11
196826,0.22
196834,0.1
196841,0.22
196847,0.13
196849,0.02
196851,0.04
196867,0.03
196884,0.19
196889,0.23
196898,0.07
196901,0.02
196917,0.06
196930,0.14
196936,0.05
196956,0.13
196959,0.02
196962,0.13
196963,0.08
196971,0.22
196972,0.11
196977,0.03
196984,0.06
196985,0.19
197010,0.14
197029,0.12
197040,0.06
197058,0.16
197060,0.04
197064,0.3
197075,0.1
197083,0.16
197102,0.32
197103,0.08
197107,0.06
197129,0.14
197135,0.09
197140,0.01
197150,0.1
197152,0.05
197153,0.07
197154,0.03
197156,0.24
197166,0.02
197167,0.0
197177,0.06
197178,0.03
197187,0.1
197191,0.07
197205,0.04
197206,0.13
197219,0.19
197224,0.01
197245,0.06
197246,0.06
197273,0.24
197275,0.02
197278,0.2
197288,0.1
197290,0.18
197294,0.0
197295,0.05
197311,0.06
197314,0.11
197320,0.22
197321,0.26
197324,0.25
197327,0.09
197332,0.13
197333,0.15
197335,0.07
197348,0.01
197362,0.12
197363,0.2
197368,0.03
197378,0.07
197381,0.14
197384,0.05
197386,0.24
197393,0.03
197396,0.09
197400,0.05
197408,0.01
197412,0.07
197413,0.08
197415,0.03
197418,0.18
197427,0.11
197443,0.3
197448,0.08
197449,0.04
197470,0.05
197478,0.11
197482,0.09
197488,0.05
197491,0.1
197495,0.09
197498,0.26
197502,0.14
197507,0.14
197509,0.15
197510,0.19
197512,0.1
197513,0.14
197524,0.1
197525,0.06
197529,0.37
197533,0.03
197534,0.11
197540,0.05
197541,0.05
197559,0.03
197566,0.02
197582,0.09
197585,0.05
197587,0.12
197595,0.23
197598,0.03
197601,0.02
197603,0.03
197607,0.15
197611,0.14
197625,0.36
197631,0.06
197633,0.07
197638,0.24
197640,0.05
197644,0.01
197645,0.08
197646,0.25
197650,0.02
197657,0.1
197664,0.08
197668,0.08
197681,0.09
197682,0.05
197693,0.11
197695,0.13
197699,0.23
197709,0.04
197711,0.16
197715,0.04
197716,0.03
197722,0.14
197728,0.21
197729,0.17
197730,0.16
197744,0.02
197768,0.01
197770,0.04
197775,0.13
197788,0.05
197795,0.09
197806,0.05
197808,0.07
197812,0.07
197813,0.04
197822,0.05
197827,0.07
197828,0.01
197836,0.09
197857,0.08
197862,0.08
197872,0.02
197892,0.02
197903,0.1
197907,0.06
197908,0.1
197916,0.14
197921,0.08
197924,0.06
197930,0.04
197934,0.13
197942,0.04
197945,0.21
197958,0.01
197959,0.02
197967,0.08
197969,0.24
197978,0.18
197999,0.01
198001,0.17
198004,0.08
198007,0.2
198019,0.12
198020,0.09
198024,0.14
198026,0.06
198038,0.03
198044,0.08
198050,0.08
198054,0.28
198055,0.03
198082,0.04
198094,0.04
198095,0.02
198099,0.06
198101,0.09
198102,0.0
198114,0.16
198125,0.07
198127,0.02
198128,0.03
198137,0.09
198141,0.03
198142,0.12
198155,0.18
198179,0.14
198181,0.24
198184,0.07
198185,0.04
198186,0.06
198187,0.16
198193,0.03
198197,0.03
198209,0.04
198221,0.08
198225,0.05
198229,0.23
198237,0.24
198239,0.23
198247,0.07
198253,0.05
198272,0.03
198279,0.03
198282,0.01
198284,0.02
198285,0.01
198287,0.13
198294,0.11
198309,0.17
198312,0.08
198315,0.06
198323,0.05
198331,0.14
198333,0.3
198359,0.16
198370,0.36
198378,0.05
198379,0.08
198381,0.06
198383,0.07
198384,0.27
198385,0.07
198420,0.12
198421,0.09
198425,0.08
198427,0.19
198429,0.05
198437,0.06
198445,0.04
198452,0.04
198454,0.07
198487,0.07
198523,0.12
198528,0.1
198530,0.12
198539,0.09
198540,0.05
198547,0.08
198566,0.01
198568,0.02
198569,0.06
198595,0.06
198600,0.02
198614,0.02
198617,0.02
198619,0.39
198627,0.17
198640,0.01
198655,0.15
198664,0.09
198665,0.0
198666,0.26
198670,0.03
198673,0.43
198680,0.19
198689,0.07
198690,0.2
198702,0.01
198703,0.01
198704,0.18
198714,0.08
198715,0.12
198717,0.03
198718,0.02
198720,0.19
198721,0.01
198730,0.01
198739,0.12
198754,0.04
198761,0.06
198772,0.09
198774,0.06
198775,0.13
198779,0.02
198783,0.01
198790,0.17
198794,0.18
198798,0.32
198799,0.04
198802,0.28
198806,0.03
198847,0.13
198854,0.28
198858,0.05
198859,0.28
198865,0.16
198872,0.05
198874,0.05
198878,0.01
198883,0.13
198884,0.07
198891,0.02
198899,0.12
198907,0.09
198916,0.09
198917,0.2
198934,0.03
198937,0.06
198938,0.05
198941,0.16
198957,0.07
198966,0.2
198984,0.02
198997,0.01
199001,0.12
199003,0.17
199009,0.02
199011,0.05
199013,0.06
199015,0.09
199024,0.2
199026,0.12
199027,0.21
199029,0.07
199030,0.14
199041,0.03
199048,0.1
199057,0.13
199058,0.01
199062,0.02
199067,0.06
199070,0.04
199075,0.04
199076,0.0
199092,0.05
199096,0.0
199104,0.13
199114,0.03
199115,0.0
199117,0.12
199126,0.04
199131,0.04
199141,0.06
199145,0.04
199150,0.14
199151,0.04
199153,0.02
199166,0.05
199167,0.08
199177,0.09
199182,0.03
199183,0.19
199185,0.04
199212,0.05
199213,0.11
199222,0.22
199229,0.04
199230,0.08
199242,0.3
199243,0.0
199246,0.09
199247,0.07
199249,0.03
199262,0.18
199263,0.1
199275,0.03
199276,0.15
199287,0.04
199298,0.15
199304,0.17
199307,0.01
199311,0.13
199316,0.03
199320,0.16
199321,0.06
199325,0.1
199326,0.1
199327,0.14
199334,0.01
199344,0.16
199345,0.03
199352,0.15
199364,0.12
199378,0.08
199379,0.03
199387,0.01
199405,0.06
199418,0.15
199424,0.12
199425,0.04
199432,0.03
199433,0.0
199442,0.12
199446,0.04
199457,0.07
199458,0.14
199477,0.09
199522,0.05
199525,0.17
199533,0.19
199536,0.02
199537,0.06
199550,0.09
199560,0.05
199564,0.22
199575,0.17
199580,0.0
199586,0.07
199597,0.02
199598,0.07
199604,0.0
199608,0.02
199609,0.2
199616,0.03
199625,0.07
199648,0.4
199650,0.07
199655,0.05
199663,0.06
199670,0.0
199673,0.1
199685,0.1
199696,0.15
199703,0.11
199704,0.05
199706,0.03
199727,0.07
199740,0.12
199746,0.32
199764,0.15
199766,0.12
199785,0.0
199786,0.05
199795,0.08
199797,0.02
199803,0.32
199804,0.13
199810,0.01
199815,0.13
199822,0.04
199824,0.02
199828,0.08
199833,0.35
199840,0.07
199844,0.04
199846,0.09
199858,0.18
199862,0.02
199865,0.19
199866,0.1
199869,0.08
199870,0.01
199871,0.23
199878,0.01
199889,0.16
199891,0.01
199898,0.01
199903,0.05
199904,0.02
199924,0.11
199950,0.0
199954,0.11
199956,0.0
199962,0.23
199965,0.31
199971,0.08
199972,0.14
199988,0.09
199995,0.15
199997,0.07
199998,0.07
199999,0.05
200011,0.09
200012,0.03
200016,0.05
200019,0.02
200030,0.01
200031,0.07
200032,0.06
200038,0.08
200043,0.06
200044,0.1
200045,0.08
200053,0.26
200057,0.05
200061,0.02
200064,0.04
200071,0.39
200084,0.16
200085,0.01
200086,0.09
200093,0.09
200095,0.11
200105,0.03
200111,0.09
200116,0.33
200125,0.36
200126,0.12
200157,0.06
200173,0.2
200181,0.27
200185,0.02
200187,0.01
200193,0.0
200200,0.05
200202,0.04
200206,0.15
200207,0.0
200216,0.0
200229,0.12
200234,0.03
200241,0.13
200244,0.05
200258,0.07
200262,0.15
200268,0.3
200277,0.07
200286,0.06
200293,0.07
200299,0.35
200306,0.13
200335,0.01
200358,0.05
200366,0.04
200367,0.01
200370,0.02
200373,0.22
200374,0.06
200383,0.05
200387,0.08
200390,0.19
200391,0.09
200421,0.11
200437,0.07
200442,0.04
200447,0.03
200460,0.12
200463,0.05
200467,0.12
200487,0.1
200488,0.12
200490,0.11
200493,0.08
200494,0.06
200501,0.04
200506,0.05
200516,0.03
200518,0.02
200520,0.2
200523,0.15
200524,0.07
200525,0.05
200534,0.09
200538,0.06
200552,0.09
200556,0.05
200557,0.15
200567,0.0
200568,0.19
200570,0.02
200572,0.25
200576,0.12
200585,0.05
200587,0.19
200588,0.16
200593,0.09
200594,0.07
200595,0.03
200603,0.33
200615,0.02
200624,0.14
200631,0.26
200632,0.01
200636,0.08
200638,0.04
200641,0.1
200650,0.01
200653,0.05
200657,0.11
200668,0.08
200669,0.06
200670,0.08
200676,0.03
200697,0.02
200710,0.11
200720,0.11
200729,0.09
200749,0.08
200753,0.3
200755,0.07
200756,0.05
200757,0.15
200768,0.18
200776,0.0
200799,0.15
200801,0.05
200810,0.04
200823,0.08
200832,0.39
200836,0.04
200838,0.04
200864,0.19
200867,0.05
200869,0.03
200873,0.07
200876,0.13
200881,0.12
200883,0.01
200890,0.02
200895,0.16
200897,0.06
200899,0.02
200900,0.07
200907,0.1
200912,0.06
200926,0.09
200930,0.04
200971,0.03
200974,0.07
200979,0.03
200998,0.06
201008,0.31
201018,0.17
201026,0.01
201043,0.0
201049,0.03
201050,0.11
201061,0.07
201062,0.01
201072,0.08
201076,0.2
201077,0.19
201081,0.11
201084,0.2
201089,0.0
201092,0.01
201109,0.05
201110,0.07
201116,0.05
201122,0.04
201135,0.08
201143,0.06
201153,0.14
201159,0.08
201165,0.04
201187,0.19
201197,0.02
201218,0.11
201219,0.16
201231,0.08
201234,0.01
201243,0.06
201246,0.08
201254,0.08
201256,0.01
201262,0.41
201263,0.03
201272,0.24
201273,0.06
201281,0.13
201290,0.03
201294,0.06
201296,0.0
201320,0.03
201332,0.03
201342,0.08
201343,0.02
201347,0.04
201350,0.05
201351,0.08
201362,0.2
201363,0.16
201368,0.08
201373,0.05
201375,0.0
201378,0.02
201386,0.05
201387,0.07
201390,0.24
201393,0.17
201409,0.05
201442,0.06
201444,0.06
201447,0.11
201451,0.16
201474,0.07
201481,0.02
201491,0.04
201498,0.05
201499,0.13
201501,0.02
201502,0.08
201516,0.07
201517,0.13
201524,0.15
201526,0.36
201528,0.03
201532,0.05
201543,0.24
201544,0.13
201546,0.16
201552,0.0
201554,0.03
201556,0.15
201557,0.05
201559,0.08
201575,0.21
201592,0.15
201593,0.18
201600,0.03
201630,0.13
201631,0.18
201635,0.18
201638,0.07
201642,0.0
201645,0.04
201660,0.01
201663,0.1
201665,0.0
201674,0.01
201675,0.18
201677,0.02
201688,0.15
201698,0.04
201706,0.02
201709,0.01
201710,0.3
201718,0.09
201720,0.11
201727,0.18
201730,0.03
201732,0.02
201733,0.01
201736,0.06
201738,0.1
201744,0.14
201747,0.14
201751,0.21
201766,0.27
201777,0.02
201778,0.03
201785,0.21
201804,0.05
201808,0.1
201813,0.26
201815,0.02
201820,0.08
201825,0.04
201830,0.0
201838,0.0
201839,0.07
201845,0.05
201849,0.01
201850,0.03
201853,0.06
201856,0.04
201873,0.21
201875,0.06
201906,0.18
201907,0.03
201908,0.03
201909,0.04
201911,0.12
201927,0.01
201928,0.1
201937,0.2
201943,0.05
201946,0.08
201948,0.03
201949,0.06
201955,0.0
201962,0.01
201977,0.07
201996,0.03
201997,0.14
202004,0.05
202005,0.0
202006,0.05
202010,0.02
202020,0.13
202029,0.19
202033,0.11
202034,0.02
202040,0.15
202045,0.02
202048,0.03
202055,0.08
202058,0.01
202062,0.05
202073,0.1
202078,0.04
202079,0.03
202080,0.1
202085,0.08
202090,0.05
202092,0.1
202114,0.08
202124,0.03
202133,0.16
202136,0.11
202150,0.08
202156,0.0
202159,0.14
202165,0.02
202167,0.09
202168,0.01
202169,0.04
202170,0.25
202204,0.01
202209,0.09
202216,0.08
202220,0.06
202228,0.03
202229,0.08
202231,0.15
202232,0.02
202234,0.29
202252,0.12
202253,0.26
202272,0.07
202273,0.14
202292,0.05
202300,0.0
202302,0.08
202311,0.1
202316,0.07
202318,0.07
202324,0.04
202343,0.07
202344,0.04
202349,0.01
202351,0.19
202355,0.03
202379,0.13
202407,0.05
202409,0.14
202410,0.04
202422,0.09
202423,0.19
202435,0.05
202437,0.2
202438,0.12
202439,0.14
202441,0.08
202444,0.03
202446,0.24
202450,0.06
202455,0.02
202457,0.03
202461,0.1
202463,0.15
202473,0.12
202478,0.02
202484,0.28
202490,0.11
202491,0.04
202492,0.3
202497,0.35
202508,0.11
202509,0.05
202510,0.01
202511,0.02
202514,0.06
202524,0.09
202527,0.09
202547,0.15
202554,0.08
202557,0.15
202568,0.31
202573,0.07
202587,0.08
202599,0.02
202610,0.03
202613,0.15
202618,0.25
202621,0.05
202645,0.07
202646,0.02
202649,0.13
202653,0.08
202655,0.08
202656,0.14
202659,0.24
202661,0.03
202681,0.03
202688,0.07
202691,0.1
202692,0.07
202697,0.25
202698,0.1
202717,0.06
202720,0.14
202724,0.28
202725,0.09
202734,0.16
202740,0.01
202743,0.08
202746,0.01
202760,0.0
202761,0.03
202765,0.04
202769,0.02
202785,0.11
202793,0.11
202796,0.09
202805,0.01
202816,0.02
202823,0.15
202825,0.08
202829,0.02
202830,0.13
202848,0.08
202861,0.08
202862,0.07
202863,0.06
202879,0.16
202889,0.01
202894,0.13
202895,0.02
202897,0.0
202899,0.0
202900,0.08
202907,0.03
202927,0.2
202945,0.03
202951,0.14
202955,0.12
202960,0.04
202967,0.08
202972,0.05
202982,0.04
202993,0.07
202996,0.05
202998,0.08
203008,0.03
203026,0.13
203038,0.17
203044,0.01
203054,0.07
203070,0.2
203075,0.15
203082,0.02
203089,0.01
203090,0.03
203098,0.09
203108,0.03
203109,0.0
203113,0.03
203123,0.0
203124,0.0
203128,0.17
203129,0.21
203131,0.2
203142,0.11
203154,0.16
203175,0.08
203176,0.11
203183,0.0
203185,0.01
203195,0.06
203201,0.08
203205,0.17
203218,0.08
203241,0.07
203244,0.09
203245,0.01
203253,0.19
203259,0.01
203264,0.3
203276,0.12
203283,0.15
203286,0.02
203288,0.1
203290,0.09
203298,0.11
203300,0.09
203312,0.09
203318,0.07
203331,0.08
203337,0.02
203339,0.0
203344,0.03
203348,0.03
203349,0.03
203350,0.09
203358,0.07
203366,0.05
203371,0.04
203377,0.12
203399,0.07
203402,0.11
203407,0.24
203410,0.03
203421,0.17
203428,0.04
203431,0.04
203433,0.11
203459,0.08
203460,0.21
203462,0.05
203470,0.1
203475,0.07
203476,0.02
203496,0.23
203518,0.01
203547,0.06
203549,0.07
203550,0.08
203552,0.04
203561,0.11
203564,0.21
203567,0.16
203575,0.04
203590,0.18
203591,0.0
203605,0.15
203606,0.02
203640,0.13
203643,0.23
203647,0.15
203648,0.03
203669,0.03
203671,0.02
203692,0.03
203695,0.15
203706,0.01
203713,0.05
203730,0.08
203736,0.05
203745,0.12
203751,0.14
203753,0.01
203755,0.01
203762,0.05
203769,0.05
203774,0.12
203796,0.09
203799,0.07
203806,0.09
203807,0.1
203810,0.06
203816,0.15
203821,0.15
203822,0.02
203850,0.11
203854,0.0
203862,0.18
203868,0.09
203869,0.02
203870,0.03
203876,0.08
203878,0.08
203889,0.05
203897,0.05
203905,0.15
203914,0.03
203915,0.05
203950,0.07
203956,0.08
203957,0.02
203973,0.26
203975,0.06
203980,0.02
203997,0.06
204001,0.15
204008,0.1
204017,0.11
204020,0.11
204021,0.22
204026,0.07
204027,0.14
204043,0.03
204047,0.02
204055,0.0
204059,0.05
204060,0.06
204061,0.07
204073,0.04
204076,0.08
204086,0.11
204088,0.03
204102,0.17
204116,0.15
204117,0.05
204121,0.09
204129,0.19
204139,0.23
204148,0.0
204149,0.04
204175,0.04
204181,0.16
204183,0.0
204187,0.07
204193,0.35
204194,0.17
204195,0.01
204196,0.04
204202,0.09
204206,0.07
204207,0.21
204214,0.04
204222,0.1
204226,0.06
204227,0.1
204228,0.16
204231,0.14
204232,0.25
204235,0.44
204237,0.03
204239,0.03
204242,0.07
204254,0.05
204255,0.02
204259,0.13
204268,0.19
204280,0.21
204282,0.11
204307,0.03
204314,0.04
204318,0.07
204321,0.02
204330,0.08
204335,0.11
204339,0.31
204344,0.02
204350,0.09
204371,0.03
204372,0.02
204374,0.17
204383,0.06
204392,0.25
204403,0.0
204409,0.0
204416,0.1
204417,0.04
204437,0.1
204440,0.03
204445,0.04
204446,0.05
204449,0.11
204468,0.0
204504,0.03
204506,0.03
204536,0.04
204539,0.23
204601,0.04
204614,0.16
204616,0.19
204618,0.02
204623,0.16
204630,0.08
204636,0.21
204639,0.02
204642,0.05
204644,0.02
204648,0.08
204662,0.13
204673,0.06
204674,0.08
204681,0.04
204682,0.01
204683,0.23
204689,0.21
204690,0.21
204707,0.06
204728,0.06
204736,0.38
204740,0.07
204749,0.09
204756,0.01
204771,0.0
204778,0.05
204808,0.02
204822,0.19
204827,0.25
204831,0.06
204836,0.05
204837,0.04
204843,0.08
204846,0.06
204847,0.01
204850,0.14
204852,0.06
204854,0.22
204856,0.18
204857,0.11
204863,0.05
204870,0.03
204885,0.05
204895,0.1
204905,0.09
204911,0.04
204927,0.16
204929,0.09
204941,0.19
204959,0.22
204962,0.18
204965,0.34
204970,0.24
204971,0.04
204972,0.07
205000,0.17
205011,0.0
205013,0.0
205014,0.29
205019,0.07
205043,0.1
205045,0.13
205054,0.06
205066,0.01
205069,0.15
205070,0.11
205071,0.05
205073,0.07
205077,0.1
205078,0.03
205088,0.14
205104,0.14
205107,0.06
205117,0.05
205118,0.01
205128,0.34
205134,0.03
205140,0.06
205141,0.2
205142,0.03
205153,0.22
205158,0.03
205169,0.02
205170,0.12
205183,0.03
205184,0.08
205197,0.03
205199,0.12
205204,0.01
205208,0.04
205209,0.06
205210,0.1
205216,0.09
205219,0.15
205222,0.02
205225,0.05
205235,0.17
205236,0.05
205241,0.05
205244,0.08
205251,0.34
205252,0.11
205258,0.05
205262,0.13
205264,0.02
205274,0.14
205277,0.07
205281,0.03
205306,0.01
205307,0.03
205323,0.06
205336,0.14
205337,0.22
205360,0.35
205363,0.14
205365,0.02
205367,0.05
205368,0.06
205375,0.02
205403,0.05
205411,0.02
205415,0.01
205429,0.08
205434,0.07
205445,0.09
205463,0.14
205471,0.05
205472,0.06
205479,0.18
205480,0.0
205493,0.04
205503,0.11
205508,0.02
205524,0.25
205525,0.12
205526,0.07
205533,0.0
205542,0.0
205545,0.09
205552,0.01
205561,0.05
205563,0.06
205564,0.1
205565,0.04
205566,0.08
205569,0.09
205579,0.07
205585,0.18
205587,0.0
205588,0.08
205591,0.02
205594,0.27
205600,0.25
205608,0.05
205613,0.12
205618,0.02
205619,0.07
205623,0.01
205627,0.26
205628,0.21
205635,0.01
205638,0.01
205640,0.06
205641,0.22
205642,0.33
205643,0.01
205646,0.1
205655,0.06
205672,0.08
205678,0.02
205681,0.1
205682,0.11
205690,0.02
205693,0.04
205695,0.02
205724,0.03
205738,0.02
205741,0.02
205744,0.04
205750,0.03
205751,0.14
205752,0.03
205766,0.04
205773,0.09
205775,0.09
205776,0.0
205789,0.29
205793,0.07
205797,0.07
205798,0.06
205802,0.01
205806,0.08
205807,0.11
205815,0.06
205819,0.0
205821,0.13
205822,0.1
205831,0.26
205832,0.05
205836,0.01
205843,0.06
205862,0.07
205863,0.11
205866,0.14
205873,0.05
205877,0.06
205879,0.06
205880,0.11
205886,0.08
205898,0.07
205903,0.03
205907,0.1
205908,0.03
205909,0.08
205930,0.01
205931,0.01
205932,0.01
205951,0.05
205957,0.23
205960,0.05
205987,0.02
205994,0.09
205995,0.1
206006,0.09
206007,0.01
206013,0.05
206020,0.09
206030,0.05
206035,0.01
206038,0.01
206039,0.16
206061,0.03
206066,0.01
206068,0.08
206071,0.14
206076,0.2
206077,0.21
206091,0.14
206097,0.08
206101,0.06
206145,0.17
206147,0.04
206163,0.02
206171,0.02
206173,0.07
206174,0.27
206197,0.06
206198,0.07
206209,0.15
206211,0.04
206213,0.14
206246,0.17
206252,0.12
206253,0.07
206254,0.07
206257,0.12
206270,0.06
206283,0.03
206290,0.1
206291,0.09
206292,0.15
206307,0.12
206315,0.02
206319,0.14
206324,0.1
206326,0.19
206338,0.08
206339,0.03
206354,0.16
206359,0.09
206374,0.14
206377,0.03
206395,0.13
206403,0.05
206410,0.15
206413,0.03
206414,0.02
206418,0.03
206424,0.1
206427,0.09
206428,0.19
206429,0.09
206430,0.06
206447,0.04
206451,0.1
206465,0.22
206477,0.13
206484,0.17
206497,0.03
206517,0.17
206533,0.15
206542,0.23
206557,0.03
206563,0.07
206564,0.1
206565,0.04
206582,0.11
206593,0.27
206605,0.21
206606,0.09
206621,0.1
206639,0.05
206640,0.06
206641,0.03
206645,0.19
206656,0.21
206666,0.03
206679,0.05
206681,0.06
206684,0.02
206686,0.03
206687,0.03
206697,0.09
206700,0.0
206702,0.13
206703,0.1
206708,0.09
206710,0.04
206721,0.12
206723,0.28
206735,0.09
206739,0.29
206742,0.01
206744,0.21
206747,0.2
206752,0.02
206774,0.17
206776,0.31
206792,0.08
206799,0.11
206805,0.06
206806,0.17
206809,0.06
206812,0.08
206814,0.03
206830,0.1
206831,0.03
206878,0.14
206905,0.04
206908,0.15
206910,0.05
206917,0.06
206920,0.12
206927,0.06
206933,0.08
206945,0.06
206968,0.03
206987,0.1
206989,0.04
207017,0.24
207027,0.03
207029,0.18
207030,0.24
207035,0.11
207040,0.11
207043,0.11
207054,0.06
207055,0.01
207059,0.01
207060,0.02
207062,0.04
207071,0.08
207073,0.26
207079,0.13
207100,0.1
207107,0.08
207129,0.13
207132,0.31
207139,0.07
207148,0.11
207153,0.04
207163,0.21
207164,0.01
207168,0.05
207171,0.0
207173,0.09
207174,0.01
207181,0.02
207182,0.05
207198,0.1
207201,0.02
207213,0.08
207234,0.13
207238,0.03
207256,0.09
207257,0.05
207264,0.25
207268,0.32
207275,0.04
207291,0.04
207296,0.05
207304,0.06
207308,0.05
207314,0.05
207324,0.04
207332,0.06
207333,0.2
207339,0.08
207349,0.04
207351,0.03
207359,0.16
207361,0.05
207365,0.05
207369,0.07
207372,0.05
207377,0.11
207380,0.0
207394,0.02
207412,0.06
207423,0.06
207426,0.0
207427,0.31
207428,0.12
207430,0.41
207437,0.11
207440,0.19
207455,0.0
207456,0.14
207471,0.13
207476,0.09
207483,0.05
207497,0.05
207506,0.08
207515,0.34
207529,0.07
207533,0.11
207534,0.12
207541,0.01
207560,0.01
207561,0.07
207570,0.04
207600,0.02
207630,0.19
207633,0.33
207634,0.02
207635,0.03
207660,0.04
207682,0.06
207684,0.06
207687,0.1
207706,0.03
207708,0.16
207713,0.04
207714,0.16
207718,0.01
207721,0.01
207724,0.09
207727,0.07
207731,0.04
207732,0.08
207734,0.05
207739,0.17
207744,0.15
207787,0.05
207792,0.04
207801,0.17
207811,0.11
207817,0.09
207818,0.15
207819,0.08
207830,0.07
207834,0.01
207841,0.22
207844,0.22
207849,0.13
207856,0.03
207865,0.02
207867,0.07
207873,0.26
207882,0.15
207887,0.04
207888,0.0
207889,0.01
207907,0.04
207921,0.15
207922,0.02
207928,0.05
207930,0.07
207940,0.05
207941,0.02
207956,0.05
207960,0.04
207961,0.05
207968,0.13
207971,0.06
207972,0.27
207975,0.13
207976,0.09
207979,0.17
207997,0.11
207999,0.33
208008,0.16
208027,0.14
208030,0.06
208033,0.37
208035,0.09
208040,0.08
208052,0.17
208067,0.06
208090,0.16
208100,0.03
208102,0.06
208110,0.18
208117,0.08
208119,0.09
208123,0.09
208127,0.42
208136,0.08
208139,0.02
208140,0.09
208144,0.2
208149,0.03
208156,0.27
208166,0.29
208168,0.02
208170,0.24
208172,0.38
208178,0.1
208193,0.01
208195,0.05
208211,0.12
208213,0.08
208229,0.08
208231,0.14
208235,0.02
208238,0.06
208240,0.07
208249,0.0
208262,0.06
208263,0.04
208270,0.04
208288,0.07
208292,0.04
208302,0.01
208303,0.19
208312,0.05
208317,0.03
208322,0.1
208331,0.17
208336,0.2
208337,0.22
208339,0.12
208346,0.14
208353,0.02
208358,0.02
208359,0.07
208360,0.04
208370,0.1
208373,0.04
208390,0.01
208391,0.13
208394,0.07
208396,0.11
208397,0.08
208398,0.12
208400,0.03
208410,0.01
208420,0.11
208421,0.17
208431,0.21
208450,0.08
208451,0.19
208455,0.08
208478,0.06
208479,0.01
208482,0.13
208502,0.25
208516,0.01
208518,0.07
208534,0.22
208550,0.01
208551,0.04
208566,0.04
208567,0.05
208575,0.03
208576,0.01
208588,0.04
208590,0.05
208595,0.0
208619,0.02
208620,0.08
208627,0.17
208629,0.09
208642,0.04
208645,0.04
208661,0.06
208662,0.02
208679,0.03
208681,0.01
208689,0.12
208696,0.06
208701,0.05
208707,0.14
208719,0.0
208720,0.21
208730,0.12
208748,0.01
208753,0.1
208755,0.13
208769,0.07
208775,0.16
208785,0.0
208796,0.01
208806,0.11
208815,0.09
208830,0.06
208833,0.39
208837,0.02
208842,0.05
208860,0.01
208874,0.06
208886,0.09
208897,0.09
208898,0.12
208905,0.08
208907,0.05
208924,0.09
208925,0.04
208933,0.04
208941,0.06
208948,0.06
208960,0.0
208962,0.01
208963,0.03
208965,0.02
208973,0.06
208974,0.05
208986,0.05
208992,0.07
208995,0.06
209001,0.0
209006,0.22
209012,0.02
209022,0.06
209055,0.32
209056,0.12
209057,0.11
209060,0.08
209067,0.01
209071,0.11
209078,0.01
209080,0.03
209094,0.07
209097,0.0
209098,0.02
209101,0.1
209108,0.11
209109,0.05
209111,0.01
209116,0.26
209117,0.28
209121,0.02
209126,0.02
209127,0.06
209141,0.02
209142,0.05
209159,0.08
209164,0.12
209168,0.23
209177,0.12
209197,0.09
209202,0.04
209209,0.0
209211,0.0
209233,0.15
209234,0.07
209253,0.11
209260,0.11
209263,0.03
209268,0.1
209275,0.03
209288,0.19
209298,0.38
209305,0.08
209326,0.09
209340,0.15
209352,0.13
209362,0.16
209367,0.12
209369,0.02
209377,0.05
209387,0.06
209392,0.02
209393,0.0
209420,0.0
209423,0.11
209457,0.05
209458,0.15
209470,0.22
209479,0.17
209483,0.19
209488,0.22
209489,0.01
209497,0.09
209504,0.2
209510,0.1
209513,0.05
209547,0.01
209549,0.04
209556,0.01
209561,0.17
209565,0.3
209591,0.03
209595,0.13
209596,0.15
209608,0.13
209628,0.16
209643,0.12
209645,0.37
209651,0.02
209659,0.09
209660,0.1
209661,0.12
209665,0.17
209682,0.08
209687,0.18
209689,0.0
209699,0.04
209705,0.16
209707,0.03
209713,0.08
209717,0.17
209718,0.21
209723,0.08
209727,0.08
209729,0.11
209739,0.1
209741,0.16
209744,0.26
209748,0.24
209749,0.17
209758,0.06
209761,0.05
209764,0.16
209772,0.02
209773,0.06
209794,0.02
209795,0.15
209814,0.21
209828,0.06
209838,0.1
209839,0.19
209845,0.27
209855,0.07
209862,0.04
209869,0.07
209872,0.03
209879,0.2
209881,0.03
209882,0.26
209893,0.22
209913,0.18
209918,0.13
209920,0.31
209921,0.14
209929,0.26
209943,0.25
209957,0.03
209960,0.09
209962,0.04
209969,0.14
209980,0.03
209986,0.08
209989,0.15
209990,0.02
209991,0.07
210007,0.04
210016,0.03
210018,0.12
210019,0.07
210020,0.04
210036,0.05
210050,0.06
210080,0.04
210084,0.06
210089,0.23
210104,0.1
210129,0.05
210135,0.05
210137,0.14
210140,0.17
210145,0.03
210146,0.07
210147,0.09
210152,0.02
210157,0.1
210158,0.19
210164,0.1
210170,0.13
210171,0.05
210173,0.18
210174,0.17
210176,0.12
210190,0.03
210191,0.19
210195,0.31
210196,0.07
210201,0.21
210211,0.13
210231,0.03
210239,0.05
210241,0.08
210242,0.03
210255,0.25
210278,0.15
210283,0.03
210284,0.08
210304,0.01
210307,0.09
210330,0.17
210332,0.07
210350,0.2
210379,0.06
210385,0.07
210401,0.04
210405,0.08
210413,0.12
210414,0.14
210415,0.2
210419,0.08
210429,0.06
210467,0.17
210481,0.03
210482,0.04
210492,0.04
210502,0.29
210523,0.01
210525,0.16
210529,0.22
210538,0.01
210543,0.0
210549,0.25
210551,0.1
210555,0.26
210558,0.16
210591,0.27
210597,0.2
210599,0.04
210610,0.01
210616,0.18
210618,0.04
210622,0.23
210639,0.07
210645,0.12
210650,0.01
210672,0.01
210676,0.04
210683,0.17
210697,0.2
210701,0.08
210706,0.04
210712,0.06
210717,0.01
210728,0.08
210729,0.06
210730,0.21
210731,0.05
210733,0.17
210735,0.1
210742,0.0
210748,0.02
210749,0.13
210758,0.06
210767,0.24
210769,0.1
210777,0.17
210789,0.0
210791,0.08
210794,0.05
210811,0.01
210814,0.06
210821,0.11
210833,0.0
210835,0.08
210859,0.08
210862,0.21
210870,0.02
210886,0.01
210893,0.09
210901,0.03
210906,0.16
210913,0.06
210953,0.06
210961,0.18
210962,0.31
210966,0.1
210983,0.07
211000,0.19
211025,0.03
211036,0.06
211043,0.05
211062,0.22
211076,0.05
211085,0.11
211096,0.15
211097,0.21
211098,0.14
211103,0.03
211108,0.12
211131,0.13
211135,0.09
211139,0.09
211146,0.04
211150,0.0
211158,0.03
211170,0.35
211177,0.06
211183,0.21
211187,0.21
211191,0.0
211194,0.14
211196,0.07
211203,0.02
211209,0.19
211210,0.14
211211,0.13
211232,0.26
211244,0.16
211263,0.06
211264,0.16
211270,0.07
211278,0.01
211292,0.05
211293,0.13
211295,0.03
211296,0.14
211308,0.16
211310,0.1
211312,0.13
211325,0.11
211326,0.06
211330,0.04
211333,0.08
211341,0.03
211342,0.04
211350,0.05
211355,0.31
211357,0.24
211358,0.08
211362,0.1
211377,0.09
211378,0.15
211379,0.05
211384,0.13
211395,0.13
211398,0.02
211399,0.02
211417,0.05
211419,0.43
211420,0.33
211439,0.03
211442,0.05
211451,0.01
211457,0.11
211469,0.03
211483,0.05
211505,0.18
211508,0.15
211509,0.29
211510,0.09
211526,0.11
211547,0.05
211548,0.06
211550,0.01
211551,0.09
211553,0.38
211562,0.03
211563,0.13
211564,0.21
211565,0.14
211571,0.44
211572,0.34
211577,0.1
211580,0.09
211609,0.0
211625,0.07
211635,0.25
211646,0.09
211660,0.01
211670,0.09
211672,0.09
211688,0.13
211694,0.04
211696,0.06
211711,0.15
211718,0.02
211732,0.0
211735,0.05
211736,0.14
211740,0.05
211741,0.03
211746,0.1
211751,0.07
211754,0.33
211770,0.07
211771,0.16
211787,0.33
211788,0.14
211802,0.06
211804,0.15
211810,0.14
211832,0.13
211839,0.22
211860,0.11
211863,0.29
211866,0.02
211869,0.12
211872,0.07
211894,0.04
211901,0.14
211902,0.1
211903,0.12
211946,0.05
211950,0.13
211959,0.08
211964,0.09
211965,0.03
211979,0.08
211983,0.14
211986,0.05
211987,0.03
211988,0.08
211999,0.0
212002,0.05
212004,0.05
212009,0.16
212015,0.14
212023,0.02
212048,0.07
212055,0.01
212067,0.1
212079,0.05
212080,0.05
212083,0.02
212085,0.1
212088,0.2
212089,0.07
212092,0.16
212097,0.17
212124,0.07
212132,0.0
212136,0.03
212144,0.05
212145,0.17
212167,0.04
212174,0.11
212175,0.06
212187,0.16
212191,0.22
212194,0.04
212238,0.16
212242,0.02
212245,0.06
212258,0.03
212262,0.01
212277,0.05
212283,0.09
212287,0.08
212288,0.1
212289,0.1
212293,0.08
212296,0.16
212300,0.08
212303,0.42
212326,0.11
212327,0.17
212328,0.0
212329,0.06
212339,0.13
212340,0.12
212343,0.02
212360,0.12
212389,0.11
212401,0.23
212407,0.07
212409,0.06
212422,0.18
212424,0.1
212440,0.0
212441,0.13
212443,0.04
212448,0.09
212472,0.08
212478,0.02
212481,0.07
212493,0.1
212508,0.07
212511,0.03
212525,0.04
212531,0.14
212533,0.01
212555,0.05
212592,0.14
212610,0.01
212621,0.08
212629,0.18
212635,0.06
212636,0.1
212637,0.04
212643,0.07
212648,0.03
212654,0.25
212655,0.36
212660,0.11
212661,0.04
212664,0.01
212669,0.01
212670,0.02
212674,0.18
212676,0.23
212690,0.09
212691,0.12
212696,0.02
212710,0.24
212712,0.0
212716,0.08
212718,0.01
212720,0.07
212723,0.03
212730,0.01
212740,0.07
212747,0.09
212763,0.03
212773,0.0
212775,0.03
212776,0.1
212777,0.12
212781,0.31
212782,0.19
212785,0.05
212786,0.07
212795,0.0
212800,0.08
212818,0.1
212834,0.14
212837,0.02
212841,0.01
212842,0.01
212847,0.19
212848,0.07
212851,0.02
212865,0.02
212866,0.02
212874,0.1
212880,0.07
212894,0.04
212897,0.0
212912,0.12
212913,0.0
212916,0.11
212917,0.09
212933,0.13
212935,0.04
212936,0.05
212950,0.07
212957,0.0
212958,0.2
212961,0.05
212962,0.02
212963,0.2
212964,0.1
212968,0.12
212969,0.07
212976,0.07
212978,0.06
212983,0.19
212993,0.16
213004,0.02
213008,0.02
213014,0.0
213018,0.14
213021,0.02
213024,0.08
213045,0.11
213054,0.03
213059,0.08
213076,0.07
213095,0.09
213096,0.09
213100,0.08
213101,0.16
213109,0.07
213111,0.01
213116,0.01
213133,0.25
213140,0.07
213141,0.05
213143,0.19
213150,0.11
213152,0.03
213158,0.05
213159,0.05
213166,0.02
213167,0.26
213170,0.21
213178,0.04
213179,0.04
213189,0.1
213196,0.13
213201,0.04
213203,0.08
213204,0.01
213205,0.1
213206,0.12
213207,0.14
213208,0.03
213212,0.01
213214,0.03
213220,0.06
213240,0.09
213244,0.03
213263,0.28
213264,0.05
213265,0.04
213270,0.21
213283,0.14
213287,0.16
213292,0.27
213295,0.11
213299,0.18
213303,0.17
213307,0.07
213308,0.04
213312,0.15
213313,0.07
213316,0.02
213317,0.1
213338,0.03
213357,0.04
213368,0.22
213374,0.03
213375,0.09
213386,0.21
213390,0.05
213393,0.04
213401,0.01
213423,0.11
213430,0.08
213431,0.08
213447,0.01
213465,0.1
213468,0.02
213473,0.08
213475,0.07
213476,0.02
213482,0.09
213493,0.11
213531,0.08
213534,0.02
213542,0.15
213546,0.01
213569,0.11
213570,0.03
213588,0.05
213591,0.13
213595,0.15
213597,0.06
213598,0.07
213604,0.12
213622,0.07
213623,0.25
213633,0.14
213639,0.08
213641,0.01
213649,0.07
213671,0.02
213675,0.02
213679,0.12
213680,0.05
213684,0.09
213685,0.0
213689,0.02
213691,0.15
213693,0.0
213712,0.02
213717,0.01
213734,0.07
213739,0.19
213765,0.03
213775,0.2
213776,0.09
213804,0.13
213808,0.04
213818,0.17
213821,0.06
213829,0.08
213836,0.1
213838,0.03
213843,0.03
213854,0.12
213859,0.12
213862,0.32
213874,0.19
213878,0.15
213886,0.03
213888,0.08
213892,0.03
213910,0.03
213921,0.05
213926,0.02
213928,0.04
213935,0.02
213949,0.03
213957,0.17
213959,0.02
213967,0.05
213974,0.03
213975,0.04
213983,0.08
213984,0.0
213998,0.21
214004,0.09
214006,0.13
214008,0.0
214014,0.05
214015,0.03
214034,0.0
214059,0.04
214067,0.05
214077,0.1
214078,0.09
214079,0.13
214085,0.11
214088,0.16
214099,0.01
214138,0.05
214141,0.01
214152,0.14
214154,0.08
214155,0.03
214177,0.09
214188,0.14
214192,0.11
214207,0.08
214217,0.07
214219,0.15
214228,0.06
214229,0.19
214233,0.06
214236,0.14
214242,0.03
214249,0.03
214263,0.08
214264,0.0
214265,0.23
214268,0.17
214281,0.04
214282,0.07
214295,0.08
214311,0.09
214315,0.01
214325,0.02
214334,0.17
214336,0.02
214337,0.02
214342,0.21
214344,0.17
214349,0.06
214355,0.11
214356,0.04
214358,0.04
214363,0.07
214364,0.0
214371,0.06
214377,0.32
214379,0.04
214383,0.02
214406,0.05
214407,0.06
214411,0.15
214415,0.18
214418,0.17
214419,0.07
214421,0.04
214430,0.12
214436,0.04
214463,0.1
214472,0.15
214474,0.18
214476,0.14
214478,0.03
214481,0.13
214484,0.02
214488,0.02
214491,0.09
214505,0.04
214507,0.11
214510,0.09
214518,0.23
214523,0.18
214539,0.05
214542,0.04
214544,0.01
214553,0.06
214554,0.17
214561,0.07
214563,0.07
214566,0.04
214581,0.12
214587,0.05
214588,0.13
214589,0.19
214593,0.2
214620,0.37
214630,0.12
214643,0.06
214644,0.02
214647,0.06
214654,0.08
214657,0.06
214658,0.05
214662,0.03
214666,0.06
214680,0.01
214685,0.08
214693,0.01
214701,0.05
214705,0.07
214706,0.12
214719,0.02
214721,0.26
214724,0.08
214741,0.16
214769,0.05
214777,0.01
214780,0.04
214786,0.09
214789,0.18
214797,0.07
214804,0.06
214808,0.32
214810,0.2
214828,0.29
214830,0.04
214835,0.27
214844,0.1
214859,0.23
214861,0.04
214863,0.0
214887,0.04
214898,0.02
214906,0.05
214913,0.04
214915,0.11
214937,0.04
214944,0.12
214948,0.14
214970,0.05
214976,0.07
214999,0.07
215000,0.29
215016,0.01
215024,0.0
215029,0.2
215033,0.22
215037,0.22
215054,0.22
215057,0.19
215064,0.15
215074,0.04
215077,0.11
215082,0.1
215096,0.02
215101,0.04
215103,0.07
215109,0.06
215124,0.08
215142,0.21
215143,0.15
215145,0.03
215157,0.0
215159,0.0
215161,0.21
215166,0.02
215177,0.06
215186,0.05
215194,0.22
215196,0.1
215204,0.15
215211,0.02
215230,0.26
215241,0.01
215256,0.08
215257,0.07
215266,0.14
215267,0.04
215268,0.06
215278,0.07
215280,0.23
215318,0.17
215326,0.0
215331,0.06
215337,0.0
215344,0.2
215346,0.01
215348,0.15
215351,0.01
215358,0.08
215360,0.07
215367,0.04
215369,0.07
215383,0.0
215395,0.12
215407,0.06
215408,0.03
215412,0.03
215433,0.08
215454,0.06
215463,0.17
215488,0.02
215508,0.08
215512,0.04
215516,0.07
215525,0.18
215531,0.06
215534,0.17
215537,0.04
215539,0.2
215548,0.06
215554,0.07
215556,0.03
215559,0.16
215560,0.03
215563,0.12
215564,0.12
215569,0.05
215574,0.24
215586,0.06
215594,0.17
215608,0.02
215614,0.02
215623,0.13
215628,0.08
215637,0.17
215638,0.14
215649,0.07
215651,0.03
215653,0.12
215678,0.13
215708,0.04
215711,0.12
215733,0.03
215739,0.14
215742,0.01
215756,0.1
215772,0.09
215775,0.13
215791,0.05
215796,0.32
215803,0.03
215805,0.07
215807,0.05
215829,0.06
215855,0.02
215856,0.08
215860,0.06
215861,0.11
215877,0.07
215883,0.22
215889,0.08
215897,0.03
215898,0.02
215901,0.04
215908,0.14
215910,0.48
215911,0.02
215923,0.06
215928,0.09
215934,0.03
215936,0.13
215947,0.07
215951,0.0
215958,0.04
215959,0.04
215963,0.09
215968,0.03
215972,0.06
215976,0.15
215978,0.09
215981,0.13
215999,0.12
216001,0.23
216012,0.03
216020,0.1
216035,0.11
216038,0.15
216041,0.05
216049,0.03
216065,0.09
216096,0.25
216110,0.04
216115,0.3
216121,0.1
216122,0.28
216129,0.02
216131,0.19
216138,0.13
216142,0.09
216143,0.16
216150,0.05
216180,0.05
216184,0.11
216189,0.04
216190,0.13
216197,0.04
216218,0.07
216219,0.04
216221,0.12
216231,0.02
216240,0.11
216272,0.19
216281,0.12
216284,0.1
216290,0.08
216297,0.09
216305,0.03
216306,0.06
216317,0.0
216333,0.01
216338,0.04
216339,0.29
216346,0.05
216349,0.25
216350,0.28
216351,0.07
216353,0.08
216355,0.11
216364,0.1
216387,0.06
216392,0.02
216393,0.36
216399,0.02
216416,0.01
216433,0.05
216435,0.02
216442,0.12
216458,0.14
216461,0.32
216468,0.07
216469,0.08
216471,0.09
216473,0.05
216475,0.05
216496,0.08
216510,0.11
216511,0.08
216515,0.05
216516,0.14
216521,0.11
216532,0.03
216548,0.05
216551,0.26
216560,0.09
216562,0.15
216563,0.05
216565,0.09
216582,0.06
216587,0.04
216589,0.02
216597,0.07
216606,0.01
216607,0.06
216608,0.28
216621,0.0
216622,0.01
216627,0.13
216636,0.04
216647,0.09
216655,0.08
216659,0.13
216666,0.11
216676,0.02
216677,0.09
216679,0.03
216681,0.1
216686,0.06
216687,0.11
216694,0.03
216697,0.15
216714,0.03
216719,0.15
216720,0.12
216721,0.08
216723,0.07
216740,0.05
216746,0.04
216747,0.01
216751,0.01
216758,0.13
216768,0.02
216778,0.1
216786,0.2
216801,0.1
216802,0.17
216807,0.07
216808,0.09
216810,0.05
216818,0.0
216823,0.08
216826,0.15
216827,0.01
216828,0.1
216840,0.26
216844,0.05
216845,0.1
216851,0.23
216857,0.04
216858,0.01
216862,0.01
216874,0.12
216880,0.06
216900,0.01
216902,0.09
216903,0.23
216904,0.03
216931,0.03
216936,0.06
216938,0.22
216952,0.15
216954,0.09
216955,0.04
216961,0.03
216981,0.13
216985,0.05
216992,0.14
216995,0.01
216997,0.0
216998,0.07
216999,0.03
217022,0.08
217034,0.07
217038,0.03
217050,0.09
217055,0.12
217064,0.06
217071,0.0
217078,0.09
217083,0.22
217084,0.04
217086,0.18
217096,0.17
217101,0.18
217109,0.25
217118,0.03
217121,0.15
217125,0.08
217130,0.25
217136,0.06
217137,0.11
217143,0.04
217148,0.07
217155,0.12
217162,0.04
217172,0.18
217174,0.12
217175,0.14
217177,0.04
217178,0.22
217192,0.11
217220,0.04
217221,0.02
217223,0.05
217232,0.23
217243,0.02
217248,0.04
217250,0.03
217271,0.09
217283,0.0
217297,0.11
217323,0.13
217326,0.09
217334,0.17
217338,0.02
217341,0.31
217342,0.2
217355,0.0
217362,0.15
217366,0.07
217367,0.05
217371,0.05
217383,0.09
217401,0.17
217404,0.1
217419,0.03
217422,0.23
217423,0.02
217427,0.0
217429,0.05
217430,0.1
217441,0.1
217444,0.02
217465,0.08
217471,0.06
217488,0.09
217493,0.03
217509,0.03
217510,0.03
217511,0.37
217519,0.04
217522,0.37
217562,0.09
217574,0.05
217577,0.07
217579,0.12
217596,0.02
217602,0.05
217612,0.1
217632,0.14
217635,0.02
217636,0.21
217638,0.18
217639,0.1
217651,0.19
217652,0.02
217663,0.16
217669,0.06
217686,0.06
217699,0.1
217700,0.06
217703,0.06
217706,0.14
217714,0.16
217732,0.04
217736,0.04
217749,0.22
217763,0.05
217770,0.02
217771,0.02
217772,0.06
217776,0.07
217777,0.03
217778,0.19
217782,0.05
217790,0.07
217792,0.02
217793,0.02
217795,0.2
217796,0.03
217800,0.07
217804,0.04
217807,0.01
217846,0.15
217847,0.05
217853,0.01
217856,0.01
217864,0.04
217867,0.04
217868,0.21
217885,0.09
217887,0.06
217889,0.25
217900,0.06
217903,0.03
217905,0.18
217909,0.04
217913,0.01
217944,0.09
217946,0.06
217954,0.06
217956,0.16
217957,0.01
217961,0.29
217962,0.02
217976,0.07
217980,0.04
217981,0.04
218006,0.02
218009,0.03
218032,0.09
218049,0.18
218053,0.04
218078,0.02
218080,0.28
218081,0.04
218094,0.09
218098,0.1
218099,0.14
218100,0.13
218113,0.14
218117,0.04
218118,0.04
218119,0.01
218125,0.02
218133,0.07
218153,0.2
218165,0.04
218166,0.01
218177,0.09
218178,0.05
218202,0.11
218203,0.11
218207,0.24
218209,0.05
218236,0.09
218244,0.05
218247,0.05
218250,0.04
218266,0.08
218275,0.2
218276,0.16
218287,0.07
218292,0.04
218298,0.15
218300,0.01
218320,0.02
218321,0.15
218333,0.08
218347,0.09
218353,0.09
218366,0.04
218368,0.13
218369,0.07
218372,0.1
218376,0.05
218378,0.02
218403,0.16
218413,0.1
218418,0.06
218449,0.13
218450,0.15
218458,0.0
218464,0.02
218475,0.14
218476,0.09
218478,0.12
218515,0.04
218517,0.18
218518,0.04
218538,0.11
218539,0.22
218550,0.11
218551,0.11
218565,0.23
218580,0.03
218591,0.07
218598,0.03
218600,0.08
218602,0.04
218607,0.24
218651,0.15
218652,0.0
218656,0.17
218658,0.04
218669,0.2
218670,0.06
218671,0.05
218677,0.06
218680,0.09
218685,0.08
218686,0.17
218692,0.06
218693,0.04
218699,0.25
218709,0.01
218729,0.13
218734,0.19
218742,0.01
218743,0.07
218756,0.03
218772,0.23
218782,0.05
218786,0.05
218788,0.08
218796,0.03
218801,0.15
218812,0.09
218832,0.34
218834,0.1
218846,0.22
218847,0.08
218848,0.01
218853,0.27
218865,0.07
218870,0.02
218873,0.04
218884,0.05
218893,0.08
218898,0.03
218911,0.15
218933,0.02
218934,0.14
218939,0.03
218948,0.0
218957,0.16
218962,0.2
218973,0.03
218975,0.11
219000,0.01
219001,0.04
219006,0.05
219027,0.05
219036,0.09
219043,0.17
219047,0.2
219057,0.0
219059,0.18
219062,0.01
219074,0.0
219085,0.13
219087,0.04
219095,0.11
219114,0.03
219115,0.06
219119,0.04
219140,0.04
219147,0.06
219170,0.0
219171,0.2
219174,0.15
219177,0.09
219180,0.02
219195,0.04
219203,0.04
219207,0.11
219223,0.1
219229,0.12
219236,0.07
219238,0.07
219243,0.07
219245,0.02
219247,0.2
219273,0.05
219278,0.13
219279,0.07
219284,0.02
219319,0.0
219326,0.06
219336,0.03
219344,0.14
219359,0.25
219360,0.0
219364,0.02
219368,0.14
219376,0.08
219382,0.0
219388,0.04
219396,0.16
219398,0.13
219403,0.06
219405,0.06
219406,0.18
219410,0.1
219424,0.15
219446,0.02
219450,0.02
219451,0.09
219464,0.05
219465,0.05
219469,0.08
219472,0.2
219482,0.02
219506,0.04
219507,0.12
219516,0.18
219521,0.24
219564,0.24
219565,0.03
219568,0.05
219570,0.02
219578,0.11
219579,0.14
219588,0.14
219593,0.1
219594,0.03
219601,0.03
219608,0.06
219616,0.11
219620,0.03
219621,0.01
219628,0.14
219632,0.08
219637,0.1
219670,0.05
219688,0.08
219704,0.06
219717,0.07
219723,0.19
219741,0.11
219772,0.05
219774,0.12
219775,0.24
219778,0.07
219787,0.04
219788,0.14
219806,0.08
219811,0.06
219815,0.02
219817,0.12
219835,0.1
219845,0.1
219848,0.02
219864,0.2
219866,0.06
219868,0.09
219870,0.05
219886,0.03
219908,0.05
219910,0.19
219914,0.25
219925,0.17
219935,0.24
219940,0.15
219959,0.02
219962,0.19
219975,0.01
219981,0.15
219998,0.01
219999,0.29
220006,0.12
220010,0.3
220012,0.0
220014,0.1
220018,0.05
220019,0.14
220021,0.02
220058,0.02
220060,0.15
220061,0.06
220063,0.03
220066,0.12
220070,0.14
220071,0.16
220082,0.05
220094,0.08
220107,0.0
220114,0.07
220120,0.08
220126,0.06
220143,0.02
220147,0.14
220157,0.11
220160,0.1
220169,0.07
220177,0.06
220181,0.03
220186,0.11
220189,0.0
220206,0.17
220221,0.07
220227,0.07
220228,0.06
220248,0.17
220277,0.22
220304,0.27
220311,0.02
220315,0.11
220316,0.07
220323,0.01
220325,0.02
220358,0.03
220363,0.07
220369,0.12
220370,0.06
220380,0.09
220386,0.12
220387,0.07
220393,0.09
220394,0.1
220412,0.15
220415,0.04
220416,0.38
220417,0.3
220418,0.02
220422,0.05
220431,0.05
220439,0.35
220456,0.02
220458,0.01
220468,0.03
220474,0.07
220479,0.06
220494,0.01
220501,0.08
220503,0.01
220511,0.04
220514,0.1
220516,0.28
220521,0.18
220530,0.03
220562,0.06
220565,0.03
220582,0.12
220594,0.01
220600,0.2
220614,0.03
220621,0.09
220624,0.23
220629,0.1
220632,0.02
220639,0.04
220655,0.0
220664,0.07
220670,0.04
220686,0.05
220699,0.04
220714,0.08
220729,0.2
220732,0.1
220733,0.07
220735,0.08
220740,0.04
220741,0.02
220747,0.18
220748,0.08
220749,0.02
220755,0.02
220764,0.1
220767,0.18
220772,0.12
220779,0.15
220781,0.06
220790,0.07
220806,0.08
220811,0.06
220816,0.04
220822,0.05
220827,0.16
220828,0.06
220829,0.06
220832,0.01
220833,0.09
220841,0.18
220842,0.08
220856,0.05
220874,0.07
220881,0.04
220882,0.07
220887,0.03
220893,0.0
220909,0.1
220916,0.01
220917,0.28
220918,0.02
220924,0.01
220931,0.07
220932,0.09
220949,0.05
220950,0.08
220956,0.06
220972,0.09
220994,0.08
221004,0.24
221008,0.27
221011,0.06
221030,0.02
221032,0.01
221035,0.0
221058,0.15
221059,0.08
221075,0.01
221079,0.12
221080,0.07
221107,0.1
221116,0.16
221129,0.12
221148,0.18
221158,0.03
221165,0.09
221169,0.01
221171,0.04
221198,0.12
221202,0.12
221205,0.14
221223,0.05
221227,0.14
221228,0.06
221234,0.05
221242,0.06
221252,0.24
221256,0.14
221260,0.1
221261,0.11
221264,0.17
221267,0.08
221272,0.08
221284,0.03
221292,0.2
221311,0.03
221322,0.15
221327,0.12
221339,0.13
221371,0.05
221372,0.17
221404,0.09
221411,0.11
221438,0.19
221451,0.01
221465,0.1
221477,0.15
221483,0.12
221493,0.1
221495,0.02
221498,0.13
221500,0.09
221506,0.07
221513,0.08
221523,0.13
221528,0.25
221529,0.18
221530,0.05
221531,0.03
221549,0.02
221550,0.04
221565,0.13
221570,0.24
221573,0.05
221575,0.02
221576,0.08
221604,0.09
221615,0.08
221626,0.02
221629,0.13
221630,0.1
221636,0.02
221656,0.04
221659,0.06
221663,0.04
221665,0.08
221675,0.07
221676,0.02
221677,0.06
221679,0.07
221707,0.02
221712,0.1
221717,0.11
221725,0.18
221733,0.06
221741,0.01
221747,0.02
221762,0.12
221763,0.08
221770,0.12
221771,0.06
221787,0.08
221793,0.03
221804,0.07
221805,0.02
221825,0.04
221827,0.15
221828,0.19
221829,0.0
221845,0.05
221859,0.12
221860,0.05
221867,0.19
221868,0.0
221870,0.16
221876,0.09
221884,0.07
221895,0.03
221911,0.0
221921,0.11
221931,0.21
221935,0.07
221955,0.15
221959,0.01
221966,0.03
221974,0.12
221981,0.05
222002,0.4
222010,0.05
222012,0.16
222013,0.24
222023,0.12
222034,0.21
222048,0.11
222052,0.27
222059,0.07
222060,0.11
222061,0.19
222067,0.05
222076,0.11
222081,0.1
222120,0.12
222121,0.05
222133,0.13
222149,0.1
222150,0.04
222153,0.05
222154,0.0
222159,0.06
222165,0.13
222167,0.01
222170,0.09
222178,0.19
222179,0.16
222188,0.11
222189,0.14
222195,0.18
222198,0.24
222224,0.04
222234,0.07
222254,0.05
222256,0.12
222264,0.05
222281,0.08
222296,0.47
222303,0.19
222309,0.06
222310,0.08
222313,0.18
222321,0.15
222322,0.04
222328,0.03
222333,0.03
222334,0.1
222338,0.02
222347,0.02
222349,0.02
222351,0.07
222352,0.03
222357,0.07
222362,0.01
222381,0.13
222392,0.05
222401,0.08
222413,0.09
222422,0.07
222423,0.03
222430,0.12
222432,0.1
222452,0.01
222459,0.14
222473,0.02
222475,0.08
222481,0.09
222482,0.03
222489,0.02
222496,0.04
222505,0.07
222516,0.29
222537,0.01
222555,0.05
222566,0.06
222572,0.08
222577,0.14
222618,0.03
222619,0.05
222624,0.02
222625,0.11
222626,0.08
222629,0.05
222634,0.01
222636,0.18
222637,0.0
222641,0.03
222646,0.01
222648,0.1
222659,0.01
222663,0.03
222665,0.0
222671,0.1
222674,0.05
222675,0.08
222707,0.03
222709,0.12
222711,0.09
222717,0.1
222728,0.14
222752,0.09
222753,0.05
222755,0.0
222765,0.06
222768,0.23
222769,0.23
222783,0.21
222799,0.07
222821,0.07
222825,0.09
222837,0.27
222862,0.12
222863,0.09
222869,0.14
222876,0.12
222892,0.07
222898,0.04
222912,0.11
222920,0.07
222926,0.18
222934,0.18
222938,0.03
222945,0.17
222947,0.03
222966,0.29
222971,0.03
222994,0.01
223008,0.13
223019,0.08
223040,0.12
223042,0.14
223049,0.04
223051,0.02
223056,0.19
223058,0.17
223064,0.02
223067,0.05
223073,0.21
223075,0.05
223078,0.03
223079,0.05
223082,0.11
223098,0.4
223112,0.05
223116,0.05
223121,0.09
223128,0.19
223135,0.07
223136,0.2
223144,0.05
223151,0.2
223157,0.17
223181,0.07
223190,0.06
223197,0.08
223205,0.01
223209,0.05
223221,0.23
223235,0.15
223238,0.05
223244,0.03
223258,0.11
223262,0.11
223272,0.1
223288,0.06
223298,0.06
223310,0.0
223320,0.04
223357,0.22
223365,0.06
223369,0.09
223375,0.29
223384,0.0
223393,0.04
223412,0.01
223428,0.04
223440,0.3
223456,0.22
223470,0.04
223471,0.08
223484,0.09
223488,0.06
223489,0.0
223490,0.14
223492,0.05
223496,0.08
223503,0.0
223507,0.12
223518,0.1
223519,0.16
223521,0.03
223524,0.04
223526,0.0
223527,0.04
223529,0.11
223534,0.01
223538,0.2
223547,0.03
223549,0.02
223551,0.08
223552,0.08
223567,0.09
223571,0.19
223582,0.1
223584,0.04
223585,0.13
223586,0.01
223588,0.04
223592,0.01
223594,0.0
223607,0.04
223608,0.04
223609,0.25
223610,0.07
223611,0.07
223635,0.15
223636,0.03
223638,0.07
223649,0.0
223670,0.17
223688,0.06
223698,0.02
223699,0.22
223716,0.04
223718,0.05
223720,0.02
223727,0.08
223729,0.01
223739,0.18
223740,0.04
223741,0.05
223750,0.01
223752,0.1
223764,0.09
223781,0.0
223783,0.06
223794,0.05
223808,0.0
223810,0.19
223814,0.07
223817,0.03
223830,0.21
223839,0.08
223849,0.09
223851,0.23
223854,0.07
223888,0.27
223914,0.09
223923,0.11
223925,0.04
223939,0.06
223949,0.09
223951,0.15
223952,0.28
223967,0.05
223971,0.32
223974,0.03
223978,0.07
223991,0.08
224008,0.0
224016,0.04
224024,0.03
224039,0.03
224040,0.19
224044,0.12
224047,0.09
224055,0.0
224061,0.21
224065,0.16
224079,0.05
224080,0.07
224089,0.05
224094,0.26
224095,0.15
224109,0.12
224111,0.01
224112,0.11
224134,0.08
224135,0.07
224138,0.05
224139,0.02
224158,0.04
224161,0.1
224171,0.09
224182,0.27
224191,0.09
224194,0.08
224195,0.12
224205,0.02
224206,0.19
224211,0.05
224213,0.02
224214,0.07
224236,0.02
224239,0.3
224241,0.28
224251,0.05
224259,0.19
224262,0.13
224263,0.08
224268,0.05
224270,0.03
224282,0.02
224300,0.02
224315,0.06
224319,0.0
224325,0.06
224337,0.05
224339,0.11
224343,0.0
224344,0.16
224347,0.05
224353,0.12
224363,0.07
224370,0.05
224379,0.06
224380,0.18
224393,0.05
224395,0.03
224407,0.05
224408,0.14
224426,0.02
224427,0.06
224428,0.03
224437,0.35
224444,0.03
224445,0.09
224459,0.06
224473,0.25
224488,0.15
224490,0.19
224493,0.15
224494,0.12
224495,0.06
224499,0.03
224524,0.01
224528,0.11
224538,0.4
224553,0.05
224554,0.08
224575,0.02
224586,0.04
224593,0.04
224599,0.03
224614,0.07
224625,0.03
224626,0.07
224627,0.17
224628,0.1
224631,0.0
224651,0.1
224658,0.06
224664,0.12
224668,0.0
224673,0.1
224674,0.04
224683,0.11
224708,0.17
224748,0.29
224756,0.05
224757,0.14
224760,0.01
224771,0.27
224772,0.15
224797,0.13
224823,0.07
224831,0.06
224841,0.06
224843,0.08
224844,0.12
224849,0.01
224855,0.14
224856,0.08
224864,0.04
224871,0.18
224876,0.22
224889,0.13
224896,0.03
224899,0.04
224912,0.02
224916,0.19
224918,0.31
224925,0.04
224929,0.09
224934,0.18
224950,0.19
224953,0.06
224956,0.06
224958,0.08
224960,0.15
224971,0.2
224975,0.06
224978,0.02
224986,0.05
224987,0.05
224990,0.11
225010,0.08
225041,0.03
225044,0.05
225045,0.18
225048,0.0
225053,0.1
225058,0.1
225075,0.09
225085,0.03
225103,0.04
225107,0.0
225114,0.16
225122,0.08
225130,0.06
225131,0.35
225132,0.05
225134,0.03
225136,0.0
225141,0.02
225145,0.01
225146,0.02
225156,0.07
225158,0.15
225165,0.18
225185,0.15
225194,0.01
225195,0.06
225223,0.05
225224,0.15
225231,0.07
225233,0.12
225246,0.21
225281,0.01
225286,0.14
225301,0.1
225302,0.05
225336,0.07
225347,0.11
225351,0.09
225362,0.06
225363,0.07
225364,0.04
225370,0.03
225374,0.03
225375,0.03
225380,0.01
225381,0.14
225382,0.02
225392,0.15
225410,0.11
225425,0.09
225431,0.09
225456,0.09
225460,0.11
225475,0.11
225478,0.03
225483,0.09
225499,0.09
225514,0.19
225517,0.04
225524,0.16
225532,0.12
225545,0.17
225546,0.21
225550,0.06
225580,0.08
225581,0.19
225582,0.03
225585,0.14
225601,0.12
225612,0.27
225621,0.02
225636,0.09
225639,0.18
225650,0.01
225654,0.03
225664,0.0
225665,0.19
225666,0.13
225686,0.08
225689,0.04
225691,0.06
225721,0.0
225733,0.01
225739,0.15
225741,0.18
225766,0.04
225776,0.31
225788,0.03
225792,0.07
225803,0.04
225804,0.07
225805,0.34
225808,0.07
225819,0.04
225826,0.12
225832,0.05
225850,0.13
225851,0.1
225854,0.07
225858,0.11
225875,0.09
225884,0.04
225890,0.11
225906,0.02
225908,0.05
225910,0.09
225920,0.29
225950,0.19
225990,0.02
225991,0.02
226010,0.12
226011,0.09
226018,0.09
226029,0.06
226030,0.04
226041,0.08
226044,0.03
226051,0.03
226054,0.16
226085,0.08
226105,0.11
226116,0.39
226130,0.1
226131,0.08
226170,0.09
226171,0.08
226176,0.08
226177,0.08
226183,0.01
226187,0.02
226188,0.11
226190,0.12
226206,0.1
226213,0.11
226214,0.22
226226,0.03
226244,0.15
226245,0.05
226251,0.1
226258,0.0
226259,0.03
226265,0.06
226291,0.31
226294,0.07
226299,0.04
226300,0.17
226301,0.17
226302,0.08
226308,0.03
226309,0.15
226318,0.08
226319,0.09
226320,0.07
226325,0.11
226334,0.19
226337,0.19
226348,0.02
226353,0.04
226361,0.06
226387,0.25
226395,0.05
226413,0.04
226416,0.04
226427,0.05
226433,0.08
226447,0.07
226487,0.06
226495,0.22
226496,0.12
226499,0.0
226501,0.3
226505,0.03
226506,0.07
226507,0.07
226516,0.07
226523,0.1
226527,0.04
226533,0.0
226537,0.1
226539,0.02
226551,0.19
226556,0.05
226557,0.06
226561,0.35
226565,0.01
226567,0.01
226590,0.01
226599,0.24
226639,0.07
226654,0.16
226664,0.08
226668,0.08
226677,0.11
226682,0.23
226689,0.1
226691,0.29
226698,0.04
226713,0.03
226720,0.03
226734,0.05
226735,0.17
226738,0.09
226742,0.0
226763,0.06
226766,0.1
226772,0.05
226779,0.25
226780,0.11
226787,0.3
226790,0.13
226792,0.16
226797,0.08
226803,0.01
226807,0.15
226827,0.07
226828,0.04
226836,0.07
226837,0.07
226838,0.14
226847,0.15
226881,0.16
226882,0.04
226884,0.06
226917,0.01
226921,0.13
226933,0.22
226938,0.09
226948,0.02
226952,0.06
226954,0.08
226965,0.02
226970,0.03
226977,0.13
226986,0.11
227005,0.0
227009,0.15
227010,0.03
227013,0.13
227019,0.23
227025,0.06
227026,0.26
227027,0.02
227029,0.02
227049,0.03
227053,0.03
227054,0.04
227058,0.02
227074,0.0
227099,0.03
227100,0.02
227109,0.08
227111,0.03
227112,0.14
227125,0.24
227145,0.12
227148,0.18
227151,0.15
227160,0.13
227165,0.09
227200,0.15
227210,0.04
227213,0.15
227235,0.01
227242,0.06
227245,0.2
227246,0.0
227248,0.05
227251,0.16
227252,0.14
227258,0.04
227264,0.09
227270,0.09
227272,0.02
227274,0.02
227281,0.03
227290,0.16
227293,0.1
227299,0.02
227306,0.04
227323,0.06
227325,0.07
227326,0.11
227332,0.06
227336,0.03
227343,0.05
227344,0.08
227345,0.09
227348,0.12
227360,0.03
227376,0.11
227386,0.14
227392,0.12
227393,0.14
227401,0.15
227404,0.18
227413,0.04
227420,0.1
227459,0.03
227460,0.05
227462,0.02
227463,0.09
227481,0.12
227482,0.03
227485,0.07
227486,0.0
227493,0.04
227500,0.07
227501,0.0
227502,0.04
227506,0.1
227523,0.09
227525,0.05
227531,0.04
227532,0.34
227535,0.01
227542,0.1
227545,0.04
227566,0.08
227578,0.06
227585,0.26
227586,0.11
227587,0.06
227590,0.02
227595,0.29
227596,0.05
227597,0.18
227600,0.14
227621,0.28
227637,0.05
227640,0.31
227649,0.23
227653,0.05
227674,0.09
227675,0.03
227680,0.09
227696,0.04
227701,0.31
227707,0.22
227713,0.15
227715,0.14
227728,0.19
227730,0.08
227731,0.0
227732,0.09
227736,0.2
227739,0.06
227740,0.22
227741,0.2
227742,0.21
227745,0.07
227749,0.34
227752,0.04
227756,0.25
227769,0.11
227779,0.08
227783,0.17
227799,0.04
227803,0.03
227818,0.02
227822,0.13
227823,0.06
227824,0.01
227825,0.02
227826,0.2
227833,0.05
227834,0.23
227837,0.06
227839,0.1
227856,0.01
227872,0.01
227876,0.04
227905,0.51
227908,0.14
227909,0.37
227912,0.07
227917,0.07
227931,0.03
227936,0.07
227939,0.23
227941,0.12
227942,0.05
227944,0.07
227945,0.17
227952,0.14
227954,0.04
227968,0.03
227975,0.07
227989,0.01
227992,0.03
227993,0.09
227996,0.02
227997,0.09
227998,0.08
228040,0.02
228044,0.12
228045,0.04
228046,0.16
228051,0.18
228052,0.06
228053,0.05
228059,0.02
228062,0.07
228070,0.03
228074,0.04
228077,0.14
228078,0.09
228097,0.13
228099,0.19
228100,0.12
228102,0.31
228103,0.05
228104,0.17
228107,0.07
228117,0.18
228123,0.03
228125,0.0
228130,0.01
228134,0.06
228141,0.06
228153,0.05
228163,0.06
228164,0.06
228166,0.07
228168,0.3
228169,0.06
228183,0.18
228198,0.14
228199,0.24
228201,0.02
228207,0.09
228209,0.1
228219,0.04
228239,0.04
228248,0.03
228260,0.07
228268,0.34
228280,0.08
228282,0.12
228288,0.01
228289,0.09
228295,0.01
228296,0.11
228297,0.14
228298,0.11
228299,0.22
228301,0.01
228322,0.15
228324,0.06
228332,0.05
228334,0.07
228342,0.11
228351,0.07
228354,0.03
228355,0.02
228362,0.01
228375,0.02
228383,0.1
228389,0.1
228392,0.08
228411,0.05
228414,0.12
228420,0.02
228424,0.02
228426,0.19
228429,0.09
228447,0.26
228455,0.05
228458,0.14
228467,0.26
228472,0.07
228479,0.05
228482,0.07
228488,0.05
228489,0.2
228499,0.05
228501,0.02
228502,0.09
228503,0.26
228509,0.09
228512,0.14
228514,0.15
228519,0.04
228530,0.02
228534,0.16
228536,0.03
228537,0.02
228538,0.13
228539,0.05
228557,0.11
228591,0.11
228592,0.0
228608,0.13
228609,0.03
228636,0.09
228647,0.09
228656,0.12
228657,0.04
228661,0.06
228663,0.15
228671,0.05
228682,0.14
228697,0.22
228698,0.06
228712,0.04
228713,0.05
228729,0.1
228730,0.07
228737,0.11
228744,0.05
228752,0.07
228761,0.25
228763,0.2
228764,0.0
228770,0.05
228774,0.03
228781,0.05
228792,0.17
228794,0.15
228796,0.06
228799,0.09
228808,0.13
228809,0.13
228810,0.02
228813,0.04
228821,0.26
228826,0.01
228830,0.06
228831,0.11
228835,0.16
228854,0.01
228855,0.09
228863,0.26
228869,0.09
228872,0.13
228885,0.16
228888,0.1
228889,0.38
228890,0.1
228891,0.03
228894,0.15
228902,0.05
228907,0.07
228915,0.21
228918,0.14
228919,0.03
228933,0.04
228946,0.01
228947,0.13
228954,0.0
228956,0.12
228958,0.22
228969,0.15
228973,0.06
228978,0.01
228979,0.37
228988,0.01
228995,0.13
229019,0.12
229037,0.04
229041,0.09
229042,0.04
229046,0.01
229048,0.02
229053,0.09
229064,0.3
229073,0.02
229074,0.03
229077,0.08
229095,0.14
229100,0.1
229103,0.15
229104,0.03
229105,0.02
229107,0.0
229115,0.09
229117,0.28
229118,0.07
229124,0.14
229125,0.0
229130,0.24
229157,0.05
229162,0.05
229185,0.06
229195,0.11
229201,0.27
229202,0.0
229219,0.09
229220,0.05
229223,0.1
229224,0.19
229229,0.06
229233,0.03
229255,0.17
229261,0.12
229262,0.18
229271,0.1
229276,0.05
229277,0.21
229278,0.12
229280,0.05
229298,0.01
229301,0.09
229316,0.14
229325,0.07
229329,0.08
229334,0.01
229336,0.1
229337,0.14
229342,0.0
229349,0.1
229357,0.03
229369,0.14
229374,0.06
229402,0.04
229427,0.21
229452,0.12
229455,0.1
229459,0.26
229462,0.07
229482,0.06
229488,0.0
229496,0.03
229507,0.02
229508,0.0
229531,0.01
229576,0.01
229595,0.03
229602,0.16
229609,0.17
229610,0.24
229614,0.21
229615,0.14
229631,0.01
229632,0.1
229638,0.04
229647,0.06
229651,0.05
229659,0.08
229663,0.1
229671,0.06
229672,0.06
229675,0.02
229684,0.02
229687,0.24
229705,0.03
229711,0.01
229713,0.07
229714,0.03
229731,0.1
229738,0.04
229742,0.28
229745,0.05
229746,0.0
229749,0.06
229765,0.08
229767,0.12
229779,0.17
229782,0.03
229802,0.1
229805,0.07
229810,0.21
229816,0.04
229828,0.09
229838,0.07
229850,0.15
229858,0.19
229860,0.06
229877,0.11
229888,0.09
229894,0.04
229898,0.04
229905,0.13
229912,0.15
229913,0.02
229921,0.18
229923,0.04
229930,0.03
229962,0.12
229963,0.22
229977,0.04
229984,0.06
229998,0.1
230012,0.03
230016,0.17
230020,0.08
230024,0.36
230037,0.06
230038,0.1
230040,0.01
230042,0.02
230044,0.16
230050,0.11
230056,0.14
230067,0.05
230076,0.04
230077,0.15
230084,0.11
230098,0.07
230107,0.1
230116,0.04
230119,0.04
230121,0.11
230122,0.14
230135,0.25
230139,0.05
230179,0.0
230180,0.09
230185,0.04
230192,0.02
230203,0.15
230216,0.04
230226,0.03
230260,0.09
230268,0.17
230289,0.25
230296,0.18
230317,0.01
230328,0.27
230329,0.24
230330,0.02
230332,0.15
230338,0.08
230343,0.08
230344,0.1
230349,0.05
230369,0.06
230379,0.18
230391,0.06
230393,0.31
230394,0.01
230402,0.06
230404,0.15
230416,0.02
230417,0.07
230423,0.16
230427,0.21
230448,0.37
230449,0.02
230451,0.0
230453,0.03
230454,0.0
230457,0.06
230458,0.26
230459,0.16
230461,0.01
230464,0.2
230494,0.01
230517,0.01
230520,0.06
230521,0.14
230534,0.08
230553,0.1
230581,0.09
230585,0.11
230590,0.07
230592,0.17
230605,0.01
230610,0.0
230623,0.15
230628,0.08
230629,0.11
230640,0.01
230641,0.16
230642,0.01
230655,0.07
230656,0.13
230662,0.05
230675,0.24
230677,0.09
230688,0.03
230709,0.21
230716,0.03
230742,0.03
230748,0.09
230763,0.02
230779,0.1
230780,0.1
230781,0.18
230783,0.05
230788,0.31
230789,0.0
230792,0.12
230817,0.02
230820,0.01
230827,0.01
230828,0.08
230860,0.06
230864,0.04
230875,0.09
230878,0.02
230880,0.13
230929,0.08
230931,0.1
230934,0.08
230939,0.08
230940,0.08
230941,0.01
230942,0.23
230982,0.05
231028,0.11
231031,0.07
231039,0.08
231048,0.02
231065,0.07
231076,0.03
231079,0.07
231082,0.08
231086,0.06
231107,0.16
231118,0.12
231127,0.01
231134,0.06
231136,0.08
231137,0.07
231156,0.05
231160,0.36
231175,0.06
231177,0.02
231189,0.11
231191,0.28
231194,0.08
231198,0.07
231203,0.05
231211,0.03
231226,0.02
231245,0.06
231257,0.11
231268,0.06
231279,0.08
231290,0.09
231298,0.06
231299,0.03
231301,0.04
231306,0.05
231312,0.09
231314,0.17
231326,0.32
231343,0.14
231353,0.08
231359,0.2
231364,0.03
231387,0.16
231392,0.08
231409,0.1
231423,0.08
231427,0.02
231429,0.12
231433,0.17
231437,0.02
231448,0.08
231454,0.42
231460,0.03
231480,0.01
231496,0.0
231504,0.14
231513,0.03
231516,0.06
231523,0.1
231529,0.07
231532,0.12
231533,0.07
231542,0.04
231546,0.04
231554,0.13
231556,0.29
231561,0.06
231562,0.18
231563,0.04
231568,0.12
231589,0.05
231598,0.14
231616,0.04
231628,0.03
231637,0.08
231641,0.05
231656,0.11
231679,0.31
231682,0.42
231689,0.04
231690,0.03
231713,0.15
231716,0.03
231726,0.02
231734,0.06
231736,0.07
231742,0.04
231754,0.25
231757,0.01
231758,0.02
231761,0.17
231771,0.0
231773,0.04
231782,0.21
231785,0.36
231786,0.0
231789,0.01
231790,0.05
231791,0.12
231804,0.18
231835,0.07
231837,0.05
231840,0.15
231845,0.14
231863,0.34
231867,0.11
231874,0.06
231877,0.1
231887,0.03
231892,0.13
231899,0.01
231912,0.24
231914,0.11
231924,0.13
231927,0.09
231935,0.04
231938,0.19
231940,0.39
231947,0.05
231954,0.03
231955,0.13
231956,0.03
231969,0.02
231982,0.01
231983,0.02
231984,0.07
231987,0.01
232006,0.08
232012,0.04
232022,0.02
232023,0.13
232028,0.03
232034,0.04
232047,0.05
232050,0.03
232054,0.08
232063,0.08
232066,0.01
232081,0.11
232083,0.13
232094,0.12
232103,0.0
232108,0.08
232110,0.02
232122,0.07
232123,0.05
232132,0.01
232148,0.32
232149,0.06
232152,0.21
232157,0.12
232164,0.06
232170,0.08
232172,0.06
232174,0.12
232177,0.07
232227,0.23
232228,0.02
232237,0.0
232256,0.15
232275,0.08
232278,0.02
232279,0.02
232282,0.04
232285,0.16
232288,0.03
232301,0.09
232303,0.04
232309,0.06
232325,0.17
232329,0.07
232331,0.02
232335,0.09
232370,0.1
232371,0.01
232372,0.01
232390,0.23
232391,0.05
232392,0.09
232410,0.01
232423,0.01
232426,0.09
232428,0.37
232450,0.11
232466,0.19
232478,0.05
232493,0.02
232506,0.03
232516,0.29
232518,0.09
232530,0.11
232534,0.07
232535,0.16
232541,0.03
232547,0.09
232552,0.08
232558,0.08
232559,0.01
232560,0.08
232566,0.08
232570,0.04
232575,0.16
232578,0.02
232590,0.14
232615,0.09
232640,0.13
232643,0.02
232664,0.07
232676,0.0
232699,0.03
232702,0.1
232720,0.07
232733,0.05
232736,0.05
232738,0.04
232752,0.04
232758,0.05
232779,0.08
232784,0.29
232790,0.07
232799,0.09
232823,0.02
232824,0.02
232842,0.07
232849,0.03
232853,0.1
232859,0.11
232862,0.08
232864,0.03
232866,0.05
232869,0.04
232871,0.02
232876,0.06
232881,0.02
232898,0.35
232899,0.07
232914,0.15
232917,0.07
232923,0.0
232925,0.0
232942,0.28
232943,0.07
232965,0.01
232968,0.24
232972,0.0
232980,0.14
232999,0.02
233013,0.16
233021,0.18
233022,0.06
233054,0.15
233059,0.14
233065,0.08
233071,0.08
233074,0.02
233093,0.07
233095,0.16
233102,0.13
233104,0.17
233107,0.03
233108,0.05
233109,0.22
233112,0.18
233113,0.04
233122,0.07
233125,0.14
233126,0.06
233170,0.02
233171,0.08
233172,0.26
233175,0.03
233179,0.04
233189,0.05
233223,0.12
233224,0.01
233228,0.02
233247,0.34
233249,0.2
233263,0.05
233271,0.03
233273,0.03
233301,0.09
233305,0.19
233310,0.09
233311,0.11
233312,0.06
233324,0.02
233326,0.15
233327,0.02
233335,0.09
233349,0.09
233352,0.14
233362,0.07
233373,0.08
233390,0.14
233393,0.13
233400,0.15
233401,0.12
233404,0.09
233405,0.05
233406,0.04
233411,0.01
233421,0.04
233423,0.11
233424,0.08
233427,0.08
233429,0.34
233431,0.07
233432,0.1
233438,0.06
233448,0.06
233450,0.15
233451,0.03
233453,0.02
233480,0.08
233482,0.12
233483,0.11
233489,0.31
233490,0.1
233496,0.37
233497,0.14
233508,0.39
233509,0.12
233512,0.04
233517,0.17
233526,0.13
233528,0.04
233544,0.06
233554,0.14
233566,0.12
233572,0.02
233575,0.02
233578,0.09
233582,0.33
233583,0.2
233589,0.02
233594,0.16
233603,0.16
233627,0.04
233632,0.17
233639,0.03
233651,0.2
233652,0.23
233658,0.01
233675,0.03
233677,0.1
233682,0.08
233688,0.04
233689,0.17
233692,0.07
233697,0.14
233704,0.17
233709,0.23
233711,0.05
233721,0.04
233729,0.07
233734,0.03
233744,0.01
233764,0.07
233775,0.09
233783,0.13
233792,0.11
233796,0.13
233797,0.02
233798,0.11
233810,0.04
233818,0.06
233819,0.11
233830,0.01
233831,0.05
233838,0.01
233852,0.05
233854,0.06
233856,0.0
233858,0.04
233883,0.02
233888,0.05
233889,0.02
233892,0.04
233893,0.01
233894,0.09
233895,0.16
233901,0.05
233927,0.11
233928,0.05
233929,0.09
233960,0.03
233965,0.06
233970,0.11
233975,0.07
233981,0.1
233991,0.25
234012,0.05
234016,0.06
234024,0.03
234025,0.0
234027,0.35
234034,0.09
234035,0.03
234048,0.0
234069,0.06
234077,0.02
234086,0.14
234103,0.05
234110,0.04
234115,0.06
234126,0.04
234135,0.3
234136,0.06
234147,0.05
234151,0.05
234159,0.01
234163,0.03
234174,0.1
234186,0.01
234187,0.07
234192,0.06
234198,0.1
234205,0.08
234215,0.13
234220,0.02
234225,0.06
234227,0.08
234228,0.0
234231,0.12
234232,0.14
234236,0.11
234239,0.07
234240,0.14
234242,0.04
234262,0.21
234267,0.17
234283,0.01
234284,0.03
234286,0.03
234291,0.05
234302,0.26
234303,0.12
234308,0.05
234320,0.11
234326,0.12
234336,0.12
234340,0.09
234362,0.01
234365,0.03
234371,0.07
234373,0.08
234395,0.08
234400,0.09
234404,0.02
234412,0.14
234431,0.04
234433,0.21
234440,0.05
234453,0.09
234454,0.08
234460,0.04
234470,0.13
234473,0.06
234502,0.13
234503,0.07
234507,0.27
234529,0.21
234531,0.06
234543,0.05
234550,0.11
234556,0.1
234560,0.04
234567,0.02
234580,0.06
234582,0.17
234594,0.03
234599,0.05
234604,0.04
234605,0.23
234611,0.03
234617,0.03
234648,0.04
234660,0.0
234661,0.15
234663,0.1
234664,0.06
234670,0.08
234671,0.05
234673,0.14
234687,0.12
234688,0.05
234690,0.05
234694,0.05
234695,0.02
234704,0.26
234705,0.25
234710,0.26
234718,0.12
234719,0.1
234732,0.03
234739,0.1
234755,0.08
234760,0.08
234778,0.06
234781,0.03
234786,0.14
234788,0.05
234789,0.0
234802,0.02
234809,0.4
234814,0.09
234823,0.02
234825,0.04
234829,0.11
234838,0.09
234847,0.04
234876,0.0
234908,0.35
234914,0.02
234917,0.1
234935,0.11
234936,0.06
234941,0.15
234942,0.18
234943,0.06
234946,0.11
234947,0.04
234960,0.09
234967,0.06
234980,0.24
234990,0.27
234996,0.03
234999,0.06
235002,0.2
235021,0.14
235025,0.1
235034,0.04
235037,0.1
235046,0.03
235051,0.03
235052,0.13
235054,0.04
235061,0.05
235066,0.02
235076,0.02
235087,0.02
235089,0.11
235091,0.11
235107,0.04
235118,0.01
235123,0.12
235134,0.07
235137,0.15
235146,0.01
235147,0.2
235153,0.02
235166,0.13
235168,0.09
235183,0.02
235187,0.07
235189,0.11
235202,0.09
235214,0.01
235215,0.01
235216,0.25
235219,0.13
235223,0.1
235231,0.11
235240,0.03
235252,0.03
235253,0.01
235254,0.02
235259,0.18
235270,0.08
235275,0.08
235283,0.2
235291,0.13
235306,0.03
235327,0.08
235337,0.23
235342,0.0
235356,0.01
235357,0.08
235372,0.27
235378,0.16
235386,0.02
235401,0.01
235403,0.01
235423,0.04
235424,0.05
235434,0.22
235435,0.01
235438,0.18
235451,0.07
235452,0.05
235454,0.06
235456,0.02
235459,0.19
235460,0.04
235463,0.14
235491,0.19
235492,0.13
235501,0.07
235505,0.08
235512,0.08
235519,0.16
235549,0.1
235592,0.02
235597,0.02
235601,0.03
235602,0.18
235612,0.16
235617,0.06
235622,0.08
235636,0.2
235641,0.01
235644,0.02
235645,0.07
235651,0.13
235664,0.01
235668,0.24
235677,0.0
235692,0.04
235693,0.0
235698,0.09
235722,0.34
235741,0.03
235743,0.27
235752,0.02
235757,0.04
235766,0.0
235768,0.03
235769,0.12
235775,0.04
235778,0.2
235782,0.31
235791,0.13
235792,0.04
235796,0.04
235797,0.18
235799,0.32
235803,0.04
235804,0.26
235809,0.12
235811,0.22
235812,0.01
235827,0.14
235837,0.03
235839,0.03
235850,0.39
235852,0.12
235854,0.1
235860,0.02
235862,0.11
235869,0.07
235877,0.07
235889,0.07
235890,0.39
235891,0.13
235893,0.02
235900,0.04
235901,0.01
235914,0.03
235915,0.11
235924,0.19
235950,0.05
235968,0.08
235977,0.11
235978,0.03
235980,0.12
235990,0.09
235999,0.1
236002,0.19
236022,0.02
236033,0.06
236034,0.06
236037,0.23
236038,0.05
236039,0.14
236040,0.01
236053,0.15
236064,0.01
236068,0.02
236069,0.12
236094,0.16
236107,0.18
236123,0.07
236143,0.02
236214,0.07
236215,0.11
236221,0.22
236229,0.03
236234,0.03
236236,0.02
236237,0.02
236239,0.19
236266,0.3
236271,0.01
236283,0.09
236286,0.04
236287,0.11
236289,0.1
236293,0.13
236302,0.11
236303,0.07
236313,0.07
236324,0.06
236330,0.04
236332,0.2
236345,0.09
236350,0.04
236352,0.33
236359,0.06
236362,0.1
236373,0.12
236378,0.13
236391,0.02
236395,0.16
236412,0.08
236418,0.08
236421,0.04
236451,0.09
236454,0.02
236457,0.08
236463,0.16
236469,0.16
236476,0.09
236485,0.07
236508,0.07
236509,0.05
236525,0.13
236527,0.1
236529,0.05
236555,0.08
236562,0.16
236568,0.1
236569,0.17
236580,0.05
236581,0.01
236583,0.1
236586,0.06
236594,0.08
236631,0.06
236632,0.12
236634,0.09
236638,0.02
236643,0.11
236648,0.13
236655,0.1
236656,0.08
236657,0.09
236663,0.08
236681,0.03
236683,0.07
236691,0.02
236698,0.06
236713,0.02
236727,0.29
236732,0.12
236733,0.01
236735,0.0
236737,0.05
236749,0.04
236750,0.02
236752,0.06
236765,0.01
236766,0.09
236769,0.14
236771,0.1
236774,0.16
236775,0.15
236790,0.19
236793,0.01
236797,0.25
236798,0.02
236809,0.11
236821,0.14
236831,0.05
236836,0.01
236838,0.03
236849,0.04
236852,0.12
236860,0.07
236862,0.02
236865,0.02
236873,0.1
236885,0.18
236891,0.04
236894,0.04
236904,0.2
236905,0.02
236911,0.06
236939,0.03
236948,0.02
236950,0.05
236957,0.07
236965,0.18
236974,0.12
236975,0.02
236981,0.01
236985,0.05
236995,0.16
237023,0.13
237025,0.02
237038,0.05
237058,0.15
237060,0.15
237078,0.07
237079,0.06
237080,0.23
237084,0.02
237086,0.01
237087,0.02
237091,0.19
237092,0.04
237093,0.02
237094,0.03
237103,0.04
237116,0.13
237118,0.1
237126,0.1
237136,0.01
237144,0.22
237149,0.14
237150,0.22
237157,0.08
237158,0.06
237170,0.07
237171,0.1
237193,0.0
237196,0.13
237200,0.02
237248,0.2
237254,0.16
237256,0.02
237257,0.03
237267,0.15
237268,0.05
237269,0.04
237271,0.01
237280,0.07
237301,0.05
237304,0.15
237308,0.04
237311,0.29
237334,0.04
237338,0.32
237344,0.03
237361,0.05
237362,0.23
237368,0.07
237369,0.04
237371,0.23
237373,0.21
237377,0.08
237378,0.03
237383,0.04
237386,0.0
237392,0.02
237399,0.01
237408,0.09
237411,0.03
237414,0.02
237417,0.1
237424,0.1
237439,0.1
237457,0.04
237458,0.07
237459,0.02
237471,0.09
237474,0.14
237475,0.06
237476,0.06
237490,0.01
237491,0.0
237495,0.08
237501,0.08
237512,0.12
237516,0.06
237518,0.14
237528,0.07
237529,0.1
237537,0.2
237543,0.04
237547,0.03
237552,0.07
237563,0.07
237585,0.03
237598,0.17
237606,0.06
237624,0.24
237632,0.02
237635,0.03
237640,0.03
237642,0.14
237647,0.05
237648,0.17
237651,0.26
237657,0.01
237663,0.07
237692,0.06
237701,0.16
237715,0.11
237726,0.03
237728,0.15
237731,0.01
237732,0.18
237746,0.04
237759,0.1
237768,0.04
237772,0.32
237780,0.31
237787,0.1
237792,0.09
237804,0.12
237812,0.16
237815,0.09
237821,0.06
237827,0.2
237845,0.08
237862,0.05
237869,0.11
237872,0.06
237900,0.36
237909,0.05
237917,0.06
237921,0.06
237951,0.18
237952,0.12
237957,0.02
237960,0.17
237963,0.05
237973,0.0
237984,0.15
237990,0.21
237997,0.1
237998,0.15
238025,0.12
238027,0.02
238052,0.0
238053,0.14
238054,0.1
238065,0.02
238066,0.12
238075,0.08
238082,0.09
238087,0.12
238114,0.18
238117,0.17
238127,0.11
238129,0.08
238133,0.09
238135,0.04
238152,0.05
238157,0.1
238163,0.03
238170,0.02
238176,0.04
238180,0.15
238195,0.08
238198,0.12
238199,0.01
238206,0.14
238218,0.07
238219,0.02
238222,0.1
238224,0.09
238230,0.13
238237,0.15
238238,0.05
238247,0.05
238254,0.11
238256,0.0
238257,0.01
238270,0.07
238278,0.12
238279,0.08
238282,0.08
238286,0.02
238293,0.23
238298,0.05
238299,0.02
238306,0.14
238307,0.04
238308,0.01
238322,0.07
238327,0.02
238328,0.13
238330,0.0
238335,0.04
238347,0.06
238355,0.15
238356,0.14
238361,0.05
238367,0.06
238377,0.05
238413,0.02
238419,0.17
238436,0.04
238437,0.16
238443,0.06
238450,0.0
238452,0.05
238453,0.1
238454,0.21
238457,0.07
238467,0.2
238469,0.05
238470,0.0
238474,0.32
238478,0.12
238480,0.13
238492,0.0
238496,0.12
238500,0.03
238508,0.28
238512,0.07
238520,0.02
238540,0.11
238548,0.03
238549,0.01
238550,0.01
238563,0.04
238586,0.05
238607,0.11
238608,0.01
238615,0.03
238623,0.11
238627,0.04
238630,0.21
238635,0.02
238638,0.13
238642,0.01
238646,0.05
238656,0.06
238665,0.05
238674,0.02
238687,0.01
238702,0.07
238703,0.02
238705,0.06
238712,0.48
238716,0.03
238717,0.04
238718,0.04
238747,0.19
238754,0.2
238767,0.04
238793,0.01
238794,0.21
238796,0.09
238806,0.05
238832,0.2
238833,0.01
238840,0.24
238850,0.0
238853,0.12
238855,0.02
238858,0.02
238867,0.28
238868,0.07
238869,0.11
238873,0.02
238879,0.19
238893,0.1
238903,0.06
238904,0.13
238906,0.04
238928,0.11
238933,0.04
238941,0.02
238945,0.02
238947,0.04
238954,0.02
238963,0.15
238986,0.17
239003,0.3
239018,0.05
239019,0.12
239020,0.18
239021,0.07
239031,0.14
239042,0.03
239051,0.03
239056,0.08
239058,0.0
239075,0.02
239078,0.04
239079,0.11
239081,0.02
239082,0.22
239085,0.02
239100,0.06
239104,0.05
239120,0.05
239123,0.05
239140,0.31
239144,0.06
239145,0.07
239146,0.03
239153,0.09
239155,0.03
239161,0.06
239168,0.22
239177,0.01
239180,0.11
239193,0.04
239199,0.04
239206,0.01
239207,0.11
239209,0.05
239221,0.14
239225,0.02
239227,0.08
239237,0.04
239249,0.05
239273,0.45
239282,0.06
239290,0.22
239298,0.07
239302,0.23
239307,0.19
239309,0.01
239314,0.06
239319,0.18
239328,0.06
239334,0.02
239343,0.05
239344,0.12
239356,0.09
239357,0.15
239428,0.01
239429,0.14
239453,0.0
239471,0.18
239479,0.2
239480,0.09
239485,0.12
239489,0.09
239518,0.18
239522,0.1
239525,0.0
239540,0.13
239567,0.01
239573,0.06
239574,0.05
239578,0.09
239587,0.15
239588,0.22
239597,0.09
239603,0.01
239612,0.13
239616,0.31
239617,0.04
239618,0.22
239631,0.13
239639,0.11
239644,0.05
239672,0.04
239680,0.09
239685,0.04
239687,0.02
239715,0.03
239722,0.13
239733,0.02
239746,0.02
239748,0.09
239760,0.31
239765,0.14
239766,0.23
239774,0.07
239775,0.04
239788,0.19
239795,0.06
239796,0.07
239801,0.11
239808,0.07
239816,0.04
239819,0.03
239825,0.21
239832,0.15
239840,0.03
239845,0.02
239853,0.06
239862,0.06
239867,0.11
239873,0.05
239884,0.02
239920,0.08
239924,0.11
239937,0.05
239938,0.06
239948,0.07
239951,0.15
239952,0.07
239996,0.11
239998,0.13
240013,0.1
240027,0.08
240028,0.11
240036,0.19
240041,0.19
240046,0.04
240063,0.03
240076,0.04
240082,0.08
240086,0.09
240087,0.04
240089,0.11
240090,0.06
240093,0.33
240110,0.16
240111,0.1
240113,0.01
240117,0.08
240118,0.06
240120,0.1
240125,0.13
240130,0.08
240131,0.29
240133,0.09
240138,0.11
240149,0.13
240161,0.02
240177,0.15
240188,0.16
240197,0.04
240204,0.08
240215,0.12
240257,0.05
240266,0.04
240284,0.13
240296,0.15
240300,0.11
240312,0.04
240314,0.2
240320,0.12
240321,0.19
240337,0.01
240339,0.12
240341,0.08
240342,0.05
240346,0.02
240348,0.25
240364,0.02
240378,0.08
240382,0.15
240387,0.07
240404,0.09
240409,0.04
240412,0.05
240413,0.26
240414,0.01
240415,0.03
240416,0.03
240427,0.02
240428,0.11
240438,0.14
240447,0.02
240489,0.25
240494,0.21
240495,0.04
240507,0.02
240526,0.13
240530,0.22
240531,0.04
240554,0.01
240559,0.16
240561,0.05
240577,0.19
240578,0.05
240585,0.04
240587,0.02
240594,0.05
240603,0.07
240615,0.02
240629,0.14
240631,0.02
240637,0.04
240646,0.23
240649,0.12
240657,0.03
240664,0.2
240665,0.35
240668,0.07
240670,0.11
240685,0.2
240689,0.25
240702,0.07
240707,0.08
240709,0.03
240712,0.15
240716,0.11
240717,0.01
240725,0.05
240733,0.01
240742,0.13
240744,0.01
240819,0.14
240820,0.02
240826,0.06
240836,0.18
240839,0.02
240847,0.21
240859,0.15
240866,0.09
240868,0.32
240875,0.09
240878,0.0
240888,0.11
240896,0.1
240897,0.06
240898,0.2
240899,0.28
240900,0.08
240901,0.2
240902,0.01
240903,0.1
240904,0.03
240910,0.18
240916,0.12
240921,0.15
240923,0.05
240929,0.08
240930,0.09
240931,0.01
240932,0.09
240938,0.16
240943,0.03
240948,0.05
240954,0.06
240972,0.01
240992,0.06
240993,0.13
240994,0.05
241018,0.1
241026,0.01
241031,0.31
241052,0.04
241060,0.04
241076,0.05
241113,0.01
241116,0.11
241118,0.18
241121,0.12
241130,0.2
241142,0.03
241146,0.07
241159,0.08
241160,0.07
241161,0.2
241163,0.23
241176,0.01
241187,0.05
241188,0.11
241191,0.12
241192,0.09
241198,0.31
241208,0.31
241210,0.06
241226,0.02
241244,0.16
241252,0.09
241254,0.02
241256,0.12
241264,0.11
241266,0.08
241267,0.12
241274,0.05
241279,0.04
241281,0.12
241284,0.07
241293,0.02
241330,0.01
241333,0.13
241344,0.36
241348,0.1
241359,0.08
241362,0.19
241372,0.05
241377,0.01
241381,0.18
241390,0.08
241395,0.04
241397,0.02
241401,0.04
241402,0.11
241415,0.03
241417,0.1
241426,0.25
241432,0.08
241436,0.0
241444,0.02
241447,0.14
241456,0.02
241457,0.04
241464,0.09
241465,0.11
241469,0.11
241479,0.0
241482,0.13
241488,0.1
241489,0.07
241507,0.15
241509,0.02
241511,0.01
241520,0.01
241523,0.03
241536,0.22
241545,0.13
241574,0.0
241577,0.19
241599,0.1
241608,0.07
241627,0.01
241631,0.07
241640,0.0
241642,0.02
241645,0.09
241647,0.01
241649,0.23
241654,0.39
241655,0.03
241657,0.1
241665,0.03
241671,0.05
241678,0.14
241683,0.08
241686,0.04
241699,0.02
241704,0.27
241706,0.05
241709,0.01
241718,0.03
241723,0.15
241729,0.05
241739,0.08
241741,0.17
241752,0.05
241756,0.09
241763,0.0
241779,0.1
241793,0.07
241797,0.08
241804,0.04
241813,0.08
241816,0.12
241817,0.07
241821,0.0
241838,0.07
241839,0.09
241855,0.15
241857,0.0
241887,0.02
241888,0.07
241899,0.25
241903,0.2
241908,0.17
241914,0.03
241919,0.05
241933,0.04
241943,0.01
241947,0.26
241957,0.27
241960,0.18
241961,0.07
241965,0.15
241971,0.05
241982,0.05
241990,0.01
242011,0.07
242022,0.08
242023,0.2
242025,0.14
242035,0.07
242037,0.14
242043,0.01
242067,0.02
242075,0.07
242077,0.1
242088,0.13
242103,0.0
242125,0.09
242134,0.16
242143,0.02
242144,0.06
242148,0.11
242155,0.12
242163,0.07
242171,0.07
242182,0.05
242185,0.01
242188,0.09
242201,0.22
242203,0.06
242204,0.02
242208,0.18
242210,0.03
242217,0.1
242219,0.13
242222,0.1
242224,0.37
242229,0.1
242231,0.45
242236,0.2
242256,0.18
242264,0.06
242269,0.07
242280,0.27
242281,0.05
242285,0.11
242295,0.05
242302,0.26
242314,0.04
242319,0.24
242332,0.07
242338,0.04
242342,0.18
242343,0.04
242345,0.01
242354,0.01
242361,0.04
242365,0.22
242373,0.07
242378,0.06
242383,0.1
242385,0.09
242389,0.0
242397,0.16
242404,0.27
242406,0.21
242410,0.12
242436,0.09
242439,0.04
242440,0.11
242444,0.04
242445,0.19
242455,0.09
242477,0.14
242479,0.13
242484,0.06
242491,0.09
242492,0.05
242497,0.08
242498,0.01
242499,0.21
242500,0.13
242501,0.14
242502,0.1
242516,0.09
242518,0.1
242523,0.17
242525,0.04
242537,0.09
242549,0.1
242550,0.07
242553,0.02
242554,0.01
242561,0.02
242566,0.22
242567,0.3
242587,0.03
242598,0.22
242609,0.25
242611,0.07
242614,0.11
242617,0.17
242622,0.12
242623,0.06
242629,0.02
242633,0.08
242636,0.07
242637,0.15
242642,0.06
242651,0.06
242655,0.02
242667,0.02
242668,0.05
242670,0.07
242681,0.04
242689,0.06
242690,0.39
242692,0.14
242693,0.05
242699,0.06
242706,0.0
242712,0.04
242714,0.06
242715,0.03
242721,0.04
242725,0.04
242728,0.03
242740,0.04
242741,0.09
242762,0.17
242766,0.12
242772,0.08
242779,0.02
242782,0.04
242795,0.09
242796,0.04
242800,0.02
242810,0.05
242816,0.05
242824,0.18
242829,0.32
242833,0.03
242837,0.04
242851,0.02
242857,0.09
242858,0.08
242860,0.07
242874,0.06
242876,0.04
242877,0.0
242879,0.01
242890,0.07
242897,0.03
242898,0.13
242904,0.01
242916,0.05
242920,0.07
242924,0.25
242930,0.04
242936,0.08
242938,0.05
242951,0.08
242952,0.1
242956,0.02
242970,0.34
242972,0.1
242973,0.09
242975,0.01
242979,0.2
242985,0.03
242989,0.09
242994,0.23
242996,0.18
243004,0.13
243013,0.05
243015,0.07
243017,0.03
243022,0.0
243075,0.15
243077,0.04
243089,0.01
243096,0.16
243099,0.02
243109,0.02
243110,0.01
243111,0.05
243112,0.24
243114,0.07
243124,0.19
243128,0.14
243136,0.07
243143,0.1
243148,0.06
243151,0.04
243152,0.04
243163,0.08
243170,0.1
243173,0.04
243184,0.15
243187,0.08
243193,0.09
243206,0.09
243208,0.04
243236,0.1
243237,0.05
243241,0.01
243244,0.05
243251,0.03
243256,0.03
243257,0.05
243263,0.07
243265,0.03
243276,0.04
243283,0.13
243287,0.0
243289,0.07
243291,0.04
243294,0.02
243299,0.27
243301,0.15
243302,0.07
243310,0.08
243313,0.24
243334,0.13
243335,0.01
243345,0.06
243353,0.09
243369,0.1
243371,0.19
243375,0.12
243383,0.12
243387,0.0
243390,0.2
243398,0.01
243399,0.06
243401,0.03
243412,0.0
243430,0.04
243433,0.04
243440,0.04
243445,0.1
243475,0.16
243481,0.04
243501,0.21
243518,0.24
243528,0.01
243544,0.06
243550,0.05
243555,0.08
243558,0.14
243559,0.11
243569,0.09
243580,0.05
243581,0.01
243590,0.06
243611,0.05
243619,0.0
243643,0.06
243659,0.14
243664,0.09
243665,0.18
243679,0.0
243680,0.15
243681,0.11
243689,0.13
243699,0.27
243700,0.12
243703,0.18
243714,0.24
243734,0.15
243741,0.23
243747,0.06
243757,0.14
243764,0.21
243766,0.05
243770,0.11
243774,0.14
243777,0.0
243778,0.06
243783,0.2
243788,0.17
243801,0.25
243802,0.03
243805,0.32
243821,0.1
243828,0.06
243831,0.03
243838,0.27
243850,0.05
243861,0.05
243871,0.38
243873,0.11
243874,0.1
243875,0.13
243891,0.07
243893,0.09
243900,0.13
243907,0.05
243908,0.35
243916,0.11
243921,0.01
243943,0.02
243958,0.21
243963,0.26
243965,0.11
243968,0.08
243978,0.17
243993,0.03
243996,0.04
244004,0.28
244006,0.07
244045,0.1
244046,0.03
244047,0.01
244049,0.0
244051,0.16
244058,0.09
244093,0.13
244100,0.1
244102,0.12
244104,0.08
244108,0.01
244112,0.08
244114,0.15
244134,0.02
244136,0.15
244140,0.01
244151,0.02
244152,0.11
244164,0.16
244168,0.08
244173,0.02
244176,0.0
244179,0.08
244189,0.18
244201,0.04
244205,0.38
244212,0.14
244216,0.08
244226,0.16
244228,0.17
244238,0.11
244246,0.09
244252,0.03
244257,0.04
244266,0.08
244268,0.11
244280,0.07
244290,0.13
244294,0.19
244295,0.12
244296,0.29
244298,0.16
244307,0.17
244321,0.0
244322,0.25
244324,0.07
244335,0.05
244346,0.16
244364,0.09
244372,0.2
244377,0.11
244387,0.17
244388,0.1
244395,0.13
244396,0.09
244403,0.08
244416,0.14
244417,0.03
244420,0.03
244421,0.15
244428,0.07
244429,0.1
244432,0.1
244456,0.23
244460,0.06
244461,0.17
244464,0.07
244470,0.03
244475,0.09
244484,0.13
244487,0.0
244489,0.06
244498,0.09
244526,0.1
244529,0.28
244534,0.05
244536,0.03
244543,0.24
244545,0.02
244555,0.05
244560,0.18
244562,0.15
244570,0.06
244572,0.13
244574,0.06
244605,0.06
244612,0.13
244624,0.03
244631,0.0
244632,0.17
244643,0.02
244652,0.05
244666,0.02
244671,0.05
244672,0.04
244683,0.07
244690,0.08
244696,0.09
244703,0.09
244710,0.18
244713,0.09
244719,0.01
244724,0.22
244736,0.06
244763,0.09
244764,0.15
244765,0.14
244767,0.24
244772,0.1
244786,0.08
244789,0.13
244794,0.04
244799,0.0
244810,0.01
244815,0.04
244830,0.02
244848,0.13
244852,0.08
244866,0.04
244867,0.09
244874,0.12
244887,0.1
244891,0.05
244897,0.2
244898,0.06
244909,0.13
244910,0.06
244913,0.04
244925,0.09
244928,0.12
244932,0.09
244942,0.02
244943,0.02
244949,0.16
244954,0.02
244971,0.14
244973,0.33
244989,0.3
245001,0.14
245012,0.06
245026,0.26
245030,0.11
245036,0.08
245049,0.15
245057,0.01
245062,0.15
245063,0.08
245074,0.03
245076,0.1
245105,0.03
245106,0.06
245121,0.01
245124,0.12
245129,0.04
245133,0.07
245138,0.09
245150,0.06
245156,0.07
245157,0.05
245168,0.13
245170,0.13
245177,0.04
245178,0.1
245182,0.13
245208,0.24
245219,0.09
245221,0.01
245222,0.09
245224,0.02
245225,0.0
245233,0.02
245234,0.13
245244,0.12
245253,0.37
245260,0.05
245272,0.06
245281,0.08
245296,0.21
245297,0.12
245303,0.03
245309,0.07
245313,0.2
245316,0.01
245328,0.05
245344,0.07
245351,0.06
245357,0.13
245367,0.11
245369,0.33
245376,0.03
245381,0.13
245411,0.26
245426,0.09
245428,0.03
245430,0.21
245437,0.17
245443,0.11
245450,0.02
245452,0.08
245468,0.04
245481,0.0
245486,0.06
245496,0.07
245501,0.16
245502,0.04
245503,0.02
245564,0.21
245567,0.16
245568,0.12
245576,0.32
245577,0.03
245578,0.05
245595,0.09
245598,0.27
245604,0.08
245611,0.02
245615,0.15
245617,0.09
245627,0.16
245659,0.01
245661,0.17
245681,0.02
245687,0.04
245697,0.12
245708,0.06
245713,0.05
245717,0.0
245720,0.08
245721,0.06
245724,0.04
245728,0.1
245738,0.05
245746,0.02
245747,0.04
245748,0.18
245766,0.05
245767,0.12
245784,0.08
245792,0.05
245802,0.31
245804,0.03
245815,0.04
245820,0.11
245830,0.19
245834,0.07
245836,0.16
245844,0.08
245853,0.14
245862,0.02
245863,0.14
245882,0.11
245892,0.07
245906,0.06
245913,0.06
245926,0.03
245932,0.13
245933,0.03
245934,0.19
245939,0.24
245948,0.05
245955,0.06
245957,0.01
245967,0.08
245979,0.19
245980,0.15
245989,0.08
245992,0.03
245994,0.09
246006,0.03
246010,0.04
246017,0.13
246041,0.06
246045,0.07
246053,0.08
246057,0.02
246059,0.09
246061,0.14
246079,0.02
246082,0.0
246089,0.02
246091,0.04
246102,0.05
246127,0.2
246134,0.02
246135,0.03
246138,0.22
246143,0.06
246146,0.09
246148,0.06
246152,0.22
246155,0.07
246164,0.04
246171,0.11
246185,0.04
246192,0.22
246200,0.2
246208,0.04
246210,0.04
246213,0.16
246214,0.06
246229,0.03
246242,0.23
246250,0.04
246258,0.06
246267,0.35
246273,0.04
246287,0.03
246289,0.0
246290,0.19
246302,0.1
246303,0.02
246304,0.09
246312,0.09
246319,0.32
246321,0.04
246335,0.05
246337,0.08
246348,0.09
246358,0.24
246362,0.15
246369,0.03
246374,0.06
246382,0.1
246384,0.05
246386,0.15
246390,0.1
246396,0.02
246400,0.05
246401,0.09
246405,0.02
246415,0.27
246416,0.04
246418,0.22
246422,0.06
246423,0.08
246426,0.28
246429,0.28
246432,0.04
246444,0.03
246448,0.05
246455,0.11
246469,0.08
246482,0.0
246488,0.17
246489,0.15
246491,0.04
246502,0.02
246516,0.03
246524,0.21
246525,0.14
246543,0.12
246550,0.21
246554,0.06
246558,0.0
246559,0.09
246560,0.06
246561,0.14
246562,0.07
246564,0.02
246585,0.23
246615,0.13
246618,0.09
246619,0.03
246621,0.14
246624,0.11
246625,0.01
246627,0.16
246628,0.11
246631,0.06
246633,0.2
246654,0.01
246660,0.06
246665,0.2
246669,0.06
246681,0.0
246700,0.18
246705,0.02
246708,0.12
246711,0.23
246724,0.16
246740,0.03
246744,0.11
246745,0.18
246746,0.04
246748,0.04
246752,0.16
246758,0.15
246762,0.1
246765,0.09
246786,0.07
246798,0.02
246807,0.21
246816,0.06
246820,0.02
246833,0.18
246835,0.42
246836,0.11
246845,0.14
246849,0.04
246857,0.16
246861,0.08
246871,0.03
246872,0.17
246877,0.0
246879,0.04
246894,0.16
246896,0.05
246905,0.14
246907,0.19
246928,0.0
246935,0.02
246939,0.04
246947,0.01
246951,0.03
246956,0.01
246972,0.14
246979,0.02
247003,0.05
247005,0.09
247006,0.09
247008,0.04
247014,0.12
247027,0.02
247032,0.09
247036,0.08
247080,0.07
247083,0.04
247086,0.05
247092,0.12
247098,0.05
247103,0.06
247105,0.08
247108,0.03
247118,0.16
247123,0.04
247129,0.17
247139,0.04
247147,0.14
247153,0.22
247157,0.02
247179,0.04
247190,0.03
247213,0.01
247220,0.04
247234,0.04
247260,0.01
247265,0.1
247269,0.34
247272,0.04
247277,0.21
247278,0.28
247280,0.12
247290,0.03
247296,0.07
247314,0.14
247316,0.1
247328,0.15
247332,0.07
247336,0.3
247340,0.11
247342,0.03
247347,0.07
247350,0.08
247351,0.07
247353,0.09
247354,0.04
247360,0.07
247371,0.16
247378,0.04
247394,0.12
247402,0.04
247406,0.04
247409,0.06
247446,0.01
247453,0.03
247455,0.15
247463,0.01
247484,0.02
247485,0.08
247492,0.06
247497,0.15
247510,0.05
247521,0.11
247527,0.04
247534,0.1
247537,0.03
247558,0.08
247559,0.06
247560,0.09
247567,0.1
247572,0.05
247582,0.06
247583,0.16
247594,0.12
247595,0.1
247597,0.06
247598,0.14
247607,0.1
247619,0.06
247632,0.21
247638,0.15
247639,0.13
247646,0.13
247655,0.02
247660,0.14
247672,0.17
247677,0.03
247682,0.03
247685,0.3
247690,0.07
247701,0.06
247708,0.16
247715,0.0
247734,0.15
247758,0.06
247761,0.03
247763,0.02
247766,0.04
247774,0.0
247775,0.08
247779,0.12
247781,0.04
247783,0.2
247785,0.02
247787,0.08
247793,0.17
247798,0.06
247802,0.2
247805,0.07
247814,0.01
247816,0.14
247834,0.05
247836,0.06
247844,0.1
247849,0.2
247852,0.03
247859,0.04
247861,0.12
247867,0.03
247868,0.03
247883,0.08
247890,0.01
247892,0.27
247896,0.0
247897,0.01
247902,0.46
247904,0.16
247909,0.01
247910,0.02
247911,0.09
247929,0.1
247930,0.0
247935,0.03
247942,0.17
247950,0.04
247951,0.09
247972,0.15
247989,0.04
247993,0.11
247995,0.14
248012,0.03
248018,0.15
248019,0.16
248036,0.0
248037,0.04
248039,0.11
248040,0.14
248043,0.09
248054,0.04
248056,0.07
248068,0.16
248075,0.05
248085,0.04
248087,0.05
248089,0.07
248095,0.03
248105,0.15
248109,0.11
248115,0.02
248131,0.21
248135,0.14
248148,0.1
248154,0.15
248156,0.34
248165,0.05
248169,0.04
248173,0.08
248179,0.16
248187,0.04
248204,0.06
248207,0.19
248210,0.07
248212,0.19
248214,0.19
248229,0.0
248236,0.05
248239,0.03
248240,0.12
248246,0.04
248249,0.03
248261,0.1
248267,0.1
248268,0.05
248272,0.23
248276,0.17
248293,0.01
248303,0.02
248307,0.02
248308,0.32
248327,0.16
248330,0.17
248345,0.07
248355,0.17
248364,0.08
248368,0.26
248373,0.04
248375,0.18
248378,0.18
248390,0.03
248394,0.08
248405,0.02
248409,0.11
248411,0.0
248415,0.06
248416,0.14
248419,0.16
248421,0.07
248422,0.07
248424,0.04
248427,0.03
248429,0.06
248435,0.02
248452,0.02
248461,0.07
248467,0.01
248472,0.13
248473,0.17
248476,0.1
248488,0.19
248489,0.06
248505,0.03
248509,0.18
248510,0.06
248512,0.05
248524,0.14
248526,0.18
248528,0.02
248533,0.06
248546,0.19
248568,0.07
248570,0.11
248579,0.09
248583,0.03
248585,0.03
248586,0.1
248596,0.0
248597,0.13
248601,0.07
248605,0.03
248613,0.02
248618,0.02
248622,0.03
248626,0.01
248627,0.15
248628,0.1
248635,0.04
248636,0.01
248644,0.07
248667,0.16
248675,0.09
248677,0.13
248693,0.02
248694,0.08
248699,0.01
248706,0.28
248726,0.25
248728,0.04
248731,0.05
248736,0.34
248738,0.13
248739,0.06
248744,0.11
248745,0.05
248756,0.04
248760,0.16
248767,0.19
248770,0.11
248772,0.04
248773,0.05
248785,0.07
248789,0.05
248791,0.02
248797,0.01
248826,0.03
248853,0.08
248854,0.05
248856,0.02
248861,0.15
248869,0.22
248871,0.09
248877,0.06
248883,0.09
248891,0.06
248892,0.33
248905,0.09
248910,0.07
248914,0.01
248921,0.14
248931,0.18
248934,0.07
248951,0.04
248954,0.08
248961,0.02
248966,0.06
248968,0.26
248977,0.07
248978,0.05
248986,0.16
249000,0.16
249005,0.04
249025,0.02
249040,0.27
249045,0.04
249056,0.13
249057,0.03
249075,0.09
249084,0.05
249089,0.1
249095,0.15
249101,0.08
249113,0.01
249116,0.04
249118,0.17
249137,0.13
249140,0.12
249149,0.1
249151,0.04
249154,0.11
249155,0.03
249171,0.03
249173,0.12
249190,0.0
249191,0.02
249197,0.06
249205,0.17
249212,0.1
249228,0.08
249235,0.1
249266,0.03
249269,0.04
249277,0.05
249298,0.07
249305,0.09
249310,0.0
249313,0.06
249320,0.09
249321,0.04
249332,0.03
249333,0.08
249339,0.09
249343,0.34
249345,0.25
249347,0.13
249348,0.05
249358,0.02
249370,0.29
249382,0.26
249397,0.03
249398,0.07
249400,0.11
249403,0.22
249412,0.12
249421,0.2
249422,0.1
249426,0.06
249445,0.05
249460,0.03
249465,0.02
249467,0.06
249481,0.2
249495,0.0
249496,0.07
249505,0.11
249507,0.02
249523,0.1
249528,0.08
249532,0.25
249534,0.08
249540,0.09
249542,0.13
249557,0.07
249559,0.24
249578,0.04
249581,0.01
249588,0.14
249595,0.05
249603,0.19
249615,0.03
249630,0.02
249636,0.03
249640,0.07
249648,0.08
249657,0.06
249661,0.0
249664,0.06
249668,0.06
249677,0.13
249681,0.19
249687,0.09
249688,0.16
249695,0.22
249703,0.03
249705,0.12
249718,0.13
249719,0.04
249720,0.04
249726,0.09
249728,0.16
249742,0.06
249764,0.2
249768,0.07
249770,0.09
249774,0.03
249779,0.04
249783,0.02
249801,0.43
249808,0.07
249818,0.06
249820,0.23
249832,0.37
249839,0.07
249843,0.27
249845,0.1
249847,0.15
249878,0.25
249883,0.01
249895,0.09
249898,0.07
249906,0.16
249909,0.05
249913,0.0
249920,0.24
249921,0.0
249928,0.13
249941,0.18
249951,0.03
249955,0.05
250020,0.06
250022,0.08
250026,0.21
250038,0.23
250045,0.3
250048,0.03
250049,0.02
250051,0.1
250056,0.23
250073,0.06
250085,0.01
250088,0.13
250091,0.01
250092,0.23
250093,0.01
250095,0.07
250098,0.15
250105,0.02
250114,0.28
250127,0.2
250134,0.15
250137,0.04
250153,0.1
250156,0.03
250176,0.18
250188,0.08
250189,0.04
250211,0.09
250212,0.12
250217,0.01
250226,0.09
250236,0.37
250237,0.08
250246,0.02
250270,0.11
250276,0.14
250299,0.03
250311,0.02
250312,0.23
250319,0.05
250324,0.08
250331,0.09
250340,0.1
250347,0.05
250354,0.15
250358,0.11
250359,0.14
250361,0.24
250363,0.07
250371,0.15
250377,0.09
250381,0.01
250391,0.03
250415,0.14
250416,0.17
250430,0.31
250431,0.04
250438,0.12
250444,0.14
250453,0.03
250458,0.22
250462,0.26
250469,0.01
250473,0.04
250481,0.17
250498,0.28
250502,0.17
250508,0.08
250514,0.01
250521,0.05
250522,0.24
250530,0.06
250531,0.09
250533,0.0
250539,0.03
250541,0.02
250545,0.12
250557,0.34
250576,0.08
250579,0.0
250585,0.36
250586,0.0
250591,0.16
250592,0.11
250596,0.04
250616,0.04
250617,0.02
250632,0.14
250636,0.02
250640,0.08
250657,0.11
250658,0.19
250661,0.04
250684,0.12
250685,0.03
250691,0.13
250692,0.04
250712,0.01
250713,0.04
250719,0.06
250737,0.12
250749,0.07
250772,0.12
250773,0.14
250774,0.1
250781,0.23
250783,0.07
250810,0.19
250814,0.02
250819,0.04
250831,0.03
250855,0.01
250867,0.1
250878,0.03
250887,0.06
250889,0.0
250890,0.04
250900,0.15
250904,0.13
250909,0.14
250913,0.1
250914,0.04
250915,0.09
250918,0.17
250922,0.24
250925,0.09
250939,0.12
250949,0.02
250956,0.05
250961,0.03
250963,0.14
250965,0.14
250968,0.02
250970,0.05
250981,0.05
250990,0.01
251001,0.15
251002,0.06
251011,0.17
251013,0.01
251021,0.02
251022,0.01
251029,0.02
251046,0.05
251047,0.05
251058,0.1
251063,0.11
251064,0.16
251073,0.26
251083,0.09
251085,0.15
251091,0.14
251096,0.09
251105,0.33
251115,0.24
251123,0.05
251133,0.11
251152,0.15
251165,0.06
251180,0.14
251196,0.23
251197,0.1
251214,0.01
251215,0.31
251217,0.12
251219,0.01
251233,0.04
251234,0.18
251245,0.03
251248,0.23
251255,0.09
251267,0.07
251272,0.02
251276,0.03
251288,0.05
251297,0.03
251298,0.11
251300,0.11
251301,0.05
251302,0.1
251303,0.31
251311,0.06
251314,0.12
251322,0.02
251324,0.1
251333,0.1
251336,0.2
251341,0.06
251346,0.06
251370,0.04
251378,0.15
251396,0.15
251401,0.08
251413,0.03
251422,0.05
251423,0.03
251434,0.09
251436,0.05
251443,0.02
251445,0.11
251455,0.08
251465,0.06
251470,0.15
251475,0.29
251488,0.08
251498,0.07
251504,0.1
251506,0.15
251530,0.08
251534,0.07
251538,0.3
251543,0.04
251557,0.08
251558,0.04
251567,0.02
251575,0.1
251579,0.01
251598,0.1
251599,0.04
251606,0.06
251608,0.13
251620,0.09
251624,0.01
251629,0.14
251631,0.03
251654,0.07
251671,0.02
251677,0.08
251682,0.06
251684,0.15
251689,0.12
251700,0.2
251716,0.01
251719,0.07
251727,0.01
251731,0.16
251732,0.05
251737,0.12
251744,0.0
251750,0.04
251754,0.03
251759,0.04
251761,0.32
251762,0.24
251765,0.04
251768,0.1
251770,0.11
251777,0.02
251786,0.1
251795,0.06
251805,0.04
251833,0.08
251839,0.04
251848,0.21
251851,0.01
251893,0.01
251909,0.02
251918,0.05
251920,0.1
251922,0.35
251923,0.23
251926,0.13
251933,0.0
251938,0.2
251948,0.08
251955,0.05
251956,0.1
251957,0.03
251964,0.17
251965,0.06
251966,0.03
251972,0.03
251980,0.09
252003,0.03
252016,0.1
252028,0.1
252032,0.04
252046,0.01
252054,0.0
252060,0.11
252073,0.01
252088,0.05
252092,0.01
252096,0.16
252113,0.03
252115,0.0
252121,0.0
252133,0.06
252135,0.07
252145,0.04
252151,0.01
252167,0.05
252169,0.17
252175,0.2
252189,0.03
252190,0.2
252191,0.1
252198,0.06
252212,0.08
252223,0.08
252224,0.13
252228,0.2
252253,0.03
252257,0.22
252261,0.15
252265,0.14
252272,0.15
252273,0.23
252286,0.28
252312,0.06
252322,0.15
252326,0.08
252332,0.12
252345,0.06
252348,0.05
252354,0.16
252358,0.16
252364,0.01
252366,0.18
252369,0.08
252374,0.17
252382,0.06
252417,0.28
252425,0.16
252426,0.34
252429,0.0
252434,0.11
252447,0.02
252450,0.04
252452,0.29
252460,0.02
252463,0.05
252465,0.19
252492,0.04
252493,0.22
252518,0.18
252522,0.1
252524,0.04
252531,0.05
252533,0.07
252540,0.07
252543,0.01
252544,0.11
252555,0.07
252558,0.11
252562,0.13
252565,0.13
252568,0.06
252569,0.0
252573,0.09
252582,0.01
252596,0.04
252599,0.01
252603,0.1
252606,0.16
252630,0.02
252636,0.05
252651,0.05
252653,0.0
252679,0.25
252682,0.15
252687,0.04
252713,0.04
252715,0.03
252721,0.17
252726,0.01
252746,0.19
252754,0.03
252760,0.02
252762,0.35
252763,0.03
252764,0.09
252768,0.06
252773,0.16
252774,0.08
252782,0.09
252784,0.04
252797,0.15
252798,0.01
252809,0.08
252819,0.07
252840,0.03
252862,0.03
252863,0.35
252865,0.19
252870,0.05
252880,0.14
252881,0.11
252888,0.24
252889,0.17
252894,0.02
252899,0.23
252911,0.04
252918,0.0
252926,0.12
252929,0.17
252932,0.11
252939,0.02
252940,0.03
252970,0.02
252971,0.02
252980,0.02
252981,0.1
252986,0.01
252990,0.0
253004,0.1
253011,0.01
253015,0.03
253022,0.07
253032,0.04
253044,0.29
253056,0.04
253065,0.03
253066,0.13
253067,0.16
253079,0.06
253088,0.07
253098,0.03
253099,0.1
253112,0.06
253113,0.18
253133,0.04
253149,0.02
253151,0.06
253153,0.07
253160,0.01
253164,0.0
253169,0.14
253177,0.03
253183,0.12
253198,0.1
253206,0.16
253214,0.03
253218,0.01
253224,0.08
253227,0.02
253231,0.03
253247,0.02
253251,0.13
253262,0.18
253264,0.15
253265,0.13
253273,0.26
253275,0.18
253278,0.01
253284,0.09
253298,0.06
253313,0.04
253317,0.1
253322,0.16
253326,0.1
253332,0.22
253338,0.04
253339,0.01
253346,0.0
253348,0.14
253350,0.03
253357,0.12
253363,0.05
253365,0.07
253369,0.05
253373,0.1
253378,0.01
253383,0.19
253392,0.04
253395,0.04
253398,0.05
253410,0.25
253419,0.08
253420,0.08
253421,0.23
253441,0.05
253442,0.07
253446,0.03
253447,0.16
253465,0.04
253488,0.13
253492,0.04
253499,0.4
253500,0.09
253501,0.12
253509,0.03
253521,0.01
253534,0.02
253544,0.03
253555,0.09
253557,0.22
253559,0.04
253583,0.06
253587,0.12
253589,0.08
253591,0.05
253596,0.01
253600,0.02
253605,0.03
253620,0.03
253628,0.1
253631,0.14
253634,0.05
253639,0.03
253641,0.11
253661,0.14
253672,0.01
253679,0.03
253683,0.13
253696,0.09
253706,0.0
253708,0.15
253712,0.02
253717,0.01
253720,0.04
253731,0.07
253734,0.15
253743,0.14
253744,0.09
253748,0.13
253754,0.11
253761,0.16
253787,0.11
253788,0.0
253796,0.24
253826,0.13
253829,0.21
253837,0.12
253841,0.18
253843,0.05
253844,0.24
253845,0.03
253849,0.14
253854,0.04
253861,0.09
253863,0.05
253875,0.14
253891,0.12
253894,0.1
253895,0.33
253918,0.22
253930,0.01
253939,0.08
253940,0.17
253945,0.13
253950,0.04
253951,0.01
253964,0.21
253967,0.07
253975,0.29
253986,0.01
253998,0.26
254017,0.08
254025,0.18
254026,0.17
254031,0.13
254035,0.1
254040,0.13
254042,0.08
254047,0.07
254051,0.23
254056,0.11
254060,0.13
254068,0.08
254073,0.18
254088,0.02
254100,0.02
254110,0.2
254115,0.05
254116,0.28
254125,0.04
254130,0.04
254135,0.08
254149,0.15
254161,0.09
254167,0.16
254176,0.1
254205,0.02
254226,0.04
254228,0.04
254238,0.17
254242,0.09
254257,0.34
254261,0.05
254280,0.07
254295,0.07
254316,0.11
254325,0.32
254326,0.23
254327,0.02
254335,0.03
254342,0.16
254347,0.06
254355,0.08
254358,0.01
254359,0.07
254368,0.05
254376,0.11
254382,0.05
254383,0.01
254390,0.21
254392,0.15
254394,0.05
254400,0.0
254406,0.06
254411,0.19
254421,0.04
254435,0.16
254437,0.02
254440,0.0
254460,0.09
254470,0.08
254471,0.08
254472,0.05
254483,0.27
254493,0.04
254513,0.02
254518,0.14
254520,0.09
254534,0.06
254537,0.26
254562,0.05
254567,0.01
254577,0.05
254578,0.11
254580,0.03
254586,0.06
254591,0.09
254593,0.05
254597,0.35
254599,0.03
254613,0.01
254629,0.0
254631,0.11
254633,0.11
254639,0.03
254642,0.15
254650,0.09
254659,0.05
254662,0.14
254671,0.17
254672,0.05
254674,0.23
254676,0.31
254679,0.03
254701,0.16
254722,0.01
254728,0.05
254742,0.08
254748,0.15
254750,0.06
254751,0.12
254753,0.03
254773,0.1
254783,0.02
254805,0.07
254806,0.24
254810,0.0
254817,0.02
254820,0.05
254829,0.11
254835,0.0
254837,0.05
254843,0.08
254850,0.03
254858,0.0
254861,0.05
254884,0.02
254885,0.15
254890,0.03
254910,0.17
254916,0.34
254917,0.04
254920,0.02
254926,0.01
254928,0.06
254930,0.05
254937,0.25
254940,0.07
254953,0.12
254956,0.0
254969,0.06
254982,0.14
254988,0.01
254998,0.21
255013,0.21
255017,0.03
255018,0.02
255029,0.01
255033,0.26
255035,0.11
255061,0.44
255067,0.03
255068,0.03
255070,0.23
255084,0.03
255096,0.2
255106,0.01
255114,0.05
255117,0.06
255135,0.08
255142,0.09
255143,0.03
255146,0.12
255155,0.09
255156,0.13
255158,0.02
255167,0.1
255172,0.06
255199,0.0
255204,0.02
255206,0.21
255210,0.03
255226,0.04
255230,0.02
255253,0.05
255259,0.11
255260,0.09
255278,0.06
255288,0.02
255312,0.13
255317,0.16
255319,0.1
255320,0.12
255322,0.01
255332,0.29
255337,0.02
255344,0.04
255347,0.1
255348,0.01
255351,0.07
255366,0.18
255371,0.0
255372,0.01
255373,0.14
255377,0.23
255378,0.04
255405,0.11
255408,0.05
255425,0.15
255434,0.14
255441,0.03
255442,0.34
255451,0.09
255486,0.03
255490,0.32
255493,0.02
255501,0.07
255503,0.1
255515,0.02
255522,0.02
255526,0.09
255538,0.19
255541,0.09
255546,0.11
255549,0.03
255557,0.0
255564,0.12
255568,0.06
255572,0.11
255581,0.04
255585,0.02
255586,0.14
255596,0.18
255598,0.11
255600,0.17
255619,0.08
255620,0.01
255623,0.05
255631,0.08
255632,0.17
255633,0.07
255646,0.03
255647,0.1
255649,0.0
255659,0.17
255666,0.0
255669,0.06
255674,0.04
255675,0.03
255678,0.17
255682,0.11
255690,0.08
255691,0.09
255694,0.23
255706,0.08
255717,0.13
255720,0.05
255723,0.06
255724,0.25
255729,0.0
255731,0.25
255733,0.09
255734,0.12
255738,0.14
255760,0.03
255766,0.09
255770,0.11
255772,0.02
255775,0.03
255776,0.04
255786,0.06
255795,0.01
255797,0.2
255810,0.04
255813,0.02
255829,0.13
255830,0.03
255832,0.02
255847,0.05
255853,0.12
255876,0.1
255881,0.05
255883,0.03
255891,0.11
255899,0.01
255900,0.15
255906,0.03
255907,0.1
255911,0.13
255921,0.06
255925,0.25
255930,0.27
255941,0.02
255948,0.07
255969,0.03
255973,0.19
255974,0.07
255976,0.18
255977,0.07
255978,0.04
255981,0.02
255988,0.07
255990,0.08
255992,0.1
255998,0.02
256015,0.14
256016,0.02
256036,0.18
256045,0.01
256050,0.07
256066,0.27
256076,0.07
256080,0.05
256083,0.12
256086,0.06
256103,0.11
256108,0.0
256114,0.06
256115,0.12
256139,0.16
256141,0.02
256146,0.06
256150,0.08
256177,0.08
256179,0.02
256194,0.04
256195,0.02
256200,0.03
256204,0.06
256205,0.11
256213,0.09
256222,0.05
256224,0.1
256235,0.16
256264,0.03
256268,0.08
256276,0.11
256277,0.01
256282,0.01
256285,0.07
256293,0.06
256294,0.16
256296,0.18
256297,0.01
256315,0.01
256317,0.02
256334,0.33
256339,0.02
256342,0.24
256345,0.05
256348,0.1
256350,0.17
256351,0.08
256357,0.13
256375,0.27
256377,0.06
256379,0.07
256392,0.0
256398,0.0
256419,0.03
256422,0.03
256424,0.02
256431,0.05
256432,0.03
256438,0.35
256459,0.06
256460,0.28
256506,0.25
256507,0.04
256511,0.08
256513,0.18
256519,0.05
256533,0.05
256539,0.07
256590,0.01
256606,0.28
256614,0.26
256642,0.09
256644,0.05
256653,0.1
256663,0.07
256666,0.06
256669,0.11
256678,0.11
256685,0.02
256705,0.08
256708,0.08
256713,0.04
256715,0.08
256718,0.04
256745,0.14
256752,0.1
256753,0.05
256754,0.08
256763,0.05
256772,0.05
256773,0.34
256774,0.21
256776,0.25
256783,0.08
256790,0.14
256801,0.18
256802,0.23
256803,0.08
256808,0.04
256809,0.15
256810,0.14
256818,0.15
256824,0.07
256825,0.02
256826,0.01
256829,0.01
256834,0.1
256843,0.32
256866,0.26
256875,0.08
256876,0.06
256887,0.14
256888,0.03
256894,0.08
256909,0.02
256918,0.15
256927,0.14
256931,0.03
256933,0.11
256937,0.16
256950,0.12
256955,0.02
256962,0.14
256972,0.02
256985,0.21
256987,0.06
256993,0.03
257000,0.11
257017,0.0
257019,0.16
257020,0.14
257022,0.02
257023,0.1
257025,0.04
257050,0.03
257056,0.03
257060,0.15
257064,0.19
257066,0.03
257071,0.09
257073,0.02
257076,0.07
257084,0.05
257088,0.11
257102,0.06
257118,0.05
257119,0.18
257120,0.04
257131,0.06
257145,0.1
257150,0.14
257154,0.19
257169,0.11
257192,0.22
257200,0.01
257204,0.08
257205,0.18
257213,0.04
257216,0.11
257219,0.01
257232,0.22
257234,0.07
257244,0.08
257251,0.02
257255,0.15
257260,0.08
257263,0.12
257267,0.13
257277,0.08
257293,0.01
257294,0.07
257304,0.0
257307,0.03
257312,0.1
257324,0.06
257325,0.09
257326,0.11
257353,0.05
257354,0.03
257369,0.06
257372,0.02
257375,0.07
257388,0.22
257393,0.07
257395,0.02
257399,0.14
257406,0.08
257409,0.12
257437,0.02
257441,0.05
257442,0.04
257473,0.04
257476,0.04
257477,0.31
257483,0.26
257500,0.07
257506,0.16
257508,0.11
257511,0.26
257514,0.03
257527,0.44
257528,0.1
257545,0.05
257546,0.02
257548,0.02
257551,0.01
257564,0.09
257565,0.11
257567,0.06
257572,0.04
257575,0.06
257577,0.32
257578,0.02
257585,0.04
257589,0.17
257590,0.02
257594,0.06
257596,0.03
257614,0.09
257618,0.2
257624,0.15
257632,0.03
257638,0.08
257644,0.13
257650,0.03
257653,0.11
257660,0.21
257663,0.13
257665,0.2
257677,0.11
257678,0.02
257690,0.21
257700,0.04
257711,0.23
257712,0.19
257715,0.02
257718,0.01
257720,0.05
257740,0.22
257748,0.09
257765,0.05
257768,0.03
257777,0.02
257778,0.18
257785,0.16
257789,0.06
257794,0.07
257796,0.1
257821,0.08
257823,0.23
257832,0.13
257844,0.18
257848,0.06
257854,0.03
257861,0.21
257872,0.05
257875,0.01
257876,0.13
257883,0.13
257888,0.02
257895,0.02
257900,0.08
257906,0.02
257907,0.12
257920,0.13
257921,0.11
257926,0.05
257932,0.19
257940,0.16
257947,0.04
257953,0.04
257958,0.04
257967,0.09
257977,0.03
257986,0.03
258012,0.17
258013,0.03
258031,0.04
258034,0.0
258037,0.17
258051,0.24
258056,0.0
258058,0.21
258066,0.07
258074,0.0
258077,0.04
258090,0.14
258109,0.07
258114,0.0
258124,0.0
258127,0.16
258141,0.07
258148,0.11
258151,0.15
258163,0.04
258166,0.02
258169,0.04
258179,0.11
258190,0.14
258193,0.02
258207,0.37
258220,0.09
258222,0.02
258223,0.1
258225,0.05
258227,0.04
258231,0.13
258233,0.22
258249,0.03
258255,0.06
258259,0.17
258276,0.1
258281,0.16
258302,0.03
258305,0.22
258310,0.13
258334,0.11
258335,0.15
258338,0.04
258345,0.06
258360,0.01
258363,0.1
258381,0.12
258384,0.13
258387,0.25
258400,0.08
258402,0.04
258406,0.25
258408,0.39
258432,0.02
258443,0.03
258461,0.07
258488,0.08
258489,0.02
258508,0.1
258524,0.04
258527,0.03
258545,0.08
258549,0.05
258560,0.13
258565,0.3
258567,0.08
258575,0.04
258590,0.04
258591,0.11
258592,0.07
258603,0.16
258606,0.06
258610,0.06
258627,0.09
258631,0.01
258637,0.12
258638,0.14
258640,0.2
258645,0.04
258651,0.01
258652,0.26
258653,0.1
258662,0.06
258663,0.05
258671,0.12
258679,0.03
258685,0.03
258686,0.3
258697,0.02
258705,0.22
258723,0.16
258724,0.12
258734,0.01
258763,0.04
258764,0.06
258771,0.04
258773,0.05
258782,0.19
258784,0.0
258790,0.04
258811,0.01
258817,0.11
258818,0.06
258832,0.16
258837,0.32
258841,0.2
258842,0.03
258843,0.04
258860,0.03
258875,0.06
258881,0.01
258887,0.01
258889,0.07
258924,0.09
258925,0.17
258948,0.04
258949,0.02
258963,0.15
258964,0.14
258966,0.2
258973,0.15
258974,0.01
258979,0.06
258989,0.08
258997,0.14
259001,0.11
259013,0.17
259018,0.07
259020,0.27
259031,0.18
259044,0.11
259050,0.24
259064,0.05
259078,0.15
259088,0.27
259124,0.03
259125,0.01
259135,0.08
259137,0.02
259146,0.02
259148,0.26
259168,0.07
259178,0.05
259194,0.0
259198,0.0
259204,0.05
259209,0.03
259223,0.03
259228,0.04
259234,0.17
259237,0.02
259246,0.02
259247,0.04
259249,0.15
259264,0.13
259274,0.06
259281,0.18
259283,0.06
259284,0.06
259285,0.06
259286,0.13
259291,0.09
259304,0.0
259309,0.07
259322,0.1
259323,0.21
259331,0.16
259339,0.02
259344,0.1
259350,0.11
259353,0.22
259356,0.28
259365,0.29
259377,0.21
259397,0.0
259403,0.01
259411,0.03
259415,0.1
259420,0.08
259423,0.1
259424,0.04
259431,0.11
259434,0.15
259438,0.07
259439,0.11
259441,0.03
259452,0.01
259460,0.05
259471,0.02
259483,0.08
259494,0.03
259496,0.1
259500,0.14
259512,0.12
259526,0.06
259528,0.06
259548,0.01
259568,0.06
259593,0.06
259603,0.11
259611,0.01
259620,0.08
259621,0.24
259623,0.15
259633,0.07
259648,0.08
259678,0.0
259691,0.05
259693,0.04
259708,0.29
259720,0.06
259734,0.02
259741,0.07
259749,0.08
259750,0.02
259752,0.04
259755,0.03
259759,0.07
259776,0.05
259779,0.04
259790,0.18
259797,0.0
259799,0.07
259804,0.06
259807,0.09
259810,0.13
259811,0.2
259822,0.01
259833,0.04
259838,0.0
259844,0.18
259846,0.16
259848,0.05
259861,0.13
259867,0.03
259876,0.1
259880,0.07
259897,0.18
259908,0.18
259912,0.02
259920,0.14
259922,0.04
259928,0.09
259932,0.02
259946,0.08
259962,0.1
259982,0.03
259985,0.03
259994,0.11
259996,0.15
260000,0.06
260007,0.24
260018,0.14
260021,0.2
260038,0.03
260051,0.23
260052,0.02
260070,0.08
260074,0.02
260080,0.09
260092,0.05
260097,0.02
260101,0.03
260108,0.04
260117,0.02
260129,0.02
260142,0.09
260145,0.02
260146,0.06
260147,0.01
260148,0.21
260153,0.01
260156,0.0
260171,0.04
260202,0.03
260221,0.04
260222,0.08
260226,0.12
260227,0.23
260247,0.06
260251,0.0
260261,0.03
260264,0.12
260266,0.01
260268,0.28
260289,0.05
260301,0.07
260316,0.06
260348,0.06
260359,0.05
260364,0.17
260391,0.24
260422,0.26
260435,0.05
260438,0.32
260446,0.09
260447,0.22
260458,0.13
260461,0.05
260469,0.28
260471,0.02
260482,0.23
260484,0.08
260487,0.09
260489,0.07
260500,0.22
260508,0.04
260509,0.09
260512,0.11
260525,0.07
260530,0.08
260533,0.05
260538,0.06
260541,0.23
260546,0.09
260551,0.01
260556,0.24
260561,0.03
260566,0.12
260572,0.03
260579,0.1
260582,0.34
260583,0.02
260584,0.09
260586,0.19
260589,0.12
260608,0.08
260632,0.09
260634,0.03
260635,0.28
260645,0.08
260659,0.06
260665,0.07
260673,0.11
260675,0.09
260676,0.12
260700,0.15
260721,0.26
260723,0.18
260732,0.04
260738,0.03
260748,0.08
260782,0.1
260806,0.19
260820,0.02
260825,0.13
260830,0.15
260844,0.14
260858,0.02
260860,0.13
260863,0.05
260867,0.09
260875,0.09
260877,0.28
260902,0.17
260910,0.13
260913,0.01
260923,0.06
260926,0.26
260936,0.01
260937,0.42
260948,0.08
260949,0.07
260959,0.17
260962,0.27
260986,0.17
260988,0.05
260992,0.11
260997,0.04
261007,0.05
261031,0.04
261039,0.12
261044,0.03
261055,0.13
261058,0.07
261069,0.0
261079,0.09
261084,0.13
261097,0.13
261101,0.07
261111,0.18
261115,0.04
261116,0.2
261121,0.07
261124,0.11
261126,0.07
261132,0.04
261161,0.05
261162,0.0
261175,0.15
261187,0.1
261191,0.15
261195,0.03
261197,0.11
261204,0.05
261231,0.11
261248,0.06
261263,0.11
261268,0.18
261273,0.16
261274,0.23
261277,0.23
261283,0.05
261293,0.12
261302,0.26
261309,0.01
261318,0.04
261340,0.09
261346,0.07
261355,0.03
261357,0.06
261365,0.03
261366,0.13
261376,0.04
261380,0.06
261385,0.25
261403,0.12
261416,0.25
261424,0.13
261425,0.06
261431,0.0
261433,0.03
261435,0.1
261440,0.1
261450,0.18
261456,0.28
261464,0.17
261465,0.01
261473,0.02
261475,0.02
261476,0.14
261480,0.01
261481,0.03
261495,0.05
261500,0.02
261506,0.05
261544,0.05
261551,0.02
261566,0.11
261573,0.06
261587,0.04
261592,0.02
261594,0.02
261626,0.05
261635,0.1
261649,0.02
261653,0.02
261660,0.21
261668,0.07
261669,0.03
261676,0.02
261688,0.06
261691,0.05
261699,0.04
261704,0.21
261718,0.23
261719,0.05
261735,0.12
261742,0.01
261746,0.22
261749,0.08
261759,0.16
261763,0.05
261772,0.08
261795,0.1
261798,0.02
261804,0.05
261806,0.06
261813,0.25
261814,0.09
261827,0.03
261835,0.04
261839,0.05
261840,0.13
261845,0.06
261846,0.09
261850,0.06
261853,0.0
261870,0.14
261871,0.05
261883,0.1
261885,0.04
261888,0.15
261892,0.01
261895,0.02
261906,0.07
261912,0.19
261918,0.01
261926,0.06
261930,0.02
261947,0.07
261956,0.08
261958,0.07
261960,0.09
261961,0.39
261965,0.08
261967,0.34
261968,0.0
261974,0.06
261980,0.12
261981,0.22
261983,0.09
261992,0.07
261998,0.04
262002,0.02
262006,0.02
262014,0.03
262017,0.07
262021,0.23
262038,0.15
262040,0.12
262043,0.04
262052,0.14
262054,0.04
262056,0.06
262058,0.08
262062,0.15
262065,0.08
262067,0.08
262070,0.02
262078,0.05
262084,0.08
262091,0.34
262092,0.14
262112,0.13
262114,0.04
262132,0.09
262140,0.23
262152,0.09
262159,0.06
262172,0.13
262180,0.06
262181,0.08
262188,0.39
262202,0.07
262206,0.02
262213,0.1
262227,0.09
262239,0.13
262243,0.05
262246,0.01
262251,0.02
262269,0.03
262272,0.09
262276,0.15
262277,0.05
262278,0.06
262281,0.03
262298,0.05
262308,0.05
262316,0.04
262320,0.01
262321,0.31
262337,0.05
262354,0.24
262362,0.09
262364,0.01
262365,0.01
262372,0.04
262373,0.23
262380,0.08
262392,0.08
262399,0.1
262407,0.22
262418,0.12
262429,0.15
262430,0.06
262446,0.12
262455,0.0
262459,0.17
262475,0.08
262478,0.08
262492,0.1
262520,0.1
262535,0.13
262537,0.03
262538,0.09
262541,0.03
262554,0.14
262559,0.1
262561,0.04
262562,0.07
262575,0.24
262576,0.05
262579,0.12
262581,0.43
262590,0.07
262599,0.05
262607,0.05
262608,0.11
262613,0.06
262620,0.17
262621,0.36
262622,0.04
262623,0.16
262629,0.01
262633,0.05
262650,0.08
262655,0.08
262659,0.04
262660,0.04
262663,0.2
262665,0.08
262666,0.2
262679,0.11
262681,0.16
262702,0.07
262705,0.04
262716,0.09
262725,0.17
262732,0.06
262743,0.03
262749,0.22
262752,0.09
262756,0.09
262758,0.03
262772,0.09
262784,0.12
262791,0.17
262793,0.17
262802,0.21
262814,0.15
262817,0.13
262820,0.05
262827,0.16
262832,0.05
262845,0.04
262847,0.06
262859,0.12
262862,0.12
262864,0.04
262865,0.08
262887,0.04
262914,0.15
262939,0.13
262943,0.12
262958,0.18
262963,0.1
262970,0.03
262979,0.17
262986,0.18
263004,0.05
263015,0.05
263016,0.11
263028,0.06
263029,0.18
263031,0.1
263044,0.02
263046,0.18
263056,0.02
263059,0.07
263061,0.21
263077,0.08
263087,0.04
263105,0.09
263116,0.14
263120,0.2
263127,0.39
263137,0.13
263166,0.03
263175,0.19
263184,0.05
263185,0.01
263205,0.05
263208,0.02
263210,0.31
263220,0.06
263224,0.09
263228,0.1
263240,0.09
263243,0.17
263288,0.08
263290,0.02
263306,0.1
263312,0.09
263319,0.09
263326,0.05
263331,0.01
263339,0.09
263347,0.02
263353,0.04
263355,0.18
263368,0.3
263408,0.14
263414,0.06
263421,0.02
263440,0.07
263458,0.05
263460,0.06
263475,0.11
263477,0.05
263479,0.13
263489,0.14
263492,0.1
263493,0.1
263498,0.13
263510,0.06
263513,0.08
263514,0.04
263517,0.08
263518,0.0
263548,0.03
263561,0.1
263564,0.09
263565,0.23
263576,0.04
263580,0.16
263582,0.02
263584,0.02
263593,0.35
263594,0.08
263598,0.12
263602,0.09
263611,0.15
263640,0.22
263642,0.15
263643,0.06
263646,0.03
263658,0.1
263664,0.04
263683,0.01
263703,0.06
263705,0.08
263709,0.05
263715,0.01
263728,0.12
263732,0.15
263735,0.05
263748,0.13
263750,0.07
263751,0.21
263759,0.1
263763,0.06
263765,0.01
263780,0.02
263783,0.06
263786,0.23
263794,0.12
263799,0.03
263802,0.01
263803,0.07
263820,0.03
263846,0.15
263857,0.01
263858,0.05
263860,0.15
263864,0.07
263870,0.02
263879,0.03
263881,0.12
263882,0.0
263895,0.05
263909,0.34
263918,0.1
263940,0.08
263945,0.01
263946,0.11
263947,0.03
263948,0.1
263962,0.24
263972,0.2
263974,0.02
263981,0.08
263984,0.08
263992,0.29
264001,0.08
264007,0.14
264010,0.08
264011,0.34
264015,0.06
264023,0.14
264030,0.1
264033,0.01
264037,0.2
264043,0.03
264044,0.06
264045,0.17
264050,0.01
264055,0.04
264059,0.01
264060,0.13
264062,0.07
264069,0.09
264077,0.02
264078,0.08
264087,0.02
264094,0.18
264095,0.17
264112,0.11
264113,0.1
264131,0.04
264145,0.16
264148,0.02
264157,0.07
264161,0.02
264173,0.17
264188,0.14
264195,0.14
264198,0.06
264199,0.0
264207,0.09
264209,0.0
264226,0.07
264227,0.1
264243,0.18
264246,0.31
264252,0.05
264254,0.2
264259,0.01
264274,0.0
264280,0.18
264285,0.03
264299,0.11
264331,0.05
264334,0.02
264338,0.02
264341,0.07
264344,0.1
264347,0.2
264350,0.1
264360,0.02
264365,0.03
264367,0.02
264378,0.06
264381,0.11
264397,0.03
264401,0.05
264405,0.05
264417,0.22
264422,0.0
264423,0.05
264424,0.08
264436,0.28
264441,0.09
264451,0.02
264453,0.09
264457,0.03
264460,0.11
264464,0.03
264469,0.14
264485,0.03
264491,0.02
264505,0.02
264535,0.04
264538,0.13
264541,0.01
264544,0.09
264545,0.06
264549,0.11
264557,0.25
264563,0.05
264569,0.11
264574,0.32
264587,0.14
264608,0.11
264610,0.18
264621,0.0
264627,0.2
264642,0.1
264644,0.03
264655,0.08
264660,0.12
264667,0.11
264691,0.08
264694,0.2
264695,0.04
264700,0.0
264709,0.04
264712,0.02
264714,0.1
264722,0.02
264728,0.05
264742,0.12
264744,0.08
264748,0.07
264760,0.25
264763,0.28
264771,0.16
264773,0.15
264782,0.33
264786,0.04
264787,0.04
264809,0.01
264811,0.04
264822,0.09
264823,0.17
264831,0.04
264834,0.1
264841,0.01
264848,0.27
264849,0.17
264863,0.16
264867,0.1
264874,0.07
264875,0.08
264877,0.04
264897,0.14
264900,0.09
264906,0.03
264909,0.15
264913,0.04
264922,0.01
264924,0.06
264927,0.08
264935,0.08
264938,0.3
264968,0.16
264975,0.09
264979,0.06
264989,0.08
265001,0.04
265009,0.04
265014,0.1
265016,0.06
265027,0.31
265049,0.03
265061,0.1
265062,0.04
265068,0.02
265072,0.05
265100,0.04
265105,0.11
265106,0.05
265110,0.01
265123,0.09
265126,0.19
265131,0.06
265134,0.04
265144,0.05
265146,0.12
265154,0.18
265164,0.08
265170,0.03
265172,0.09
265173,0.0
265178,0.07
265187,0.13
265191,0.17
265194,0.25
265216,0.11
265228,0.0
265231,0.02
265232,0.07
265233,0.18
265242,0.14
265243,0.11
265246,0.02
265259,0.12
265265,0.33
265266,0.01
265268,0.08
265280,0.02
265287,0.03
265297,0.04
265298,0.12
265300,0.11
265301,0.09
265305,0.16
265307,0.02
265314,0.18
265320,0.04
265331,0.03
265333,0.23
265336,0.03
265337,0.05
265344,0.09
265346,0.12
265371,0.01
265380,0.05
265386,0.04
265389,0.01
265409,0.07
265414,0.05
265415,0.01
265419,0.07
265422,0.07
265457,0.17
265461,0.1
265463,0.07
265468,0.12
265474,0.1
265478,0.08
265480,0.17
265488,0.05
265493,0.16
265510,0.04
265519,0.09
265521,0.15
265529,0.05
265533,0.27
265577,0.09
265591,0.18
265596,0.41
265607,0.11
265618,0.05
265619,0.08
265620,0.02
265628,0.07
265661,0.06
265669,0.0
265680,0.1
265707,0.2
265714,0.17
265716,0.0
265717,0.14
265718,0.03
265723,0.16
265730,0.05
265732,0.02
265744,0.11
265751,0.03
265760,0.12
265777,0.03
265783,0.09
265791,0.07
265792,0.03
265797,0.17
265798,0.02
265806,0.08
265815,0.23
265816,0.12
265821,0.04
265833,0.02
265854,0.0
265856,0.24
265858,0.02
265862,0.13
265863,0.16
265879,0.22
265881,0.03
265894,0.08
265895,0.52
265896,0.15
265898,0.25
265900,0.1
265907,0.04
265910,0.13
265917,0.08
265941,0.19
265955,0.21
265957,0.15
265961,0.06
265966,0.02
265969,0.14
265974,0.24
265976,0.09
265979,0.11
265985,0.11
265988,0.06
265990,0.03
265991,0.12
265993,0.02
265995,0.19
266009,0.13
266010,0.06
266014,0.15
266020,0.2
266022,0.12
266029,0.02
266045,0.06
266057,0.26
266060,0.16
266065,0.04
266071,0.03
266072,0.07
266074,0.16
266076,0.03
266089,0.07
266091,0.02
266097,0.08
266099,0.15
266106,0.04
266117,0.12
266120,0.07
266129,0.05
266132,0.08
266139,0.09
266140,0.06
266141,0.07
266146,0.34
266149,0.07
266159,0.08
266165,0.04
266171,0.12
266173,0.07
266177,0.23
266179,0.11
266186,0.05
266210,0.13
266227,0.06
266266,0.03
266291,0.01
266319,0.12
266321,0.09
266323,0.03
266329,0.04
266331,0.01
266333,0.2
266334,0.15
266338,0.05
266340,0.14
266344,0.06
266354,0.08
266359,0.02
266362,0.1
266364,0.09
266365,0.14
266379,0.06
266380,0.17
266387,0.07
266393,0.02
266396,0.05
266406,0.02
266418,0.13
266424,0.01
266440,0.11
266442,0.03
266444,0.12
266453,0.08
266455,0.06
266461,0.03
266462,0.03
266465,0.1
266466,0.13
266468,0.37
266471,0.01
266479,0.04
266499,0.16
266536,0.21
266543,0.05
266544,0.05
266556,0.13
266561,0.1
266573,0.1
266578,0.03
266590,0.23
266596,0.24
266624,0.07
266629,0.02
266635,0.02
266644,0.03
266650,0.06
266659,0.05
266666,0.05
266668,0.0
266674,0.22
266680,0.15
266686,0.32
266714,0.08
266730,0.07
266734,0.09
266740,0.15
266745,0.04
266749,0.14
266750,0.03
266751,0.06
266752,0.03
266753,0.03
266759,0.17
266763,0.13
266766,0.0
266783,0.02
266805,0.01
266812,0.03
266813,0.19
266816,0.15
266819,0.05
266820,0.3
266833,0.11
266842,0.11
266847,0.04
266848,0.07
266865,0.29
266867,0.23
266874,0.01
266885,0.2
266888,0.02
266890,0.22
266932,0.17
266941,0.23
266942,0.14
266948,0.11
266959,0.01
266977,0.1
266983,0.11
266984,0.05
266999,0.16
267000,0.08
267023,0.31
267031,0.12
267035,0.04
267046,0.08
267050,0.02
267058,0.2
267070,0.0
267079,0.12
267080,0.03
267093,0.02
267094,0.09
267102,0.06
267107,0.04
267108,0.07
267113,0.12
267127,0.02
267136,0.04
267143,0.0
267155,0.11
267180,0.01
267182,0.03
267184,0.04
267192,0.04
267195,0.11
267220,0.01
267228,0.06
267237,0.27
267241,0.12
267242,0.21
267247,0.05
267259,0.08
267260,0.24
267265,0.04
267269,0.3
267272,0.06
267275,0.18
267282,0.3
267284,0.41
267294,0.05
267298,0.06
267304,0.06
267316,0.17
267324,0.07
267327,0.04
267333,0.01
267338,0.02
267341,0.27
267342,0.13
267344,0.08
267345,0.17
267347,0.08
267361,0.2
267374,0.01
267379,0.09
267380,0.11
267382,0.02
267394,0.21
267403,0.19
267405,0.07
267412,0.06
267421,0.12
267437,0.03
267438,0.02
267443,0.03
267446,0.02
267460,0.18
267466,0.14
267469,0.14
267474,0.03
267488,0.03
267490,0.0
267496,0.38
267499,0.15
267501,0.15
267518,0.25
267522,0.22
267524,0.07
267532,0.04
267535,0.27
267547,0.04
267550,0.08
267559,0.12
267581,0.07
267586,0.08
267588,0.24
267592,0.03
267597,0.0
267600,0.08
267608,0.01
267620,0.04
267625,0.08
267628,0.01
267633,0.06
267639,0.01
267649,0.02
267659,0.07
267662,0.06
267671,0.1
267672,0.02
267677,0.11
267679,0.21
267682,0.0
267687,0.08
267689,0.03
267690,0.02
267707,0.13
267709,0.07
267716,0.0
267738,0.08
267744,0.25
267752,0.06
267754,0.13
267755,0.29
267757,0.06
267758,0.12
267767,0.34
267771,0.13
267808,0.25
267815,0.05
267833,0.18
267841,0.04
267843,0.06
267847,0.02
267857,0.09
267869,0.29
267881,0.21
267887,0.04
267890,0.07
267892,0.29
267895,0.07
267899,0.04
267906,0.04
267912,0.1
267917,0.07
267927,0.0
267930,0.04
267934,0.04
267950,0.01
267965,0.13
267966,0.09
267976,0.02
267998,0.0
267999,0.04
268012,0.1
268013,0.1
268014,0.03
268020,0.11
268028,0.24
268032,0.05
268039,0.07
268041,0.02
268046,0.09
268059,0.17
268064,0.04
268066,0.02
268073,0.31
268077,0.0
268085,0.18
268090,0.1
268109,0.11
268139,0.21
268151,0.11
268153,0.04
268155,0.13
268163,0.09
268166,0.02
268185,0.05
268189,0.0
268190,0.14
268192,0.05
268211,0.17
268213,0.09
268214,0.06
268220,0.05
268225,0.02
268227,0.23
268230,0.06
268247,0.23
268250,0.09
268268,0.06
268269,0.11
268271,0.1
268274,0.1
268280,0.25
268291,0.16
268299,0.06
268301,0.06
268306,0.05
268307,0.14
268310,0.01
268317,0.4
268328,0.01
268329,0.01
268337,0.09
268338,0.01
268357,0.02
268363,0.06
268373,0.03
268380,0.11
268386,0.06
268394,0.02
268407,0.04
268411,0.1
268417,0.06
268421,0.34
268422,0.1
268426,0.05
268427,0.02
268439,0.07
268445,0.1
268446,0.14
268459,0.08
268465,0.17
268466,0.1
268495,0.06
268497,0.14
268504,0.16
268508,0.2
268513,0.2
268525,0.04
268545,0.02
268546,0.09
268550,0.07
268568,0.05
268570,0.35
268590,0.08
268591,0.06
268602,0.02
268609,0.12
268616,0.02
268623,0.06
268645,0.11
268652,0.22
268668,0.14
268685,0.0
268707,0.05
268711,0.15
268714,0.12
268736,0.08
268746,0.16
268747,0.09
268749,0.15
268760,0.21
268761,0.0
268764,0.12
268781,0.04
268790,0.1
268799,0.09
268809,0.07
268814,0.02
268817,0.08
268822,0.0
268827,0.23
268828,0.07
268829,0.2
268845,0.07
268853,0.0
268859,0.03
268900,0.03
268911,0.01
268913,0.13
268917,0.05
268930,0.12
268934,0.01
268935,0.11
268938,0.09
268948,0.01
268950,0.17
268958,0.02
268975,0.06
268982,0.0
268983,0.16
268997,0.03
269009,0.09
269012,0.18
269017,0.26
269031,0.14
269038,0.05
269041,0.14
269045,0.02
269050,0.04
269056,0.02
269058,0.01
269060,0.01
269067,0.19
269082,0.14
269098,0.15
269105,0.02
269117,0.09
269123,0.12
269128,0.05
269143,0.09
269149,0.22
269162,0.35
269168,0.02
269172,0.19
269175,0.08
269189,0.09
269194,0.07
269197,0.14
269204,0.12
269211,0.02
269217,0.13
269222,0.14
269227,0.03
269228,0.06
269232,0.13
269250,0.08
269251,0.01
269257,0.15
269262,0.08
269263,0.01
269267,0.02
269275,0.09
269276,0.0
269279,0.08
269293,0.14
269300,0.11
269305,0.0
269309,0.02
269317,0.09
269352,0.12
269377,0.09
269378,0.01
269389,0.02
269392,0.01
269394,0.01
269402,0.18
269408,0.07
269410,0.06
269417,0.1
269421,0.19
269462,0.02
269481,0.02
269488,0.15
269489,0.03
269491,0.23
269495,0.04
269503,0.05
269510,0.28
269515,0.15
269522,0.06
269523,0.07
269536,0.03
269537,0.02
269549,0.05
269571,0.14
269576,0.05
269587,0.15
269595,0.14
269601,0.05
269610,0.42
269618,0.03
269620,0.05
269623,0.02
269637,0.19
269642,0.02
269652,0.14
269655,0.0
269661,0.12
269663,0.13
269665,0.05
269666,0.08
269667,0.07
269673,0.02
269693,0.08
269701,0.04
269702,0.08
269704,0.22
269718,0.2
269727,0.01
269732,0.07
269736,0.08
269738,0.08
269741,0.03
269744,0.0
269749,0.33
269750,0.12
269758,0.11
269775,0.1
269776,0.02
269777,0.11
269789,0.1
269794,0.06
269797,0.03
269807,0.22
269813,0.28
269844,0.11
269848,0.2
269871,0.02
269877,0.0
269878,0.08
269887,0.06
269904,0.03
269913,0.29
269938,0.06
269941,0.25
269953,0.18
269954,0.03
269955,0.08
269958,0.06
269960,0.0
269966,0.02
269975,0.09
269978,0.04
269989,0.1
269993,0.04
269998,0.14
270001,0.11
270020,0.08
270023,0.08
270028,0.06
270048,0.25
270061,0.1
270062,0.22
270096,0.34
270108,0.02
270118,0.08
270120,0.11
270122,0.02
270127,0.13
270131,0.09
270142,0.01
270146,0.15
270148,0.11
270152,0.0
270165,0.05
270170,0.03
270188,0.0
270204,0.09
270235,0.03
270243,0.25
270254,0.15
270265,0.05
270270,0.27
270287,0.13
270295,0.06
270296,0.08
270302,0.03
270304,0.04
270307,0.04
270310,0.06
270317,0.0
270324,0.04
270326,0.02
270337,0.08
270363,0.22
270371,0.09
270373,0.07
270375,0.08
270376,0.07
270379,0.04
270383,0.26
270390,0.13
270393,0.04
270402,0.02
270410,0.09
270411,0.11
270412,0.1
270415,0.14
270417,0.21
270436,0.32
270440,0.0
270449,0.04
270450,0.07
270457,0.29
270460,0.04
270461,0.05
270467,0.08
270473,0.14
270486,0.28
270488,0.11
270513,0.08
270518,0.04
270522,0.12
270526,0.15
270532,0.07
270545,0.18
270548,0.12
270550,0.0
270562,0.08
270564,0.04
270571,0.04
270572,0.0
270574,0.07
270575,0.09
270579,0.17
270612,0.21
270613,0.15
270622,0.04
270636,0.03
270643,0.03
270644,0.01
270645,0.02
270658,0.07
270661,0.07
270665,0.02
270676,0.16
270685,0.12
270695,0.09
270712,0.14
270719,0.05
270740,0.05
270753,0.03
270756,0.05
270759,0.15
270760,0.01
270764,0.1
270767,0.05
270778,0.01
270782,0.07
270794,0.17
270795,0.27
270799,0.04
270807,0.2
270821,0.02
270826,0.11
270829,0.1
270831,0.02
270843,0.16
270844,0.17
270847,0.01
270854,0.03
270856,0.13
270861,0.01
270862,0.11
270864,0.5
270881,0.05
270883,0.01
270885,0.29
270888,0.04
270894,0.1
270906,0.04
270914,0.03
270919,0.02
270935,0.06
270945,0.12
270957,0.08
270966,0.15
270970,0.23
270971,0.04
270976,0.1
270977,0.18
270978,0.01
270979,0.12
270982,0.12
270987,0.04
270989,0.2
270991,0.05
270992,0.01
270993,0.01
270997,0.27
271010,0.24
271025,0.03
271037,0.08
271038,0.05
271054,0.08
271056,0.48
271065,0.02
271070,0.11
271095,0.02
271099,0.02
271102,0.1
271103,0.02
271105,0.19
271106,0.11
271117,0.01
271134,0.22
271135,0.22
271137,0.11
271145,0.18
271149,0.09
271195,0.02
271199,0.11
271200,0.17
271220,0.04
271233,0.05
271234,0.2
271236,0.07
271248,0.03
271250,0.19
271251,0.05
271255,0.08
271261,0.03
271269,0.02
271276,0.03
271296,0.12
271304,0.18
271314,0.0
271318,0.07
271322,0.05
271325,0.02
271354,0.07
271355,0.13
271359,0.07
271361,0.06
271363,0.41
271367,0.13
271368,0.04
271369,0.06
271393,0.17
271409,0.17
271415,0.01
271418,0.14
271429,0.18
271431,0.15
271432,0.32
271442,0.09
271446,0.16
271448,0.07
271450,0.3
271452,0.04
271460,0.26
271461,0.15
271472,0.01
271496,0.04
271515,0.08
271527,0.09
271537,0.07
271544,0.13
271562,0.15
271565,0.05
271566,0.15
271567,0.02
271570,0.06
271576,0.1
271582,0.13
271586,0.06
271593,0.06
271598,0.03
271606,0.02
271607,0.05
271616,0.12
271617,0.12
271624,0.18
271638,0.05
271652,0.06
271657,0.07
271662,0.16
271665,0.14
271667,0.05
271670,0.16
271675,0.05
271679,0.24
271682,0.28
271696,0.17
271699,0.11
271733,0.0
271739,0.05
271746,0.07
271753,0.07
271756,0.26
271762,0.14
271777,0.08
271781,0.01
271785,0.0
271786,0.08
271790,0.13
271801,0.1
271806,0.11
271807,0.11
271810,0.03
271811,0.1
271815,0.11
271847,0.1
271875,0.15
271878,0.11
271880,0.07
271883,0.1
271911,0.24
271912,0.04
271914,0.1
271922,0.14
271933,0.04
271945,0.07
271952,0.0
271954,0.1
271961,0.15
271967,0.03
271969,0.02
271980,0.08
271989,0.01
271991,0.29
272000,0.07
272004,0.06
272010,0.02
272013,0.11
272029,0.14
272030,0.01
272031,0.07
272035,0.0
272040,0.2
272043,0.09
272055,0.08
272068,0.09
272075,0.32
272081,0.04
272090,0.16
272104,0.0
272116,0.18
272121,0.04
272129,0.06
272143,0.08
272146,0.03
272148,0.26
272152,0.19
272167,0.05
272180,0.05
272192,0.02
272201,0.04
272205,0.01
272209,0.3
272211,0.04
272228,0.03
272233,0.19
272235,0.14
272249,0.23
272267,0.05
272270,0.1
272276,0.03
272302,0.02
272303,0.06
272308,0.14
272309,0.12
272311,0.16
272313,0.04
272353,0.09
272366,0.08
272367,0.06
272371,0.04
272381,0.03
272404,0.09
272405,0.03
272418,0.18
272419,0.06
272425,0.07
272438,0.02
272444,0.19
272445,0.09
272462,0.12
272474,0.05
272478,0.09
272479,0.14
272480,0.06
272482,0.01
272511,0.44
272512,0.0
272516,0.09
272517,0.07
272522,0.06
272537,0.08
272555,0.08
272564,0.17
272566,0.13
272573,0.0
272575,0.01
272583,0.05
272593,0.01
272627,0.03
272628,0.1
272630,0.02
272632,0.0
272635,0.46
272636,0.08
272661,0.05
272669,0.06
272672,0.03
272681,0.08
272682,0.02
272691,0.04
272697,0.06
272706,0.1
272708,0.06
272717,0.09
272722,0.03
272723,0.03
272737,0.04
272744,0.02
272752,0.41
272757,0.06
272760,0.03
272763,0.21
272768,0.08
272779,0.05
272781,0.11
272787,0.07
272795,0.05
272799,0.12
272820,0.13
272821,0.1
272829,0.07
272852,0.02
272863,0.21
272878,0.17
272886,0.05
272891,0.1
272903,0.14
272914,0.04
272928,0.17
272937,0.03
272938,0.2
272944,0.12
272965,0.18
272967,0.04
272969,0.22
272983,0.05
272998,0.12
273002,0.05
273005,0.01
273010,0.03
273011,0.01
273017,0.03
273021,0.23
273023,0.2
273027,0.05
273035,0.0
273047,0.2
273053,0.07
273060,0.2
273062,0.02
273074,0.04
273078,0.04
273079,0.12
273087,0.04
273107,0.03
273109,0.05
273112,0.09
273113,0.15
273117,0.12
273121,0.27
273137,0.03
273156,0.03
273157,0.1
273177,0.11
273192,0.02
273193,0.04
273194,0.06
273198,0.08
273199,0.02
273206,0.09
273213,0.03
273235,0.03
273244,0.13
273247,0.11
273248,0.14
273254,0.01
273259,0.03
273270,0.03
273272,0.03
273287,0.19
273289,0.02
273294,0.04
273301,0.2
273304,0.17
273313,0.23
273314,0.04
273333,0.15
273336,0.23
273343,0.04
273353,0.01
273359,0.05
273371,0.02
273402,0.1
273415,0.01
273420,0.15
273424,0.06
273428,0.05
273429,0.01
273443,0.07
273457,0.02
273458,0.15
273467,0.29
273477,0.13
273482,0.07
273495,0.13
273496,0.01
273503,0.07
273507,0.23
273508,0.15
273510,0.07
273524,0.14
273552,0.0
273556,0.09
273566,0.04
273579,0.16
273584,0.07
273595,0.05
273606,0.05
273623,0.11
273625,0.23
273638,0.17
273660,0.09
273664,0.06
273683,0.05
273686,0.0
273687,0.09
273699,0.19
273700,0.1
273719,0.01
273721,0.24
273728,0.11
273764,0.04
273770,0.08
273774,0.23
273792,0.12
273806,0.06
273807,0.09
273818,0.01
273823,0.15
273835,0.18
273856,0.01
273861,0.0
273863,0.08
273864,0.17
273874,0.17
273879,0.21
273892,0.25
273895,0.26
273899,0.01
273900,0.11
273912,0.19
273921,0.0
273941,0.09
273946,0.03
273954,0.15
273956,0.1
273962,0.13
273968,0.05
273985,0.1
274000,0.19
274003,0.07
274004,0.0
274006,0.03
274019,0.19
274022,0.14
274023,0.19
274034,0.1
274043,0.05
274052,0.02
274054,0.38
274058,0.15
274063,0.17
274070,0.06
274072,0.04
274081,0.23
274108,0.36
274118,0.29
274125,0.08
274129,0.0
274140,0.04
274142,0.03
274146,0.1
274147,0.22
274155,0.07
274163,0.06
274165,0.08
274174,0.1
274182,0.23
274186,0.0
274188,0.1
274193,0.21
274198,0.04
274216,0.06
274219,0.13
274225,0.27
274229,0.03
274248,0.08
274268,0.04
274274,0.02
274286,0.05
274289,0.05
274297,0.11
274302,0.06
274326,0.09
274346,0.06
274348,0.12
274349,0.08
274350,0.0
274353,0.03
274359,0.27
274364,0.02
274368,0.05
274373,0.07
274378,0.17
274389,0.05
274390,0.17
274391,0.03
274392,0.05
274396,0.24
274408,0.18
274409,0.01
274424,0.14
274453,0.13
274460,0.14
274465,0.15
274468,0.01
274481,0.3
274482,0.02
274484,0.11
274490,0.07
274509,0.03
274511,0.07
274515,0.1
274521,0.12
274523,0.07
274525,0.18
274539,0.03
274541,0.18
274574,0.08
274585,0.15
274587,0.12
274594,0.14
274600,0.19
274605,0.05
274611,0.0
274619,0.08
274641,0.13
274666,0.26
274688,0.07
274690,0.12
274699,0.04
274703,0.08
274715,0.04
274717,0.06
274760,0.16
274774,0.28
274791,0.42
274801,0.06
274804,0.16
274808,0.26
274813,0.1
274815,0.06
274818,0.03
274820,0.07
274829,0.04
274847,0.14
274865,0.11
274870,0.04
274881,0.18
274890,0.08
274894,0.1
274902,0.03
274905,0.07
274911,0.02
274912,0.14
274914,0.03
274927,0.03
274931,0.01
274944,0.2
274951,0.11
274953,0.1
274954,0.02
274961,0.01
274965,0.12
274972,0.12
274978,0.1
274984,0.23
274993,0.07
274996,0.0
275043,0.0
275048,0.15
275052,0.08
275059,0.01
275060,0.02
275071,0.05
275077,0.12
275078,0.01
275091,0.0
275098,0.05
275111,0.05
275120,0.19
275121,0.11
275125,0.07
275129,0.09
275139,0.02
275150,0.11
275153,0.15
275166,0.15
275185,0.08
275199,0.27
275201,0.06
275203,0.07
275216,0.12
275225,0.14
275226,0.0
275232,0.06
275254,0.1
275256,0.24
275272,0.07
275278,0.01
275280,0.08
275286,0.14
275288,0.04
275299,0.07
275306,0.15
275313,0.03
275314,0.05
275319,0.3
275324,0.03
275330,0.08
275334,0.09
275335,0.19
275337,0.14
275339,0.06
275351,0.07
275352,0.05
275367,0.02
275384,0.03
275392,0.05
275393,0.2
275408,0.07
275411,0.13
275413,0.31
275415,0.03
275416,0.13
275422,0.02
275424,0.07
275438,0.05
275440,0.1
275468,0.03
275469,0.08
275473,0.17
275482,0.16
275488,0.03
275502,0.07
275503,0.07
275511,0.1
275518,0.1
275520,0.03
275524,0.04
275531,0.08
275537,0.0
275558,0.09
275574,0.14
275576,0.03
275583,0.01
275588,0.08
275605,0.15
275612,0.1
275627,0.05
275633,0.13
275646,0.27
275647,0.04
275653,0.22
275661,0.05
275683,0.08
275688,0.0
275691,0.07
275713,0.18
275731,0.04
275735,0.09
275739,0.02
275761,0.19
275762,0.02
275767,0.03
275768,0.07
275769,0.12
275774,0.02
275776,0.01
275783,0.01
275800,0.03
275805,0.14
275836,0.02
275842,0.0
275855,0.32
275860,0.06
275870,0.23
275884,0.2
275897,0.07
275899,0.03
275900,0.06
275906,0.1
275912,0.11
275922,0.22
275929,0.3
275931,0.19
275932,0.06
275936,0.23
275937,0.02
275947,0.27
275949,0.23
275954,0.09
275958,0.02
275966,0.15
275967,0.1
275970,0.23
275989,0.27
275993,0.09
275995,0.07
275998,0.12
276007,0.18
276011,0.11
276029,0.24
276047,0.02
276048,0.02
276050,0.09
276054,0.03
276056,0.07
276057,0.15
276060,0.04
276084,0.0
276089,0.1
276118,0.03
276121,0.18
276122,0.11
276130,0.05
276134,0.27
276135,0.13
276142,0.13
276164,0.04
276195,0.1
276210,0.07
276235,0.03
276238,0.08
276242,0.09
276244,0.25
276247,0.07
276263,0.15
276306,0.18
276309,0.07
276319,0.07
276334,0.04
276338,0.06
276343,0.13
276344,0.05
276345,0.14
276348,0.05
276359,0.07
276363,0.19
276365,0.06
276366,0.13
276373,0.02
276378,0.06
276386,0.04
276405,0.14
276419,0.01
276422,0.2
276430,0.02
276437,0.16
276442,0.06
276444,0.01
276446,0.05
276455,0.18
276470,0.09
276472,0.03
276475,0.25
276479,0.03
276484,0.0
276487,0.19
276488,0.25
276495,0.05
276497,0.15
276508,0.39
276509,0.08
276516,0.0
276521,0.04
276525,0.02
276550,0.04
276560,0.04
276569,0.09
276584,0.04
276603,0.05
276615,0.05
276617,0.04
276622,0.17
276625,0.05
276629,0.11
276642,0.05
276664,0.03
276674,0.03
276675,0.38
276678,0.1
276692,0.07
276693,0.03
276697,0.05
276703,0.06
276705,0.1
276717,0.11
276728,0.0
276744,0.16
276762,0.08
276764,0.02
276781,0.14
276793,0.07
276798,0.05
276800,0.02
276805,0.04
276824,0.05
276826,0.06
276848,0.11
276854,0.09
276862,0.18
276865,0.06
276869,0.09
276880,0.01
276882,0.11
276886,0.09
276889,0.09
276892,0.11
276903,0.0
276906,0.1
276936,0.08
276945,0.01
276956,0.01
276958,0.03
276963,0.0
276966,0.1
276987,0.23
276993,0.1
276994,0.06
277004,0.19
277015,0.01
277021,0.16
277024,0.03
277032,0.16
277054,0.07
277055,0.08
277061,0.1
277065,0.18
277070,0.11
277079,0.29
277088,0.01
277108,0.1
277114,0.01
277121,0.07
277137,0.24
277148,0.08
277158,0.17
277162,0.14
277165,0.38
277167,0.0
277170,0.03
277172,0.02
277177,0.04
277179,0.43
277182,0.02
277185,0.01
277191,0.06
277200,0.42
277211,0.05
277217,0.05
277221,0.1
277226,0.08
277227,0.06
277228,0.21
277229,0.08
277244,0.33
277271,0.06
277274,0.09
277282,0.03
277286,0.03
277288,0.08
277290,0.01
277291,0.0
277296,0.03
277297,0.01
277320,0.15
277327,0.11
277335,0.18
277336,0.04
277338,0.07
277342,0.13
277344,0.03
277345,0.07
277349,0.05
277356,0.16
277370,0.13
277371,0.13
277379,0.13
277386,0.27
277390,0.05
277400,0.02
277401,0.12
277412,0.07
277413,0.05
277415,0.01
277417,0.27
277419,0.08
277422,0.05
277423,0.01
277425,0.03
277432,0.04
277438,0.01
277445,0.09
277447,0.11
277456,0.06
277457,0.04
277474,0.03
277488,0.01
277494,0.08
277501,0.04
277503,0.18
277510,0.21
277516,0.09
277521,0.2
277522,0.04
277530,0.08
277531,0.25
277536,0.08
277548,0.16
277550,0.1
277554,0.04
277555,0.1
277562,0.14
277565,0.18
277566,0.04
277572,0.08
277592,0.12
277593,0.01
277610,0.05
277621,0.08
277654,0.33
277668,0.02
277673,0.0
277675,0.04
277694,0.06
277697,0.15
277699,0.01
277700,0.06
277701,0.05
277708,0.29
277710,0.03
277717,0.07
277725,0.11
277731,0.06
277746,0.11
277753,0.01
277757,0.45
277764,0.07
277772,0.02
277775,0.16
277777,0.03
277787,0.06
277797,0.03
277798,0.09
277802,0.11
277812,0.06
277816,0.16
277820,0.02
277821,0.0
277822,0.15
277838,0.06
277845,0.03
277846,0.03
277854,0.1
277856,0.12
277866,0.16
277874,0.06
277893,0.05
277900,0.02
277964,0.11
277970,0.03
277976,0.05
277983,0.1
277994,0.03
278011,0.04
278025,0.09
278045,0.15
278048,0.15
278066,0.03
278088,0.22
278098,0.04
278101,0.26
278113,0.05
278114,0.11
278128,0.06
278152,0.1
278157,0.22
278168,0.05
278169,0.06
278174,0.06
278176,0.05
278181,0.19
278185,0.14
278225,0.1
278236,0.1
278242,0.16
278244,0.04
278251,0.02
278252,0.07
278272,0.21
278279,0.06
278287,0.23
278288,0.05
278309,0.08
278310,0.05
278316,0.16
278318,0.3
278320,0.04
278344,0.17
278356,0.14
278359,0.06
278361,0.05
278368,0.06
278372,0.03
278384,0.15
278388,0.01
278409,0.13
278414,0.14
278415,0.12
278416,0.04
278422,0.12
278423,0.25
278432,0.09
278436,0.09
278455,0.11
278461,0.1
278469,0.14
278482,0.13
278487,0.17
278493,0.06
278501,0.06
278508,0.25
278511,0.09
278519,0.1
278526,0.14
278530,0.13
278533,0.08
278539,0.2
278545,0.09
278556,0.02
278559,0.08
278587,0.1
278601,0.02
278603,0.06
278604,0.16
278605,0.07
278606,0.0
278613,0.08
278616,0.17
278618,0.04
278632,0.05
278633,0.06
278637,0.04
278645,0.05
278649,0.17
278653,0.18
278662,0.05
278673,0.02
278700,0.06
278703,0.14
278704,0.14
278723,0.14
278725,0.16
278730,0.06
278750,0.06
278765,0.09
278770,0.07
278779,0.03
278787,0.09
278791,0.0
278804,0.04
278807,0.2
278810,0.04
278812,0.01
278815,0.29
278821,0.13
278825,0.02
278832,0.03
278836,0.03
278838,0.13
278840,0.19
278844,0.04
278862,0.0
278863,0.04
278871,0.01
278875,0.02
278892,0.33
278899,0.08
278903,0.15
278909,0.02
278913,0.17
278931,0.05
278932,0.16
278933,0.26
278937,0.06
278952,0.01
278954,0.03
278960,0.05
278967,0.06
278968,0.05
278972,0.24
278976,0.17
278982,0.04
278983,0.15
279001,0.22
279015,0.16
279018,0.21
279035,0.31
279040,0.08
279043,0.13
279046,0.03
279061,0.15
279063,0.01
279065,0.08
279068,0.11
279070,0.09
279074,0.28
279076,0.11
279086,0.01
279095,0.05
279107,0.1
279108,0.18
279109,0.18
279110,0.12
279111,0.0
279129,0.04
279134,0.02
279137,0.06
279142,0.1
279146,0.03
279153,0.02
279157,0.02
279165,0.01
279166,0.01
279172,0.09
279173,0.07
279174,0.13
279179,0.12
279182,0.04
279186,0.06
279187,0.09
279189,0.0
279201,0.02
279202,0.09
279213,0.04
279214,0.02
279217,0.02
279230,0.21
279232,0.02
279233,0.02
279235,0.04
279250,0.05
279252,0.02
279257,0.1
279265,0.03
279266,0.01
279279,0.03
279281,0.22
279282,0.08
279285,0.06
279286,0.12
279297,0.0
279300,0.0
279318,0.15
279324,0.16
279334,0.03
279335,0.18
279336,0.09
279341,0.13
279342,0.19
279353,0.1
279357,0.05
279371,0.18
279376,0.09
279391,0.21
279392,0.07
279402,0.11
279406,0.25
279408,0.18
279434,0.1
279439,0.01
279448,0.03
279450,0.12
279456,0.14
279461,0.26
279466,0.06
279470,0.1
279471,0.0
279493,0.12
279500,0.04
279506,0.0
279512,0.1
279519,0.04
279533,0.05
279549,0.23
279551,0.2
279556,0.0
279557,0.25
279558,0.12
279566,0.02
279592,0.06
279595,0.18
279604,0.12
279608,0.03
279614,0.0
279618,0.05
279622,0.19
279648,0.17
279652,0.07
279653,0.01
279679,0.06
279690,0.05
279691,0.06
279694,0.23
279698,0.09
279702,0.09
279712,0.02
279713,0.11
279715,0.21
279725,0.01
279727,0.12
279733,0.05
279742,0.12
279748,0.07
279754,0.05
279756,0.35
279776,0.06
279778,0.08
279779,0.02
279782,0.05
279793,0.02
279794,0.06
279804,0.22
279810,0.16
279817,0.25
279828,0.05
279830,0.07
279831,0.06
279834,0.19
279835,0.1
279840,0.08
279847,0.01
279852,0.04
279854,0.14
279856,0.12
279859,0.05
279862,0.01
279876,0.08
279878,0.1
279889,0.02
279894,0.03
279897,0.03
279903,0.03
279904,0.07
279906,0.06
279909,0.18
279922,0.25
279925,0.06
279939,0.15
279940,0.05
279942,0.2
279948,0.01
279952,0.01
279960,0.0
279968,0.02
279969,0.06
279977,0.31
279980,0.08
279994,0.07
279997,0.13
279998,0.06
280007,0.19
280009,0.13
280010,0.29
280020,0.11
280021,0.07
280022,0.22
280052,0.04
280058,0.06
280074,0.04
280076,0.04
280085,0.39
280091,0.05
280095,0.01
280107,0.02
280116,0.1
280140,0.11
280144,0.22
280156,0.05
280177,0.02
280191,0.08
280205,0.04
280226,0.21
280230,0.23
280234,0.02
280264,0.12
280274,0.02
280298,0.05
280299,0.1
280300,0.15
280301,0.06
280308,0.03
280317,0.11
280319,0.1
280322,0.04
280342,0.04
280348,0.16
280350,0.03
280353,0.14
280366,0.01
280372,0.05
280374,0.06
280376,0.28
280381,0.02
280384,0.02
280388,0.06
280397,0.05
280401,0.12
280409,0.03
280413,0.03
280422,0.25
280424,0.14
280426,0.05
280429,0.09
280430,0.02
280435,0.04
280444,0.09
280450,0.06
280455,0.22
280459,0.03
280462,0.02
280466,0.19
280470,0.12
280473,0.0
280517,0.06
280524,0.19
280527,0.0
280531,0.02
280548,0.02
280558,0.34
280563,0.08
280598,0.05
280599,0.2
280603,0.03
280607,0.01
280610,0.26
280612,0.16
280625,0.09
280631,0.02
280650,0.07
280653,0.3
280657,0.1
280669,0.03
280675,0.04
280679,0.08
280685,0.02
280691,0.05
280693,0.01
280706,0.02
280714,0.08
280719,0.21
280724,0.02
280725,0.08
280737,0.01
280738,0.05
280744,0.01
280746,0.19
280760,0.05
280772,0.2
280777,0.08
280784,0.07
280785,0.05
280791,0.04
280793,0.05
280794,0.11
280800,0.17
280805,0.06
280806,0.07
280815,0.18
280823,0.04
280831,0.02
280832,0.04
280841,0.01
280845,0.17
280846,0.07
280854,0.15
280857,0.01
280861,0.08
280862,0.1
280867,0.21
280877,0.07
280879,0.06
280890,0.02
280891,0.25
280903,0.26
280916,0.07
280929,0.05
280934,0.15
280941,0.18
280947,0.05
280962,0.11
280963,0.2
280966,0.04
280967,0.0
280971,0.23
281005,0.04
281007,0.12
281008,0.03
281009,0.05
281016,0.05
281024,0.04
281039,0.19
281045,0.01
281054,0.11
281055,0.09
281056,0.04
281068,0.06
281092,0.09
281094,0.02
281118,0.23
281133,0.04
281137,0.1
281164,0.09
281176,0.01
281177,0.02
281184,0.02
281187,0.29
281192,0.07
281195,0.17
281220,0.08
281222,0.2
281227,0.17
281234,0.02
281251,0.07
281278,0.03
281298,0.13
281303,0.11
281306,0.3
281314,0.05
281320,0.07
281322,0.05
281337,0.11
281347,0.39
281357,0.07
281362,0.16
281365,0.03
281366,0.03
281367,0.03
281373,0.09
281376,0.03
281400,0.23
281417,0.07
281420,0.01
281422,0.19
281435,0.17
281439,0.0
281448,0.23
281451,0.14
281453,0.05
281482,0.07
281494,0.04
281514,0.02
281515,0.07
281542,0.07
281556,0.13
281568,0.09
281592,0.04
281593,0.02
281607,0.21
281613,0.08
281618,0.26
281620,0.15
281628,0.17
281629,0.06
281633,0.16
281634,0.0
281642,0.05
281643,0.11
281653,0.21
281661,0.11
281671,0.02
281675,0.09
281684,0.1
281692,0.25
281697,0.05
281730,0.14
281731,0.06
281734,0.04
281737,0.06
281750,0.17
281752,0.1
281764,0.0
281782,0.14
281791,0.05
281793,0.06
281795,0.0
281824,0.05
281831,0.09
281845,0.03
281848,0.0
281854,0.06
281855,0.04
281867,0.04
281873,0.03
281875,0.03
281876,0.29
281881,0.05
281905,0.01
281906,0.33
281907,0.06
281914,0.07
281929,0.01
281936,0.21
281938,0.1
281940,0.08
281941,0.03
281950,0.02
281954,0.01
281955,0.17
281956,0.07
281957,0.12
281968,0.17
281972,0.23
281974,0.2
281987,0.03
281996,0.26
281998,0.05
282002,0.07
282004,0.08
282005,0.08
282020,0.09
282021,0.16
282041,0.06
282045,0.03
282046,0.02
282048,0.13
282056,0.09
282063,0.15
282068,0.17
282072,0.08
282100,0.02
282104,0.11
282105,0.07
282106,0.03
282108,0.1
282114,0.14
282132,0.01
282133,0.07
282136,0.09
282145,0.14
282146,0.11
282150,0.13
282151,0.14
282152,0.07
282157,0.09
282165,0.06
282167,0.08
282178,0.02
282179,0.03
282204,0.15
282208,0.04
282218,0.03
282221,0.34
282223,0.09
282226,0.11
282230,0.03
282232,0.07
282235,0.1
282236,0.06
282239,0.02
282246,0.02
282250,0.15
282259,0.03
282270,0.09
282272,0.27
282282,0.19
282292,0.06
282306,0.0
282311,0.14
282317,0.21
282318,0.18
282331,0.18
282338,0.11
282349,0.08
282350,0.18
282355,0.0
282359,0.22
282382,0.04
282396,0.22
282399,0.06
282408,0.02
282421,0.02
282427,0.05
282437,0.01
282446,0.12
282448,0.0
282453,0.0
282456,0.1
282457,0.02
282465,0.12
282476,0.14
282478,0.11
282482,0.04
282485,0.33
282492,0.14
282498,0.12
282503,0.01
282512,0.24
282521,0.19
282531,0.19
282548,0.03
282582,0.15
282585,0.06
282605,0.03
282618,0.04
282633,0.03
282642,0.1
282645,0.21
282647,0.06
282649,0.03
282654,0.04
282661,0.03
282667,0.02
282668,0.14
282678,0.09
282679,0.14
282687,0.06
282688,0.09
282691,0.11
282702,0.0
282709,0.11
282712,0.11
282715,0.16
282726,0.02
282735,0.03
282737,0.01
282746,0.15
282751,0.01
282754,0.27
282758,0.1
282773,0.27
282787,0.01
282794,0.02
282812,0.02
282822,0.14
282827,0.02
282836,0.02
282841,0.02
282854,0.11
282862,0.06
282873,0.18
282890,0.18
282900,0.32
282906,0.27
282910,0.2
282915,0.01
282929,0.01
282933,0.02
282944,0.14
282945,0.13
282950,0.12
282954,0.04
282960,0.03
282961,0.17
282962,0.1
282965,0.06
282971,0.03
282974,0.07
282975,0.09
282979,0.02
282984,0.02
282990,0.11
282998,0.16
283005,0.13
283013,0.2
283018,0.12
283029,0.18
283032,0.01
283036,0.22
283041,0.22
283046,0.16
283050,0.02
283057,0.15
283065,0.07
283069,0.21
283074,0.03
283076,0.08
283077,0.1
283089,0.13
283090,0.05
283094,0.13
283110,0.23
283118,0.06
283127,0.04
283130,0.07
283139,0.1
283143,0.13
283144,0.09
283146,0.03
283150,0.05
283161,0.34
283177,0.01
283180,0.03
283184,0.03
283191,0.03
283193,0.1
283196,0.15
283199,0.21
283202,0.21
283205,0.08
283213,0.02
283216,0.01
283218,0.21
283220,0.08
283227,0.05
283233,0.2
283248,0.14
283250,0.08
283261,0.02
283264,0.23
283267,0.12
283269,0.02
283271,0.03
283282,0.05
283283,0.06
283290,0.19
283295,0.04
283298,0.1
283303,0.24
283309,0.01
283310,0.03
283314,0.09
283317,0.01
283318,0.01
283323,0.21
283327,0.11
283328,0.22
283336,0.23
283340,0.02
283344,0.1
283345,0.31
283360,0.04
283361,0.06
283383,0.15
283387,0.04
283390,0.02
283412,0.02
283426,0.04
283429,0.1
283433,0.04
283437,0.14
283438,0.01
283461,0.07
283466,0.03
283477,0.16
283479,0.07
283483,0.1
283484,0.06
283486,0.1
283500,0.0
283512,0.25
283515,0.11
283517,0.31
283519,0.07
283523,0.04
283528,0.24
283555,0.02
283565,0.02
283572,0.02
283576,0.02
283586,0.16
283590,0.05
283606,0.09
283615,0.02
283619,0.2
283632,0.13
283635,0.07
283636,0.0
283641,0.2
283642,0.04
283647,0.05
283667,0.06
283683,0.06
283684,0.06
283687,0.16
283691,0.11
283693,0.09
283701,0.06
283702,0.14
283711,0.1
283713,0.19
283726,0.18
283730,0.06
283736,0.06
283737,0.11
283740,0.07
283748,0.04
283750,0.11
283756,0.02
283757,0.15
283774,0.27
283776,0.17
283784,0.07
283790,0.33
283796,0.07
283806,0.01
283816,0.01
283825,0.19
283827,0.13
283835,0.01
283839,0.24
283843,0.18
283874,0.19
283880,0.03
283881,0.11
283882,0.37
283887,0.07
283891,0.22
283893,0.11
283895,0.02
283900,0.16
283906,0.0
283938,0.01
283943,0.08
283953,0.12
283958,0.04
283961,0.0
283972,0.04
283973,0.15
283986,0.1
283990,0.01
283994,0.27
284000,0.01
284002,0.16
284003,0.08
284035,0.27
284049,0.01
284055,0.05
284060,0.04
284061,0.31
284069,0.06
284072,0.24
284075,0.09
284087,0.07
284093,0.12
284095,0.11
284096,0.14
284106,0.01
284109,0.11
284112,0.05
284126,0.18
284152,0.0
284155,0.05
284157,0.07
284159,0.06
284194,0.01
284207,0.04
284211,0.01
284220,0.08
284232,0.09
284239,0.06
284246,0.01
284257,0.02
284259,0.1
284272,0.15
284277,0.08
284279,0.22
284283,0.04
284294,0.04
284298,0.05
284305,0.05
284309,0.03
284311,0.07
284315,0.03
284338,0.25
284340,0.28
284342,0.12
284344,0.08
284348,0.05
284361,0.07
284373,0.05
284380,0.21
284408,0.01
284422,0.04
284423,0.13
284427,0.04
284433,0.04
284442,0.13
284462,0.11
284481,0.05
284487,0.04
284492,0.18
284495,0.08
284499,0.05
284503,0.04
284506,0.1
284507,0.09
284511,0.31
284512,0.06
284513,0.03
284520,0.16
284537,0.05
284557,0.14
284560,0.08
284571,0.05
284573,0.31
284574,0.05
284575,0.03
284576,0.18
284578,0.01
284592,0.01
284606,0.18
284609,0.06
284614,0.05
284627,0.05
284630,0.19
284633,0.05
284647,0.05
284650,0.1
284655,0.19
284661,0.0
284664,0.0
284668,0.03
284682,0.07
284683,0.19
284691,0.11
284692,0.09
284695,0.14
284751,0.18
284785,0.07
284796,0.03
284797,0.07
284799,0.06
284805,0.03
284811,0.03
284844,0.0
284856,0.23
284861,0.18
284864,0.02
284866,0.11
284867,0.0
284871,0.07
284873,0.1
284888,0.25
284895,0.01
284906,0.1
284907,0.24
284908,0.05
284914,0.04
284916,0.04
284920,0.03
284926,0.12
284934,0.06
284937,0.08
284949,0.02
284986,0.07
285002,0.03
285006,0.05
285007,0.09
285008,0.12
285016,0.0
285040,0.0
285041,0.0
285050,0.06
285051,0.19
285059,0.1
285077,0.09
285078,0.25
285097,0.02
285102,0.06
285104,0.04
285117,0.07
285119,0.05
285120,0.02
285122,0.01
285131,0.14
285137,0.03
285139,0.08
285147,0.0
285176,0.03
285177,0.07
285183,0.02
285184,0.15
285200,0.04
285213,0.21
285224,0.15
285232,0.11
285245,0.23
285249,0.07
285253,0.01
285268,0.02
285276,0.12
285282,0.11
285284,0.21
285297,0.24
285304,0.1
285305,0.06
285337,0.05
285346,0.0
285349,0.09
285354,0.1
285359,0.07
285366,0.07
285367,0.24
285368,0.17
285376,0.1
285382,0.01
285385,0.11
285389,0.08
285396,0.02
285398,0.11
285399,0.02
285403,0.04
285405,0.24
285407,0.06
285417,0.05
285419,0.05
285431,0.18
285457,0.01
285462,0.13
285463,0.01
285472,0.13
285476,0.01
285479,0.26
285482,0.08
285486,0.11
285487,0.04
285497,0.01
285498,0.19
285507,0.19
285509,0.04
285514,0.15
285516,0.01
285521,0.07
285525,0.02
285528,0.02
285555,0.09
285559,0.12
285561,0.0
285562,0.12
285565,0.09
285571,0.03
285583,0.08
285588,0.21
285603,0.18
285612,0.14
285628,0.18
285635,0.05
285649,0.1
285651,0.02
285653,0.12
285662,0.03
285665,0.01
285678,0.01
285681,0.18
285694,0.14
285695,0.04
285701,0.04
285721,0.13
285730,0.22
285733,0.0
285743,0.1
285744,0.07
285746,0.15
285778,0.05
285784,0.0
285808,0.03
285810,0.2
285831,0.22
285833,0.09
285841,0.02
285842,0.01
285844,0.12
285847,0.24
285853,0.11
285861,0.16
285863,0.02
285867,0.11
285870,0.27
285879,0.25
285880,0.1
285882,0.08
285893,0.04
285897,0.06
285912,0.05
285914,0.09
285918,0.14
285927,0.18
285931,0.05
285932,0.1
285962,0.05
285975,0.16
285978,0.14
285996,0.13
286000,0.04
286010,0.07
286011,0.21
286018,0.06
286033,0.03
286038,0.28
286042,0.02
286044,0.06
286047,0.03
286050,0.11
286052,0.03
286056,0.2
286058,0.05
286083,0.08
286088,0.04
286094,0.11
286107,0.37
286112,0.22
286124,0.02
286128,0.17
286141,0.08
286146,0.05
286147,0.07
286153,0.02
286163,0.08
286169,0.19
286175,0.05
286185,0.07
286194,0.03
286198,0.05
286201,0.01
286202,0.29
286213,0.04
286218,0.01
286250,0.02
286257,0.31
286264,0.19
286265,0.08
286266,0.12
286287,0.21
286292,0.01
286294,0.03
286295,0.13
286299,0.14
286300,0.16
286302,0.04
286310,0.04
286316,0.09
286332,0.07
286353,0.23
286354,0.01
286357,0.03
286375,0.0
286382,0.26
286389,0.12
286404,0.03
286405,0.09
286411,0.38
286412,0.05
286421,0.05
286423,0.02
286426,0.13
286433,0.1
286438,0.07
286441,0.05
286444,0.05
286447,0.03
286459,0.28
286473,0.07
286484,0.15
286485,0.3
286501,0.09
286502,0.0
286509,0.06
286511,0.25
286516,0.46
286547,0.28
286549,0.09
286553,0.03
286558,0.07
286566,0.01
286572,0.13
286582,0.04
286587,0.06
286590,0.04
286594,0.18
286598,0.05
286602,0.09
286608,0.14
286610,0.12
286627,0.1
286661,0.02
286664,0.08
286668,0.01
286683,0.02
286684,0.03
286689,0.02
286696,0.15
286697,0.06
286703,0.11
286705,0.05
286707,0.15
286708,0.13
286711,0.1
286714,0.04
286734,0.14
286747,0.06
286760,0.08
286763,0.05
286772,0.0
286773,0.1
286791,0.04
286813,0.03
286814,0.05
286817,0.03
286836,0.07
286838,0.05
286844,0.09
286854,0.11
286856,0.1
286859,0.14
286864,0.04
286865,0.21
286868,0.25
286881,0.15
286882,0.14
286888,0.0
286890,0.36
286892,0.05
286895,0.15
286906,0.05
286924,0.12
286930,0.08
286931,0.08
286942,0.02
286955,0.01
286960,0.08
286962,0.04
286966,0.03
286967,0.01
286971,0.0
286983,0.1
286985,0.04
286986,0.15
286987,0.08
286992,0.08
287003,0.06
287004,0.07
287006,0.19
287029,0.09
287036,0.02
287038,0.1
287049,0.11
287050,0.0
287057,0.12
287065,0.03
287066,0.16
287089,0.19
287093,0.19
287096,0.05
287103,0.03
287104,0.12
287109,0.02
287133,0.26
287137,0.11
287141,0.18
287146,0.13
287148,0.0
287177,0.01
287184,0.01
287197,0.05
287204,0.06
287206,0.2
287208,0.11
287225,0.05
287228,0.05
287252,0.23
287260,0.05
287264,0.15
287270,0.03
287271,0.04
287272,0.07
287274,0.05
287280,0.04
287281,0.1
287290,0.05
287298,0.05
287299,0.12
287301,0.1
287314,0.02
287321,0.19
287322,0.0
287329,0.04
287331,0.08
287337,0.18
287349,0.23
287358,0.02
287370,0.08
287371,0.08
287376,0.13
287378,0.04
287386,0.11
287394,0.15
287397,0.15
287419,0.02
287428,0.03
287438,0.06
287439,0.01
287449,0.07
287450,0.05
287460,0.1
287472,0.11
287474,0.18
287483,0.01
287495,0.01
287510,0.16
287512,0.08
287530,0.05
287531,0.02
287543,0.03
287549,0.08
287564,0.19
287574,0.03
287580,0.12
287587,0.05
287594,0.0
287605,0.1
287617,0.07
287621,0.02
287626,0.07
287629,0.16
287632,0.14
287636,0.16
287644,0.09
287648,0.13
287666,0.12
287672,0.09
287701,0.13
287708,0.04
287718,0.08
287724,0.15
287726,0.03
287729,0.02
287732,0.02
287733,0.06
287734,0.29
287750,0.1
287755,0.15
287762,0.24
287764,0.02
287766,0.0
287775,0.01
287781,0.06
287785,0.09
287789,0.04
287792,0.34
287796,0.0
287804,0.18
287822,0.06
287835,0.0
287840,0.06
287850,0.19
287851,0.09
287852,0.17
287858,0.02
287859,0.07
287860,0.24
287861,0.08
287866,0.01
287868,0.11
287873,0.25
287876,0.08
287877,0.0
287878,0.01
287879,0.13
287883,0.04
287888,0.0
287894,0.32
287895,0.07
287912,0.08
287915,0.02
287920,0.0
287922,0.05
287926,0.05
287929,0.02
287931,0.07
287936,0.07
287942,0.05
287946,0.24
287948,0.05
287963,0.13
288003,0.03
288005,0.09
288012,0.14
288013,0.25
288026,0.08
288027,0.06
288031,0.04
288039,0.06
288041,0.17
288045,0.12
288065,0.2
288068,0.06
288079,0.04
288084,0.26
288111,0.15
288129,0.11
288138,0.38
288154,0.12
288167,0.02
288178,0.04
288184,0.06
288193,0.03
288203,0.11
288207,0.25
288223,0.11
288226,0.17
288237,0.18
288257,0.18
288259,0.08
288269,0.04
288273,0.06
288276,0.07
288280,0.15
288283,0.01
288291,0.24
288299,0.01
288305,0.05
288316,0.14
288322,0.06
288333,0.04
288337,0.11
288341,0.03
288345,0.2
288348,0.05
288350,0.14
288353,0.06
288372,0.08
288375,0.18
288395,0.01
288408,0.12
288425,0.06
288430,0.07
288433,0.04
288459,0.1
288462,0.13
288463,0.13
288470,0.04
288472,0.09
288475,0.03
288495,0.31
288517,0.03
288530,0.2
288535,0.1
288539,0.01
288540,0.07
288547,0.31
288553,0.19
288555,0.17
288556,0.11
288562,0.0
288564,0.05
288567,0.13
288576,0.04
288579,0.02
288580,0.14
288589,0.05
288596,0.11
288597,0.05
288599,0.04
288601,0.14
288617,0.05
288621,0.09
288635,0.05
288656,0.02
288666,0.08
288670,0.11
288671,0.01
288673,0.03
288678,0.12
288693,0.13
288699,0.08
288706,0.26
288728,0.13
288739,0.07
288741,0.03
288755,0.01
288763,0.0
288766,0.05
288775,0.24
288780,0.09
288793,0.21
288811,0.14
288821,0.17
288829,0.12
288835,0.02
288836,0.09
288838,0.06
288851,0.14
288853,0.02
288854,0.03
288855,0.06
288876,0.09
288879,0.12
288884,0.24
288886,0.03
288891,0.23
288898,0.06
288911,0.21
288913,0.14
288927,0.04
288928,0.0
288931,0.13
288955,0.08
288961,0.13
288969,0.29
288971,0.08
288973,0.07
288982,0.01
288983,0.03
288986,0.04
288992,0.09
288993,0.09
288996,0.1
289007,0.13
289008,0.05
289014,0.21
289015,0.1
289016,0.03
289017,0.03
289028,0.04
289030,0.16
289040,0.16
289048,0.12
289051,0.19
289055,0.0
289057,0.03
289062,0.14
289063,0.21
289069,0.08
289073,0.03
289074,0.02
289085,0.11
289092,0.02
289097,0.08
289111,0.04
289112,0.15
289116,0.17
289123,0.06
289145,0.21
289146,0.05
289158,0.06
289165,0.11
289166,0.01
289167,0.26
289170,0.12
289193,0.16
289198,0.09
289209,0.1
289211,0.09
289215,0.14
289220,0.17
289232,0.03
289244,0.2
289258,0.05
289271,0.04
289274,0.19
289312,0.05
289321,0.13
289325,0.16
289333,0.2
289340,0.1
289368,0.01
289375,0.08
289380,0.08
289381,0.04
289384,0.15
289403,0.06
289408,0.12
289416,0.08
289463,0.06
289488,0.07
289495,0.12
289498,0.04
289499,0.06
289515,0.02
289531,0.07
289541,0.29
289554,0.18
289565,0.04
289590,0.0
289596,0.09
289601,0.07
289602,0.0
289603,0.03
289608,0.06
289622,0.09
289623,0.08
289625,0.01
289634,0.18
289648,0.13
289650,0.06
289662,0.2
289667,0.16
289674,0.01
289682,0.05
289702,0.12
289706,0.08
289709,0.17
289716,0.11
289725,0.0
289732,0.08
289743,0.13
289762,0.01
289766,0.08
289770,0.03
289775,0.18
289777,0.08
289783,0.1
289797,0.16
289798,0.07
289802,0.09
289812,0.05
289814,0.04
289819,0.04
289828,0.21
289831,0.19
289835,0.04
289844,0.08
289850,0.07
289851,0.06
289865,0.03
289869,0.15
289891,0.18
289907,0.07
289919,0.03
289923,0.09
289924,0.04
289927,0.06
289929,0.13
289951,0.01
289959,0.16
289964,0.12
289965,0.02
289966,0.08
289971,0.14
289988,0.1
289989,0.03
289995,0.43
290005,0.22
290013,0.15
290031,0.16
290036,0.09
290038,0.13
290041,0.22
290056,0.27
290058,0.19
290065,0.07
290069,0.04
290070,0.06
290074,0.18
290076,0.06
290082,0.04
290105,0.06
290111,0.03
290114,0.06
290116,0.31
290117,0.09
290128,0.16
290130,0.09
290139,0.11
290151,0.05
290154,0.03
290158,0.11
290180,0.09
290183,0.04
290190,0.04
290191,0.24
290199,0.13
290200,0.13
290202,0.01
290205,0.29
290206,0.02
290219,0.08
290227,0.01
290232,0.03
290233,0.16
290242,0.11
290246,0.11
290247,0.11
290257,0.1
290259,0.11
290260,0.04
290270,0.05
290273,0.12
290276,0.12
290281,0.24
290296,0.05
290303,0.0
290306,0.04
290331,0.02
290340,0.01
290349,0.08
290355,0.08
290365,0.13
290379,0.38
290389,0.01
290408,0.04
290409,0.29
290433,0.07
290437,0.11
290440,0.07
290448,0.09
290466,0.1
290467,0.02
290479,0.05
290490,0.11
290492,0.05
290503,0.12
290508,0.07
290524,0.08
290526,0.11
290527,0.08
290541,0.1
290557,0.11
290564,0.03
290572,0.01
290576,0.45
290588,0.01
290589,0.02
290595,0.16
290598,0.12
290605,0.04
290609,0.03
290610,0.04
290612,0.01
290634,0.04
290635,0.13
290644,0.21
290672,0.14
290681,0.24
290693,0.14
290695,0.11
290702,0.02
290703,0.02
290711,0.22
290713,0.15
290727,0.09
290730,0.07
290734,0.17
290745,0.03
290746,0.18
290751,0.22
290758,0.05
290766,0.05
290784,0.06
290786,0.05
290813,0.31
290849,0.1
290852,0.08
290881,0.25
290884,0.03
290885,0.05
290889,0.01
290911,0.11
290913,0.21
290923,0.09
290926,0.02
290936,0.06
290941,0.22
290945,0.22
290955,0.0
290961,0.06
290964,0.04
290967,0.04
290970,0.07
290974,0.11
290976,0.02
290978,0.13
290981,0.04
290991,0.05
291005,0.02
291009,0.05
291011,0.05
291012,0.28
291018,0.25
291023,0.0
291028,0.05
291034,0.1
291038,0.23
291039,0.16
291041,0.31
291045,0.07
291048,0.14
291052,0.13
291055,0.03
291082,0.04
291085,0.12
291086,0.0
291094,0.04
291103,0.14
291108,0.02
291110,0.2
291113,0.0
291117,0.02
291124,0.06
291129,0.0
291142,0.19
291155,0.35
291157,0.01
291177,0.01
291178,0.03
291180,0.02
291188,0.27
291198,0.13
291200,0.06
291202,0.14
291207,0.14
291218,0.02
291231,0.04
291232,0.12
291240,0.02
291241,0.12
291245,0.04
291256,0.05
291273,0.13
291274,0.08
291277,0.09
291290,0.16
291303,0.13
291310,0.0
291311,0.11
291319,0.3
291324,0.02
291331,0.2
291334,0.0
291348,0.19
291349,0.27
291359,0.03
291365,0.05
291379,0.18
291396,0.07
291411,0.05
291424,0.08
291425,0.0
291428,0.13
291446,0.12
291449,0.02
291461,0.12
291465,0.03
291480,0.05
291486,0.12
291487,0.1
291491,0.01
291499,0.06
291505,0.15
291512,0.14
291513,0.09
291521,0.03
291523,0.0
291543,0.07
291545,0.06
291546,0.27
291550,0.18
291552,0.08
291561,0.13
291579,0.12
291584,0.2
291586,0.03
291590,0.09
291592,0.47
291593,0.0
291599,0.07
291615,0.04
291617,0.01
291628,0.16
291654,0.08
291658,0.2
291659,0.14
291661,0.21
291671,0.07
291677,0.01
291689,0.17
291693,0.03
291695,0.11
291696,0.02
291697,0.01
291702,0.03
291711,0.01
291713,0.11
291715,0.03
291718,0.11
291733,0.08
291742,0.14
291748,0.05
291765,0.0
291771,0.02
291773,0.07
291788,0.02
291789,0.09
291796,0.15
291800,0.05
291817,0.09
291822,0.15
291840,0.11
291843,0.0
291855,0.28
291858,0.1
291870,0.14
291872,0.02
291874,0.03
291883,0.03
291888,0.0
291894,0.09
291901,0.0
291928,0.18
291930,0.08
291949,0.06
291951,0.1
291953,0.04
291955,0.0
291963,0.19
291969,0.17
291980,0.29
292010,0.06
292022,0.06
292023,0.1
292031,0.02
292034,0.16
292043,0.05
292049,0.11
292055,0.07
292062,0.07
292070,0.05
292072,0.22
292073,0.04
292082,0.09
292096,0.18
292098,0.04
292116,0.14
292118,0.02
292126,0.12
292128,0.05
292137,0.01
292138,0.06
292142,0.05
292149,0.27
292181,0.2
292189,0.05
292191,0.08
292205,0.12
292219,0.03
292227,0.0
292231,0.29
292238,0.05
292246,0.06
292248,0.08
292259,0.08
292261,0.13
292266,0.2
292267,0.04
292272,0.11
292278,0.18
292281,0.06
292286,0.01
292288,0.28
292289,0.05
292304,0.17
292307,0.08
292319,0.06
292320,0.07
292325,0.03
292326,0.29
292331,0.02
292332,0.0
292333,0.01
292334,0.2
292337,0.12
292338,0.31
292342,0.05
292347,0.06
292350,0.09
292355,0.12
292360,0.05
292362,0.03
292363,0.08
292364,0.05
292383,0.21
292397,0.15
292409,0.1
292417,0.02
292426,0.11
292428,0.01
292439,0.28
292443,0.11
292448,0.07
292451,0.1
292452,0.11
292456,0.01
292460,0.18
292463,0.16
292464,0.14
292476,0.05
292480,0.0
292483,0.02
292493,0.02
292501,0.14
292506,0.08
292508,0.02
292513,0.09
292525,0.08
292533,0.08
292540,0.35
292541,0.0
292544,0.07
292549,0.04
292550,0.21
292557,0.2
292558,0.02
292562,0.0
292564,0.02
292583,0.1
292612,0.03
292618,0.0
292623,0.22
292631,0.02
292633,0.27
292641,0.07
292643,0.07
292649,0.06
292650,0.04
292651,0.13
292655,0.05
292659,0.05
292677,0.05
292693,0.02
292697,0.1
292700,0.05
292702,0.01
292710,0.03
292727,0.18
292731,0.08
292732,0.11
292734,0.05
292735,0.0
292737,0.0
292739,0.09
292741,0.04
292767,0.04
292778,0.05
292807,0.17
292813,0.14
292834,0.09
292837,0.01
292839,0.01
292844,0.07
292869,0.03
292874,0.15
292892,0.1
292894,0.1
292916,0.23
292921,0.14
292925,0.25
292929,0.14
292933,0.05
292935,0.07
292938,0.06
292945,0.28
292946,0.01
292953,0.17
292966,0.21
292968,0.06
292983,0.07
292988,0.04
292992,0.07
292997,0.11
293002,0.19
293013,0.03
293030,0.22
293043,0.2
293070,0.14
293093,0.03
293103,0.03
293104,0.01
293117,0.23
293123,0.28
293126,0.22
293128,0.0
293136,0.04
293142,0.04
293146,0.26
293149,0.27
293159,0.05
293169,0.02
293172,0.01
293175,0.03
293176,0.07
293192,0.01
293213,0.07
293218,0.09
293219,0.38
293224,0.1
293225,0.06
293234,0.14
293243,0.06
293249,0.09
293256,0.11
293276,0.25
293283,0.37
293295,0.06
293308,0.13
293309,0.08
293316,0.05
293326,0.05
293330,0.09
293351,0.08
293361,0.03
293366,0.26
293376,0.16
293377,0.06
293382,0.07
293383,0.06
293385,0.01
293402,0.13
293403,0.15
293405,0.02
293412,0.1
293430,0.01
293435,0.02
293438,0.06
293445,0.01
293447,0.17
293451,0.1
293463,0.01
293471,0.03
293482,0.03
293485,0.03
293493,0.15
293496,0.02
293505,0.15
293507,0.01
293508,0.03
293518,0.07
293524,0.02
293527,0.07
293537,0.01
293542,0.03
293556,0.05
293560,0.19
293563,0.35
293565,0.07
293597,0.07
293603,0.07
293607,0.14
293621,0.01
293622,0.21
293623,0.16
293636,0.16
293643,0.07
293659,0.03
293678,0.07
293679,0.0
293681,0.09
293684,0.1
293692,0.27
293696,0.12
293733,0.04
293734,0.0
293745,0.05
293751,0.06
293770,0.07
293778,0.02
293789,0.0
293809,0.06
293815,0.04
293816,0.2
293819,0.12
293822,0.03
293846,0.23
293849,0.02
293850,0.05
293851,0.2
293860,0.0
293863,0.16
293881,0.16
293900,0.11
293907,0.05
293915,0.07
293931,0.05
293935,0.01
293942,0.08
293944,0.18
293967,0.11
293968,0.07
293971,0.01
293972,0.03
293974,0.08
293976,0.09
293985,0.07
293996,0.19
294004,0.03
294007,0.17
294010,0.06
294013,0.3
294016,0.09
294018,0.17
294028,0.27
294041,0.02
294047,0.03
294055,0.04
294062,0.08
294069,0.02
294075,0.19
294091,0.06
294108,0.07
294116,0.13
294125,0.08
294129,0.09
294130,0.03
294134,0.01
294135,0.02
294136,0.12
294141,0.32
294160,0.03
294164,0.3
294184,0.05
294191,0.03
294195,0.04
294199,0.03
294208,0.34
294221,0.02
294225,0.19
294230,0.08
294236,0.08
294256,0.03
294257,0.09
294258,0.3
294282,0.05
294287,0.23
294290,0.07
294300,0.18
294302,0.02
294313,0.05
294314,0.16
294322,0.02
294336,0.12
294339,0.2
294348,0.05
294365,0.18
294373,0.31
294383,0.05
294403,0.15
294406,0.11
294417,0.4
294452,0.29
294463,0.19
294471,0.12
294486,0.03
294501,0.06
294504,0.14
294509,0.04
294511,0.05
294519,0.04
294530,0.03
294532,0.15
294547,0.21
294548,0.02
294554,0.06
294577,0.14
294578,0.04
294580,0.14
294583,0.09
294592,0.05
294595,0.0
294602,0.0
294613,0.16
294617,0.08
294631,0.11
294641,0.02
294653,0.15
294657,0.02
294661,0.28
294665,0.03
294668,0.06
294671,0.06
294682,0.02
294685,0.08
294688,0.04
294690,0.33
294698,0.08
294717,0.2
294724,0.05
294726,0.0
294738,0.1
294744,0.08
294758,0.05
294762,0.04
294776,0.07
294777,0.05
294807,0.17
294816,0.21
294821,0.04
294825,0.15
294834,0.04
294835,0.04
294836,0.01
294840,0.09
294842,0.1
294864,0.02
294874,0.06
294880,0.07
294881,0.04
294897,0.06
294898,0.08
294920,0.11
294923,0.17
294926,0.09
294937,0.12
294941,0.11
294951,0.17
294952,0.03
294953,0.02
294982,0.05
294989,0.04
294995,0.27
295009,0.18
295010,0.06
295013,0.03
295016,0.02
295022,0.19
295024,0.05
295040,0.21
295045,0.1
295047,0.1
295056,0.09
295073,0.12
295080,0.08
295093,0.02
295094,0.06
295095,0.31
295107,0.0
295116,0.03
295140,0.02
295150,0.26
295154,0.3
295155,0.05
295162,0.01
295163,0.16
295168,0.24
295176,0.07
295182,0.07
295183,0.11
295216,0.04
295219,0.09
295239,0.13
295246,0.02
295255,0.05
295257,0.33
295261,0.05
295263,0.02
295265,0.15
295274,0.14
295281,0.09
295286,0.14
295299,0.02
295304,0.03
295306,0.02
295321,0.07
295339,0.14
295342,0.05
295346,0.05
295348,0.04
295354,0.1
295367,0.14
295372,0.07
295373,0.04
295374,0.02
295387,0.12
295389,0.08
295396,0.1
295415,0.1
295418,0.04
295421,0.02
295425,0.03
295431,0.05
295434,0.1
295443,0.12
295453,0.06
295473,0.02
295476,0.04
295477,0.06
295488,0.38
295499,0.05
295504,0.02
295505,0.2
295524,0.01
295529,0.03
295533,0.02
295534,0.06
295549,0.01
295565,0.06
295584,0.07
295585,0.07
295597,0.12
295599,0.06
295604,0.01
295616,0.15
295635,0.03
295637,0.05
295670,0.02
295678,0.04
295701,0.02
295711,0.11
295713,0.17
295734,0.12
295739,0.07
295750,0.09
295773,0.32
295783,0.1
295787,0.06
295790,0.09
295795,0.05
295820,0.04
295821,0.13
295826,0.07
295836,0.05
295837,0.25
295842,0.12
295848,0.01
295850,0.08
295869,0.15
295871,0.12
295873,0.11
295879,0.09
295880,0.12
295892,0.05
295904,0.32
295907,0.02
295908,0.21
295913,0.26
295918,0.07
295921,0.28
295924,0.12
295949,0.0
295953,0.08
295961,0.01
295968,0.06
295971,0.05
295985,0.03
295986,0.03
295987,0.05
295993,0.05
295997,0.04
296005,0.09
296007,0.16
296012,0.1
296022,0.08
296024,0.02
296032,0.07
296034,0.04
296062,0.09
296070,0.02
296074,0.07
296084,0.01
296087,0.07
296088,0.03
296089,0.12
296143,0.03
296172,0.11
296183,0.08
296185,0.09
296194,0.02
296199,0.2
296204,0.17
296206,0.15
296209,0.11
296229,0.23
296239,0.0
296253,0.05
296259,0.24
296264,0.01
296270,0.16
296273,0.21
296284,0.07
296285,0.2
296287,0.01
296288,0.11
296292,0.05
296300,0.06
296301,0.07
296321,0.26
296324,0.04
296335,0.11
296348,0.08
296354,0.05
296369,0.15
296376,0.02
296391,0.06
296393,0.15
296398,0.06
296428,0.16
296432,0.13
296433,0.03
296449,0.11
296450,0.16
296490,0.07
296498,0.09
296499,0.07
296500,0.04
296509,0.19
296514,0.07
296518,0.03
296527,0.03
296532,0.13
296541,0.13
296544,0.14
296546,0.05
296573,0.39
296578,0.05
296589,0.09
296594,0.1
296616,0.11
296623,0.12
296624,0.0
296632,0.03
296633,0.09
296639,0.13
296647,0.06
296656,0.26
296678,0.01
296679,0.25
296695,0.04
296696,0.4
296714,0.13
296721,0.09
296739,0.02
296744,0.4
296747,0.04
296758,0.12
296760,0.02
296766,0.05
296769,0.02
296776,0.02
296780,0.01
296782,0.27
296790,0.13
296795,0.08
296801,0.01
296803,0.12
296806,0.15
296811,0.09
296813,0.01
296818,0.34
296822,0.05
296839,0.17
296848,0.01
296863,0.04
296871,0.04
296872,0.22
296877,0.02
296882,0.24
296885,0.11
296903,0.12
296906,0.17
296912,0.0
296916,0.06
296922,0.04
296926,0.14
296927,0.16
296935,0.1
296939,0.11
296942,0.13
296954,0.09
296968,0.02
296971,0.02
296984,0.03
297004,0.01
297011,0.08
297017,0.09
297019,0.21
297021,0.02
297025,0.06
297033,0.11
297038,0.2
297042,0.43
297065,0.04
297089,0.01
297093,0.21
297098,0.14
297100,0.03
297111,0.06
297115,0.07
297121,0.11
297123,0.13
297129,0.03
297132,0.01
297139,0.02
297147,0.17
297148,0.35
297161,0.13
297167,0.02
297171,0.11
297173,0.04
297179,0.08
297189,0.28
297200,0.0
297201,0.1
297220,0.04
297229,0.14
297234,0.01
297252,0.24
297266,0.1
297269,0.02
297276,0.07
297292,0.02
297300,0.21
297303,0.01
297305,0.13
297307,0.04
297313,0.08
297336,0.05
297340,0.21
297344,0.07
297349,0.04
297358,0.03
297363,0.07
297369,0.03
297372,0.03
297380,0.12
297384,0.03
297385,0.18
297389,0.0
297390,0.22
297415,0.08
297419,0.13
297421,0.25
297424,0.02
297431,0.07
297447,0.08
297456,0.04
297457,0.01
297463,0.17
297464,0.09
297474,0.03
297479,0.07
297480,0.04
297494,0.07
297495,0.04
297507,0.07
297514,0.08
297515,0.06
297516,0.2
297521,0.05
297534,0.07
297553,0.01
297575,0.09
297584,0.28
297586,0.02
297606,0.05
297630,0.07
297636,0.07
297646,0.01
297650,0.05
297651,0.15
297656,0.01
297675,0.13
297681,0.26
297699,0.04
297702,0.04
297712,0.03
297718,0.12
297730,0.11
297731,0.07
297745,0.0
297768,0.17
297771,0.11
297774,0.03
297781,0.02
297786,0.06
297798,0.06
297809,0.04
297822,0.07
297828,0.08
297840,0.12
297852,0.01
297859,0.1
297868,0.03
297883,0.09
297887,0.03
297896,0.05
297898,0.04
297917,0.07
297943,0.0
297954,0.07
297965,0.03
297992,0.04
297993,0.13
298001,0.06
298005,0.06
298010,0.03
298013,0.04
298014,0.13
298015,0.11
298025,0.46
298026,0.12
298032,0.07
298039,0.13
298049,0.28
298051,0.03
298058,0.05
298062,0.01
298070,0.14
298078,0.24
298084,0.27
298108,0.27
298113,0.2
298115,0.13
298126,0.04
298131,0.14
298134,0.03
298135,0.15
298139,0.03
298142,0.2
298152,0.07
298154,0.06
298155,0.04
298161,0.13
298165,0.12
298166,0.26
298171,0.02
298179,0.05
298182,0.01
298187,0.05
298192,0.11
298194,0.02
298213,0.17
298215,0.34
298216,0.0
298217,0.02
298223,0.08
298256,0.04
298275,0.05
298277,0.12
298279,0.12
298285,0.12
298286,0.14
298296,0.08
298309,0.17
298312,0.05
298323,0.04
298330,0.01
298340,0.04
298341,0.0
298349,0.05
298353,0.03
298363,0.07
298367,0.03
298378,0.16
298380,0.03
298392,0.14
298395,0.11
298405,0.07
298426,0.16
298427,0.05
298444,0.1
298450,0.04
298458,0.07
298462,0.06
298463,0.0
298479,0.03
298480,0.09
298487,0.12
298499,0.06
298500,0.08
298506,0.07
298507,0.13
298512,0.14
298515,0.12
298517,0.07
298532,0.49
298533,0.16
298560,0.1
298564,0.04
298567,0.46
298568,0.05
298569,0.11
298570,0.16
298579,0.0
298583,0.02
298591,0.07
298593,0.23
298600,0.04
298609,0.02
298620,0.04
298622,0.03
298628,0.19
298633,0.23
298657,0.12
298669,0.06
298671,0.11
298677,0.1
298692,0.03
298703,0.05
298705,0.1
298711,0.11
298713,0.02
298757,0.1
298766,0.01
298768,0.38
298770,0.07
298776,0.34
298785,0.04
298787,0.05
298792,0.14
298795,0.06
298799,0.02
298806,0.15
298810,0.05
298818,0.07
298822,0.28
298823,0.02
298834,0.0
298837,0.04
298841,0.23
298845,0.18
298852,0.1
298855,0.2
298858,0.13
298860,0.05
298861,0.0
298863,0.0
298866,0.04
298873,0.14
298880,0.14
298889,0.02
298896,0.08
298917,0.19
298929,0.06
298940,0.22
298946,0.1
298949,0.09
298966,0.14
298984,0.16
298994,0.08
299004,0.38
299012,0.06
299022,0.29
299024,0.03
299026,0.08
299035,0.02
299036,0.02
299039,0.13
299061,0.08
299064,0.03
299067,0.03
299074,0.18
299075,0.04
299078,0.07
299109,0.15
299117,0.16
299121,0.03
299127,0.27
299134,0.25
299136,0.04
299137,0.15
299139,0.31
299168,0.05
299176,0.0
299184,0.13
299188,0.11
299191,0.12
299208,0.13
299229,0.0
299238,0.01
299241,0.05
299257,0.09
299260,0.07
299264,0.05
299279,0.04
299308,0.05
299310,0.05
299311,0.07
299317,0.11
299325,0.15
299329,0.13
299334,0.12
299335,0.19
299339,0.24
299351,0.05
299352,0.02
299365,0.22
299393,0.09
299400,0.05
299404,0.16
299406,0.32
299410,0.11
299413,0.02
299434,0.26
299448,0.02
299463,0.03
299464,0.21
299470,0.21
299480,0.04
299488,0.07
299496,0.07
299501,0.26
299504,0.16
299532,0.2
299536,0.05
299550,0.07
299554,0.12
299564,0.21
299577,0.09
299581,0.04
299594,0.16
299632,0.0
299633,0.08
299650,0.18
299678,0.08
299682,0.24
299705,0.06
299719,0.13
299720,0.04
299724,0.05
299730,0.04
299750,0.0
299766,0.01
299774,0.09
299787,0.04
299817,0.02
299818,0.26
299826,0.1
299833,0.11
299845,0.33
299847,0.49
299850,0.08
299866,0.05
299869,0.1
299870,0.03
299874,0.01
299877,0.16
299891,0.26
299898,0.11
299900,0.22
299904,0.01
299912,0.12
299914,0.07
299919,0.04
299931,0.08
299934,0.02
299941,0.23
299946,0.08
299947,0.05
299972,0.16
299973,0.27
299975,0.03
299979,0.03
299981,0.04
299983,0.19
299985,0.18
299986,0.03
300011,0.15
300013,0.09
300028,0.0
300042,0.01
300043,0.14
300058,0.15
300073,0.09
300075,0.08
300087,0.01
300090,0.07
300107,0.02
300115,0.06
300119,0.01
300122,0.2
300125,0.01
300126,0.01
300137,0.33
300139,0.07
300145,0.04
300155,0.12
300169,0.02
300170,0.04
300175,0.08
300177,0.14
300186,0.1
300188,0.04
300194,0.02
300207,0.15
300210,0.03
300217,0.22
300221,0.1
300235,0.04
300238,0.03
300240,0.23
300241,0.07
300249,0.04
300255,0.06
300259,0.08
300272,0.0
300274,0.01
300276,0.09
300284,0.02
300293,0.07
300306,0.0
300310,0.13
300324,0.22
300339,0.02
300346,0.01
300348,0.14
300354,0.06
300356,0.03
300358,0.03
300363,0.1
300366,0.06
300368,0.1
300370,0.13
300385,0.06
300392,0.25
300393,0.09
300403,0.09
300411,0.15
300420,0.01
300421,0.02
300435,0.16
300437,0.16
300440,0.09
300443,0.04
300456,0.26
300458,0.1
300459,0.1
300460,0.02
300462,0.04
300481,0.03
300486,0.32
300488,0.01
300503,0.05
300506,0.12
300517,0.08
300523,0.09
300525,0.09
300526,0.21
300552,0.09
300560,0.03
300570,0.0
300583,0.16
300585,0.25
300587,0.04
300598,0.05
300600,0.04
300608,0.17
300612,0.05
300618,0.02
300621,0.17
300640,0.01
300641,0.02
300651,0.02
300653,0.07
300667,0.22
300678,0.05
300680,0.13
300687,0.0
300702,0.28
300717,0.05
300722,0.0
300723,0.04
300732,0.07
300752,0.13
300761,0.15
300775,0.09
300786,0.1
300787,0.02
300788,0.11
300789,0.13
300794,0.19
300808,0.06
300834,0.07
300842,0.04
300844,0.27
300850,0.01
300851,0.28
300854,0.01
300866,0.03
300867,0.04
300868,0.17
300882,0.23
300883,0.08
300891,0.12
300894,0.03
300901,0.13
300904,0.08
300910,0.35
300914,0.1
300918,0.23
300948,0.23
300954,0.12
300958,0.09
300959,0.02
300970,0.01
300971,0.18
300975,0.17
300981,0.07
300983,0.18
300993,0.46
300996,0.04
301001,0.11
301005,0.05
301010,0.15
301021,0.26
301026,0.07
301029,0.01
301032,0.01
301061,0.1
301073,0.11
301083,0.07
301089,0.09
301093,0.17
301098,0.22
301103,0.06
301105,0.04
301112,0.26
301120,0.16
301122,0.04
301124,0.19
301137,0.07
301169,0.02
301173,0.12
301177,0.22
301179,0.0
301180,0.09
301185,0.06
301195,0.28
301199,0.02
301201,0.13
301206,0.23
301209,0.22
301210,0.01
301216,0.27
301224,0.24
301226,0.06
301227,0.07
301243,0.05
301246,0.01
301248,0.08
301252,0.02
301259,0.08
301260,0.01
301267,0.0
301268,0.08
301274,0.1
301281,0.13
301287,0.04
301288,0.04
301299,0.04
301304,0.09
301325,0.18
301327,0.05
301331,0.32
301332,0.07
301336,0.02
301345,0.07
301348,0.04
301356,0.05
301358,0.09
301360,0.04
301364,0.09
301389,0.01
301415,0.05
301421,0.14
301422,0.02
301424,0.08
301426,0.06
301433,0.1
301459,0.2
301460,0.08
301478,0.02
301483,0.03
301493,0.08
301494,0.07
301503,0.04
301510,0.13
301516,0.0
301530,0.19
301531,0.05
301549,0.02
301550,0.07
301555,0.13
301573,0.09
301588,0.05
301593,0.1
301613,0.17
301625,0.17
301643,0.04
301650,0.12
301651,0.05
301652,0.11
301653,0.19
301665,0.03
301684,0.07
301686,0.17
301694,0.12
301697,0.06
301698,0.04
301717,0.15
301725,0.01
301728,0.11
301734,0.08
301749,0.06
301761,0.32
301766,0.04
301775,0.06
301782,0.16
301784,0.13
301787,0.08
301789,0.23
301790,0.05
301804,0.16
301806,0.08
301817,0.1
301826,0.03
301837,0.18
301842,0.1
301848,0.06
301859,0.08
301860,0.01
301867,0.0
301877,0.02
301883,0.04
301902,0.04
301908,0.14
301916,0.01
301920,0.02
301921,0.1
301931,0.01
301939,0.13
301941,0.07
301943,0.02
301949,0.02
301955,0.13
301963,0.1
301968,0.03
301975,0.16
301988,0.13
302000,0.27
302005,0.01
302007,0.04
302016,0.1
302028,0.04
302038,0.04
302043,0.02
302051,0.04
302056,0.0
302063,0.11
302072,0.0
302074,0.09
302080,0.11
302093,0.01
302096,0.07
302123,0.03
302125,0.02
302128,0.08
302145,0.1
302146,0.16
302160,0.14
302166,0.11
302174,0.02
302175,0.18
302186,0.22
302190,0.09
302202,0.02
302207,0.1
302211,0.01
302215,0.03
302216,0.15
302217,0.02
302225,0.35
302231,0.03
302233,0.0
302259,0.01
302263,0.05
302281,0.11
302285,0.08
302288,0.1
302292,0.21
302303,0.06
302306,0.07
302309,0.22
302332,0.09
302341,0.05
302350,0.21
302352,0.11
302356,0.12
302361,0.09
302364,0.11
302373,0.03
302378,0.09
302385,0.1
302389,0.22
302393,0.09
302403,0.09
302422,0.03
302425,0.09
302431,0.17
302443,0.01
302448,0.12
302449,0.07
302455,0.1
302460,0.04
302462,0.02
302466,0.03
302467,0.1
302470,0.22
302472,0.05
302480,0.18
302481,0.03
302491,0.06
302494,0.07
302503,0.16
302504,0.19
302507,0.12
302527,0.15
302571,0.1
302580,0.21
302583,0.07
302591,0.0
302601,0.09
302613,0.02
302621,0.1
302638,0.03
302639,0.19
302655,0.13
302670,0.05
302673,0.29
302675,0.16
302691,0.05
302701,0.09
302705,0.06
302727,0.02
302750,0.03
302751,0.08
302757,0.06
302758,0.1
302761,0.04
302767,0.06
302787,0.0
302797,0.03
302799,0.04
302800,0.08
302815,0.05
302826,0.38
302827,0.0
302842,0.04
302856,0.02
302877,0.04
302879,0.15
302881,0.08
302882,0.04
302885,0.2
302905,0.03
302911,0.01
302916,0.11
302919,0.23
302947,0.02
302957,0.03
302968,0.02
302978,0.13
302984,0.12
302991,0.01
303007,0.08
303010,0.08
303012,0.1
303013,0.1
303024,0.07
303027,0.02
303034,0.08
303036,0.18
303037,0.01
303050,0.08
303060,0.14
303062,0.07
303066,0.01
303068,0.15
303077,0.25
303080,0.06
303082,0.04
303083,0.0
303085,0.05
303087,0.12
303089,0.07
303103,0.0
303105,0.01
303106,0.2
303120,0.02
303121,0.1
303127,0.05
303130,0.01
303142,0.01
303162,0.18
303169,0.09
303189,0.04
303220,0.08
303222,0.26
303223,0.12
303227,0.04
303262,0.08
303264,0.0
303277,0.09
303288,0.06
303292,0.07
303294,0.15
303301,0.21
303312,0.05
303328,0.05
303330,0.07
303347,0.0
303354,0.04
303356,0.04
303362,0.02
303377,0.09
303386,0.12
303393,0.02
303397,0.06
303403,0.07
303413,0.02
303416,0.08
303428,0.12
303429,0.08
303432,0.13
303446,0.17
303455,0.1
303464,0.05
303465,0.08
303473,0.06
303476,0.08
303479,0.21
303482,0.06
303484,0.08
303492,0.28
303493,0.1
303497,0.08
303498,0.03
303499,0.1
303509,0.03
303513,0.03
303524,0.07
303525,0.19
303540,0.04
303544,0.04
303548,0.01
303551,0.01
303569,0.2
303584,0.06
303592,0.11
303602,0.2
303607,0.09
303619,0.03
303630,0.14
303643,0.17
303644,0.14
303670,0.17
303671,0.01
303678,0.14
303689,0.04
303698,0.1
303702,0.0
303704,0.02
303711,0.01
303727,0.07
303728,0.03
303741,0.18
303752,0.0
303755,0.09
303777,0.13
303790,0.21
303798,0.08
303804,0.16
303812,0.03
303814,0.15
303817,0.29
303818,0.21
303848,0.07
303850,0.0
303854,0.09
303857,0.09
303860,0.06
303870,0.31
303877,0.03
303884,0.04
303893,0.02
303899,0.03
303900,0.15
303902,0.12
303906,0.13
303920,0.25
303937,0.1
303939,0.13
303941,0.05
303962,0.12
303963,0.18
303971,0.01
303978,0.09
303980,0.05
303986,0.1
304018,0.17
304025,0.0
304027,0.09
304028,0.22
304029,0.1
304030,0.0
304035,0.02
304040,0.08
304058,0.18
304083,0.08
304089,0.25
304092,0.03
304093,0.13
304100,0.07
304121,0.1
304142,0.03
304154,0.11
304158,0.2
304164,0.04
304173,0.41
304175,0.07
304182,0.05
304194,0.06
304201,0.2
304202,0.03
304206,0.03
304210,0.07
304226,0.02
304237,0.04
304256,0.32
304257,0.02
304265,0.06
304271,0.13
304274,0.19
304286,0.11
304292,0.15
304299,0.02
304350,0.04
304352,0.06
304355,0.07
304360,0.03
304361,0.22
304363,0.1
304375,0.13
304378,0.01
304382,0.19
304385,0.2
304386,0.03
304387,0.06
304388,0.0
304391,0.13
304398,0.08
304406,0.01
304420,0.06
304431,0.08
304436,0.34
304438,0.04
304440,0.18
304441,0.06
304450,0.03
304451,0.29
304454,0.0
304462,0.14
304466,0.16
304469,0.07
304472,0.07
304475,0.16
304481,0.05
304483,0.1
304485,0.07
304486,0.01
304504,0.03
304505,0.07
304512,0.05
304516,0.21
304517,0.01
304528,0.09
304530,0.1
304536,0.0
304549,0.03
304552,0.03
304554,0.09
304581,0.07
304593,0.03
304596,0.2
304604,0.08
304610,0.06
304614,0.02
304628,0.04
304629,0.13
304637,0.03
304644,0.03
304654,0.16
304664,0.21
304676,0.06
304680,0.06
304687,0.02
304696,0.17
304698,0.19
304700,0.13
304703,0.2
304704,0.1
304710,0.11
304717,0.05
304729,0.34
304732,0.04
304736,0.1
304738,0.19
304756,0.0
304771,0.09
304773,0.05
304776,0.0
304778,0.02
304779,0.06
304780,0.09
304790,0.08
304793,0.02
304805,0.31
304811,0.11
304825,0.04
304828,0.14
304829,0.04
304842,0.13
304851,0.02
304857,0.03
304884,0.08
304891,0.11
304897,0.15
304898,0.05
304905,0.03
304907,0.15
304917,0.01
304931,0.02
304935,0.04
304942,0.29
304954,0.1
304959,0.01
304968,0.1
304971,0.0
304977,0.11
304982,0.12
304985,0.04
304991,0.02
304992,0.1
304997,0.06
305004,0.11
305008,0.0
305019,0.03
305020,0.25
305025,0.01
305037,0.08
305046,0.1
305056,0.09
305062,0.03
305064,0.21
305065,0.09
305076,0.07
305108,0.09
305110,0.06
305115,0.02
305121,0.27
305125,0.04
305141,0.04
305151,0.07
305159,0.04
305162,0.01
305165,0.12
305174,0.02
305178,0.08
305180,0.02
305182,0.11
305183,0.01
305194,0.02
305199,0.18
305210,0.05
305214,0.29
305215,0.06
305218,0.03
305225,0.04
305229,0.05
305231,0.0
305233,0.12
305237,0.02
305260,0.01
305261,0.04
305278,0.03
305286,0.1
305293,0.01
305300,0.07
305301,0.09
305326,0.16
305334,0.12
305340,0.36
305348,0.04
305352,0.04
305359,0.16
305360,0.01
305362,0.17
305383,0.05
305406,0.07
305408,0.08
305412,0.18
305413,0.04
305414,0.14
305417,0.01
305421,0.08
305422,0.01
305447,0.05
305448,0.06
305450,0.08
305452,0.08
305459,0.02
305460,0.24
305474,0.07
305475,0.09
305481,0.26
305494,0.01
305503,0.06
305507,0.01
305508,0.25
305513,0.08
305518,0.11
305523,0.01
305526,0.13
305529,0.03
305532,0.06
305543,0.09
305555,0.01
305562,0.05
305571,0.03
305578,0.17
305579,0.01
305584,0.02
305603,0.11
305620,0.33
305626,0.06
305636,0.06
305640,0.02
305653,0.08
305662,0.11
305663,0.12
305667,0.09
305683,0.21
305698,0.0
305699,0.24
305707,0.04
305717,0.17
305723,0.01
305735,0.06
305738,0.24
305746,0.04
305766,0.06
305773,0.03
305776,0.02
305777,0.01
305809,0.08
305813,0.03
305816,0.05
305820,0.06
305826,0.09
305838,0.14
305839,0.01
305846,0.12
305861,0.05
305863,0.18
305869,0.03
305872,0.07
305876,0.03
305881,0.09
305887,0.0
305894,0.19
305898,0.03
305905,0.19
305908,0.06
305914,0.18
305915,0.03
305922,0.01
305938,0.21
305946,0.05
305956,0.19
305963,0.04
305965,0.05
305988,0.11
305990,0.03
305991,0.03
305994,0.17
305998,0.03
306003,0.02
306012,0.03
306016,0.07
306021,0.14
306025,0.02
306030,0.12
306047,0.08
306051,0.19
306063,0.1
306066,0.08
306069,0.05
306074,0.12
306091,0.09
306094,0.05
306095,0.04
306114,0.17
306116,0.01
306121,0.07
306127,0.19
306128,0.24
306133,0.12
306142,0.14
306144,0.01
306150,0.15
306153,0.06
306156,0.11
306159,0.3
306161,0.01
306173,0.15
306175,0.24
306193,0.17
306194,0.01
306198,0.22
306203,0.09
306209,0.21
306212,0.07
306216,0.22
306233,0.04
306247,0.08
306264,0.05
306267,0.11
306293,0.09
306302,0.28
306305,0.02
306311,0.02
306345,0.04
306357,0.03
306368,0.0
306372,0.22
306378,0.09
306389,0.0
306398,0.1
306414,0.07
306419,0.13
306437,0.1
306438,0.05
306441,0.04
306443,0.19
306450,0.06
306464,0.12
306468,0.13
306469,0.02
306484,0.04
306527,0.04
306538,0.06
306547,0.07
306554,0.05
306557,0.23
306560,0.01
306561,0.03
306565,0.01
306569,0.06
306576,0.0
306587,0.09
306604,0.04
306624,0.04
306625,0.22
306628,0.12
306647,0.04
306651,0.15
306658,0.11
306660,0.23
306664,0.05
306670,0.11
306699,0.1
306701,0.13
306712,0.08
306716,0.09
306727,0.06
306729,0.23
306735,0.08
306739,0.03
306756,0.09
306757,0.08
306767,0.05
306775,0.02
306795,0.11
306799,0.15
306800,0.06
306805,0.09
306812,0.04
306820,0.03
306840,0.2
306845,0.12
306848,0.11
306856,0.11
306862,0.04
306863,0.06
306868,0.41
306873,0.47
306876,0.11
306893,0.25
306896,0.14
306899,0.01
306907,0.16
306908,0.14
306917,0.16
306927,0.12
306930,0.03
306935,0.06
306942,0.07
306951,0.05
306961,0.07
306970,0.35
306972,0.17
306973,0.02
306976,0.05
306978,0.13
306990,0.08
306992,0.22
306995,0.07
307001,0.25
307004,0.16
307005,0.16
307006,0.02
307010,0.14
307011,0.03
307014,0.01
307016,0.11
307022,0.04
307027,0.09
307052,0.01
307061,0.06
307072,0.16
307078,0.05
307111,0.08
307112,0.06
307134,0.19
307143,0.05
307147,0.1
307148,0.11
307162,0.02
307166,0.02
307168,0.06
307174,0.09
307177,0.06
307197,0.1
307198,0.1
307199,0.26
307205,0.09
307207,0.03
307210,0.03
307212,0.02
307223,0.05
307224,0.03
307236,0.34
307241,0.05
307242,0.25
307259,0.04
307271,0.08
307274,0.06
307281,0.22
307288,0.06
307294,0.01
307302,0.16
307308,0.02
307313,0.16
307344,0.08
307350,0.02
307366,0.12
307372,0.01
307373,0.25
307374,0.02
307378,0.0
307384,0.05
307398,0.03
307406,0.29
307416,0.05
307420,0.13
307424,0.08
307427,0.22
307429,0.01
307436,0.01
307456,0.1
307491,0.07
307494,0.03
307496,0.19
307500,0.05
307504,0.21
307509,0.26
307511,0.36
307520,0.19
307527,0.04
307537,0.1
307539,0.1
307558,0.01
307561,0.07
307575,0.06
307577,0.09
307588,0.07
307636,0.07
307639,0.2
307641,0.09
307646,0.06
307653,0.17
307661,0.35
307669,0.03
307674,0.01
307678,0.04
307691,0.07
307697,0.04
307699,0.07
307702,0.01
307708,0.15
307712,0.15
307716,0.01
307729,0.02
307753,0.01
307765,0.21
307781,0.19
307787,0.02
307788,0.08
307798,0.05
307799,0.07
307800,0.04
307801,0.17
307804,0.07
307816,0.08
307820,0.0
307824,0.1
307828,0.04
307832,0.2
307836,0.07
307842,0.03
307851,0.21
307856,0.03
307861,0.08
307879,0.0
307904,0.15
307911,0.05
307912,0.02
307913,0.12
307922,0.0
307924,0.01
307925,0.04
307929,0.1
307933,0.25
307945,0.03
307948,0.01
307961,0.33
307962,0.08
307963,0.11
307971,0.11
307983,0.04
307984,0.08
307988,0.08
307993,0.1
307994,0.16
308007,0.08
308008,0.07
308018,0.12
308023,0.01
308026,0.03
308028,0.0
308030,0.01
308034,0.08
308053,0.04
308065,0.08
308095,0.05
308096,0.11
308100,0.1
308114,0.0
308116,0.24
308120,0.04
308128,0.23
308132,0.05
308134,0.05
308140,0.11
308142,0.19
308164,0.02
308168,0.26
308169,0.15
308171,0.09
308176,0.08
308177,0.01
308179,0.01
308180,0.28
308184,0.02
308188,0.17
308189,0.04
308190,0.03
308200,0.16
308210,0.08
308211,0.08
308218,0.12
308220,0.11
308228,0.01
308231,0.01
308236,0.02
308247,0.06
308251,0.1
308260,0.01
308266,0.05
308267,0.05
308280,0.32
308298,0.04
308301,0.05
308309,0.08
308312,0.35
308325,0.05
308334,0.17
308339,0.03
308346,0.14
308359,0.04
308360,0.08
308380,0.05
308391,0.13
308403,0.04
308408,0.04
308410,0.19
308415,0.26
308420,0.19
308427,0.11
308442,0.05
308447,0.33
308462,0.08
308464,0.09
308465,0.03
308467,0.25
308468,0.08
308476,0.0
308488,0.28
308498,0.03
308504,0.2
308507,0.02
308509,0.02
308521,0.06
308536,0.1
308537,0.2
308543,0.07
308547,0.17
308559,0.06
308565,0.01
308569,0.05
308584,0.04
308591,0.32
308608,0.17
308610,0.02
308613,0.18
308618,0.05
308623,0.06
308632,0.03
308636,0.14
308641,0.11
308643,0.01
308664,0.26
308678,0.07
308679,0.1
308691,0.03
308692,0.12
308701,0.07
308709,0.03
308711,0.08
308719,0.14
308723,0.06
308727,0.2
308732,0.09
308738,0.0
308747,0.1
308749,0.02
308755,0.12
308756,0.07
308761,0.03
308779,0.07
308780,0.15
308784,0.14
308789,0.1
308807,0.05
308818,0.28
308819,0.02
308822,0.26
308827,0.08
308831,0.03
308833,0.02
308842,0.1
308868,0.05
308871,0.03
308881,0.04
308889,0.06
308892,0.02
308900,0.13
308903,0.01
308912,0.18
308916,0.06
308919,0.2
308920,0.16
308921,0.04
308928,0.11
308929,0.1
308934,0.14
308940,0.1
308941,0.05
308946,0.08
308956,0.04
308958,0.06
308963,0.02
308965,0.09
308971,0.09
308977,0.08
308985,0.06
308987,0.03
308995,0.15
309005,0.01
309007,0.28
309015,0.02
309016,0.07
309018,0.12
309019,0.25
309035,0.0
309042,0.14
309044,0.0
309052,0.12
309061,0.01
309064,0.09
309072,0.05
309075,0.05
309083,0.14
309099,0.15
309124,0.0
309125,0.06
309146,0.04
309159,0.03
309161,0.06
309168,0.18
309180,0.02
309185,0.15
309195,0.1
309198,0.04
309200,0.18
309202,0.05
309204,0.07
309213,0.21
309227,0.1
309234,0.07
309241,0.0
309242,0.0
309244,0.21
309246,0.11
309250,0.1
309251,0.07
309274,0.16
309276,0.25
309280,0.23
309298,0.34
309301,0.24
309302,0.16
309326,0.07
309335,0.18
309341,0.02
309343,0.2
309344,0.03
309354,0.06
309362,0.04
309399,0.14
309406,0.07
309409,0.15
309411,0.1
309418,0.44
309421,0.01
309435,0.04
309443,0.16
309455,0.2
309462,0.14
309473,0.09
309476,0.33
309478,0.04
309493,0.09
309502,0.0
309508,0.29
309526,0.2
309536,0.04
309544,0.0
309547,0.15
309555,0.06
309562,0.05
309569,0.16
309574,0.13
309577,0.18
309578,0.06
309579,0.08
309585,0.09
309588,0.07
309603,0.04
309604,0.05
309617,0.15
309620,0.03
309623,0.15
309648,0.13
309665,0.02
309682,0.02
309694,0.12
309702,0.03
309711,0.03
309713,0.17
309729,0.13
309735,0.06
309744,0.05
309749,0.1
309750,0.01
309759,0.09
309761,0.09
309770,0.02
309776,0.03
309777,0.01
309789,0.05
309790,0.0
309800,0.16
309813,0.18
309814,0.08
309815,0.19
309825,0.2
309826,0.05
309829,0.01
309831,0.03
309837,0.16
309846,0.08
309849,0.27
309855,0.03
309860,0.17
309879,0.04
309882,0.31
309887,0.1
309892,0.09
309895,0.05
309902,0.11
309915,0.14
309923,0.0
309941,0.15
309942,0.09
309945,0.08
309950,0.09
309955,0.0
309963,0.03
309964,0.01
309967,0.15
309969,0.05
309971,0.13
309978,0.1
309987,0.16
309990,0.13
309992,0.05
309993,0.08
310010,0.07
310012,0.02
310017,0.04
310018,0.03
310022,0.03
310031,0.12
310033,0.03
310034,0.04
310038,0.12
310044,0.13
310062,0.08
310071,0.04
310075,0.12
310082,0.26
310093,0.09
310101,0.03
310106,0.04
310118,0.2
310123,0.05
310126,0.02
310130,0.06
310141,0.0
310145,0.11
310148,0.18
310150,0.11
310159,0.12
310162,0.13
310163,0.06
310166,0.02
310167,0.08
310170,0.09
310181,0.1
310187,0.0
310191,0.08
310192,0.04
310197,0.23
310200,0.04
310201,0.12
310203,0.0
310204,0.06
310213,0.12
310215,0.03
310218,0.23
310236,0.27
310238,0.05
310241,0.12
310245,0.25
310252,0.12
310259,0.05
310260,0.11
310261,0.13
310262,0.01
310274,0.04
310294,0.23
310296,0.17
310298,0.06
310306,0.12
310307,0.13
310316,0.06
310329,0.14
310338,0.11
310342,0.04
310343,0.17
310360,0.1
310362,0.31
310378,0.1
310379,0.16
310383,0.32
310385,0.12
310387,0.18
310388,0.0
310400,0.03
310408,0.28
310414,0.21
310423,0.04
310424,0.04
310428,0.2
310432,0.04
310456,0.03
310463,0.23
310475,0.16
310476,0.14
310482,0.06
310485,0.03
310490,0.04
310496,0.02
310505,0.14
310519,0.01
310546,0.12
310547,0.1
310553,0.08
310555,0.08
310556,0.35
310568,0.02
310573,0.1
310574,0.08
310577,0.04
310580,0.04
310581,0.02
310583,0.06
310586,0.16
310591,0.03
310598,0.16
310606,0.01
310628,0.07
310634,0.08
310638,0.05
310646,0.06
310648,0.2
310654,0.01
310659,0.06
310663,0.16
310669,0.01
310670,0.02
310674,0.04
310691,0.06
310693,0.02
310702,0.04
310706,0.01
310709,0.02
310711,0.18
310720,0.11
310739,0.12
310742,0.14
310743,0.11
310752,0.11
310753,0.16
310757,0.25
310763,0.06
310764,0.05
310769,0.05
310771,0.12
310775,0.11
310779,0.19
310781,0.09
310784,0.06
310793,0.06
310794,0.0
310816,0.17
310823,0.09
310837,0.08
310856,0.07
310865,0.04
310866,0.03
310872,0.19
310877,0.08
310879,0.17
310883,0.05
310884,0.22
310908,0.05
310928,0.01
310935,0.0
310954,0.08
310964,0.15
310971,0.06
310972,0.08
310983,0.28
310988,0.0
310994,0.0
311003,0.08
311020,0.06
311024,0.26
311037,0.08
311064,0.01
311070,0.07
311086,0.21
311087,0.17
311108,0.01
311110,0.09
311115,0.01
311116,0.17
311117,0.2
311128,0.09
311136,0.14
311146,0.1
311155,0.02
311157,0.08
311159,0.08
311170,0.24
311184,0.02
311199,0.04
311208,0.15
311209,0.04
311220,0.16
311230,0.23
311233,0.01
311241,0.08
311261,0.03
311262,0.06
311268,0.06
311277,0.13
311296,0.09
311298,0.05
311310,0.16
311313,0.2
311316,0.14
311324,0.15
311327,0.06
311331,0.07
311335,0.07
311343,0.14
311346,0.06
311357,0.09
311358,0.01
311365,0.01
311370,0.15
311376,0.09
311380,0.17
311393,0.17
311399,0.03
311404,0.02
311409,0.11
311425,0.24
311436,0.08
311455,0.02
311459,0.21
311475,0.17
311499,0.04
311509,0.03
311518,0.05
311535,0.1
311536,0.04
311540,0.14
311542,0.19
311552,0.31
311562,0.36
311580,0.06
311583,0.12
311588,0.11
311595,0.02
311601,0.11
311605,0.16
311609,0.31
311612,0.09
311621,0.06
311623,0.04
311625,0.14
311636,0.13
311637,0.1
311646,0.23
311648,0.01
311654,0.01
311663,0.11
311676,0.19
311679,0.13
311683,0.08
311685,0.09
311691,0.12
311695,0.1
311700,0.08
311710,0.04
311714,0.01
311716,0.06
311725,0.05
311727,0.18
311728,0.07
311737,0.18
311738,0.09
311743,0.11
311746,0.03
311747,0.22
311761,0.09
311765,0.05
311773,0.09
311776,0.04
311786,0.32
311801,0.06
311820,0.02
311822,0.33
311829,0.03
311835,0.02
311846,0.07
311851,0.15
311854,0.05
311872,0.03
311875,0.04
311888,0.04
311916,0.09
311928,0.09
311931,0.11
311933,0.45
311934,0.05
311948,0.07
311949,0.13
311950,0.08
311952,0.07
311954,0.06
311962,0.18
311965,0.06
311968,0.16
311976,0.17
311977,0.01
311983,0.06
311989,0.0
311996,0.07
311999,0.04
312007,0.17
312022,0.06
312023,0.09
312034,0.03
312042,0.06
312049,0.02
312077,0.1
312088,0.03
312091,0.26
312114,0.06
312115,0.08
312117,0.1
312119,0.12
312126,0.35
312127,0.07
312134,0.38
312164,0.05
312176,0.02
312178,0.03
312184,0.07
312185,0.1
312186,0.06
312191,0.03
312197,0.02
312213,0.26
312223,0.19
312224,0.33
312225,0.03
312226,0.06
312231,0.02
312239,0.06
312251,0.08
312271,0.02
312278,0.01
312281,0.08
312289,0.02
312291,0.05
312301,0.12
312302,0.14
312316,0.08
312324,0.04
312338,0.0
312361,0.01
312363,0.16
312368,0.07
312382,0.03
312384,0.12
312390,0.07
312395,0.03
312396,0.24
312400,0.15
312406,0.11
312412,0.08
312414,0.11
312417,0.1
312425,0.08
312428,0.02
312431,0.08
312437,0.1
312442,0.04
312451,0.05
312460,0.11
312464,0.02
312466,0.04
312470,0.04
312473,0.17
312490,0.02
312493,0.19
312503,0.17
312509,0.21
312520,0.03
312528,0.01
312543,0.08
312544,0.01
312553,0.01
312558,0.03
312565,0.08
312568,0.11
312579,0.14
312581,0.06
312582,0.04
312596,0.1
312597,0.11
312598,0.03
312617,0.23
312627,0.02
312635,0.05
312637,0.13
312639,0.01
312640,0.24
312642,0.13
312651,0.16
312663,0.04
312668,0.04
312685,0.03
312691,0.05
312693,0.06
312710,0.08
312711,0.09
312712,0.04
312720,0.04
312746,0.13
312763,0.01
312770,0.06
312791,0.16
312795,0.08
312796,0.09
312797,0.34
312804,0.0
312812,0.04
312813,0.12
312825,0.02
312827,0.18
312841,0.1
312842,0.31
312845,0.04
312856,0.08
312866,0.03
312870,0.24
312879,0.02
312895,0.01
312901,0.07
312909,0.03
312910,0.02
312916,0.19
312926,0.04
312942,0.12
312946,0.08
312950,0.11
312952,0.08
312963,0.03
312968,0.18
312976,0.01
312980,0.16
312984,0.12
312987,0.16
312994,0.11
312996,0.14
312997,0.04
313019,0.1
313020,0.04
313028,0.11
313041,0.12
313045,0.07
313048,0.13
313052,0.05
313062,0.03
313063,0.15
313066,0.02
313071,0.1
313085,0.0
313099,0.32
313109,0.25
313131,0.06
313139,0.03
313141,0.11
313142,0.18
313145,0.16
313153,0.21
313157,0.05
313161,0.16
313165,0.07
313179,0.15
313208,0.18
313228,0.21
313236,0.12
313243,0.18
313245,0.19
313249,0.0
313275,0.07
313276,0.1
313280,0.03
313284,0.35
313285,0.02
313292,0.16
313297,0.08
313304,0.12
313322,0.12
313323,0.07
313325,0.0
313326,0.18
313334,0.02
313336,0.07
313337,0.25
313339,0.13
313340,0.06
313341,0.25
313343,0.24
313346,0.24
313348,0.31
313359,0.12
313365,0.04
313375,0.19
313381,0.01
313382,0.21
313389,0.0
313390,0.03
313391,0.1
313410,0.06
313416,0.03
313417,0.03
313426,0.26
313429,0.08
313469,0.02
313479,0.02
313485,0.26
313494,0.03
313496,0.08
313501,0.05
313506,0.06
313521,0.08
313524,0.03
313538,0.13
313550,0.24
313557,0.09
313573,0.1
313583,0.01
313592,0.26
313602,0.03
313604,0.08
313606,0.12
313617,0.09
313622,0.12
313625,0.13
313638,0.08
313639,0.11
313645,0.2
313655,0.1
313656,0.24
313663,0.15
313669,0.04
313670,0.18
313676,0.04
313689,0.17
313699,0.08
313711,0.05
313720,0.1
313731,0.27
313736,0.22
313741,0.05
313744,0.04
313749,0.19
313750,0.01
313753,0.08
313763,0.01
313765,0.16
313776,0.03
313778,0.11
313781,0.08
313786,0.26
313787,0.02
313795,0.05
313809,0.03
313810,0.08
313811,0.24
313818,0.25
313825,0.06
313830,0.07
313831,0.13
313834,0.03
313837,0.29
313841,0.04
313859,0.0
313882,0.05
313887,0.31
313900,0.02
313902,0.06
313906,0.0
313930,0.01
313932,0.13
313943,0.06
313944,0.1
313957,0.03
313970,0.13
313980,0.0
313982,0.03
313999,0.14
314000,0.06
314003,0.05
314004,0.09
314005,0.15
314007,0.08
314010,0.1
314011,0.0
314016,0.14
314023,0.1
314024,0.08
314031,0.0
314038,0.1
314041,0.06
314061,0.08
314073,0.01
314091,0.22
314097,0.26
314099,0.01
314107,0.02
314124,0.24
314127,0.12
314131,0.05
314132,0.02
314137,0.05
314139,0.02
314143,0.05
314149,0.02
314153,0.09
314154,0.2
314160,0.02
314167,0.05
314171,0.02
314182,0.04
314190,0.0
314194,0.07
314198,0.02
314211,0.07
314220,0.16
314245,0.14
314247,0.01
314256,0.03
314259,0.02
314267,0.07
314271,0.02
314278,0.18
314282,0.05
314283,0.07
314294,0.19
314298,0.05
314299,0.25
314306,0.03
314307,0.16
314308,0.04
314309,0.02
314317,0.12
314323,0.15
314332,0.04
314334,0.03
314335,0.01
314337,0.07
314343,0.06
314344,0.05
314346,0.01
314351,0.02
314354,0.02
314355,0.07
314359,0.04
314364,0.02
314366,0.03
314367,0.13
314374,0.04
314376,0.06
314387,0.12
314405,0.2
314412,0.07
314418,0.23
314429,0.13
314438,0.26
314442,0.06
314477,0.04
314480,0.03
314486,0.1
314487,0.2
314488,0.15
314490,0.09
314523,0.07
314528,0.18
314535,0.0
314542,0.11
314560,0.08
314585,0.23
314594,0.18
314596,0.18
314601,0.05
314603,0.06
314612,0.07
314615,0.17
314619,0.02
314621,0.21
314627,0.19
314629,0.2
314635,0.38
314639,0.11
314646,0.03
314650,0.19
314661,0.13
314690,0.03
314699,0.04
314705,0.19
314709,0.01
314710,0.09
314711,0.04
314714,0.02
314719,0.01
314722,0.03
314723,0.05
314729,0.2
314732,0.2
314734,0.24
314746,0.04
314761,0.36
314769,0.12
314773,0.1
314774,0.07
314776,0.0
314780,0.09
314785,0.11
314789,0.12
314796,0.28
314810,0.0
314812,0.09
314817,0.0
314822,0.23
314840,0.11
314843,0.01
314853,0.0
314856,0.2
314862,0.12
314864,0.05
314878,0.09
314894,0.01
314906,0.23
314912,0.01
314914,0.01
314933,0.13
314941,0.0
314949,0.07
314950,0.12
314952,0.06
314961,0.14
314970,0.25
314972,0.09
314975,0.18
314985,0.1
314986,0.1
314991,0.13
314995,0.09
314997,0.06
315003,0.07
315035,0.1
315038,0.06
315040,0.08
315046,0.08
315053,0.01
315054,0.08
315060,0.16
315061,0.14
315067,0.3
315076,0.2
315079,0.07
315083,0.09
315084,0.04
315092,0.04
315095,0.32
315112,0.23
315122,0.03
315123,0.06
315125,0.29
315136,0.16
315143,0.08
315145,0.07
315153,0.07
315164,0.09
315169,0.04
315178,0.19
315179,0.06
315189,0.05
315192,0.1
315194,0.13
315198,0.06
315210,0.02
315211,0.02
315221,0.22
315222,0.05
315228,0.06
315231,0.11
315233,0.09
315235,0.16
315240,0.03
315244,0.18
315257,0.21
315261,0.21
315271,0.04
315278,0.09
315282,0.27
315287,0.03
315288,0.06
315291,0.13
315306,0.0
315309,0.18
315312,0.08
315330,0.02
315335,0.36
315337,0.17
315343,0.18
315344,0.36
315366,0.04
315389,0.15
315403,0.1
315414,0.23
315425,0.05
315430,0.09
315432,0.06
315436,0.02
315437,0.07
315445,0.1
315451,0.02
315460,0.01
315462,0.05
315476,0.08
315480,0.13
315489,0.11
315494,0.03
315499,0.01
315503,0.11
315507,0.18
315540,0.11
315541,0.11
315546,0.05
315553,0.08
315569,0.22
315571,0.04
315574,0.03
315580,0.06
315587,0.03
315609,0.14
315610,0.14
315617,0.12
315623,0.05
315629,0.03
315635,0.11
315637,0.03
315641,0.06
315644,0.13
315654,0.12
315662,0.07
315663,0.21
315673,0.07
315677,0.03
315679,0.06
315680,0.22
315681,0.02
315682,0.42
315684,0.06
315693,0.13
315701,0.06
315705,0.06
315706,0.04
315711,0.14
315714,0.13
315725,0.04
315738,0.05
315740,0.03
315749,0.08
315753,0.03
315757,0.11
315778,0.05
315781,0.03
315793,0.05
315813,0.16
315822,0.07
315827,0.19
315831,0.01
315843,0.23
315857,0.07
315864,0.09
315869,0.02
315870,0.16
315878,0.13
315891,0.17
315894,0.04
315895,0.14
315903,0.05
315917,0.24
315920,0.02
315937,0.11
315938,0.09
315947,0.07
315970,0.42
315971,0.05
315974,0.03
315984,0.07
315985,0.11
315988,0.0
315993,0.25
315995,0.17
315997,0.02
316000,0.03
316009,0.01
316011,0.06
316014,0.16
316021,0.05
316022,0.09
316023,0.07
316060,0.1
316063,0.02
316065,0.1
316066,0.05
316077,0.06
316083,0.01
316093,0.11
316100,0.05
316110,0.03
316118,0.04
316135,0.08
316139,0.16
316154,0.14
316156,0.02
316171,0.02
316173,0.08
316186,0.03
316188,0.03
316190,0.19
316195,0.11
316205,0.12
316214,0.01
316216,0.11
316220,0.08
316222,0.04
316224,0.1
316226,0.05
316230,0.0
316248,0.07
316258,0.09
316269,0.02
316270,0.03
316279,0.16
316286,0.03
316295,0.04
316297,0.02
316305,0.08
316312,0.02
316313,0.03
316314,0.15
316320,0.08
316321,0.05
316328,0.11
316329,0.07
316334,0.1
316364,0.04
316372,0.02
316382,0.04
316407,0.0
316411,0.12
316433,0.14
316435,0.13
316441,0.14
316456,0.01
316457,0.02
316462,0.06
316465,0.03
316466,0.0
316468,0.02
316469,0.01
316479,0.12
316481,0.05
316484,0.03
316502,0.04
316517,0.06
316525,0.11
316531,0.02
316546,0.02
316549,0.05
316557,0.02
316561,0.11
316564,0.07
316565,0.17
316594,0.09
316595,0.13
316600,0.08
316625,0.01
316645,0.03
316647,0.13
316659,0.16
316683,0.05
316694,0.08
316697,0.0
316701,0.15
316702,0.0
316703,0.04
316718,0.18
316723,0.11
316748,0.31
316756,0.1
316758,0.06
316763,0.11
316764,0.07
316768,0.03
316769,0.15
316772,0.01
316777,0.14
316781,0.05
316785,0.13
316786,0.08
316815,0.29
316816,0.1
316828,0.18
316831,0.0
316837,0.09
316843,0.1
316849,0.13
316854,0.02
316862,0.03
316867,0.02
316902,0.05
316903,0.03
316906,0.02
316914,0.06
316915,0.03
316923,0.02
316928,0.08
316930,0.06
316932,0.16
316940,0.01
316947,0.0
316948,0.05
316977,0.28
316983,0.08
316987,0.12
317003,0.03
317005,0.04
317035,0.0
317036,0.0
317043,0.21
317048,0.01
317056,0.02
317065,0.04
317079,0.04
317080,0.04
317083,0.08
317087,0.12
317103,0.06
317117,0.12
317119,0.12
317125,0.1
317126,0.08
317134,0.16
317138,0.03
317142,0.08
317150,0.01
317184,0.14
317190,0.16
317196,0.09
317197,0.1
317206,0.09
317210,0.18
317221,0.06
317226,0.16
317227,0.23
317236,0.05
317237,0.11
317241,0.01
317249,0.03
317256,0.06
317282,0.14
317294,0.01
317298,0.04
317300,0.08
317307,0.16
317311,0.04
317318,0.05
317322,0.1
317323,0.2
317332,0.05
317338,0.11
317346,0.04
317347,0.06
317349,0.07
317354,0.16
317369,0.23
317386,0.13
317389,0.05
317410,0.1
317411,0.05
317422,0.03
317434,0.0
317446,0.03
317449,0.05
317455,0.17
317469,0.06
317475,0.15
317476,0.03
317487,0.13
317488,0.04
317499,0.06
317500,0.04
317506,0.15
317515,0.07
317518,0.09
317520,0.22
317546,0.04
317549,0.17
317554,0.07
317565,0.11
317579,0.09
317591,0.11
317592,0.08
317593,0.15
317594,0.05
317601,0.19
317603,0.31
317606,0.17
317608,0.08
317611,0.03
317618,0.05
317628,0.0
317629,0.12
317642,0.13
317644,0.05
317648,0.28
317650,0.0
317665,0.1
317675,0.1
317695,0.1
317696,0.05
317704,0.03
317713,0.0
317730,0.04
317735,0.11
317736,0.1
317738,0.11
317747,0.13
317764,0.12
317765,0.15
317772,0.2
317774,0.01
317786,0.03
317788,0.02
317806,0.11
317809,0.16
317811,0.04
317814,0.06
317815,0.09
317830,0.13
317835,0.1
317843,0.04
317856,0.07
317863,0.26
317876,0.12
317889,0.08
317902,0.16
317910,0.13
317914,0.06
317933,0.03
317936,0.1
317940,0.02
317944,0.02
317952,0.02
317955,0.02
317958,0.04
317965,0.09
317966,0.18
317978,0.07
318000,0.1
318007,0.05
318008,0.07
318012,0.02
318016,0.04
318019,0.22
318020,0.02
318021,0.07
318025,0.13
318036,0.07
318044,0.03
318055,0.01
318056,0.2
318057,0.09
318065,0.23
318075,0.05
318081,0.37
318094,0.11
318096,0.0
318104,0.09
318105,0.0
318109,0.04
318113,0.0
318121,0.2
318122,0.17
318126,0.07
318127,0.12
318131,0.06
318135,0.05
318155,0.04
318156,0.02
318161,0.14
318164,0.04
318169,0.16
318173,0.06
318176,0.21
318177,0.24
318181,0.11
318187,0.06
318193,0.02
318203,0.14
318206,0.05
318214,0.1
318220,0.09
318232,0.04
318250,0.15
318251,0.18
318252,0.06
318254,0.05
318260,0.01
318261,0.01
318263,0.03
318264,0.11
318266,0.04
318267,0.04
318268,0.02
318270,0.02
318274,0.04
318282,0.0
318286,0.1
318292,0.05
318297,0.04
318320,0.12
318337,0.03
318343,0.04
318347,0.2
318351,0.09
318357,0.34
318360,0.12
318384,0.05
318385,0.05
318387,0.03
318390,0.09
318391,0.1
318393,0.04
318406,0.07
318408,0.16
318410,0.16
318424,0.19
318428,0.07
318432,0.01
318433,0.19
318445,0.06
318452,0.29
318467,0.07
318473,0.1
318480,0.11
318486,0.18
318496,0.02
318505,0.18
318511,0.07
318517,0.04
318522,0.06
318527,0.13
318530,0.24
318531,0.0
318533,0.03
318535,0.11
318536,0.02
318548,0.1
318551,0.26
318557,0.09
318576,0.02
318581,0.14
318607,0.11
318609,0.02
318615,0.25
318634,0.07
318640,0.22
318651,0.14
318657,0.18
318669,0.08
318674,0.15
318675,0.06
318686,0.07
318694,0.24
318760,0.05
318762,0.03
318763,0.06
318765,0.11
318766,0.08
318769,0.26
318775,0.22
318782,0.09
318786,0.26
318792,0.07
318801,0.29
318802,0.04
318803,0.05
318805,0.08
318813,0.18
318817,0.1
318821,0.09
318827,0.17
318834,0.17
318835,0.03
318851,0.11
318857,0.12
318862,0.02
318874,0.07
318878,0.01
318897,0.03
318909,0.12
318924,0.06
318927,0.03
318942,0.18
318946,0.08
318957,0.13
318959,0.0
318975,0.05
318982,0.04
318987,0.18
318993,0.03
318995,0.11
318996,0.01
318997,0.03
318999,0.11
319012,0.28
319014,0.17
319018,0.12
319020,0.07
319048,0.05
319052,0.13
319067,0.09
319083,0.05
319088,0.01
319089,0.12
319090,0.23
319096,0.04
319099,0.11
319108,0.01
319116,0.1
319117,0.1
319119,0.14
319126,0.3
319133,0.25
319135,0.12
319137,0.05
319143,0.0
319168,0.05
319170,0.16
319174,0.11
319181,0.06
319192,0.06
319193,0.06
319198,0.07
319211,0.03
319219,0.06
319220,0.07
319226,0.13
319240,0.06
319248,0.18
319257,0.06
319261,0.1
319264,0.03
319268,0.0
319289,0.13
319292,0.05
319295,0.08
319302,0.06
319308,0.2
319310,0.17
319313,0.14
319322,0.0
319329,0.08
319331,0.01
319334,0.15
319346,0.0
319352,0.34
319358,0.14
319363,0.07
319365,0.34
319370,0.01
319371,0.15
319372,0.08
319385,0.08
319387,0.0
319393,0.13
319396,0.06
319406,0.06
319439,0.01
319440,0.1
319441,0.16
319462,0.05
319471,0.11
319475,0.02
319476,0.1
319486,0.11
319487,0.1
319489,0.14
319491,0.06
319494,0.01
319496,0.24
319512,0.16
319519,0.0
319522,0.1
319530,0.09
319540,0.01
319547,0.01
319549,0.02
319559,0.1
319561,0.01
319566,0.1
319569,0.22
319574,0.05
319579,0.08
319580,0.19
319582,0.06
319583,0.03
319585,0.08
319598,0.21
319600,0.09
319602,0.01
319603,0.02
319604,0.08
319608,0.01
319622,0.09
319623,0.11
319625,0.17
319628,0.03
319637,0.06
319639,0.03
319658,0.02
319669,0.08
319677,0.0
319683,0.14
319688,0.1
319697,0.11
319700,0.05
319727,0.08
319747,0.03
319751,0.13
319758,0.12
319759,0.13
319765,0.03
319768,0.08
319774,0.1
319776,0.09
319777,0.05
319785,0.0
319789,0.05
319792,0.04
319799,0.02
319814,0.02
319815,0.04
319822,0.04
319829,0.14
319836,0.04
319837,0.06
319839,0.1
319843,0.09
319860,0.09
319876,0.15
319877,0.05
319887,0.09
319889,0.01
319892,0.0
319893,0.1
319897,0.05
319898,0.14
319911,0.05
319917,0.11
319923,0.06
319927,0.04
319929,0.23
319931,0.07
319948,0.08
319949,0.04
319992,0.21
319999,0.07
320001,0.05
320003,0.06
320004,0.2
320011,0.15
320012,0.07
320021,0.13
320026,0.03
320034,0.02
320041,0.25
320042,0.0
320046,0.03
320056,0.02
320062,0.02
320093,0.25
320094,0.05
320101,0.19
320114,0.18
320126,0.16
320128,0.09
320137,0.0
320149,0.12
320165,0.0
320172,0.11
320173,0.06
320175,0.11
320179,0.06
320181,0.07
320191,0.02
320192,0.0
320195,0.01
320199,0.04
320202,0.02
320203,0.12
320205,0.07
320224,0.11
320227,0.19
320228,0.11
320248,0.26
320252,0.01
320254,0.08
320259,0.02
320267,0.13
320276,0.01
320287,0.26
320291,0.04
320295,0.03
320297,0.06
320305,0.14
320321,0.21
320331,0.14
320336,0.15
320341,0.06
320344,0.14
320356,0.05
320362,0.12
320369,0.02
320379,0.06
320387,0.14
320397,0.1
320412,0.17
320421,0.07
320428,0.16
320429,0.2
320430,0.06
320434,0.04
320453,0.1
320462,0.03
320469,0.06
320475,0.12
320478,0.1
320484,0.15
320494,0.01
320499,0.09
320541,0.13
320550,0.02
320561,0.01
320562,0.16
320564,0.13
320566,0.23
320568,0.0
320593,0.03
320609,0.11
320614,0.03
320621,0.02
320639,0.24
320640,0.14
320656,0.11
320657,0.11
320670,0.02
320672,0.07
320691,0.13
320693,0.02
320698,0.14
320699,0.1
320704,0.05
320709,0.14
320711,0.0
320724,0.12
320737,0.08
320744,0.11
320747,0.12
320750,0.11
320752,0.08
320760,0.04
320765,0.23
320767,0.05
320778,0.09
320784,0.07
320789,0.14
320793,0.02
320795,0.23
320805,0.13
320806,0.12
320823,0.04
320828,0.15
320833,0.18
320843,0.01
320846,0.03
320851,0.19
320852,0.1
320869,0.0
320873,0.19
320890,0.02
320905,0.05
320912,0.17
320914,0.0
320915,0.03
320920,0.04
320924,0.08
320925,0.0
320936,0.07
320937,0.02
320940,0.02
320943,0.01
320954,0.01
320959,0.1
320960,0.12
320966,0.02
320968,0.02
320975,0.04
320978,0.0
320979,0.04
320981,0.07
320987,0.2
320989,0.07
321009,0.29
321021,0.23
321035,0.1
321038,0.19
321039,0.28
321051,0.06
321058,0.06
321066,0.21
321075,0.07
321092,0.01
321098,0.12
321107,0.24
321116,0.09
321118,0.05
321124,0.06
321131,0.06
321134,0.29
321140,0.01
321143,0.13
321145,0.01
321150,0.01
321151,0.03
321153,0.2
321154,0.13
321156,0.0
321160,0.03
321176,0.04
321183,0.17
321187,0.15
321196,0.12
321197,0.06
321204,0.2
321208,0.01
321209,0.12
321223,0.15
321226,0.02
321227,0.01
321236,0.05
321249,0.24
321250,0.13
321253,0.12
321256,0.07
321276,0.18
321298,0.02
321303,0.03
321309,0.06
321313,0.13
321322,0.16
321345,0.04
321350,0.02
321355,0.04
321358,0.07
321370,0.06
321377,0.2
321385,0.21
321398,0.07
321401,0.0
321415,0.01
321416,0.35
321419,0.01
321427,0.08
321433,0.0
321439,0.05
321455,0.08
321463,0.21
321465,0.09
321480,0.05
321486,0.03
321498,0.05
321502,0.13
321510,0.22
321524,0.1
321526,0.17
321528,0.16
321533,0.25
321536,0.02
321548,0.07
321557,0.06
321564,0.1
321567,0.0
321602,0.08
321625,0.1
321627,0.19
321640,0.08
321645,0.03
321648,0.15
321649,0.05
321652,0.04
321659,0.03
321667,0.04
321676,0.03
321696,0.05
321697,0.11
321702,0.1
321704,0.04
321706,0.03
321710,0.12
321722,0.09
321760,0.04
321770,0.16
321779,0.06
321784,0.13
321786,0.07
321792,0.08
321795,0.15
321801,0.03
321804,0.0
321806,0.04
321807,0.03
321808,0.28
321809,0.45
321825,0.14
321828,0.23
321843,0.14
321848,0.05
321854,0.06
321869,0.03
321870,0.17
321887,0.05
321896,0.09
321898,0.08
321908,0.03
321910,0.05
321915,0.12
321919,0.07
321922,0.17
321928,0.01
321929,0.13
321932,0.16
321934,0.16
321936,0.28
321956,0.14
321957,0.07
321965,0.04
321970,0.06
321974,0.01
321980,0.05
321985,0.08
321992,0.04
321999,0.06
322005,0.01
322018,0.05
322020,0.03
322021,0.15
322023,0.06
322024,0.13
322039,0.02
322054,0.07
322061,0.05
322082,0.06
322088,0.2
322093,0.03
322105,0.12
322111,0.03
322113,0.13
322117,0.08
322120,0.02
322123,0.05
322132,0.1
322136,0.19
322141,0.21
322147,0.06
322169,0.13
322170,0.13
322172,0.08
322196,0.12
322198,0.16
322217,0.05
322226,0.13
322227,0.18
322229,0.04
322242,0.07
322244,0.09
322249,0.06
322250,0.05
322253,0.02
322254,0.15
322267,0.02
322269,0.13
322274,0.29
322285,0.28
322309,0.06
322320,0.11
322327,0.04
322331,0.11
322332,0.07
322334,0.29
322339,0.13
322348,0.21
322350,0.31
322354,0.03
322356,0.05
322367,0.21
322369,0.07
322372,0.07
322374,0.05
322383,0.16
322388,0.18
322393,0.12
322395,0.14
322407,0.05
322413,0.14
322416,0.0
322419,0.09
322424,0.08
322432,0.04
322442,0.02
322447,0.02
322448,0.12
322460,0.03
322461,0.27
322468,0.03
322472,0.2
322473,0.07
322488,0.0
322490,0.08
322491,0.08
322497,0.09
322503,0.06
322521,0.16
322525,0.16
322533,0.2
322549,0.13
322561,0.2
322566,0.09
322570,0.15
322574,0.23
322578,0.09
322579,0.16
322586,0.09
322596,0.11
322598,0.04
322603,0.05
322614,0.2
322626,0.06
322630,0.12
322639,0.22
322640,0.03
322642,0.34
322651,0.05
322652,0.2
322656,0.07
322662,0.02
322664,0.03
322681,0.26
322684,0.01
322685,0.1
322711,0.18
322717,0.03
322719,0.07
322730,0.13
322740,0.15
322743,0.11
322749,0.03
322757,0.03
322759,0.07
322760,0.04
322770,0.07
322786,0.18
322797,0.22
322800,0.03
322815,0.01
322831,0.13
322835,0.12
322841,0.09
322845,0.03
322846,0.02
322851,0.08
322852,0.05
322877,0.02
322880,0.04
322893,0.12
322911,0.06
322928,0.26
322934,0.09
322938,0.07
322950,0.18
322959,0.03
322961,0.01
322965,0.1
322966,0.02
322968,0.03
322977,0.18
322979,0.02
322986,0.12
322990,0.19
322998,0.01
323005,0.06
323008,0.06
323014,0.21
323015,0.04
323025,0.13
323030,0.11
323033,0.09
323036,0.04
323043,0.06
323049,0.01
323051,0.24
323053,0.03
323056,0.08
323059,0.13
323076,0.03
323088,0.06
323108,0.27
323112,0.07
323127,0.1
323135,0.12
323137,0.02
323141,0.07
323142,0.05
323147,0.1
323150,0.36
323153,0.25
323156,0.07
323161,0.04
323171,0.15
323173,0.06
323176,0.04
323184,0.02
323189,0.05
323193,0.07
323209,0.07
323218,0.36
323224,0.17
323235,0.19
323236,0.02
323242,0.03
323252,0.06
323253,0.17
323254,0.02
323271,0.14
323276,0.12
323278,0.19
323281,0.07
323285,0.04
323289,0.07
323292,0.05
323297,0.09
323312,0.03
323318,0.02
323319,0.07
323324,0.1
323325,0.09
323328,0.07
323334,0.04
323338,0.13
323340,0.02
323343,0.07
323354,0.1
323373,0.15
323376,0.08
323381,0.02
323382,0.17
323383,0.16
323387,0.01
323394,0.06
323398,0.06
323405,0.07
323407,0.1
323428,0.34
323436,0.23
323451,0.09
323455,0.16
323463,0.05
323466,0.02
323475,0.12
323477,0.04
323481,0.01
323485,0.23
323488,0.13
323493,0.02
323494,0.06
323505,0.07
323506,0.04
323509,0.01
323518,0.04
323530,0.08
323539,0.02
323549,0.07
323557,0.05
323568,0.08
323569,0.04
323571,0.06
323573,0.19
323585,0.04
323588,0.06
323599,0.28
323615,0.0
323617,0.08
323620,0.26
323636,0.04
323665,0.07
323670,0.0
323675,0.15
323688,0.1
323693,0.04
323694,0.0
323696,0.07
323710,0.04
323716,0.1
323718,0.07
323719,0.0
323720,0.22
323722,0.3
323729,0.38
323738,0.03
323740,0.08
323787,0.02
323795,0.05
323801,0.04
323810,0.05
323822,0.11
323825,0.25
323833,0.1
323860,0.02
323871,0.04
323879,0.08
323888,0.01
323891,0.17
323894,0.1
323909,0.01
323911,0.1
323920,0.27
323923,0.08
323930,0.02
323935,0.12
323937,0.14
323938,0.04
323948,0.03
323956,0.11
323962,0.15
323964,0.07
323966,0.01
323970,0.05
323972,0.04
323977,0.08
323985,0.01
323989,0.07
323994,0.02
324010,0.04
324020,0.12
324033,0.02
324052,0.2
324055,0.01
324075,0.01
324087,0.06
324088,0.02
324091,0.02
324104,0.07
324109,0.29
324114,0.07
324118,0.01
324125,0.09
324130,0.16
324146,0.05
324149,0.05
324156,0.0
324170,0.05
324171,0.02
324172,0.03
324178,0.39
324180,0.11
324220,0.06
324222,0.0
324227,0.22
324229,0.18
324230,0.14
324235,0.15
324243,0.01
324247,0.3
324264,0.23
324269,0.04
324270,0.04
324271,0.06
324291,0.37
324293,0.02
324296,0.07
324298,0.17
324302,0.12
324305,0.0
324310,0.09
324325,0.03
324339,0.06
324345,0.03
324347,0.06
324356,0.12
324383,0.19
324387,0.04
324393,0.14
324400,0.11
324401,0.03
324412,0.2
324414,0.02
324415,0.15
324416,0.06
324420,0.04
324437,0.01
324445,0.13
324464,0.13
324472,0.15
324496,0.05
324499,0.03
324512,0.06
324544,0.14
324545,0.06
324552,0.18
324553,0.05
324558,0.2
324559,0.03
324572,0.11
324582,0.09
324595,0.18
324596,0.32
324598,0.08
324614,0.07
324620,0.29
324621,0.05
324624,0.13
324651,0.06
324655,0.19
324669,0.05
324674,0.38
324677,0.19
324681,0.34
324689,0.0
324708,0.01
324714,0.23
324716,0.04
324719,0.02
324731,0.2
324733,0.07
324741,0.08
324745,0.07
324747,0.23
324748,0.01
324764,0.05
324772,0.12
324788,0.06
324795,0.02
324801,0.12
324811,0.0
324816,0.33
324821,0.19
324825,0.01
324840,0.18
324841,0.13
324854,0.04
324866,0.09
324884,0.08
324894,0.11
324895,0.02
324913,0.03
324914,0.03
324944,0.07
324949,0.31
324978,0.0
324983,0.06
324987,0.14
324995,0.04
325000,0.08
325001,0.16
325005,0.03
325017,0.05
325019,0.03
325020,0.01
325021,0.4
325041,0.11
325063,0.27
325066,0.3
325070,0.22
325102,0.1
325117,0.17
325121,0.06
325136,0.24
325153,0.03
325157,0.05
325158,0.07
325163,0.1
325180,0.03
325181,0.08
325185,0.16
325194,0.03
325196,0.09
325206,0.02
325212,0.02
325217,0.23
325218,0.04
325223,0.02
325238,0.11
325254,0.18
325258,0.02
325268,0.0
325269,0.09
325275,0.05
325277,0.05
325282,0.05
325284,0.01
325289,0.01
325291,0.22
325300,0.05
325303,0.08
325306,0.02
325313,0.1
325316,0.19
325318,0.07
325332,0.17
325344,0.2
325354,0.16
325360,0.01
325364,0.13
325375,0.14
325377,0.01
325380,0.02
325390,0.07
325392,0.01
325395,0.17
325411,0.01
325412,0.05
325420,0.19
325424,0.02
325433,0.05
325438,0.04
325439,0.01
325443,0.08
325454,0.21
325464,0.08
325473,0.03
325476,0.03
325495,0.18
325525,0.09
325529,0.07
325552,0.14
325553,0.11
325564,0.02
325565,0.12
325580,0.27
325590,0.36
325591,0.04
325596,0.05
325601,0.01
325602,0.22
325623,0.04
325625,0.05
325641,0.21
325645,0.07
325657,0.04
325680,0.08
325691,0.04
325701,0.01
325710,0.19
325712,0.06
325714,0.01
325716,0.04
325724,0.12
325744,0.06
325751,0.28
325757,0.02
325765,0.16
325767,0.27
325770,0.08
325778,0.17
325784,0.1
325791,0.17
325809,0.3
325814,0.18
325817,0.1
325820,0.32
325822,0.06
325830,0.04
325832,0.09
325840,0.03
325849,0.11
325852,0.06
325859,0.08
325864,0.01
325865,0.14
325879,0.02
325890,0.06
325899,0.04
325908,0.09
325916,0.16
325918,0.05
325919,0.02
325922,0.01
325925,0.03
325934,0.1
325939,0.04
325942,0.18
325948,0.19
325954,0.05
325962,0.07
325966,0.26
325969,0.11
325971,0.01
325972,0.05
325976,0.02
325981,0.0
325992,0.07
326013,0.06
326017,0.01
326019,0.02
326027,0.09
326028,0.05
326033,0.12
326041,0.01
326043,0.07
326049,0.09
326054,0.03
326057,0.08
326074,0.01
326078,0.12
326083,0.04
326084,0.03
326085,0.07
326087,0.16
326088,0.14
326102,0.31
326117,0.09
326145,0.25
326150,0.21
326160,0.11
326166,0.07
326170,0.07
326180,0.17
326182,0.14
326186,0.08
326188,0.31
326190,0.23
326196,0.14
326199,0.06
326201,0.14
326204,0.0
326209,0.05
326211,0.08
326218,0.03
326239,0.01
326259,0.04
326260,0.14
326284,0.11
326289,0.02
326290,0.04
326295,0.03
326299,0.05
326305,0.15
326309,0.2
326323,0.08
326364,0.07
326369,0.04
326385,0.19
326410,0.11
326411,0.06
326418,0.02
326428,0.23
326435,0.03
326437,0.07
326438,0.09
326451,0.0
326464,0.17
326471,0.08
326472,0.25
326475,0.07
326477,0.06
326480,0.03
326486,0.07
326502,0.04
326506,0.09
326513,0.0
326516,0.09
326528,0.05
326530,0.02
326531,0.14
326532,0.02
326538,0.03
326551,0.06
326559,0.03
326576,0.05
326577,0.07
326602,0.16
326606,0.14
326618,0.09
326620,0.11
326624,0.03
326639,0.04
326647,0.33
326652,0.11
326661,0.23
326667,0.08
326670,0.22
326672,0.06
326693,0.16
326704,0.12
326723,0.04
326734,0.13
326738,0.12
326746,0.2
326753,0.17
326754,0.02
326763,0.22
326779,0.04
326785,0.27
326786,0.26
326787,0.27
326789,0.03
326799,0.01
326802,0.03
326804,0.05
326823,0.14
326827,0.03
326833,0.15
326838,0.13
326842,0.05
326856,0.31
326867,0.09
326870,0.07
326871,0.03
326875,0.05
326879,0.08
326884,0.12
326900,0.1
326904,0.09
326905,0.12
326917,0.03
326919,0.04
326921,0.24
326929,0.09
326942,0.21
326944,0.02
326953,0.17
326968,0.06
326985,0.09
326987,0.18
326988,0.0
326994,0.05
327005,0.06
327010,0.06
327017,0.09
327026,0.12
327030,0.07
327031,0.08
327045,0.19
327054,0.0
327078,0.01
327080,0.01
327087,0.28
327137,0.14
327147,0.05
327150,0.04
327153,0.23
327160,0.26
327164,0.07
327169,0.18
327187,0.07
327188,0.04
327189,0.05
327194,0.01
327196,0.16
327202,0.07
327207,0.03
327215,0.03
327216,0.16
327220,0.12
327222,0.07
327230,0.05
327231,0.28
327238,0.12
327247,0.01
327262,0.09
327265,0.07
327267,0.0
327273,0.08
327276,0.21
327280,0.16
327287,0.02
327301,0.17
327307,0.07
327309,0.08
327316,0.21
327327,0.1
327334,0.31
327335,0.22
327338,0.05
327341,0.17
327350,0.14
327355,0.01
327370,0.07
327386,0.06
327391,0.05
327393,0.15
327408,0.02
327415,0.15
327431,0.12
327445,0.02
327449,0.16
327457,0.07
327488,0.0
327489,0.02
327523,0.02
327537,0.01
327550,0.24
327556,0.0
327562,0.06
327567,0.21
327587,0.04
327594,0.08
327602,0.04
327604,0.19
327609,0.07
327618,0.08
327620,0.15
327626,0.11
327628,0.11
327629,0.06
327631,0.12
327633,0.05
327638,0.09
327665,0.09
327689,0.03
327697,0.06
327702,0.06
327704,0.15
327723,0.02
327726,0.08
327732,0.01
327739,0.11
327750,0.16
327751,0.05
327765,0.11
327766,0.04
327771,0.11
327772,0.2
327774,0.11
327784,0.01
327789,0.0
327794,0.03
327799,0.1
327803,0.09
327817,0.04
327819,0.04
327823,0.13
327828,0.34
327834,0.18
327835,0.03
327866,0.35
327871,0.06
327886,0.11
327900,0.04
327901,0.25
327904,0.1
327906,0.21
327908,0.09
327909,0.01
327914,0.32
327917,0.15
327928,0.26
327947,0.04
327949,0.09
327952,0.08
327954,0.15
327962,0.18
327964,0.39
327985,0.02
327996,0.01
327997,0.15
328013,0.05
328017,0.16
328027,0.04
328029,0.1
328042,0.19
328043,0.1
328064,0.09
328072,0.04
328074,0.18
328080,0.02
328086,0.08
328122,0.2
328126,0.02
328127,0.26
328142,0.0
328144,0.03
328150,0.11
328154,0.12
328160,0.08
328171,0.05
328179,0.09
328192,0.03
328195,0.12
328196,0.07
328201,0.03
328203,0.07
328217,0.08
328218,0.07
328228,0.07
328231,0.15
328246,0.06
328252,0.15
328255,0.18
328264,0.0
328281,0.05
328282,0.03
328291,0.06
328303,0.16
328305,0.06
328313,0.04
328336,0.14
328340,0.06
328343,0.03
328368,0.37
328372,0.04
328381,0.15
328383,0.07
328385,0.01
328393,0.11
328395,0.0
328409,0.01
328424,0.06
328427,0.05
328456,0.01
328463,0.12
328489,0.12
328491,0.16
328509,0.03
328516,0.14
328524,0.04
328535,0.21
328536,0.03
328539,0.15
328542,0.35
328545,0.24
328549,0.09
328554,0.01
328558,0.07
328571,0.11
328576,0.04
328578,0.1
328588,0.1
328601,0.08
328604,0.07
328624,0.01
328629,0.27
328632,0.03
328634,0.01
328636,0.04
328637,0.11
328647,0.16
328668,0.01
328669,0.04
328678,0.11
328684,0.11
328694,0.07
328705,0.14
328712,0.04
328720,0.05
328729,0.11
328730,0.02
328733,0.09
328758,0.22
328761,0.1
328764,0.02
328777,0.04
328783,0.01
328813,0.07
328819,0.02
328826,0.08
328829,0.12
328834,0.01
328845,0.09
328856,0.05
328865,0.14
328868,0.06
328878,0.26
328896,0.08
328899,0.06
328909,0.11
328914,0.02
328926,0.16
328934,0.08
328935,0.08
328949,0.12
328954,0.13
328957,0.03
328968,0.13
328974,0.07
328984,0.0
328991,0.04
328997,0.11
329000,0.04
329005,0.06
329007,0.06
329018,0.11
329034,0.08
329051,0.08
329052,0.03
329055,0.04
329062,0.09
329064,0.19
329070,0.21
329075,0.03
329078,0.02
329081,0.08
329086,0.12
329101,0.01
329105,0.29
329113,0.11
329119,0.12
329133,0.01
329135,0.03
329138,0.02
329143,0.02
329157,0.03
329165,0.07
329170,0.05
329176,0.05
329177,0.11
329179,0.05
329196,0.09
329209,0.06
329219,0.32
329241,0.06
329245,0.25
329248,0.08
329249,0.09
329251,0.02
329252,0.03
329256,0.1
329261,0.07
329264,0.14
329297,0.11
329310,0.05
329320,0.05
329328,0.0
329340,0.15
329347,0.11
329351,0.15
329356,0.04
329360,0.32
329364,0.03
329365,0.02
329381,0.01
329383,0.16
329385,0.05
329388,0.04
329390,0.05
329393,0.1
329403,0.15
329409,0.11
329418,0.2
329428,0.05
329433,0.04
329439,0.02
329459,0.06
329463,0.06
329475,0.13
329479,0.07
329494,0.33
329500,0.07
329503,0.01
329512,0.0
329514,0.07
329521,0.08
329526,0.16
329531,0.1
329534,0.03
329545,0.03
329553,0.04
329569,0.1
329571,0.19
329580,0.04
329585,0.06
329588,0.18
329603,0.08
329605,0.04
329611,0.07
329613,0.08
329615,0.11
329618,0.12
329623,0.03
329626,0.06
329678,0.09
329690,0.1
329693,0.1
329698,0.22
329700,0.08
329706,0.08
329709,0.05
329713,0.32
329716,0.05
329717,0.08
329719,0.15
329720,0.06
329737,0.03
329741,0.04
329742,0.02
329749,0.19
329765,0.21
329771,0.08
329775,0.08
329779,0.12
329781,0.07
329788,0.18
329798,0.17
329799,0.11
329810,0.1
329811,0.04
329812,0.01
329819,0.04
329822,0.07
329826,0.06
329843,0.02
329846,0.02
329856,0.04
329871,0.11
329882,0.01
329885,0.01
329893,0.06
329898,0.01
329903,0.24
329916,0.04
329918,0.06
329934,0.02
329942,0.01
329949,0.09
329958,0.21
329965,0.19
329969,0.05
329972,0.12
329981,0.22
329988,0.07
329989,0.11
330004,0.16
330006,0.17
330014,0.17
330025,0.29
330040,0.03
330047,0.15
330070,0.12
330074,0.01
330075,0.09
330085,0.09
330095,0.16
330106,0.13
330119,0.08
330122,0.0
330129,0.16
330145,0.19
330148,0.05
330154,0.01
330156,0.05
330162,0.07
330164,0.03
330187,0.04
330188,0.12
330189,0.1
330192,0.1
330193,0.0
330200,0.06
330205,0.04
330207,0.17
330220,0.05
330228,0.24
330243,0.02
330245,0.09
330270,0.05
330272,0.22
330279,0.08
330288,0.16
330289,0.05
330299,0.03
330308,0.03
330314,0.1
330317,0.05
330322,0.04
330332,0.16
330356,0.14
330358,0.02
330360,0.05
330363,0.27
330364,0.09
330368,0.03
330376,0.05
330378,0.08
330381,0.06
330386,0.25
330387,0.01
330395,0.13
330396,0.05
330406,0.01
330423,0.13
330430,0.05
330467,0.14
330469,0.01
330473,0.08
330479,0.1
330486,0.28
330523,0.21
330524,0.09
330540,0.17
330564,0.09
330565,0.08
330567,0.05
330568,0.14
330602,0.06
330616,0.18
330617,0.01
330625,0.03
330635,0.02
330636,0.08
330639,0.02
330661,0.1
330666,0.0
330670,0.04
330682,0.0
330690,0.03
330708,0.03
330726,0.1
330730,0.04
330765,0.05
330776,0.03
330789,0.02
330791,0.02
330803,0.15
330805,0.04
330807,0.14
330821,0.06
330822,0.06
330836,0.15
330837,0.13
330839,0.06
330840,0.02
330861,0.07
330878,0.07
330881,0.01
330888,0.02
330890,0.07
330903,0.24
330904,0.08
330905,0.03
330907,0.04
330915,0.01
330921,0.07
330922,0.01
330925,0.03
330942,0.12
330945,0.14
330957,0.07
330965,0.07
330973,0.08
330979,0.02
330981,0.08
331005,0.06
331018,0.08
331026,0.05
331032,0.02
331033,0.27
331036,0.19
331037,0.06
331048,0.03
331054,0.17
331058,0.04
331063,0.06
331077,0.01
331079,0.06
331081,0.19
331082,0.04
331090,0.04
331110,0.0
331127,0.04
331141,0.0
331153,0.19
331165,0.09
331171,0.11
331179,0.15
331191,0.22
331193,0.16
331197,0.03
331204,0.06
331207,0.31
331212,0.04
331220,0.08
331242,0.14
331244,0.25
331273,0.08
331281,0.01
331289,0.01
331293,0.08
331294,0.03
331299,0.14
331300,0.05
331302,0.05
331322,0.05
331334,0.05
331347,0.02
331353,0.05
331361,0.06
331370,0.03
331379,0.07
331382,0.23
331388,0.19
331390,0.16
331400,0.1
331411,0.05
331431,0.02
331451,0.06
331455,0.06
331456,0.03
331461,0.08
331468,0.06
331480,0.39
331491,0.05
331505,0.23
331508,0.02
331517,0.04
331519,0.06
331526,0.05
331530,0.05
331533,0.03
331554,0.12
331579,0.04
331590,0.02
331599,0.18
331604,0.17
331605,0.02
331611,0.04
331616,0.21
331620,0.04
331623,0.07
331641,0.14
331645,0.06
331657,0.21
331662,0.06
331678,0.03
331684,0.25
331686,0.23
331691,0.01
331697,0.38
331707,0.07
331709,0.05
331716,0.07
331719,0.14
331729,0.15
331735,0.03
331743,0.03
331761,0.03
331772,0.06
331777,0.04
331794,0.09
331813,0.12
331818,0.13
331834,0.09
331848,0.08
331849,0.07
331868,0.11
331875,0.07
331879,0.08
331886,0.05
331888,0.04
331891,0.18
331903,0.06
331905,0.18
331913,0.06
331914,0.03
331937,0.02
331938,0.02
331939,0.05
331944,0.08
331948,0.1
331968,0.09
331976,0.27
331977,0.22
332007,0.07
332014,0.06
332017,0.01
332027,0.17
332033,0.16
332041,0.07
332042,0.08
332047,0.06
332050,0.16
332056,0.01
332071,0.01
332075,0.18
332076,0.05
332077,0.1
332083,0.03
332093,0.37
332111,0.01
332119,0.08
332121,0.09
332135,0.03
332144,0.11
332147,0.02
332155,0.05
332156,0.03
332164,0.17
332166,0.06
332170,0.07
332180,0.29
332181,0.25
332184,0.09
332192,0.16
332204,0.08
332225,0.02
332234,0.05
332243,0.22
332253,0.41
332261,0.01
332266,0.03
332270,0.13
332285,0.24
332290,0.04
332296,0.08
332298,0.08
332302,0.05
332303,0.09
332317,0.09
332318,0.16
332327,0.04
332337,0.09
332351,0.09
332373,0.17
332377,0.04
332384,0.16
332398,0.09
332404,0.09
332405,0.06
332454,0.01
332456,0.13
332464,0.12
332468,0.08
332476,0.18
332482,0.03
332483,0.12
332508,0.07
332519,0.29
332529,0.12
332537,0.17
332545,0.19
332551,0.02
332552,0.07
332570,0.14
332574,0.1
332579,0.05
332607,0.06
332618,0.11
332626,0.08
332628,0.1
332645,0.2
332652,0.2
332666,0.2
332694,0.3
332697,0.18
332698,0.01
332700,0.1
332708,0.03
332714,0.03
332722,0.09
332724,0.01
332730,0.05
332741,0.06
332746,0.09
332754,0.05
332756,0.16
332759,0.0
332764,0.3
332786,0.02
332790,0.02
332816,0.15
332821,0.19
332827,0.11
332829,0.01
332831,0.02
332833,0.12
332834,0.18
332837,0.04
332846,0.1
332860,0.09
332861,0.14
332865,0.27
332882,0.09
332897,0.15
332901,0.06
332904,0.05
332910,0.32
332911,0.1
332912,0.22
332939,0.09
332940,0.02
332952,0.01
332956,0.04
332957,0.1
332958,0.01
332961,0.15
332967,0.08
332974,0.07
332993,0.15
333007,0.02
333012,0.25
333020,0.03
333021,0.26
333035,0.02
333040,0.21
333061,0.02
333073,0.04
333078,0.12
333085,0.15
333086,0.03
333096,0.25
333100,0.12
333112,0.08
333114,0.01
333120,0.26
333142,0.0
333152,0.05
333159,0.13
333178,0.02
333179,0.04
333187,0.02
333191,0.0
333192,0.07
333199,0.04
333211,0.08
333224,0.24
333237,0.1
333238,0.09
333262,0.08
333268,0.02
333275,0.06
333289,0.15
333292,0.18
333303,0.0
333305,0.12
333312,0.03
333316,0.19
333335,0.16
333354,0.04
333356,0.02
333358,0.22
333376,0.08
333378,0.01
333380,0.0
333381,0.2
333388,0.01
333392,0.04
333406,0.42
333410,0.12
333411,0.03
333412,0.06
333428,0.06
333432,0.01
333435,0.05
333442,0.03
333452,0.08
333455,0.19
333456,0.14
333459,0.11
333464,0.07
333466,0.05
333469,0.11
333475,0.02
333476,0.0
333477,0.1
333487,0.06
333490,0.03
333497,0.17
333499,0.03
333500,0.03
333501,0.08
333503,0.18
333513,0.19
333518,0.12
333544,0.02
333546,0.35
333563,0.25
333566,0.1
333568,0.09
333570,0.04
333573,0.1
333574,0.21
333584,0.09
333589,0.16
333594,0.05
333596,0.01
333597,0.07
333615,0.11
333621,0.09
333622,0.24
333629,0.08
333651,0.08
333653,0.07
333664,0.03
333680,0.02
333687,0.35
333688,0.06
333689,0.2
333693,0.07
333695,0.07
333706,0.06
333709,0.07
333713,0.07
333734,0.03
333745,0.24
333752,0.05
333764,0.0
333780,0.01
333789,0.24
333791,0.0
333795,0.1
333799,0.22
333801,0.03
333802,0.12
333803,0.1
333810,0.06
333837,0.1
333842,0.17
333843,0.08
333845,0.03
333852,0.14
333859,0.04
333885,0.12
333896,0.24
333904,0.1
333908,0.02
333913,0.04
333927,0.0
333930,0.0
333935,0.13
333952,0.07
333953,0.17
333966,0.13
333968,0.03
333988,0.03
334013,0.03
334027,0.09
334030,0.1
334032,0.29
334033,0.03
334042,0.0
334045,0.06
334053,0.0
334055,0.01
334058,0.13
334063,0.12
334070,0.06
334074,0.04
334080,0.16
334086,0.12
334092,0.03
334099,0.03
334101,0.03
334103,0.05
334104,0.15
334109,0.19
334125,0.06
334130,0.13
334138,0.09
334161,0.0
334164,0.09
334169,0.04
334171,0.03
334185,0.04
334186,0.24
334209,0.03
334211,0.07
334230,0.02
334231,0.11
334237,0.11
334241,0.11
334244,0.46
334247,0.05
334250,0.03
334252,0.07
334273,0.09
334282,0.0
334285,0.11
334286,0.04
334292,0.03
334296,0.03
334299,0.01
334300,0.17
334305,0.02
334307,0.18
334311,0.05
334315,0.06
334343,0.07
334344,0.21
334345,0.09
334350,0.03
334353,0.02
334365,0.13
334372,0.09
334374,0.05
334375,0.25
334382,0.1
334387,0.02
334391,0.18
334397,0.15
334407,0.02
334415,0.05
334417,0.05
334419,0.08
334431,0.09
334435,0.22
334446,0.34
334447,0.08
334457,0.04
334459,0.12
334471,0.0
334474,0.02
334481,0.07
334483,0.0
334486,0.05
334490,0.24
334492,0.06
334494,0.0
334512,0.07
334522,0.06
334527,0.03
334534,0.02
334537,0.04
334539,0.14
334552,0.12
334555,0.07
334565,0.12
334580,0.02
334585,0.06
334589,0.03
334594,0.1
334600,0.04
334603,0.11
334613,0.12
334621,0.13
334628,0.04
334631,0.2
334634,0.08
334635,0.06
334659,0.03
334660,0.08
334664,0.18
334671,0.21
334693,0.06
334695,0.08
334703,0.08
334718,0.16
334728,0.2
334732,0.13
334733,0.09
334735,0.04
334748,0.13
334756,0.17
334764,0.16
334766,0.09
334787,0.07
334803,0.07
334806,0.07
334817,0.16
334825,0.03
334831,0.12
334836,0.1
334845,0.04
334857,0.02
334868,0.05
334871,0.06
334873,0.06
334881,0.19
334886,0.09
334898,0.12
334899,0.08
334901,0.21
334916,0.07
334923,0.21
334933,0.13
334938,0.26
334955,0.1
334963,0.3
334974,0.16
334986,0.02
334994,0.05
334995,0.11
335001,0.03
335005,0.06
335009,0.04
335014,0.08
335015,0.03
335017,0.18
335025,0.1
335027,0.1
335055,0.09
335058,0.02
335072,0.14
335073,0.09
335081,0.1
335091,0.03
335096,0.03
335097,0.11
335099,0.14
335113,0.01
335136,0.17
335140,0.03
335141,0.17
335143,0.41
335155,0.07
335170,0.06
335176,0.09
335181,0.15
335183,0.09
335192,0.0
335196,0.3
335198,0.02
335203,0.08
335204,0.14
335218,0.06
335222,0.03
335223,0.17
335229,0.13
335231,0.13
335236,0.13
335253,0.11
335257,0.05
335262,0.06
335263,0.06
335273,0.03
335276,0.05
335278,0.02
335295,0.09
335301,0.03
335303,0.01
335305,0.09
335310,0.16
335313,0.03
335314,0.04
335319,0.12
335321,0.19
335331,0.23
335332,0.07
335333,0.01
335337,0.16
335342,0.11
335347,0.0
335351,0.23
335356,0.04
335366,0.02
335369,0.07
335377,0.03
335388,0.16
335395,0.16
335397,0.11
335411,0.09
335419,0.07
335425,0.04
335427,0.1
335443,0.0
335446,0.01
335448,0.07
335451,0.19
335458,0.01
335459,0.02
335460,0.19
335463,0.01
335471,0.12
335477,0.09
335478,0.15
335484,0.07
335490,0.13
335495,0.16
335506,0.11
335507,0.05
335518,0.15
335533,0.0
335537,0.14
335538,0.02
335549,0.09
335553,0.22
335561,0.1
335564,0.03
335573,0.1
335577,0.0
335579,0.0
335585,0.03
335590,0.04
335594,0.01
335598,0.04
335601,0.07
335608,0.07
335616,0.14
335640,0.01
335645,0.21
335653,0.13
335683,0.06
335692,0.03
335713,0.03
335726,0.06
335727,0.23
335728,0.04
335732,0.06
335736,0.13
335747,0.01
335754,0.04
335755,0.0
335761,0.02
335775,0.09
335778,0.24
335779,0.14
335787,0.05
335805,0.1
335807,0.09
335808,0.16
335815,0.12
335818,0.05
335835,0.26
335849,0.0
335850,0.09
335851,0.09
335852,0.03
335856,0.09
335857,0.07
335863,0.04
335871,0.12
335879,0.07
335885,0.06
335887,0.22
335893,0.2
335906,0.11
335912,0.01
335921,0.04
335944,0.05
335952,0.06
335955,0.05
335956,0.06
335957,0.1
335958,0.04
335962,0.21
335963,0.02
335964,0.04
335971,0.02
335973,0.04
335975,0.08
335981,0.16
335983,0.21
336016,0.01
336038,0.17
336039,0.01
336041,0.04
336061,0.16
336063,0.12
336067,0.05
336071,0.09
336089,0.08
336095,0.11
336096,0.18
336101,0.01
336117,0.07
336118,0.04
336120,0.13
336137,0.03
336155,0.03
336156,0.37
336159,0.04
336178,0.12
336183,0.32
336194,0.05
336195,0.18
336199,0.07
336209,0.11
336213,0.01
336214,0.07
336215,0.07
336220,0.03
336253,0.12
336260,0.14
336263,0.02
336265,0.03
336273,0.18
336277,0.04
336280,0.09
336295,0.02
336308,0.09
336309,0.01
336316,0.07
336319,0.07
336321,0.0
336322,0.12
336323,0.09
336340,0.05
336344,0.13
336352,0.03
336361,0.17
336367,0.1
336382,0.07
336383,0.08
336393,0.04
336407,0.01
336413,0.07
336418,0.22
336426,0.09
336427,0.01
336436,0.08
336443,0.0
336445,0.06
336447,0.03
336451,0.15
336464,0.11
336484,0.01
336491,0.07
336492,0.0
336493,0.04
336494,0.01
336499,0.05
336524,0.07
336527,0.13
336534,0.34
336544,0.02
336553,0.22
336558,0.03
336565,0.07
336569,0.13
336580,0.07
336586,0.07
336592,0.11
336604,0.05
336610,0.03
336623,0.05
336634,0.1
336635,0.05
336641,0.23
336660,0.05
336673,0.02
336686,0.1
336693,0.05
336701,0.05
336704,0.07
336711,0.14
336715,0.12
336717,0.02
336722,0.02
336724,0.09
336741,0.16
336745,0.06
336757,0.26
336764,0.23
336767,0.1
336783,0.0
336786,0.14
336791,0.0
336792,0.27
336813,0.16
336822,0.15
336823,0.16
336832,0.02
336843,0.05
336858,0.08
336870,0.17
336876,0.15
336885,0.13
336887,0.17
336891,0.06
336903,0.11
336916,0.09
336917,0.09
336922,0.04
336925,0.02
336931,0.21
336938,0.04
336950,0.19
336955,0.02
336956,0.02
336959,0.03
336966,0.22
336971,0.12
336978,0.03
336983,0.01
336986,0.11
336996,0.16
337003,0.18
337007,0.12
337029,0.09
337034,0.05
337039,0.09
337057,0.1
337058,0.05
337062,0.26
337080,0.0
337087,0.0
337105,0.05
337108,0.03
337120,0.18
337125,0.17
337142,0.04
337159,0.16
337160,0.02
337168,0.09
337170,0.07
337171,0.06
337178,0.21
337188,0.11
337191,0.11
337200,0.16
337207,0.06
337210,0.12
337218,0.0
337221,0.09
337237,0.04
337241,0.28
337244,0.12
337273,0.03
337294,0.12
337295,0.03
337298,0.02
337310,0.04
337326,0.1
337338,0.5
337343,0.16
337360,0.04
337369,0.16
337375,0.21
337386,0.06
337388,0.31
337405,0.11
337408,0.07
337412,0.01
337416,0.06
337418,0.21
337442,0.2
337449,0.07
337457,0.01
337460,0.01
337474,0.01
337499,0.02
337506,0.01
337512,0.13
337527,0.16
337528,0.02
337530,0.1
337539,0.05
337546,0.01
337551,0.19
337569,0.06
337576,0.04
337582,0.07
337590,0.13
337599,0.1
337600,0.19
337601,0.2
337608,0.02
337614,0.19
337619,0.17
337625,0.31
337629,0.12
337635,0.05
337642,0.02
337663,0.19
337665,0.16
337668,0.03
337700,0.07
337746,0.07
337761,0.01
337779,0.12
337788,0.1
337790,0.05
337793,0.03
337802,0.12
337807,0.05
337821,0.06
337840,0.0
337846,0.14
337848,0.14
337864,0.02
337866,0.06
337868,0.0
337878,0.06
337890,0.06
337896,0.05
337901,0.06
337905,0.05
337914,0.16
337953,0.0
337969,0.03
337984,0.07
337995,0.03
338009,0.05
338018,0.06
338022,0.0
338028,0.1
338029,0.06
338044,0.05
338050,0.05
338052,0.1
338073,0.23
338076,0.03
338084,0.03
338086,0.02
338094,0.07
338097,0.08
338099,0.11
338126,0.03
338127,0.3
338137,0.24
338146,0.02
338161,0.02
338164,0.12
338174,0.05
338179,0.14
338181,0.01
338188,0.01
338189,0.09
338193,0.15
338199,0.03
338202,0.13
338204,0.07
338210,0.14
338229,0.04
338240,0.17
338250,0.02
338253,0.25
338254,0.01
338268,0.06
338290,0.1
338293,0.05
338297,0.03
338301,0.01
338306,0.04
338314,0.04
338318,0.03
338325,0.14
338340,0.15
338341,0.15
338351,0.11
338352,0.35
338368,0.11
338381,0.01
338404,0.0
338409,0.06
338417,0.09
338418,0.24
338426,0.03
338431,0.05
338435,0.02
338463,0.07
338465,0.12
338467,0.1
338479,0.29
338495,0.15
338510,0.02
338526,0.01
338528,0.06
338530,0.08
338539,0.01
338543,0.21
338554,0.03
338557,0.09
338581,0.22
338589,0.13
338595,0.32
338597,0.21
338604,0.12
338607,0.04
338613,0.06
338615,0.04
338628,0.14
338636,0.14
338642,0.02
338669,0.11
338671,0.09
338675,0.1
338676,0.31
338690,0.03
338696,0.13
338702,0.39
338703,0.04
338709,0.1
338719,0.07
338725,0.21
338727,0.05
338732,0.02
338749,0.03
338773,0.01
338774,0.07
338784,0.25
338789,0.06
338792,0.23
338804,0.13
338808,0.09
338822,0.0
338824,0.06
338833,0.16
338836,0.09
338840,0.14
338842,0.09
338843,0.04
338847,0.03
338849,0.18
338857,0.16
338860,0.2
338872,0.15
338874,0.12
338878,0.1
338895,0.04
338896,0.13
338904,0.25
338920,0.11
338931,0.06
338938,0.03
338955,0.04
338962,0.0
338969,0.25
338976,0.04
338994,0.17
339011,0.14
339014,0.03
339017,0.03
339018,0.34
339030,0.18
339038,0.01
339060,0.05
339079,0.18
339082,0.08
339099,0.02
339103,0.09
339105,0.07
339107,0.02
339121,0.17
339148,0.04
339152,0.05
339154,0.08
339170,0.22
339186,0.04
339187,0.03
339193,0.12
339196,0.14
339199,0.05
339203,0.25
339216,0.11
339228,0.07
339232,0.09
339237,0.05
339240,0.15
339242,0.03
339245,0.05
339252,0.16
339256,0.03
339258,0.16
339260,0.08
339263,0.19
339268,0.07
339269,0.16
339286,0.23
339304,0.07
339307,0.08
339317,0.09
339330,0.14
339346,0.21
339380,0.02
339381,0.1
339382,0.14
339391,0.02
339396,0.02
339406,0.04
339407,0.05
339409,0.08
339410,0.03
339425,0.1
339427,0.31
339433,0.02
339443,0.07
339449,0.01
339452,0.05
339453,0.12
339455,0.09
339457,0.06
339477,0.06
339483,0.08
339487,0.4
339490,0.0
339518,0.1
339523,0.14
339529,0.0
339541,0.11
339544,0.21
339546,0.13
339559,0.12
339563,0.04
339573,0.04
339591,0.0
339593,0.11
339599,0.07
339604,0.08
339615,0.01
339621,0.06
339625,0.14
339642,0.18
339647,0.18
339650,0.16
339656,0.01
339659,0.18
339681,0.27
339683,0.06
339684,0.09
339689,0.01
339694,0.02
339699,0.06
339718,0.11
339727,0.06
339735,0.07
339736,0.11
339745,0.03
339755,0.05
339758,0.01
339770,0.01
339772,0.13
339778,0.03
339786,0.11
339787,0.24
339788,0.09
339799,0.1
339814,0.07
339837,0.03
339842,0.08
339845,0.2
339852,0.12
339857,0.12
339864,0.13
339872,0.04
339873,0.02
339874,0.04
339875,0.07
339879,0.07
339884,0.11
339888,0.05
339891,0.12
339905,0.01
339920,0.05
339934,0.2
339938,0.04
339948,0.03
339949,0.05
339953,0.03
339954,0.24
339957,0.13
339958,0.18
339971,0.06
339975,0.05
339978,0.02
339984,0.04
339993,0.2
340009,0.28
340012,0.03
340019,0.03
340031,0.08
340041,0.23
340045,0.0
340046,0.23
340067,0.03
340079,0.01
340081,0.08
340082,0.05
340090,0.06
340091,0.09
340099,0.01
340104,0.12
340109,0.06
340123,0.25
340146,0.02
340162,0.14
340167,0.03
340181,0.01
340194,0.0
340195,0.02
340198,0.07
340202,0.41
340203,0.22
340219,0.06
340221,0.08
340224,0.09
340239,0.0
340248,0.07
340262,0.03
340264,0.05
340277,0.29
340285,0.02
340292,0.15
340356,0.17
340365,0.06
340375,0.11
340377,0.03
340378,0.07
340385,0.1
340387,0.19
340388,0.11
340405,0.04
340407,0.08
340408,0.12
340416,0.14
340420,0.03
340421,0.24
340425,0.13
340430,0.05
340448,0.3
340451,0.08
340456,0.01
340457,0.05
340459,0.06
340460,0.03
340463,0.05
340464,0.13
340486,0.13
340503,0.11
340504,0.02
340505,0.01
340507,0.08
340509,0.01
340511,0.08
340513,0.12
340516,0.32
340529,0.05
340535,0.13
340542,0.09
340545,0.19
340546,0.35
340556,0.06
340567,0.15
340576,0.06
340577,0.03
340586,0.06
340587,0.16
340594,0.05
340610,0.36
340611,0.04
340614,0.15
340625,0.06
340630,0.17
340640,0.05
340667,0.1
340674,0.04
340679,0.12
340683,0.19
340686,0.2
340698,0.04
340708,0.02
340717,0.12
340718,0.05
340720,0.04
340726,0.05
340746,0.23
340747,0.04
340768,0.12
340769,0.05
340772,0.16
340774,0.21
340778,0.03
340806,0.08
340816,0.02
340823,0.11
340826,0.08
340838,0.4
340840,0.09
340842,0.07
340844,0.09
340845,0.18
340853,0.26
340855,0.22
340857,0.02
340858,0.11
340864,0.11
340899,0.09
340901,0.06
340909,0.19
340921,0.03
340925,0.1
340953,0.07
340954,0.08
340961,0.11
340963,0.14
340975,0.08
340977,0.0
340996,0.13
341009,0.08
341013,0.08
341020,0.08
341024,0.05
341031,0.11
341038,0.22
341042,0.15
341050,0.03
341063,0.11
341066,0.03
341067,0.06
341070,0.12
341075,0.05
341089,0.03
341091,0.03
341122,0.01
341132,0.08
341135,0.07
341150,0.19
341168,0.28
341172,0.14
341182,0.07
341183,0.06
341187,0.2
341192,0.06
341194,0.07
341201,0.06
341226,0.05
341228,0.07
341231,0.05
341235,0.03
341237,0.06
341251,0.1
341278,0.04
341284,0.04
341285,0.06
341294,0.03
341296,0.13
341297,0.05
341298,0.04
341302,0.08
341304,0.2
341307,0.03
341314,0.07
341324,0.04
341332,0.27
341342,0.11
341347,0.04
341356,0.04
341358,0.19
341365,0.07
341368,0.07
341372,0.01
341374,0.11
341380,0.01
341381,0.17
341390,0.1
341398,0.17
341401,0.17
341406,0.24
341413,0.04
341419,0.13
341421,0.1
341427,0.03
341429,0.1
341434,0.15
341437,0.01
341444,0.16
341447,0.0
341452,0.04
341458,0.2
341475,0.11
341478,0.02
341495,0.02
341503,0.03
341520,0.01
341525,0.09
341544,0.06
341545,0.03
341548,0.03
341551,0.05
341552,0.12
341562,0.16
341574,0.14
341577,0.03
341585,0.1
341616,0.0
341630,0.02
341631,0.08
341640,0.25
341651,0.09
341653,0.17
341655,0.29
341659,0.03
341696,0.03
341705,0.29
341717,0.07
341720,0.17
341728,0.01
341729,0.05
341737,0.04
341758,0.0
341765,0.11
341780,0.13
341785,0.21
341787,0.14
341790,0.07
341796,0.06
341805,0.1
341811,0.13
341823,0.09
341828,0.2
341841,0.04
341865,0.09
341873,0.08
341891,0.04
341899,0.04
341906,0.02
341917,0.03
341926,0.09
341931,0.04
341934,0.01
341939,0.26
341943,0.1
341962,0.11
341967,0.19
341971,0.05
341990,0.02
341997,0.12
342001,0.05
342010,0.1
342042,0.06
342052,0.16
342084,0.09
342089,0.01
342091,0.01
342099,0.01
342109,0.05
342111,0.03
342119,0.03
342120,0.1
342125,0.02
342127,0.23
342128,0.09
342135,0.06
342136,0.08
342138,0.19
342148,0.04
342153,0.1
342154,0.06
342157,0.03
342163,0.0
342168,0.0
342173,0.23
342182,0.08
342185,0.14
342194,0.14
342198,0.02
342210,0.0
342214,0.22
342220,0.12
342222,0.11
342223,0.12
342230,0.14
342239,0.02
342247,0.05
342248,0.16
342252,0.03
342257,0.13
342271,0.22
342272,0.05
342290,0.08
342295,0.11
342297,0.04
342298,0.02
342301,0.06
342305,0.06
342308,0.01
342314,0.03
342322,0.06
342340,0.06
342350,0.12
342353,0.06
342358,0.13
342377,0.09
342378,0.08
342382,0.11
342390,0.08
342396,0.14
342439,0.21
342442,0.09
342447,0.11
342449,0.1
342450,0.1
342451,0.14
342454,0.05
342455,0.05
342467,0.02
342476,0.22
342481,0.08
342498,0.14
342503,0.06
342510,0.01
342513,0.05
342523,0.05
342527,0.24
342555,0.09
342566,0.07
342584,0.1
342593,0.01
342600,0.06
342611,0.03
342614,0.1
342637,0.08
342639,0.01
342656,0.21
342669,0.12
342684,0.1
342686,0.07
342690,0.17
342693,0.05
342701,0.33
342702,0.25
342703,0.17
342706,0.03
342711,0.01
342730,0.11
342744,0.03
342753,0.11
342769,0.05
342779,0.41
342788,0.05
342792,0.02
342794,0.15
342795,0.03
342799,0.02
342802,0.45
342803,0.06
342812,0.14
342820,0.25
342824,0.06
342835,0.1
342836,0.13
342851,0.08
342860,0.02
342862,0.16
342870,0.13
342873,0.01
342894,0.03
342916,0.0
342950,0.07
342970,0.02
342971,0.08
342980,0.0
342981,0.02
343004,0.16
343044,0.0
343045,0.19
343072,0.06
343078,0.1
343080,0.23
343085,0.05
343126,0.08
343137,0.05
343139,0.04
343144,0.11
343155,0.02
343163,0.03
343165,0.03
343190,0.06
343205,0.04
343221,0.04
343226,0.05
343233,0.03
343236,0.0
343241,0.05
343245,0.09
343256,0.24
343260,0.07
343276,0.07
343298,0.08
343299,0.06
343310,0.19
343312,0.04
343317,0.26
343319,0.05
343324,0.08
343345,0.1
343348,0.16
343354,0.09
343363,0.06
343365,0.46
343376,0.01
343380,0.14
343401,0.06
343412,0.03
343414,0.04
343415,0.16
343418,0.08
343419,0.11
343421,0.06
343423,0.04
343432,0.03
343436,0.03
343440,0.2
343458,0.03
343470,0.09
343471,0.09
343480,0.08
343484,0.02
343492,0.16
343500,0.06
343503,0.04
343522,0.07
343525,0.04
343562,0.26
343577,0.12
343580,0.17
343591,0.02
343594,0.1
343602,0.12
343611,0.03
343615,0.07
343639,0.03
343643,0.05
343645,0.02
343647,0.03
343669,0.01
343683,0.05
343702,0.31
343703,0.04
343704,0.02
343710,0.02
343724,0.19
343730,0.08
343742,0.1
343743,0.17
343745,0.13
343775,0.08
343783,0.03
343794,0.02
343795,0.0
343816,0.01
343820,0.1
343823,0.25
343836,0.07
343845,0.01
343888,0.09
343893,0.12
343898,0.08
343914,0.02
343918,0.01
343920,0.16
343928,0.03
343931,0.08
343968,0.1
343990,0.11
343991,0.02
343996,0.06
344002,0.08
344004,0.07
344008,0.2
344011,0.04
344013,0.22
344014,0.04
344015,0.14
344016,0.04
344019,0.09
344026,0.06
344027,0.01
344029,0.14
344039,0.17
344041,0.31
344042,0.06
344047,0.08
344053,0.33
344055,0.01
344060,0.03
344064,0.11
344067,0.06
344080,0.04
344083,0.09
344088,0.02
344090,0.09
344093,0.06
344099,0.02
344113,0.08
344114,0.08
344119,0.02
344121,0.15
344135,0.14
344138,0.03
344159,0.11
344172,0.04
344176,0.09
344192,0.0
344202,0.14
344219,0.13
344225,0.14
344229,0.2
344240,0.03
344241,0.06
344249,0.04
344252,0.31
344256,0.19
344260,0.09
344264,0.11
344267,0.03
344275,0.03
344283,0.05
344292,0.03
344296,0.2
344297,0.08
344299,0.05
344303,0.13
344313,0.05
344315,0.01
344317,0.08
344323,0.06
344328,0.11
344339,0.04
344343,0.1
344345,0.04
344356,0.23
344358,0.14
344359,0.14
344366,0.1
344370,0.02
344382,0.06
344383,0.05
344386,0.17
344388,0.16
344393,0.09
344395,0.09
344401,0.06
344402,0.14
344404,0.05
344422,0.04
344427,0.07
344433,0.05
344444,0.13
344454,0.04
344460,0.07
344480,0.06
344483,0.1
344488,0.05
344496,0.17
344504,0.08
344516,0.17
344524,0.11
344540,0.07
344542,0.08
344550,0.07
344558,0.17
344561,0.08
344568,0.21
344571,0.06
344621,0.09
344633,0.12
344635,0.14
344660,0.06
344662,0.11
344681,0.0
344683,0.31
344685,0.06
344716,0.32
344726,0.1
344749,0.06
344750,0.18
344752,0.04
344760,0.04
344762,0.18
344768,0.04
344770,0.17
344772,0.22
344778,0.18
344783,0.12
344793,0.03
344814,0.05
344815,0.1
344818,0.02
344819,0.05
344826,0.16
344828,0.25
344835,0.18
344864,0.12
344869,0.34
344875,0.32
344883,0.02
344885,0.09
344887,0.08
344889,0.01
344892,0.11
344895,0.05
344913,0.07
344934,0.02
344939,0.23
344947,0.21
344964,0.21
344969,0.15
344973,0.13
344977,0.06
344978,0.03
344991,0.11
345010,0.11
345011,0.11
345012,0.15
345020,0.1
345021,0.04
345042,0.05
345046,0.01
345070,0.08
345078,0.18
345085,0.22
345087,0.04
345093,0.06
345094,0.21
345097,0.06
345107,0.04
345109,0.29
345117,0.04
345118,0.08
345126,0.24
345142,0.02
345143,0.07
345149,0.06
345150,0.0
345154,0.27
345174,0.01
345184,0.22
345193,0.04
345196,0.1
345202,0.08
345207,0.12
345209,0.19
345211,0.09
345212,0.14
345213,0.07
345218,0.03
345228,0.04
345234,0.01
345251,0.03
345252,0.05
345260,0.03
345269,0.02
345275,0.03
345300,0.02
345305,0.09
345306,0.22
345310,0.11
345315,0.21
345324,0.1
345329,0.06
345359,0.11
345360,0.17
345364,0.02
345385,0.14
345387,0.03
345390,0.08
345402,0.08
345404,0.07
345405,0.09
345416,0.02
345425,0.27
345432,0.2
345437,0.23
345442,0.02
345450,0.08
345458,0.13
345467,0.13
345468,0.16
345470,0.1
345478,0.05
345479,0.08
345482,0.1
345489,0.02
345492,0.01
345499,0.11
345502,0.04
345515,0.01
345538,0.04
345542,0.13
345548,0.03
345550,0.03
345552,0.04
345557,0.0
345560,0.03
345563,0.05
345564,0.11
345580,0.01
345582,0.06
345583,0.05
345604,0.13
345622,0.03
345630,0.21
345634,0.12
345643,0.14
345646,0.04
345685,0.16
345687,0.01
345694,0.03
345717,0.06
345718,0.07
345726,0.06
345733,0.19
345738,0.07
345754,0.08
345761,0.06
345771,0.01
345778,0.03
345780,0.23
345788,0.22
345796,0.14
345800,0.19
345808,0.16
345812,0.03
345821,0.03
345822,0.09
345843,0.36
345853,0.1
345854,0.02
345857,0.01
345858,0.2
345867,0.03
345884,0.2
345892,0.07
345893,0.1
345896,0.01
345902,0.05
345906,0.1
345913,0.03
345916,0.1
345922,0.06
345923,0.27
345924,0.11
345935,0.06
345941,0.05
345948,0.24
345953,0.07
345958,0.07
345962,0.08
345966,0.19
345973,0.08
345976,0.19
345989,0.0
345999,0.0
346003,0.05
346014,0.07
346027,0.01
346036,0.34
346048,0.03
346052,0.05
346057,0.06
346058,0.2
346064,0.3
346076,0.16
346079,0.05
346081,0.09
346091,0.02
346099,0.31
346104,0.06
346111,0.05
346117,0.14
346118,0.11
346126,0.09
346135,0.13
346141,0.06
346150,0.1
346153,0.11
346155,0.1
346164,0.03
346166,0.25
346173,0.11
346179,0.02
346184,0.04
346188,0.11
346201,0.09
346207,0.1
346213,0.09
346219,0.01
346245,0.0
346271,0.12
346273,0.1
346290,0.03
346300,0.18
346314,0.06
346328,0.07
346329,0.3
346338,0.03
346340,0.05
346341,0.04
346347,0.06
346358,0.25
346362,0.07
346373,0.04
346377,0.32
346379,0.28
346384,0.27
346387,0.06
346392,0.03
346396,0.08
346402,0.11
346405,0.12
346407,0.02
346409,0.0
346414,0.15
346423,0.01
346424,0.03
346428,0.02
346443,0.1
346444,0.0
346446,0.16
346449,0.05
346456,0.0
346476,0.03
346477,0.05
346480,0.02
346492,0.11
346526,0.05
346536,0.12
346539,0.04
346543,0.21
346544,0.02
346546,0.02
346591,0.25
346598,0.05
346599,0.07
346618,0.2
346620,0.02
346623,0.1
346631,0.04
346639,0.02
346657,0.02
346661,0.12
346671,0.03
346672,0.06
346694,0.08
346712,0.21
346714,0.07
346723,0.02
346727,0.22
346729,0.05
346747,0.1
346765,0.15
346775,0.11
346784,0.12
346797,0.22
346799,0.04
346802,0.03
346807,0.13
346822,0.04
346828,0.24
346836,0.08
346838,0.11
346841,0.17
346843,0.03
346848,0.14
346850,0.07
346851,0.04
346855,0.1
346856,0.06
346860,0.13
346870,0.13
346881,0.09
346884,0.04
346887,0.0
346890,0.0
346904,0.11
346912,0.03
346914,0.26
346923,0.0
346924,0.18
346926,0.08
346934,0.01
346936,0.03
346951,0.03
346952,0.15
346970,0.04
346982,0.12
346993,0.03
347013,0.06
347018,0.01
347021,0.07
347031,0.01
347033,0.25
347039,0.04
347045,0.02
347046,0.04
347058,0.01
347071,0.1
347078,0.13
347079,0.05
347097,0.07
347101,0.07
347120,0.21
347121,0.09
347133,0.06
347161,0.09
347163,0.17
347173,0.05
347175,0.03
347181,0.02
347193,0.18
347196,0.29
347204,0.19
347205,0.08
347217,0.21
347229,0.01
347255,0.03
347261,0.01
347266,0.09
347283,0.02
347286,0.04
347302,0.0
347304,0.14
347321,0.05
347323,0.01
347331,0.21
347340,0.12
347350,0.03
347374,0.17
347379,0.04
347404,0.16
347415,0.04
347438,0.23
347439,0.0
347443,0.15
347450,0.22
347456,0.06
347458,0.24
347463,0.03
347471,0.06
347476,0.16
347482,0.04
347483,0.02
347492,0.1
347498,0.07
347499,0.08
347501,0.11
347521,0.03
347527,0.05
347531,0.0
347540,0.16
347556,0.08
347575,0.04
347579,0.04
347581,0.07
347583,0.03
347611,0.01
347614,0.11
347621,0.01
347629,0.18
347639,0.11
347642,0.03
347650,0.17
347665,0.04
347674,0.07
347678,0.25
347689,0.2
347690,0.0
347708,0.04
347712,0.12
347722,0.08
347728,0.08
347734,0.05
347736,0.18
347747,0.04
347748,0.0
347753,0.19
347755,0.17
347756,0.1
347757,0.0
347763,0.07
347770,0.07
347771,0.11
347784,0.02
347792,0.12
347793,0.07
347801,0.02
347808,0.1
347821,0.0
347824,0.05
347829,0.07
347841,0.34
347845,0.03
347846,0.27
347853,0.17
347854,0.05
347858,0.12
347859,0.02
347864,0.04
347869,0.04
347876,0.13
347880,0.05
347884,0.02
347888,0.01
347893,0.02
347900,0.02
347902,0.12
347910,0.04
347912,0.06
347915,0.02
347916,0.05
347919,0.01
347923,0.04
347952,0.15
348002,0.23
348003,0.06
348008,0.08
348014,0.0
348027,0.15
348031,0.15
348051,0.19
348060,0.05
348064,0.06
348066,0.1
348069,0.17
348077,0.17
348081,0.03
348087,0.06
348088,0.03
348094,0.05
348100,0.16
348119,0.03
348122,0.12
348141,0.14
348145,0.02
348154,0.07
348158,0.04
348163,0.21
348176,0.04
348177,0.12
348181,0.1
348190,0.04
348195,0.22
348197,0.16
348200,0.0
348209,0.1
348216,0.0
348217,0.09
348223,0.29
348228,0.19
348230,0.06
348249,0.07
348251,0.12
348261,0.06
348264,0.04
348271,0.2
348273,0.04
348280,0.07
348283,0.18
348285,0.08
348306,0.06
348312,0.08
348327,0.01
348328,0.17
348344,0.03
348358,0.04
348361,0.03
348362,0.16
348364,0.03
348370,0.05
348380,0.11
348400,0.21
348420,0.12
348428,0.0
348430,0.09
348445,0.01
348460,0.12
348462,0.08
348465,0.03
348481,0.07
348482,0.0
348485,0.1
348491,0.13
348492,0.23
348522,0.11
348531,0.04
348536,0.11
348546,0.12
348547,0.09
348548,0.03
348551,0.01
348554,0.24
348564,0.04
348571,0.12
348577,0.08
348593,0.11
348595,0.04
348606,0.0
348621,0.09
348630,0.05
348633,0.26
348644,0.04
348646,0.0
348680,0.07
348692,0.05
348698,0.34
348703,0.12
348712,0.03
348726,0.3
348727,0.03
348731,0.04
348733,0.01
348747,0.23
348753,0.01
348756,0.14
348760,0.27
348771,0.04
348785,0.03
348789,0.1
348793,0.09
348797,0.0
348799,0.01
348811,0.05
348812,0.18
348818,0.03
348822,0.02
348833,0.19
348849,0.01
348875,0.03
348878,0.03
348879,0.03
348884,0.25
348887,0.09
348890,0.17
348901,0.09
348911,0.25
348936,0.0
348941,0.04
348949,0.07
348950,0.03
348952,0.01
348954,0.03
348971,0.16
348979,0.45
348985,0.02
348989,0.13
348999,0.13
349006,0.15
349013,0.11
349015,0.03
349024,0.1
349033,0.04
349047,0.02
349060,0.07
349065,0.04
349071,0.11
349081,0.04
349088,0.04
349093,0.02
349101,0.07
349107,0.17
349113,0.03
349123,0.05
349125,0.02
349129,0.13
349131,0.09
349132,0.01
349163,0.15
349168,0.14
349172,0.04
349187,0.08
349192,0.23
349193,0.02
349203,0.07
349227,0.07
349234,0.11
349248,0.13
349249,0.06
349254,0.07
349259,0.11
349265,0.15
349276,0.02
349281,0.08
349283,0.09
349288,0.08
349297,0.02
349299,0.06
349304,0.01
349306,0.06
349310,0.13
349314,0.01
349320,0.21
349326,0.03
349329,0.07
349337,0.03
349357,0.13
349363,0.11
349374,0.12
349375,0.16
349394,0.08
349399,0.0
349404,0.02
349419,0.13
349422,0.19
349425,0.21
349432,0.02
349433,0.15
349436,0.03
349437,0.03
349439,0.01
349484,0.05
349488,0.04
349490,0.11
349538,0.06
349541,0.03
349543,0.09
349552,0.02
349560,0.15
349565,0.13
349570,0.15
349586,0.05
349589,0.09
349592,0.06
349596,0.05
349598,0.13
349601,0.08
349608,0.31
349615,0.03
349645,0.08
349654,0.03
349671,0.11
349679,0.06
349693,0.1
349706,0.1
349707,0.05
349708,0.1
349719,0.01
349727,0.11
349730,0.07
349735,0.04
349744,0.38
349745,0.12
349760,0.16
349765,0.08
349778,0.11
349787,0.06
349802,0.18
349812,0.19
349815,0.02
349847,0.03
349854,0.09
349855,0.08
349872,0.01
349873,0.13
349874,0.03
349886,0.06
349887,0.22
349911,0.02
349916,0.0
349920,0.15
349921,0.04
349929,0.02
349931,0.0
349935,0.1
349939,0.01
349960,0.04
349967,0.14
349969,0.2
349971,0.22
349977,0.0
349979,0.0
349981,0.04
349982,0.16
349992,0.04
349994,0.08
350005,0.02
350006,0.08
350009,0.02
350017,0.02
350021,0.0
350023,0.19
350032,0.09
350033,0.14
350036,0.22
350037,0.04
350048,0.28
350052,0.03
350063,0.0
350077,0.05
350078,0.08
350086,0.22
350087,0.05
350107,0.01
350110,0.03
350114,0.33
350119,0.25
350139,0.07
350154,0.02
350174,0.2
350177,0.03
350190,0.08
350193,0.06
350203,0.04
350206,0.31
350210,0.14
350225,0.07
350242,0.16
350264,0.05
350273,0.02
350277,0.11
350283,0.1
350286,0.05
350288,0.23
350290,0.14
350293,0.05
350310,0.21
350327,0.39
350330,0.16
350334,0.05
350340,0.02
350342,0.17
350344,0.01
350370,0.0
350372,0.22
350376,0.26
350387,0.01
350389,0.05
350395,0.27
350397,0.18
350433,0.1
350436,0.22
350442,0.0
350445,0.01
350446,0.17
350457,0.11
350480,0.02
350481,0.02
350484,0.07
350494,0.12
350511,0.05
350529,0.03
350531,0.05
350535,0.03
350539,0.01
350543,0.18
350544,0.09
350550,0.06
350558,0.15
350569,0.15
350571,0.05
350577,0.09
350582,0.1
350585,0.0
350596,0.05
350598,0.16
350599,0.11
350602,0.09
350612,0.12
350621,0.13
350626,0.04
350628,0.03
350638,0.14
350646,0.38
350652,0.04
350665,0.04
350671,0.08
350677,0.01
350694,0.09
350697,0.15
350699,0.11
350703,0.16
350705,0.33
350708,0.02
350724,0.09
350731,0.08
350740,0.09
350745,0.0
350749,0.07
350754,0.13
350757,0.01
350764,0.06
350766,0.14
350779,0.02
350794,0.23
350805,0.07
350810,0.06
350817,0.04
350825,0.08
350829,0.05
350832,0.05
350841,0.05
350855,0.09
350862,0.04
350867,0.05
350871,0.18
350874,0.11
350891,0.05
350895,0.03
350898,0.11
350899,0.01
350902,0.05
350913,0.05
350916,0.02
350933,0.04
350944,0.12
350954,0.11
350959,0.02
350965,0.1
350969,0.02
350984,0.03
350997,0.07
350999,0.17
351002,0.19
351008,0.02
351014,0.05
351025,0.1
351026,0.01
351046,0.26
351048,0.03
351070,0.13
351073,0.01
351079,0.06
351085,0.51
351091,0.08
351094,0.07
351115,0.01
351117,0.04
351126,0.01
351142,0.01
351151,0.1
351171,0.01
351178,0.19
351186,0.05
351194,0.21
351201,0.02
351223,0.23
351225,0.21
351226,0.15
351227,0.05
351240,0.13
351243,0.05
351244,0.13
351245,0.03
351248,0.07
351252,0.05
351259,0.27
351265,0.06
351291,0.08
351292,0.07
351294,0.1
351298,0.04
351303,0.13
351311,0.05
351326,0.02
351331,0.09
351338,0.12
351339,0.16
351364,0.14
351380,0.15
351383,0.16
351385,0.01
351386,0.04
351389,0.08
351392,0.08
351393,0.08
351407,0.26
351419,0.01
351422,0.04
351423,0.06
351430,0.1
351446,0.0
351454,0.02
351458,0.12
351461,0.04
351489,0.03
351495,0.02
351520,0.07
351526,0.15
351535,0.02
351541,0.0
351567,0.01
351580,0.01
351581,0.21
351584,0.07
351587,0.04
351589,0.06
351593,0.2
351616,0.09
351619,0.04
351625,0.03
351626,0.1
351635,0.06
351641,0.01
351655,0.04
351658,0.09
351669,0.26
351670,0.07
351671,0.03
351680,0.05
351687,0.03
351699,0.06
351722,0.1
351725,0.14
351740,0.05
351747,0.1
351758,0.05
351771,0.0
351780,0.08
351786,0.07
351789,0.11
351796,0.14
351801,0.03
351814,0.0
351817,0.16
351819,0.07
351825,0.21
351830,0.29
351831,0.03
351834,0.02
351836,0.15
351837,0.05
351838,0.08
351839,0.19
351846,0.19
351863,0.09
351864,0.13
351880,0.14
351887,0.07
351891,0.11
351892,0.1
351898,0.49
351907,0.07
351916,0.05
351936,0.03
351937,0.07
351945,0.03
351957,0.04
351958,0.04
351962,0.11
351967,0.1
351970,0.11
351973,0.11
351978,0.01
351984,0.01
351989,0.11
351992,0.11
352015,0.1
352036,0.04
352043,0.15
352049,0.07
352053,0.24
352056,0.09
352058,0.08
352064,0.04
352065,0.01
352075,0.06
352092,0.01
352096,0.01
352097,0.01
352102,0.1
352103,0.04
352117,0.23
352119,0.02
352139,0.13
352145,0.01
352158,0.06
352198,0.07
352199,0.08
352200,0.2
352205,0.05
352241,0.01
352244,0.09
352258,0.04
352260,0.0
352266,0.04
352273,0.22
352283,0.06
352303,0.01
352304,0.08
352351,0.03
352353,0.08
352379,0.03
352389,0.09
352390,0.04
352391,0.09
352403,0.09
352407,0.01
352409,0.28
352421,0.04
352425,0.12
352447,0.07
352450,0.1
352451,0.21
352457,0.03
352468,0.19
352482,0.03
352495,0.08
352501,0.1
352506,0.33
352508,0.18
352522,0.09
352528,0.1
352539,0.1
352540,0.02
352551,0.16
352560,0.11
352561,0.13
352565,0.02
352566,0.2
352584,0.16
352592,0.07
352626,0.04
352650,0.09
352655,0.11
352668,0.36
352670,0.02
352685,0.18
352690,0.03
352692,0.02
352694,0.06
352700,0.14
352701,0.09
352708,0.16
352711,0.14
352734,0.08
352738,0.07
352742,0.02
352745,0.04
352746,0.11
352751,0.12
352762,0.18
352767,0.06
352768,0.09
352785,0.0
352788,0.07
352795,0.12
352814,0.13
352825,0.01
352827,0.24
352828,0.03
352830,0.16
352850,0.01
352890,0.0
352901,0.09
352907,0.05
352909,0.06
352913,0.01
352925,0.03
352927,0.05
352928,0.09
352938,0.12
352942,0.0
352943,0.22
352952,0.04
352958,0.04
352962,0.06
352967,0.06
352972,0.05
352988,0.03
352991,0.15
353002,0.04
353008,0.08
353011,0.02
353014,0.13
353018,0.03
353023,0.04
353029,0.05
353031,0.03
353035,0.21
353037,0.15
353042,0.04
353054,0.08
353078,0.02
353122,0.09
353123,0.07
353140,0.03
353145,0.09
353167,0.13
353177,0.19
353179,0.29
353185,0.03
353194,0.08
353195,0.12
353208,0.18
353210,0.06
353214,0.17
353215,0.42
353240,0.1
353241,0.14
353247,0.06
353259,0.13
353262,0.33
353264,0.25
353278,0.03
353279,0.24
353280,0.11
353287,0.11
353288,0.0
353290,0.04
353299,0.02
353314,0.08
353328,0.11
353340,0.03
353350,0.03
353352,0.01
353364,0.14
353371,0.01
353373,0.01
353374,0.27
353389,0.09
353395,0.14
353419,0.35
353427,0.08
353441,0.19
353454,0.09
353469,0.27
353475,0.28
353481,0.02
353483,0.19
353484,0.07
353488,0.1
353496,0.0
353504,0.05
353505,0.29
353509,0.05
353527,0.04
353574,0.09
353585,0.11
353595,0.03
353598,0.0
353602,0.14
353610,0.1
353618,0.01
353625,0.01
353626,0.12
353631,0.06
353635,0.01
353654,0.04
353682,0.04
353688,0.1
353695,0.04
353711,0.04
353724,0.04
353729,0.07
353732,0.02
353749,0.08
353750,0.04
353752,0.04
353761,0.03
353782,0.02
353784,0.16
353801,0.06
353809,0.08
353812,0.02
353814,0.05
353821,0.03
353832,0.08
353845,0.13
353860,0.19
353863,0.02
353867,0.08
353876,0.09
353905,0.01
353923,0.13
353934,0.1
353943,0.14
353945,0.13
353973,0.03
353995,0.04
354001,0.06
354003,0.14
354011,0.13
354020,0.01
354024,0.19
354027,0.07
354031,0.08
354036,0.06
354037,0.1
354039,0.01
354044,0.05
354058,0.07
354071,0.03
354080,0.22
354084,0.06
354085,0.06
354089,0.07
354099,0.19
354100,0.01
354104,0.16
354106,0.08
354107,0.13
354111,0.05
354114,0.03
354115,0.27
354122,0.12
354130,0.11
354139,0.02
354140,0.06
354145,0.04
354149,0.08
354167,0.02
354173,0.24
354176,0.11
354178,0.08
354182,0.08
354184,0.12
354186,0.11
354192,0.01
354209,0.06
354214,0.06
354218,0.11
354230,0.17
354251,0.13
354257,0.12
354264,0.25
354265,0.02
354267,0.03
354272,0.0
354273,0.23
354285,0.1
354298,0.1
354309,0.08
354312,0.25
354320,0.03
354322,0.1
354327,0.02
354333,0.07
354335,0.13
354344,0.2
354355,0.19
354358,0.02
354365,0.09
354368,0.09
354377,0.05
354386,0.02
354390,0.1
354394,0.08
354398,0.03
354402,0.08
354403,0.1
354406,0.29
354414,0.19
354421,0.09
354430,0.15
354445,0.02
354470,0.06
354479,0.01
354481,0.04
354483,0.16
354497,0.03
354511,0.06
354533,0.13
354549,0.17
354561,0.31
354570,0.0
354571,0.02
354577,0.21
354586,0.05
354598,0.06
354601,0.02
354602,0.01
354603,0.09
354606,0.07
354612,0.06
354613,0.0
354616,0.12
354624,0.06
354625,0.33
354636,0.02
354639,0.13
354640,0.14
354644,0.15
354650,0.05
354666,0.2
354673,0.09
354674,0.01
354677,0.05
354684,0.07
354694,0.09
354698,0.01
354708,0.03
354709,0.03
354720,0.06
354738,0.05
354740,0.07
354757,0.02
354768,0.02
354775,0.09
354776,0.11
354792,0.02
354803,0.15
354809,0.12
354817,0.02
354818,0.06
354830,0.04
354832,0.03
354838,0.15
354839,0.12
354851,0.07
354861,0.02
354865,0.18
354890,0.08
354893,0.07
354898,0.13
354900,0.16
354910,0.15
354913,0.03
354937,0.05
354942,0.06
354953,0.0
354956,0.07
354958,0.01
354960,0.05
354984,0.04
354993,0.09
355017,0.19
355025,0.01
355026,0.04
355041,0.2
355043,0.06
355048,0.07
355057,0.05
355071,0.17
355075,0.13
355081,0.09
355083,0.21
355090,0.02
355105,0.11
355107,0.07
355108,0.11
355109,0.2
355114,0.01
355117,0.07
355127,0.06
355148,0.0
355174,0.09
355180,0.1
355181,0.05
355184,0.24
355201,0.05
355207,0.03
355209,0.04
355217,0.08
355218,0.13
355237,0.03
355239,0.04
355241,0.09
355243,0.24
355250,0.2
355275,0.14
355282,0.16
355284,0.23
355287,0.07
355293,0.19
355296,0.0
355305,0.05
355312,0.07
355320,0.14
355327,0.03
355328,0.03
355333,0.06
355335,0.07
355336,0.1
355337,0.11
355338,0.19
355341,0.11
355355,0.09
355358,0.02
355360,0.1
355372,0.05
355382,0.06
355385,0.06
355393,0.41
355404,0.05
355408,0.07
355417,0.18
355418,0.04
355431,0.02
355434,0.07
355445,0.07
355502,0.01
355503,0.16
355511,0.1
355517,0.11
355519,0.17
355524,0.21
355536,0.17
355549,0.08
355550,0.16
355560,0.31
355569,0.06
355571,0.13
355572,0.04
355575,0.12
355578,0.16
355584,0.07
355588,0.01
355592,0.28
355604,0.08
355638,0.09
355646,0.05
355649,0.04
355656,0.04
355657,0.02
355666,0.02
355681,0.03
355697,0.04
355700,0.03
355701,0.01
355703,0.04
355704,0.22
355708,0.08
355736,0.05
355743,0.21
355769,0.0
355773,0.05
355781,0.14
355785,0.13
355786,0.21
355798,0.06
355817,0.14
355819,0.11
355826,0.05
355842,0.31
355846,0.11
355855,0.07
355870,0.03
355873,0.01
355874,0.41
355876,0.22
355877,0.05
355880,0.04
355920,0.12
355922,0.05
355930,0.04
355935,0.11
355942,0.18
355963,0.07
355971,0.07
355973,0.1
355980,0.06
355981,0.01
355984,0.11
355987,0.21
355996,0.12
355997,0.14
356013,0.09
356016,0.06
356025,0.1
356027,0.04
356035,0.08
356036,0.17
356038,0.05
356041,0.0
356057,0.03
356063,0.03
356077,0.01
356080,0.06
356086,0.02
356102,0.02
356106,0.07
356118,0.08
356140,0.02
356150,0.33
356153,0.06
356159,0.16
356163,0.13
356164,0.05
356168,0.13
356169,0.03
356170,0.06
356199,0.1
356211,0.0
356220,0.1
356246,0.03
356249,0.04
356255,0.24
356258,0.06
356262,0.12
356273,0.03
356279,0.17
356281,0.05
356308,0.11
356324,0.16
356327,0.07
356328,0.01
356331,0.06
356336,0.06
356345,0.03
356382,0.2
356395,0.13
356399,0.23
356400,0.07
356413,0.1
356414,0.16
356418,0.02
356427,0.0
356433,0.01
356439,0.01
356444,0.12
356475,0.1
356480,0.09
356482,0.12
356497,0.03
356512,0.07
356517,0.3
356536,0.09
356539,0.05
356551,0.01
356556,0.08
356558,0.2
356559,0.12
356563,0.11
356578,0.08
356583,0.09
356584,0.32
356592,0.12
356594,0.02
356596,0.02
356597,0.02
356598,0.17
356602,0.01
356609,0.14
356624,0.08
356626,0.06
356627,0.17
356641,0.22
356648,0.09
356649,0.18
356650,0.03
356651,0.06
356659,0.05
356676,0.12
356687,0.1
356689,0.13
356698,0.02
356726,0.06
356732,0.07
356741,0.15
356742,0.03
356746,0.08
356750,0.05
356754,0.05
356760,0.04
356762,0.18
356763,0.19
356777,0.19
356784,0.17
356795,0.24
356801,0.04
356802,0.02
356808,0.0
356813,0.17
356816,0.08
356818,0.34
356825,0.24
356828,0.12
356836,0.04
356854,0.03
356857,0.03
356865,0.1
356873,0.01
356879,0.19
356880,0.02
356885,0.11
356889,0.02
356903,0.02
356905,0.04
356913,0.04
356916,0.07
356939,0.02
356944,0.05
356952,0.14
356958,0.01
356963,0.01
356967,0.06
356970,0.08
356977,0.04
356980,0.02
356981,0.08
356983,0.06
356998,0.35
357005,0.04
357022,0.11
357032,0.1
357033,0.2
357035,0.22
357047,0.22
357054,0.04
357057,0.07
357069,0.05
357096,0.3
357102,0.2
357118,0.12
357124,0.02
357137,0.03
357138,0.13
357149,0.05
357151,0.17
357157,0.04
357158,0.06
357162,0.0
357163,0.06
357171,0.02
357175,0.05
357192,0.02
357200,0.04
357204,0.03
357206,0.3
357215,0.12
357221,0.02
357228,0.01
357247,0.07
357249,0.06
357268,0.03
357270,0.01
357279,0.08
357287,0.11
357293,0.05
357306,0.0
357308,0.15
357321,0.02
357326,0.11
357340,0.0
357342,0.13
357352,0.14
357361,0.03
357368,0.03
357370,0.11
357377,0.07
357382,0.01
357383,0.05
357384,0.09
357398,0.01
357415,0.04
357420,0.09
357439,0.03
357440,0.03
357458,0.03
357464,0.08
357467,0.06
357469,0.16
357472,0.06
357489,0.01
357504,0.18
357522,0.27
357527,0.13
357547,0.12
357550,0.06
357558,0.03
357559,0.29
357562,0.11
357572,0.1
357583,0.22
357585,0.37
357598,0.01
357607,0.13
357613,0.04
357627,0.07
357630,0.17
357631,0.38
357680,0.0
357694,0.14
357698,0.07
357699,0.1
357707,0.05
357732,0.01
357748,0.11
357755,0.18
357767,0.03
357786,0.06
357791,0.12
357799,0.05
357824,0.02
357830,0.03
357832,0.16
357840,0.19
357863,0.22
357865,0.17
357868,0.06
357869,0.1
357878,0.07
357886,0.17
357891,0.11
357897,0.03
357915,0.21
357927,0.1
357947,0.03
357958,0.04
357959,0.05
357976,0.08
357992,0.13
357995,0.03
357996,0.01
358020,0.15
358022,0.21
358023,0.12
358029,0.07
358040,0.14
358059,0.03
358071,0.07
358076,0.04
358095,0.02
358096,0.06
358104,0.07
358110,0.05
358122,0.31
358137,0.02
358147,0.19
358149,0.09
358155,0.13
358161,0.11
358163,0.08
358172,0.21
358178,0.18
358183,0.06
358186,0.02
358189,0.06
358198,0.02
358211,0.2
358219,0.05
358220,0.19
358225,0.11
358231,0.01
358233,0.06
358247,0.1
358258,0.07
358264,0.21
358271,0.16
358273,0.05
358275,0.03
358278,0.06
358287,0.15
358309,0.1
358327,0.16
358342,0.02
358348,0.05
358352,0.02
358373,0.2
358384,0.08
358394,0.07
358405,0.3
358409,0.08
358412,0.29
358424,0.16
358427,0.07
358434,0.11
358444,0.09
358448,0.07
358449,0.07
358458,0.12
358472,0.16
358483,0.14
358490,0.19
358503,0.05
358504,0.14
358505,0.03
358512,0.12
358513,0.04
358528,0.07
358532,0.1
358536,0.03
358538,0.06
358559,0.04
358590,0.15
358601,0.24
358627,0.04
358631,0.04
358632,0.1
358640,0.04
358649,0.1
358650,0.01
358653,0.01
358676,0.03
358679,0.06
358695,0.12
358703,0.05
358705,0.0
358710,0.03
358730,0.02
358731,0.04
358735,0.1
358744,0.21
358748,0.23
358750,0.01
358752,0.04
358764,0.13
358777,0.03
358786,0.23
358789,0.11
358805,0.04
358809,0.04
358810,0.03
358824,0.14
358829,0.23
358838,0.04
358840,0.06
358841,0.15
358854,0.12
358873,0.23
358879,0.07
358884,0.1
358885,0.03
358886,0.06
358892,0.01
358895,0.06
358906,0.11
358910,0.0
358911,0.01
358924,0.13
358929,0.11
358937,0.19
358949,0.19
358955,0.05
358956,0.43
358959,0.21
358960,0.05
358969,0.02
358983,0.03
358990,0.19
358992,0.08
358994,0.14
359004,0.04
359015,0.13
359023,0.05
359030,0.01
359032,0.05
359038,0.05
359044,0.1
359049,0.09
359050,0.03
359064,0.03
359095,0.03
359100,0.28
359105,0.07
359116,0.03
359134,0.13
359136,0.17
359143,0.04
359147,0.04
359175,0.05
359182,0.04
359188,0.02
359196,0.01
359198,0.04
359202,0.03
359212,0.17
359229,0.07
359232,0.04
359247,0.01
359258,0.1
359260,0.18
359261,0.14
359262,0.29
359268,0.08
359285,0.08
359293,0.01
359294,0.07
359297,0.16
359299,0.02
359311,0.02
359319,0.09
359320,0.09
359322,0.27
359353,0.07
359355,0.12
359360,0.15
359367,0.1
359369,0.03
359372,0.01
359377,0.13
359381,0.03
359382,0.05
359387,0.03
359389,0.03
359392,0.05
359437,0.15
359438,0.02
359440,0.08
359442,0.1
359455,0.03
359474,0.04
359475,0.04
359480,0.33
359485,0.2
359493,0.0
359497,0.07
359505,0.02
359506,0.09
359516,0.09
359518,0.04
359523,0.04
359547,0.23
359548,0.05
359556,0.04
359577,0.15
359580,0.17
359588,0.06
359590,0.04
359592,0.02
359599,0.02
359609,0.18
359611,0.04
359619,0.05
359623,0.26
359654,0.04
359666,0.25
359669,0.04
359672,0.05
359673,0.23
359677,0.04
359685,0.17
359690,0.27
359697,0.05
359702,0.04
359707,0.12
359711,0.05
359719,0.09
359722,0.17
359726,0.1
359730,0.13
359731,0.13
359741,0.09
359743,0.16
359748,0.04
359753,0.0
359758,0.37
359773,0.01
359780,0.01
359785,0.03
359800,0.05
359806,0.05
359809,0.06
359822,0.08
359828,0.15
359847,0.11
359855,0.13
359858,0.03
359864,0.02
359884,0.02
359886,0.04
359898,0.2
359908,0.18
359921,0.36
359945,0.03
359958,0.02
359964,0.08
359980,0.01
359992,0.1
359994,0.2
360001,0.14
360004,0.04
360009,0.15
360020,0.06
360049,0.29
360058,0.02
360063,0.12
360064,0.02
360074,0.04
360095,0.02
360098,0.03
360099,0.05
360100,0.02
360103,0.05
360106,0.07
360107,0.06
360124,0.09
360126,0.01
360138,0.08
360140,0.17
360141,0.03
360149,0.07
360152,0.15
360165,0.17
360171,0.02
360176,0.13
360183,0.04
360186,0.02
360189,0.2
360191,0.06
360199,0.31
360204,0.09
360205,0.07
360217,0.06
360225,0.13
360231,0.06
360238,0.03
360248,0.23
360249,0.06
360254,0.07
360256,0.08
360257,0.08
360258,0.06
360277,0.05
360279,0.06
360280,0.14
360281,0.2
360283,0.12
360290,0.11
360312,0.01
360316,0.0
360320,0.03
360324,0.08
360333,0.05
360339,0.03
360347,0.03
360359,0.09
360360,0.2
360367,0.18
360372,0.03
360382,0.09
360386,0.08
360400,0.04
360411,0.21
360412,0.05
360415,0.07
360419,0.14
360421,0.1
360427,0.05
360429,0.24
360438,0.08
360439,0.02
360445,0.32
360454,0.22
360458,0.07
360467,0.03
360469,0.16
360471,0.05
360472,0.0
360475,0.11
360478,0.15
360479,0.08
360480,0.16
360484,0.15
360496,0.03
360504,0.04
360517,0.06
360518,0.11
360526,0.04
360530,0.03
360535,0.16
360538,0.17
360539,0.16
360545,0.05
360569,0.06
360579,0.19
360580,0.07
360611,0.07
360612,0.01
360626,0.07
360628,0.04
360631,0.08
360633,0.15
360640,0.1
360643,0.23
360645,0.06
360663,0.02
360666,0.06
360678,0.07
360683,0.01
360707,0.16
360715,0.21
360723,0.1
360727,0.06
360733,0.13
360746,0.0
360759,0.1
360767,0.01
360769,0.05
360770,0.08
360779,0.02
360791,0.04
360792,0.01
360801,0.21
360812,0.13
360814,0.04
360828,0.05
360830,0.18
360837,0.07
360838,0.15
360844,0.15
360860,0.05
360864,0.12
360871,0.21
360872,0.1
360877,0.08
360880,0.04
360881,0.01
360882,0.11
360884,0.02
360885,0.06
360889,0.13
360893,0.23
360898,0.08
360933,0.26
360941,0.07
360942,0.13
360943,0.03
360960,0.0
360973,0.08
360979,0.11
360987,0.03
360988,0.03
360999,0.07
361001,0.09
361005,0.14
361007,0.07
361024,0.01
361028,0.07
361051,0.0
361072,0.06
361086,0.04
361093,0.21
361098,0.01
361124,0.04
361130,0.02
361132,0.04
361133,0.0
361135,0.23
361148,0.17
361150,0.02
361152,0.03
361154,0.04
361158,0.04
361171,0.12
361175,0.16
361177,0.05
361195,0.04
361200,0.04
361203,0.11
361205,0.07
361214,0.2
361217,0.04
361226,0.04
361232,0.07
361236,0.08
361249,0.06
361251,0.21
361252,0.07
361284,0.05
361289,0.13
361297,0.01
361304,0.13
361311,0.08
361334,0.23
361339,0.04
361340,0.24
361348,0.24
361352,0.06
361354,0.06
361355,0.11
361370,0.18
361390,0.06
361392,0.1
361397,0.1
361402,0.12
361405,0.09
361406,0.03
361426,0.03
361431,0.11
361440,0.02
361451,0.27
361469,0.16
361473,0.07
361497,0.05
361511,0.01
361515,0.01
361525,0.2
361540,0.22
361557,0.14
361560,0.09
361565,0.09
361569,0.01
361570,0.02
361578,0.01
361580,0.16
361585,0.04
361589,0.03
361591,0.06
361599,0.02
361603,0.16
361605,0.05
361606,0.22
361615,0.16
361622,0.05
361627,0.14
361632,0.15
361636,0.01
361637,0.1
361638,0.02
361639,0.06
361651,0.09
361662,0.1
361684,0.22
361693,0.17
361697,0.09
361710,0.04
361713,0.1
361729,0.07
361785,0.02
361796,0.09
361805,0.05
361811,0.04
361812,0.13
361819,0.09
361828,0.02
361833,0.02
361836,0.06
361839,0.13
361855,0.03
361866,0.03
361870,0.1
361873,0.1
361885,0.18
361896,0.02
361913,0.1
361919,0.18
361932,0.17
361933,0.05
361935,0.06
361939,0.14
361946,0.01
361947,0.0
361949,0.05
361951,0.16
361962,0.12
361972,0.06
361975,0.12
361989,0.02
362004,0.22
362012,0.01
362014,0.21
362016,0.1
362028,0.05
362033,0.04
362034,0.08
362038,0.05
362052,0.09
362061,0.0
362063,0.04
362070,0.12
362072,0.03
362075,0.09
362079,0.09
362086,0.05
362091,0.16
362094,0.02
362101,0.01
362112,0.06
362115,0.16
362117,0.07
362121,0.23
362128,0.2
362130,0.05
362135,0.1
362142,0.02
362146,0.11
362149,0.04
362157,0.16
362165,0.01
362166,0.14
362167,0.04
362173,0.06
362187,0.09
362197,0.12
362206,0.04
362207,0.01
362210,0.04
362216,0.04
362219,0.21
362221,0.21
362224,0.05
362228,0.13
362236,0.1
362242,0.13
362251,0.07
362252,0.05
362257,0.1
362284,0.05
362286,0.06
362298,0.05
362300,0.07
362306,0.04
362308,0.18
362315,0.07
362318,0.07
362322,0.11
362332,0.19
362338,0.13
362341,0.24
362347,0.15
362348,0.08
362361,0.13
362365,0.09
362369,0.18
362373,0.02
362376,0.2
362384,0.12
362386,0.01
362387,0.08
362389,0.16
362393,0.04
362412,0.01
362420,0.07
362426,0.09
362432,0.06
362445,0.16
362450,0.07
362452,0.13
362465,0.2
362468,0.15
362474,0.03
362484,0.07
362487,0.03
362512,0.18
362530,0.0
362531,0.08
362552,0.03
362555,0.07
362556,0.0
362563,0.08
362572,0.01
362579,0.05
362580,0.17
362597,0.22
362635,0.0
362637,0.1
362641,0.04
362652,0.16
362657,0.05
362660,0.03
362661,0.17
362671,0.05
362675,0.08
362680,0.1
362682,0.03
362685,0.11
362697,0.11
362700,0.22
362702,0.0
362705,0.19
362707,0.22
362710,0.05
362711,0.11
362718,0.17
362723,0.06
362730,0.04
362742,0.27
362781,0.03
362789,0.2
362790,0.0
362795,0.03
362799,0.06
362800,0.04
362803,0.13
362808,0.13
362814,0.07
362820,0.01
362826,0.05
362831,0.01
362833,0.05
362839,0.08
362852,0.09
362872,0.05
362882,0.13
362885,0.33
362889,0.04
362890,0.12
362891,0.17
362900,0.04
362907,0.08
362908,0.04
362953,0.11
362967,0.14
362982,0.02
363015,0.06
363027,0.09
363035,0.11
363039,0.15
363045,0.16
363048,0.2
363057,0.26
363059,0.09
363063,0.06
363080,0.04
363082,0.14
363090,0.32
363094,0.07
363106,0.22
363114,0.11
363118,0.17
363121,0.1
363128,0.09
363136,0.0
363141,0.12
363142,0.14
363147,0.01
363151,0.03
363153,0.11
363158,0.04
363171,0.03
363174,0.08
363180,0.04
363187,0.07
363191,0.03
363192,0.09
363196,0.03
363199,0.22
363209,0.05
363210,0.1
363212,0.06
363227,0.07
363231,0.13
363232,0.02
363243,0.04
363253,0.06
363285,0.04
363299,0.07
363310,0.12
363311,0.04
363316,0.12
363322,0.26
363329,0.03
363331,0.09
363334,0.05
363339,0.05
363340,0.36
363341,0.09
363343,0.28
363347,0.04
363350,0.04
363377,0.04
363379,0.06
363382,0.1
363386,0.16
363387,0.03
363388,0.03
363391,0.06
363394,0.14
363397,0.13
363405,0.05
363422,0.0
363427,0.04
363455,0.1
363467,0.14
363493,0.03
363508,0.06
363514,0.24
363525,0.18
363530,0.18
363531,0.02
363538,0.06
363539,0.02
363542,0.06
363543,0.05
363551,0.32
363568,0.04
363576,0.09
363580,0.15
363582,0.0
363598,0.18
363601,0.0
363611,0.08
363612,0.05
363618,0.1
363623,0.04
363624,0.07
363642,0.0
363645,0.15
363651,0.25
363657,0.03
363663,0.1
363667,0.05
363687,0.15
363704,0.01
363705,0.15
363717,0.03
363725,0.01
363728,0.05
363733,0.06
363744,0.12
363745,0.08
363756,0.14
363759,0.18
363760,0.26
363762,0.11
363768,0.07
363777,0.1
363782,0.02
363785,0.01
363797,0.24
363815,0.01
363822,0.04
363834,0.11
363842,0.12
363845,0.36
363846,0.02
363849,0.04
363850,0.0
363853,0.02
363859,0.03
363860,0.06
363877,0.03
363881,0.08
363893,0.01
363902,0.23
363903,0.08
363916,0.05
363924,0.2
363940,0.16
363944,0.04
363955,0.07
363960,0.1
363984,0.04
363990,0.19
364009,0.14
364014,0.13
364035,0.12
364043,0.06
364065,0.04
364067,0.14
364068,0.2
364072,0.17
364079,0.08
364094,0.05
364096,0.05
364105,0.18
364109,0.02
364122,0.19
364141,0.18
364146,0.18
364147,0.12
364151,0.07
364152,0.04
364156,0.13
364160,0.03
364171,0.05
364183,0.05
364199,0.2
364206,0.02
364220,0.11
364222,0.05
364224,0.02
364232,0.02
364248,0.14
364251,0.0
364274,0.14
364286,0.11
364289,0.0
364290,0.09
364291,0.08
364292,0.0
364308,0.05
364310,0.12
364311,0.09
364312,0.33
364314,0.16
364337,0.08
364339,0.09
364357,0.41
364359,0.04
364371,0.03
364374,0.24
364378,0.14
364382,0.12
364397,0.02
364401,0.1
364403,0.06
364411,0.16
364413,0.14
364414,0.07
364415,0.11
364418,0.05
364428,0.07
364430,0.05
364436,0.22
364451,0.07
364457,0.03
364461,0.12
364471,0.11
364472,0.09
364481,0.31
364482,0.02
364484,0.25
364492,0.09
364494,0.12
364507,0.04
364508,0.05
364537,0.13
364538,0.1
364539,0.22
364547,0.3
364561,0.2
364586,0.31
364603,0.07
364622,0.01
364660,0.03
364662,0.03
364669,0.31
364698,0.09
364699,0.05
364700,0.05
364702,0.07
364710,0.2
364714,0.01
364731,0.2
364738,0.05
364739,0.0
364743,0.05
364762,0.15
364767,0.13
364775,0.02
364781,0.06
364783,0.1
364796,0.11
364810,0.01
364815,0.1
364823,0.0
364826,0.11
364837,0.05
364839,0.17
364844,0.08
364851,0.18
364853,0.06
364854,0.1
364858,0.02
364872,0.09
364875,0.04
364877,0.02
364878,0.08
364884,0.01
364907,0.14
364911,0.18
364916,0.23
364920,0.04
364927,0.06
364944,0.21
364948,0.3
364950,0.05
364953,0.01
364955,0.15
364959,0.05
364966,0.06
364971,0.02
364979,0.14
364980,0.07
364982,0.19
364984,0.04
364993,0.04
365001,0.0
365030,0.07
365035,0.09
365044,0.02
365046,0.01
365050,0.04
365051,0.19
365054,0.02
365055,0.1
365064,0.09
365069,0.11
365092,0.0
365102,0.08
365109,0.04
365110,0.08
365117,0.03
365120,0.12
365128,0.07
365131,0.17
365136,0.09
365151,0.12
365153,0.16
365154,0.01
365160,0.0
365166,0.11
365171,0.03
365181,0.06
365194,0.04
365210,0.05
365221,0.16
365234,0.06
365252,0.09
365254,0.32
365264,0.06
365276,0.01
365282,0.08
365284,0.11
365290,0.05
365317,0.06
365329,0.11
365353,0.05
365356,0.08
365358,0.02
365374,0.18
365392,0.03
365396,0.01
365408,0.09
365412,0.04
365429,0.16
365431,0.11
365435,0.08
365439,0.15
365473,0.2
365476,0.08
365486,0.13
365497,0.03
365518,0.21
365519,0.03
365520,0.06
365523,0.01
365531,0.07
365532,0.09
365534,0.03
365544,0.23
365552,0.08
365564,0.03
365569,0.03
365570,0.08
365575,0.27
365576,0.09
365585,0.18
365595,0.0
365612,0.08
365613,0.18
365624,0.05
365631,0.02
365634,0.08
365643,0.08
365644,0.16
365663,0.12
365666,0.12
365672,0.02
365676,0.35
365680,0.03
365696,0.11
365699,0.08
365706,0.01
365707,0.03
365711,0.06
365716,0.03
365717,0.04
365718,0.01
365757,0.07
365770,0.17
365776,0.08
365781,0.12
365784,0.07
365787,0.06
365805,0.04
365820,0.02
365831,0.14
365836,0.33
365837,0.19
365859,0.37
365861,0.08
365863,0.01
365872,0.21
365877,0.06
365882,0.1
365893,0.14
365894,0.11
365900,0.18
365910,0.01
365913,0.05
365916,0.05
365923,0.08
365946,0.31
365948,0.11
365951,0.06
365965,0.11
365966,0.04
365975,0.03
365979,0.34
365989,0.04
365991,0.14
365992,0.0
366001,0.32
366010,0.12
366013,0.16
366028,0.08
366036,0.01
366038,0.06
366044,0.1
366048,0.09
366060,0.01
366067,0.08
366071,0.18
366078,0.05
366081,0.12
366082,0.2
366093,0.32
366099,0.05
366103,0.02
366105,0.12
366111,0.07
366112,0.13
366125,0.08
366144,0.12
366147,0.05
366149,0.38
366166,0.17
366168,0.08
366173,0.03
366178,0.02
366180,0.14
366209,0.04
366213,0.15
366214,0.22
366215,0.05
366220,0.23
366226,0.0
366230,0.19
366236,0.13
366245,0.0
366282,0.15
366286,0.04
366295,0.04
366296,0.02
366297,0.23
366300,0.02
366303,0.01
366307,0.31
366314,0.06
366320,0.17
366321,0.01
366327,0.08
366330,0.04
366332,0.18
366334,0.0
366341,0.08
366363,0.04
366367,0.23
366369,0.08
366382,0.06
366394,0.21
366396,0.0
366398,0.18
366406,0.18
366414,0.01
366417,0.09
366419,0.08
366422,0.1
366436,0.0
366442,0.25
366451,0.17
366455,0.04
366458,0.15
366460,0.02
366466,0.03
366473,0.04
366502,0.08
366505,0.33
366526,0.07
366530,0.2
366532,0.11
366539,0.06
366541,0.04
366542,0.02
366553,0.01
366571,0.15
366582,0.02
366583,0.16
366589,0.17
366595,0.23
366606,0.14
366611,0.1
366613,0.3
366615,0.2
366616,0.24
366624,0.12
366632,0.03
366649,0.01
366650,0.13
366657,0.04
366664,0.02
366666,0.04
366674,0.24
366676,0.11
366677,0.03
366688,0.0
366689,0.03
366693,0.08
366696,0.13
366698,0.07
366700,0.0
366703,0.06
366709,0.09
366711,0.12
366725,0.07
366741,0.1
366742,0.06
366747,0.03
366750,0.01
366754,0.1
366762,0.05
366774,0.12
366781,0.07
366784,0.02
366789,0.16
366790,0.09
366797,0.12
366806,0.05
366820,0.03
366845,0.25
366858,0.12
366860,0.04
366874,0.06
366876,0.1
366879,0.08
366884,0.06
366886,0.08
366905,0.09
366908,0.14
366909,0.36
366917,0.08
366921,0.06
366927,0.07
366936,0.05
366952,0.16
366962,0.13
366964,0.07
366965,0.07
366981,0.1
366988,0.13
366992,0.11
366998,0.09
366999,0.05
367017,0.02
367023,0.08
367024,0.04
367025,0.23
367037,0.16
367040,0.13
367043,0.07
367052,0.08
367056,0.03
367064,0.03
367075,0.07
367089,0.09
367098,0.08
367119,0.12
367124,0.25
367134,0.16
367136,0.06
367138,0.14
367153,0.07
367158,0.1
367169,0.04
367179,0.03
367180,0.11
367212,0.07
367216,0.25
367217,0.02
367220,0.02
367224,0.1
367241,0.05
367245,0.12
367256,0.24
367266,0.01
367283,0.1
367290,0.12
367295,0.08
367310,0.07
367315,0.22
367322,0.09
367332,0.04
367338,0.17
367347,0.13
367381,0.21
367383,0.14
367386,0.05
367392,0.0
367399,0.13
367411,0.04
367414,0.01
367436,0.07
367439,0.12
367440,0.26
367465,0.31
367466,0.19
367478,0.14
367479,0.07
367481,0.01
367505,0.22
367515,0.17
367516,0.01
367526,0.29
367527,0.09
367533,0.15
367535,0.2
367545,0.19
367546,0.02
367547,0.05
367555,0.04
367557,0.16
367558,0.14
367573,0.1
367580,0.29
367581,0.04
367582,0.23
367588,0.05
367601,0.0
367617,0.02
367624,0.12
367626,0.04
367632,0.17
367651,0.03
367663,0.04
367674,0.0
367677,0.38
367678,0.04
367691,0.03
367698,0.1
367710,0.13
367712,0.12
367727,0.15
367739,0.07
367740,0.04
367746,0.01
367759,0.0
367770,0.2
367780,0.1
367783,0.19
367787,0.12
367791,0.19
367797,0.05
367799,0.16
367811,0.02
367817,0.01
367827,0.13
367829,0.1
367830,0.07
367837,0.12
367843,0.03
367847,0.08
367849,0.14
367854,0.02
367855,0.02
367862,0.15
367863,0.04
367868,0.11
367873,0.15
367879,0.15
367889,0.24
367890,0.21
367892,0.01
367893,0.03
367895,0.02
367896,0.03
367898,0.07
367903,0.03
367906,0.04
367919,0.03
367927,0.09
367931,0.12
367935,0.15
367945,0.04
367947,0.11
367952,0.09
367958,0.06
367971,0.01
367975,0.27
367983,0.13
367994,0.07
367998,0.08
367999,0.06
368005,0.06
368029,0.02
368034,0.09
368036,0.1
368041,0.01
368064,0.04
368066,0.0
368079,0.07
368082,0.04
368090,0.12
368092,0.08
368097,0.03
368107,0.25
368127,0.26
368129,0.14
368134,0.04
368150,0.01
368166,0.27
368172,0.01
368179,0.0
368185,0.13
368193,0.18
368207,0.1
368251,0.07
368253,0.06
368256,0.15
368257,0.05
368263,0.07
368271,0.1
368273,0.01
368279,0.06
368281,0.19
368282,0.2
368288,0.09
368303,0.15
368315,0.07
368323,0.02
368324,0.06
368326,0.07
368334,0.17
368337,0.06
368351,0.16
368353,0.25
368358,0.38
368389,0.0
368392,0.23
368393,0.08
368415,0.06
368424,0.11
368436,0.0
368448,0.03
368456,0.02
368457,0.05
368465,0.12
368484,0.1
368485,0.21
368487,0.08
368489,0.07
368493,0.15
368509,0.05
368513,0.16
368523,0.15
368530,0.02
368539,0.07
368543,0.07
368544,0.11
368557,0.06
368561,0.04
368577,0.02
368579,0.01
368580,0.21
368583,0.06
368589,0.01
368594,0.04
368598,0.05
368621,0.03
368622,0.07
368627,0.04
368628,0.05
368633,0.24
368638,0.3
368645,0.15
368646,0.31
368652,0.04
368659,0.19
368672,0.22
368679,0.06
368683,0.18
368697,0.03
368702,0.18
368707,0.12
368715,0.29
368740,0.02
368754,0.03
368765,0.07
368770,0.11
368777,0.08
368780,0.19
368782,0.16
368784,0.13
368790,0.16
368792,0.08
368793,0.09
368811,0.09
368816,0.05
368819,0.14
368843,0.0
368853,0.01
368857,0.07
368858,0.25
368887,0.08
368898,0.05
368909,0.08
368919,0.01
368930,0.08
368944,0.16
368949,0.08
368953,0.06
368956,0.11
368959,0.18
368968,0.07
368971,0.01
368974,0.09
368975,0.05
368983,0.03
368991,0.1
368994,0.03
369001,0.12
369004,0.1
369016,0.0
369030,0.0
369047,0.01
369055,0.11
369067,0.09
369068,0.12
369096,0.22
369103,0.17
369105,0.18
369107,0.19
369109,0.03
369130,0.08
369133,0.04
369144,0.02
369150,0.01
369152,0.18
369156,0.27
369180,0.0
369183,0.1
369184,0.3
369186,0.14
369187,0.05
369200,0.01
369201,0.04
369220,0.06
369223,0.03
369233,0.03
369240,0.17
369254,0.07
369264,0.24
369266,0.19
369272,0.24
369283,0.0
369295,0.08
369300,0.0
369302,0.02
369305,0.04
369322,0.01
369334,0.27
369350,0.01
369355,0.07
369361,0.07
369367,0.12
369371,0.01
369373,0.23
369375,0.26
369385,0.06
369394,0.12
369398,0.02
369408,0.03
369413,0.21
369419,0.14
369424,0.11
369439,0.01
369466,0.11
369482,0.02
369494,0.02
369504,0.02
369512,0.11
369528,0.11
369531,0.01
369540,0.02
369547,0.01
369565,0.05
369569,0.24
369581,0.03
369583,0.13
369593,0.02
369601,0.07
369608,0.01
369612,0.15
369615,0.14
369621,0.07
369636,0.06
369648,0.16
369649,0.31
369651,0.0
369659,0.03
369666,0.0
369684,0.04
369686,0.22
369698,0.14
369701,0.02
369712,0.04
369717,0.0
369722,0.24
369732,0.2
369740,0.31
369751,0.06
369755,0.01
369757,0.05
369761,0.12
369767,0.19
369782,0.08
369788,0.09
369790,0.02
369791,0.02
369792,0.17
369803,0.04
369812,0.04
369813,0.25
369827,0.09
369835,0.1
369838,0.02
369839,0.06
369843,0.05
369846,0.1
369860,0.01
369870,0.13
369871,0.25
369872,0.03
369884,0.03
369893,0.1
369901,0.03
369904,0.03
369908,0.3
369910,0.04
369911,0.14
369919,0.04
369920,0.04
369921,0.02
369931,0.02
369935,0.07
369936,0.04
369948,0.09
369953,0.02
369955,0.17
369961,0.02
369964,0.05
369967,0.3
369971,0.12
369983,0.07
369993,0.05
369995,0.07
370012,0.02
370022,0.08
370023,0.05
370027,0.03
370030,0.13
370033,0.36
370037,0.18
370051,0.03
370055,0.06
370077,0.03
370088,0.02
370091,0.0
370114,0.05
370117,0.39
370120,0.15
370122,0.02
370128,0.16
370135,0.16
370144,0.08
370146,0.13
370148,0.07
370150,0.01
370155,0.04
370164,0.0
370179,0.04
370188,0.2
370190,0.03
370199,0.08
370203,0.28
370213,0.01
370216,0.01
370219,0.02
370220,0.31
370224,0.07
370230,0.05
370254,0.26
370255,0.05
370265,0.07
370273,0.01
370288,0.13
370295,0.05
370297,0.09
370319,0.04
370323,0.03
370329,0.05
370330,0.15
370333,0.08
370346,0.08
370354,0.05
370355,0.01
370358,0.18
370362,0.02
370373,0.04
370376,0.05
370379,0.02
370380,0.0
370386,0.06
370392,0.1
370411,0.01
370416,0.05
370432,0.16
370439,0.01
370440,0.03
370445,0.08
370446,0.03
370455,0.05
370473,0.01
370474,0.02
370475,0.02
370482,0.24
370489,0.17
370512,0.04
370518,0.1
370522,0.14
370533,0.0
370538,0.16
370551,0.05
370552,0.1
370556,0.05
370566,0.04
370568,0.25
370573,0.17
370575,0.06
370578,0.01
370582,0.04
370596,0.05
370597,0.05
370599,0.14
370602,0.03
370609,0.11
370632,0.1
370634,0.24
370646,0.0
370666,0.2
370670,0.03
370672,0.01
370675,0.04
370676,0.19
370682,0.04
370685,0.03
370697,0.06
370699,0.03
370701,0.12
370711,0.19
370719,0.13
370728,0.03
370731,0.26
370735,0.03
370749,0.11
370753,0.01
370757,0.07
370763,0.18
370770,0.16
370779,0.12
370794,0.06
370805,0.01
370806,0.07
370808,0.06
370814,0.02
370827,0.11
370833,0.17
370844,0.15
370845,0.04
370850,0.21
370853,0.11
370856,0.06
370858,0.07
370862,0.04
370866,0.17
370874,0.19
370876,0.03
370878,0.17
370881,0.16
370882,0.12
370884,0.11
370887,0.13
370904,0.2
370905,0.03
370913,0.03
370915,0.09
370921,0.21
370922,0.1
370932,0.31
370939,0.17
370953,0.05
370964,0.04
370968,0.22
370969,0.06
370972,0.04
370978,0.03
371000,0.13
371001,0.23
371013,0.01
371053,0.04
371059,0.08
371060,0.04
371065,0.01
371069,0.13
371073,0.21
371084,0.33
371085,0.07
371088,0.09
371099,0.05
371115,0.0
371118,0.27
371127,0.14
371132,0.07
371136,0.06
371139,0.07
371152,0.07
371161,0.04
371162,0.14
371174,0.02
371176,0.16
371182,0.0
371185,0.11
371193,0.05
371197,0.01
371198,0.03
371202,0.05
371207,0.14
371211,0.14
371242,0.03
371243,0.08
371244,0.02
371255,0.07
371258,0.04
371259,0.12
371265,0.0
371274,0.05
371275,0.25
371288,0.05
371291,0.21
371295,0.23
371314,0.04
371322,0.12
371323,0.08
371328,0.13
371332,0.01
371333,0.07
371335,0.0
371342,0.04
371350,0.02
371357,0.09
371365,0.04
371383,0.14
371384,0.11
371385,0.19
371393,0.06
371394,0.06
371397,0.06
371417,0.13
371431,0.19
371433,0.15
371437,0.03
371439,0.3
371445,0.13
371452,0.22
371457,0.05
371469,0.09
371470,0.03
371477,0.02
371500,0.2
371504,0.1
371508,0.03
371514,0.05
371518,0.22
371520,0.16
371521,0.32
371522,0.02
371525,0.03
371530,0.13
371532,0.03
371548,0.21
371561,0.05
371566,0.15
371568,0.03
371571,0.03
371573,0.01
371577,0.24
371587,0.11
371592,0.1
371593,0.38
371595,0.07
371603,0.01
371614,0.13
371616,0.01
371619,0.06
371627,0.4
371641,0.07
371657,0.03
371664,0.0
371693,0.08
371698,0.01
371700,0.01
371707,0.05
371710,0.02
371715,0.08
371722,0.03
371731,0.04
371741,0.03
371744,0.02
371753,0.0
371755,0.02
371760,0.0
371773,0.09
371797,0.01
371807,0.23
371809,0.04
371811,0.05
371815,0.03
371822,0.03
371824,0.14
371828,0.02
371835,0.01
371837,0.03
371840,0.24
371849,0.03
371857,0.04
371860,0.14
371862,0.09
371875,0.13
371896,0.09
371898,0.08
371901,0.19
371903,0.09
371908,0.01
371910,0.02
371944,0.11
371947,0.03
371955,0.08
371963,0.15
371972,0.18
371973,0.14
371978,0.06
371980,0.04
371988,0.19
372020,0.04
372043,0.31
372060,0.07
372070,0.07
372082,0.03
372085,0.22
372090,0.07
372091,0.12
372112,0.01
372115,0.04
372132,0.12
372134,0.27
372136,0.05
372142,0.04
372145,0.11
372146,0.05
372159,0.08
372172,0.02
372179,0.23
372183,0.17
372184,0.06
372192,0.0
372234,0.03
372239,0.14
372244,0.09
372268,0.33
372287,0.14
372289,0.05
372292,0.03
372301,0.0
372315,0.17
372316,0.17
372328,0.09
372337,0.03
372347,0.2
372350,0.21
372381,0.13
372382,0.09
372384,0.01
372393,0.04
372398,0.27
372399,0.14
372400,0.02
372402,0.07
372410,0.02
372415,0.01
372425,0.05
372428,0.07
372430,0.09
372431,0.06
372449,0.03
372452,0.07
372453,0.04
372460,0.18
372463,0.4
372471,0.2
372484,0.06
372486,0.05
372489,0.12
372506,0.16
372513,0.02
372527,0.24
372568,0.11
372596,0.07
372606,0.02
372617,0.04
372618,0.03
372622,0.09
372624,0.06
372633,0.05
372637,0.04
372643,0.04
372644,0.06
372656,0.14
372662,0.06
372664,0.17
372666,0.09
372672,0.22
372674,0.15
372693,0.12
372704,0.05
372719,0.1
372727,0.19
372740,0.15
372745,0.03
372753,0.1
372762,0.02
372764,0.14
372771,0.16
372772,0.05
372789,0.1
372793,0.08
372799,0.02
372806,0.31
372809,0.1
372829,0.07
372848,0.0
372850,0.04
372853,0.09
372854,0.05
372858,0.07
372861,0.01
372863,0.26
372876,0.09
372878,0.06
372893,0.09
372894,0.05
372911,0.05
372912,0.16
372924,0.09
372942,0.14
372946,0.34
372955,0.14
372956,0.08
372957,0.1
372984,0.14
372993,0.05
372995,0.19
372997,0.15
373014,0.06
373018,0.15
373022,0.18
373023,0.04
373029,0.1
373063,0.05
373071,0.05
373075,0.16
373088,0.07
373089,0.04
373098,0.08
373101,0.12
373112,0.03
373114,0.02
373118,0.05
373120,0.19
373121,0.07
373122,0.17
373138,0.11
373145,0.05
373153,0.07
373154,0.1
373155,0.09
373159,0.12
373167,0.04
373190,0.03
373195,0.2
373202,0.02
373205,0.1
373209,0.03
373215,0.09
373222,0.15
373239,0.11
373240,0.12
373247,0.12
373251,0.05
373260,0.01
373284,0.1
373286,0.01
373292,0.27
373297,0.02
373299,0.28
373305,0.09
373307,0.09
373323,0.03
373327,0.03
373328,0.02
373363,0.06
373390,0.04
373396,0.03
373407,0.04
373413,0.05
373437,0.09
373445,0.04
373448,0.04
373458,0.11
373464,0.07
373472,0.32
373474,0.1
373475,0.06
373480,0.01
373484,0.17
373491,0.14
373493,0.08
373504,0.02
373537,0.16
373542,0.06
373545,0.21
373554,0.0
373559,0.36
373560,0.14
373562,0.02
373565,0.12
373573,0.11
373577,0.13
373591,0.34
373592,0.07
373596,0.24
373598,0.22
373600,0.04
373605,0.03
373607,0.03
373616,0.01
373618,0.09
373624,0.07
373630,0.17
373631,0.13
373634,0.11
373646,0.07
373651,0.18
373669,0.08
373682,0.16
373716,0.13
373751,0.28
373756,0.33
373757,0.11
373767,0.03
373778,0.12
373780,0.0
373781,0.21
373796,0.08
373801,0.11
373805,0.05
373811,0.02
373815,0.14
373820,0.06
373833,0.04
373839,0.18
373841,0.05
373871,0.07
373875,0.06
373893,0.09
373894,0.25
373898,0.1
373899,0.56
373908,0.37
373909,0.01
373911,0.06
373918,0.09
373927,0.02
373938,0.05
373943,0.0
373946,0.16
373948,0.05
373953,0.16
373956,0.03
373984,0.04
373985,0.04
373986,0.12
374002,0.03
374014,0.07
374015,0.08
374024,0.1
374029,0.14
374034,0.02
374039,0.01
374042,0.02
374048,0.05
374051,0.05
374054,0.02
374055,0.06
374061,0.01
374075,0.11
374087,0.0
374101,0.03
374103,0.18
374114,0.25
374116,0.14
374119,0.19
374121,0.24
374133,0.02
374134,0.02
374140,0.0
374141,0.31
374145,0.18
374155,0.01
374163,0.14
374169,0.13
374173,0.02
374188,0.12
374199,0.07
374200,0.03
374207,0.07
374225,0.05
374226,0.04
374227,0.17
374249,0.15
374254,0.11
374284,0.04
374293,0.03
374296,0.05
374297,0.03
374298,0.05
374307,0.03
374320,0.16
374322,0.11
374324,0.02
374328,0.1
374334,0.1
374341,0.06
374343,0.12
374346,0.02
374359,0.32
374374,0.09
374381,0.18
374400,0.1
374405,0.04
374409,0.14
374420,0.12
374442,0.04
374443,0.2
374445,0.17
374447,0.13
374452,0.1
374458,0.0
374485,0.03
374487,0.04
374496,0.04
374503,0.05
374518,0.0
374519,0.04
374532,0.05
374534,0.0
374536,0.08
374546,0.02
374559,0.0
374568,0.1
374573,0.04
374582,0.02
374585,0.08
374598,0.04
374606,0.18
374612,0.07
374617,0.09
374619,0.02
374626,0.05
374646,0.04
374653,0.07
374656,0.07
374664,0.08
374666,0.03
374677,0.16
374679,0.07
374682,0.11
374700,0.08
374703,0.09
374705,0.07
374720,0.1
374724,0.08
374731,0.01
374732,0.04
374734,0.06
374759,0.07
374770,0.01
374774,0.01
374777,0.19
374788,0.08
374796,0.16
374799,0.16
374813,0.1
374819,0.02
374826,0.18
374827,0.1
374832,0.11
374837,0.06
374844,0.2
374848,0.14
374853,0.09
374854,0.02
374856,0.03
374864,0.11
374868,0.0
374888,0.05
374891,0.07
374892,0.03
374896,0.05
374909,0.21
374911,0.01
374912,0.24
374913,0.21
374916,0.05
374917,0.02
374923,0.05
374933,0.12
374935,0.03
374940,0.01
374941,0.04
374943,0.0
374951,0.15
374967,0.11
374970,0.08
374990,0.18
374993,0.2
374994,0.12
375015,0.05
375017,0.09
375018,0.05
375021,0.07
375023,0.2
375030,0.27
375038,0.06
375040,0.05
375041,0.18
375052,0.01
375061,0.09
375064,0.03
375076,0.16
375086,0.34
375109,0.12
375118,0.13
375133,0.04
375140,0.1
375156,0.22
375168,0.09
375170,0.11
375182,0.06
375187,0.13
375188,0.09
375197,0.06
375201,0.11
375204,0.3
375216,0.13
375225,0.02
375231,0.04
375234,0.02
375241,0.06
375242,0.16
375244,0.06
375246,0.02
375257,0.04
375290,0.03
375292,0.02
375293,0.1
375295,0.05
375296,0.04
375300,0.16
375322,0.06
375332,0.08
375338,0.04
375342,0.0
375365,0.01
375367,0.04
375384,0.13
375418,0.01
375464,0.11
375477,0.08
375485,0.09
375496,0.05
375534,0.13
375544,0.18
375556,0.15
375588,0.22
375589,0.02
375594,0.22
375629,0.2
375649,0.03
375654,0.17
375696,0.15
375758,0.01
375795,0.32
375843,0.02
375844,0.05
375853,0.14
375878,0.11
375879,0.04
375883,0.03
375887,0.14
375929,0.07
375934,0.06
375936,0.13
375937,0.05
375948,0.15
375951,0.05
375953,0.12
375964,0.14
375969,0.14
375970,0.08
375973,0.39
375976,0.13
375997,0.0
376000,0.02
376011,0.19
376019,0.03
376035,0.04
376036,0.16
376041,0.07
376042,0.03
376045,0.06
376047,0.18
376060,0.0
376061,0.11
376067,0.21
376068,0.17
376070,0.04
376074,0.03
376075,0.15
376076,0.05
376078,0.1
376080,0.04
376081,0.02
376082,0.09
376083,0.33
376084,0.09
376086,0.0
376087,0.0
376088,0.05
376089,0.12
376090,0.11
376091,0.06
376092,0.04
376093,0.09
376094,0.18
376095,0.12
376096,0.25
376097,0.05
376098,0.07
376206,0.01
376209,0.1
376225,0.04
376239,0.04
376247,0.1
376248,0.11
376252,0.06
376257,0.15
376273,0.05
376274,0.1
376275,0.01
376279,0.05
376283,0.06
376284,0.03
376288,0.05
376289,0.11
376292,0.02
376298,0.08
376301,0.1
376311,0.04
376312,0.2
376313,0.13
376316,0.06
376317,0.02
376319,0.08
376320,0.14
376321,0.04
376322,0.07
376325,0.27
376326,0.12
376328,0.03
376329,0.14
376330,0.06
376332,0.05
376334,0.0
376335,0.05
376336,0.16
376337,0.11
376338,0.15
376339,0.06
376340,0.12
376341,0.23
376343,0.01
376344,0.05
376345,0.04
376346,0.13
376347,0.21
376348,0.06
376349,0.14
376350,0.07
376351,0.17
376352,0.01
376353,0.02
376354,0.06
376355,0.07
376356,0.26
376357,0.01
376360,0.07
376445,0.08
376447,0.17
376449,0.06
376470,0.01
376483,0.11
376484,0.03
376486,0.28
376487,0.0
376488,0.09
376491,0.22
376492,0.04
376494,0.11
376495,0.18
376496,0.31
376497,0.14
376498,0.04
376502,0.19
376503,0.15
376504,0.08
376506,0.15
376509,0.04
376515,0.15
376517,0.02
376518,0.19
376519,0.17
376520,0.12
376521,0.04
376522,0.09
376523,0.03
376524,0.22
376527,0.18
376530,0.09
376531,0.14
376532,0.09
376533,0.17
376534,0.05
376535,0.04
376537,0.25
376538,0.08
376539,0.14
376546,0.16
376594,0.05
376595,0.13
376614,0.05
376616,0.07
376617,0.01
376618,0.4
376619,0.05
376620,0.04
376627,0.11
376630,0.0
376631,0.29
376632,0.02
376633,0.04
376635,0.09
376636,0.07
376637,0.05
376639,0.18
376640,0.09
376642,0.05
376643,0.13
376644,0.11
376645,0.03
376646,0.18
376648,0.08
376650,0.03
376651,0.02
376652,0.15
376732,0.11
376733,0.11
376734,0.17
376756,0.15
376804,0.04
376856,0.16
376869,0.05
376893,0.07
377045,0.06
377088,0.05
377137,0.12
377138,0.04
377159,0.04
377176,0.1
377201,0.14
377226,0.22
377335,0.05
377358,0.24
377362,0.03
377363,0.02
377389,0.1
377426,0.17
377427,0.07
377429,0.03
377441,0.3
377449,0.12
377450,0.24
377458,0.01
377472,0.28
377541,0.25
377567,0.05
377573,0.01
377605,0.1
377611,0.13
377622,0.07
377631,0.05
377657,0.02
377681,0.05
377711,0.02
377717,0.07
377720,0.26
377721,0.06
377723,0.14
377727,0.09
377729,0.04
377733,0.02
377735,0.03
377736,0.11
377737,0.07
377738,0.01
377750,0.21
377751,0.07
377753,0.0
377754,0.07
377755,0.13
377756,0.05
377757,0.35
377758,0.11
377759,0.04
377760,0.01
377761,0.33
377762,0.08
377763,0.02
377764,0.15
377765,0.29
377766,0.11
377767,0.04
377768,0.07
377771,0.07
377772,0.1
377773,0.1
377774,0.06
377775,0.13
377776,0.01
377778,0.07
377779,0.02
377780,0.02
377781,0.08
377782,0.01
377783,0.0
377784,0.01
377785,0.01
377786,0.06
377862,0.06
377871,0.04
377930,0.06
377970,0.0
377987,0.07
377988,0.11
377990,0.19
377992,0.11
377995,0.01
378005,0.01
378006,0.0
378011,0.03
378018,0.1
378019,0.04
378023,0.04
378025,0.15
378026,0.12
378027,0.03
378031,0.13
378033,0.01
378034,0.16
378035,0.03
378040,0.14
378041,0.1
378042,0.08
378043,0.09
378044,0.06
378045,0.08
378046,0.17
378047,0.02
378048,0.09
378049,0.14
378051,0.06
378052,0.07
378053,0.1
378054,0.17
378055,0.04
378056,0.04
378057,0.14
378059,0.12
378060,0.03
378061,0.29
378062,0.19
378063,0.14
378065,0.12
378066,0.04
378067,0.06
378068,0.0
378069,0.2
378070,0.1
378096,0.07
378098,0.21
378104,0.17
378105,0.02
378106,0.04
378107,0.11
378108,0.01
378109,0.1
378110,0.12
378111,0.07
378112,0.13
378113,0.07
378114,0.21
378115,0.13
378116,0.27
378117,0.06
378119,0.05
378120,0.05
378121,0.15
378122,0.24
378123,0.05
378124,0.15
378136,0.02
378181,0.02
378184,0.07
378190,0.06
378263,0.02
378300,0.13
378304,0.3
378305,0.19
378311,0.05
378313,0.09
378314,0.04
378317,0.05
378320,0.1
378322,0.09
378325,0.09
378327,0.31
378328,0.06
378329,0.1
378330,0.0
378331,0.04
378334,0.01
378335,0.03
378336,0.04
378339,0.03
378340,0.05
378341,0.06
378342,0.21
378343,0.03
378344,0.09
378345,0.14
378346,0.06
378347,0.2
378348,0.04
378349,0.27
378350,0.24
378351,0.08
378352,0.05
378353,0.03
378354,0.08
378355,0.19
378356,0.23
378427,0.03
378434,0.26
378564,0.01
378671,0.15
378689,0.04
378710,0.13
378755,0.01
378887,0.07
378907,0.11
378924,0.03
378944,0.02
378945,0.08
378991,0.23
379009,0.02
379025,0.13
379046,0.06
379047,0.15
379048,0.07
379052,0.11
379065,0.01
379066,0.07
379076,0.02
379080,0.05
379085,0.17
379086,0.01
379087,0.15
379089,0.06
379094,0.09
379095,0.14
379101,0.08
379102,0.09
379103,0.04
379105,0.16
379108,0.05
379111,0.11
379112,0.15
379113,0.34
379114,0.21
379115,0.06
379116,0.1
379117,0.04
379118,0.04
379119,0.38
379120,0.11
379121,0.0
379123,0.07
379124,0.14
379126,0.09
379127,0.01
379128,0.01
379129,0.03
379131,0.15
379132,0.18
379133,0.23
379134,0.14
379178,0.04
379266,0.11
379268,0.03
379291,0.18
379296,0.08
379301,0.15
379313,0.02
379318,0.3
379319,0.1
379329,0.15
379336,0.22
379348,0.02
379356,0.07
379357,0.11
379363,0.29
379385,0.24
379408,0.03
379432,0.03
379437,0.09
379440,0.04
379456,0.12
379457,0.12
379463,0.09
379464,0.03
379467,0.31
379469,0.05
379470,0.1
379472,0.09
379473,0.09
379474,0.07
379475,0.13
379476,0.15
379481,0.23
379482,0.06
379483,0.16
379484,0.08
379485,0.42
379486,0.03
379487,0.04
379488,0.0
379490,0.03
379491,0.21
379492,0.06
379494,0.01
379495,0.04
379496,0.03
379497,0.02
379500,0.21
379501,0.09
379502,0.14
379503,0.06
379504,0.07
379505,0.03
379506,0.02
379507,0.12
379508,0.07
379509,0.06
379510,0.05
379512,0.04
379513,0.02
379514,0.37
379515,0.02
379516,0.02
379517,0.23
379518,0.06
379520,0.11
379627,0.04
379673,0.12
379674,0.04
379720,0.15
379726,0.02
379730,0.04
379746,0.04
379775,0.14
379776,0.02
379778,0.29
379841,0.03
379921,0.04
379951,0.08
380002,0.05
380003,0.18
380005,0.07
380006,0.26
380010,0.08
380012,0.15
380014,0.21
380015,0.14
380017,0.12
380018,0.1
380019,0.03
380020,0.03
380022,0.0
380023,0.06
380025,0.13
380026,0.15
380028,0.18
380030,0.14
380031,0.03
380032,0.06
380033,0.01
380034,0.05
380035,0.01
380037,0.06
380038,0.17
380039,0.36
380040,0.18
380064,0.01
380065,0.05
380121,0.07
380122,0.14
380130,0.06
380219,0.15
380228,0.03
380229,0.06
380366,0.02
380408,0.13
380414,0.02
380487,0.04
380488,0.12
380489,0.0
380494,0.06
380543,0.04
380553,0.01
380600,0.01
380625,0.29
380635,0.04
380643,0.07
380762,0.06
380773,0.11
380781,0.15
380785,0.17
380787,0.03
380788,0.07
380789,0.04
380797,0.08
380800,0.01
380802,0.09
380805,0.05
380806,0.28
380807,0.42
380811,0.09
380812,0.07
380815,0.06
380816,0.08
380817,0.1
380819,0.1
380823,0.0
380824,0.03
380825,0.12
380826,0.15
380827,0.17
380828,0.07
380830,0.08
380831,0.19
380832,0.19
380833,0.0
380834,0.02
380836,0.2
380837,0.07
380838,0.05
380839,0.0
380840,0.19
380841,0.05
380879,0.04
380901,0.04
380928,0.23
380956,0.02
380979,0.05
381037,0.01
381047,0.06
381074,0.11
381104,0.02
381121,0.4
381130,0.2
381133,0.0
381139,0.0
381141,0.24
381142,0.01
381145,0.04
381152,0.15
381153,0.1
381154,0.34
381156,0.07
381160,0.02
381164,0.4
381168,0.02
381171,0.01
381173,0.12
381174,0.18
381176,0.03
381178,0.26
381179,0.07
381182,0.1
381185,0.05
381187,0.04
381189,0.09
381190,0.05
381191,0.1
381192,0.27
381193,0.05
381194,0.03
381195,0.21
381198,0.06
381199,0.07
381200,0.11
381201,0.1
381202,0.07
381203,0.39
381204,0.2
381205,0.14
381259,0.14
381288,0.13
381289,0.14
381335,0.01
381344,0.04
381367,0.01
381376,0.04
381381,0.15
381397,0.02
381406,0.03
381412,0.07
381421,0.16
381424,0.12
381427,0.1
381428,0.18
381429,0.13
381430,0.2
381434,0.13
381435,0.02
381436,0.06
381437,0.04
381438,0.21
381439,0.11
381444,0.04
381446,0.02
381447,0.16
381449,0.23
381450,0.04
381453,0.2
381454,0.09
381455,0.1
381456,0.24
381457,0.1
381458,0.03
381459,0.07
381460,0.0
381461,0.11
381462,0.32
381463,0.04
381464,0.22
381465,0.06
381466,0.1
381467,0.12
381468,0.15
381469,0.27
381470,0.11
381471,0.21
381472,0.0
381473,0.06
381475,0.16
381476,0.01
381477,0.04
381478,0.03
381479,0.24
381480,0.15
381481,0.02
381482,0.01
381483,0.09
381495,0.07
381545,0.02
381580,0.1
381657,0.17
381674,0.17
381691,0.06
381697,0.07
381704,0.17
381711,0.14
381721,0.13
381728,0.13
381729,0.03
381734,0.02
381735,0.03
381736,0.1
381740,0.31
381742,0.19
381743,0.27
381744,0.03
381747,0.03
381748,0.2
381749,0.07
381750,0.15
381751,0.07
381752,0.13
381753,0.17
381754,0.21
381755,0.26
381756,0.12
381757,0.01
381758,0.0
381759,0.06
381760,0.14
381761,0.27
381762,0.1
381763,0.06
381764,0.12
381765,0.18
381766,0.04
381767,0.07
381768,0.04
381769,0.12
381770,0.03
381772,0.05
381774,0.01
381777,0.1
381861,0.0
381974,0.17
381991,0.06
382024,0.03
382051,0.02
382066,0.06
382067,0.04
382068,0.14
382107,0.08
382108,0.17
382111,0.02
382113,0.08
382114,0.04
382120,0.02
382121,0.15
382122,0.11
382124,0.07
382126,0.02
382131,0.12
382132,0.1
382135,0.03
382136,0.04
382137,0.06
382138,0.05
382140,0.06
382141,0.26
382142,0.03
382143,0.12
382144,0.18
382145,0.06
382146,0.13
382147,0.28
382149,0.2
382150,0.09
382152,0.08
382153,0.14
382164,0.3
382180,0.11
382239,0.1
382275,0.06
382297,0.01
382391,0.01
382392,0.07
382396,0.2
382424,0.04
382471,0.16
382493,0.05
382496,0.07
382504,0.12
382505,0.1
382513,0.02
382517,0.26
382521,0.11
382528,0.02
382530,0.12
382544,0.04
382603,0.3
382604,0.01
382642,0.03
382666,0.07
382699,0.08
382737,0.12
382792,0.39
382796,0.03
382807,0.01
382813,0.11
382817,0.27
382818,0.05
382826,0.03
382845,0.0
382846,0.08
382850,0.35
382851,0.02
382856,0.05
382858,0.1
382859,0.16
382862,0.02
382863,0.01
382865,0.09
382866,0.18
382868,0.07
382870,0.07
382871,0.26
382872,0.25
382873,0.07
382874,0.35
382875,0.07
382876,0.18
382877,0.13
382878,0.17
382879,0.04
382880,0.0
382882,0.09
382883,0.12
382884,0.03
382885,0.04
382886,0.13
382887,0.18
382989,0.05
383009,0.03
383039,0.07
383068,0.04
383072,0.01
383093,0.04
383099,0.28
383167,0.01
383168,0.05
383170,0.13
383171,0.19
383174,0.09
383175,0.0
383176,0.02
383178,0.06
383181,0.28
383182,0.07
383184,0.02
383186,0.13
383187,0.08
383189,0.0
383190,0.04
383191,0.07
383192,0.06
383194,0.03
383195,0.13
383196,0.08
383197,0.04
383198,0.09
383199,0.06
383200,0.06
383201,0.11
383202,0.12
383203,0.05
383204,0.09
383205,0.11
383206,0.06
383207,0.04
383208,0.14
383279,0.11
383335,0.16
383384,0.07
383394,0.13
383400,0.1
383401,0.02
383409,0.1
383410,0.09
383412,0.03
383414,0.05
383419,0.05
383422,0.12
383425,0.07
383426,0.0
383427,0.04
383428,0.19
383429,0.09
383430,0.16
383431,0.05
383433,0.55
383434,0.13
383435,0.07
383436,0.09
383437,0.07
383438,0.1
383439,0.02
383440,0.04
383441,0.18
383442,0.02
383443,0.02
383444,0.07
383445,0.02
383446,0.05
383447,0.01
383448,0.06
383449,0.0
383450,0.02
383451,0.02
383452,0.04
383453,0.07
383454,0.16
383533,0.02
383583,0.22
383608,0.0
383622,0.03
383673,0.09
383804,0.05
383806,0.11
383812,0.06
383814,0.08
383816,0.17
383825,0.11
383827,0.18
383833,0.06
383841,0.06
383842,0.08
383849,0.09
383859,0.01
383883,0.06
383891,0.17
383910,0.04
383925,0.0
383943,0.22
383946,0.21
383959,0.04
383960,0.08
383961,0.03
383962,0.01
383979,0.01
383985,0.04
383990,0.03
383999,0.21
384001,0.22
384003,0.06
384008,0.08
384019,0.13
384020,0.19
384065,0.18
384102,0.13
384154,0.08
384155,0.16
384171,0.06
384177,0.07
384183,0.07
384186,0.09
384198,0.28
384199,0.0
384201,0.08
384203,0.34
384204,0.09
384205,0.1
384207,0.04
384208,0.13
384209,0.2
384210,0.11
384211,0.07
384212,0.1
384215,0.15
384216,0.16
384220,0.15
384221,0.0
384226,0.12
384273,0.01
384287,0.17
384288,0.05
384332,0.1
384365,0.01
384380,0.13
384392,0.03
384412,0.01
384424,0.17
384428,0.12
384429,0.26
384430,0.07
384434,0.05
384480,0.01
384502,0.21
384503,0.09
384504,0.14
384505,0.0
384508,0.01
384519,0.01
384520,0.24
384524,0.01
384528,0.01
384532,0.03
384539,0.05
384542,0.12
384543,0.3
384544,0.01
384546,0.11
384547,0.06
384548,0.18
384549,0.01
384552,0.28
384554,0.05
384556,0.05
384557,0.06
384558,0.1
384559,0.01
384560,0.12
384561,0.21
384562,0.1
384563,0.08
384564,0.03
384565,0.09
384656,0.07
384657,0.01
384672,0.25
384679,0.1
384680,0.07
384689,0.01
384692,0.28
384695,0.18
384710,0.34
384712,0.08
384715,0.09
384735,0.01
384749,0.11
384751,0.06
384753,0.06
384757,0.02
384759,0.07
384761,0.04
384762,0.03
384765,0.11
384775,0.26
384782,0.06
384794,0.01
384798,0.05
384805,0.02
384807,0.21
384812,0.01
384821,0.08
384834,0.1
384847,0.03
384856,0.12
384857,0.08
384858,0.06
384859,0.05
384860,0.1
384861,0.34
384862,0.04
384863,0.06
384864,0.0
384865,0.02
384866,0.15
384867,0.21
384868,0.04
384869,0.27
384870,0.04
384871,0.1
384873,0.07
384874,0.22
384876,0.13
384877,0.03
384878,0.04
384880,0.04
384881,0.02
384882,0.05
384883,0.03
384884,0.18
384885,0.06
384886,0.08
384887,0.03
384969,0.0
385023,0.03
385049,0.19
385081,0.05
385091,0.01
385092,0.02
385093,0.06
385094,0.09
385106,0.22
385107,0.34
385110,0.06
385111,0.0
385113,0.06
385114,0.01
385115,0.24
385117,0.02
385119,0.05
385120,0.2
385121,0.21
385122,0.04
385123,0.0
385125,0.23
385126,0.01
385127,0.09
385128,0.07
385129,0.18
385130,0.0
385131,0.01
385132,0.06
385133,0.24
385134,0.16
385135,0.02
385136,0.1
385137,0.12
385138,0.03
385139,0.15
385140,0.23
385141,0.12
385142,0.03
385143,0.01
385144,0.09
385145,0.27
385146,0.26
385147,0.07
385149,0.09
385151,0.03
385152,0.05
385153,0.04
385197,0.03
385230,0.09
385231,0.19
385252,0.29
385299,0.08
385351,0.1
385376,0.12
385405,0.01
385452,0.07
385479,0.08
385510,0.09
385522,0.26
385524,0.03
385544,0.07
385563,0.1
385566,0.17
385571,0.01
385585,0.01
385586,0.09
385611,0.04
385621,0.04
385623,0.09
385628,0.17
385633,0.09
385634,0.11
385643,0.08
385650,0.02
385656,0.03
385666,0.3
385693,0.26
385705,0.03
385706,0.03
385835,0.07
385847,0.04
385867,0.28
385871,0.09
385872,0.02
385879,0.01
385883,0.11
385884,0.24
385885,0.09
385889,0.06
385893,0.12
385894,0.04
385898,0.09
385899,0.05
385902,0.13
385903,0.0
385904,0.0
385905,0.06
385906,0.14
385907,0.08
385908,0.19
385909,0.11
385910,0.03
385973,0.09
386003,0.13
386013,0.0
386023,0.06
386065,0.0
386072,0.16
386077,0.15
386135,0.02
386141,0.05
386178,0.06
386198,0.12
386200,0.02
386203,0.05
386223,0.06
386225,0.0
386245,0.04
386250,0.07
386253,0.08
386254,0.12
386255,0.07
386262,0.15
386263,0.13
386264,0.03
386267,0.05
386268,0.03
386276,0.02
386279,0.18
386281,0.1
386282,0.33
386283,0.11
386284,0.08
386285,0.07
386286,0.09
386287,0.11
386288,0.24
386289,0.33
386290,0.04
386292,0.01
386293,0.09
386294,0.04
386295,0.11
386296,0.34
386297,0.01
386299,0.12
386300,0.09
386301,0.05
386302,0.02
386303,0.1
386304,0.21
386305,0.13
386307,0.05
386308,0.01
386309,0.09
386310,0.07
386311,0.06
386347,0.08
386350,0.14
386352,0.06
386365,0.04
386378,0.26
386380,0.02
386399,0.04
386458,0.05
386523,0.04
386531,0.06
386545,0.07
386546,0.1
386547,0.02
386549,0.05
386550,0.06
386551,0.06
386552,0.0
386633,0.08
386647,0.06
386665,0.05
386767,0.05
386773,0.02
386774,0.11
386775,0.14
386777,0.09
386785,0.11
386791,0.03
386792,0.01
386795,0.01
386798,0.08
386803,0.12
386805,0.22
386806,0.06
386808,0.02
386811,0.0
386813,0.08
386814,0.1
386817,0.05
386819,0.02
386820,0.1
386821,0.2
386822,0.32
386824,0.05
386825,0.1
386826,0.05
386827,0.12
386828,0.08
386830,0.01
386831,0.12
386832,0.05
386833,0.12
386834,0.24
386835,0.11
386836,0.04
386837,0.25
386838,0.02
386839,0.09
386840,0.07
386841,0.08
386843,0.08
386844,0.09
386845,0.0
386847,0.13
386848,0.05
386849,0.08
386860,0.12
386938,0.06
386940,0.1
386989,0.04
387021,0.08
387193,0.13
387194,0.08
387286,0.05
387291,0.06
387292,0.05
387324,0.03
387325,0.02
387329,0.03
387331,0.02
387333,0.03
387337,0.19
387341,0.09
387342,0.03
387349,0.25
387350,0.01
387351,0.07
387352,0.09
387353,0.04
387355,0.19
387356,0.08
387357,0.07
387358,0.0
387360,0.07
387361,0.08
387362,0.12
387363,0.04
387364,0.03
387365,0.01
387366,0.07
387367,0.08
387368,0.03
387369,0.03
387370,0.01
387371,0.07
387372,0.11
387377,0.11
387378,0.06
387424,0.02
387440,0.08
387447,0.03
387489,0.05
387501,0.02
387526,0.2
387542,0.07
387543,0.07
387544,0.08
387565,0.01
387572,0.06
387577,0.11
387578,0.1
387583,0.05
387584,0.02
387588,0.08
387595,0.13
387596,0.14
387597,0.14
387598,0.01
387662,0.02
387687,0.08
387688,0.06
387689,0.02
387718,0.25
387730,0.04
387753,0.04
387807,0.14
387843,0.15
387848,0.03
387882,0.08
387884,0.07
387892,0.01
387896,0.11
387916,0.26
387920,0.03
387927,0.11
387928,0.02
387929,0.07
387932,0.08
387934,0.13
387937,0.02
387942,0.06
387947,0.09
387948,0.02
387952,0.22
387953,0.04
387954,0.0
387955,0.03
387956,0.05
387957,0.11
387958,0.29
387960,0.0
387961,0.04
387962,0.05
387963,0.04
387964,0.28
387965,0.03
387966,0.17
387967,0.04
387968,0.03
387969,0.08
387970,0.09
387971,0.08
387972,0.14
387973,0.14
388053,0.23
388056,0.14
388057,0.09
388078,0.25
388079,0.02
388127,0.06
388155,0.2
388159,0.11
388169,0.05
388170,0.12
388173,0.07
388174,0.0
388176,0.1
388179,0.12
388182,0.08
388183,0.1
388187,0.16
388189,0.03
388191,0.04
388193,0.03
388194,0.01
388195,0.04
388196,0.02
388198,0.04
388199,0.09
388201,0.13
388202,0.12
388203,0.19
388204,0.05
388206,0.15
388208,0.03
388209,0.04
388210,0.04
388211,0.05
388212,0.01
388213,0.07
388214,0.01
388215,0.2
388216,0.2
388217,0.03
388218,0.05
388219,0.06
388220,0.32
388221,0.07
388222,0.03
388223,0.01
388237,0.22
388238,0.02
388242,0.05
388243,0.02
388248,0.04
388249,0.11
388251,0.08
388253,0.1
388255,0.0
388256,0.16
388258,0.03
388259,0.07
388260,0.12
388262,0.1
388263,0.1
388264,0.02
388265,0.24
388266,0.02
388267,0.08
388269,0.22
388270,0.03
388271,0.04
388272,0.04
388273,0.06
388274,0.11
388275,0.08
388276,0.12
388397,0.09
388428,0.09
388429,0.04
388448,0.1
388449,0.0
388460,0.09
388463,0.38
388465,0.12
388505,0.18
388508,0.11
388511,0.01
388525,0.03
388554,0.12
388561,0.25
388566,0.03
388572,0.02
388574,0.01
388585,0.01
388589,0.08
388590,0.1
388594,0.05
388596,0.05
388616,0.21
388621,0.05
388622,0.05
388627,0.04
388633,0.11
388639,0.01
388647,0.1
388655,0.14
388665,0.11
388667,0.14
388668,0.01
388669,0.05
388679,0.05
388683,0.04
388687,0.03
388688,0.06
388700,0.16
388703,0.14
388704,0.05
388705,0.03
388707,0.04
388712,0.02
388729,0.04
388733,0.04
388748,0.01
388754,0.05
388763,0.15
388777,0.06
388790,0.0
388800,0.28
388801,0.01
388812,0.08
388816,0.14
388835,0.17
388837,0.01
388842,0.0
388847,0.02
388848,0.13
388849,0.07
388850,0.25
388859,0.12
388864,0.02
388865,0.23
388870,0.04
388872,0.03
388873,0.13
388879,0.03
388890,0.07
388898,0.03
388899,0.1
388900,0.04
388913,0.19
388919,0.05
388921,0.3
388929,0.02
388945,0.23
388962,0.11
388963,0.06
388985,0.07
388986,0.12
388992,0.09
388993,0.11
389002,0.13
389006,0.01
389009,0.09
389018,0.07
389048,0.11
389051,0.23
389068,0.07
389069,0.11
389070,0.04
389080,0.11
389085,0.06
389090,0.13
389094,0.14
389097,0.29
389098,0.05
389101,0.11
389104,0.0
389131,0.25
389133,0.18
389134,0.0
389143,0.19
389176,0.19
389181,0.06
389192,0.01
389202,0.04
389222,0.01
389225,0.18
389227,0.08
389239,0.07
389245,0.16
389248,0.05
389258,0.13
389266,0.06
389268,0.15
389277,0.13
389280,0.04
389300,0.0
389319,0.02
389330,0.07
389338,0.05
389356,0.08
389363,0.31
389371,0.04
389377,0.18
389398,0.03
389409,0.06
389415,0.06
389418,0.09
389420,0.08
389426,0.09
389433,0.15
389434,0.09
389440,0.16
389441,0.03
389443,0.18
389448,0.27
389464,0.11
389466,0.0
389471,0.12
389473,0.0
389480,0.17
389481,0.1
389483,0.22
389486,0.03
389490,0.05
389500,0.0
389507,0.09
389509,0.01
389515,0.28
389517,0.04
389523,0.02
389527,0.07
389529,0.23
389532,0.11
389539,0.19
389550,0.0
389551,0.02
389552,0.09
389554,0.11
389563,0.15
389566,0.08
389572,0.15
389573,0.12
389585,0.15
389587,0.04
389589,0.04
389592,0.01
389601,0.11
389603,0.05
389604,0.18
389617,0.19
389618,0.22
389619,0.08
389622,0.03
389623,0.14
389627,0.02
389644,0.32
389667,0.03
389678,0.16
389694,0.02
389700,0.07
389707,0.03
389714,0.01
389717,0.24
389732,0.0
389737,0.21
389741,0.07
389755,0.02
389756,0.09
389763,0.03
389772,0.15
389777,0.02
389778,0.19
389796,0.07
389798,0.12
389805,0.03
389807,0.11
389815,0.15
389818,0.03
389823,0.15
389824,0.03
389831,0.04
389856,0.18
389860,0.01
389862,0.13
389872,0.12
389875,0.05
389878,0.07
389879,0.13
389881,0.02
389895,0.01
389897,0.16
389898,0.07
389924,0.05
389929,0.01
389934,0.13
389947,0.14
389962,0.07
389981,0.0
390003,0.19
390006,0.11
390011,0.0
390041,0.08
390044,0.08
390045,0.09
390047,0.06
390048,0.11
390052,0.16
390056,0.14
390061,0.04
390065,0.09
390070,0.09
390073,0.01
390076,0.15
390087,0.15
390092,0.01
390095,0.14
390099,0.26
390107,0.12
390116,0.02
390130,0.04
390133,0.28
390144,0.1
390155,0.12
390159,0.06
390181,0.06
390183,0.0
390214,0.01
390222,0.07
390230,0.04
390235,0.01
390237,0.0
390242,0.29
390256,0.01
390259,0.08
390261,0.04
390268,0.09
390271,0.01
390274,0.05
390276,0.14
390279,0.12
390283,0.26
390285,0.03
390299,0.11
390316,0.0
390321,0.14
390330,0.0
390343,0.25
390346,0.19
390357,0.0
390359,0.04
390361,0.02
390365,0.02
390366,0.1
390372,0.17
390376,0.12
390378,0.14
390388,0.15
390391,0.01
390400,0.16
390407,0.11
390411,0.09
390419,0.06
390423,0.0
390437,0.02
390445,0.05
390449,0.04
390455,0.04
390465,0.05
390491,0.08
390492,0.09
390494,0.07
390495,0.04
390497,0.01
390504,0.06
390508,0.06
390510,0.13
390512,0.01
390524,0.04
390531,0.02
390558,0.12
390561,0.01
390564,0.01
390569,0.11
390574,0.09
390575,0.05
390587,0.03
390620,0.08
390621,0.08
390633,0.09
390634,0.08
390638,0.09
390639,0.11
390642,0.01
390647,0.13
390648,0.03
390663,0.17
390686,0.03
390688,0.12
390690,0.09
390691,0.07
390696,0.06
390703,0.12
390711,0.11
390722,0.05
390736,0.36
390747,0.19
390752,0.21
390760,0.08
390774,0.01
390777,0.05
390781,0.14
390793,0.03
390838,0.08
390847,0.1
390851,0.23
390854,0.24
390858,0.14
390864,0.05
390871,0.2
390905,0.06
390908,0.21
390910,0.04
390917,0.05
390919,0.02
390920,0.04
390922,0.01
390928,0.08
390929,0.08
390953,0.13
390955,0.01
390959,0.01
390962,0.01
390971,0.05
390972,0.06
390990,0.05
390994,0.21
390997,0.2
391015,0.08
391034,0.16
391038,0.16
391043,0.07
391048,0.07
391049,0.04
391056,0.04
391060,0.08
391072,0.05
391073,0.11
391077,0.06
391086,0.06
391092,0.04
391096,0.08
391118,0.2
391123,0.2
391136,0.03
391137,0.02
391145,0.01
391162,0.06
391164,0.38
391168,0.24
391172,0.05
391184,0.24
391188,0.01
391198,0.17
391207,0.03
391208,0.0
391209,0.19
391230,0.05
391232,0.02
391236,0.05
391237,0.37
391245,0.04
391269,0.07
391274,0.03
391275,0.16
391276,0.09
391279,0.09
391285,0.0
391306,0.04
391310,0.01
391321,0.05
391327,0.01
391341,0.23
391350,0.03
391353,0.02
391354,0.02
391357,0.04
391367,0.3
391371,0.11
391384,0.04
391387,0.04
391388,0.22
391392,0.0
391408,0.01
391433,0.02
391439,0.05
391443,0.14
391445,0.01
391449,0.18
391450,0.07
391461,0.05
391469,0.04
391486,0.02
391487,0.32
391500,0.02
391501,0.05
391505,0.1
391516,0.03
391517,0.01
391522,0.0
391539,0.16
391543,0.26
391546,0.07
391552,0.15
391555,0.07
391564,0.03
391565,0.04
391570,0.04
391586,0.04
391587,0.04
391588,0.09
391590,0.06
391613,0.1
391614,0.11
391617,0.04
391623,0.09
391635,0.08
391653,0.13
391661,0.15
391670,0.06
391682,0.02
391713,0.04
391717,0.28
391726,0.17
391738,0.04
391740,0.0
391741,0.02
391742,0.06
391756,0.06
391765,0.29
391766,0.21
391768,0.12
391771,0.03
391784,0.09
391786,0.2
391791,0.08
391798,0.06
391820,0.29
391831,0.1
391842,0.02
391843,0.01
391853,0.05
391858,0.16
391866,0.31
391867,0.01
391870,0.12
391879,0.03
391903,0.12
391915,0.09
391920,0.0
391929,0.05
391935,0.0
391944,0.01
391945,0.22
391947,0.11
391957,0.04
391960,0.06
391966,0.06
391977,0.04
391983,0.06
391990,0.05
391999,0.07
392010,0.01
392011,0.0
392012,0.1
392013,0.06
392015,0.02
392027,0.08
392029,0.16
392031,0.04
392035,0.02
392042,0.02
392049,0.05
392050,0.05
392062,0.01
392068,0.13
392071,0.08
392079,0.02
392087,0.11
392106,0.12
392111,0.07
392123,0.08
392127,0.08
392132,0.08
392149,0.12
392151,0.16
392175,0.18
392186,0.06
392190,0.11
392196,0.1
392202,0.12
392212,0.14
392221,0.22
392224,0.23
392230,0.03
392232,0.23
392234,0.22
392239,0.04
392240,0.14
392241,0.04
392243,0.15
392250,0.01
392253,0.02
392258,0.03
392260,0.05
392270,0.16
392280,0.03
392283,0.04
392293,0.0
392311,0.08
392316,0.07
392317,0.08
392319,0.28
392328,0.06
392363,0.07
392369,0.09
392371,0.02
392372,0.09
392386,0.06
392389,0.13
392390,0.22
392391,0.22
392398,0.03
392399,0.07
392404,0.07
392405,0.0
392408,0.09
392422,0.21
392423,0.03
392424,0.03
392429,0.05
392430,0.07
392431,0.13
392437,0.04
392450,0.06
392458,0.06
392460,0.09
392469,0.22
392474,0.17
392491,0.26
392495,0.13
392513,0.21
392526,0.12
392527,0.22
392534,0.0
392540,0.34
392554,0.12
392571,0.03
392578,0.06
392583,0.07
392588,0.15
392594,0.06
392604,0.02
392610,0.09
392613,0.15
392619,0.11
392622,0.29
392624,0.03
392629,0.34
392634,0.1
392639,0.02
392649,0.02
392671,0.05
392680,0.36
392682,0.0
392684,0.0
392685,0.23
392686,0.19
392699,0.0
392704,0.02
392709,0.09
392714,0.33
392717,0.09
392727,0.03
392730,0.02
392741,0.08
392754,0.02
392762,0.05
392774,0.22
392775,0.14
392793,0.05
392800,0.1
392809,0.26
392812,0.02
392814,0.11
392820,0.09
392825,0.01
392847,0.17
392849,0.27
392861,0.15
392868,0.07
392880,0.24
392882,0.05
392888,0.15
392905,0.1
392909,0.21
392915,0.09
392925,0.2
392931,0.02
392933,0.04
392935,0.09
392939,0.02
392951,0.04
392960,0.0
392962,0.04
392964,0.11
392970,0.0
392980,0.06
392981,0.04
392985,0.05
392990,0.01
392992,0.08
392998,0.02
392999,0.16
393007,0.06
393009,0.17
393012,0.07
393014,0.03
393015,0.04
393035,0.26
393055,0.08
393056,0.07
393075,0.07
393078,0.05
393094,0.04
393111,0.11
393115,0.04
393117,0.21
393118,0.04
393128,0.24
393129,0.06
393136,0.02
393138,0.06
393139,0.05
393156,0.03
393159,0.33
393168,0.01
393172,0.15
393177,0.21
393189,0.05
393194,0.23
393201,0.03
393202,0.05
393209,0.06
393216,0.32
393218,0.16
393224,0.04
393227,0.07
393232,0.02
393256,0.06
393257,0.09
393258,0.25
393267,0.02
393269,0.19
393275,0.26
393278,0.1
393279,0.14
393312,0.03
393318,0.04
393343,0.03
393351,0.09
393356,0.04
393361,0.12
393370,0.09
393381,0.12
393395,0.08
393405,0.0
393416,0.03
393419,0.07
393430,0.18
393443,0.24
393454,0.29
393478,0.01
393489,0.0
393499,0.17
393503,0.02
393505,0.08
393507,0.05
393526,0.02
393537,0.02
393543,0.01
393555,0.0
393562,0.05
393573,0.25
393587,0.23
393591,0.08
393606,0.1
393621,0.08
393624,0.0
393625,0.39
393628,0.16
393633,0.14
393641,0.05
393642,0.14
393650,0.1
393658,0.09
393669,0.02
393671,0.02
393672,0.03
393680,0.06
393683,0.25
393684,0.13
393691,0.02
393696,0.06
393699,0.02
393708,0.08
393709,0.05
393711,0.13
393720,0.12
393738,0.05
393740,0.02
393762,0.01
393774,0.01
393776,0.07
393778,0.12
393793,0.02
393804,0.15
393818,0.12
393821,0.07
393822,0.2
393833,0.27
393839,0.23
393840,0.07
393843,0.1
393852,0.07
393855,0.04
393860,0.08
393864,0.02
393877,0.21
393882,0.05
393884,0.15
393886,0.06
393892,0.02
393894,0.05
393902,0.1
393909,0.12
393910,0.03
393911,0.01
393934,0.14
393936,0.31
393939,0.16
393940,0.08
393943,0.0
393946,0.11
393950,0.05
393953,0.05
393959,0.25
393974,0.23
393980,0.16
393983,0.03
393985,0.15
393992,0.02
393995,0.14
394008,0.17
394010,0.1
394022,0.12
394062,0.03
394063,0.1
394066,0.09
394069,0.04
394071,0.05
394082,0.04
394087,0.09
394095,0.08
394097,0.33
394106,0.04
394113,0.55
394115,0.24
394125,0.02
394131,0.11
394132,0.04
394141,0.11
394145,0.2
394153,0.36
394159,0.25
394180,0.18
394186,0.04
394200,0.1
394203,0.12
394210,0.01
394214,0.1
394218,0.12
394231,0.18
394240,0.1
394248,0.02
394249,0.04
394254,0.12
394264,0.1
394267,0.09
394269,0.15
394275,0.01
394289,0.03
394295,0.06
394305,0.16
394308,0.06
394317,0.09
394323,0.12
394332,0.1
394336,0.1
394345,0.22
394346,0.06
394347,0.06
394351,0.02
394355,0.17
394360,0.04
394372,0.09
394373,0.11
394374,0.07
394382,0.14
394385,0.07
394409,0.21
394415,0.16
394433,0.04
394445,0.07
394448,0.03
394451,0.12
394467,0.05
394471,0.12
394473,0.09
394474,0.09
394476,0.22
394492,0.1
394502,0.04
394506,0.14
394510,0.12
394515,0.0
394535,0.1
394537,0.17
394539,0.07
394541,0.02
394564,0.1
394567,0.17
394568,0.09
394571,0.06
394576,0.01
394579,0.13
394585,0.06
394588,0.03
394606,0.22
394623,0.07
394632,0.14
394635,0.02
394642,0.1
394653,0.13
394689,0.01
394695,0.01
394699,0.08
394706,0.05
394712,0.19
394721,0.39
394722,0.08
394739,0.06
394742,0.28
394761,0.15
394775,0.05
394777,0.23
394783,0.22
394800,0.16
394803,0.13
394804,0.38
394815,0.09
394835,0.09
394843,0.23
394845,0.14
394847,0.04
394848,0.12
394850,0.08
394857,0.0
394873,0.17
394892,0.04
394898,0.09
394904,0.13
394918,0.2
394920,0.21
394926,0.0
394927,0.01
394940,0.09
394942,0.02
394943,0.1
394959,0.1
394977,0.23
394991,0.15
395014,0.16
395027,0.14
395042,0.23
395062,0.12
395063,0.19
395064,0.05
395076,0.2
395085,0.1
395095,0.04
395100,0.01
395105,0.11
395108,0.01
395110,0.1
395114,0.13
395123,0.13
395131,0.1
395144,0.02
395152,0.11
395159,0.13
395166,0.09
395197,0.11
395210,0.05
395212,0.08
395216,0.11
395218,0.2
395224,0.06
395225,0.1
395233,0.09
395237,0.04
395246,0.22
395248,0.14
395262,0.12
395271,0.01
395275,0.06
395286,0.13
395316,0.09
395318,0.27
395328,0.17
395334,0.04
395337,0.12
395338,0.11
395346,0.07
395365,0.08
395373,0.09
395383,0.34
395387,0.01
395391,0.01
395401,0.16
395432,0.03
395443,0.02
395447,0.08
395448,0.04
395450,0.08
395456,0.09
395459,0.06
395462,0.1
395488,0.16
395492,0.01
395495,0.02
395504,0.06
395507,0.1
395508,0.13
395509,0.04
395513,0.06
395515,0.11
395517,0.42
395520,0.16
395524,0.09
395525,0.01
395533,0.03
395538,0.01
395545,0.03
395553,0.07
395576,0.17
395585,0.17
395590,0.02
395593,0.07
395595,0.06
395603,0.14
395604,0.09
395611,0.06
395612,0.01
395617,0.06
395624,0.02
395653,0.1
395665,0.05
395668,0.09
395672,0.03
395677,0.09
395692,0.0
395693,0.14
395694,0.07
395696,0.17
395699,0.09
395703,0.11
395712,0.11
395731,0.13
395732,0.06
395735,0.05
395736,0.12
395744,0.12
395763,0.02
395771,0.14
395774,0.02
395784,0.07
395790,0.05
395792,0.28
395796,0.04
395808,0.09
395810,0.05
395814,0.07
395831,0.03
395836,0.08
395837,0.07
395852,0.07
395854,0.03
395856,0.11
395857,0.15
395860,0.02
395862,0.07
395875,0.04
395880,0.0
395893,0.18
395900,0.04
395908,0.05
395921,0.22
395922,0.03
395926,0.05
395933,0.14
395936,0.01
395940,0.04
395951,0.12
395964,0.06
395969,0.1
395971,0.08
395973,0.06
395975,0.12
395984,0.15
395993,0.0
396012,0.14
396033,0.27
396035,0.01
396036,0.2
396041,0.07
396048,0.18
396049,0.03
396057,0.04
396060,0.03
396063,0.05
396078,0.04
396085,0.16
396087,0.08
396094,0.08
396104,0.02
396110,0.07
396123,0.02
396139,0.04
396160,0.0
396165,0.11
396169,0.06
396182,0.03
396200,0.25
396201,0.04
396202,0.05
396216,0.08
396227,0.17
396236,0.05
396240,0.18
396249,0.11
396252,0.06
396253,0.08
396276,0.12
396297,0.27
396301,0.01
396310,0.05
396327,0.08
396330,0.05
396331,0.11
396334,0.08
396337,0.1
396343,0.06
396346,0.02
396350,0.26
396368,0.02
396375,0.25
396378,0.08
396380,0.12
396393,0.12
396397,0.08
396403,0.05
396404,0.26
396408,0.03
396414,0.04
396418,0.3
396420,0.03
396426,0.01
396428,0.07
396434,0.02
396435,0.07
396437,0.04
396442,0.04
396444,0.02
396449,0.01
396453,0.11
396464,0.02
396474,0.06
396483,0.03
396496,0.08
396501,0.09
396505,0.23
396506,0.05
396512,0.01
396513,0.22
396518,0.02
396530,0.14
396542,0.17
396549,0.05
396553,0.04
396555,0.2
396557,0.17
396562,0.11
396566,0.05
396588,0.13
396589,0.08
396590,0.23
396597,0.0
396602,0.05
396609,0.15
396614,0.19
396617,0.14
396620,0.12
396625,0.18
396638,0.09
396640,0.04
396646,0.12
396648,0.05
396653,0.11
396663,0.1
396668,0.14
396670,0.05
396678,0.03
396681,0.11
396698,0.07
396699,0.04
396710,0.11
396713,0.04
396729,0.07
396732,0.18
396735,0.28
396752,0.1
396754,0.05
396761,0.05
396769,0.1
396777,0.03
396789,0.12
396790,0.03
396792,0.06
396824,0.1
396829,0.02
396830,0.06
396844,0.16
396849,0.02
396855,0.19
396864,0.1
396865,0.07
396866,0.01
396883,0.02
396889,0.1
396893,0.01
396900,0.13
396904,0.04
396912,0.01
396916,0.04
396922,0.08
396926,0.06
396928,0.02
396931,0.15
396944,0.06
396949,0.02
396952,0.17
396979,0.08
396984,0.03
396986,0.02
396992,0.01
396995,0.34
397014,0.09
397025,0.02
397046,0.31
397047,0.16
397051,0.06
397052,0.13
397058,0.03
397071,0.03
397081,0.08
397084,0.08
397086,0.11
397088,0.05
397090,0.18
397093,0.08
397106,0.04
397109,0.16
397110,0.25
397118,0.06
397119,0.06
397120,0.01
397127,0.01
397128,0.07
397129,0.01
397132,0.05
397138,0.07
397139,0.05
397146,0.23
397148,0.16
397149,0.12
397166,0.03
397167,0.36
397168,0.0
397171,0.2
397178,0.14
397185,0.01
397191,0.08
397195,0.02
397197,0.06
397198,0.11
397211,0.12
397213,0.04
397216,0.04
397219,0.07
397226,0.05
397241,0.08
397249,0.11
397261,0.05
397265,0.05
397281,0.01
397304,0.08
397306,0.07
397325,0.03
397327,0.0
397345,0.27
397360,0.04
397378,0.01
397383,0.04
397384,0.06
397399,0.11
397415,0.0
397433,0.03
397444,0.26
397452,0.19
397458,0.0
397460,0.25
397462,0.12
397464,0.04
397466,0.31
397472,0.08
397474,0.03
397476,0.04
397482,0.19
397492,0.08
397494,0.01
397501,0.11
397507,0.06
397512,0.09
397513,0.06
397517,0.02
397533,0.09
397549,0.27
397560,0.03
397562,0.05
397570,0.24
397575,0.03
397584,0.0
397585,0.06
397593,0.07
397609,0.09
397615,0.01
397630,0.19
397631,0.06
397633,0.12
397641,0.09
397664,0.06
397668,0.0
397674,0.04
397679,0.11
397681,0.06
397694,0.02
397695,0.03
397707,0.21
397713,0.16
397714,0.11
397715,0.04
397724,0.01
397726,0.09
397729,0.02
397739,0.01
397741,0.0
397759,0.14
397761,0.03
397767,0.05
397776,0.1
397782,0.28
397785,0.06
397789,0.09
397793,0.14
397794,0.1
397804,0.0
397815,0.04
397816,0.04
397825,0.08
397857,0.11
397861,0.17
397890,0.11
397891,0.2
397900,0.07
397903,0.03
397911,0.07
397925,0.04
397928,0.1
397954,0.03
397955,0.01
397962,0.14
397971,0.01
397975,0.2
397984,0.06
397989,0.04
397993,0.21
398004,0.03
398032,0.32
398038,0.07
398043,0.06
398046,0.07
398051,0.23
398061,0.02
398082,0.04
398086,0.03
398087,0.0
398088,0.16
398093,0.05
398103,0.04
398106,0.08
398109,0.1
398110,0.09
398113,0.08
398116,0.09
398132,0.06
398135,0.05
398138,0.01
398159,0.06
398163,0.19
398165,0.13
398166,0.18
398173,0.15
398179,0.06
398181,0.1
398189,0.03
398196,0.13
398206,0.07
398208,0.02
398220,0.08
398231,0.03
398234,0.37
398239,0.07
398254,0.02
398260,0.05
398261,0.0
398269,0.11
398274,0.04
398279,0.01
398280,0.07
398292,0.2
398293,0.21
398295,0.04
398329,0.01
398337,0.06
398344,0.06
398347,0.05
398348,0.39
398352,0.04
398355,0.1
398360,0.26
398363,0.09
398368,0.01
398373,0.16
398377,0.05
398384,0.01
398389,0.08
398394,0.2
398397,0.01
398400,0.04
398409,0.08
398429,0.14
398432,0.06
398444,0.27
398446,0.36
398456,0.05
398461,0.04
398473,0.08
398480,0.11
398481,0.03
398485,0.09
398488,0.25
398500,0.18
398520,0.1
398524,0.13
398534,0.06
398554,0.02
398572,0.07
398580,0.1
398586,0.01
398592,0.31
398606,0.18
398619,0.1
398621,0.15
398625,0.07
398645,0.27
398652,0.28
398656,0.07
398661,0.28
398667,0.11
398669,0.04
398676,0.04
398690,0.03
398699,0.26
398715,0.17
398718,0.01
398721,0.03
398729,0.07
398737,0.1
398738,0.28
398752,0.18
398757,0.03
398759,0.06
398764,0.26
398771,0.05
398773,0.02
398775,0.09
398779,0.15
398791,0.38
398807,0.19
398811,0.06
398814,0.04
398817,0.08
398829,0.02
398830,0.06
398838,0.04
398839,0.19
398841,0.09
398850,0.02
398852,0.08
398858,0.08
398859,0.23
398862,0.13
398870,0.06
398875,0.2
398902,0.0
398910,0.04
398919,0.12
398929,0.05
398935,0.08
398940,0.13
398953,0.45
398956,0.02
398963,0.1
398966,0.19
398967,0.12
398968,0.05
398974,0.35
398976,0.11
398982,0.15
398993,0.05
399011,0.04
399016,0.03
399017,0.03
399020,0.09
399047,0.17
399053,0.32
399056,0.01
399061,0.01
399066,0.17
399074,0.06
399086,0.04
399088,0.06
399091,0.05
399092,0.09
399093,0.07
399100,0.04
399124,0.02
399131,0.21
399142,0.02
399149,0.01
399158,0.15
399160,0.1
399167,0.0
399169,0.04
399171,0.03
399174,0.05
399178,0.08
399179,0.23
399184,0.09
399185,0.03
399186,0.12
399191,0.09
399192,0.05
399195,0.25
399212,0.21
399221,0.1
399223,0.27
399230,0.13
399246,0.11
399260,0.2
399261,0.07
399266,0.02
399289,0.03
399293,0.04
399299,0.06
399306,0.04
399321,0.03
399328,0.06
399344,0.01
399352,0.06
399358,0.0
399374,0.14
399382,0.29
399385,0.09
399388,0.03
399399,0.05
399410,0.01
399417,0.02
399423,0.02
399427,0.02
399429,0.18
399435,0.06
399439,0.07
399451,0.1
399454,0.02
399458,0.17
399468,0.06
399477,0.08
399483,0.04
399493,0.01
399494,0.02
399499,0.05
399503,0.09
399510,0.04
399511,0.03
399525,0.15
399528,0.07
399533,0.03
399538,0.09
399551,0.1
399568,0.14
399571,0.15
399585,0.01
399589,0.18
399595,0.03
399598,0.05
399605,0.12
399616,0.06
399617,0.04
399622,0.09
399627,0.07
399635,0.15
399639,0.25
399641,0.01
399643,0.07
399659,0.02
399667,0.03
399683,0.04
399702,0.08
399706,0.31
399720,0.01
399727,0.1
399730,0.22
399734,0.06
399751,0.1
399754,0.21
399759,0.21
399768,0.07
399770,0.04
399781,0.18
399786,0.06
399799,0.01
399811,0.19
399813,0.05
399820,0.06
399832,0.01
399851,0.13
399853,0.08
399855,0.19
399860,0.18
399876,0.27
399877,0.03
399881,0.09
399882,0.01
399903,0.01
399906,0.13
399912,0.23
399915,0.12
399921,0.04
399935,0.05
399936,0.13
399938,0.04
399939,0.04
399940,0.0
399949,0.13
399953,0.01
399959,0.28
399968,0.05
399969,0.01
399972,0.03
399974,0.01
399976,0.0
399979,0.1
399988,0.11
399994,0.23
399996,0.19
399997,0.13
400000,0.02
400004,0.04
400011,0.13
400014,0.18
400015,0.05
400017,0.12
400046,0.26
400063,0.08
400065,0.09
400069,0.03
400075,0.05
400088,0.03
400091,0.02
400105,0.06
400108,0.18
400113,0.12
400119,0.06
400123,0.08
400127,0.05
400136,0.13
400137,0.2
400138,0.1
400158,0.05
400172,0.08
400174,0.08
400224,0.11
400229,0.22
400236,0.28
400240,0.06
400249,0.05
400258,0.05
400268,0.11
400272,0.0
400284,0.0
400292,0.17
400295,0.14
400308,0.17
400314,0.15
400315,0.02
400331,0.3
400332,0.07
400339,0.04
400342,0.07
400361,0.17
400363,0.03
400365,0.01
400374,0.14
400379,0.03
400382,0.08
400416,0.09
400422,0.1
400436,0.13
400460,0.06
400462,0.23
400468,0.12
400482,0.01
400489,0.0
400490,0.22
400501,0.05
400519,0.04
400525,0.18
400526,0.02
400529,0.23
400540,0.14
400543,0.14
400545,0.03
400556,0.17
400572,0.02
400584,0.01
400589,0.13
400593,0.24
400597,0.01
400616,0.08
400642,0.25
400643,0.01
400649,0.04
400672,0.07
400685,0.02
400693,0.1
400695,0.13
400701,0.0
400720,0.06
400741,0.15
400745,0.19
400750,0.08
400779,0.14
400784,0.05
400792,0.09
400800,0.07
400811,0.02
400813,0.29
400820,0.1
400830,0.07
400833,0.02
400834,0.03
400841,0.05
400855,0.18
400856,0.12
400860,0.13
400866,0.02
400869,0.11
400870,0.22
400880,0.07
400882,0.04
400915,0.12
400921,0.16
400923,0.21
400925,0.01
400936,0.02
400943,0.15
400962,0.0
400963,0.1
400967,0.05
400970,0.17
400975,0.01
400981,0.17
400983,0.12
400987,0.09
400988,0.0
400994,0.04
400998,0.16
401002,0.05
401003,0.07
401005,0.06
401007,0.02
401022,0.31
401029,0.22
401035,0.14
401036,0.1
401040,0.02
401045,0.12
401053,0.01
401065,0.02
401067,0.05
401069,0.03
401073,0.2
401074,0.02
401078,0.05
401082,0.23
401086,0.03
401092,0.06
401097,0.1
401098,0.0
401099,0.2
401100,0.07
401107,0.09
401119,0.13
401120,0.08
401137,0.2
401142,0.14
401162,0.04
401163,0.13
401172,0.04
401179,0.12
401182,0.03
401184,0.32
401190,0.04
401207,0.01
401210,0.16
401220,0.08
401225,0.16
401230,0.26
401240,0.02
401246,0.12
401256,0.12
401273,0.01
401274,0.18
401287,0.06
401292,0.2
401305,0.1
401310,0.06
401311,0.02
401321,0.06
401332,0.02
401338,0.01
401345,0.1
401368,0.12
401375,0.35
401378,0.01
401379,0.02
401395,0.12
401403,0.03
401406,0.03
401415,0.15
401424,0.02
401425,0.02
401428,0.17
401430,0.06
401436,0.03
401440,0.11
401443,0.23
401447,0.04
401448,0.03
401450,0.16
401459,0.06
401462,0.12
401470,0.29
401479,0.22
401481,0.04
401486,0.19
401496,0.05
401497,0.08
401502,0.03
401508,0.07
401513,0.01
401517,0.33
401519,0.23
401533,0.28
401536,0.27
401547,0.02
401581,0.06
401582,0.12
401586,0.11
401593,0.29
401603,0.09
401621,0.08
401625,0.05
401635,0.4
401646,0.03
401649,0.1
401660,0.04
401668,0.12
401686,0.06
401706,0.12
401712,0.08
401721,0.13
401725,0.24
401730,0.23
401741,0.0
401743,0.09
401748,0.05
401751,0.06
401770,0.03
401791,0.0
401792,0.08
401808,0.08
401816,0.06
401820,0.07
401821,0.01
401828,0.05
401830,0.23
401832,0.04
401839,0.13
401852,0.05
401868,0.15
401876,0.0
401879,0.26
401882,0.02
401894,0.02
401899,0.15
401901,0.3
401913,0.02
401919,0.06
401920,0.01
401923,0.03
401924,0.06
401932,0.19
401942,0.29
401949,0.17
401950,0.16
401951,0.03
401952,0.15
401971,0.34
401972,0.02
401973,0.09
401974,0.11
401983,0.1
401984,0.0
401988,0.14
401989,0.05
401990,0.0
402024,0.07
402029,0.03
402030,0.26
402041,0.07
402042,0.09
402043,0.03
402052,0.18
402053,0.01
402054,0.04
402057,0.05
402067,0.05
402068,0.04
402069,0.32
402070,0.06
402071,0.02
402073,0.06
402074,0.1
402075,0.16
402076,0.08
402077,0.08
402078,0.27
402079,0.1
402080,0.03
402081,0.08
402082,0.03
402089,0.16
402090,0.19
402091,0.09
402092,0.04
402094,0.05
402095,0.02
402096,0.04
402109,0.06
402151,0.09
402152,0.08
402153,0.04
402155,0.08
402201,0.03
402210,0.09
402212,0.28
402218,0.03
402227,0.19
402234,0.16
402236,0.01
402242,0.06
402243,0.08
402244,0.31
402245,0.02
402250,0.05
402251,0.02
402254,0.26
402255,0.3
402256,0.06
402257,0.23
402258,0.07
402259,0.19
402260,0.13
402261,0.29
402262,0.09
402263,0.13
402264,0.03
402265,0.06
402266,0.1
402267,0.23
402268,0.01
402270,0.02
402271,0.06
402272,0.32
402273,0.11
402274,0.02
402275,0.04
402276,0.1
402277,0.07
402278,0.07
402279,0.09
402280,0.05
402362,0.1
402363,0.03
402364,0.1
402370,0.05
402376,0.02
402381,0.18
402384,0.04
402389,0.02
402414,0.08
402416,0.01
402417,0.05
402420,0.05
402426,0.03
402436,0.05
402444,0.03
402447,0.04
402449,0.05
402454,0.27
402458,0.16
402460,0.06
402466,0.03
402475,0.13
402498,0.18
402502,0.03
402505,0.14
402509,0.03
402513,0.18
402517,0.02
402519,0.14
402522,0.35
402523,0.28
402525,0.11
402528,0.16
402534,0.09
402536,0.03
402542,0.13
402548,0.12
402552,0.14
402559,0.03
402563,0.01
402568,0.04
402573,0.15
402574,0.07
402575,0.06
402577,0.07
402602,0.01
402603,0.17
402604,0.04
402614,0.04
402615,0.14
402616,0.0
402617,0.26
402618,0.07
402619,0.04
402639,0.16
402640,0.03
402641,0.32
402642,0.01
402643,0.02
402644,0.02
402645,0.06
402649,0.01
402650,0.06
402653,0.02
402654,0.01
402655,0.12
402656,0.13
402657,0.02
402658,0.02
402659,0.04
402662,0.12
402696,0.0
402705,0.12
402707,0.05
402708,0.1
402709,0.18
402729,0.05
402730,0.04
402732,0.16
402739,0.09
402740,0.05
402741,0.05
402744,0.34
402745,0.23
402746,0.03
402772,0.14
402773,0.14
402774,0.09
402780,0.06
402781,0.04
402782,0.1
402790,0.02
402803,0.16
402808,0.12
402809,0.0
402810,0.11
402811,0.08
402815,0.1
402820,0.09
402821,0.09
402822,0.03
402824,0.2
402825,0.04
402870,0.03
402875,0.03
402924,0.07
402925,0.07
402926,0.08
402927,0.01
402928,0.08
402929,0.08
402930,0.14
402931,0.07
402932,0.02
402933,0.19
402940,0.22
402953,0.03
402954,0.13
402955,0.11
402956,0.14
402957,0.02
402970,0.05
402973,0.07
402974,0.01
402975,0.07
402976,0.14
402977,0.06
402978,0.07
402979,0.07
402980,0.15
402981,0.15
402982,0.17
402993,0.12
402994,0.1
403099,0.01
403137,0.04
403138,0.05
403165,0.08
403192,0.3
403214,0.21
403223,0.05
403238,0.11
403244,0.2
403246,0.13
403252,0.02
403254,0.09
403255,0.05
403259,0.04
403262,0.08
403277,0.05
403280,0.13
403281,0.07
403287,0.01
403315,0.16
403318,0.12
403319,0.04
403327,0.08
403331,0.02
403342,0.22
403349,0.13
403353,0.08
403364,0.15
403369,0.09
403373,0.23
403376,0.15
403378,0.02
403384,0.19
403385,0.05
403386,0.02
403388,0.06
403396,0.0
403398,0.07
403404,0.05
403410,0.07
403414,0.05
403417,0.05
403422,0.06
403424,0.06
403438,0.04
403451,0.05
403452,0.2
403453,0.04
403454,0.05
403455,0.1
403464,0.03
403465,0.15
403466,0.06
403500,0.09
403501,0.08
403524,0.16
403525,0.13
403526,0.05
403527,0.11
403542,0.12
403543,0.01
403549,0.04
403550,0.03
403551,0.12
403552,0.07
403553,0.0
403554,0.04
403558,0.06
403559,0.01
403560,0.48
403561,0.27
403562,0.1
403564,0.09
403565,0.09
403566,0.03
403600,0.14
403602,0.02
403603,0.05
403662,0.04
403685,0.02
403686,0.03
403687,0.08
403688,0.23
403689,0.4
403690,0.34
403691,0.05
403692,0.13
403696,0.04
403697,0.18
403698,0.01
403699,0.05
403701,0.04
403702,0.05
403703,0.02
403704,0.12
403705,0.01
403712,0.05
403713,0.06
403714,0.16
403715,0.04
403718,0.07
403722,0.27
403723,0.02
403724,0.16
403725,0.03
403726,0.02
403764,0.03
403765,0.02
403766,0.03
403770,0.32
403771,0.03
403772,0.21
403795,0.17
403799,0.06
403800,0.07
403801,0.08
403802,0.27
403803,0.27
403811,0.06
403814,0.01
403815,0.2
403816,0.01
403817,0.04
403818,0.31
403820,0.02
403821,0.03
403822,0.09
403823,0.05
403824,0.08
403825,0.0
403826,0.02
403828,0.03
403834,0.06
403836,0.14
403837,0.04
403838,0.08
403839,0.01
403873,0.03
403876,0.13
403902,0.04
403918,0.08
403922,0.07
403928,0.29
403929,0.1
403931,0.05
403932,0.04
403933,0.14
403935,0.01
403936,0.13
403937,0.13
403938,0.08
403943,0.05
403944,0.0
403945,0.0
403946,0.1
403948,0.12
403951,0.14
403955,0.04
403956,0.1
403957,0.2
403958,0.05
403960,0.16
403961,0.03
403962,0.04
403963,0.04
403964,0.24
403965,0.16
403966,0.09
403967,0.04
403968,0.16
403969,0.09
403970,0.13
403971,0.07
403972,0.21
403973,0.07
403974,0.26
403975,0.05
403976,0.04
403977,0.04
403978,0.07
403979,0.01
403980,0.23
403981,0.13
403982,0.01
404062,0.11
404067,0.03
404070,0.0
404079,0.06
404084,0.04
404108,0.12
404112,0.02
404118,0.13
404121,0.07
404122,0.05
404126,0.16
404140,0.05
404152,0.17
404156,0.32
404158,0.09
404160,0.04
404172,0.03
404174,0.01
404180,0.04
404186,0.05
404190,0.2
404192,0.03
404206,0.03
404207,0.44
404213,0.11
404216,0.08
404220,0.11
404227,0.05
404235,0.03
404247,0.17
404259,0.02
404266,0.11
404267,0.15
404274,0.19
404276,0.14
404277,0.01
404278,0.06
404279,0.03
404280,0.13
404287,0.08
404288,0.25
404289,0.04
404290,0.26
404291,0.02
404293,0.12
404302,0.02
404303,0.01
404304,0.19
404307,0.09
404308,0.01
404309,0.22
404310,0.12
404311,0.33
404312,0.22
404323,0.11
404324,0.09
404325,0.03
404326,0.0
404327,0.14
404328,0.0
404329,0.03
404330,0.11
404331,0.09
404335,0.08
404336,0.05
404337,0.24
404364,0.13
404379,0.01
404380,0.44
404381,0.1
404382,0.07
404385,0.02
404390,0.03
404391,0.02
404392,0.22
404393,0.13
404396,0.02
404400,0.01
404401,0.06
404402,0.09
404403,0.25
404404,0.12
404405,0.31
404406,0.0
404437,0.1
404439,0.12
404461,0.16
404462,0.21
404464,0.03
404468,0.13
404469,0.11
404470,0.08
404471,0.03
404472,0.08
404473,0.08
404474,0.02
404475,0.05
404477,0.03
404478,0.06
404554,0.08
404555,0.17
404556,0.07
404557,0.03
404569,0.11
404571,0.04
404585,0.13
404586,0.01
404592,0.34
404595,0.08
404596,0.12
404597,0.07
404603,0.26
404606,0.05
404607,0.05
404608,0.1
404609,0.02
404620,0.13
404689,0.0
404708,0.05
404734,0.19
404771,0.09
404806,0.1
404818,0.15
404850,0.04
404870,0.05
404923,0.03
404934,0.19
404938,0.05
404954,0.14
404957,0.1
404963,0.07
404964,0.01
404969,0.09
404970,0.11
404979,0.09
404997,0.06
404998,0.08
405009,0.17
405016,0.01
405018,0.06
405035,0.07
405036,0.01
405038,0.17
405047,0.1
405055,0.02
405060,0.13
405066,0.06
405081,0.13
405084,0.22
405089,0.12
405098,0.13
405100,0.16
405114,0.0
405118,0.13
405119,0.19
405120,0.1
405121,0.32
405124,0.02
405125,0.09
405132,0.16
405179,0.02
405193,0.02
405194,0.16
405195,0.09
405206,0.0
405207,0.02
405211,0.01
405215,0.06
405217,0.21
405219,0.01
405220,0.05
405231,0.15
405232,0.1
405291,0.15
405316,0.02
405317,0.04
405318,0.04
405319,0.03
405320,0.13
405325,0.0
405326,0.05
405333,0.08
405334,0.22
405349,0.23
405351,0.11
405353,0.01
405354,0.28
405361,0.08
405362,0.04
405363,0.15
405364,0.21
405365,0.07
405366,0.36
405372,0.12
405397,0.05
405402,0.04
405409,0.13
405410,0.1
405411,0.01
405412,0.04
405435,0.16
405436,0.06
405438,0.11
405442,0.12
405443,0.29
405444,0.04
405445,0.03
405446,0.02
405468,0.05
405489,0.05
405490,0.22
405498,0.06
405509,0.05
405510,0.03
405511,0.12
405512,0.17
405517,0.02
405518,0.05
405523,0.02
405544,0.05
405546,0.06
405552,0.24
405583,0.03
405592,0.08
405599,0.04
405602,0.17
405607,0.02
405613,0.11
405620,0.21
405624,0.13
405625,0.02
405626,0.0
405632,0.09
405633,0.0
405637,0.11
405640,0.19
405642,0.08
405646,0.01
405647,0.1
405650,0.3
405653,0.12
405654,0.08
405660,0.02
405666,0.14
405667,0.04
405668,0.08
405669,0.12
405671,0.04
405672,0.03
405673,0.06
405674,0.06
405675,0.07
405676,0.07
405677,0.02
405679,0.05
405680,0.21
405682,0.12
405683,0.04
405684,0.02
405685,0.09
405687,0.03
405689,0.06
405690,0.02
405691,0.26
405692,0.11
405693,0.02
405695,0.07
405696,0.13
405697,0.01
405698,0.06
405699,0.04
405700,0.23
405701,0.13
405702,0.13
405761,0.02
405765,0.03
405769,0.07
405784,0.02
405811,0.01
405814,0.04
405816,0.11
405818,0.06
405821,0.05
405822,0.04
405838,0.09
405841,0.1
405846,0.11
405855,0.08
405857,0.09
405858,0.14
405860,0.07
405861,0.18
405871,0.05
405879,0.07
405880,0.14
405886,0.12
405901,0.07
405904,0.08
405905,0.01
405906,0.15
405927,0.09
405930,0.15
405944,0.06
405946,0.02
405954,0.26
405963,0.13
405964,0.01
405965,0.06
405966,0.16
405970,0.07
405971,0.03
405992,0.18
405996,0.05
405999,0.09
406002,0.1
406003,0.05
406004,0.03
406005,0.05
406006,0.12
406007,0.23
406008,0.11
406028,0.07
406029,0.05
406043,0.01
406044,0.01
406045,0.18
406046,0.17
406048,0.03
406050,0.05
406051,0.01
406052,0.15
406053,0.09
406077,0.21
406082,0.1
406083,0.41
406084,0.05
406098,0.05
406099,0.05
406100,0.24
406113,0.21
406114,0.08
406115,0.08
406116,0.07
406117,0.01
406127,0.17
406128,0.03
406129,0.28
406132,0.01
406133,0.02
406134,0.06
406135,0.26
406136,0.05
406137,0.08
406138,0.04
406139,0.13
406142,0.06
406143,0.23
406175,0.09
406176,0.12
406177,0.04
406194,0.06
406195,0.0
406208,0.12
406210,0.17
406216,0.14
406217,0.22
406227,0.06
406228,0.0
406253,0.01
406254,0.01
406260,0.05
406267,0.11
406269,0.08
406276,0.16
406277,0.01
406279,0.04
406288,0.03
406297,0.13
406308,0.03
406310,0.25
406320,0.0
406336,0.0
406352,0.05
406365,0.12
406369,0.19
406371,0.03
406401,0.11
406408,0.06
406409,0.01
406475,0.32
406492,0.04
406510,0.16
406519,0.1
406565,0.17
406584,0.01
406596,0.05
406598,0.03
406605,0.18
406609,0.03
406610,0.06
406611,0.02
406654,0.18
406670,0.08
406675,0.16
406681,0.08
406682,0.04
406695,0.01
406697,0.16
406712,0.06
406719,0.03
406725,0.12
406734,0.04
406743,0.19
406778,0.08
406784,0.06
406786,0.05
406791,0.24
406792,0.09
406803,0.18
406812,0.0
406813,0.03
406814,0.06
406841,0.01
406842,0.08
406843,0.09
406848,0.19
406861,0.03
406862,0.12
406863,0.04
406864,0.0
406865,0.16
406871,0.13
406872,0.14
406873,0.24
406893,0.05
406919,0.15
406920,0.0
406921,0.09
406923,0.14
406924,0.07
406925,0.01
406926,0.13
406927,0.14
406936,0.01
406937,0.3
406938,0.04
406939,0.0
406940,0.03
406941,0.01
406952,0.03
406953,0.04
406954,0.23
406962,0.2
406963,0.33
406964,0.01
406965,0.18
406966,0.05
406967,0.06
406968,0.11
406969,0.1
406970,0.1
406971,0.03
406972,0.26
406973,0.07
406974,0.17
406975,0.11
406976,0.02
406977,0.09
406985,0.1
406987,0.02
407025,0.15
407031,0.04
407033,0.21
407039,0.13
407041,0.07
407044,0.22
407046,0.13
407053,0.08
407061,0.01
407069,0.07
407070,0.22
407072,0.02
407073,0.03
407081,0.14
407082,0.18
407088,0.04
407091,0.24
407097,0.03
407104,0.12
407105,0.45
407106,0.02
407121,0.05
407128,0.08
407137,0.1
407144,0.14
407145,0.04
407154,0.28
407162,0.28
407164,0.13
407168,0.23
407203,0.06
407210,0.09
407215,0.03
407218,0.08
407228,0.05
407262,0.16
407274,0.31
407280,0.26
407288,0.02
407298,0.05
407299,0.34
407302,0.25
407303,0.22
407305,0.21
407306,0.17
407307,0.02
407313,0.06
407314,0.01
407315,0.05
407316,0.09
407322,0.11
407323,0.04
407324,0.05
407325,0.05
407329,0.14
407330,0.28
407332,0.01
407333,0.1
407334,0.04
407335,0.17
407336,0.17
407337,0.14
407338,0.2
407339,0.03
407340,0.09
407341,0.19
407342,0.1
407343,0.13
407344,0.06
407345,0.01
407346,0.07
407353,0.11
407364,0.13
407365,0.02
407366,0.07
407370,0.17
407373,0.19
407376,0.08
407386,0.04
407388,0.06
407391,0.02
407393,0.07
407427,0.12
407452,0.02
407454,0.04
407457,0.01
407462,0.02
407463,0.09
407468,0.13
407469,0.14
407478,0.04
407482,0.01
407487,0.2
407489,0.24
407498,0.31
407516,0.22
407519,0.02
407528,0.08
407532,0.24
407534,0.3
407543,0.05
407546,0.29
407550,0.04
407555,0.08
407558,0.15
407587,0.05
407588,0.04
407594,0.15
407596,0.12
407598,0.05
407602,0.05
407605,0.06
407613,0.09
407619,0.29
407625,0.03
407627,0.07
407629,0.21
407631,0.09
407633,0.02
407636,0.19
407645,0.44
407648,0.09
407669,0.07
407674,0.0
407675,0.07
407676,0.1
407677,0.17
407678,0.29
407679,0.13
407680,0.06
407681,0.15
407682,0.18
407684,0.25
407692,0.08
407693,0.23
407694,0.07
407695,0.05
407696,0.05
407697,0.06
407698,0.06
407699,0.11
407702,0.1
407703,0.14
407725,0.07
407726,0.2
407729,0.21
407731,0.03
407745,0.08
407749,0.03
407750,0.0
407751,0.12
407752,0.27
407753,0.19
407754,0.1
407755,0.01
407756,0.1
407765,0.07
407766,0.07
407767,0.02
407768,0.05
407773,0.14
407774,0.07
407778,0.08
407779,0.09
407780,0.19
407781,0.09
407782,0.03
407783,0.15
407784,0.11
407825,0.28
407826,0.05
407828,0.12
407829,0.0
407830,0.2
407831,0.05
407832,0.04
407838,0.08
407839,0.07
407840,0.12
407841,0.09
407842,0.14
407855,0.12
407857,0.06
407881,0.09
407882,0.25
407885,0.05
407915,0.02
407916,0.03
407918,0.22
407919,0.21
407920,0.04
407921,0.05
407922,0.02
407927,0.07
407934,0.1
407941,0.13
407942,0.0
407943,0.08
407944,0.1
407946,0.02
407947,0.02
407952,0.01
407955,0.18
407978,0.25
407986,0.03
408003,0.09
408006,0.04
408008,0.05
408015,0.02
408016,0.08
408028,0.18
408035,0.02
408042,0.04
408044,0.33
408052,0.09
408053,0.04
408056,0.04
408068,0.0
408071,0.0
408074,0.01
408085,0.21
408089,0.06
408091,0.02
408098,0.15
408106,0.05
408108,0.19
408116,0.22
408126,0.06
408130,0.14
408135,0.02
408148,0.01
408168,0.17
408170,0.11
408172,0.04
408176,0.04
408181,0.1
408191,0.06
408194,0.1
408213,0.1
408248,0.08
408249,0.05
408250,0.02
408256,0.21
408261,0.21
408262,0.29
408268,0.29
408269,0.04
408273,0.05
408280,0.01
408286,0.14
408347,0.24
408349,0.02
408350,0.06
408351,0.05
408352,0.01
408355,0.06
408356,0.13
408357,0.06
408384,0.13
408385,0.14
408386,0.12
408387,0.01
408388,0.1
408389,0.04
408390,0.07
408391,0.15
408392,0.13
408393,0.07
408398,0.02
408399,0.04
408400,0.07
408405,0.03
408406,0.09
408437,0.06
408459,0.11
408460,0.09
408463,0.04
408467,0.01
408468,0.03
408471,0.05
408477,0.02
408478,0.05
408479,0.08
408481,0.01
408482,0.03
408483,0.05
408484,0.2
408485,0.09
408486,0.04
408489,0.1
408490,0.02
408504,0.05
408506,0.04
408508,0.13
408514,0.0
408515,0.01
408516,0.13
408517,0.12
408518,0.12
408523,0.09
408524,0.02
408525,0.07
408526,0.21
408531,0.0
408579,0.0
408580,0.11
408581,0.14
408599,0.15
408615,0.14
408616,0.05
408617,0.12
408619,0.03
408622,0.09
408624,0.03
408625,0.1
408626,0.03
408627,0.04
408651,0.01
408658,0.04
408659,0.06
408660,0.23
408661,0.04
408662,0.05
408688,0.03
408689,0.27
408690,0.05
408695,0.07
408696,0.08
408701,0.08
408702,0.08
408705,0.02
408728,0.08
408742,0.11
408759,0.05
408766,0.07
408768,0.25
408774,0.15
408775,0.1
408780,0.06
408790,0.11
408791,0.08
408792,0.04
408794,0.07
408797,0.1
408808,0.11
408830,0.09
408857,0.0
408863,0.12
408874,0.37
408880,0.2
408885,0.15
408890,0.05
408898,0.04
408902,0.03
408903,0.01
408905,0.11
408908,0.01
408911,0.03
408921,0.08
408932,0.06
408933,0.07
408935,0.2
408960,0.09
408968,0.11
408985,0.03
408986,0.03
408990,0.1
408993,0.09
409001,0.02
409003,0.04
409008,0.05
409010,0.07
409015,0.03
409017,0.11
409028,0.04
409034,0.05
409035,0.04
409041,0.03
409054,0.2
409057,0.04
409064,0.03
409065,0.16
409066,0.02
409068,0.16
409076,0.06
409080,0.07
409083,0.04
409084,0.12
409085,0.1
409088,0.01
409105,0.05
409121,0.04
409123,0.27
409133,0.02
409153,0.25
409156,0.03
409157,0.25
409158,0.0
409163,0.3
409167,0.04
409168,0.13
409169,0.06
409172,0.28
409173,0.04
409174,0.0
409175,0.1
409192,0.24
409193,0.09
409197,0.01
409204,0.0
409206,0.04
409208,0.07
409209,0.01
409212,0.04
409213,0.04
409214,0.15
409217,0.05
409218,0.05
409220,0.04
409221,0.02
409227,0.09
409228,0.03
409229,0.07
409230,0.17
409259,0.05
409261,0.07
409269,0.1
409277,0.06
409278,0.03
409285,0.24
409286,0.07
409287,0.09
409293,0.05
409297,0.03
409298,0.1
409299,0.05
409340,0.03
409377,0.13
409383,0.07
409384,0.01
409409,0.1
409412,0.05
409413,0.27
409414,0.16
409415,0.07
409423,0.03
409428,0.1
409429,0.04
409430,0.04
409431,0.01
409432,0.25
409433,0.03
409434,0.04
409442,0.18
409443,0.17
409446,0.08
409463,0.05
409482,0.06
409507,0.12
409508,0.06
409509,0.08
409514,0.08
409535,0.21
409536,0.04
409537,0.09
409538,0.08
409541,0.09
409542,0.12
409543,0.04
409545,0.11
409550,0.01
409551,0.05
409552,0.08
409553,0.22
409558,0.08
409563,0.1
409574,0.18
409607,0.08
409608,0.16
409628,0.03
409632,0.26
409633,0.12
409636,0.16
409676,0.08
409691,0.08
409694,0.05
409707,0.02
409723,0.0
409741,0.04
409743,0.08
409747,0.1
409773,0.11
409777,0.15
409778,0.3
409804,0.07
409805,0.0
409812,0.06
409817,0.03
409836,0.04
409846,0.15
409850,0.34
409852,0.03
409861,0.15
409864,0.18
409871,0.08
409891,0.01
409896,0.06
409917,0.1
409918,0.11
409923,0.05
409941,0.01
409949,0.3
409953,0.14
409958,0.04
409972,0.11
409979,0.16
409983,0.05
409984,0.12
409985,0.17
409986,0.08
409994,0.14
409999,0.03
410019,0.13
410024,0.16
410025,0.03
410039,0.04
410044,0.21
410045,0.11
410046,0.03
410047,0.1
410048,0.08
410065,0.07
410066,0.18
410073,0.11
410087,0.05
410089,0.25
410092,0.04
410093,0.13
410094,0.2
410095,0.03
410096,0.07
410101,0.07
410102,0.16
410103,0.05
410107,0.0
410110,0.12
410111,0.03
410112,0.11
410142,0.01
410143,0.02
410161,0.04
410162,0.2
410165,0.03
410166,0.27
410167,0.12
410184,0.05
410185,0.04
410186,0.01
410187,0.04
410223,0.04
410256,0.17
410257,0.05
410258,0.01
410259,0.02
410269,0.07
410270,0.03
410273,0.13
410274,0.14
410275,0.06
410276,0.33
410277,0.06
410295,0.08
410296,0.03
410297,0.15
410298,0.05
410300,0.08
410301,0.0
410302,0.04
410303,0.07
410304,0.01
410305,0.05
410306,0.13
410307,0.04
410308,0.06
410309,0.06
410316,0.02
410317,0.06
410358,0.26
410359,0.02
410360,0.12
410368,0.08
410369,0.04
410370,0.04
410372,0.02
410373,0.0
410378,0.16
410379,0.08
410380,0.26
410387,0.2
410388,0.32
410389,0.08
410390,0.03
410405,0.09
410411,0.08
410416,0.02
410418,0.1
410424,0.06
410429,0.1
410438,0.12
410442,0.04
410448,0.01
410456,0.09
410464,0.01
410467,0.23
410473,0.14
410476,0.05
410479,0.18
410499,0.13
410526,0.08
410528,0.1
410546,0.14
410564,0.0
410567,0.0
410571,0.13
410572,0.23
410573,0.08
410577,0.01
410581,0.18
410587,0.04
410588,0.07
410595,0.13
410602,0.07
410606,0.07
410616,0.05
410624,0.28
410626,0.13
410637,0.07
410660,0.07
410661,0.01
410663,0.01
410664,0.05
410669,0.01
410675,0.03
410679,0.2
410684,0.03
410689,0.03
410693,0.06
410697,0.03
410698,0.04
410699,0.02
410706,0.06
410710,0.18
410712,0.01
410716,0.08
410725,0.1
410735,0.07
410742,0.01
410745,0.07
410746,0.03
410751,0.05
410753,0.05
410759,0.04
410761,0.3
410770,0.12
410778,0.17
410784,0.03
410786,0.05
410789,0.04
410800,0.07
410811,0.09
410813,0.1
410821,0.23
410822,0.03
410879,0.18
410880,0.04
410900,0.05
410901,0.17
410908,0.03
410909,0.1
410910,0.1
410911,0.17
410912,0.07
410913,0.04
410914,0.12
410915,0.02
410916,0.01
410917,0.08
410918,0.12
410919,0.02
410922,0.08
410923,0.11
410940,0.1
410955,0.17
410956,0.18
410959,0.29
410960,0.15
410961,0.05
410962,0.01
410963,0.07
410964,0.04
410968,0.04
410970,0.02
410971,0.05
410972,0.09
410975,0.08
410994,0.19
410999,0.05
411011,0.23
411012,0.03
411014,0.14
411021,0.07
411022,0.2
411023,0.27
411024,0.27
411025,0.11
411026,0.32
411027,0.18
411028,0.1
411030,0.15
411031,0.03
411032,0.2
411033,0.09
411049,0.03
411050,0.25
411051,0.12
411052,0.04
411073,0.04
411074,0.08
411076,0.02
411080,0.07
411081,0.09
411082,0.01
411093,0.05
411094,0.07
411095,0.04
411099,0.05
411102,0.04
411103,0.15
411112,0.09
411114,0.13
411115,0.06
411116,0.1
411168,0.05
411169,0.33
411170,0.03
411189,0.05
411190,0.13
411195,0.25
411196,0.1
411197,0.05
411205,0.01
411206,0.21
411215,0.0
411216,0.01
411217,0.02
411218,0.1
411222,0.05
411238,0.07
411239,0.04
411240,0.04
411248,0.02
411274,0.1
411275,0.01
411293,0.02
411299,0.13
411300,0.02
411301,0.07
411302,0.11
411305,0.08
411309,0.12
411334,0.03
411343,0.1
411349,0.08
411360,0.1
411363,0.01
411364,0.02
411384,0.17
411402,0.01
411424,0.02
411425,0.15
411430,0.09
411432,0.08
411434,0.23
411447,0.06
411450,0.0
411452,0.17
411463,0.11
411467,0.18
411474,0.2
411478,0.0
411480,0.06
411481,0.05
411502,0.09
411509,0.08
411511,0.21
411515,0.03
411516,0.04
411532,0.13
411565,0.01
411570,0.05
411600,0.1
411608,0.09
411613,0.03
411614,0.02
411620,0.1
411634,0.02
411639,0.0
411645,0.21
411648,0.08
411660,0.1
411668,0.05
411672,0.08
411673,0.04
411674,0.15
411675,0.04
411676,0.01
411677,0.28
411715,0.02
411718,0.04
411719,0.14
411720,0.02
411730,0.08
411731,0.14
411740,0.08
411746,0.11
411748,0.0
411749,0.03
411752,0.1
411753,0.0
411754,0.06
411755,0.04
411767,0.06
411768,0.11
411819,0.25
411826,0.08
411827,0.08
411841,0.06
411842,0.25
411843,0.04
411844,0.07
411845,0.15
411846,0.09
411850,0.23
411852,0.14
411853,0.05
411854,0.1
411855,0.04
411856,0.09
411860,0.17
411883,0.01
411938,0.03
411939,0.2
411940,0.16
411957,0.18
411958,0.0
411959,0.05
411963,0.01
411969,0.02
411970,0.08
411971,0.06
411972,0.04
411973,0.01
411974,0.05
411975,0.11
411977,0.08
411978,0.26
411979,0.08
412004,0.06
412008,0.02
412009,0.18
412010,0.0
412030,0.09
412031,0.09
412032,0.02
412036,0.07
412038,0.02
412047,0.06
412049,0.29
412082,0.04
412092,0.14
412098,0.07
412101,0.05
412108,0.3
412111,0.3
412119,0.16
412128,0.05
412139,0.09
412152,0.09
412154,0.03
412178,0.26
412180,0.03
412193,0.05
412199,0.04
412204,0.03
412206,0.12
412207,0.01
412211,0.12
412220,0.01
412221,0.0
412229,0.23
412234,0.03
412235,0.11
412236,0.17
412251,0.04
412262,0.05
412270,0.1
412280,0.09
412289,0.22
412305,0.02
412310,0.2
412345,0.06
412348,0.06
412361,0.08
412367,0.27
412368,0.14
412370,0.15
412372,0.18
412377,0.22
412380,0.02
412382,0.0
412391,0.07
412393,0.03
412411,0.24
412412,0.09
412415,0.17
412416,0.18
412422,0.22
412428,0.02
412430,0.13
412436,0.07
412447,0.05
412451,0.01
412456,0.1
412470,0.14
412472,0.07
412478,0.02
412487,0.05
412490,0.15
412494,0.12
412516,0.17
412519,0.03
412525,0.08
412527,0.27
412528,0.05
412551,0.25
412552,0.01
412557,0.03
412558,0.08
412559,0.03
412561,0.06
412563,0.03
412564,0.11
412565,0.14
412593,0.09
412598,0.2
412602,0.07
412610,0.07
412611,0.18
412612,0.0
412613,0.11
412621,0.06
412622,0.04
412623,0.0
412624,0.07
412637,0.01
412638,0.12
412639,0.19
412640,0.07
412641,0.01
412642,0.05
412643,0.14
412644,0.06
412651,0.2
412667,0.09
412669,0.09
412686,0.1
412712,0.12
412713,0.14
412714,0.0
412715,0.17
412720,0.22
412728,0.03
412738,0.0
412739,0.01
412740,0.07
412741,0.1
412753,0.06
412754,0.01
412762,0.16
412764,0.03
412765,0.14
412775,0.02
412776,0.04
412777,0.02
412778,0.25
412800,0.03
412801,0.02
412802,0.18
412829,0.05
412854,0.26
412855,0.15
412861,0.11
412862,0.24
412863,0.1
412883,0.02
412884,0.0
412886,0.15
412898,0.06
412899,0.06
412900,0.03
412922,0.18
412941,0.18
412959,0.02
412967,0.08
412980,0.06
412997,0.05
413016,0.06
413017,0.47
413027,0.09
413034,0.11
413038,0.18
413054,0.07
413059,0.04
413065,0.0
413073,0.08
413075,0.27
413081,0.09
413089,0.15
413091,0.26
413094,0.04
413104,0.07
413107,0.26
413110,0.07
413113,0.13
413117,0.06
413124,0.18
413126,0.21
413137,0.09
413145,0.05
413146,0.06
413147,0.11
413150,0.02
413159,0.14
413160,0.11
413172,0.26
413179,0.15
413181,0.02
413185,0.02
413188,0.17
413197,0.05
413208,0.16
413215,0.1
413216,0.14
413219,0.06
413232,0.04
413237,0.05
413243,0.38
413249,0.1
413262,0.04
413263,0.08
413271,0.04
413274,0.05
413280,0.18
413296,0.15
413299,0.15
413303,0.08
413320,0.13
413324,0.09
413325,0.06
413335,0.02
413341,0.14
413342,0.01
413351,0.2
413352,0.06
413359,0.04
413373,0.06
413374,0.12
413375,0.04
413376,0.1
413377,0.11
413383,0.32
413384,0.08
413392,0.13
413393,0.2
413395,0.05
413424,0.08
413425,0.01
413457,0.08
413458,0.2
413459,0.1
413460,0.0
413465,0.08
413466,0.11
413467,0.01
413468,0.07
413475,0.07
413476,0.09
413477,0.27
413478,0.13
413479,0.04
413489,0.1
413491,0.03
413492,0.04
413493,0.13
413494,0.07
413495,0.1
413498,0.13
413499,0.11
413545,0.07
413549,0.04
413550,0.09
413551,0.02
413552,0.2
413553,0.1
413554,0.06
413558,0.13
413559,0.14
413562,0.01
413563,0.03
413564,0.03
413592,0.11
413593,0.03
413594,0.1
413595,0.05
413596,0.16
413597,0.07
413604,0.04
413605,0.05
413606,0.05
413607,0.01
413616,0.27
413617,0.07
413618,0.08
413625,0.11
413626,0.16
413627,0.05
413628,0.03
413629,0.02
413630,0.13
413631,0.09
413632,0.11
413633,0.26
413634,0.08
413635,0.21
413636,0.06
413644,0.08
413645,0.06
413646,0.02
413683,0.09
413685,0.04
413686,0.21
413690,0.02
413691,0.01
413692,0.1
413693,0.08
413694,0.15
413695,0.08
413696,0.15
413702,0.04
413707,0.04
413708,0.22
413709,0.07
413730,0.08
413731,0.08
413732,0.09
413733,0.04
413734,0.05
413736,0.15
413748,0.0
413749,0.14
413751,0.12
413752,0.34
413754,0.06
413755,0.25
413756,0.13
413757,0.03
413758,0.2
413759,0.08
413760,0.05
413764,0.01
413765,0.11
413766,0.11
413767,0.04
413768,0.05
413769,0.01
413770,0.04
413776,0.01
413777,0.02
413778,0.05
413797,0.08
413824,0.06
413828,0.06
413831,0.26
413834,0.08
413841,0.02
413848,0.03
413850,0.01
413851,0.23
413857,0.04
413860,0.02
413867,0.08
413868,0.03
413871,0.11
413878,0.08
413882,0.05
413885,0.0
413886,0.06
413892,0.03
413896,0.22
413897,0.07
413917,0.19
413921,0.05
413934,0.2
413941,0.01
413953,0.11
413958,0.09
413967,0.11
413971,0.01
413975,0.13
413978,0.08
413983,0.1
413984,0.0
413989,0.13
413992,0.03
414001,0.15
414002,0.07
414003,0.09
414007,0.1
414008,0.04
414016,0.12
414022,0.18
414026,0.3
414041,0.06
414042,0.21
414045,0.04
414047,0.09
414050,0.26
414061,0.0
414068,0.14
414076,0.07
414093,0.17
414102,0.02
414109,0.16
414117,0.04
414144,0.06
414149,0.03
414160,0.02
414166,0.31
414171,0.29
414172,0.13
414183,0.06
414186,0.11
414192,0.18
414194,0.09
414203,0.27
414206,0.05
414207,0.03
414229,0.04
414231,0.01
414248,0.13
414251,0.02
414252,0.07
414253,0.29
414254,0.09
414255,0.04
414262,0.1
414265,0.27
414266,0.21
414267,0.04
414269,0.04
414270,0.1
414271,0.13
414272,0.16
414273,0.07
414275,0.04
414323,0.32
414324,0.06
414328,0.04
414329,0.08
414333,0.11
414341,0.07
414357,0.03
414358,0.03
414359,0.13
414362,0.09
414363,0.16
414368,0.03
414372,0.05
414375,0.09
414376,0.01
414382,0.08
414383,0.15
414480,0.01
414481,0.17
414484,0.39
414485,0.06
414486,0.06
414487,0.27
414488,0.07
414489,0.03
414492,0.07
414493,0.37
414497,0.03
414501,0.24
414543,0.12
414544,0.12
414559,0.08
414560,0.04
414561,0.01
414573,0.17
414574,0.16
414575,0.14
414577,0.11
414584,0.22
414585,0.05
414586,0.13
414590,0.07
414591,0.06
414593,0.22
414597,0.03
414598,0.33
414621,0.16
414635,0.19
414639,0.0
414640,0.0
414648,0.21
414656,0.03
414659,0.1
414660,0.03
414663,0.15
414683,0.06
414691,0.18
414700,0.02
414705,0.11
414708,0.08
414711,0.01
414712,0.03
414716,0.07
414720,0.09
414733,0.02
414740,0.16
414748,0.05
414767,0.14
414771,0.23
414779,0.03
414785,0.11
414787,0.14
414793,0.02
414816,0.08
414830,0.06
414831,0.29
414859,0.0
414864,0.06
414867,0.18
414871,0.09
414879,0.03
414892,0.24
414895,0.12
414911,0.25
414915,0.04
414922,0.13
414939,0.1
414945,0.03
414960,0.05
414969,0.15
414973,0.06
414979,0.05
414985,0.01
414992,0.1
414996,0.16
415000,0.01
415001,0.11
415005,0.02
415024,0.11
415038,0.06
415041,0.09
415049,0.11
415055,0.06
415061,0.16
415064,0.08
415069,0.22
415070,0.17
415071,0.0
415072,0.12
415074,0.0
415078,0.19
415079,0.01
415080,0.14
415081,0.25
415082,0.13
415085,0.08
415086,0.05
415089,0.11
415090,0.14
415091,0.17
415092,0.11
415095,0.1
415100,0.3
415101,0.03
415102,0.2
415103,0.05
415104,0.05
415106,0.13
415107,0.09
415108,0.13
415109,0.13
415110,0.06
415111,0.06
415113,0.02
415114,0.07
415115,0.04
415116,0.02
415117,0.04
415118,0.14
415119,0.31
415120,0.07
415121,0.09
415122,0.13
415123,0.03
415124,0.21
415126,0.11
415152,0.05
415205,0.11
415209,0.04
415326,0.08
415409,0.0
415414,0.05
415430,0.09
415466,0.19
415467,0.24
415473,0.11
415474,0.03
415479,0.03
415480,0.09
415486,0.02
415488,0.06
415489,0.07
415490,0.13
415493,0.09
415494,0.05
415497,0.02
415498,0.18
415499,0.03
415505,0.18
415506,0.04
415509,0.07
415511,0.09
415514,0.07
415517,0.31
415519,0.03
415521,0.21
415522,0.06
415523,0.03
415525,0.01
415527,0.09
415529,0.0
415531,0.17
415533,0.11
415534,0.13
415536,0.04
415537,0.07
415539,0.16
415540,0.08
415541,0.21
415542,0.1
415543,0.02
415544,0.06
415545,0.03
415546,0.15
415547,0.02
415548,0.06
415549,0.21
415550,0.08
415652,0.04
415654,0.05
415686,0.21
415687,0.03
415695,0.03
415698,0.11
415701,0.14
415705,0.2
415707,0.13
415709,0.02
415712,0.14
415718,0.1
415724,0.06
415729,0.01
415730,0.21
415731,0.12
415733,0.06
415736,0.04
415737,0.07
415738,0.33
415741,0.04
415742,0.25
415743,0.05
415744,0.02
415745,0.02
415746,0.07
415747,0.13
415749,0.02
415750,0.07
415751,0.15
415752,0.1
415753,0.29
415754,0.05
415755,0.07
415756,0.05
415757,0.1
415850,0.15
415874,0.04
415930,0.13
415962,0.22
415994,0.17
415995,0.08
416088,0.14
416129,0.18
416228,0.04
416229,0.09
416239,0.08
416243,0.1
416245,0.13
416253,0.06
416263,0.03
416264,0.05
416265,0.17
416269,0.22
416272,0.26
416273,0.09
416274,0.11
416275,0.09
416276,0.08
416277,0.12
416278,0.09
416280,0.05
416283,0.17
416287,0.06
416288,0.07
416291,0.05
416292,0.22
416294,0.23
416295,0.29
416296,0.14
416300,0.0
416301,0.11
416302,0.05
416303,0.03
416305,0.18
416306,0.16
416307,0.12
416309,0.04
416310,0.23
416311,0.17
416312,0.08
416313,0.17
416314,0.02
416315,0.07
416316,0.07
416426,0.01
416435,0.0
416444,0.09
416477,0.29
416484,0.1
416488,0.13
416502,0.04
416542,0.06
416582,0.11
416647,0.05
416658,0.07
416659,0.1
416675,0.04
416676,0.17
416696,0.23
416721,0.12
416729,0.07
416743,0.24
416744,0.36
416761,0.09
416793,0.13
416826,0.03
416848,0.06
416850,0.1
416860,0.1
416861,0.35
416862,0.04
416865,0.04
416870,0.11
416871,0.09
416872,0.05
416874,0.08
416877,0.0
416879,0.02
416881,0.07
416882,0.04
416883,0.01
416884,0.05
416885,0.06
416886,0.04
416887,0.06
416888,0.3
416890,0.0
416893,0.04
416894,0.08
416895,0.09
416896,0.01
416897,0.06
416899,0.03
416900,0.02
416901,0.0
416902,0.02
416903,0.12
417043,0.0
417159,0.01
417182,0.17
417183,0.13
417187,0.03
417209,0.03
417226,0.4
417228,0.14
417232,0.05
417234,0.01
417241,0.02
417245,0.11
417246,0.19
417247,0.19
417250,0.3
417251,0.02
417253,0.03
417254,0.01
417255,0.07
417256,0.17
417257,0.05
417258,0.08
417259,0.0
417260,0.02
417261,0.03
417263,0.15
417264,0.03
417265,0.09
417266,0.02
417267,0.17
417268,0.06
417338,0.02
417342,0.21
417349,0.03
417382,0.08
417388,0.07
417389,0.19
417393,0.14
417395,0.15
417397,0.03
417398,0.04
417401,0.09
417403,0.18
417406,0.12
417407,0.18
417408,0.2
417409,0.06
417411,0.07
417412,0.01
417414,0.05
417416,0.12
417417,0.21
417420,0.04
417421,0.26
417422,0.15
417423,0.1
417426,0.0
417427,0.11
417428,0.05
417429,0.01
417430,0.11
417431,0.03
417432,0.02
417433,0.11
417435,0.02
417436,0.07
417438,0.12
417439,0.03
417440,0.06
417441,0.03
417442,0.25
417443,0.04
417444,0.03
417445,0.14
417446,0.07
417447,0.13
417448,0.1
417449,0.24
417450,0.12
417451,0.06
417452,0.01
417453,0.07
417454,0.18
417455,0.27
417456,0.03
417457,0.05
417513,0.01
417544,0.11
417555,0.08
417567,0.09
417612,0.09
417625,0.06
417626,0.08
417627,0.16
417648,0.1
417735,0.0
417736,0.14
417749,0.06
417778,0.05
417863,0.19
417893,0.15
417895,0.05
417903,0.01
417910,0.1
417915,0.16
417925,0.06
417927,0.02
417940,0.05
417949,0.07
417950,0.04
417952,0.02
417956,0.05
417969,0.06
417970,0.19
417974,0.07
417975,0.01
417976,0.05
417980,0.0
417982,0.04
417983,0.02
417987,0.01
417988,0.21
417989,0.11
417990,0.26
417993,0.03
417994,0.02
417995,0.02
417996,0.05
417997,0.03
417998,0.17
417999,0.15
418000,0.12
418001,0.06
418002,0.04
418003,0.21
418004,0.12
418005,0.17
418006,0.02
418009,0.32
418011,0.09
418012,0.05
418013,0.1
418014,0.22
418015,0.24
418029,0.08
418030,0.12
418132,0.23
418217,0.25
418222,0.09
418237,0.09
418272,0.11
418343,0.32
418344,0.03
418345,0.04
418386,0.06
418387,0.07
418402,0.1
418436,0.05
418456,0.26
418458,0.07
418460,0.16
418487,0.16
418514,0.14
418519,0.01
418532,0.03
418539,0.01
418549,0.09
418555,0.01
418556,0.22
418558,0.13
418559,0.01
418562,0.07
418568,0.34
418576,0.02
418578,0.21
418580,0.15
418581,0.17
418582,0.11
418584,0.05
418585,0.12
418587,0.06
418591,0.04
418592,0.12
418593,0.06
418595,0.02
418596,0.05
418597,0.03
418598,0.03
418599,0.01
418600,0.03
418601,0.11
418602,0.2
418603,0.2
418604,0.1
418606,0.07
418607,0.18
418608,0.16
418609,0.07
418610,0.1
418611,0.17
418612,0.04
418613,0.05
418614,0.14
418615,0.15
418616,0.05
418618,0.37
418651,0.07
418652,0.02
418653,0.08
418658,0.18
418692,0.26
418749,0.19
418820,0.1
418843,0.05
418863,0.08
418915,0.01
418938,0.17
418957,0.07
419024,0.14
419061,0.06
419063,0.22
419076,0.06
419093,0.08
419131,0.09
419132,0.17
419138,0.05
419139,0.06
419141,0.06
419142,0.05
419143,0.05
419145,0.0
419149,0.21
419151,0.07
419152,0.09
419153,0.04
419154,0.12
419155,0.01
419156,0.03
419157,0.02
419158,0.41
419159,0.27
419162,0.01
419163,0.03
419165,0.27
419168,0.13
419169,0.03
419170,0.13
419171,0.14
419172,0.13
419173,0.21
419174,0.01
419175,0.01
419176,0.04
419177,0.11
419178,0.14
419270,0.12
419305,0.15
419330,0.15
419485,0.06
419491,0.04
419499,0.12
419513,0.13
419514,0.06
419535,0.12
419538,0.02
419582,0.22
419601,0.02
419611,0.1
419644,0.14
419648,0.15
419649,0.05
419656,0.02
419671,0.0
419677,0.18
419685,0.11
419688,0.13
419689,0.2
419690,0.09
419691,0.19
419698,0.22
419699,0.11
419701,0.14
419703,0.26
419704,0.08
419705,0.21
419746,0.19
419750,0.09
419767,0.03
419775,0.05
419783,0.08
419787,0.22
419788,0.08
419790,0.05
419791,0.03
419792,0.14
419794,0.14
419795,0.19
419797,0.02
419798,0.06
419799,0.0
419804,0.13
419805,0.17
419806,0.06
419808,0.03
419810,0.05
419811,0.11
419812,0.06
419815,0.04
419816,0.06
419817,0.05
419818,0.3
419820,0.2
419821,0.13
419824,0.13
419825,0.08
419826,0.08
419827,0.02
419828,0.05
419829,0.05
419830,0.28
419831,0.08
419832,0.04
419833,0.15
419834,0.16
419835,0.01
419836,0.08
419837,0.07
419838,0.04
419839,0.07
419840,0.06
419841,0.06
419842,0.11
419843,0.28
419913,0.18
419916,0.03
419955,0.05
419956,0.07
419992,0.0
420150,0.01
420160,0.2
420190,0.04
420195,0.06
420204,0.1
420207,0.07
420210,0.0
420214,0.15
420218,0.0
420219,0.13
420220,0.02
420242,0.06
420249,0.04
420254,0.05
420255,0.08
420258,0.11
420260,0.0
420263,0.26
420265,0.12
420271,0.01
420273,0.18
420274,0.02
420275,0.03
420277,0.02
420278,0.1
420279,0.09
420280,0.14
420281,0.14
420283,0.08
420284,0.06
420285,0.03
420286,0.08
420287,0.04
420288,0.05
420290,0.02
420291,0.06
420293,0.13
420294,0.0
420295,0.14
420296,0.0
420297,0.3
420298,0.04
420299,0.07
420300,0.08
420344,0.15
420345,0.11
420347,0.07
420348,0.11
420349,0.02
420350,0.0
420351,0.03
420352,0.06
420353,0.12
420354,0.15
420355,0.02
420356,0.2
420357,0.12
420358,0.25
420359,0.05
420360,0.02
420361,0.03
420362,0.25
420363,0.07
420364,0.17
420365,0.1
420366,0.07
420383,0.09
420436,0.19
420446,0.03
420554,0.08
420565,0.05
420569,0.08
420573,0.04
420574,0.14
420587,0.2
420589,0.17
420593,0.01
420594,0.17
420595,0.02
420598,0.05
420601,0.05
420602,0.19
420603,0.1
420607,0.07
420611,0.03
420613,0.03
420614,0.04
420615,0.16
420616,0.02
420617,0.16
420618,0.07
420619,0.04
420620,0.05
420621,0.06
420622,0.09
420623,0.13
420624,0.08
420625,0.03
420626,0.1
420627,0.09
420628,0.01
420629,0.0
420631,0.01
420633,0.05
420634,0.22
420635,0.0
420636,0.08
420637,0.1
420662,0.03
420727,0.1
420728,0.16
420733,0.24
420787,0.04
420789,0.0
420792,0.08
420797,0.03
420814,0.05
420833,0.34
420839,0.03
420841,0.2
420843,0.12
420844,0.12
420847,0.18
420849,0.03
420851,0.14
420853,0.05
420854,0.04
420855,0.03
420856,0.04
420857,0.08
420858,0.1
420859,0.03
420860,0.3
420861,0.08
420862,0.17
420863,0.05
420864,0.1
420866,0.38
420867,0.06
420868,0.08
420869,0.02
420870,0.0
420871,0.06
420872,0.16
420873,0.01
420874,0.08
420875,0.14
420876,0.05
420878,0.01
420879,0.11
420880,0.02
420881,0.03
420882,0.04
420883,0.13
420884,0.27
420885,0.06
420886,0.08
420887,0.07
420888,0.06
420905,0.01
421015,0.05
421200,0.19
421269,0.08
421272,0.1
421290,0.19
421323,0.24
421342,0.05
421349,0.06
421355,0.15
421356,0.14
421363,0.21
421365,0.11
421381,0.04
421383,0.03
421386,0.38
421394,0.0
421395,0.03
421399,0.11
421431,0.19
421467,0.19
421554,0.3
421557,0.09
421558,0.03
421562,0.03
421614,0.17
421690,0.03
421758,0.26
421776,0.06
421827,0.07
421828,0.04
421829,0.04
421848,0.06
421862,0.04
421863,0.06
421868,0.0
421884,0.09
421921,0.08
421924,0.15
421958,0.13
421961,0.03
421964,0.06
421968,0.03
421974,0.07
421975,0.0
421977,0.07
421978,0.32
421979,0.01
421980,0.14
421982,0.14
421985,0.17
421986,0.26
421987,0.03
421988,0.03
421989,0.12
421990,0.05
421991,0.11
421993,0.11
421994,0.14
421996,0.44
421997,0.01
421998,0.14
421999,0.06
422000,0.21
422001,0.04
422002,0.07
422004,0.19
422005,0.13
422007,0.04
422008,0.0
422010,0.11
422011,0.03
422012,0.01
422014,0.02
422015,0.28
422016,0.07
422017,0.04
422018,0.13
422019,0.23
422039,0.03
422041,0.02
422042,0.03
422043,0.03
422044,0.11
422045,0.17
422047,0.06
422048,0.01
422049,0.04
422050,0.03
422051,0.16
422053,0.12
422054,0.06
422055,0.06
422056,0.16
422057,0.03
422058,0.22
422059,0.12
422060,0.03
422063,0.08
422064,0.04
422065,0.07
422066,0.02
422067,0.04
422068,0.08
422069,0.12
422070,0.03
422071,0.07
422072,0.02
422074,0.14
422152,0.0
422210,0.15
422227,0.22
422308,0.05
422339,0.06
422368,0.1
422391,0.0
422407,0.25
422485,0.1
422491,0.14
422506,0.02
422508,0.24
422512,0.16
422513,0.05
422514,0.0
422518,0.03
422519,0.05
422523,0.09
422524,0.14
422525,0.03
422526,0.0
422527,0.06
422531,0.22
422533,0.06
422534,0.1
422536,0.08
422537,0.01
422538,0.19
422540,0.09
422541,0.13
422543,0.01
422544,0.37
422545,0.03
422546,0.01
422547,0.19
422548,0.22
422549,0.13
422550,0.05
422551,0.01
422552,0.04
422553,0.13
422554,0.37
422555,0.17
422556,0.02
422639,0.02
422667,0.14
422734,0.07
422748,0.11
422749,0.2
422796,0.06
422810,0.08
422839,0.24
422850,0.08
422891,0.13
422940,0.08
422962,0.23
422964,0.24
423009,0.19
423022,0.09
423041,0.25
423046,0.13
423052,0.05
423055,0.07
423061,0.28
423075,0.12
423076,0.03
423077,0.16
423081,0.09
423083,0.09
423087,0.11
423089,0.05
423091,0.06
423098,0.13
423105,0.17
423106,0.13
423107,0.04
423114,0.13
423116,0.09
423120,0.09
423121,0.16
423125,0.09
423132,0.11
423133,0.01
423134,0.23
423135,0.08
423137,0.04
423138,0.13
423139,0.13
423140,0.05
423141,0.14
423143,0.07
423144,0.11
423145,0.05
423146,0.19
423147,0.05
423148,0.17
423149,0.07
423150,0.09
423151,0.08
423152,0.01
423153,0.29
423154,0.03
423155,0.11
423156,0.03
423157,0.05
423158,0.04
423159,0.06
423228,0.15
423237,0.31
423386,0.27
423416,0.12
423417,0.05
423489,0.14
423503,0.25
423522,0.34
423571,0.0
423574,0.05
423580,0.21
423621,0.23
423622,0.17
423624,0.04
423629,0.07
423631,0.24
423648,0.02
423651,0.01
423652,0.14
423658,0.12
423663,0.02
423664,0.02
423665,0.02
423668,0.12
423670,0.15
423671,0.11
423672,0.07
423679,0.02
423681,0.18
423687,0.11
423688,0.13
423690,0.02
423691,0.05
423693,0.1
423696,0.16
423698,0.16
423699,0.22
423700,0.15
423701,0.11
423702,0.11
423703,0.01
423704,0.05
423706,0.08
423707,0.13
423708,0.01
423709,0.11
423710,0.09
423711,0.07
423712,0.18
423713,0.1
423714,0.36
423715,0.06
423717,0.18
423718,0.02
423719,0.09
423720,0.09
423721,0.08
423722,0.1
423723,0.19
423724,0.05
423726,0.05
423730,0.04
423734,0.06
423735,0.07
423736,0.06
423737,0.03
423738,0.08
423739,0.11
423740,0.01
423741,0.01
423742,0.16
423743,0.13
423746,0.01
423747,0.05
423748,0.1
423749,0.12
423750,0.28
423751,0.07
423752,0.07
423753,0.14
423754,0.1
423755,0.04
423756,0.11
423800,0.13
423894,0.02
423938,0.12
423939,0.22
423940,0.07
423947,0.02
423957,0.12
423959,0.14
423966,0.4
423968,0.04
423972,0.1
423978,0.12
423979,0.24
423982,0.06
423983,0.04
423986,0.04
423990,0.05
423993,0.02
423994,0.11
423996,0.05
423998,0.01
423999,0.04
424000,0.04
424001,0.13
424002,0.0
424003,0.02
424004,0.06
424005,0.1
424006,0.2
424007,0.1
424008,0.2
424009,0.21
424010,0.09
424011,0.06
424012,0.02
424013,0.13
424014,0.08
424015,0.06
424016,0.04
424161,0.28
424189,0.1
424192,0.02
424198,0.15
424202,0.14
424203,0.07
424207,0.16
424208,0.02
424211,0.02
424214,0.05
424215,0.14
424216,0.07
424220,0.05
424222,0.08
424223,0.03
424232,0.06
424234,0.01
424235,0.06
424236,0.07
424241,0.02
424244,0.1
424245,0.15
424246,0.01
424248,0.12
424249,0.12
424251,0.04
424252,0.09
424253,0.03
424254,0.08
424255,0.04
424256,0.13
424257,0.02
424258,0.23
424259,0.02
424260,0.06
424261,0.05
424262,0.04
424264,0.15
424265,0.07
424266,0.24
424267,0.05
424268,0.03
424270,0.18
424271,0.07
424272,0.09
424273,0.04
424274,0.08
424275,0.22
424320,0.14
424354,0.02
424359,0.04
424360,0.05
424361,0.18
424362,0.06
424363,0.04
424364,0.1
424365,0.04
424491,0.14
424576,0.03
424639,0.05
424640,0.03
424653,0.08
424672,0.29
424708,0.02
424724,0.01
424725,0.11
424734,0.24
424755,0.15
424758,0.15
424765,0.09
424770,0.18
424773,0.2
424780,0.02
424784,0.05
424791,0.1
424797,0.09
424800,0.08
424807,0.01
424809,0.02
424812,0.06
424813,0.05
424816,0.01
424817,0.05
424820,0.15
424822,0.09
424823,0.08
424825,0.06
424826,0.09
424827,0.01
424828,0.16
424830,0.07
424831,0.11
424832,0.15
424833,0.16
424834,0.06
424835,0.16
424836,0.15
424837,0.17
424838,0.03
424839,0.13
424840,0.07
424841,0.13
424843,0.05
424845,0.2
424846,0.01
424847,0.0
424848,0.06
424849,0.15
424850,0.36
424851,0.03
424852,0.02
424853,0.01
424854,0.03
424856,0.04
424857,0.09
424947,0.12
425037,0.21
425039,0.31
425096,0.02
425107,0.13
425156,0.12
425191,0.12
425192,0.05
425230,0.02
425231,0.16
425237,0.13
425281,0.02
425301,0.22
425306,0.16
425312,0.05
425313,0.03
425317,0.01
425326,0.08
425330,0.06
425336,0.23
425338,0.08
425343,0.12
425345,0.03
425360,0.15
425364,0.09
425368,0.08
425369,0.03
425371,0.02
425372,0.05
425373,0.16
425374,0.03
425376,0.27
425379,0.02
425380,0.0
425381,0.01
425382,0.04
425383,0.08
425384,0.2
425385,0.06
425388,0.14
425389,0.13
425390,0.05
425391,0.06
425392,0.25
425394,0.15
425395,0.2
425396,0.16
425397,0.03
425398,0.07
425399,0.08
425400,0.02
425403,0.04
425404,0.16
425405,0.04
425406,0.1
425407,0.16
425408,0.04
425409,0.03
425411,0.02
425412,0.04
425413,0.23
425414,0.18
425415,0.17
425416,0.04
425418,0.03
425419,0.03
425423,0.01
425424,0.03
425425,0.33
425426,0.13
425429,0.03
425430,0.0
425431,0.04
425432,0.01
425433,0.07
425434,0.03
425435,0.1
425437,0.02
425438,0.06
425439,0.1
425440,0.05
425441,0.09
425442,0.11
425444,0.14
425446,0.03
425447,0.07
425448,0.19
425449,0.07
425450,0.13
425451,0.03
425453,0.16
425454,0.22
425455,0.05
425456,0.05
425457,0.06
425458,0.24
425459,0.12
425460,0.02
425461,0.04
425462,0.01
425511,0.06
425601,0.05
425810,0.19
425824,0.08
425830,0.17
425835,0.12
425838,0.04
425865,0.11
425877,0.2
425904,0.1
425905,0.07
425906,0.05
425909,0.02
425911,0.12
425913,0.08
425923,0.05
425932,0.07
425938,0.03
425939,0.09
425943,0.01
425944,0.03
425945,0.01
425946,0.09
425948,0.04
425950,0.1
425952,0.03
425954,0.22
425955,0.07
425957,0.1
425958,0.04
425959,0.21
425960,0.17
425961,0.25
425962,0.06
425964,0.14
425965,0.03
425966,0.1
425967,0.05
425968,0.2
425969,0.06
425970,0.06
425971,0.07
425972,0.05
425976,0.17
426050,0.0
426051,0.16
426052,0.06
426053,0.03
426124,0.14
426132,0.11
426154,0.26
426192,0.07
426235,0.01
426297,0.11
426387,0.12
426396,0.04
426436,0.11
426437,0.07
426460,0.06
426466,0.05
426469,0.03
426510,0.25
426617,0.08
426630,0.04
426631,0.02
426650,0.03
426688,0.07
426691,0.02
426855,0.1
426873,0.35
426890,0.0
426891,0.03
426895,0.02
426928,0.21
426929,0.08
426955,0.14
426957,0.22
427007,0.2
427009,0.03
427021,0.09
427023,0.16
427032,0.05
427036,0.01
427040,0.01
427041,0.02
427042,0.13
427044,0.05
427048,0.22
427050,0.07
427054,0.0
427057,0.02
427058,0.03
427059,0.2
427060,0.22
427062,0.0
427063,0.12
427064,0.06
427065,0.02
427067,0.14
427069,0.01
427070,0.03
427071,0.03
427072,0.07
427073,0.05
427074,0.06
427075,0.03
427076,0.04
427077,0.2
427078,0.09
427079,0.09
427080,0.0
427081,0.1
427082,0.14
427088,0.22
427109,0.08
427110,0.17
427111,0.05
427114,0.03
427115,0.15
427120,0.01
427121,0.02
427122,0.18
427125,0.07
427126,0.01
427127,0.06
427128,0.03
427129,0.02
427130,0.22
427131,0.03
427132,0.03
427133,0.0
427134,0.05
427135,0.01
427137,0.14
427138,0.04
427139,0.0
427140,0.12
427142,0.03
427143,0.06
427144,0.08
427145,0.04
427146,0.05
427147,0.1
427148,0.04
427149,0.28
427150,0.08
427151,0.02
427152,0.04
427153,0.02
427154,0.25
427155,0.04
427156,0.06
427157,0.15
427158,0.09
427159,0.14
427160,0.02
427161,0.12
427162,0.18
427163,0.23
427164,0.01
427165,0.01
427254,0.06
427263,0.09
427324,0.05
427330,0.09
427379,0.05
427465,0.03
427485,0.22
427489,0.04
427505,0.11
427567,0.16
427575,0.46
427578,0.19
427589,0.25
427612,0.18
427615,0.07
427618,0.03
427620,0.11
427622,0.08
427627,0.08
427628,0.02
427632,0.02
427634,0.05
427635,0.08
427637,0.11
427639,0.15
427640,0.12
427641,0.02
427642,0.08
427643,0.11
427645,0.15
427646,0.0
427647,0.02
427649,0.02
427650,0.24
427652,0.18
427653,0.11
427654,0.05
427655,0.19
427656,0.01
427657,0.18
427658,0.11
427659,0.07
427660,0.09
427661,0.05
427662,0.03
427663,0.12
427664,0.03
427665,0.02
427666,0.03
427667,0.05
427668,0.11
427669,0.11
427671,0.24
427672,0.24
427673,0.04
427676,0.08
427677,0.0
427703,0.09
427738,0.06
427809,0.02
427881,0.05
427949,0.0
427985,0.39
428047,0.05
428054,0.42
428080,0.11
428143,0.17
428162,0.22
428166,0.02
428187,0.01
428188,0.15
428189,0.03
428195,0.0
428196,0.13
428198,0.18
428200,0.03
428201,0.05
428204,0.27
428206,0.1
428207,0.16
428208,0.21
428210,0.04
428211,0.06
428212,0.15
428213,0.07
428215,0.01
428217,0.09
428218,0.18
428219,0.02
428220,0.01
428222,0.18
428223,0.02
428224,0.06
428225,0.04
428227,0.02
428228,0.14
428229,0.1
428230,0.06
428231,0.03
428232,0.06
428233,0.04
428234,0.05
428235,0.45
428236,0.07
428237,0.14
428238,0.08
428240,0.03
428241,0.04
428242,0.0
428243,0.13
428244,0.07
428311,0.07
428312,0.09
428313,0.2
428314,0.13
428409,0.05
428416,0.01
428423,0.04
428424,0.17
428463,0.03
428485,0.18
428517,0.03
428518,0.09
428561,0.06
428565,0.07
428590,0.03
428597,0.06
428614,0.07
428616,0.21
428621,0.02
428626,0.05
428629,0.05
428636,0.2
428647,0.03
428654,0.0
428659,0.03
428686,0.06
428690,0.03
428701,0.03
428708,0.16
428714,0.05
428722,0.07
428729,0.01
428745,0.04
428751,0.04
428757,0.05
428764,0.03
428774,0.06
428778,0.06
428783,0.11
428789,0.03
428797,0.14
428799,0.08
428801,0.22
428804,0.04
428806,0.08
428813,0.03
428816,0.02
428821,0.11
428832,0.06
428839,0.02
428842,0.26
428850,0.17
428859,0.0
428871,0.02
428907,0.15
428913,0.03
428920,0.26
428924,0.03
428928,0.05
428930,0.06
428933,0.08
428938,0.12
428944,0.29
428948,0.17
428963,0.1
428975,0.18
428979,0.04
428982,0.23
428984,0.04
428987,0.05
429015,0.01
429018,0.18
429028,0.02
429035,0.19
429037,0.06
429042,0.0
429055,0.06
429066,0.04
429067,0.38
429069,0.01
429077,0.1
429078,0.13
429083,0.0
429091,0.16
429093,0.01
429094,0.08
429103,0.13
429109,0.08
429121,0.21
429129,0.01
429134,0.05
429138,0.06
429164,0.12
429173,0.06
429182,0.03
429190,0.08
429199,0.0
429219,0.16
429224,0.04
429226,0.16
429230,0.05
429239,0.15
429243,0.12
429256,0.11
429266,0.08
429269,0.11
429294,0.02
429295,0.14
429297,0.15
429299,0.04
429302,0.04
429305,0.19
429308,0.01
429314,0.28
429318,0.07
429348,0.02
429356,0.32
429359,0.13
429372,0.1
429373,0.17
429384,0.23
429385,0.15
429398,0.07
429405,0.23
429407,0.02
429408,0.09
429412,0.1
429414,0.26
429415,0.23
429421,0.12
429422,0.04
429430,0.08
429432,0.04
429440,0.18
429442,0.24
429451,0.31
429459,0.02
429469,0.01
429471,0.06
429482,0.02
429483,0.05
429491,0.08
429493,0.18
429496,0.14
429498,0.01
429501,0.07
429502,0.09
429508,0.12
429509,0.03
429511,0.21
429528,0.0
429531,0.15
429539,0.3
429549,0.16
429555,0.03
429557,0.07
429567,0.1
429570,0.08
429576,0.07
429590,0.02
429591,0.31
429597,0.1
429600,0.21
429602,0.0
429604,0.08
429623,0.03
429625,0.07
429626,0.04
429628,0.02
429634,0.06
429637,0.05
429666,0.05
429667,0.1
429670,0.06
429673,0.09
429678,0.04
429693,0.12
429702,0.0
429708,0.02
429737,0.23
429739,0.01
429740,0.01
429750,0.07
429770,0.07
429774,0.04
429777,0.04
429780,0.13
429809,0.07
429810,0.0
429831,0.04
429835,0.04
429838,0.08
429846,0.1
429851,0.21
429852,0.01
429856,0.01
429857,0.19
429866,0.28
429871,0.1
429873,0.15
429879,0.11
429882,0.1
429885,0.04
429890,0.19
429897,0.02
429933,0.05
429936,0.03
429948,0.04
429952,0.18
429967,0.05
429982,0.1
429989,0.14
430000,0.03
430003,0.01
430011,0.12
430019,0.13
430035,0.03
430042,0.14
430047,0.07
430048,0.05
430059,0.01
430060,0.13
430077,0.0
430080,0.15
430083,0.16
430086,0.05
430090,0.21
430103,0.0
430107,0.04
430114,0.03
430116,0.06
430124,0.07
430129,0.05
430132,0.17
430146,0.03
430155,0.05
430156,0.02
430160,0.07
430168,0.08
430170,0.08
430176,0.09
430177,0.28
430186,0.24
430187,0.02
430195,0.09
430198,0.21
430204,0.15
430210,0.07
430211,0.23
430213,0.2
430216,0.16
430217,0.04
430227,0.09
430253,0.18
430266,0.2
430274,0.18
430280,0.01
430300,0.05
430301,0.2
430309,0.05
430313,0.11
430316,0.06
430319,0.1
430332,0.09
430346,0.11
430357,0.15
430359,0.02
430368,0.06
430376,0.08
430383,0.1
430389,0.0
430393,0.15
430394,0.05
430404,0.06
430405,0.07
430407,0.15
430433,0.11
430445,0.0
430446,0.01
430451,0.24
430452,0.03
430459,0.01
430466,0.1
430467,0.08
430473,0.25
430477,0.06
430483,0.13
430512,0.05
430521,0.04
430524,0.04
430529,0.14
430533,0.02
430536,0.08
430538,0.05
430540,0.21
430548,0.06
430549,0.08
430550,0.09
430566,0.18
430574,0.03
430576,0.14
430582,0.19
430585,0.08
430625,0.01
430627,0.04
430629,0.13
430637,0.15
430639,0.06
430641,0.03
430656,0.03
430659,0.0
430661,0.03
430671,0.2
430672,0.23
430673,0.08
430674,0.06
430676,0.02
430691,0.03
430698,0.06
430699,0.11
430708,0.05
430719,0.04
430726,0.04
430728,0.13
430730,0.17
430731,0.06
430732,0.07
430738,0.08
430770,0.15
430782,0.04
430785,0.13
430786,0.14
430806,0.22
430818,0.22
430819,0.05
430820,0.04
430835,0.13
430836,0.02
430837,0.04
430838,0.02
430839,0.08
430847,0.14
430853,0.27
430856,0.03
430876,0.12
430886,0.0
430887,0.18
430889,0.02
430927,0.02
430931,0.01
430939,0.1
430942,0.02
430949,0.08
430957,0.05
430960,0.05
430961,0.1
430962,0.14
430973,0.1
430975,0.01
430976,0.08
430981,0.13
430992,0.02
431007,0.23
431010,0.14
431013,0.05
431023,0.0
431027,0.02
431044,0.09
431056,0.07
431058,0.03
431065,0.0
431077,0.15
431080,0.16
431082,0.03
431088,0.09
431095,0.15
431100,0.06
431106,0.02
431107,0.07
431110,0.05
431114,0.13
431138,0.1
431144,0.1
431162,0.13
431170,0.4
431171,0.13
431176,0.18
431203,0.06
431211,0.25
431212,0.08
431215,0.06
431238,0.28
431241,0.04
431244,0.1
431254,0.1
431263,0.08
431278,0.08
431285,0.07
431286,0.07
431298,0.01
431305,0.07
431315,0.43
431323,0.04
431325,0.01
431334,0.02
431358,0.28
431372,0.03
431373,0.02
431374,0.2
431377,0.13
431386,0.22
431388,0.17
431395,0.01
431396,0.06
431413,0.09
431416,0.12
431418,0.05
431431,0.15
431444,0.11
431449,0.15
431467,0.07
431469,0.03
431479,0.07
431480,0.07
431481,0.03
431488,0.08
431492,0.2
431496,0.16
431497,0.05
431508,0.12
431511,0.09
431517,0.25
431520,0.06
431538,0.09
431540,0.02
431543,0.32
431545,0.0
431560,0.02
431561,0.03
431584,0.17
431591,0.2
431593,0.1
431625,0.02
431630,0.17
431633,0.08
431635,0.02
431649,0.13
431650,0.15
431651,0.06
431652,0.02
431667,0.16
431668,0.24
431672,0.01
431675,0.38
431680,0.22
431682,0.01
431683,0.03
431693,0.02
431697,0.05
431726,0.18
431731,0.09
431732,0.05
431744,0.02
431750,0.0
431755,0.07
431756,0.07
431757,0.09
431765,0.09
431766,0.03
431768,0.03
431770,0.0
431773,0.01
431775,0.13
431777,0.19
431778,0.37
431801,0.21
431807,0.03
431810,0.06
431815,0.05
431816,0.08
431823,0.03
431831,0.13
431837,0.13
431841,0.09
431845,0.01
431854,0.15
431857,0.08
431865,0.09
431866,0.09
431867,0.19
431869,0.03
431889,0.15
431899,0.01
431903,0.13
431909,0.1
431914,0.1
431916,0.04
431918,0.24
431931,0.03
431940,0.06
431948,0.06
431962,0.06
431965,0.0
431974,0.0
431976,0.03
431987,0.02
431988,0.1
431995,0.13
431999,0.22
432003,0.0
432005,0.18
432009,0.03
432011,0.03
432022,0.41
432028,0.14
432030,0.0
432037,0.11
432065,0.09
432070,0.04
432075,0.2
432078,0.24
432080,0.06
432085,0.02
432092,0.1
432111,0.11
432112,0.0
432115,0.01
432117,0.11
432118,0.11
432129,0.19
432132,0.06
432133,0.1
432145,0.06
432146,0.1
432148,0.05
432156,0.05
432167,0.1
432169,0.02
432188,0.0
432192,0.17
432221,0.05
432226,0.14
432231,0.03
432247,0.06
432252,0.08
432254,0.08
432263,0.2
432265,0.09
432271,0.11
432280,0.02
432282,0.04
432284,0.01
432291,0.27
432296,0.06
432298,0.2
432301,0.07
432309,0.18
432312,0.04
432320,0.01
432324,0.0
432330,0.03
432339,0.04
432356,0.04
432357,0.03
432362,0.04
432365,0.02
432366,0.14
432370,0.11
432377,0.11
432384,0.18
432391,0.07
432405,0.03
432406,0.15
432414,0.19
432415,0.03
432417,0.03
432419,0.01
432424,0.03
432425,0.01
432432,0.11
432438,0.02
432441,0.02
432444,0.34
432446,0.28
432452,0.07
432454,0.06
432473,0.31
432482,0.15
432489,0.11
432492,0.2
432495,0.12
432501,0.2
432507,0.0
432509,0.21
432510,0.02
432522,0.03
432525,0.06
432526,0.22
432527,0.19
432532,0.01
432535,0.04
432544,0.02
432547,0.05
432551,0.05
432553,0.01
432555,0.01
432560,0.05
432569,0.05
432577,0.06
432585,0.1
432590,0.02
432591,0.04
432594,0.04
432607,0.09
432608,0.11
432609,0.05
432612,0.09
432613,0.03
432616,0.12
432618,0.28
432622,0.02
432626,0.02
432639,0.08
432640,0.1
432642,0.14
432648,0.06
432653,0.03
432661,0.17
432668,0.07
432682,0.1
432686,0.18
432693,0.01
432695,0.24
432696,0.13
432698,0.07
432699,0.07
432702,0.13
432707,0.08
432712,0.03
432719,0.03
432724,0.03
432728,0.13
432737,0.12
432745,0.19
432746,0.15
432749,0.3
432752,0.02
432758,0.02
432769,0.15
432770,0.13
432771,0.05
432788,0.03
432804,0.18
432807,0.28
432830,0.23
432831,0.05
432842,0.18
432849,0.1
432876,0.17
432886,0.04
432888,0.03
432897,0.05
432918,0.07
432919,0.08
432920,0.05
432921,0.16
432930,0.22
432932,0.11
432943,0.05
432944,0.13
432951,0.06
432952,0.03
432965,0.11
432969,0.0
432981,0.01
432985,0.03
432986,0.0
432988,0.15
432991,0.01
432992,0.09
433002,0.07
433018,0.06
433019,0.06
433021,0.02
433024,0.03
433031,0.02
433035,0.12
433047,0.19
433050,0.0
433051,0.02
433055,0.0
433058,0.03
433069,0.04
433079,0.14
433098,0.16
433099,0.03
433104,0.09
433112,0.05
433117,0.03
433119,0.01
433130,0.0
433132,0.14
433158,0.15
433159,0.03
433162,0.04
433166,0.26
433169,0.15
433173,0.04
433174,0.21
433183,0.24
433184,0.08
433198,0.06
433205,0.27
433221,0.03
433271,0.35
433274,0.04
433276,0.1
433281,0.07
433283,0.04
433296,0.02
433300,0.1
433304,0.07
433308,0.03
433312,0.0
433313,0.13
433319,0.04
433332,0.14
433342,0.12
433343,0.09
433344,0.07
433345,0.03
433347,0.05
433350,0.03
433355,0.28
433356,0.01
433359,0.02
433361,0.11
433363,0.09
433370,0.04
433371,0.03
433374,0.07
433384,0.08
433390,0.05
433392,0.02
433396,0.15
433403,0.06
433405,0.04
433408,0.29
433410,0.18
433411,0.06
433424,0.19
433431,0.0
433432,0.14
433440,0.04
433441,0.11
433451,0.18
433452,0.05
433459,0.02
433463,0.04
433464,0.02
433470,0.03
433480,0.09
433482,0.15
433485,0.05
433494,0.16
433495,0.06
433496,0.01
433505,0.02
433509,0.01
433515,0.1
433518,0.05
433519,0.28
433527,0.25
433532,0.14
433535,0.03
433539,0.16
433561,0.07
433564,0.27
433566,0.06
433574,0.1
433575,0.04
433584,0.2
433591,0.24
433596,0.15
433598,0.11
433602,0.04
433606,0.1
433611,0.04
433617,0.09
433620,0.25
433628,0.01
433631,0.21
433651,0.02
433653,0.1
433657,0.12
433661,0.06
433662,0.09
433663,0.17
433668,0.11
433670,0.27
433680,0.22
433686,0.35
433709,0.03
433725,0.1
433731,0.02
433735,0.12
433745,0.11
433748,0.03
433754,0.08
433762,0.17
433766,0.03
433767,0.02
433779,0.2
433783,0.07
433785,0.12
433789,0.01
433794,0.07
433799,0.1
433800,0.06
433804,0.08
433816,0.07
433820,0.16
433829,0.03
433837,0.03
433840,0.05
433842,0.08
433849,0.02
433853,0.1
433862,0.04
433872,0.04
433882,0.08
433892,0.06
433896,0.02
433906,0.21
433913,0.25
433914,0.06
433957,0.11
433958,0.18
433965,0.14
433976,0.04
433984,0.08
433995,0.12
433996,0.11
434006,0.32
434007,0.03
434009,0.07
434019,0.1
434024,0.12
434026,0.17
434027,0.05
434034,0.08
434036,0.02
434037,0.14
434046,0.16
434050,0.07
434051,0.01
434052,0.04
434055,0.12
434061,0.11
434064,0.06
434108,0.09
434109,0.23
434121,0.14
434122,0.08
434140,0.02
434151,0.15
434156,0.0
434157,0.14
434160,0.12
434164,0.05
434167,0.02
434169,0.05
434173,0.02
434176,0.13
434177,0.14
434179,0.06
434180,0.02
434183,0.1
434192,0.03
434205,0.04
434209,0.02
434212,0.2
434214,0.26
434216,0.12
434222,0.09
434223,0.01
434224,0.2
434259,0.2
434261,0.03
434263,0.23
434264,0.19
434282,0.05
434283,0.01
434293,0.16
434317,0.15
434322,0.04
434326,0.07
434327,0.05
434328,0.11
434336,0.08
434340,0.07
434342,0.28
434350,0.18
434355,0.05
434375,0.07
434387,0.12
434390,0.0
434391,0.06
434408,0.11
434410,0.07
434423,0.04
434439,0.24
434442,0.1
434445,0.27
434448,0.04
434460,0.05
434465,0.02
434467,0.21
434468,0.06
434501,0.14
434504,0.09
434505,0.11
434507,0.01
434514,0.05
434535,0.03
434538,0.27
434542,0.15
434545,0.17
434554,0.16
434556,0.25
434568,0.28
434569,0.06
434571,0.27
434574,0.16
434579,0.06
434599,0.12
434604,0.33
434606,0.02
434607,0.04
434608,0.02
434610,0.06
434615,0.19
434616,0.09
434619,0.13
434658,0.11
434669,0.02
434675,0.02
434678,0.0
434680,0.14
434690,0.17
434698,0.05
434702,0.17
434704,0.03
434722,0.03
434727,0.25
434730,0.05
434735,0.02
434739,0.03
434765,0.03
434767,0.16
434784,0.18
434787,0.15
434788,0.06
434789,0.0
434790,0.06
434791,0.11
434802,0.08
434806,0.04
434807,0.19
434808,0.22
434815,0.09
434816,0.12
434817,0.15
434818,0.31
434830,0.15
434918,0.12
434920,0.02
434921,0.02
434922,0.22
434937,0.04
434948,0.02
434949,0.2
434952,0.27
434954,0.02
434957,0.01
434968,0.1
434974,0.08
434982,0.03
434986,0.04
434993,0.02
434995,0.21
435005,0.11
435013,0.01
435027,0.06
435034,0.3
435056,0.21
435060,0.14
435062,0.34
435068,0.06
435069,0.14
435071,0.18
435079,0.0
435086,0.24
435092,0.09
435099,0.02
435100,0.09
435108,0.06
435118,0.05
435120,0.09
435129,0.04
435132,0.28
435138,0.01
435139,0.21
435142,0.12
435147,0.07
435148,0.05
435151,0.04
435153,0.01
435154,0.09
435164,0.13
435173,0.1
435174,0.18
435179,0.01
435199,0.03
435202,0.07
435203,0.13
435214,0.21
435217,0.03
435222,0.04
435229,0.33
435239,0.04
435248,0.12
435259,0.13
435260,0.06
435263,0.12
435264,0.16
435267,0.01
435274,0.12
435286,0.03
435296,0.01
435308,0.13
435328,0.21
435333,0.13
435363,0.11
435366,0.1
435375,0.03
435378,0.18
435400,0.13
435408,0.08
435409,0.0
435415,0.02
435419,0.28
435422,0.0
435428,0.23
435432,0.14
435434,0.2
435435,0.13
435440,0.22
435455,0.15
435464,0.19
435470,0.0
435475,0.14
435478,0.01
435480,0.13
435482,0.04
435490,0.0
435507,0.13
435509,0.02
435510,0.04
435519,0.1
435527,0.23
435533,0.02
435534,0.13
435535,0.02
435536,0.01
435540,0.08
435551,0.07
435562,0.34
435564,0.05
435585,0.02
435590,0.01
435609,0.01
435610,0.06
435611,0.06
435623,0.22
435681,0.18
435682,0.09
435683,0.04
435704,0.08
435711,0.09
435713,0.07
435714,0.04
435716,0.05
435717,0.24
435718,0.11
435719,0.14
435741,0.07
435765,0.12
435766,0.0
435767,0.02
435773,0.27
435802,0.02
435806,0.01
435807,0.22
435809,0.02
435811,0.14
435816,0.05
435823,0.2
435835,0.26
435848,0.25
435849,0.15
435858,0.02
435870,0.19
435874,0.12
435890,0.15
435892,0.03
435911,0.04
435915,0.05
435924,0.15
435937,0.03
435943,0.1
435958,0.1
435962,0.04
435965,0.42
435968,0.15
435997,0.01
435998,0.12
435999,0.12
436009,0.05
436021,0.11
436022,0.0
436026,0.16
436032,0.01
436037,0.06
436049,0.01
436058,0.06
436059,0.02
436062,0.2
436068,0.09
436079,0.16
436082,0.07
436083,0.18
436093,0.08
436098,0.05
436113,0.17
436127,0.09
436148,0.01
436152,0.09
436159,0.01
436165,0.03
436170,0.07
436174,0.02
436176,0.09
436183,0.0
436194,0.05
436196,0.03
436204,0.11
436207,0.15
436210,0.01
436219,0.38
436227,0.07
436230,0.06
436233,0.05
436235,0.21
436250,0.06
436260,0.21
436285,0.01
436291,0.06
436304,0.04
436307,0.27
436308,0.12
436311,0.14
436314,0.07
436322,0.08
436323,0.16
436339,0.08
436350,0.05
436358,0.07
436359,0.02
436363,0.04
436365,0.03
436369,0.03
436377,0.07
436378,0.23
436387,0.07
436394,0.14
436397,0.01
436399,0.25
436401,0.2
436404,0.13
436421,0.07
436422,0.16
436426,0.03
436430,0.06
436464,0.06
436471,0.0
436476,0.06
436478,0.02
436486,0.0
436497,0.1
436508,0.01
436509,0.05
436510,0.06
436511,0.35
436528,0.03
436531,0.08
436534,0.19
436535,0.12
436536,0.03
436537,0.07
436560,0.02
436562,0.32
436563,0.16
436564,0.17
436598,0.0
436599,0.06
436600,0.13
436637,0.03
436674,0.01
436706,0.04
436721,0.12
436722,0.09
436735,0.05
436747,0.14
436748,0.1
436750,0.1
436757,0.18
436767,0.02
436771,0.02
436781,0.06
436786,0.02
436799,0.04
436807,0.12
436812,0.02
436821,0.26
436835,0.0
436836,0.26
436846,0.04
436874,0.04
436880,0.23
436882,0.1
436885,0.02
436893,0.06
436894,0.02
436896,0.15
436902,0.02
436918,0.03
436921,0.04
436935,0.02
436955,0.04
436961,0.05
436963,0.04
436964,0.1
436970,0.03
436975,0.06
437005,0.11
437014,0.1
437020,0.04
437043,0.04
437045,0.12
437070,0.09
437078,0.05
437095,0.01
437097,0.03
437123,0.0
437127,0.06
437128,0.09
437130,0.0
437147,0.24
437156,0.01
437157,0.08
437160,0.05
437161,0.1
437169,0.14
437189,0.13
437196,0.34
437198,0.03
437200,0.03
437206,0.05
437211,0.04
437215,0.07
437218,0.1
437226,0.02
437229,0.08
437235,0.02
437244,0.0
437245,0.01
437246,0.1
437264,0.03
437266,0.03
437268,0.12
437269,0.08
437273,0.04
437275,0.1
437276,0.12
437302,0.04
437304,0.27
437305,0.11
437306,0.08
437334,0.03
437335,0.22
437336,0.1
437338,0.11
437343,0.37
437356,0.07
437357,0.02
437358,0.08
437359,0.03
437360,0.22
437393,0.09
437397,0.1
437403,0.14
437409,0.04
437426,0.16
437430,0.19
437446,0.25
437459,0.06
437461,0.01
437462,0.01
437463,0.03
437475,0.02
437478,0.04
437480,0.0
437482,0.19
437486,0.06
437491,0.02
437492,0.13
437493,0.2
437496,0.1
437510,0.06
437515,0.05
437516,0.18
437519,0.02
437522,0.13
437524,0.03
437532,0.05
437538,0.0
437546,0.2
437551,0.09
437553,0.21
437556,0.06
437573,0.2
437575,0.18
437584,0.18
437591,0.24
437592,0.05
437595,0.12
437602,0.0
437610,0.06
437611,0.02
437621,0.16
437622,0.08
437624,0.09
437630,0.15
437631,0.09
437636,0.32
437666,0.02
437672,0.24
437676,0.04
437687,0.05
437689,0.25
437706,0.33
437712,0.03
437735,0.25
437757,0.07
437763,0.15
437790,0.02
437791,0.02
437795,0.05
437803,0.03
437810,0.0
437811,0.17
437813,0.06
437820,0.06
437823,0.05
437832,0.01
437841,0.06
437852,0.09
437858,0.1
437862,0.06
437892,0.1
437896,0.12
437903,0.33
437905,0.01
437911,0.16
437913,0.04
437918,0.1
437922,0.06
437933,0.09
437936,0.02
437945,0.07
437966,0.08
437967,0.18
437972,0.05
437977,0.16
437984,0.32
437996,0.07
437997,0.01
437999,0.09
438001,0.04
438004,0.04
438007,0.23
438029,0.02
438031,0.0
438034,0.07
438038,0.1
438054,0.1
438058,0.02
438064,0.04
438065,0.07
438074,0.1
438084,0.34
438088,0.14
438089,0.05
438090,0.09
438117,0.11
438118,0.1
438151,0.04
438152,0.13
438153,0.16
438154,0.07
438167,0.08
438187,0.05
438192,0.21
438195,0.14
438196,0.4
438220,0.05
438223,0.15
438229,0.06
438256,0.03
438258,0.17
438260,0.16
438264,0.13
438273,0.12
438306,0.11
438307,0.11
438308,0.05
438309,0.04
438310,0.19
438341,0.29
438348,0.01
438349,0.02
438364,0.04
438368,0.08
438380,0.15
438382,0.04
438402,0.0
438404,0.06
438408,0.13
438410,0.15
438429,0.05
438434,0.1
438435,0.08
438437,0.1
438438,0.07
438444,0.1
438471,0.09
438506,0.01
438521,0.01
438524,0.12
438525,0.1
438534,0.19
438541,0.0
438546,0.0
438547,0.16
438564,0.06
438568,0.01
438570,0.02
438578,0.01
438582,0.14
438587,0.12
438604,0.11
438620,0.07
438621,0.01
438624,0.07
438634,0.14
438644,0.07
438645,0.02
438651,0.1
438659,0.25
438660,0.08
438662,0.08
438668,0.01
438673,0.06
438677,0.12
438683,0.26
438687,0.1
438700,0.1
438713,0.06
438714,0.04
438715,0.01
438717,0.13
438721,0.11
438738,0.05
438749,0.0
438750,0.04
438756,0.12
438771,0.0
438777,0.1
438781,0.1
438783,0.24
438786,0.24
438792,0.02
438802,0.08
438808,0.06
438814,0.07
438829,0.06
438846,0.05
438851,0.09
438856,0.27
438858,0.21
438861,0.02
438862,0.18
438876,0.16
438880,0.02
438891,0.12
438896,0.17
438898,0.19
438904,0.14
438908,0.05
438921,0.09
438923,0.13
438929,0.08
438942,0.04
438950,0.09
438979,0.37
438994,0.07
438995,0.02
438996,0.04
439002,0.12
439013,0.07
439015,0.14
439017,0.14
439029,0.02
439047,0.21
439048,0.02
439049,0.22
439050,0.11
439061,0.03
439065,0.29
439069,0.11
439070,0.16
439071,0.21
439072,0.2
439073,0.11
439076,0.03
439077,0.11
439078,0.02
439089,0.03
439095,0.04
439113,0.07
439122,0.02
439127,0.21
439153,0.02
439154,0.1
439157,0.06
439197,0.04
439205,0.21
439207,0.21
439209,0.0
439213,0.11
439218,0.19
439222,0.03
439229,0.12
439233,0.1
439235,0.03
439236,0.02
439239,0.02
439248,0.12
439255,0.15
439265,0.06
439266,0.17
439268,0.04
439270,0.04
439276,0.2
439285,0.01
439294,0.09
439296,0.04
439299,0.23
439310,0.05
439319,0.11
439320,0.04
439325,0.05
439327,0.04
439328,0.03
439334,0.03
439335,0.29
439339,0.03
439343,0.03
439353,0.04
439356,0.06
439374,0.03
439391,0.22
439400,0.22
439405,0.14
439413,0.05
439448,0.1
439451,0.21
439455,0.14
439468,0.22
439472,0.03
439473,0.25
439477,0.0
439483,0.01
439484,0.06
439501,0.12
439505,0.06
439512,0.16
439515,0.18
439525,0.05
439535,0.15
439539,0.02
439548,0.25
439549,0.24
439550,0.16
439551,0.09
439558,0.02
439562,0.0
439566,0.07
439571,0.06
439587,0.06
439591,0.13
439595,0.17
439611,0.14
439614,0.11
439618,0.19
439620,0.17
439626,0.1
439633,0.02
439657,0.11
439660,0.08
439661,0.04
439666,0.04
439673,0.03
439675,0.08
439705,0.08
439707,0.13
439720,0.05
439727,0.14
439733,0.04
439736,0.03
439737,0.08
439746,0.06
439755,0.05
439763,0.08
439765,0.12
439766,0.02
439768,0.18
439774,0.13
439779,0.03
439781,0.18
439784,0.18
439808,0.05
439816,0.04
439818,0.02
439820,0.0
439824,0.05
439830,0.08
439839,0.01
439841,0.18
439845,0.0
439874,0.09
439875,0.03
439879,0.04
439882,0.07
439883,0.26
439900,0.05
439901,0.08
439906,0.11
439909,0.14
439911,0.11
439914,0.0
439936,0.17
439937,0.13
439945,0.09
439950,0.12
439955,0.08
439956,0.03
439971,0.03
439977,0.18
439984,0.15
439985,0.01
439990,0.06
439994,0.08
440003,0.0
440030,0.07
440042,0.06
440048,0.1
440054,0.14
440073,0.1
440074,0.09
440080,0.09
440082,0.05
440085,0.22
440088,0.14
440091,0.04
440100,0.0
440103,0.01
440113,0.23
440119,0.08
440127,0.01
440130,0.02
440131,0.07
440135,0.08
440139,0.07
440147,0.06
440156,0.16
440158,0.04
440162,0.02
440163,0.12
440176,0.01
440181,0.05
440191,0.0
440192,0.11
440215,0.03
440219,0.29
440222,0.08
440238,0.04
440239,0.18
440244,0.1
440245,0.01
440252,0.03
440266,0.04
440267,0.12
440281,0.19
440283,0.04
440292,0.1
440307,0.04
440309,0.02
440313,0.03
440315,0.01
440320,0.02
440332,0.01
440336,0.05
440338,0.1
440342,0.05
440350,0.09
440352,0.03
440356,0.06
440359,0.01
440384,0.04
440395,0.17
440396,0.05
440397,0.09
440401,0.05
440408,0.31
440411,0.11
440425,0.14
440439,0.04
440451,0.25
440460,0.2
440463,0.11
440473,0.03
440479,0.03
440497,0.06
440506,0.03
440509,0.17
440518,0.03
440528,0.06
440536,0.1
440543,0.21
440561,0.0
440562,0.08
440566,0.1
440572,0.13
440574,0.19
440585,0.09
440592,0.05
440601,0.03
440606,0.07
440632,0.12
440643,0.05
440653,0.1
440669,0.07
440682,0.05
440691,0.07
440701,0.03
440706,0.08
440708,0.03
440714,0.28
440721,0.19
440723,0.19
440750,0.03
440759,0.19
440773,0.03
440792,0.22
440793,0.1
440798,0.18
440804,0.06
440819,0.17
440827,0.19
440851,0.09
440861,0.02
440862,0.07
440868,0.01
440874,0.04
440877,0.25
440883,0.02
440884,0.12
440886,0.01
440900,0.12
440902,0.09
440904,0.07
440910,0.09
440913,0.09
440915,0.17
440923,0.04
440924,0.17
440927,0.19
440936,0.13
440968,0.11
440973,0.02
440975,0.11
440979,0.13
440986,0.09
440987,0.09
440995,0.01
440998,0.2
441000,0.0
441004,0.04
441007,0.21
441014,0.19
441026,0.12
441032,0.32
441042,0.02
441051,0.1
441060,0.13
441061,0.12
441081,0.11
441082,0.05
441085,0.01
441087,0.1
441089,0.07
441091,0.06
441095,0.02
441114,0.13
441128,0.2
441138,0.24
441154,0.03
441156,0.07
441157,0.23
441175,0.03
441183,0.13
441189,0.0
441207,0.0
441209,0.07
441217,0.1
441228,0.06
441229,0.01
441239,0.1
441244,0.08
441256,0.05
441275,0.07
441278,0.05
441284,0.01
441288,0.01
441293,0.07
441294,0.16
441297,0.37
441298,0.0
441304,0.05
441316,0.0
441318,0.07
441351,0.12
441354,0.19
441363,0.05
441373,0.17
441375,0.02
441382,0.01
441385,0.07
441388,0.1
441392,0.46
441402,0.15
441413,0.13
441417,0.19
441427,0.07
441437,0.11
441453,0.18
441458,0.06
441459,0.1
441463,0.0
441466,0.09
441475,0.02
441479,0.05
441497,0.06
441501,0.05
441509,0.12
441513,0.15
441546,0.15
441547,0.11
441563,0.31
441565,0.11
441567,0.02
441576,0.23
441577,0.08
441578,0.17
441597,0.11
441607,0.04
441609,0.02
441611,0.03
441613,0.0
441622,0.1
441637,0.04
441638,0.09
441652,0.03
441660,0.09
441667,0.11
441671,0.09
441672,0.05
441675,0.17
441679,0.04
441700,0.19
441701,0.03
441711,0.03
441725,0.04
441732,0.03
441741,0.04
441743,0.08
441761,0.02
441763,0.1
441766,0.12
441778,0.22
441780,0.2
441782,0.02
441785,0.13
441796,0.05
441808,0.1
441809,0.22
441811,0.03
441825,0.06
441828,0.27
441835,0.18
441860,0.15
441865,0.02
441871,0.05
441874,0.04
441876,0.03
441885,0.14
441896,0.05
441908,0.24
441913,0.04
441921,0.14
441926,0.01
441936,0.01
441941,0.04
441947,0.01
441957,0.14
441961,0.08
441969,0.15
441979,0.12
441986,0.07
441987,0.0
441996,0.15
441997,0.04
441998,0.09
442001,0.05
442002,0.1
442003,0.05
442010,0.0
442013,0.18
442015,0.13
442026,0.14
442030,0.04
442032,0.15
442033,0.52
442039,0.21
442049,0.09
442054,0.13
442060,0.02
442065,0.09
442067,0.06
442074,0.07
442076,0.2
442080,0.09
442085,0.05
442093,0.09
442100,0.06
442123,0.06
442124,0.22
442128,0.12
442149,0.15
442151,0.2
442157,0.14
442158,0.04
442159,0.08
442161,0.01
442179,0.04
442187,0.04
442190,0.08
442195,0.03
442199,0.13
442233,0.01
442234,0.28
442235,0.05
442250,0.02
442256,0.05
442258,0.14
442264,0.25
442280,0.03
442288,0.02
442290,0.07
442293,0.06
442299,0.16
442303,0.12
442306,0.03
442308,0.03
442312,0.09
442315,0.1
442320,0.1
442321,0.01
442328,0.31
442331,0.34
442359,0.03
442361,0.03
442366,0.14
442368,0.08
442372,0.12
442378,0.01
442392,0.19
442393,0.04
442399,0.05
442401,0.3
442404,0.07
442405,0.06
442438,0.04
442442,0.15
442451,0.16
442452,0.02
442458,0.1
442461,0.1
442464,0.0
442468,0.1
442479,0.12
442484,0.1
442504,0.09
442505,0.02
442513,0.01
442520,0.01
442527,0.05
442539,0.02
442540,0.12
442541,0.01
442555,0.06
442577,0.38
442586,0.12
442588,0.01
442613,0.08
442616,0.3
442622,0.08
442626,0.07
442627,0.06
442641,0.01
442647,0.03
442653,0.15
442656,0.0
442662,0.16
442672,0.13
442682,0.06
442684,0.06
442685,0.02
442698,0.16
442709,0.01
442716,0.02
442718,0.12
442723,0.07
442724,0.12
442737,0.11
442742,0.2
442743,0.04
442746,0.17
442766,0.02
442767,0.03
442769,0.01
442792,0.05
442797,0.17
442799,0.12
442804,0.1
442807,0.17
442816,0.2
442819,0.09
442826,0.15
442831,0.12
442846,0.13
442854,0.14
442861,0.04
442862,0.06
442870,0.19
442875,0.05
442890,0.01
442891,0.17
442896,0.0
442897,0.11
442902,0.13
442903,0.03
442905,0.06
442915,0.25
442937,0.04
442947,0.24
442949,0.1
442954,0.09
442972,0.1
443012,0.12
443018,0.08
443029,0.08
443031,0.02
443033,0.02
443035,0.22
443039,0.0
443040,0.02
443051,0.11
443062,0.05
443069,0.05
443080,0.08
443081,0.11
443090,0.08
443092,0.02
443106,0.07
443119,0.18
443134,0.03
443161,0.12
443170,0.07
443177,0.07
443189,0.03
443193,0.1
443199,0.06
443212,0.17
443226,0.23
443230,0.03
443239,0.14
443241,0.03
443244,0.04
443249,0.13
443253,0.11
443262,0.0
443264,0.42
443266,0.06
443274,0.02
443283,0.06
443295,0.01
443304,0.07
443313,0.04
443317,0.01
443324,0.05
443339,0.01
443344,0.11
443345,0.06
443352,0.08
443355,0.14
443356,0.17
443360,0.13
443364,0.22
443368,0.03
443375,0.14
443380,0.19
443391,0.15
443392,0.05
443397,0.09
443403,0.1
443406,0.18
443420,0.06
443431,0.02
443441,0.07
443456,0.21
443457,0.15
443459,0.09
443460,0.11
443471,0.03
443474,0.1
443486,0.1
443487,0.09
443490,0.08
443492,0.29
443495,0.15
443505,0.05
443512,0.05
443555,0.01
443576,0.1
443582,0.02
443583,0.0
443585,0.01
443588,0.02
443592,0.03
443596,0.16
443597,0.19
443606,0.08
443607,0.06
443608,0.14
443611,0.04
443612,0.17
443618,0.16
443623,0.04
443632,0.05
443633,0.17
443634,0.04
443637,0.07
443638,0.25
443669,0.02
443672,0.02
443685,0.04
443686,0.01
443694,0.0
443695,0.17
443697,0.28
443700,0.08
443734,0.3
443738,0.11
443742,0.02
443759,0.15
443760,0.07
443770,0.11
443776,0.01
443788,0.0
443791,0.21
443792,0.08
443803,0.01
443808,0.05
443832,0.05
443842,0.05
443847,0.06
443853,0.02
443854,0.16
443868,0.16
443873,0.01
443879,0.02
443883,0.03
443891,0.07
443908,0.06
443910,0.26
443918,0.01
443927,0.03
443935,0.08
443965,0.14
443974,0.06
443984,0.06
443986,0.17
443991,0.04
443996,0.04
444008,0.03
444014,0.04
444015,0.01
444016,0.08
444018,0.11
444053,0.04
444058,0.14
444065,0.03
444069,0.03
444082,0.04
444087,0.01
444089,0.03
444093,0.07
444104,0.02
444113,0.03
444118,0.09
444122,0.08
444123,0.1
444128,0.1
444136,0.03
444152,0.07
444155,0.11
444182,0.0
444183,0.07
444185,0.02
444213,0.05
444229,0.1
444231,0.03
444234,0.04
444240,0.01
444249,0.09
444265,0.23
444268,0.15
444271,0.04
444278,0.02
444279,0.11
444283,0.07
444285,0.05
444291,0.14
444297,0.04
444313,0.13
444318,0.05
444322,0.02
444333,0.02
444334,0.08
444359,0.02
444367,0.08
444369,0.06
444370,0.16
444376,0.06
444384,0.07
444387,0.07
444406,0.03
444409,0.14
444412,0.05
444418,0.12
444420,0.17
444424,0.01
444429,0.0
444432,0.01
444434,0.01
444440,0.02
444444,0.09
444450,0.05
444456,0.01
444457,0.07
444461,0.11
444504,0.13
444515,0.1
444516,0.18
444517,0.03
444519,0.07
444540,0.11
444573,0.08
444581,0.01
444582,0.0
444602,0.32
444605,0.0
444611,0.04
444614,0.04
444622,0.11
444624,0.07
444625,0.09
444639,0.03
444658,0.2
444673,0.06
444696,0.06
444719,0.11
444729,0.07
444737,0.11
444743,0.09
444758,0.03
444764,0.02
444780,0.02
444789,0.03
444795,0.07
444811,0.15
444814,0.01
444825,0.05
444831,0.07
444832,0.0
444835,0.01
444840,0.09
444841,0.07
444842,0.06
444846,0.02
444849,0.08
444867,0.02
444876,0.11
444893,0.02
444896,0.15
444897,0.02
444907,0.04
444908,0.01
444932,0.04
444933,0.06
444936,0.0
444941,0.06
444942,0.07
444950,0.04
444956,0.01
444965,0.02
444966,0.29
444970,0.09
444971,0.13
444978,0.01
444982,0.16
444984,0.16
444986,0.02
445001,0.12
445016,0.03
445027,0.08
445029,0.03
445032,0.04
445037,0.02
445043,0.05
445044,0.14
445047,0.22
445052,0.26
445073,0.11
445075,0.0
445076,0.07
445092,0.13
445095,0.04
445106,0.05
445110,0.07
445123,0.04
445124,0.02
445141,0.05
445151,0.05
445160,0.13
445161,0.13
445164,0.16
445165,0.08
445169,0.01
445175,0.25
445178,0.12
445182,0.15
445183,0.02
445192,0.01
445193,0.05
445200,0.02
445202,0.01
445203,0.03
445207,0.09
445245,0.05
445256,0.09
445282,0.13
445294,0.1
445300,0.18
445316,0.02
445331,0.08
445332,0.02
445343,0.03
445345,0.04
445346,0.07
445354,0.13
445355,0.28
445356,0.07
445366,0.08
445369,0.21
445390,0.15
445392,0.06
445398,0.03
445401,0.04
445417,0.09
445427,0.01
445465,0.07
445469,0.03
445472,0.01
445475,0.28
445483,0.11
445484,0.14
445493,0.21
445496,0.22
445504,0.01
445505,0.2
445507,0.02
445531,0.33
445536,0.07
445544,0.05
445559,0.08
445580,0.06
445589,0.03
445591,0.03
445595,0.07
445601,0.07
445612,0.16
445639,0.05
445656,0.11
445666,0.06
445682,0.18
445686,0.03
445700,0.05
445713,0.26
445716,0.07
445725,0.03
445728,0.08
445731,0.02
445742,0.04
445743,0.27
445755,0.04
445766,0.05
445781,0.31
445798,0.18
445799,0.1
445801,0.12
445810,0.06
445813,0.09
445822,0.06
445824,0.07
445826,0.09
445828,0.21
445829,0.03
445838,0.03
445840,0.03
445845,0.05
445847,0.05
445849,0.07
445852,0.05
445853,0.08
445856,0.15
445863,0.01
445864,0.36
445871,0.15
445907,0.07
445908,0.03
445917,0.06
445919,0.04
445925,0.02
445930,0.1
445938,0.09
445943,0.07
445946,0.02
445948,0.22
445970,0.07
445972,0.1
445974,0.46
445976,0.04
445979,0.17
445993,0.07
446001,0.12
446004,0.03
446025,0.04
446026,0.05
446046,0.08
446048,0.1
446055,0.0
446064,0.11
446068,0.05
446078,0.03
446094,0.01
446096,0.23
446120,0.14
446131,0.08
446139,0.14
446157,0.11
446179,0.12
446180,0.06
446186,0.04
446189,0.17
446200,0.05
446208,0.19
446210,0.11
446214,0.02
446226,0.05
446229,0.11
446237,0.03
446247,0.02
446256,0.03
446273,0.08
446286,0.06
446296,0.04
446302,0.06
446310,0.07
446315,0.08
446319,0.2
446320,0.22
446322,0.09
446356,0.3
446374,0.02
446375,0.03
446406,0.0
446407,0.05
446426,0.09
446428,0.06
446431,0.13
446433,0.03
446437,0.11
446441,0.14
446452,0.08
446464,0.09
446466,0.08
446468,0.17
446469,0.08
446472,0.34
446476,0.12
446478,0.04
446485,0.13
446499,0.12
446503,0.08
446504,0.02
446509,0.21
446512,0.08
446525,0.01
446534,0.02
446535,0.07
446543,0.11
446546,0.04
446550,0.15
446555,0.11
446560,0.01
446564,0.02
446572,0.07
446593,0.16
446616,0.05
446617,0.09
446625,0.05
446626,0.14
446631,0.09
446643,0.06
446647,0.19
446652,0.03
446655,0.07
446657,0.18
446663,0.11
446665,0.23
446676,0.01
446684,0.15
446694,0.0
446699,0.01
446702,0.08
446713,0.09
446720,0.16
446724,0.16
446728,0.06
446730,0.01
446738,0.18
446742,0.0
446743,0.04
446744,0.13
446750,0.05
446759,0.08
446760,0.17
446772,0.11
446786,0.11
446799,0.17
446800,0.14
446803,0.23
446812,0.17
446813,0.23
446815,0.05
446816,0.05
446832,0.18
446845,0.04
446846,0.09
446847,0.17
446850,0.02
446851,0.23
446855,0.06
446856,0.03
446867,0.01
446877,0.25
446880,0.05
446885,0.03
446892,0.02
446905,0.14
446909,0.26
446924,0.0
446935,0.06
446944,0.04
446945,0.05
446949,0.01
446952,0.12
446957,0.02
446961,0.04
446979,0.01
446980,0.07
446987,0.08
446991,0.1
447001,0.02
447013,0.11
447014,0.09
447023,0.19
447062,0.07
447072,0.03
447082,0.14
447084,0.13
447087,0.04
447092,0.14
447106,0.05
447107,0.15
447112,0.01
447147,0.11
447160,0.07
447176,0.1
447184,0.02
447188,0.01
447190,0.05
447191,0.08
447198,0.01
447199,0.08
447200,0.15
447202,0.01
447209,0.21
447210,0.1
447228,0.38
447230,0.07
447235,0.07
447246,0.16
447248,0.02
447263,0.03
447265,0.08
447272,0.0
447285,0.1
447293,0.24
447305,0.03
447312,0.02
447326,0.05
447327,0.06
447361,0.03
447367,0.3
447381,0.02
447387,0.16
447390,0.12
447391,0.21
447416,0.21
447419,0.03
447420,0.04
447422,0.04
447425,0.11
447444,0.11
447458,0.08
447460,0.02
447467,0.06
447479,0.09
447482,0.06
447496,0.05
447504,0.02
447507,0.03
447519,0.0
447522,0.01
447528,0.16
447529,0.05
447532,0.11
447540,0.14
447543,0.15
447546,0.05
447554,0.06
447571,0.03
447575,0.04
447591,0.02
447599,0.27
447600,0.13
447601,0.05
447606,0.07
447607,0.04
447618,0.09
447621,0.03
447633,0.06
447638,0.01
447642,0.04
447644,0.0
447654,0.11
447670,0.09
447671,0.07
447672,0.13
447674,0.12
447676,0.01
447692,0.26
447696,0.21
447698,0.19
447704,0.06
447705,0.02
447708,0.14
447709,0.26
447715,0.04
447727,0.05
447736,0.04
447742,0.03
447743,0.12
447745,0.14
447748,0.19
447751,0.43
447752,0.09
447796,0.03
447810,0.04
447812,0.05
447814,0.32
447815,0.04
447816,0.07
447817,0.27
447835,0.13
447842,0.16
447844,0.03
447862,0.25
447865,0.02
447868,0.15
447873,0.08
447876,0.0
447881,0.16
447882,0.26
447883,0.03
447904,0.06
447907,0.21
447915,0.09
447931,0.05
447945,0.14
447947,0.05
447958,0.0
447967,0.01
447968,0.14
447972,0.33
447975,0.05
447976,0.16
447978,0.01
447983,0.09
447993,0.2
447998,0.25
448001,0.14
448005,0.16
448007,0.09
448011,0.13
448012,0.02
448016,0.15
448030,0.11
448039,0.1
448040,0.05
448045,0.05
448046,0.13
448051,0.16
448084,0.07
448091,0.29
448100,0.1
448125,0.25
448143,0.17
448146,0.11
448150,0.06
448160,0.27
448163,0.09
448165,0.07
448182,0.0
448185,0.04
448188,0.03
448189,0.09
448209,0.1
448210,0.11
448218,0.08
448224,0.23
448241,0.07
448243,0.04
448244,0.01
448245,0.18
448254,0.08
448278,0.1
448279,0.14
448282,0.11
448284,0.03
448285,0.39
448301,0.11
448302,0.29
448305,0.11
448317,0.08
448330,0.14
448335,0.1
448338,0.05
448340,0.01
448341,0.09
448347,0.26
448350,0.05
448353,0.03
448361,0.11
448370,0.08
448380,0.16
448400,0.11
448411,0.1
448412,0.2
448417,0.16
448420,0.12
448422,0.12
448424,0.05
448447,0.22
448459,0.05
448464,0.14
448470,0.07
448490,0.02
448494,0.03
448500,0.29
448515,0.01
448522,0.14
448526,0.11
448536,0.3
448548,0.07
448566,0.14
448573,0.04
448584,0.09
448585,0.05
448597,0.11
448599,0.05
448601,0.02
448604,0.15
448606,0.09
448610,0.05
448642,0.09
448660,0.03
448669,0.12
448674,0.16
448675,0.07
448678,0.03
448690,0.01
448693,0.05
448695,0.15
448700,0.14
448703,0.02
448704,0.22
448707,0.02
448720,0.2
448727,0.24
448728,0.05
448734,0.22
448746,0.11
448755,0.03
448760,0.2
448770,0.07
448778,0.06
448788,0.08
448790,0.03
448801,0.07
448805,0.0
448806,0.0
448812,0.01
448817,0.31
448834,0.02
448837,0.28
448838,0.06
448853,0.09
448856,0.05
448868,0.09
448876,0.03
448909,0.38
448917,0.13
448919,0.11
448922,0.13
448931,0.08
448935,0.05
448937,0.03
448940,0.16
448948,0.09
448958,0.03
448967,0.18
448968,0.03
448973,0.14
448993,0.07
449000,0.11
449011,0.32
449015,0.07
449030,0.02
449035,0.12
449040,0.01
449045,0.03
449060,0.03
449081,0.02
449082,0.05
449087,0.16
449095,0.05
449105,0.07
449110,0.0
449117,0.11
449126,0.15
449134,0.06
449141,0.09
449148,0.21
449155,0.03
449158,0.11
449160,0.11
449178,0.33
449180,0.22
449183,0.06
449186,0.03
449193,0.05
449196,0.03
449203,0.07
449213,0.08
449214,0.03
449215,0.01
449216,0.03
449224,0.02
449227,0.13
449230,0.0
449233,0.23
449253,0.02
449254,0.01
449264,0.32
449289,0.32
449302,0.06
449308,0.07
449314,0.01
449322,0.13
449323,0.07
449364,0.14
449368,0.02
449391,0.01
449403,0.02
449408,0.01
449409,0.1
449412,0.01
449424,0.08
449427,0.04
449462,0.18
449465,0.13
449469,0.11
449475,0.01
449476,0.11
449483,0.04
449484,0.18
449487,0.05
449492,0.03
449499,0.17
449502,0.04
449506,0.07
449508,0.1
449514,0.05
449517,0.21
449534,0.06
449540,0.02
449543,0.07
449545,0.0
449548,0.23
449555,0.08
449556,0.11
449558,0.01
449566,0.14
449574,0.05
449576,0.05
449578,0.0
449581,0.25
449586,0.12
449591,0.06
449594,0.02
449599,0.1
449606,0.0
449615,0.06
449616,0.09
449625,0.06
449633,0.02
449636,0.48
449637,0.14
449642,0.05
449683,0.07
449684,0.02
449711,0.09
449713,0.01
449716,0.09
449741,0.07
449745,0.12
449747,0.11
449756,0.07
449759,0.05
449760,0.09
449768,0.13
449773,0.05
449775,0.06
449780,0.09
449788,0.21
449792,0.07
449802,0.18
449812,0.21
449815,0.18
449818,0.07
449820,0.04
449821,0.05
449822,0.25
449831,0.02
449837,0.19
449855,0.13
449857,0.09
449865,0.03
449866,0.05
449871,0.11
449873,0.04
449874,0.13
449877,0.0
449881,0.07
449889,0.02
449893,0.01
449894,0.17
449897,0.18
449900,0.03
449910,0.0
449924,0.18
449928,0.08
449932,0.2
449942,0.03
449947,0.01
449955,0.06
449972,0.06
449984,0.17
450004,0.07
450027,0.03
450029,0.02
450035,0.04
450038,0.01
450042,0.39
450044,0.06
450060,0.01
450065,0.19
450076,0.04
450081,0.2
450083,0.05
450096,0.03
450102,0.06
450107,0.13
450109,0.13
450110,0.07
450111,0.08
450114,0.05
450117,0.03
450118,0.18
450124,0.22
450141,0.18
450145,0.05
450148,0.1
450169,0.02
450172,0.13
450173,0.05
450180,0.02
450182,0.02
450190,0.05
450200,0.07
450216,0.04
450221,0.07
450227,0.28
450229,0.18
450233,0.09
450244,0.04
450251,0.28
450260,0.02
450266,0.3
450267,0.04
450272,0.05
450280,0.15
450287,0.05
450290,0.06
450291,0.21
450303,0.1
450310,0.03
450311,0.18
450358,0.17
450373,0.08
450376,0.22
450383,0.15
450395,0.15
450398,0.34
450412,0.21
450415,0.08
450420,0.05
450421,0.11
450427,0.1
450428,0.02
450429,0.03
450433,0.04
450443,0.08
450453,0.03
450454,0.02
450458,0.15
450464,0.16
450469,0.14
450475,0.19
450478,0.27
450498,0.1
450501,0.28
450503,0.07
450513,0.37
450523,0.07
450530,0.09
450537,0.08
450543,0.19
450554,0.09
450555,0.03
450558,0.07
450568,0.03
450569,0.03
450580,0.04
450581,0.06
450588,0.0
450589,0.08
450602,0.15
450603,0.02
450621,0.03
450626,0.29
450640,0.02
450641,0.16
450644,0.14
450658,0.09
450672,0.23
450685,0.05
450687,0.17
450689,0.09
450690,0.08
450693,0.0
450699,0.07
450706,0.31
450708,0.15
450710,0.01
450716,0.04
450722,0.15
450752,0.12
450759,0.33
450763,0.2
450767,0.07
450768,0.2
450772,0.04
450778,0.05
450781,0.03
450788,0.11
450792,0.07
450817,0.0
450820,0.01
450835,0.3
450848,0.21
450853,0.23
450865,0.03
450878,0.07
450883,0.01
450885,0.2
450896,0.02
450897,0.03
450898,0.2
450904,0.06
450908,0.23
450917,0.07
450921,0.04
450923,0.17
450926,0.18
450929,0.07
450937,0.12
450963,0.19
450971,0.22
450973,0.02
450978,0.17
450982,0.04
450995,0.15
450997,0.02
451033,0.16
451035,0.11
451037,0.26
451039,0.0
451063,0.05
451079,0.03
451081,0.07
451083,0.02
451100,0.14
451101,0.05
451104,0.04
451109,0.04
451119,0.05
451124,0.01
451126,0.05
451146,0.1
451155,0.1
451156,0.0
451160,0.29
451163,0.03
451168,0.05
451175,0.1
451184,0.06
451189,0.02
451206,0.11
451208,0.01
451225,0.01
451226,0.05
451228,0.27
451230,0.12
451235,0.04
451239,0.0
451242,0.11
451247,0.14
451248,0.04
451255,0.13
451261,0.05
451270,0.15
451277,0.09
451278,0.02
451282,0.07
451283,0.07
451302,0.04
451310,0.09
451315,0.05
451328,0.11
451330,0.13
451331,0.29
451338,0.05
451342,0.13
451347,0.01
451350,0.14
451351,0.06
451354,0.04
451358,0.04
451370,0.05
451379,0.18
451383,0.05
451390,0.19
451391,0.04
451392,0.09
451412,0.02
451422,0.03
451429,0.01
451432,0.12
451437,0.08
451442,0.06
451455,0.09
451457,0.13
451464,0.12
451472,0.02
451474,0.04
451488,0.18
451512,0.09
451516,0.09
451519,0.1
451528,0.03
451531,0.02
451551,0.09
451564,0.04
451570,0.09
451571,0.04
451575,0.12
451576,0.13
451582,0.06
451586,0.08
451587,0.24
451594,0.1
451596,0.09
451600,0.25
451615,0.09
451616,0.2
451646,0.15
451648,0.14
451650,0.01
451651,0.04
451662,0.08
451675,0.03
451680,0.05
451682,0.11
451688,0.05
451691,0.06
451698,0.1
451703,0.08
451709,0.07
451714,0.23
451716,0.0
451719,0.01
451724,0.11
451726,0.08
451733,0.09
451743,0.05
451747,0.07
451756,0.04
451761,0.04
451762,0.09
451768,0.02
451785,0.04
451805,0.05
451811,0.15
451817,0.01
451823,0.16
451831,0.03
451840,0.28
451845,0.04
451852,0.08
451855,0.07
451856,0.04
451871,0.04
451873,0.06
451897,0.06
451907,0.06
451908,0.19
451919,0.02
451932,0.0
451934,0.15
451935,0.13
451936,0.08
451938,0.07
451954,0.05
451958,0.15
451976,0.08
451977,0.03
451983,0.22
452000,0.11
452023,0.05
452024,0.01
452028,0.05
452039,0.07
452043,0.02
452047,0.01
452067,0.16
452069,0.17
452071,0.01
452096,0.29
452101,0.14
452107,0.13
452108,0.09
452109,0.03
452123,0.06
452127,0.08
452131,0.19
452133,0.02
452136,0.14
452137,0.04
452142,0.08
452147,0.18
452158,0.06
452172,0.1
452190,0.16
452191,0.12
452192,0.01
452195,0.02
452209,0.06
452237,0.03
452239,0.03
452242,0.03
452246,0.01
452249,0.01
452263,0.02
452267,0.06
452273,0.01
452274,0.02
452291,0.08
452310,0.22
452319,0.1
452325,0.11
452328,0.1
452330,0.18
452332,0.01
452337,0.02
452353,0.17
452356,0.06
452368,0.02
452379,0.08
452380,0.36
452396,0.04
452398,0.07
452401,0.02
452408,0.09
452409,0.21
452414,0.09
452418,0.12
452422,0.15
452430,0.11
452432,0.04
452451,0.14
452455,0.03
452495,0.02
452497,0.09
452511,0.13
452514,0.05
452522,0.11
452529,0.11
452530,0.19
452542,0.11
452545,0.02
452558,0.03
452592,0.14
452604,0.03
452616,0.0
452619,0.08
452620,0.06
452630,0.0
452644,0.2
452658,0.14
452663,0.17
452668,0.06
452672,0.11
452679,0.05
452685,0.09
452690,0.08
452701,0.18
452702,0.06
452708,0.2
452714,0.1
452718,0.13
452731,0.01
452733,0.33
452741,0.13
452748,0.28
452750,0.08
452753,0.05
452759,0.08
452767,0.05
452768,0.21
452788,0.05
452802,0.06
452807,0.12
452819,0.05
452820,0.01
452821,0.1
452840,0.15
452851,0.03
452861,0.03
452865,0.05
452871,0.07
452882,0.12
452903,0.02
452906,0.12
452907,0.3
452914,0.11
452929,0.03
452931,0.21
452932,0.09
452948,0.08
452950,0.15
452963,0.05
452974,0.01
452982,0.13
452984,0.05
452994,0.12
452995,0.04
452998,0.01
453003,0.23
453021,0.03
453040,0.03
453042,0.16
453052,0.09
453056,0.12
453066,0.08
453067,0.0
453072,0.06
453085,0.11
453093,0.03
453094,0.03
453100,0.03
453101,0.04
453107,0.09
453110,0.06
453111,0.22
453113,0.03
453114,0.16
453124,0.0
453129,0.02
453142,0.17
453145,0.09
453152,0.08
453159,0.02
453168,0.07
453196,0.08
453212,0.1
453214,0.01
453215,0.11
453220,0.05
453230,0.21
453233,0.11
453235,0.04
453244,0.07
453248,0.2
453262,0.0
453268,0.04
453283,0.03
453284,0.09
453287,0.05
453299,0.03
453314,0.06
453322,0.09
453349,0.08
453354,0.08
453356,0.2
453359,0.21
453366,0.07
453367,0.09
453372,0.08
453378,0.23
453390,0.06
453397,0.03
453403,0.06
453406,0.26
453412,0.14
453415,0.35
453428,0.1
453431,0.03
453442,0.14
453449,0.09
453465,0.06
453473,0.33
453476,0.02
453479,0.0
453480,0.02
453481,0.08
453493,0.05
453494,0.05
453507,0.36
453509,0.03
453514,0.12
453524,0.06
453534,0.11
453538,0.08
453544,0.19
453549,0.02
453550,0.17
453551,0.14
453556,0.12
453560,0.25
453566,0.05
453569,0.03
453579,0.06
453582,0.05
453586,0.15
453618,0.03
453620,0.09
453655,0.14
453659,0.09
453668,0.3
453681,0.05
453686,0.1
453687,0.07
453704,0.09
453707,0.07
453708,0.02
453709,0.16
453715,0.02
453721,0.23
453725,0.04
453727,0.04
453747,0.19
453753,0.12
453755,0.07
453761,0.03
453763,0.02
453766,0.06
453774,0.11
453781,0.33
453790,0.03
453797,0.21
453808,0.18
453814,0.16
453836,0.16
453837,0.03
453843,0.07
453844,0.09
453871,0.03
453881,0.11
453892,0.12
453893,0.01
453894,0.03
453895,0.04
453903,0.05
453906,0.04
453918,0.11
453924,0.09
453930,0.09
453940,0.06
453944,0.19
453947,0.26
453949,0.21
453952,0.18
453959,0.2
453971,0.02
453986,0.2
453988,0.06
453989,0.06
453999,0.3
454007,0.1
454021,0.05
454023,0.27
454036,0.09
454046,0.09
454052,0.2
454066,0.04
454070,0.22
454071,0.08
454075,0.17
454080,0.1
454085,0.06
454097,0.19
454103,0.11
454105,0.14
454108,0.04
454109,0.12
454137,0.04
454150,0.01
454155,0.11
454164,0.12
454165,0.06
454170,0.13
454173,0.1
454181,0.07
454183,0.19
454188,0.07
454192,0.05
454198,0.23
454200,0.02
454209,0.04
454211,0.29
454212,0.09
454218,0.2
454220,0.15
454231,0.0
454242,0.02
454245,0.02
454261,0.06
454269,0.11
454271,0.03
454287,0.04
454293,0.16
454296,0.03
454304,0.17
454313,0.16
454315,0.16
454321,0.02
454333,0.17
454334,0.04
454345,0.06
454347,0.15
454361,0.11
454380,0.07
454382,0.24
454386,0.13
454390,0.03
454396,0.05
454398,0.17
454403,0.1
454405,0.13
454406,0.03
454412,0.08
454418,0.26
454436,0.26
454443,0.1
454449,0.14
454457,0.13
454466,0.02
454471,0.19
454476,0.33
454489,0.11
454493,0.16
454495,0.04
454497,0.07
454522,0.03
454554,0.15
454557,0.06
454560,0.04
454561,0.02
454563,0.08
454565,0.09
454566,0.15
454578,0.04
454605,0.05
454608,0.13
454612,0.03
454618,0.07
454622,0.07
454631,0.21
454638,0.06
454639,0.09
454640,0.16
454653,0.28
454663,0.12
454664,0.26
454674,0.25
454678,0.05
454680,0.03
454687,0.06
454690,0.1
454698,0.19
454700,0.05
454707,0.07
454714,0.06
454722,0.11
454723,0.04
454739,0.14
454745,0.01
454763,0.06
454765,0.03
454774,0.08
454778,0.06
454780,0.02
454781,0.13
454789,0.03
454801,0.02
454802,0.03
454835,0.18
454837,0.11
454841,0.07
454872,0.18
454878,0.05
454884,0.02
454891,0.15
454897,0.04
454908,0.04
454912,0.02
454922,0.01
454929,0.14
454935,0.08
454946,0.1
454959,0.11
454970,0.09
454991,0.06
455002,0.14
455005,0.16
455016,0.2
455021,0.12
455022,0.06
455024,0.11
455044,0.05
455050,0.08
455055,0.24
455056,0.03
455067,0.05
455069,0.01
455082,0.08
455087,0.03
455088,0.05
455112,0.06
455126,0.12
455132,0.05
455135,0.12
455148,0.0
455156,0.17
455161,0.08
455162,0.3
455164,0.19
455171,0.12
455174,0.05
455175,0.15
455184,0.38
455188,0.03
455200,0.12
455209,0.18
455212,0.09
455217,0.07
455222,0.02
455223,0.01
455228,0.1
455243,0.17
455246,0.11
455255,0.18
455262,0.05
455268,0.06
455277,0.28
455281,0.2
455296,0.04
455297,0.03
455322,0.14
455326,0.37
455327,0.12
455328,0.05
455368,0.02
455374,0.05
455377,0.01
455378,0.06
455379,0.08
455395,0.01
455424,0.15
455425,0.05
455429,0.03
455434,0.24
455436,0.04
455438,0.11
455439,0.04
455440,0.01
455441,0.06
455481,0.01
455482,0.08
455483,0.04
455484,0.09
455489,0.07
455490,0.11
455513,0.34
455515,0.06
455536,0.05
455537,0.13
455538,0.02
455539,0.07
455567,0.25
455583,0.31
455607,0.02
455636,0.21
455638,0.01
455640,0.16
455644,0.02
455645,0.04
455648,0.1
455650,0.1
455658,0.06
455694,0.09
455695,0.09
455696,0.03
455703,0.19
455742,0.04
455748,0.04
455749,0.1
455750,0.2
455751,0.05
455752,0.08
455787,0.14
455798,0.04
455802,0.1
455803,0.14
455804,0.18
455805,0.0
455829,0.01
455840,0.15
455849,0.03
455850,0.13
455852,0.12
455854,0.15
455863,0.1
455897,0.12
455902,0.14
455907,0.02
455908,0.06
455909,0.09
455940,0.11
455955,0.07
455958,0.06
455959,0.19
455960,0.07
455961,0.23
455962,0.1
455963,0.04
455965,0.04
456007,0.2
456008,0.04
456009,0.03
456010,0.09
456011,0.05
456013,0.23
456028,0.09
456058,0.23
456111,0.13
456114,0.27
456115,0.05
456116,0.05
456119,0.0
456120,0.11
456122,0.03
456123,0.02
456166,0.13
456167,0.05
456168,0.07
456169,0.04
456170,0.02
456189,0.09
456202,0.13
456221,0.22
456222,0.03
456223,0.07
456224,0.05
456250,0.19
