SK_ID_CURR,TARGET
100001,0.07
100005,0.19
100013,0.07
100028,0.06
100038,0.12
100042,0.11
100057,0.04
100065,0.15
100066,0.03
100067,0.16
100074,0.07
100090,0.08
100091,0.16
100092,0.13
100106,0.06
100107,0.24
100109,0.12
100117,0.07
100128,0.17
100141,0.15
100150,0.03
100168,0.01
100169,0.1
100170,0.08
100171,0.06
100172,0.18
100184,0.1
100187,0.16
100212,0.13
100222,0.1
100223,0.06
100232,0.05
100241,0.18
100245,0.06
100253,0.1
100256,0.14
100271,0.08
100278,0.35
100280,0.07
100306,0.22
100311,0.23
100312,0.12
100330,0.17
100331,0.08
100352,0.08
100358,0.11
100367,0.1
100382,0.11
100384,0.1
100385,0.14
100386,0.07
100399,0.05
100404,0.1
100416,0.01
100422,0.26
100426,0.02
100438,0.07
100444,0.22
100445,0.15
100446,0.14
100447,0.06
100450,0.03
100466,0.07
100483,0.03
100484,0.04
100494,0.11
100510,0.14
100512,0.03
100517,0.02
100548,0.06
100551,0.05
100552,0.15
100553,0.06
100561,0.14
100568,0.37
100569,0.04
100591,0.14
100592,0.04
100602,0.12
100607,0.08
100613,0.12
100617,0.17
100618,0.14
100622,0.09
100625,0.21
100677,0.13
100699,0.06
100702,0.39
100711,0.06
100729,0.16
100740,0.15
100744,0.18
100745,0.08
100747,0.13
100751,0.28
100752,0.1
100753,0.15
100754,0.19
100760,0.14
100762,0.15
100763,0.15
100765,0.04
100770,0.15
100772,0.1
100777,0.01
100791,0.03
100792,0.07
100797,0.02
100823,0.06
100826,0.08
100830,0.05
100836,0.39
100872,0.09
100910,0.1
100913,0.17
100918,0.11
100931,0.04
100952,0.09
100953,0.11
100965,0.25
100970,0.02
100982,0.16
100983,0.27
100984,0.08
100987,0.12
100997,0.07
100998,0.17
101002,0.12
101005,0.19
101008,0.27
101020,0.04
101021,0.07
101024,0.21
101025,0.17
101026,0.11
101031,0.06
101041,0.02
101051,0.05
101055,0.15
101056,0.28
101057,0.11
101064,0.05
101079,0.15
101087,0.04
101090,0.06
101092,0.12
101097,0.1
101099,0.06
101107,0.18
101118,0.05
101125,0.03
101126,0.02
101128,0.08
101136,0.11
101140,0.2
101149,0.05
101160,0.06
101169,0.19
101181,0.11
101186,0.03
101190,0.11
101193,0.08
101194,0.21
101198,0.23
101200,0.08
101204,0.13
101211,0.07
101213,0.12
101223,0.04
101225,0.14
101237,0.13
101243,0.05
101244,0.22
101258,0.08
101259,0.18
101268,0.1
101269,0.09
101271,0.13
101279,0.05
101281,0.18
101287,0.08
101292,0.14
101294,0.07
101296,0.18
101297,0.08
101299,0.06
101301,0.14
101305,0.12
101308,0.06
101318,0.07
101327,0.23
101329,0.05
101332,0.1
101337,0.06
101343,0.05
101345,0.03
101346,0.02
101353,0.03
101354,0.18
101355,0.17
101356,0.08
101362,0.08
101363,0.19
101365,0.05
101366,0.1
101367,0.28
101368,0.04
101374,0.19
101380,0.02
101383,0.07
101398,0.06
101399,0.21
101401,0.23
101412,0.12
101426,0.11
101427,0.35
101428,0.21
101429,0.09
101434,0.13
101440,0.12
101448,0.12
101449,0.1
101465,0.09
101467,0.05
101472,0.16
101478,0.17
101497,0.16
101504,0.17
101547,0.1
101548,0.16
101555,0.14
101570,0.07
101572,0.03
101578,0.11
101580,0.22
101588,0.18
101602,0.08
101610,0.18
101614,0.08
101616,0.09
101643,0.08
101644,0.09
101649,0.1
101650,0.14
101665,0.04
101667,0.18
101669,0.04
101674,0.11
101675,0.02
101678,0.09
101682,0.1
101686,0.06
101697,0.2
101700,0.3
101711,0.02
101714,0.08
101715,0.22
101728,0.15
101732,0.07
101757,0.14
101758,0.11
101759,0.1
101762,0.1
101764,0.05
101780,0.3
101784,0.04
101789,0.05
101816,0.08
101819,0.08
101827,0.01
101863,0.14
101867,0.11
101870,0.04
101873,0.35
101878,0.11
101879,0.23
101880,0.05
101887,0.09
101897,0.06
101901,0.09
101903,0.26
101920,0.09
101921,0.07
101922,0.11
101961,0.17
101962,0.04
101971,0.09
101976,0.19
102002,0.12
102005,0.06
102007,0.24
102017,0.02
102019,0.25
102029,0.09
102051,0.28
102052,0.04
102054,0.05
102062,0.11
102067,0.11
102068,0.07
102070,0.12
102090,0.07
102092,0.12
102099,0.14
102100,0.08
102112,0.07
102113,0.02
102122,0.19
102123,0.1
102125,0.1
102126,0.25
102146,0.1
102147,0.2
102151,0.06
102158,0.13
102159,0.04
102162,0.15
102165,0.07
102166,0.02
102174,0.07
102193,0.26
102198,0.06
102205,0.17
102206,0.08
102218,0.05
102221,0.01
102230,0.1
102238,0.08
102248,0.15
102252,0.23
102259,0.08
102262,0.15
102273,0.06
102286,0.1
102293,0.01
102294,0.08
102296,0.07
102298,0.1
102303,0.05
102309,0.1
102315,0.04
102340,0.1
102342,0.08
102344,0.09
102346,0.1
102347,0.09
102374,0.14
102380,0.1
102387,0.11
102393,0.06
102403,0.08
102413,0.07
102414,0.07
102415,0.04
102416,0.12
102439,0.08
102441,0.1
102443,0.04
102444,0.1
102445,0.18
102448,0.09
102449,0.07
102450,0.22
102456,0.03
102458,0.09
102459,0.14
102465,0.04
102470,0.14
102471,0.12
102475,0.15
102476,0.16
102506,0.21
102509,0.03
102519,0.08
102522,0.1
102545,0.07
102549,0.05
102562,0.04
102563,0.02
102568,0.09
102582,0.07
102592,0.06
102597,0.11
102605,0.04
102614,0.04
102617,0.14
102634,0.12
102652,0.08
102655,0.05
102671,0.08
102694,0.08
102701,0.1
102703,0.01
102704,0.03
102713,0.21
102720,0.19
102731,0.1
102733,0.03
102749,0.08
102755,0.06
102763,0.08
102770,0.1
102772,0.1
102799,0.24
102838,0.08
102854,0.01
102862,0.06
102863,0.05
102867,0.05
102868,0.03
102878,0.06
102887,0.06
102898,0.22
102904,0.11
102912,0.1
102919,0.05
102927,0.07
102932,0.04
102933,0.11
102935,0.04
102958,0.04
102969,0.15
102971,0.09
102975,0.01
102979,0.14
102982,0.03
102987,0.18
102989,0.07
102995,0.12
102996,0.08
103000,0.08
103001,0.16
103004,0.07
103010,0.02
103025,0.14
103029,0.06
103046,0.09
103056,0.12
103062,0.07
103078,0.09
103083,0.05
103092,0.08
103096,0.08
103097,0.23
103102,0.21
103112,0.18
103132,0.02
103144,0.16
103145,0.14
103146,0.09
103147,0.08
103158,0.03
103171,0.16
103173,0.08
103184,0.09
103195,0.21
103196,0.16
103206,0.06
103230,0.19
103231,0.14
103232,0.09
103239,0.19
103240,0.19
103243,0.09
103252,0.04
103258,0.09
103259,0.21
103279,0.06
103280,0.03
103286,0.05
103287,0.39
103290,0.05
103298,0.1
103315,0.03
103319,0.03
103334,0.11
103336,0.1
103345,0.03
103368,0.06
103371,0.17
103377,0.12
103398,0.0
103404,0.09
103408,0.26
103410,0.06
103418,0.09
103420,0.34
103432,0.09
103433,0.04
103436,0.05
103440,0.05
103453,0.08
103459,0.08
103460,0.12
103461,0.04
103462,0.14
103473,0.14
103474,0.03
103475,0.16
103478,0.16
103480,0.16
103484,0.03
103494,0.07
103513,0.2
103515,0.08
103516,0.27
103525,0.09
103541,0.24
103544,0.04
103562,0.23
103570,0.24
103572,0.19
103574,0.09
103575,0.03
103591,0.15
103594,0.11
103609,0.04
103613,0.09
103614,0.09
103615,0.08
103624,0.11
103625,0.26
103628,0.21
103629,0.03
103647,0.07
103648,0.07
103651,0.11
103658,0.05
103668,0.07
103669,0.06
103676,0.11
103682,0.03
103683,0.12
103689,0.03
103725,0.06
103733,0.22
103744,0.06
103762,0.13
103771,0.2
103773,0.04
103783,0.08
103784,0.05
103808,0.02
103812,0.04
103813,0.11
103814,0.1
103818,0.14
103824,0.04
103828,0.03
103830,0.16
103840,0.03
103842,0.15
103847,0.19
103848,0.24
103851,0.06
103854,0.19
103857,0.18
103861,0.05
103862,0.07
103865,0.05
103870,0.04
103876,0.09
103891,0.33
103908,0.06
103914,0.05
103918,0.11
103940,0.09
103963,0.13
103966,0.17
103971,0.09
103980,0.11
103984,0.09
103985,0.04
103998,0.14
104019,0.01
104026,0.06
104035,0.16
104044,0.04
104045,0.13
104047,0.18
104051,0.02
104058,0.1
104063,0.06
104066,0.1
104087,0.02
104089,0.08
104095,0.04
104098,0.22
104104,0.07
104110,0.25
104120,0.12
104122,0.04
104131,0.08
104132,0.14
104135,0.02
104136,0.04
104149,0.09
104150,0.1
104156,0.29
104165,0.1
104175,0.08
104179,0.09
104184,0.2
104206,0.09
104216,0.34
104230,0.26
104257,0.08
104272,0.06
104273,0.12
104278,0.05
104294,0.13
104295,0.09
104297,0.02
104298,0.11
104308,0.1
104318,0.02
104319,0.08
104320,0.12
104327,0.09
104334,0.13
104344,0.11
104350,0.09
104351,0.16
104354,0.12
104369,0.19
104376,0.15
104381,0.01
104384,0.13
104391,0.01
104394,0.06
104398,0.25
104402,0.06
104408,0.22
104409,0.03
104410,0.18
104412,0.12
104417,0.18
104424,0.16
104426,0.01
104435,0.06
104445,0.12
104458,0.04
104460,0.05
104466,0.08
104472,0.11
104473,0.11
104479,0.03
104480,0.02
104482,0.17
104499,0.1
104501,0.06
104502,0.04
104506,0.1
104510,0.07
104512,0.21
104520,0.22
104528,0.14
104529,0.05
104541,0.1
104578,0.1
104584,0.11
104588,0.11
104602,0.12
104610,0.09
104611,0.12
104618,0.11
104620,0.03
104622,0.04
104624,0.17
104625,0.09
104634,0.12
104639,0.14
104646,0.06
104647,0.05
104652,0.05
104670,0.07
104677,0.0
104685,0.11
104691,0.08
104696,0.06
104699,0.02
104712,0.09
104714,0.07
104717,0.07
104718,0.02
104740,0.04
104741,0.04
104743,0.02
104744,0.09
104747,0.16
104767,0.03
104772,0.23
104776,0.16
104779,0.02
104814,0.09
104815,0.03
104830,0.05
104831,0.12
104833,0.09
104839,0.11
104840,0.06
104860,0.16
104861,0.13
104866,0.06
104870,0.02
104877,0.1
104878,0.04
104879,0.08
104880,0.11
104899,0.04
104906,0.13
104907,0.12
104913,0.11
104916,0.09
104921,0.21
104930,0.04
104931,0.15
104936,0.07
104937,0.14
104942,0.04
104943,0.09
104969,0.17
104972,0.2
104988,0.04
105013,0.1
105015,0.1
105019,0.06
105027,0.05
105030,0.04
105035,0.31
105041,0.12
105051,0.09
105056,0.03
105067,0.36
105071,0.1
105072,0.02
105074,0.12
105091,0.08
105101,0.12
105103,0.04
105134,0.04
105139,0.04
105142,0.14
105146,0.09
105163,0.03
105168,0.1
105172,0.09
105176,0.39
105195,0.06
105196,0.21
105197,0.01
105203,0.08
105223,0.08
105227,0.18
105228,0.05
105230,0.08
105231,0.24
105239,0.03
105242,0.11
105244,0.04
105245,0.07
105248,0.09
105249,0.04
105266,0.12
105271,0.17
105276,0.15
105282,0.04
105292,0.18
105297,0.05
105332,0.1
105333,0.05
105343,0.02
105344,0.1
105345,0.1
105357,0.04
105359,0.07
105366,0.05
105367,0.05
105370,0.03
105377,0.08
105390,0.07
105399,0.01
105403,0.13
105404,0.08
105414,0.06
105417,0.04
105425,0.18
105452,0.16
105454,0.15
105456,0.09
105470,0.02
105471,0.05
105483,0.15
105493,0.07
105508,0.2
105514,0.07
105515,0.01
105528,0.31
105529,0.03
105531,0.07
105532,0.02
105558,0.02
105574,0.02
105578,0.01
105584,0.27
105595,0.12
105617,0.13
105618,0.05
105621,0.07
105625,0.12
105629,0.08
105630,0.01
105634,0.02
105635,0.04
105641,0.08
105647,0.1
105648,0.09
105655,0.06
105657,0.02
105672,0.1
105678,0.12
105682,0.11
105691,0.08
105692,0.06
105706,0.03
105712,0.08
105720,0.13
105734,0.07
105735,0.09
105736,0.17
105737,0.06
105738,0.13
105740,0.23
105744,0.06
105747,0.08
105749,0.16
105754,0.07
105758,0.1
105760,0.13
105767,0.09
105784,0.19
105791,0.04
105802,0.18
105807,0.27
105809,0.06
105816,0.07
105817,0.05
105824,0.17
105832,0.09
105856,0.04
105865,0.07
105899,0.24
105906,0.04
105916,0.09
105923,0.0
105937,0.13
105965,0.01
105966,0.14
105968,0.13
105973,0.04
105976,0.12
105978,0.07
105979,0.06
105991,0.12
105998,0.14
105999,0.02
106000,0.21
106001,0.08
106010,0.07
106011,0.11
106013,0.22
106015,0.04
106026,0.08
106032,0.02
106035,0.25
106040,0.05
106041,0.09
106044,0.09
106053,0.32
106054,0.1
106065,0.24
106081,0.08
106083,0.06
106087,0.03
106090,0.09
106101,0.11
106102,0.12
106109,0.07
106116,0.08
106150,0.07
106155,0.17
106166,0.1
106176,0.12
106189,0.03
106199,0.13
106205,0.18
106206,0.09
106211,0.12
106214,0.1
106216,0.15
106217,0.03
106225,0.12
106249,0.1
106256,0.05
106258,0.02
106261,0.1
106262,0.2
106264,0.04
106271,0.02
106276,0.02
106277,0.12
106286,0.12
106293,0.04
106295,0.09
106296,0.05
106297,0.14
106298,0.04
106311,0.05
106314,0.18
106320,0.06
106334,0.1
106346,0.11
106347,0.02
106349,0.07
106354,0.06
106360,0.02
106373,0.21
106377,0.03
106386,0.16
106387,0.05
106391,0.04
106401,0.26
106411,0.04
106413,0.17
106426,0.08
106427,0.12
106428,0.21
106434,0.06
106438,0.11
106440,0.08
106441,0.03
106452,0.12
106453,0.09
106454,0.09
106457,0.13
106484,0.02
106488,0.21
106491,0.16
106514,0.13
106527,0.12
106528,0.16
106529,0.04
106534,0.12
106550,0.18
106577,0.02
106585,0.15
106590,0.04
106607,0.04
106610,0.09
106611,0.1
106612,0.07
106624,0.02
106631,0.01
106647,0.42
106660,0.14
106674,0.08
106687,0.05
106712,0.08
106713,0.04
106717,0.08
106720,0.13
106721,0.2
106724,0.03
106735,0.15
106739,0.14
106740,0.08
106754,0.09
106760,0.31
106761,0.09
106784,0.16
106787,0.05
106797,0.01
106798,0.04
106802,0.16
106803,0.09
106804,0.19
106805,0.09
106810,0.16
106812,0.22
106813,0.09
106817,0.1
106822,0.1
106823,0.05
106827,0.05
106841,0.16
106851,0.28
106852,0.06
106853,0.18
106854,0.26
106861,0.08
106873,0.05
106877,0.04
106878,0.05
106881,0.1
106900,0.03
106906,0.07
106907,0.13
106914,0.14
106916,0.05
106924,0.09
106931,0.04
106936,0.08
106937,0.16
106938,0.02
106939,0.1
106943,0.14
106944,0.12
106967,0.09
106980,0.05
106986,0.09
106987,0.06
106990,0.05
107013,0.07
107023,0.06
107033,0.06
107037,0.13
107048,0.09
107071,0.04
107081,0.03
107113,0.19
107130,0.1
107131,0.03
107145,0.13
107156,0.05
107219,0.12
107222,0.08
107223,0.31
107232,0.15
107245,0.06
107246,0.08
107247,0.08
107256,0.02
107259,0.06
107260,0.01
107279,0.16
107280,0.05
107281,0.12
107285,0.03
107329,0.01
107337,0.15
107349,0.07
107350,0.08
107351,0.07
107359,0.2
107391,0.13
107394,0.12
107395,0.03
107406,0.14
107416,0.07
107417,0.06
107418,0.09
107419,0.07
107444,0.04
107445,0.08
107446,0.1
107460,0.18
107470,0.04
107475,0.04
107520,0.08
107526,0.08
107527,0.03
107530,0.04
107532,0.15
107534,0.08
107535,0.11
107554,0.17
107556,0.11
107559,0.13
107561,0.06
107564,0.16
107566,0.08
107571,0.06
107590,0.18
107602,0.11
107625,0.06
107626,0.2
107635,0.04
107636,0.04
107645,0.07
107652,0.16
107655,0.09
107668,0.05
107670,0.05
107677,0.02
107680,0.16
107683,0.2
107684,0.02
107691,0.01
107692,0.08
107703,0.06
107709,0.02
107710,0.17
107721,0.27
107725,0.11
107727,0.09
107739,0.05
107740,0.13
107741,0.17
107747,0.03
107765,0.31
107768,0.02
107775,0.18
107782,0.23
107790,0.04
107801,0.04
107807,0.09
107811,0.05
107817,0.1
107826,0.06
107838,0.12
107839,0.04
107843,0.13
107847,0.15
107849,0.17
107850,0.12
107867,0.19
107871,0.06
107908,0.04
107913,0.12
107927,0.06
107931,0.05
107955,0.06
107962,0.08
107977,0.08
107978,0.06
107993,0.06
108010,0.14
108016,0.05
108018,0.24
108027,0.16
108045,0.29
108069,0.13
108082,0.06
108089,0.07
108092,0.04
108106,0.08
108112,0.11
108120,0.11
108122,0.36
108135,0.11
108170,0.05
108171,0.07
108177,0.02
108180,0.1
108183,0.06
108184,0.1
108185,0.11
108192,0.1
108195,0.21
108196,0.1
108218,0.03
108219,0.24
108243,0.14
108249,0.04
108251,0.06
108274,0.08
108280,0.32
108289,0.09
108292,0.04
108295,0.09
108327,0.06
108332,0.03
108346,0.03
108349,0.13
108353,0.11
108362,0.09
108363,0.03
108377,0.36
108378,0.18
108381,0.05
108383,0.11
108390,0.04
108407,0.03
108408,0.11
108411,0.06
108412,0.02
108419,0.1
108436,0.18
108437,0.17
108438,0.09
108441,0.1
108448,0.02
108449,0.03
108466,0.06
108467,0.13
108473,0.06
108474,0.09
108476,0.07
108479,0.04
108486,0.02
108493,0.05
108501,0.04
108506,0.25
108510,0.24
108511,0.08
108514,0.02
108517,0.06
108519,0.11
108522,0.03
108548,0.24
108554,0.12
108555,0.11
108559,0.08
108562,0.02
108571,0.01
108572,0.04
108579,0.08
108583,0.0
108584,0.03
108592,0.07
108602,0.04
108609,0.02
108613,0.08
108616,0.09
108618,0.05
108620,0.04
108643,0.02
108649,0.03
108654,0.04
108655,0.04
108656,0.05
108667,0.01
108668,0.06
108682,0.05
108690,0.08
108691,0.17
108692,0.13
108695,0.11
108699,0.09
108710,0.17
108718,0.14
108739,0.13
108740,0.15
108741,0.03
108742,0.14
108763,0.04
108767,0.24
108769,0.23
108779,0.19
108788,0.03
108801,0.03
108802,0.04
108810,0.08
108811,0.04
108813,0.03
108814,0.16
108825,0.06
108826,0.13
108830,0.11
108834,0.04
108852,0.09
108887,0.16
108901,0.15
108908,0.06
108910,0.12
108920,0.03
108922,0.12
108929,0.15
108930,0.11
108937,0.17
108938,0.06
108943,0.12
108948,0.02
108953,0.08
108956,0.12
108965,0.06
108985,0.2
108986,0.1
108987,0.03
108990,0.04
108991,0.13
108993,0.14
109000,0.21
109001,0.1
109012,0.25
109014,0.06
109015,0.11
109021,0.04
109037,0.09
109042,0.11
109044,0.06
109046,0.39
109064,0.07
109084,0.06
109086,0.04
109092,0.03
109093,0.14
109100,0.14
109101,0.01
109110,0.12
109114,0.1
109126,0.24
109152,0.05
109162,0.05
109167,0.09
109168,0.2
109169,0.07
109179,0.09
109184,0.09
109191,0.15
109192,0.05
109193,0.07
109196,0.05
109206,0.08
109210,0.09
109244,0.13
109249,0.09
109273,0.04
109276,0.22
109281,0.07
109287,0.06
109297,0.17
109298,0.06
109306,0.05
109309,0.18
109321,0.24
109328,0.23
109336,0.13
109342,0.02
109346,0.07
109347,0.06
109348,0.14
109362,0.06
109363,0.05
109367,0.06
109370,0.06
109393,0.08
109405,0.01
109413,0.1
109414,0.18
109421,0.04
109427,0.08
109428,0.03
109429,0.18
109437,0.04
109443,0.06
109461,0.04
109468,0.09
109469,0.05
109471,0.12
109479,0.09
109484,0.05
109501,0.11
109505,0.06
109535,0.06
109539,0.03
109544,0.06
109545,0.02
109551,0.13
109553,0.06
109555,0.06
109561,0.14
109580,0.02
109583,0.28
109593,0.17
109604,0.11
109620,0.11
109635,0.04
109637,0.26
109638,0.05
109642,0.12
109649,0.03
109652,0.11
109656,0.04
109663,0.06
109696,0.16
109700,0.15
109709,0.17
109735,0.06
109740,0.05
109741,0.11
109749,0.11
109764,0.03
109771,0.19
109772,0.01
109773,0.18
109798,0.09
109802,0.08
109804,0.04
109813,0.05
109818,0.09
109848,0.1
109850,0.07
109851,0.09
109855,0.03
109871,0.26
109877,0.12
109883,0.04
109886,0.03
109905,0.13
109936,0.17
109950,0.06
109958,0.12
109959,0.05
109969,0.03
109971,0.06
109984,0.02
109985,0.32
109988,0.05
109992,0.05
110005,0.13
110009,0.06
110011,0.16
110014,0.09
110026,0.04
110042,0.07
110058,0.03
110069,0.19
110080,0.01
110087,0.09
110091,0.05
110094,0.04
110098,0.13
110105,0.08
110117,0.08
110136,0.11
110138,0.2
110149,0.11
110164,0.07
110202,0.11
110212,0.02
110226,0.06
110236,0.07
110249,0.03
110257,0.12
110258,0.02
110277,0.03
110282,0.1
110284,0.04
110286,0.09
110289,0.02
110304,0.06
110319,0.11
110324,0.09
110326,0.05
110335,0.05
110337,0.1
110338,0.04
110343,0.03
110345,0.04
110347,0.13
110355,0.03
110359,0.06
110360,0.16
110364,0.14
110371,0.13
110372,0.04
110376,0.09
110379,0.14
110380,0.05
110393,0.03
110401,0.23
110406,0.03
110411,0.03
110416,0.09
110420,0.0
110443,0.05
110465,0.02
110468,0.04
110469,0.2
110471,0.08
110487,0.21
110491,0.1
110504,0.11
110547,0.04
110550,0.03
110559,0.17
110578,0.19
110582,0.1
110590,0.08
110598,0.18
110601,0.19
110602,0.05
110604,0.03
110625,0.19
110626,0.14
110636,0.15
110637,0.13
110638,0.1
110646,0.09
110648,0.03
110652,0.09
110681,0.07
110682,0.07
110687,0.14
110691,0.06
110694,0.05
110695,0.04
110696,0.11
110708,0.01
110710,0.06
110717,0.2
110730,0.11
110740,0.04
110742,0.08
110747,0.04
110761,0.06
110766,0.03
110769,0.05
110774,0.02
110803,0.04
110805,0.14
110809,0.2
110827,0.2
110832,0.09
110839,0.11
110859,0.14
110861,0.04
110863,0.23
110865,0.17
110881,0.12
110889,0.07
110891,0.03
110894,0.08
110895,0.13
110907,0.23
110914,0.08
110933,0.0
110934,0.01
110937,0.03
110953,0.04
110954,0.05
110958,0.23
110970,0.07
110974,0.04
110977,0.1
110989,0.0
110993,0.23
110994,0.26
111018,0.02
111019,0.05
111030,0.08
111032,0.08
111041,0.04
111045,0.07
111048,0.09
111052,0.09
111070,0.28
111084,0.14
111091,0.08
111104,0.07
111108,0.06
111112,0.06
111127,0.06
111142,0.12
111146,0.08
111165,0.01
111168,0.08
111169,0.27
111172,0.04
111173,0.04
111174,0.2
111175,0.16
111176,0.06
111177,0.1
111180,0.02
111182,0.03
111192,0.06
111194,0.11
111196,0.09
111197,0.08
111198,0.08
111205,0.06
111207,0.07
111222,0.05
111228,0.01
111233,0.07
111256,0.02
111258,0.03
111262,0.04
111263,0.13
111267,0.04
111269,0.13
111276,0.15
111277,0.25
111279,0.11
111290,0.02
111294,0.03
111295,0.09
111315,0.25
111318,0.11
111327,0.04
111328,0.18
111332,0.05
111338,0.01
111343,0.15
111344,0.09
111345,0.32
111347,0.03
111356,0.02
111359,0.09
111367,0.03
111368,0.09
111391,0.18
111408,0.06
111412,0.04
111419,0.2
111422,0.04
111423,0.17
111439,0.02
111452,0.32
111456,0.08
111467,0.07
111478,0.13
111482,0.07
111488,0.19
111503,0.11
111510,0.02
111512,0.02
111518,0.13
111532,0.16
111537,0.03
111541,0.11
111544,0.06
111550,0.04
111554,0.13
111560,0.18
111566,0.05
111567,0.24
111592,0.06
111618,0.11
111620,0.05
111627,0.07
111641,0.16
111646,0.27
111652,0.04
111657,0.07
111664,0.03
111665,0.03
111669,0.06
111673,0.06
111687,0.01
111688,0.04
111689,0.02
111694,0.04
111695,0.04
111698,0.08
111703,0.02
111709,0.02
111712,0.04
111715,0.15
111724,0.1
111730,0.06
111747,0.11
111760,0.07
111761,0.02
111763,0.05
111776,0.12
111777,0.03
111781,0.02
111793,0.09
111804,0.3
111810,0.15
111816,0.03
111818,0.07
111830,0.04
111832,0.04
111841,0.02
111842,0.14
111843,0.14
111846,0.08
111848,0.12
111856,0.03
111857,0.0
111877,0.02
111882,0.02
111883,0.16
111891,0.04
111893,0.02
111901,0.02
111912,0.15
111913,0.04
111955,0.02
111958,0.02
111960,0.12
111967,0.07
112000,0.12
112003,0.13
112015,0.19
112019,0.28
112020,0.09
112028,0.08
112029,0.12
112031,0.07
112039,0.04
112042,0.07
112049,0.07
112052,0.08
112054,0.05
112055,0.03
112063,0.04
112070,0.06
112071,0.09
112080,0.07
112083,0.06
112085,0.09
112089,0.08
112098,0.18
112100,0.07
112105,0.08
112124,0.04
112126,0.09
112127,0.08
112128,0.05
112148,0.05
112149,0.09
112165,0.11
112170,0.13
112171,0.12
112176,0.05
112186,0.06
112199,0.06
112203,0.1
112214,0.09
112215,0.09
112216,0.07
112224,0.09
112225,0.04
112231,0.25
112234,0.21
112235,0.04
112236,0.1
112254,0.14
112265,0.18
112271,0.06
112284,0.12
112287,0.14
112295,0.2
112303,0.14
112307,0.2
112310,0.09
112312,0.1
112313,0.03
112326,0.16
112333,0.03
112334,0.08
112339,0.07
112347,0.08
112350,0.18
112356,0.19
112357,0.09
112359,0.09
112360,0.17
112371,0.18
112385,0.08
112392,0.07
112401,0.16
112405,0.08
112414,0.14
112429,0.11
112448,0.01
112467,0.12
112468,0.09
112469,0.14
112491,0.11
112500,0.13
112510,0.26
112535,0.08
112537,0.06
112551,0.09
112552,0.08
112556,0.16
112577,0.18
112590,0.14
112593,0.02
112596,0.16
112601,0.04
112604,0.08
112622,0.04
112655,0.07
112663,0.04
112667,0.02
112670,0.04
112676,0.09
112677,0.07
112679,0.0
112683,0.05
112688,0.1
112692,0.14
112696,0.19
112702,0.06
112709,0.06
112720,0.01
112735,0.02
112738,0.07
112742,0.05
112748,0.04
112749,0.02
112766,0.09
112767,0.05
112769,0.06
112771,0.06
112775,0.1
112794,0.12
112795,0.01
112796,0.08
112815,0.04
112817,0.16
112821,0.15
112822,0.04
112829,0.12
112831,0.21
112835,0.02
112838,0.04
112842,0.02
112844,0.19
112845,0.0
112846,0.01
112847,0.06
112867,0.14
112868,0.04
112874,0.05
112879,0.09
112882,0.12
112886,0.06
112895,0.09
112896,0.14
112902,0.13
112904,0.08
112917,0.24
112932,0.1
112944,0.1
112946,0.1
112947,0.03
112948,0.06
112966,0.1
112967,0.01
112971,0.06
112973,0.2
112974,0.05
112978,0.17
112988,0.03
112992,0.26
113003,0.08
113004,0.05
113007,0.29
113020,0.13
113025,0.21
113032,0.03
113042,0.14
113047,0.11
113066,0.06
113067,0.09
113071,0.03
113087,0.18
113108,0.02
113109,0.06
113123,0.05
113128,0.3
113134,0.1
113151,0.09
113175,0.35
113181,0.01
113188,0.18
113191,0.1
113193,0.14
113201,0.15
113209,0.08
113222,0.1
113248,0.0
113272,0.11
113276,0.06
113287,0.01
113302,0.06
113308,0.1
113316,0.12
113318,0.09
113320,0.03
113322,0.16
113325,0.21
113326,0.11
113332,0.13
113346,0.26
113352,0.09
113361,0.04
113362,0.04
113365,0.02
113366,0.03
113368,0.07
113382,0.04
113385,0.08
113390,0.1
113391,0.03
113393,0.06
113396,0.14
113397,0.15
113402,0.06
113403,0.03
113405,0.09
113406,0.1
113410,0.42
113413,0.04
113418,0.06
113419,0.18
113435,0.22
113438,0.2
113447,0.04
113458,0.11
113466,0.11
113475,0.07
113482,0.05
113490,0.1
113505,0.02
113508,0.05
113520,0.04
113532,0.01
113535,0.09
113549,0.06
113557,0.16
113558,0.06
113561,0.05
113566,0.04
113569,0.06
113574,0.06
113576,0.17
113577,0.07
113585,0.08
113587,0.25
113599,0.06
113601,0.03
113602,0.03
113605,0.11
113609,0.14
113611,0.1
113616,0.02
113627,0.5
113631,0.15
113643,0.11
113652,0.1
113657,0.12
113659,0.03
113672,0.03
113680,0.03
113692,0.13
113694,0.11
113695,0.13
113701,0.05
113733,0.04
113738,0.12
113740,0.25
113742,0.04
113777,0.02
113783,0.12
113788,0.14
113789,0.09
113791,0.09
113795,0.1
113799,0.09
113805,0.04
113820,0.05
113822,0.03
113824,0.01
113829,0.11
113832,0.03
113833,0.1
113841,0.06
113849,0.14
113862,0.2
113863,0.2
113864,0.04
113870,0.06
113875,0.05
113882,0.07
113887,0.08
113894,0.07
113909,0.02
113930,0.11
113936,0.07
113939,0.03
113942,0.04
113943,0.15
113945,0.09
113947,0.09
113950,0.04
113951,0.15
113957,0.09
113966,0.16
113967,0.08
113977,0.13
113984,0.18
113986,0.05
113992,0.09
113998,0.03
113999,0.26
114003,0.12
114010,0.08
114011,0.24
114032,0.03
114047,0.13
114055,0.02
114056,0.2
114064,0.13
114065,0.1
114067,0.14
114068,0.03
114075,0.1
114076,0.06
114077,0.03
114094,0.05
114095,0.0
114109,0.07
114114,0.13
114116,0.05
114127,0.02
114158,0.08
114168,0.19
114169,0.16
114171,0.11
114180,0.4
114193,0.01
114198,0.04
114201,0.06
114202,0.28
114207,0.04
114210,0.14
114221,0.06
114222,0.14
114227,0.1
114250,0.05
114253,0.11
114265,0.13
114267,0.14
114273,0.22
114280,0.2
114281,0.06
114283,0.38
114291,0.33
114310,0.24
114316,0.02
114326,0.03
114327,0.04
114339,0.15
114352,0.02
114359,0.29
114360,0.14
114382,0.11
114396,0.12
114397,0.02
114415,0.13
114425,0.07
114434,0.13
114456,0.19
114463,0.03
114469,0.02
114476,0.04
114480,0.03
114482,0.2
114492,0.07
114493,0.14
114501,0.1
114506,0.07
114510,0.08
114515,0.22
114524,0.25
114545,0.1
114546,0.02
114560,0.05
114562,0.07
114563,0.03
114566,0.05
114599,0.06
114601,0.03
114607,0.1
114612,0.05
114622,0.15
114625,0.09
114634,0.08
114635,0.02
114641,0.02
114644,0.07
114645,0.04
114651,0.01
114653,0.04
114654,0.09
114667,0.05
114668,0.14
114670,0.1
114686,0.21
114688,0.21
114690,0.17
114691,0.09
114700,0.03
114706,0.02
114740,0.07
114741,0.07
114755,0.04
114757,0.04
114767,0.14
114772,0.09
114780,0.18
114782,0.06
114791,0.02
114815,0.1
114823,0.13
114835,0.07
114838,0.03
114840,0.05
114842,0.13
114844,0.19
114850,0.19
114853,0.03
114856,0.2
114857,0.05
114858,0.08
114864,0.09
114871,0.04
114875,0.08
114879,0.1
114893,0.05
114912,0.11
114922,0.12
114930,0.02
114945,0.11
114951,0.06
114958,0.07
114962,0.15
114976,0.02
114978,0.05
114987,0.14
115002,0.04
115005,0.06
115023,0.07
115030,0.06
115033,0.21
115034,0.15
115038,0.03
115046,0.06
115049,0.11
115055,0.08
115059,0.06
115076,0.06
115078,0.08
115081,0.07
115085,0.03
115096,0.11
115101,0.02
115114,0.04
115119,0.11
115121,0.05
115122,0.09
115144,0.1
115147,0.09
115151,0.03
115172,0.13
115175,0.08
115183,0.11
115185,0.18
115197,0.07
115200,0.04
115207,0.1
115217,0.04
115230,0.15
115237,0.03
115246,0.03
115251,0.02
115269,0.12
115290,0.06
115299,0.04
115309,0.18
115310,0.06
115311,0.06
115312,0.06
115323,0.06
115324,0.1
115341,0.22
115342,0.12
115343,0.06
115350,0.1
115354,0.04
115360,0.08
115368,0.1
115373,0.07
115396,0.21
115400,0.12
115401,0.02
115404,0.07
115405,0.11
115406,0.02
115407,0.07
115412,0.14
115413,0.07
115415,0.08
115423,0.04
115427,0.1
115428,0.04
115439,0.08
115440,0.16
115447,0.07
115450,0.09
115457,0.07
115459,0.02
115463,0.1
115473,0.27
115477,0.06
115479,0.05
115480,0.09
115481,0.03
115485,0.19
115489,0.04
115495,0.02
115500,0.1
115521,0.1
115572,0.0
115580,0.01
115582,0.01
115586,0.09
115587,0.19
115588,0.05
115591,0.25
115592,0.05
115618,0.03
115619,0.08
115621,0.24
115632,0.11
115646,0.15
115658,0.1
115671,0.05
115680,0.15
115686,0.06
115688,0.04
115705,0.14
115707,0.02
115708,0.07
115726,0.28
115759,0.06
115773,0.05
115777,0.05
115778,0.11
115781,0.15
115801,0.27
115804,0.12
115810,0.03
115812,0.04
115820,0.2
115827,0.03
115831,0.09
115841,0.07
115846,0.14
115852,0.01
115857,0.05
115858,0.07
115860,0.08
115865,0.02
115867,0.08
115869,0.11
115877,0.08
115904,0.11
115913,0.07
115916,0.04
115928,0.07
115932,0.11
115933,0.07
115937,0.26
115938,0.02
115957,0.1
115958,0.06
115969,0.03
115980,0.27
115984,0.03
116006,0.06
116007,0.18
116008,0.09
116009,0.08
116011,0.02
116012,0.24
116015,0.33
116025,0.07
116047,0.05
116052,0.04
116068,0.04
116077,0.02
116084,0.03
116089,0.01
116093,0.05
116097,0.15
116102,0.06
116118,0.09
116119,0.03
116125,0.12
116128,0.08
116135,0.0
116140,0.09
116141,0.06
116142,0.06
116153,0.07
116156,0.13
116157,0.07
116167,0.04
116168,0.14
116175,0.05
116187,0.05
116189,0.16
116191,0.04
116201,0.19
116210,0.07
116213,0.03
116215,0.2
116223,0.1
116226,0.04
116228,0.05
116241,0.02
116247,0.01
116266,0.06
116276,0.23
116287,0.03
116289,0.08
116292,0.18
116306,0.04
116309,0.14
116312,0.01
116313,0.06
116335,0.03
116342,0.08
116348,0.04
116367,0.05
116380,0.1
116383,0.15
116389,0.04
116395,0.12
116397,0.03
116398,0.2
116402,0.06
116404,0.05
116406,0.04
116424,0.17
116428,0.02
116436,0.03
116440,0.05
116448,0.0
116458,0.04
116466,0.06
116469,0.03
116473,0.09
116474,0.05
116479,0.07
116480,0.07
116491,0.04
116493,0.06
116505,0.08
116511,0.07
116525,0.1
116535,0.09
116544,0.09
116546,0.05
116562,0.09
116565,0.07
116578,0.11
116579,0.08
116580,0.22
116582,0.04
116584,0.05
116586,0.08
116596,0.04
116597,0.07
116598,0.1
116604,0.32
116608,0.02
116609,0.05
116613,0.13
116614,0.19
116615,0.1
116633,0.07
116637,0.1
116643,0.07
116647,0.19
116656,0.08
116659,0.1
116662,0.03
116676,0.05
116680,0.09
116681,0.04
116683,0.15
116684,0.12
116712,0.04
116720,0.13
116726,0.12
116729,0.04
116737,0.06
116745,0.11
116747,0.15
116766,0.05
116781,0.12
116783,0.1
116787,0.07
116788,0.2
116789,0.06
116801,0.04
116803,0.06
116804,0.17
116806,0.07
116815,0.19
116817,0.07
116825,0.09
116828,0.06
116829,0.03
116853,0.05
116854,0.13
116859,0.06
116860,0.13
116865,0.03
116872,0.18
116880,0.15
116882,0.05
116893,0.14
116896,0.1
116906,0.03
116908,0.14
116925,0.08
116926,0.12
116948,0.03
116949,0.13
116955,0.12
116964,0.03
116974,0.05
116976,0.21
116990,0.09
116993,0.08
116994,0.16
116997,0.2
117003,0.05
117007,0.02
117011,0.07
117012,0.11
117019,0.03
117021,0.01
117030,0.08
117036,0.07
117043,0.06
117054,0.04
117070,0.06
117077,0.26
117087,0.08
117093,0.11
117105,0.03
117112,0.06
117129,0.25
117135,0.15
117138,0.23
117142,0.04
117148,0.14
117157,0.04
117170,0.03
117171,0.06
117172,0.15
117178,0.1
117186,0.12
117187,0.18
117193,0.24
117194,0.11
117199,0.02
117207,0.08
117211,0.06
117216,0.12
117217,0.05
117218,0.01
117219,0.06
117224,0.1
117225,0.04
117239,0.16
117242,0.08
117249,0.34
117255,0.11
117257,0.18
117272,0.03
117284,0.15
117287,0.1
117293,0.07
117298,0.4
117299,0.05
117307,0.05
117321,0.06
117323,0.07
117326,0.1
117327,0.17
117341,0.04
117350,0.15
117362,0.17
117375,0.05
117391,0.14
117392,0.03
117396,0.19
117399,0.1
117400,0.14
117402,0.09
117406,0.15
117417,0.43
117418,0.05
117425,0.1
117428,0.09
117443,0.07
117448,0.02
117449,0.08
117450,0.24
117463,0.06
117467,0.03
117478,0.16
117480,0.16
117483,0.26
117484,0.17
117495,0.13
117498,0.01
117501,0.03
117503,0.18
117520,0.23
117524,0.14
117525,0.15
117526,0.12
117527,0.11
117531,0.05
117545,0.07
117547,0.24
117557,0.09
117563,0.14
117564,0.06
117598,0.27
117599,0.06
117610,0.01
117614,0.06
117616,0.18
117623,0.09
117625,0.31
117633,0.09
117634,0.08
117639,0.16
117652,0.04
117653,0.18
117660,0.12
117661,0.03
117662,0.03
117676,0.01
117677,0.24
117681,0.04
117684,0.16
117707,0.01
117736,0.23
117737,0.04
117741,0.12
117746,0.19
117753,0.2
117755,0.12
117775,0.05
117784,0.08
117786,0.1
117791,0.06
117801,0.14
117805,0.05
117816,0.04
117824,0.08
117835,0.11
117837,0.02
117847,0.08
117853,0.07
117854,0.06
117886,0.13
117900,0.08
117920,0.23
117924,0.05
117925,0.13
117934,0.06
117957,0.14
117959,0.08
117967,0.15
117969,0.15
117981,0.03
117982,0.04
117996,0.12
118000,0.2
118018,0.15
118025,0.15
118026,0.17
118044,0.09
118045,0.19
118048,0.04
118055,0.16
118058,0.06
118060,0.18
118066,0.01
118071,0.18
118072,0.13
118082,0.03
118089,0.09
118106,0.05
118115,0.04
118127,0.24
118144,0.14
118150,0.09
118151,0.0
118157,0.33
118162,0.01
118163,0.06
118166,0.01
118181,0.01
118191,0.07
118202,0.26
118205,0.09
118214,0.07
118251,0.14
118264,0.19
118271,0.26
118272,0.07
118276,0.24
118287,0.24
118291,0.04
118292,0.03
118294,0.08
118305,0.08
118312,0.07
118319,0.08
118321,0.0
118326,0.19
118342,0.14
118343,0.04
118353,0.1
118354,0.08
118358,0.08
118359,0.18
118365,0.1
118367,0.04
118368,0.11
118371,0.01
118378,0.08
118379,0.15
118383,0.04
118386,0.09
118387,0.1
118400,0.05
118403,0.08
118428,0.16
118440,0.14
118459,0.08
118490,0.05
118491,0.19
118492,0.07
118498,0.17
118499,0.11
118509,0.1
118518,0.07
118531,0.14
118532,0.04
118546,0.03
118548,0.07
118558,0.11
118560,0.19
118561,0.01
118562,0.18
118564,0.05
118569,0.1
118578,0.11
118585,0.11
118591,0.01
118592,0.09
118594,0.08
118611,0.05
118614,0.06
118622,0.03
118641,0.1
118642,0.05
118650,0.05
118666,0.09
118696,0.08
118697,0.07
118710,0.03
118717,0.08
118720,0.05
118735,0.03
118747,0.07
118750,0.02
118789,0.14
118791,0.15
118803,0.06
118804,0.14
118806,0.26
118809,0.1
118823,0.09
118842,0.04
118871,0.38
118874,0.11
118876,0.05
118886,0.01
118888,0.21
118889,0.05
118894,0.26
118898,0.03
118905,0.16
118911,0.04
118915,0.13
118916,0.13
118925,0.06
118926,0.04
118929,0.02
118935,0.01
118947,0.06
118951,0.03
118953,0.04
118960,0.02
118973,0.01
119001,0.11
119003,0.18
119009,0.06
119011,0.06
119012,0.21
119014,0.17
119025,0.07
119047,0.15
119049,0.04
119057,0.05
119062,0.06
119064,0.07
119069,0.1
119079,0.04
119088,0.0
119091,0.23
119095,0.12
119104,0.09
119108,0.2
119109,0.05
119115,0.06
119125,0.07
119146,0.03
119148,0.05
119160,0.1
119164,0.3
119169,0.18
119179,0.1
119187,0.16
119191,0.03
119205,0.01
119207,0.14
119208,0.07
119217,0.08
119230,0.0
119232,0.07
119236,0.17
119238,0.04
119240,0.17
119250,0.07
119251,0.03
119252,0.1
119266,0.03
119267,0.02
119270,0.11
119272,0.25
119276,0.02
119281,0.05
119295,0.06
119313,0.21
119318,0.04
119321,0.15
119340,0.03
119341,0.08
119344,0.12
119348,0.01
119353,0.09
119361,0.1
119362,0.47
119376,0.21
119383,0.1
119391,0.14
119394,0.07
119395,0.1
119415,0.01
119430,0.08
119441,0.06
119454,0.04
119468,0.11
119474,0.19
119492,0.07
119496,0.14
119500,0.13
119501,0.21
119510,0.06
119518,0.09
119524,0.22
119533,0.07
119540,0.16
119553,0.03
119573,0.05
119593,0.05
119594,0.02
119595,0.22
119596,0.01
119607,0.38
119609,0.04
119616,0.05
119618,0.14
119619,0.17
119628,0.03
119630,0.11
119632,0.12
119648,0.32
119671,0.12
119675,0.07
119683,0.14
119689,0.09
119697,0.1
119698,0.33
119702,0.16
119709,0.09
119715,0.02
119718,0.01
119719,0.27
119731,0.21
119736,0.07
119745,0.08
119749,0.04
119751,0.12
119757,0.13
119761,0.12
119762,0.04
119771,0.05
119778,0.07
119784,0.06
119788,0.07
119802,0.05
119803,0.18
119806,0.05
119810,0.0
119811,0.18
119813,0.12
119820,0.1
119821,0.19
119842,0.05
119843,0.02
119844,0.05
119861,0.02
119866,0.01
119868,0.07
119875,0.02
119896,0.3
119898,0.01
119921,0.06
119922,0.1
119929,0.07
119934,0.03
119938,0.08
119947,0.07
119948,0.32
119967,0.11
119977,0.03
119980,0.08
119984,0.12
119989,0.16
119990,0.07
119994,0.07
119999,0.19
120004,0.01
120020,0.06
120030,0.05
120036,0.11
120050,0.23
120051,0.2
120053,0.13
120075,0.07
120076,0.06
120088,0.09
120099,0.06
120101,0.01
120102,0.05
120108,0.02
120145,0.15
120146,0.11
120154,0.09
120156,0.13
120165,0.08
120166,0.07
120176,0.01
120179,0.24
120182,0.03
120198,0.08
120205,0.15
120208,0.05
120214,0.03
120220,0.04
120227,0.07
120233,0.08
120240,0.04
120243,0.1
120266,0.08
120268,0.14
120280,0.07
120281,0.11
120284,0.02
120298,0.06
120304,0.14
120306,0.08
120320,0.08
120325,0.01
120326,0.05
120335,0.23
120341,0.02
120343,0.05
120388,0.1
120390,0.04
120404,0.02
120405,0.03
120408,0.29
120415,0.12
120421,0.26
120422,0.03
120433,0.17
120437,0.26
120440,0.05
120441,0.06
120449,0.13
120457,0.18
120459,0.04
120460,0.06
120463,0.14
120464,0.08
120470,0.16
120488,0.26
120535,0.08
120538,0.06
120539,0.26
120541,0.13
120562,0.08
120570,0.05
120580,0.11
120581,0.09
120591,0.33
120593,0.1
120598,0.06
120603,0.02
120607,0.17
120642,0.05
120647,0.08
120649,0.06
120664,0.1
120665,0.1
120671,0.1
120678,0.09
120679,0.02
120680,0.08
120681,0.09
120691,0.1
120696,0.09
120697,0.19
120713,0.05
120721,0.1
120725,0.07
120734,0.12
120740,0.19
120748,0.14
120755,0.09
120759,0.0
120761,0.07
120764,0.04
120770,0.06
120777,0.04
120796,0.07
120803,0.01
120809,0.05
120811,0.03
120826,0.02
120829,0.02
120832,0.07
120840,0.12
120857,0.11
120885,0.03
120891,0.06
120894,0.03
120905,0.13
120913,0.07
120914,0.03
120918,0.08
120921,0.07
120923,0.13
120927,0.28
120928,0.13
120934,0.25
120936,0.05
120942,0.05
120946,0.02
120947,0.05
120953,0.05
120955,0.03
120956,0.11
120977,0.07
120980,0.17
120981,0.04
120982,0.02
120991,0.17
121011,0.12
121013,0.08
121018,0.16
121020,0.04
121037,0.03
121038,0.05
121039,0.03
121045,0.17
121046,0.05
121059,0.24
121066,0.13
121078,0.12
121080,0.21
121081,0.13
121086,0.07
121099,0.09
121100,0.06
121107,0.11
121108,0.03
121111,0.04
121130,0.05
121131,0.1
121135,0.19
121152,0.0
121156,0.07
121160,0.13
121162,0.17
121175,0.03
121181,0.06
121186,0.07
121197,0.04
121201,0.26
121208,0.06
121215,0.11
121220,0.16
121225,0.24
121227,0.05
121228,0.14
121243,0.07
121258,0.12
121259,0.05
121265,0.08
121279,0.08
121280,0.08
121281,0.13
121283,0.04
121288,0.06
121296,0.04
121300,0.12
121308,0.14
121321,0.17
121323,0.08
121332,0.06
121334,0.02
121348,0.06
121350,0.04
121351,0.13
121363,0.0
121379,0.09
121380,0.09
121383,0.04
121387,0.07
121414,0.05
121416,0.04
121422,0.08
121423,0.06
121427,0.09
121431,0.02
121438,0.05
121460,0.1
121479,0.04
121482,0.11
121483,0.15
121488,0.09
121489,0.15
121492,0.09
121502,0.01
121503,0.07
121513,0.04
121544,0.1
121545,0.06
121546,0.08
121552,0.21
121553,0.11
121556,0.14
121557,0.03
121583,0.05
121588,0.02
121596,0.09
121597,0.12
121612,0.0
121618,0.03
121619,0.05
121621,0.07
121622,0.04
121626,0.09
121628,0.04
121630,0.3
121631,0.1
121632,0.14
121641,0.09
121695,0.14
121733,0.16
121754,0.06
121762,0.12
121765,0.06
121766,0.04
121771,0.09
121772,0.48
121778,0.13
121791,0.17
121792,0.08
121822,0.14
121825,0.19
121832,0.02
121841,0.07
121846,0.02
121850,0.08
121851,0.07
121853,0.23
121857,0.1
121862,0.08
121863,0.02
121875,0.01
121881,0.1
121896,0.28
121901,0.03
121908,0.08
121909,0.13
121916,0.1
121919,0.12
121921,0.09
121933,0.07
121947,0.0
121948,0.13
121963,0.08
121968,0.06
121970,0.08
121978,0.03
121991,0.15
121996,0.06
121997,0.27
122000,0.15
122015,0.12
122017,0.14
122027,0.07
122044,0.05
122047,0.13
122055,0.21
122065,0.08
122069,0.04
122074,0.03
122086,0.08
122089,0.11
122099,0.04
122102,0.02
122118,0.12
122124,0.02
122125,0.12
122129,0.02
122133,0.03
122135,0.1
122136,0.08
122142,0.09
122154,0.04
122158,0.12
122160,0.02
122165,0.05
122166,0.05
122170,0.06
122175,0.05
122192,0.1
122207,0.06
122210,0.05
122215,0.01
122222,0.02
122234,0.2
122235,0.05
122236,0.05
122248,0.18
122256,0.01
122257,0.0
122258,0.05
122259,0.03
122260,0.09
122264,0.08
122266,0.14
122268,0.03
122271,0.04
122283,0.07
122286,0.02
122288,0.06
122301,0.07
122313,0.09
122322,0.01
122323,0.05
122324,0.1
122336,0.02
122338,0.14
122349,0.02
122351,0.05
122354,0.09
122358,0.16
122376,0.17
122378,0.05
122387,0.05
122392,0.07
122405,0.29
122409,0.05
122411,0.17
122415,0.03
122416,0.14
122425,0.18
122452,0.14
122453,0.18
122456,0.05
122458,0.15
122465,0.01
122468,0.04
122477,0.0
122483,0.02
122517,0.19
122521,0.34
122537,0.07
122538,0.07
122552,0.17
122557,0.14
122561,0.05
122568,0.03
122573,0.18
122583,0.15
122590,0.14
122609,0.01
122617,0.04
122621,0.12
122635,0.08
122638,0.08
122639,0.14
122644,0.04
122675,0.04
122699,0.12
122703,0.05
122706,0.04
122712,0.05
122730,0.02
122731,0.06
122736,0.03
122741,0.1
122745,0.06
122751,0.19
122768,0.01
122785,0.14
122797,0.05
122812,0.13
122816,0.03
122817,0.01
122826,0.11
122838,0.12
122845,0.03
122848,0.08
122850,0.02
122856,0.07
122862,0.1
122869,0.13
122871,0.11
122874,0.29
122875,0.22
122885,0.15
122901,0.1
122902,0.09
122903,0.06
122904,0.04
122910,0.06
122921,0.06
122925,0.03
122964,0.0
122975,0.12
122977,0.06
122984,0.26
122999,0.05
123004,0.23
123009,0.05
123012,0.1
123018,0.02
123025,0.21
123037,0.06
123038,0.11
123039,0.05
123045,0.07
123046,0.06
123051,0.11
123052,0.02
123056,0.08
123061,0.07
123072,0.07
123074,0.08
123086,0.17
123087,0.02
123091,0.18
123094,0.01
123105,0.19
123110,0.07
123113,0.05
123114,0.17
123124,0.04
123131,0.08
123136,0.31
123146,0.0
123147,0.08
123155,0.16
123163,0.02
123182,0.05
123196,0.06
123200,0.04
123204,0.03
123207,0.06
123210,0.02
123215,0.15
123227,0.06
123234,0.03
123239,0.11
123249,0.23
123252,0.0
123255,0.03
123257,0.07
123260,0.07
123263,0.17
123274,0.04
123275,0.05
123276,0.06
123292,0.13
123308,0.04
123316,0.03
123328,0.04
123330,0.11
123331,0.12
123334,0.17
123343,0.04
123344,0.06
123345,0.09
123352,0.25
123356,0.04
123365,0.16
123368,0.04
123376,0.12
123381,0.04
123384,0.13
123389,0.05
123401,0.15
123419,0.01
123433,0.09
123438,0.14
123441,0.1
123456,0.16
123457,0.21
123476,0.03
123477,0.05
123489,0.13
123490,0.05
123496,0.21
123502,0.14
123503,0.23
123513,0.07
123515,0.14
123530,0.1
123532,0.03
123537,0.03
123539,0.15
123540,0.07
123546,0.05
123547,0.23
123554,0.08
123572,0.05
123574,0.14
123575,0.1
123576,0.02
123584,0.11
123586,0.08
123591,0.05
123606,0.04
123607,0.14
123615,0.02
123616,0.11
123619,0.11
123621,0.2
123622,0.05
123633,0.05
123635,0.1
123658,0.19
123659,0.04
123663,0.07
123666,0.08
123670,0.05
123678,0.07
123688,0.09
123707,0.01
123709,0.13
123720,0.07
123741,0.09
123751,0.13
123759,0.12
123765,0.19
123766,0.02
123793,0.18
123794,0.04
123809,0.09
123837,0.04
123839,0.02
123843,0.14
123851,0.18
123854,0.13
123860,0.03
123863,0.07
123879,0.07
123888,0.12
123891,0.05
123912,0.06
123942,0.04
123952,0.32
123953,0.01
123958,0.14
123966,0.02
123977,0.12
123981,0.02
124000,0.03
124023,0.03
124026,0.03
124027,0.06
124033,0.1
124053,0.1
124057,0.09
124065,0.08
124074,0.03
124079,0.07
124095,0.04
124110,0.09
124138,0.01
124167,0.24
124168,0.11
124175,0.02
124176,0.21
124181,0.1
124195,0.15
124197,0.02
124206,0.05
124225,0.06
124230,0.02
124231,0.19
124253,0.08
124257,0.03
124263,0.06
124277,0.06
124285,0.03
124289,0.04
124299,0.16
124303,0.12
124309,0.33
124316,0.14
124319,0.15
124335,0.24
124347,0.36
124359,0.1
124362,0.04
124363,0.1
124389,0.03
124390,0.04
124393,0.18
124401,0.27
124406,0.02
124407,0.12
124416,0.15
124423,0.02
124429,0.1
124431,0.15
124439,0.03
124441,0.09
124451,0.09
124454,0.06
124463,0.26
124492,0.08
124493,0.12
124503,0.03
124506,0.09
124514,0.04
124516,0.04
124519,0.09
124520,0.17
124539,0.06
124545,0.16
124546,0.18
124552,0.03
124553,0.2
124555,0.03
124575,0.06
124586,0.07
124587,0.03
124591,0.37
124595,0.02
124597,0.12
124625,0.11
124628,0.16
124647,0.19
124648,0.06
124654,0.24
124655,0.05
124656,0.07
124658,0.07
124674,0.13
124675,0.0
124686,0.21
124696,0.3
124698,0.02
124702,0.11
124704,0.07
124705,0.09
124719,0.0
124732,0.07
124734,0.1
124737,0.05
124742,0.13
124793,0.04
124816,0.29
124820,0.03
124823,0.18
124826,0.04
124829,0.04
124844,0.1
124850,0.0
124866,0.01
124868,0.03
124874,0.17
124875,0.04
124876,0.04
124887,0.13
124893,0.23
124901,0.03
124905,0.17
124906,0.14
124931,0.09
124938,0.05
124940,0.28
124947,0.01
124948,0.06
124949,0.02
124971,0.16
124974,0.02
124976,0.08
125004,0.07
125025,0.03
125029,0.09
125031,0.05
125037,0.13
125046,0.03
125052,0.02
125053,0.04
125090,0.21
125093,0.09
125100,0.04
125101,0.1
125104,0.13
125111,0.04
125133,0.1
125144,0.14
125145,0.06
125149,0.08
125157,0.03
125158,0.27
125164,0.2
125167,0.05
125170,0.05
125177,0.04
125185,0.12
125190,0.01
125196,0.06
125200,0.18
125203,0.13
125215,0.19
125221,0.1
125224,0.02
125227,0.13
125252,0.04
125256,0.06
125264,0.06
125266,0.07
125267,0.07
125268,0.39
125270,0.06
125271,0.06
125276,0.06
125290,0.03
125300,0.12
125311,0.06
125327,0.06
125338,0.02
125359,0.12
125360,0.06
125366,0.04
125373,0.11
125376,0.23
125384,0.02
125387,0.15
125388,0.08
125393,0.04
125394,0.15
125396,0.04
125397,0.04
125408,0.08
125409,0.05
125414,0.29
125423,0.02
125425,0.18
125436,0.06
125450,0.08
125465,0.03
125471,0.26
125488,0.06
125496,0.08
125500,0.21
125505,0.04
125507,0.11
125519,0.04
125521,0.27
125524,0.15
125531,0.19
125542,0.08
125552,0.08
125560,0.05
125573,0.01
125574,0.03
125576,0.11
125592,0.07
125604,0.11
125622,0.04
125628,0.06
125649,0.02
125668,0.18
125695,0.08
125698,0.07
125701,0.09
125705,0.17
125709,0.11
125713,0.01
125720,0.08
125727,0.25
125747,0.07
125752,0.09
125758,0.07
125772,0.1
125779,0.4
125798,0.11
125804,0.21
125814,0.09
125817,0.01
125835,0.0
125838,0.12
125842,0.03
125852,0.31
125878,0.09
125886,0.1
125896,0.23
125924,0.07
125930,0.04
125939,0.02
125957,0.14
125961,0.06
125972,0.07
125973,0.14
125975,0.04
125983,0.09
125984,0.25
125990,0.07
126016,0.19
126022,0.08
126028,0.12
126047,0.2
126048,0.05
126067,0.11
126068,0.03
126069,0.05
126088,0.09
126121,0.05
126123,0.02
126125,0.03
126136,0.08
126159,0.09
126162,0.09
126165,0.09
126172,0.15
126175,0.14
126178,0.01
126184,0.03
126198,0.12
126202,0.1
126203,0.07
126205,0.02
126214,0.12
126231,0.22
126238,0.09
126242,0.13
126252,0.03
126263,0.13
126265,0.1
126267,0.12
126274,0.17
126299,0.11
126307,0.09
126310,0.09
126329,0.11
126331,0.08
126340,0.04
126341,0.18
126348,0.06
126349,0.01
126351,0.11
126354,0.04
126366,0.06
126370,0.0
126398,0.11
126407,0.05
126409,0.17
126431,0.09
126438,0.06
126448,0.11
126462,0.03
126464,0.15
126468,0.03
126472,0.13
126473,0.09
126479,0.08
126484,0.17
126486,0.07
126488,0.06
126490,0.04
126494,0.07
126506,0.04
126510,0.03
126513,0.1
126526,0.27
126533,0.08
126538,0.1
126549,0.13
126553,0.08
126554,0.08
126555,0.05
126579,0.1
126584,0.08
126594,0.07
126595,0.1
126596,0.15
126602,0.02
126611,0.04
126614,0.04
126636,0.05
126638,0.09
126651,0.11
126658,0.07
126674,0.06
126685,0.05
126688,0.13
126689,0.04
126707,0.37
126715,0.03
126716,0.04
126721,0.24
126722,0.13
126732,0.06
126738,0.04
126743,0.06
126744,0.04
126752,0.08
126759,0.05
126763,0.22
126775,0.11
126778,0.08
126784,0.11
126791,0.01
126792,0.07
126804,0.14
126816,0.13
126817,0.04
126822,0.03
126832,0.08
126842,0.04
126849,0.08
126850,0.0
126861,0.04
126871,0.0
126872,0.1
126880,0.03
126888,0.08
126896,0.05
126913,0.08
126918,0.01
126954,0.03
126961,0.05
126963,0.02
126965,0.11
126968,0.17
126971,0.01
126981,0.1
126984,0.11
126985,0.06
126995,0.15
126999,0.22
127007,0.09
127015,0.07
127038,0.09
127054,0.03
127057,0.02
127062,0.21
127083,0.15
127098,0.02
127102,0.1
127110,0.04
127111,0.18
127116,0.04
127126,0.03
127135,0.03
127137,0.05
127142,0.03
127151,0.09
127155,0.09
127156,0.05
127160,0.05
127169,0.07
127174,0.07
127175,0.1
127177,0.04
127192,0.02
127193,0.05
127196,0.04
127197,0.09
127204,0.08
127207,0.05
127215,0.03
127226,0.08
127230,0.05
127244,0.14
127247,0.07
127249,0.04
127259,0.2
127299,0.03
127304,0.01
127308,0.13
127309,0.08
127313,0.11
127316,0.08
127317,0.15
127318,0.1
127333,0.02
127334,0.02
127336,0.02
127346,0.14
127370,0.0
127375,0.13
127390,0.16
127392,0.03
127398,0.06
127400,0.05
127402,0.05
127407,0.09
127412,0.11
127413,0.05
127415,0.06
127418,0.29
127425,0.09
127432,0.08
127436,0.08
127448,0.07
127449,0.14
127463,0.16
127464,0.12
127468,0.07
127481,0.09
127492,0.19
127495,0.02
127496,0.11
127501,0.12
127508,0.03
127531,0.03
127554,0.04
127562,0.05
127565,0.03
127567,0.09
127582,0.06
127593,0.05
127595,0.02
127614,0.04
127627,0.11
127630,0.02
127638,0.03
127639,0.03
127641,0.02
127643,0.08
127665,0.01
127674,0.04
127676,0.18
127693,0.1
127701,0.01
127702,0.11
127709,0.11
127720,0.12
127733,0.16
127739,0.1
127753,0.1
127756,0.09
127757,0.13
127777,0.21
127810,0.17
127811,0.07
127821,0.16
127835,0.11
127839,0.11
127870,0.17
127878,0.2
127887,0.08
127918,0.18
127919,0.07
127920,0.08
127932,0.05
127933,0.13
127953,0.11
127955,0.01
127957,0.01
127961,0.07
127967,0.21
127970,0.12
127975,0.07
127985,0.04
127991,0.05
127997,0.04
127999,0.05
128004,0.03
128005,0.13
128015,0.07
128018,0.15
128044,0.08
128046,0.05
128047,0.12
128048,0.12
128054,0.06
128066,0.12
128070,0.06
128071,0.13
128094,0.12
128095,0.03
128099,0.18
128116,0.08
128130,0.07
128132,0.03
128133,0.26
128140,0.03
128154,0.09
128156,0.24
128160,0.04
128165,0.22
128166,0.0
128169,0.05
128171,0.12
128177,0.04
128178,0.04
128182,0.02
128191,0.02
128199,0.04
128213,0.12
128214,0.05
128216,0.04
128217,0.17
128226,0.06
128229,0.03
128232,0.1
128246,0.12
128273,0.12
128274,0.03
128283,0.04
128284,0.05
128294,0.18
128295,0.1
128297,0.05
128300,0.04
128314,0.06
128317,0.07
128339,0.11
128340,0.06
128342,0.06
128343,0.05
128364,0.12
128368,0.21
128377,0.04
128380,0.06
128383,0.19
128407,0.07
128409,0.11
128423,0.04
128428,0.04
128433,0.13
128438,0.17
128439,0.1
128446,0.07
128447,0.07
128450,0.25
128455,0.17
128457,0.15
128464,0.02
128465,0.05
128471,0.01
128474,0.17
128483,0.11
128514,0.07
128516,0.05
128519,0.05
128528,0.12
128529,0.2
128536,0.1
128541,0.1
128542,0.07
128545,0.09
128557,0.03
128560,0.2
128568,0.17
128571,0.06
128578,0.04
128582,0.06
128588,0.15
128597,0.1
128610,0.12
128619,0.16
128630,0.09
128680,0.11
128684,0.01
128687,0.12
128699,0.19
128702,0.06
128704,0.11
128710,0.14
128720,0.34
128724,0.07
128727,0.1
128744,0.09
128745,0.06
128760,0.17
128766,0.21
128770,0.04
128782,0.11
128822,0.09
128830,0.14
128836,0.14
128845,0.14
128858,0.03
128859,0.1
128860,0.04
128874,0.12
128880,0.09
128882,0.08
128883,0.12
128884,0.09
128892,0.12
128905,0.11
128910,0.22
128912,0.08
128915,0.08
128917,0.17
128937,0.03
128942,0.04
128945,0.02
128957,0.04
128962,0.05
128970,0.01
128985,0.07
128986,0.05
128992,0.04
128994,0.06
129003,0.04
129005,0.07
129010,0.0
129024,0.1
129038,0.0
129042,0.04
129049,0.05
129062,0.22
129067,0.07
129070,0.07
129073,0.04
129074,0.04
129088,0.05
129090,0.18
129101,0.24
129102,0.07
129106,0.12
129108,0.07
129120,0.12
129122,0.05
129123,0.27
129135,0.08
129141,0.16
129152,0.07
129160,0.07
129168,0.06
129174,0.02
129178,0.04
129183,0.07
129187,0.04
129197,0.09
129200,0.07
129205,0.05
129222,0.08
129230,0.11
129235,0.03
129251,0.04
129274,0.02
129282,0.02
129284,0.09
129298,0.14
129299,0.11
129311,0.04
129312,0.04
129313,0.03
129314,0.05
129321,0.16
129329,0.1
129330,0.21
129332,0.06
129338,0.06
129345,0.03
129349,0.17
129353,0.01
129357,0.01
129358,0.13
129365,0.14
129376,0.08
129380,0.01
129382,0.06
129402,0.05
129403,0.02
129412,0.04
129441,0.27
129442,0.09
129448,0.06
129466,0.03
129475,0.06
129483,0.06
129484,0.04
129499,0.04
129501,0.09
129508,0.04
129510,0.11
129526,0.08
129527,0.17
129533,0.04
129535,0.2
129536,0.23
129545,0.07
129553,0.11
129557,0.13
129560,0.05
129576,0.09
129580,0.03
129585,0.16
129587,0.03
129597,0.08
129611,0.09
129619,0.11
129622,0.1
129631,0.14
129632,0.16
129640,0.18
129647,0.03
129658,0.02
129676,0.05
129683,0.0
129685,0.1
129701,0.13
129706,0.27
129707,0.03
129720,0.13
129727,0.21
129728,0.11
129768,0.07
129775,0.04
129790,0.02
129804,0.06
129805,0.16
129813,0.02
129816,0.02
129823,0.11
129826,0.2
129831,0.09
129833,0.02
129851,0.08
129857,0.25
129860,0.03
129914,0.11
129926,0.03
129933,0.08
129939,0.13
129949,0.04
129959,0.12
129962,0.22
129963,0.09
129964,0.15
129977,0.02
129985,0.02
129987,0.08
129992,0.13
130002,0.09
130016,0.12
130045,0.09
130048,0.13
130051,0.05
130053,0.09
130056,0.02
130061,0.01
130062,0.03
130065,0.18
130066,0.05
130070,0.14
130079,0.09
130080,0.08
130098,0.12
130109,0.14
130110,0.13
130116,0.02
130125,0.24
130134,0.19
130137,0.09
130138,0.12
130146,0.13
130148,0.09
130154,0.03
130156,0.08
130158,0.04
130159,0.04
130177,0.12
130186,0.19
130204,0.22
130205,0.14
130206,0.06
130211,0.03
130217,0.04
130218,0.01
130235,0.15
130236,0.23
130239,0.02
130256,0.14
130260,0.02
130261,0.12
130262,0.02
130263,0.11
130264,0.02
130266,0.22
130277,0.17
130278,0.07
130281,0.2
130297,0.05
130302,0.14
130320,0.07
130325,0.13
130329,0.03
130338,0.26
130339,0.07
130340,0.1
130344,0.1
130347,0.05
130353,0.09
130358,0.05
130366,0.07
130371,0.07
130374,0.06
130389,0.01
130390,0.04
130404,0.05
130426,0.04
130440,0.01
130449,0.38
130451,0.05
130452,0.16
130453,0.04
130463,0.08
130466,0.07
130467,0.05
130475,0.09
130489,0.12
130490,0.14
130495,0.09
130497,0.03
130499,0.04
130504,0.22
130513,0.03
130528,0.06
130533,0.19
130543,0.06
130567,0.16
130571,0.12
130572,0.04
130589,0.06
130592,0.17
130603,0.12
130623,0.06
130641,0.09
130687,0.11
130690,0.07
130698,0.06
130707,0.12
130709,0.15
130718,0.16
130722,0.1
130732,0.03
130735,0.07
130757,0.08
130760,0.11
130771,0.04
130772,0.02
130774,0.09
130779,0.08
130795,0.02
130828,0.09
130833,0.09
130843,0.02
130855,0.17
130871,0.05
130878,0.11
130885,0.16
130889,0.06
130894,0.12
130896,0.13
130905,0.03
130906,0.02
130930,0.03
130931,0.17
130943,0.05
130946,0.03
130947,0.25
130950,0.08
130954,0.1
130966,0.05
130983,0.05
131003,0.1
131005,0.02
131009,0.09
131013,0.09
131027,0.02
131030,0.2
131031,0.08
131033,0.04
131039,0.12
131045,0.09
131057,0.08
131072,0.05
131084,0.05
131088,0.03
131089,0.01
131091,0.08
131093,0.09
131114,0.08
131118,0.05
131123,0.02
131130,0.08
131144,0.09
131162,0.12
131163,0.1
131166,0.07
131179,0.23
131181,0.01
131183,0.22
131219,0.03
131227,0.02
131231,0.09
131235,0.11
131242,0.05
131251,0.17
131257,0.1
131263,0.05
131268,0.1
131271,0.03
131275,0.06
131286,0.07
131290,0.1
131300,0.02
131306,0.12
131316,0.06
131321,0.14
131322,0.17
131326,0.02
131333,0.2
131335,0.16
131352,0.02
131354,0.03
131366,0.1
131373,0.08
131388,0.02
131394,0.07
131404,0.12
131405,0.21
131411,0.06
131416,0.11
131421,0.1
131424,0.01
131426,0.16
131443,0.22
131470,0.15
131471,0.13
131476,0.01
131477,0.02
131479,0.28
131493,0.06
131495,0.14
131496,0.13
131498,0.18
131504,0.12
131525,0.21
131528,0.04
131548,0.05
131549,0.08
131550,0.09
131557,0.28
131564,0.04
131565,0.04
131576,0.19
131602,0.16
131628,0.1
131629,0.01
131641,0.12
131647,0.05
131664,0.05
131677,0.07
131681,0.07
131682,0.04
131688,0.23
131690,0.04
131691,0.02
131709,0.11
131713,0.04
131719,0.11
131733,0.14
131734,0.16
131743,0.19
131747,0.14
131748,0.17
131758,0.05
131759,0.09
131764,0.03
131771,0.04
131788,0.06
131791,0.21
131798,0.04
131810,0.13
131812,0.05
131815,0.16
131823,0.11
131824,0.04
131828,0.18
131844,0.16
131846,0.08
131848,0.05
131863,0.06
131864,0.13
131889,0.08
131890,0.05
131892,0.08
131895,0.05
131896,0.09
131897,0.04
131905,0.07
131906,0.07
131907,0.12
131914,0.07
131921,0.03
131922,0.03
131925,0.05
131936,0.11
131941,0.06
131950,0.06
131952,0.06
131959,0.3
131983,0.06
131987,0.07
131994,0.14
132004,0.19
132009,0.05
132012,0.04
132013,0.02
132014,0.08
132028,0.11
132054,0.04
132061,0.05
132062,0.03
132078,0.24
132082,0.05
132086,0.08
132089,0.04
132095,0.16
132109,0.08
132110,0.14
132121,0.03
132125,0.01
132127,0.15
132128,0.03
132134,0.1
132139,0.09
132141,0.03
132149,0.15
132150,0.06
132152,0.1
132153,0.17
132164,0.05
132179,0.21
132182,0.07
132189,0.09
132193,0.07
132194,0.05
132195,0.05
132208,0.17
132211,0.07
132212,0.06
132216,0.04
132219,0.04
132223,0.11
132238,0.07
132242,0.05
132268,0.06
132275,0.05
132276,0.09
132279,0.02
132289,0.08
132290,0.07
132300,0.26
132319,0.13
132340,0.01
132344,0.1
132345,0.07
132346,0.08
132352,0.1
132353,0.1
132358,0.29
132381,0.09
132382,0.08
132383,0.14
132410,0.08
132419,0.0
132423,0.08
132432,0.05
132434,0.08
132440,0.12
132441,0.11
132452,0.04
132453,0.06
132456,0.03
132459,0.03
132462,0.12
132463,0.14
132468,0.12
132485,0.23
132490,0.1
132500,0.05
132521,0.24
132555,0.1
132560,0.04
132562,0.02
132575,0.07
132587,0.05
132591,0.14
132611,0.09
132615,0.05
132617,0.23
132622,0.13
132629,0.1
132638,0.07
132642,0.02
132658,0.05
132664,0.05
132668,0.01
132676,0.14
132704,0.15
132707,0.16
132719,0.06
132723,0.24
132724,0.13
132732,0.04
132754,0.1
132756,0.03
132766,0.08
132767,0.03
132775,0.12
132776,0.12
132785,0.07
132787,0.03
132793,0.08
132807,0.01
132811,0.05
132818,0.04
132834,0.0
132846,0.02
132861,0.09
132870,0.14
132882,0.04
132884,0.02
132885,0.23
132888,0.06
132898,0.04
132912,0.03
132916,0.22
132917,0.09
132932,0.15
132940,0.08
132943,0.06
132962,0.06
132965,0.26
132969,0.02
132974,0.12
132977,0.06
132978,0.03
132982,0.05
132983,0.04
132996,0.0
133006,0.02
133007,0.01
133025,0.02
133027,0.11
133033,0.08
133038,0.11
133040,0.09
133041,0.07
133044,0.13
133053,0.05
133063,0.06
133065,0.01
133083,0.11
133084,0.05
133091,0.08
133092,0.03
133107,0.06
133111,0.11
133122,0.08
133132,0.14
133140,0.16
133147,0.01
133150,0.04
133168,0.08
133170,0.01
133184,0.01
133228,0.06
133229,0.14
133230,0.02
133232,0.2
133242,0.08
133246,0.15
133247,0.13
133253,0.02
133268,0.23
133271,0.09
133272,0.04
133296,0.15
133299,0.12
133302,0.23
133315,0.07
133330,0.02
133331,0.05
133332,0.05
133333,0.07
133334,0.32
133361,0.21
133363,0.12
133404,0.02
133412,0.29
133418,0.05
133422,0.18
133426,0.24
133450,0.07
133465,0.07
133468,0.09
133469,0.09
133474,0.07
133479,0.06
133490,0.24
133492,0.03
133495,0.04
133496,0.05
133501,0.13
133502,0.11
133511,0.04
133515,0.09
133528,0.05
133539,0.11
133551,0.14
133564,0.14
133569,0.02
133570,0.06
133578,0.04
133586,0.02
133587,0.2
133597,0.15
133608,0.03
133624,0.06
133626,0.18
133645,0.14
133655,0.0
133658,0.07
133659,0.13
133660,0.06
133664,0.02
133684,0.14
133685,0.04
133688,0.12
133706,0.04
133713,0.03
133723,0.04
133730,0.06
133733,0.03
133760,0.17
133762,0.07
133777,0.06
133793,0.05
133816,0.07
133818,0.03
133824,0.1
133841,0.21
133850,0.05
133877,0.09
133880,0.16
133887,0.03
133889,0.17
133896,0.08
133916,0.18
133920,0.08
133936,0.17
133939,0.03
133940,0.03
133942,0.11
133956,0.21
133957,0.11
133965,0.2
133972,0.18
133973,0.09
134008,0.06
134016,0.21
134039,0.05
134040,0.14
134045,0.07
134050,0.3
134056,0.26
134082,0.12
134085,0.15
134089,0.05
134102,0.09
134118,0.03
134131,0.08
134135,0.03
134137,0.02
134150,0.04
134159,0.05
134183,0.03
134186,0.04
134211,0.09
134216,0.04
134217,0.02
134218,0.1
134230,0.1
134233,0.15
134234,0.05
134236,0.11
134241,0.08
134242,0.08
134273,0.08
134277,0.01
134287,0.17
134293,0.12
134302,0.1
134306,0.28
134307,0.09
134325,0.02
134330,0.16
134334,0.08
134338,0.12
134339,0.05
134348,0.1
134355,0.01
134369,0.14
134387,0.04
134399,0.23
134400,0.07
134405,0.09
134407,0.01
134433,0.06
134448,0.0
134460,0.09
134463,0.15
134467,0.05
134485,0.03
134486,0.23
134490,0.31
134494,0.16
134501,0.15
134508,0.06
134512,0.11
134514,0.11
134519,0.02
134528,0.11
134536,0.09
134540,0.09
134546,0.09
134549,0.19
134558,0.08
134560,0.14
134588,0.1
134590,0.19
134591,0.06
134594,0.07
134622,0.01
134626,0.1
134639,0.06
134649,0.05
134654,0.07
134658,0.02
134683,0.09
134688,0.22
134689,0.4
134697,0.07
134698,0.25
134718,0.05
134742,0.03
134751,0.13
134760,0.02
134763,0.01
134764,0.11
134765,0.05
134773,0.06
134790,0.02
134794,0.11
134802,0.04
134805,0.02
134807,0.04
134812,0.12
134813,0.1
134823,0.1
134824,0.1
134838,0.25
134841,0.01
134857,0.09
134862,0.11
134865,0.03
134880,0.1
134883,0.05
134884,0.16
134916,0.04
134918,0.06
134919,0.12
134921,0.01
134928,0.17
134943,0.05
134950,0.04
134968,0.1
134971,0.23
134972,0.1
135011,0.09
135013,0.42
135016,0.05
135031,0.07
135036,0.02
135041,0.03
135052,0.06
135053,0.09
135054,0.16
135060,0.07
135072,0.08
135078,0.06
135079,0.04
135090,0.09
135113,0.03
135123,0.05
135128,0.12
135136,0.05
135152,0.09
135163,0.04
135166,0.05
135186,0.11
135188,0.08
135194,0.04
135214,0.02
135220,0.12
135235,0.05
135236,0.09
135241,0.09
135243,0.1
135253,0.08
135258,0.17
135264,0.11
135271,0.11
135274,0.11
135275,0.1
135288,0.08
135290,0.08
135299,0.04
135304,0.19
135309,0.05
135345,0.19
135359,0.05
135360,0.05
135361,0.01
135363,0.06
135365,0.1
135369,0.04
135380,0.04
135387,0.12
135389,0.07
135390,0.16
135393,0.03
135401,0.09
135409,0.13
135410,0.1
135412,0.09
135430,0.08
135434,0.03
135435,0.03
135445,0.2
135449,0.35
135460,0.12
135461,0.09
135491,0.09
135500,0.06
135504,0.05
135506,0.1
135521,0.16
135523,0.2
135527,0.05
135528,0.06
135530,0.16
135540,0.05
135541,0.38
135562,0.18
135578,0.03
135584,0.02
135589,0.15
135590,0.07
135591,0.15
135596,0.03
135607,0.04
135622,0.02
135626,0.2
135635,0.08
135636,0.12
135650,0.02
135656,0.13
135657,0.14
135672,0.07
135673,0.03
135678,0.16
135679,0.01
135684,0.14
135701,0.01
135704,0.12
135713,0.12
135716,0.09
135718,0.06
135723,0.02
135737,0.08
135738,0.03
135745,0.03
135746,0.28
135752,0.07
135755,0.1
135756,0.03
135765,0.01
135778,0.06
135779,0.02
135788,0.03
135803,0.06
135804,0.05
135809,0.02
135811,0.21
135812,0.08
135823,0.11
135834,0.05
135838,0.04
135843,0.03
135847,0.05
135857,0.35
135865,0.07
135872,0.05
135885,0.14
135888,0.06
135899,0.08
135910,0.09
135930,0.17
135941,0.23
135943,0.22
135949,0.14
135950,0.05
135951,0.06
135954,0.15
135966,0.2
135967,0.05
135971,0.1
135974,0.15
135975,0.07
135985,0.02
136004,0.03
136009,0.14
136033,0.16
136041,0.14
136051,0.02
136057,0.06
136070,0.21
136099,0.06
136103,0.04
136114,0.13
136116,0.1
136140,0.09
136160,0.05
136185,0.04
136201,0.08
136211,0.17
136213,0.15
136224,0.16
136234,0.09
136244,0.03
136255,0.18
136257,0.06
136260,0.05
136261,0.07
136263,0.1
136267,0.06
136277,0.12
136289,0.17
136293,0.06
136296,0.07
136302,0.12
136312,0.05
136317,0.17
136337,0.17
136355,0.0
136356,0.44
136383,0.1
136390,0.01
136406,0.13
136416,0.04
136417,0.06
136429,0.23
136440,0.04
136445,0.11
136449,0.01
136454,0.1
136457,0.02
136467,0.1
136474,0.13
136503,0.08
136505,0.19
136558,0.04
136578,0.15
136579,0.06
136582,0.1
136583,0.03
136588,0.11
136593,0.02
136605,0.24
136617,0.15
136620,0.05
136625,0.1
136640,0.06
136643,0.24
136653,0.22
136654,0.12
136660,0.04
136661,0.0
136663,0.1
136683,0.21
136711,0.1
136726,0.21
136730,0.1
136739,0.14
136740,0.22
136745,0.01
136751,0.1
136754,0.05
136758,0.09
136762,0.08
136763,0.07
136778,0.04
136782,0.06
136798,0.09
136808,0.24
136811,0.1
136829,0.07
136832,0.02
136838,0.11
136846,0.05
136848,0.02
136852,0.12
136854,0.08
136856,0.05
136862,0.3
136863,0.03
136885,0.08
136887,0.07
136902,0.17
136918,0.07
136922,0.03
136923,0.01
136929,0.19
136940,0.09
136967,0.09
136968,0.06
136972,0.12
136984,0.06
136993,0.11
136994,0.02
136995,0.04
136999,0.04
137013,0.03
137015,0.12
137023,0.14
137025,0.15
137032,0.03
137033,0.39
137045,0.01
137049,0.05
137051,0.11
137052,0.11
137101,0.18
137119,0.2
137142,0.1
137149,0.1
137166,0.01
137167,0.03
137192,0.04
137193,0.1
137194,0.04
137204,0.13
137214,0.01
137222,0.17
137223,0.15
137234,0.03
137254,0.02
137269,0.02
137284,0.11
137285,0.25
137286,0.29
137287,0.16
137300,0.15
137305,0.06
137313,0.12
137344,0.27
137346,0.2
137354,0.12
137356,0.22
137357,0.01
137364,0.12
137368,0.0
137380,0.08
137383,0.03
137395,0.07
137432,0.03
137433,0.19
137435,0.09
137444,0.02
137453,0.16
137454,0.04
137455,0.1
137456,0.04
137457,0.16
137465,0.02
137476,0.03
137515,0.07
137544,0.12
137549,0.05
137560,0.16
137577,0.34
137590,0.03
137591,0.13
137592,0.12
137595,0.08
137614,0.06
137624,0.2
137640,0.02
137651,0.15
137657,0.02
137658,0.29
137672,0.06
137673,0.05
137687,0.15
137688,0.1
137689,0.06
137700,0.29
137711,0.02
137715,0.17
137718,0.03
137721,0.04
137722,0.14
137726,0.12
137739,0.1
137741,0.07
137743,0.08
137747,0.01
137761,0.09
137796,0.01
137807,0.12
137809,0.04
137824,0.06
137827,0.07
137846,0.2
137862,0.07
137865,0.01
137868,0.1
137875,0.04
137878,0.03
137883,0.04
137888,0.14
137913,0.04
137915,0.03
137934,0.04
137936,0.1
137937,0.06
137942,0.01
137944,0.17
137947,0.05
137960,0.08
137977,0.14
138006,0.02
138007,0.05
138008,0.02
138019,0.1
138021,0.04
138022,0.1
138025,0.1
138044,0.09
138046,0.09
138050,0.08
138068,0.16
138084,0.1
138085,0.03
138086,0.09
138087,0.03
138089,0.13
138100,0.17
138105,0.03
138107,0.04
138127,0.09
138128,0.11
138129,0.0
138131,0.0
138132,0.02
138150,0.04
138156,0.02
138169,0.12
138174,0.03
138177,0.06
138187,0.12
138189,0.02
138193,0.09
138203,0.11
138209,0.04
138237,0.09
138243,0.07
138273,0.06
138274,0.1
138275,0.02
138277,0.08
138285,0.1
138289,0.21
138308,0.03
138313,0.07
138317,0.08
138326,0.1
138327,0.08
138338,0.07
138367,0.02
138377,0.13
138416,0.04
138417,0.04
138419,0.07
138425,0.08
138430,0.09
138454,0.07
138465,0.08
138470,0.1
138480,0.08
138481,0.25
138486,0.09
138492,0.12
138496,0.1
138519,0.18
138520,0.13
138522,0.18
138545,0.02
138556,0.09
138560,0.01
138564,0.02
138573,0.06
138581,0.16
138585,0.14
138591,0.06
138598,0.03
138600,0.1
138602,0.12
138613,0.15
138639,0.08
138651,0.02
138652,0.06
138661,0.2
138674,0.05
138678,0.31
138679,0.06
138686,0.03
138695,0.02
138711,0.01
138728,0.23
138731,0.01
138744,0.09
138752,0.23
138754,0.21
138756,0.18
138770,0.05
138771,0.22
138807,0.03
138818,0.02
138819,0.11
138820,0.07
138831,0.04
138843,0.07
138871,0.09
138873,0.06
138876,0.1
138880,0.2
138881,0.03
138882,0.02
138890,0.05
138892,0.08
138893,0.02
138917,0.02
138921,0.13
138922,0.14
138924,0.07
138926,0.11
138932,0.08
138946,0.06
138959,0.18
138961,0.04
138964,0.02
138968,0.04
138969,0.2
138980,0.14
138992,0.11
139002,0.28
139010,0.05
139011,0.05
139017,0.15
139030,0.0
139032,0.07
139034,0.26
139039,0.06
139049,0.1
139053,0.09
139058,0.06
139062,0.14
139067,0.3
139069,0.26
139070,0.21
139075,0.06
139082,0.08
139092,0.09
139098,0.08
139108,0.15
139127,0.1
139130,0.1
139145,0.07
139164,0.04
139174,0.07
139175,0.18
139178,0.06
139180,0.04
139181,0.19
139186,0.01
139189,0.08
139190,0.02
139191,0.07
139198,0.0
139201,0.08
139204,0.14
139208,0.02
139211,0.06
139215,0.04
139225,0.17
139226,0.0
139231,0.03
139246,0.14
139252,0.08
139256,0.06
139258,0.05
139268,0.04
139272,0.05
139283,0.14
139286,0.04
139289,0.08
139290,0.2
139291,0.0
139293,0.02
139303,0.09
139304,0.07
139307,0.26
139319,0.05
139321,0.06
139326,0.06
139327,0.12
139355,0.1
139363,0.02
139375,0.07
139397,0.13
139412,0.08
139413,0.03
139415,0.1
139416,0.08
139449,0.17
139461,0.05
139462,0.19
139463,0.17
139486,0.05
139493,0.09
139515,0.08
139516,0.27
139522,0.07
139532,0.07
139542,0.04
139545,0.06
139552,0.35
139553,0.21
139555,0.04
139559,0.03
139560,0.1
139564,0.05
139565,0.03
139567,0.03
139568,0.03
139572,0.12
139573,0.11
139592,0.05
139595,0.25
139597,0.16
139598,0.05
139607,0.15
139609,0.15
139628,0.06
139653,0.08
139656,0.28
139661,0.08
139673,0.02
139674,0.05
139683,0.02
139714,0.18
139724,0.02
139737,0.12
139749,0.12
139755,0.02
139756,0.11
139757,0.08
139763,0.14
139769,0.17
139774,0.35
139775,0.05
139777,0.09
139780,0.12
139788,0.12
139794,0.18
139831,0.16
139832,0.04
139834,0.06
139839,0.05
139843,0.13
139844,0.06
139858,0.19
139861,0.15
139864,0.12
139865,0.13
139874,0.07
139876,0.02
139895,0.09
139903,0.16
139917,0.06
139930,0.03
139934,0.11
139935,0.07
139946,0.06
139958,0.11
139977,0.05
139981,0.05
139989,0.05
139992,0.15
139995,0.07
139996,0.08
139997,0.07
140005,0.07
140010,0.25
140018,0.07
140026,0.07
140027,0.11
140031,0.08
140037,0.01
140039,0.04
140040,0.1
140042,0.03
140049,0.23
140084,0.12
140087,0.05
140096,0.08
140101,0.24
140114,0.06
140117,0.09
140129,0.21
140131,0.24
140132,0.08
140136,0.12
140144,0.0
140151,0.11
140172,0.06
140174,0.02
140190,0.09
140196,0.08
140200,0.03
140204,0.1
140223,0.14
140232,0.02
140234,0.09
140237,0.18
140245,0.14
140247,0.1
140248,0.11
140298,0.06
140305,0.28
140311,0.0
140312,0.18
140318,0.13
140325,0.19
140327,0.34
140334,0.1
140337,0.05
140338,0.05
140343,0.13
140376,0.1
140378,0.16
140381,0.06
140382,0.05
140384,0.08
140386,0.06
140390,0.02
140402,0.04
140406,0.01
140425,0.06
140426,0.1
140434,0.09
140435,0.04
140436,0.18
140451,0.09
140452,0.06
140454,0.07
140455,0.14
140483,0.13
140504,0.02
140512,0.08
140518,0.02
140534,0.04
140545,0.04
140546,0.12
140560,0.01
140563,0.06
140564,0.06
140569,0.09
140577,0.17
140638,0.03
140655,0.12
140664,0.09
140669,0.07
140672,0.3
140682,0.09
140693,0.1
140700,0.08
140701,0.05
140704,0.09
140705,0.06
140719,0.06
140749,0.19
140750,0.02
140751,0.1
140752,0.05
140762,0.13
140772,0.13
140778,0.13
140779,0.1
140780,0.02
140802,0.02
140804,0.23
140807,0.09
140813,0.04
140827,0.09
140840,0.01
140845,0.1
140847,0.13
140861,0.05
140862,0.13
140872,0.05
140879,0.06
140880,0.1
140886,0.07
140924,0.05
140938,0.02
140944,0.02
140945,0.16
140961,0.07
140963,0.06
140967,0.08
140982,0.09
140990,0.0
140993,0.04
140996,0.28
141004,0.04
141025,0.44
141030,0.04
141031,0.02
141032,0.12
141067,0.04
141072,0.1
141081,0.06
141084,0.09
141085,0.03
141089,0.07
141090,0.11
141093,0.05
141095,0.11
141110,0.07
141114,0.07
141119,0.24
141147,0.07
141150,0.23
141159,0.02
141160,0.16
141167,0.01
141206,0.02
141213,0.12
141215,0.32
141222,0.09
141255,0.07
141283,0.04
141298,0.31
141306,0.06
141310,0.21
141320,0.05
141323,0.07
141329,0.05
141333,0.04
141339,0.04
141340,0.07
141344,0.06
141345,0.02
141347,0.13
141350,0.12
141356,0.09
141358,0.06
141365,0.02
141368,0.01
141369,0.08
141376,0.12
141377,0.02
141385,0.04
141387,0.07
141388,0.16
141389,0.16
141390,0.14
141409,0.03
141410,0.05
141411,0.12
141414,0.1
141422,0.07
141426,0.25
141457,0.04
141470,0.04
141480,0.05
141481,0.03
141492,0.0
141493,0.06
141496,0.07
141497,0.03
141502,0.01
141503,0.13
141504,0.17
141507,0.07
141515,0.02
141524,0.29
141528,0.02
141540,0.04
141542,0.11
141551,0.23
141573,0.06
141580,0.01
141588,0.13
141596,0.17
141597,0.1
141602,0.06
141608,0.1
141611,0.0
141612,0.28
141618,0.1
141628,0.01
141632,0.14
141634,0.12
141637,0.08
141638,0.15
141639,0.02
141640,0.13
141644,0.18
141654,0.14
141656,0.04
141668,0.03
141717,0.16
141718,0.05
141723,0.18
141743,0.12
141744,0.05
141750,0.09
141753,0.02
141762,0.24
141809,0.06
141815,0.04
141826,0.02
141832,0.06
141840,0.04
141869,0.04
141870,0.14
141887,0.15
141915,0.12
141925,0.08
141945,0.38
141949,0.1
141958,0.16
141959,0.06
141963,0.06
141989,0.02
141995,0.04
141997,0.03
142005,0.03
142008,0.11
142012,0.11
142014,0.03
142025,0.1
142036,0.04
142037,0.05
142038,0.01
142039,0.04
142064,0.15
142065,0.16
142070,0.04
142074,0.14
142079,0.17
142084,0.21
142087,0.02
142102,0.02
142106,0.08
142115,0.05
142120,0.01
142132,0.02
142139,0.11
142142,0.01
142153,0.19
142160,0.14
142162,0.06
142163,0.04
142167,0.03
142168,0.07
142177,0.07
142180,0.08
142183,0.03
142186,0.09
142189,0.05
142195,0.03
142198,0.09
142210,0.08
142215,0.18
142222,0.04
142223,0.12
142224,0.01
142236,0.03
142237,0.09
142239,0.03
142242,0.05
142243,0.14
142244,0.02
142255,0.0
142273,0.04
142289,0.18
142294,0.04
142303,0.19
142305,0.0
142339,0.14
142359,0.29
142361,0.06
142364,0.07
142378,0.18
142380,0.06
142383,0.1
142387,0.08
142393,0.27
142396,0.24
142407,0.19
142409,0.13
142427,0.02
142429,0.35
142430,0.12
142431,0.07
142433,0.12
142439,0.2
142440,0.03
142446,0.01
142459,0.05
142478,0.01
142481,0.02
142491,0.04
142495,0.04
142497,0.04
142510,0.09
142513,0.12
142521,0.02
142529,0.17
142537,0.07
142542,0.22
142558,0.12
142574,0.1
142575,0.04
142579,0.1
142587,0.05
142590,0.27
142610,0.02
142614,0.02
142621,0.02
142641,0.05
142650,0.06
142653,0.05
142667,0.15
142671,0.31
142676,0.06
142680,0.03
142684,0.07
142685,0.03
142686,0.07
142689,0.11
142691,0.16
142704,0.07
142707,0.09
142724,0.02
142727,0.06
142728,0.03
142741,0.05
142747,0.04
142748,0.04
142752,0.04
142755,0.03
142756,0.12
142759,0.0
142762,0.06
142771,0.11
142778,0.09
142783,0.13
142789,0.23
142790,0.1
142791,0.2
142793,0.27
142795,0.05
142803,0.08
142819,0.02
142822,0.06
142825,0.14
142833,0.07
142871,0.02
142872,0.08
142883,0.11
142905,0.06
142906,0.1
142917,0.18
142921,0.07
142927,0.04
142932,0.04
142940,0.1
142962,0.11
142969,0.16
142976,0.02
142977,0.12
142982,0.1
142988,0.02
142990,0.19
142992,0.04
143012,0.07
143013,0.17
143016,0.08
143017,0.11
143033,0.1
143058,0.05
143059,0.04
143060,0.01
143065,0.05
143076,0.06
143081,0.21
143088,0.06
143089,0.12
143090,0.02
143094,0.06
143100,0.05
143115,0.06
143132,0.1
143135,0.13
143136,0.1
143149,0.23
143151,0.16
143152,0.03
143153,0.11
143162,0.05
143166,0.04
143167,0.07
143187,0.07
143188,0.02
143190,0.02
143191,0.03
143195,0.3
143207,0.1
143209,0.09
143227,0.13
143231,0.03
143232,0.08
143244,0.04
143263,0.13
143268,0.22
143275,0.08
143278,0.12
143302,0.02
143320,0.01
143328,0.24
143336,0.03
143339,0.08
143340,0.25
143353,0.04
143360,0.05
143361,0.15
143385,0.26
143388,0.07
143389,0.06
143390,0.03
143393,0.17
143396,0.18
143419,0.11
143421,0.03
143422,0.07
143431,0.05
143433,0.05
143440,0.1
143442,0.02
143463,0.07
143466,0.06
143475,0.15
143500,0.17
143510,0.06
143528,0.08
143532,0.02
143535,0.11
143538,0.05
143548,0.08
143550,0.04
143555,0.07
143576,0.22
143593,0.16
143595,0.07
143596,0.0
143597,0.12
143599,0.01
143601,0.07
143602,0.09
143605,0.04
143609,0.13
143611,0.08
143613,0.08
143618,0.11
143652,0.05
143667,0.02
143679,0.12
143680,0.12
143692,0.13
143703,0.07
143712,0.11
143714,0.11
143715,0.05
143729,0.12
143732,0.06
143738,0.12
143740,0.14
143743,0.08
143772,0.07
143773,0.08
143792,0.08
143802,0.06
143808,0.07
143819,0.06
143820,0.1
143825,0.03
143828,0.03
143831,0.16
143834,0.02
143835,0.04
143843,0.04
143860,0.03
143874,0.09
143889,0.11
143903,0.11
143921,0.24
143936,0.04
143944,0.09
143947,0.07
143948,0.03
143957,0.23
143964,0.13
143965,0.03
143971,0.1
143976,0.1
143977,0.19
143983,0.12
143991,0.09
144015,0.08
144032,0.09
144057,0.06
144065,0.01
144087,0.09
144090,0.11
144091,0.21
144092,0.08
144139,0.05
144150,0.05
144151,0.06
144153,0.1
144154,0.31
144159,0.11
144168,0.22
144169,0.05
144178,0.13
144179,0.03
144183,0.02
144186,0.17
144190,0.12
144191,0.09
144199,0.17
144226,0.09
144227,0.02
144229,0.02
144237,0.02
144247,0.02
144249,0.08
144259,0.03
144260,0.06
144282,0.13
144295,0.18
144304,0.07
144314,0.01
144318,0.12
144324,0.17
144325,0.06
144333,0.06
144334,0.06
144336,0.02
144350,0.03
144354,0.06
144357,0.04
144359,0.05
144365,0.1
144385,0.07
144386,0.02
144387,0.13
144390,0.04
144393,0.05
144398,0.07
144402,0.06
144416,0.06
144422,0.11
144446,0.17
144451,0.07
144461,0.03
144464,0.09
144483,0.06
144498,0.2
144499,0.04
144534,0.02
144549,0.05
144563,0.04
144570,0.28
144579,0.05
144580,0.04
144581,0.09
144582,0.09
144587,0.03
144588,0.16
144589,0.06
144590,0.1
144598,0.1
144601,0.0
144610,0.02
144611,0.1
144612,0.04
144613,0.02
144617,0.1
144635,0.25
144640,0.08
144644,0.04
144645,0.01
144654,0.03
144656,0.06
144657,0.18
144658,0.09
144659,0.09
144665,0.08
144667,0.05
144675,0.03
144677,0.15
144678,0.04
144690,0.09
144701,0.17
144702,0.19
144716,0.05
144721,0.14
144722,0.2
144729,0.09
144744,0.02
144753,0.08
144761,0.06
144764,0.23
144767,0.01
144780,0.05
144781,0.05
144784,0.08
144806,0.06
144810,0.19
144811,0.03
144824,0.08
144828,0.09
144829,0.07
144835,0.12
144849,0.12
144850,0.02
144870,0.01
144881,0.1
144891,0.05
144898,0.09
144904,0.04
144906,0.05
144909,0.08
144910,0.02
144912,0.15
144963,0.04
144965,0.09
144966,0.12
144979,0.09
144990,0.12
144991,0.02
144992,0.19
144999,0.14
145006,0.04
145007,0.09
145008,0.01
145009,0.04
145011,0.04
145014,0.1
145025,0.02
145036,0.06
145041,0.04
145058,0.14
145071,0.08
145106,0.08
145110,0.01
145142,0.05
145146,0.2
145147,0.06
145148,0.14
145149,0.0
145154,0.12
145157,0.16
145158,0.04
145167,0.04
145172,0.04
145174,0.08
145192,0.02
145195,0.06
145196,0.25
145199,0.01
145209,0.19
145242,0.07
145248,0.1
145249,0.02
145250,0.01
145281,0.08
145287,0.06
145288,0.06
145298,0.07
145303,0.02
145309,0.07
145333,0.06
145336,0.03
145339,0.04
145350,0.04
145353,0.04
145354,0.02
145358,0.03
145382,0.16
145383,0.25
145389,0.06
145390,0.11
145391,0.13
145392,0.11
145407,0.01
145410,0.08
145412,0.17
145415,0.08
145418,0.05
145419,0.04
145440,0.02
145451,0.13
145476,0.19
145481,0.06
145482,0.04
145484,0.03
145502,0.05
145512,0.08
145515,0.02
145521,0.0
145523,0.04
145554,0.03
145557,0.0
145560,0.11
145563,0.1
145569,0.03
145586,0.18
145601,0.03
145602,0.09
145615,0.1
145623,0.1
145638,0.02
145640,0.06
145645,0.07
145654,0.06
145664,0.06
145677,0.03
145679,0.04
145681,0.09
145698,0.07
145709,0.06
145713,0.06
145720,0.08
145780,0.02
145781,0.09
145798,0.12
145811,0.15
145819,0.01
145833,0.13
145834,0.12
145835,0.09
145844,0.03
145862,0.06
145869,0.12
145871,0.02
145872,0.02
145874,0.29
145888,0.09
145891,0.13
145907,0.13
145908,0.17
145919,0.19
145925,0.05
145940,0.11
145941,0.05
145943,0.08
145951,0.04
145954,0.07
145957,0.04
145962,0.15
145974,0.05
145976,0.14
145987,0.11
145988,0.31
145989,0.04
145990,0.06
145991,0.25
145993,0.09
146000,0.27
146001,0.04
146006,0.05
146011,0.03
146014,0.1
146020,0.05
146021,0.04
146022,0.09
146026,0.11
146028,0.14
146032,0.02
146033,0.19
146037,0.19
146059,0.04
146060,0.16
146063,0.11
146069,0.16
146086,0.05
146090,0.4
146092,0.02
146094,0.16
146097,0.03
146098,0.13
146106,0.04
146115,0.01
146121,0.08
146122,0.08
146140,0.14
146142,0.02
146146,0.07
146149,0.05
146153,0.04
146155,0.05
146156,0.02
146159,0.18
146172,0.13
146176,0.12
146184,0.06
146186,0.02
146191,0.02
146198,0.08
146199,0.02
146202,0.04
146206,0.05
146214,0.1
146221,0.12
146232,0.06
146239,0.11
146246,0.14
146247,0.03
146252,0.01
146255,0.03
146256,0.02
146262,0.12
146277,0.06
146292,0.06
146303,0.03
146305,0.1
146313,0.06
146317,0.12
146330,0.11
146344,0.09
146345,0.09
146347,0.15
146356,0.05
146369,0.0
146384,0.08
146385,0.01
146386,0.07
146388,0.04
146404,0.1
146409,0.22
146413,0.07
146421,0.09
146428,0.04
146451,0.18
146458,0.01
146466,0.02
146476,0.01
146485,0.03
146486,0.11
146487,0.14
146500,0.01
146502,0.08
146512,0.11
146514,0.03
146515,0.08
146516,0.15
146533,0.03
146535,0.07
146541,0.11
146557,0.08
146562,0.1
146565,0.09
146570,0.03
146571,0.05
146574,0.19
146587,0.08
146591,0.03
146597,0.13
146600,0.11
146614,0.33
146621,0.05
146623,0.15
146631,0.13
146644,0.05
146649,0.05
146651,0.05
146652,0.08
146663,0.02
146680,0.07
146683,0.18
146714,0.14
146724,0.13
146730,0.03
146732,0.16
146738,0.13
146752,0.12
146755,0.12
146756,0.06
146759,0.06
146760,0.12
146761,0.05
146765,0.06
146806,0.07
146809,0.14
146810,0.05
146811,0.07
146815,0.13
146820,0.21
146821,0.04
146824,0.12
146829,0.11
146842,0.12
146864,0.11
146891,0.13
146918,0.07
146955,0.04
146957,0.09
146972,0.13
146973,0.12
146979,0.11
146982,0.03
146984,0.06
146997,0.15
147001,0.04
147008,0.12
147014,0.03
147022,0.11
147038,0.04
147048,0.08
147060,0.11
147061,0.08
147077,0.07
147082,0.05
147083,0.09
147085,0.1
147086,0.1
147099,0.08
147127,0.08
147128,0.07
147133,0.07
147138,0.04
147139,0.02
147150,0.14
147155,0.1
147171,0.06
147172,0.04
147182,0.03
147195,0.03
147199,0.06
147216,0.03
147224,0.06
147225,0.05
147230,0.1
147240,0.02
147250,0.08
147253,0.02
147254,0.3
147264,0.03
147294,0.19
147308,0.05
147309,0.09
147315,0.07
147319,0.02
147329,0.06
147340,0.07
147345,0.25
147353,0.01
147354,0.11
147364,0.11
147366,0.06
147373,0.05
147382,0.05
147383,0.08
147390,0.04
147408,0.11
147411,0.09
147415,0.06
147416,0.16
147425,0.04
147427,0.01
147438,0.08
147439,0.04
147457,0.1
147459,0.04
147463,0.09
147469,0.1
147476,0.13
147483,0.07
147497,0.06
147502,0.21
147515,0.15
147523,0.05
147527,0.08
147541,0.22
147551,0.04
147552,0.04
147561,0.0
147571,0.09
147587,0.04
147657,0.08
147659,0.03
147670,0.01
147695,0.12
147696,0.06
147702,0.37
147710,0.28
147711,0.01
147712,0.1
147713,0.19
147720,0.11
147722,0.11
147742,0.03
147750,0.05
147761,0.09
147764,0.08
147770,0.03
147771,0.19
147774,0.24
147786,0.02
147787,0.03
147791,0.07
147792,0.12
147793,0.09
147794,0.01
147801,0.19
147824,0.03
147826,0.03
147840,0.05
147847,0.04
147862,0.16
147865,0.1
147882,0.18
147893,0.11
147925,0.05
147932,0.2
147942,0.06
147953,0.11
147955,0.19
147964,0.22
147966,0.22
147981,0.02
147982,0.1
147990,0.05
147998,0.17
148002,0.17
148013,0.1
148025,0.21
148026,0.1
148031,0.12
148035,0.09
148042,0.12
148047,0.02
148050,0.02
148063,0.1
148065,0.1
148069,0.2
148070,0.06
148075,0.18
148076,0.03
148087,0.03
148091,0.01
148102,0.05
148107,0.07
148108,0.05
148113,0.1
148131,0.12
148141,0.07
148149,0.14
148150,0.17
148163,0.11
148175,0.1
148185,0.18
148187,0.05
148198,0.12
148204,0.15
148205,0.05
148212,0.13
148216,0.38
148217,0.16
148223,0.08
148224,0.15
148235,0.06
148255,0.14
148276,0.04
148285,0.07
148289,0.04
148292,0.07
148294,0.09
148314,0.12
148319,0.0
148320,0.1
148322,0.07
148323,0.05
148325,0.06
148333,0.13
148339,0.05
148359,0.02
148361,0.08
148364,0.09
148380,0.05
148382,0.04
148386,0.18
148393,0.08
148394,0.06
148404,0.03
148419,0.13
148423,0.07
148437,0.22
148440,0.04
148448,0.03
148449,0.03
148450,0.02
148451,0.11
148458,0.18
148471,0.17
148475,0.06
148476,0.04
148497,0.1
148511,0.07
148512,0.1
148534,0.08
148545,0.17
148557,0.1
148564,0.11
148570,0.07
148586,0.1
148596,0.13
148600,0.12
148607,0.03
148609,0.06
148622,0.03
148623,0.06
148625,0.2
148626,0.05
148628,0.05
148632,0.05
148639,0.09
148643,0.1
148644,0.11
148680,0.02
148702,0.09
148716,0.09
148717,0.05
148726,0.17
148738,0.15
148746,0.09
148749,0.1
148750,0.06
148769,0.04
148791,0.07
148803,0.03
148804,0.06
148823,0.05
148831,0.02
148849,0.06
148850,0.09
148855,0.06
148893,0.05
148896,0.02
148899,0.1
148903,0.14
148910,0.12
148911,0.06
148912,0.25
148913,0.06
148933,0.07
148935,0.08
148937,0.09
148946,0.35
148955,0.17
148980,0.07
148996,0.05
149015,0.24
149025,0.09
149028,0.15
149029,0.06
149035,0.02
149050,0.06
149051,0.05
149052,0.09
149056,0.05
149062,0.03
149067,0.04
149076,0.15
149090,0.28
149106,0.2
149107,0.02
149118,0.06
149119,0.06
149130,0.14
149154,0.06
149157,0.03
149158,0.02
149160,0.03
149163,0.08
149164,0.13
149165,0.1
149166,0.09
149214,0.11
149231,0.11
149236,0.04
149237,0.16
149246,0.04
149247,0.03
149253,0.06
149254,0.03
149265,0.17
149266,0.05
149277,0.21
149283,0.19
149289,0.07
149310,0.09
149314,0.06
149318,0.14
149319,0.0
149320,0.1
149321,0.17
149333,0.12
149337,0.2
149338,0.01
149341,0.08
149342,0.04
149349,0.02
149351,0.16
149354,0.04
149360,0.09
149362,0.14
149366,0.0
149372,0.19
149376,0.08
149388,0.13
149393,0.06
149401,0.03
149405,0.19
149412,0.2
149415,0.16
149416,0.03
149430,0.17
149435,0.06
149436,0.04
149444,0.15
149456,0.04
149471,0.02
149480,0.04
149481,0.05
149490,0.05
149491,0.02
149503,0.05
149512,0.11
149524,0.01
149525,0.03
149532,0.09
149533,0.21
149536,0.34
149540,0.07
149548,0.06
149563,0.11
149568,0.04
149569,0.12
149570,0.15
149582,0.03
149584,0.03
149587,0.1
149592,0.11
149596,0.13
149599,0.02
149612,0.12
149643,0.06
149648,0.18
149665,0.06
149666,0.2
149671,0.01
149675,0.07
149676,0.1
149677,0.04
149680,0.26
149711,0.04
149723,0.04
149726,0.1
149727,0.03
149730,0.01
149733,0.1
149734,0.14
149736,0.34
149750,0.04
149752,0.18
149767,0.1
149791,0.03
149793,0.02
149810,0.02
149850,0.06
149857,0.1
149858,0.08
149860,0.27
149882,0.02
149889,0.03
149890,0.14
149918,0.15
149919,0.1
149927,0.01
149928,0.07
149940,0.11
149944,0.02
149947,0.19
149951,0.09
149956,0.03
149958,0.18
149969,0.0
149988,0.06
149996,0.06
150007,0.07
150018,0.07
150025,0.04
150054,0.09
150064,0.08
150070,0.01
150074,0.05
150078,0.03
150084,0.08
150106,0.1
150111,0.32
150115,0.03
150117,0.22
150120,0.05
150127,0.07
150128,0.15
150130,0.16
150132,0.13
150135,0.02
150145,0.11
150148,0.03
150153,0.07
150154,0.06
150173,0.05
150174,0.24
150176,0.13
150177,0.11
150178,0.12
150179,0.25
150187,0.04
150207,0.04
150223,0.11
150224,0.04
150229,0.05
150233,0.05
150245,0.02
150252,0.0
150257,0.08
150258,0.08
150267,0.09
150268,0.13
150272,0.23
150282,0.05
150289,0.11
150299,0.08
150307,0.05
150310,0.06
150311,0.15
150312,0.1
150313,0.05
150324,0.15
150335,0.09
150343,0.05
150354,0.1
150363,0.11
150365,0.09
150377,0.07
150381,0.04
150382,0.03
150414,0.06
150418,0.12
150431,0.03
150449,0.2
150450,0.1
150473,0.06
150475,0.02
150476,0.14
150478,0.05
150488,0.22
150499,0.12
150501,0.13
150503,0.04
150518,0.03
150529,0.1
150531,0.0
150532,0.12
150535,0.09
150543,0.23
150545,0.11
150548,0.09
150552,0.07
150558,0.16
150574,0.13
150576,0.18
150577,0.02
150594,0.07
150601,0.11
150604,0.02
150618,0.03
150626,0.09
150627,0.09
150635,0.17
150648,0.15
150649,0.15
150650,0.13
150651,0.08
150652,0.08
150657,0.19
150659,0.01
150666,0.04
150667,0.03
150680,0.04
150698,0.21
150700,0.16
150713,0.02
150715,0.09
150718,0.02
150724,0.16
150731,0.1
150734,0.02
150738,0.02
150744,0.07
150745,0.16
150746,0.1
150749,0.07
150750,0.25
150753,0.04
150759,0.01
150762,0.03
150764,0.02
150782,0.1
150784,0.05
150785,0.05
150786,0.07
150789,0.12
150802,0.06
150809,0.03
150810,0.17
150817,0.06
150820,0.05
150822,0.13
150845,0.09
150846,0.07
150854,0.06
150858,0.27
150866,0.11
150869,0.02
150874,0.06
150887,0.05
150889,0.05
150892,0.05
150896,0.06
150901,0.32
150914,0.2
150918,0.06
150919,0.07
150929,0.11
150935,0.06
150941,0.04
150949,0.03
150950,0.13
150951,0.04
150952,0.01
150980,0.25
150981,0.04
150986,0.22
150987,0.09
151004,0.06
151005,0.1
151010,0.02
151012,0.08
151016,0.02
151021,0.11
151022,0.01
151023,0.2
151024,0.2
151035,0.17
151036,0.03
151039,0.02
151041,0.08
151043,0.08
151052,0.11
151058,0.14
151065,0.07
151066,0.06
151067,0.13
151069,0.05
151070,0.08
151080,0.08
151090,0.08
151092,0.28
151100,0.08
151108,0.08
151113,0.13
151119,0.03
151131,0.05
151145,0.07
151147,0.15
151148,0.0
151149,0.16
151153,0.19
151158,0.1
151167,0.03
151169,0.22
151185,0.07
151186,0.17
151187,0.06
151203,0.04
151206,0.02
151213,0.2
151237,0.09
151254,0.07
151255,0.06
151264,0.09
151266,0.01
151267,0.09
151270,0.06
151286,0.04
151288,0.07
151289,0.17
151290,0.09
151303,0.03
151304,0.06
151308,0.05
151315,0.04
151324,0.06
151329,0.02
151335,0.05
151343,0.04
151347,0.23
151348,0.12
151357,0.04
151366,0.09
151372,0.04
151374,0.05
151394,0.03
151395,0.2
151403,0.08
151410,0.06
151412,0.05
151419,0.06
151443,0.09
151464,0.03
151466,0.12
151467,0.03
151476,0.09
151480,0.07
151481,0.17
151486,0.08
151487,0.09
151490,0.06
151498,0.01
151500,0.11
151504,0.03
151516,0.06
151519,0.12
151528,0.13
151529,0.08
151539,0.14
151540,0.05
151556,0.28
151558,0.03
151559,0.05
151581,0.05
151586,0.16
151589,0.25
151603,0.07
151604,0.02
151610,0.01
151637,0.11
151652,0.17
151654,0.11
151667,0.17
151668,0.21
151669,0.05
151678,0.06
151697,0.08
151706,0.03
151729,0.08
151730,0.1
151737,0.07
151744,0.08
151756,0.11
151785,0.03
151800,0.06
151801,0.0
151821,0.15
151822,0.19
151834,0.08
151845,0.06
151846,0.07
151847,0.07
151848,0.14
151859,0.01
151872,0.16
151875,0.05
151883,0.03
151888,0.01
151895,0.02
151896,0.0
151900,0.05
151913,0.02
151920,0.1
151928,0.02
151933,0.06
151934,0.07
151948,0.18
151951,0.05
151963,0.02
151964,0.0
151965,0.06
151966,0.08
151974,0.01
151975,0.23
151978,0.05
151982,0.07
151993,0.09
152002,0.02
152005,0.1
152017,0.06
152020,0.15
152039,0.14
152047,0.13
152064,0.09
152071,0.11
152076,0.13
152088,0.03
152091,0.11
152093,0.09
152100,0.13
152107,0.12
152115,0.05
152119,0.03
152123,0.07
152129,0.1
152140,0.22
152141,0.07
152142,0.13
152148,0.01
152170,0.07
152171,0.03
152176,0.04
152186,0.05
152192,0.12
152204,0.07
152215,0.06
152220,0.07
152230,0.09
152256,0.04
152265,0.08
152266,0.16
152268,0.05
152272,0.02
152286,0.02
152299,0.03
152305,0.08
152324,0.03
152329,0.13
152355,0.1
152356,0.02
152365,0.1
152369,0.08
152373,0.07
152374,0.06
152383,0.1
152395,0.08
152403,0.15
152404,0.05
152406,0.04
152425,0.09
152437,0.04
152438,0.07
152442,0.18
152460,0.04
152461,0.03
152462,0.06
152472,0.11
152473,0.06
152477,0.03
152506,0.12
152522,0.05
152530,0.08
152535,0.06
152543,0.09
152548,0.06
152556,0.11
152562,0.17
152563,0.14
152565,0.06
152591,0.05
152593,0.08
152612,0.11
152619,0.06
152627,0.06
152628,0.07
152632,0.11
152638,0.06
152646,0.1
152662,0.2
152679,0.07
152680,0.01
152699,0.12
152703,0.04
152717,0.15
152720,0.17
152721,0.07
152735,0.1
152736,0.01
152739,0.27
152755,0.04
152769,0.03
152785,0.02
152788,0.04
152791,0.07
152808,0.08
152815,0.06
152816,0.1
152817,0.03
152818,0.09
152819,0.21
152820,0.02
152823,0.07
152831,0.09
152832,0.06
152833,0.06
152835,0.07
152838,0.06
152846,0.09
152862,0.19
152864,0.05
152865,0.06
152871,0.05
152874,0.02
152875,0.0
152876,0.16
152877,0.23
152881,0.21
152892,0.0
152908,0.3
152909,0.05
152915,0.05
152916,0.17
152923,0.12
152932,0.05
152934,0.08
152936,0.09
152948,0.04
152951,0.11
152956,0.17
152963,0.07
152964,0.41
152978,0.11
152980,0.17
152986,0.16
153001,0.16
153002,0.06
153007,0.11
153009,0.04
153017,0.06
153018,0.25
153022,0.15
153027,0.29
153032,0.04
153033,0.08
153034,0.07
153037,0.13
153051,0.48
153052,0.1
153057,0.02
153067,0.14
153084,0.13
153088,0.15
153089,0.01
153093,0.09
153094,0.13
153095,0.16
153105,0.11
153108,0.08
153110,0.07
153119,0.06
153135,0.02
153139,0.02
153146,0.06
153154,0.11
153185,0.02
153195,0.21
153196,0.06
153198,0.08
153202,0.03
153203,0.03
153209,0.06
153223,0.12
153224,0.04
153227,0.01
153230,0.1
153233,0.05
153234,0.02
153235,0.18
153243,0.07
153263,0.15
153269,0.14
153272,0.03
153276,0.15
153279,0.04
153291,0.14
153311,0.17
153328,0.18
153330,0.21
153341,0.13
153345,0.09
153393,0.05
153394,0.15
153395,0.07
153420,0.19
153428,0.17
153432,0.03
153449,0.09
153458,0.29
153459,0.04
153472,0.06
153475,0.04
153479,0.17
153480,0.05
153490,0.04
153491,0.15
153501,0.01
153502,0.04
153507,0.06
153513,0.05
153514,0.11
153519,0.2
153520,0.01
153556,0.14
153577,0.16
153582,0.12
153594,0.15
153595,0.1
153598,0.03
153601,0.06
153625,0.02
153641,0.04
153654,0.03
153676,0.16
153681,0.04
153704,0.1
153706,0.06
153710,0.18
153720,0.16
153734,0.07
153738,0.07
153743,0.02
153748,0.09
153756,0.21
153757,0.03
153759,0.07
153764,0.19
153782,0.08
153796,0.12
153802,0.27
153809,0.28
153810,0.05
153817,0.17
153821,0.08
153823,0.1
153830,0.04
153834,0.02
153839,0.02
153842,0.09
153847,0.2
153855,0.07
153873,0.04
153875,0.05
153882,0.08
153884,0.03
153885,0.26
153886,0.07
153890,0.02
153892,0.02
153897,0.07
153898,0.02
153901,0.14
153924,0.19
153928,0.05
153929,0.1
153949,0.05
153979,0.07
153980,0.06
153981,0.1
154010,0.2
154015,0.06
154039,0.13
154043,0.02
154044,0.07
154046,0.04
154047,0.05
154058,0.03
154060,0.09
154065,0.23
154083,0.13
154100,0.14
154108,0.2
154120,0.11
154121,0.06
154122,0.06
154128,0.09
154137,0.04
154143,0.05
154151,0.07
154158,0.01
154176,0.02
154184,0.17
154191,0.1
154215,0.1
154216,0.12
154220,0.01
154222,0.12
154227,0.06
154241,0.05
154243,0.07
154244,0.18
154254,0.05
154264,0.03
154265,0.17
154268,0.08
154269,0.03
154299,0.03
154307,0.15
154315,0.2
154325,0.06
154327,0.07
154332,0.1
154346,0.01
154347,0.06
154353,0.15
154369,0.06
154376,0.06
154377,0.11
154379,0.1
154389,0.02
154402,0.09
154403,0.03
154416,0.03
154428,0.09
154430,0.03
154442,0.34
154447,0.24
154468,0.02
154470,0.01
154473,0.12
154480,0.07
154486,0.1
154500,0.02
154507,0.13
154529,0.01
154549,0.04
154557,0.0
154571,0.15
154578,0.07
154580,0.02
154591,0.04
154611,0.25
154623,0.03
154650,0.19
154655,0.29
154659,0.14
154680,0.31
154681,0.03
154690,0.07
154711,0.06
154712,0.03
154722,0.12
154731,0.08
154747,0.28
154749,0.1
154750,0.17
154760,0.14
154763,0.04
154786,0.1
154788,0.08
154792,0.09
154807,0.24
154812,0.08
154818,0.09
154819,0.09
154824,0.11
154839,0.12
154840,0.02
154843,0.01
154847,0.04
154849,0.08
154850,0.03
154851,0.03
154853,0.05
154858,0.03
154868,0.26
154871,0.07
154877,0.04
154916,0.02
154920,0.04
154922,0.14
154924,0.01
154933,0.09
154942,0.19
154955,0.04
154957,0.06
154966,0.07
154971,0.04
154972,0.06
154973,0.01
154974,0.02
154979,0.05
154982,0.12
154990,0.11
154991,0.12
154994,0.15
154995,0.04
155009,0.04
155014,0.03
155017,0.04
155018,0.06
155019,0.04
155020,0.04
155027,0.15
155034,0.08
155047,0.03
155049,0.15
155052,0.04
155053,0.06
155059,0.15
155060,0.11
155069,0.06
155077,0.17
155078,0.04
155086,0.06
155088,0.05
155094,0.05
155099,0.02
155100,0.05
155116,0.05
155117,0.05
155119,0.03
155120,0.03
155133,0.13
155135,0.29
155141,0.2
155144,0.08
155145,0.03
155174,0.07
155194,0.04
155196,0.02
155204,0.2
155232,0.05
155240,0.14
155246,0.11
155254,0.06
155267,0.05
155273,0.07
155274,0.03
155283,0.07
155296,0.23
155312,0.0
155318,0.06
155322,0.09
155323,0.05
155329,0.07
155342,0.0
155346,0.26
155366,0.1
155369,0.17
155372,0.3
155378,0.05
155382,0.05
155390,0.07
155401,0.23
155428,0.05
155443,0.07
155445,0.06
155450,0.08
155452,0.02
155453,0.0
155480,0.11
155482,0.04
155484,0.15
155485,0.14
155496,0.11
155497,0.1
155531,0.07
155541,0.01
155547,0.13
155550,0.16
155551,0.04
155565,0.12
155567,0.06
155569,0.19
155573,0.08
155575,0.07
155581,0.01
155591,0.12
155593,0.16
155594,0.06
155610,0.22
155623,0.05
155624,0.16
155629,0.05
155638,0.06
155650,0.03
155652,0.06
155687,0.14
155697,0.06
155715,0.21
155718,0.08
155719,0.09
155723,0.08
155730,0.07
155731,0.09
155737,0.21
155738,0.03
155740,0.07
155742,0.1
155755,0.07
155766,0.07
155768,0.02
155771,0.08
155803,0.06
155808,0.01
155809,0.09
155812,0.02
155820,0.14
155832,0.17
155841,0.08
155847,0.27
155848,0.14
155855,0.16
155886,0.1
155893,0.14
155905,0.04
155910,0.07
155912,0.04
155919,0.24
155921,0.11
155937,0.13
155939,0.03
155950,0.05
155987,0.21
155988,0.06
156005,0.02
156006,0.03
156010,0.13
156018,0.02
156021,0.21
156026,0.03
156030,0.04
156033,0.06
156038,0.08
156041,0.1
156049,0.11
156050,0.08
156068,0.11
156069,0.15
156087,0.05
156088,0.06
156095,0.09
156104,0.06
156107,0.11
156108,0.06
156111,0.16
156119,0.06
156123,0.12
156140,0.22
156149,0.09
156161,0.04
156180,0.2
156186,0.11
156189,0.11
156194,0.05
156200,0.04
156213,0.54
156214,0.08
156228,0.08
156234,0.11
156236,0.1
156243,0.05
156256,0.09
156268,0.06
156269,0.04
156270,0.12
156274,0.05
156290,0.02
156291,0.08
156292,0.07
156298,0.07
156301,0.05
156302,0.16
156309,0.04
156355,0.03
156365,0.12
156367,0.08
156372,0.06
156376,0.08
156377,0.1
156389,0.08
156400,0.06
156404,0.14
156405,0.1
156426,0.01
156427,0.04
156429,0.09
156430,0.05
156431,0.02
156432,0.04
156449,0.04
156463,0.05
156464,0.06
156478,0.04
156492,0.06
156508,0.12
156509,0.06
156517,0.15
156526,0.05
156527,0.03
156538,0.18
156542,0.04
156543,0.02
156555,0.06
156556,0.07
156561,0.07
156563,0.02
156564,0.0
156567,0.09
156570,0.02
156581,0.04
156594,0.02
156597,0.04
156600,0.1
156601,0.05
156627,0.06
156629,0.08
156642,0.11
156644,0.01
156663,0.04
156674,0.03
156688,0.01
156696,0.06
156707,0.04
156723,0.0
156728,0.16
156731,0.05
156732,0.08
156733,0.1
156768,0.11
156773,0.08
156782,0.12
156815,0.06
156837,0.04
156854,0.19
156861,0.17
156862,0.01
156878,0.09
156903,0.07
156910,0.02
156925,0.05
156933,0.14
156952,0.21
156953,0.01
156963,0.2
156965,0.16
156989,0.08
156994,0.1
156996,0.04
157005,0.06
157011,0.01
157046,0.25
157058,0.09
157061,0.17
157065,0.03
157066,0.04
157067,0.13
157090,0.12
157091,0.1
157096,0.04
157101,0.24
157104,0.04
157109,0.03
157116,0.2
157120,0.12
157121,0.12
157124,0.1
157125,0.01
157132,0.15
157153,0.13
157157,0.11
157159,0.21
157168,0.11
157189,0.02
157195,0.05
157203,0.05
157210,0.13
157212,0.09
157220,0.02
157239,0.19
157241,0.02
157246,0.05
157247,0.19
157252,0.05
157253,0.3
157265,0.07
157291,0.08
157292,0.02
157301,0.08
157306,0.19
157312,0.27
157314,0.06
157332,0.1
157333,0.09
157337,0.1
157345,0.15
157347,0.11
157363,0.26
157376,0.02
157382,0.05
157397,0.04
157409,0.04
157411,0.03
157422,0.01
157428,0.08
157434,0.14
157442,0.13
157446,0.01
157456,0.04
157465,0.04
157469,0.06
157482,0.01
157497,0.03
157507,0.02
157510,0.11
157515,0.03
157529,0.07
157530,0.19
157541,0.12
157546,0.24
157553,0.11
157554,0.03
157562,0.17
157565,0.1
157566,0.07
157571,0.01
157572,0.03
157574,0.04
157575,0.03
157581,0.25
157590,0.18
157604,0.0
157611,0.06
157617,0.25
157620,0.17
157623,0.12
157651,0.1
157653,0.15
157664,0.1
157690,0.1
157704,0.08
157712,0.06
157722,0.16
157727,0.09
157764,0.03
157765,0.17
157775,0.03
157777,0.12
157789,0.09
157802,0.24
157803,0.11
157804,0.12
157805,0.2
157822,0.17
157823,0.01
157827,0.12
157836,0.12
157839,0.1
157847,0.08
157859,0.08
157864,0.03
157866,0.27
157877,0.18
157886,0.05
157892,0.14
157903,0.02
157913,0.08
157919,0.07
157920,0.15
157923,0.07
157926,0.04
157927,0.19
157948,0.0
157949,0.09
157952,0.12
157955,0.24
157958,0.19
157960,0.08
157966,0.05
157970,0.07
157979,0.12
157980,0.22
157985,0.01
157997,0.22
157998,0.14
158002,0.12
158004,0.04
158005,0.12
158007,0.1
158008,0.06
158015,0.03
158033,0.15
158036,0.05
158041,0.06
158044,0.13
158049,0.14
158061,0.06
158078,0.02
158099,0.04
158100,0.04
158102,0.06
158107,0.11
158114,0.17
158127,0.2
158128,0.21
158142,0.19
158145,0.13
158146,0.06
158167,0.04
158176,0.08
158184,0.03
158197,0.06
158201,0.07
158202,0.09
158205,0.07
158208,0.15
158211,0.14
158215,0.11
158218,0.15
158221,0.26
158223,0.13
158230,0.04
158234,0.07
158235,0.09
158245,0.09
158254,0.11
158267,0.1
158277,0.07
158283,0.07
158289,0.13
158290,0.09
158298,0.01
158307,0.01
158332,0.03
158336,0.03
158342,0.02
158344,0.04
158347,0.15
158352,0.01
158354,0.11
158355,0.04
158357,0.02
158365,0.03
158366,0.05
158367,0.04
158368,0.12
158384,0.09
158388,0.13
158395,0.05
158413,0.05
158425,0.07
158426,0.05
158432,0.02
158444,0.14
158453,0.05
158454,0.11
158459,0.06
158462,0.05
158468,0.07
158469,0.04
158470,0.03
158483,0.1
158485,0.07
158490,0.17
158494,0.07
158500,0.05
158503,0.09
158504,0.0
158519,0.16
158523,0.11
158527,0.02
158533,0.07
158535,0.08
158539,0.06
158544,0.17
158547,0.07
158551,0.08
158552,0.03
158560,0.06
158616,0.23
158638,0.02
158642,0.02
158651,0.01
158653,0.06
158677,0.06
158683,0.05
158687,0.09
158693,0.07
158700,0.05
158703,0.11
158705,0.18
158706,0.05
158708,0.03
158712,0.06
158714,0.13
158715,0.05
158752,0.04
158753,0.03
158763,0.01
158764,0.16
158767,0.23
158770,0.03
158781,0.07
158789,0.03
158790,0.03
158791,0.23
158795,0.11
158796,0.11
158800,0.02
158806,0.12
158807,0.17
158815,0.12
158824,0.06
158828,0.2
158831,0.31
158840,0.01
158841,0.07
158847,0.12
158856,0.07
158858,0.12
158884,0.03
158885,0.1
158891,0.15
158898,0.02
158911,0.08
158913,0.02
158918,0.03
158926,0.06
158929,0.01
158939,0.06
158940,0.08
158952,0.08
158963,0.11
158973,0.06
158977,0.16
158988,0.09
159013,0.08
159016,0.03
159018,0.01
159024,0.29
159034,0.1
159035,0.14
159039,0.09
159049,0.11
159056,0.12
159068,0.09
159078,0.08
159099,0.1
159103,0.05
159106,0.34
159113,0.06
159117,0.11
159124,0.29
159132,0.1
159139,0.11
159142,0.05
159145,0.1
159147,0.11
159174,0.07
159201,0.09
159203,0.02
159212,0.21
159214,0.06
159221,0.11
159240,0.03
159241,0.09
159242,0.06
159244,0.08
159250,0.07
159275,0.02
159284,0.03
159293,0.06
159295,0.13
159301,0.06
159310,0.1
159314,0.08
159318,0.04
159333,0.02
159334,0.07
159335,0.05
159337,0.34
159338,0.17
159340,0.16
159361,0.01
159384,0.11
159402,0.08
159421,0.03
159424,0.06
159425,0.08
159426,0.05
159439,0.09
159445,0.1
159449,0.06
159460,0.31
159475,0.08
159481,0.11
159483,0.1
159494,0.09
159504,0.02
159512,0.2
159522,0.12
159524,0.09
159526,0.02
159528,0.11
159547,0.15
159555,0.0
159562,0.05
159563,0.01
159565,0.21
159569,0.06
159578,0.04
159579,0.13
159581,0.05
159594,0.05
159598,0.05
159604,0.05
159605,0.05
159620,0.06
159631,0.09
159633,0.07
159659,0.08
159661,0.25
159667,0.06
159669,0.02
159682,0.08
159683,0.09
159693,0.07
159698,0.05
159702,0.1
159703,0.06
159707,0.06
159716,0.09
159732,0.08
159734,0.09
159740,0.08
159748,0.03
159751,0.17
159756,0.07
159758,0.24
159767,0.13
159769,0.27
159775,0.2
159802,0.04
159804,0.02
159817,0.1
159818,0.04
159824,0.03
159837,0.01
159840,0.07
159842,0.21
159851,0.01
159865,0.18
159866,0.08
159872,0.1
159874,0.08
159879,0.04
159883,0.07
159884,0.05
159898,0.23
159903,0.07
159906,0.18
159914,0.09
159915,0.17
159917,0.09
159929,0.09
159949,0.12
159951,0.06
159953,0.08
159957,0.04
159968,0.04
159972,0.08
159973,0.07
159993,0.19
160008,0.2
160011,0.06
160013,0.14
160015,0.02
160017,0.03
160023,0.25
160028,0.12
160035,0.04
160074,0.07
160076,0.03
160077,0.03
160080,0.09
160084,0.16
160089,0.23
160094,0.06
160101,0.0
160103,0.13
160111,0.05
160114,0.02
160116,0.05
160119,0.1
160123,0.1
160141,0.07
160147,0.03
160151,0.12
160172,0.18
160173,0.09
160177,0.14
160178,0.05
160180,0.06
160181,0.13
160188,0.07
160189,0.02
160193,0.01
160205,0.02
160214,0.17
160215,0.05
160217,0.17
160262,0.14
160263,0.02
160273,0.11
160282,0.23
160295,0.23
160297,0.04
160303,0.02
160305,0.02
160309,0.13
160324,0.09
160338,0.13
160366,0.11
160375,0.05
160381,0.04
160398,0.03
160400,0.08
160406,0.06
160410,0.0
160411,0.07
160418,0.03
160440,0.03
160441,0.08
160450,0.35
160465,0.02
160470,0.03
160471,0.16
160472,0.18
160479,0.13
160490,0.03
160500,0.22
160503,0.02
160504,0.11
160515,0.1
160541,0.1
160545,0.08
160562,0.08
160589,0.04
160594,0.07
160595,0.0
160598,0.09
160601,0.02
160605,0.1
160606,0.05
160607,0.08
160608,0.16
160610,0.02
160614,0.07
160615,0.01
160626,0.01
160634,0.03
160656,0.11
160660,0.06
160666,0.11
160672,0.08
160673,0.04
160674,0.03
160681,0.06
160683,0.05
160694,0.08
160710,0.05
160715,0.08
160719,0.09
160732,0.09
160734,0.05
160737,0.28
160742,0.1
160747,0.0
160749,0.1
160753,0.15
160756,0.02
160757,0.1
160763,0.07
160782,0.11
160789,0.11
160804,0.05
160805,0.07
160813,0.06
160815,0.02
160819,0.04
160820,0.12
160822,0.04
160823,0.07
160837,0.03
160841,0.02
160847,0.06
160861,0.07
160886,0.05
160891,0.04
160897,0.05
160914,0.12
160915,0.26
160929,0.08
160930,0.09
160931,0.01
160935,0.13
160939,0.11
160953,0.06
160954,0.04
160962,0.15
160966,0.01
160982,0.06
160983,0.01
160991,0.0
160998,0.09
161009,0.19
161014,0.04
161017,0.15
161021,0.01
161023,0.03
161027,0.07
161028,0.15
161030,0.35
161031,0.03
161033,0.07
161050,0.0
161053,0.1
161054,0.09
161055,0.02
161059,0.01
161061,0.11
161065,0.07
161069,0.02
161072,0.04
161073,0.06
161080,0.07
161083,0.06
161104,0.05
161111,0.21
161139,0.13
161149,0.07
161158,0.16
161171,0.13
161175,0.06
161201,0.11
161202,0.24
161205,0.13
161228,0.14
161233,0.03
161234,0.13
161237,0.03
161238,0.06
161250,0.18
161251,0.12
161253,0.08
161254,0.05
161283,0.19
161291,0.01
161297,0.03
161300,0.06
161314,0.18
161315,0.09
161336,0.05
161341,0.15
161343,0.08
161351,0.16
161352,0.07
161353,0.1
161361,0.09
161366,0.08
161368,0.17
161378,0.05
161379,0.15
161380,0.13
161398,0.21
161408,0.0
161432,0.01
161439,0.1
161461,0.05
161467,0.18
161468,0.09
161471,0.04
161477,0.06
161503,0.05
161514,0.03
161524,0.21
161527,0.12
161528,0.15
161531,0.19
161536,0.06
161537,0.04
161548,0.07
161558,0.08
161572,0.02
161586,0.04
161605,0.07
161606,0.09
161607,0.11
161618,0.01
161640,0.08
161658,0.02
161660,0.05
161661,0.08
161662,0.23
161677,0.11
161681,0.1
161682,0.05
161683,0.07
161685,0.02
161686,0.01
161687,0.15
161691,0.04
161701,0.1
161707,0.06
161709,0.07
161710,0.04
161711,0.05
161714,0.09
161742,0.04
161751,0.01
161764,0.09
161771,0.21
161781,0.2
161782,0.03
161800,0.06
161810,0.13
161812,0.1
161813,0.09
161816,0.01
161838,0.11
161841,0.08
161845,0.06
161871,0.09
161877,0.19
161882,0.06
161885,0.09
161886,0.05
161895,0.08
161897,0.15
161914,0.12
161921,0.1
161922,0.07
161927,0.22
161946,0.07
161952,0.03
161954,0.04
161955,0.03
161961,0.11
161977,0.2
161980,0.12
161989,0.15
161993,0.36
162002,0.04
162011,0.12
162012,0.05
162015,0.08
162016,0.06
162019,0.05
162021,0.12
162022,0.16
162023,0.03
162025,0.0
162028,0.04
162029,0.13
162030,0.04
162031,0.25
162033,0.12
162037,0.03
162044,0.1
162071,0.11
162093,0.04
162094,0.11
162100,0.07
162102,0.06
162105,0.08
162109,0.1
162116,0.07
162117,0.06
162118,0.23
162120,0.03
162125,0.05
162128,0.15
162131,0.21
162133,0.16
162135,0.14
162156,0.07
162157,0.02
162165,0.04
162166,0.12
162170,0.15
162201,0.08
162202,0.07
162206,0.06
162211,0.07
162227,0.01
162232,0.03
162235,0.11
162237,0.12
162248,0.02
162261,0.07
162262,0.03
162280,0.08
162282,0.03
162284,0.03
162287,0.14
162305,0.07
162308,0.01
162309,0.12
162312,0.22
162313,0.04
162316,0.08
162324,0.12
162325,0.06
162333,0.05
162334,0.04
162337,0.06
162340,0.08
162344,0.21
162347,0.06
162350,0.08
162351,0.11
162365,0.18
162368,0.08
162379,0.05
162383,0.11
162392,0.04
162393,0.06
162397,0.17
162398,0.12
162406,0.25
162410,0.07
162418,0.03
162420,0.04
162424,0.08
162425,0.02
162438,0.05
162442,0.04
162462,0.0
162476,0.03
162477,0.05
162480,0.09
162491,0.07
162493,0.07
162503,0.05
162504,0.05
162513,0.04
162516,0.22
162517,0.04
162522,0.1
162523,0.07
162542,0.02
162584,0.2
162586,0.02
162589,0.07
162594,0.06
162616,0.07
162630,0.03
162637,0.07
162652,0.09
162659,0.23
162668,0.02
162674,0.04
162680,0.06
162685,0.23
162689,0.12
162711,0.06
162714,0.07
162732,0.04
162741,0.09
162758,0.08
162759,0.11
162775,0.08
162776,0.14
162777,0.02
162782,0.02
162786,0.03
162794,0.06
162799,0.08
162801,0.23
162802,0.16
162807,0.06
162820,0.05
162827,0.07
162833,0.12
162837,0.09
162844,0.07
162860,0.04
162862,0.12
162864,0.07
162868,0.11
162880,0.01
162895,0.35
162898,0.07
162918,0.1
162924,0.12
162931,0.12
162936,0.06
162978,0.15
162979,0.09
162988,0.03
162989,0.1
163013,0.24
163014,0.1
163021,0.09
163024,0.01
163027,0.13
163030,0.03
163031,0.04
163032,0.04
163039,0.02
163042,0.04
163048,0.04
163049,0.05
163068,0.06
163071,0.06
163074,0.09
163079,0.03
163080,0.07
163085,0.05
163093,0.02
163094,0.13
163109,0.07
163116,0.1
163117,0.11
163118,0.04
163119,0.26
163121,0.08
163131,0.09
163132,0.05
163133,0.1
163182,0.04
163187,0.05
163188,0.15
163195,0.1
163197,0.09
163200,0.01
163206,0.13
163207,0.04
163214,0.11
163222,0.02
163224,0.04
163226,0.12
163235,0.16
163240,0.03
163258,0.15
163263,0.07
163264,0.21
163265,0.09
163266,0.15
163268,0.07
163272,0.02
163273,0.17
163278,0.15
163288,0.01
163299,0.16
163302,0.1
163307,0.05
163321,0.15
163349,0.12
163352,0.11
163353,0.18
163357,0.1
163362,0.09
163375,0.07
163385,0.11
163386,0.11
163390,0.03
163408,0.2
163423,0.06
163426,0.11
163437,0.24
163452,0.07
163472,0.14
163473,0.08
163479,0.02
163480,0.03
163487,0.08
163492,0.12
163493,0.11
163523,0.08
163524,0.05
163527,0.09
163528,0.05
163531,0.02
163538,0.09
163556,0.03
163563,0.22
163566,0.16
163570,0.06
163571,0.05
163574,0.07
163578,0.04
163580,0.12
163597,0.24
163601,0.12
163604,0.11
163609,0.09
163618,0.1
163634,0.17
163647,0.07
163660,0.11
163661,0.03
163666,0.03
163667,0.17
163669,0.13
163676,0.04
163681,0.05
163682,0.14
163684,0.19
163714,0.23
163724,0.03
163728,0.05
163729,0.01
163738,0.03
163742,0.11
163743,0.12
163748,0.1
163759,0.1
163782,0.05
163793,0.11
163800,0.02
163801,0.1
163802,0.17
163814,0.08
163820,0.05
163821,0.11
163848,0.03
163852,0.14
163854,0.01
163855,0.18
163882,0.05
163895,0.1
163900,0.15
163907,0.14
163915,0.04
163926,0.03
163929,0.03
163934,0.09
163940,0.14
163943,0.03
163944,0.05
163949,0.05
163951,0.05
163952,0.07
163965,0.16
163970,0.03
163980,0.08
163981,0.07
163988,0.12
163989,0.11
163991,0.04
164015,0.06
164028,0.09
164030,0.06
164031,0.13
164037,0.02
164049,0.07
164052,0.04
164059,0.01
164083,0.03
164095,0.08
164106,0.37
164116,0.09
164117,0.33
164119,0.07
164133,0.15
164134,0.05
164142,0.07
164143,0.03
164147,0.08
164148,0.15
164150,0.26
164152,0.06
164156,0.07
164157,0.15
164158,0.06
164166,0.23
164191,0.04
164194,0.14
164198,0.02
164201,0.01
164202,0.09
164207,0.29
164228,0.01
164240,0.05
164241,0.03
164244,0.06
164256,0.14
164262,0.05
164269,0.06
164276,0.06
164281,0.22
164290,0.07
164300,0.21
164305,0.12
164307,0.0
164308,0.05
164309,0.01
164314,0.04
164319,0.06
164331,0.06
164332,0.03
164343,0.1
164349,0.11
164363,0.07
164373,0.07
164410,0.13
164417,0.09
164436,0.03
164438,0.1
164441,0.06
164445,0.06
164451,0.05
164452,0.05
164502,0.1
164513,0.11
164526,0.16
164527,0.04
164528,0.12
164530,0.02
164537,0.06
164542,0.18
164546,0.03
164555,0.35
164556,0.07
164568,0.13
164571,0.11
164572,0.21
164574,0.03
164580,0.01
164597,0.05
164601,0.01
164619,0.05
164633,0.05
164642,0.01
164652,0.05
164676,0.06
164682,0.07
164685,0.08
164691,0.07
164696,0.13
164708,0.03
164711,0.11
164712,0.07
164717,0.07
164721,0.06
164740,0.06
164746,0.04
164755,0.09
164761,0.06
164764,0.02
164766,0.47
164776,0.24
164777,0.04
164783,0.03
164786,0.04
164799,0.09
164808,0.17
164812,0.07
164815,0.06
164816,0.03
164817,0.11
164818,0.11
164819,0.22
164821,0.09
164822,0.03
164825,0.06
164834,0.05
164841,0.0
164842,0.08
164853,0.04
164855,0.19
164856,0.02
164878,0.06
164883,0.09
164887,0.1
164888,0.08
164889,0.15
164891,0.25
164892,0.03
164922,0.02
164924,0.09
164933,0.17
164938,0.02
164939,0.19
164949,0.01
164950,0.04
164957,0.17
164961,0.06
164963,0.02
164972,0.02
164980,0.04
164981,0.07
165020,0.07
165027,0.06
165046,0.05
165048,0.09
165049,0.09
165058,0.05
165065,0.17
165081,0.03
165082,0.14
165090,0.08
165107,0.05
165131,0.05
165133,0.15
165137,0.08
165140,0.08
165142,0.09
165143,0.08
165152,0.11
165154,0.1
165158,0.06
165166,0.01
165168,0.11
165171,0.06
165175,0.05
165182,0.04
165188,0.12
165190,0.0
165199,0.05
165202,0.1
165203,0.13
165204,0.08
165208,0.07
165221,0.05
165243,0.06
165283,0.06
165300,0.07
165302,0.06
165304,0.02
165313,0.07
165336,0.13
165339,0.09
165363,0.19
165376,0.05
165380,0.16
165385,0.04
165386,0.02
165410,0.07
165422,0.04
165426,0.03
165428,0.07
165445,0.1
165452,0.09
165454,0.04
165455,0.03
165462,0.04
165465,0.04
165466,0.07
165467,0.12
165476,0.05
165477,0.07
165478,0.27
165497,0.05
165500,0.14
165511,0.05
165513,0.14
165515,0.34
165521,0.02
165522,0.07
165523,0.08
165530,0.0
165537,0.1
165538,0.06
165539,0.12
165545,0.03
165550,0.03
165551,0.1
165552,0.13
165557,0.07
165558,0.05
165560,0.03
165574,0.19
165576,0.16
165587,0.13
165601,0.05
165605,0.02
165606,0.02
165607,0.15
165624,0.26
165632,0.06
165633,0.09
165634,0.06
165646,0.07
165649,0.09
165651,0.14
165661,0.04
165666,0.17
165669,0.09
165674,0.01
165685,0.16
165687,0.07
165692,0.08
165721,0.08
165726,0.15
165748,0.04
165749,0.07
165752,0.05
165755,0.01
165758,0.08
165761,0.03
165762,0.03
165780,0.07
165781,0.09
165789,0.07
165802,0.03
165806,0.04
165817,0.06
165822,0.2
165837,0.03
165840,0.22
165846,0.06
165853,0.07
165864,0.19
165865,0.08
165868,0.09
165869,0.01
165871,0.14
165880,0.16
165887,0.18
165904,0.13
165907,0.0
165910,0.19
165915,0.14
165917,0.0
165918,0.15
165919,0.13
165923,0.02
165931,0.05
165932,0.1
165934,0.29
165939,0.12
165944,0.18
165951,0.26
165955,0.03
165959,0.24
165966,0.24
165970,0.08
165975,0.04
165977,0.03
165990,0.31
165997,0.02
166003,0.14
166008,0.04
166020,0.16
166025,0.08
166033,0.08
166038,0.01
166042,0.06
166049,0.05
166071,0.05
166091,0.1
166093,0.29
166095,0.05
166104,0.02
166107,0.02
166108,0.04
166110,0.04
166112,0.15
166135,0.07
166136,0.03
166138,0.16
166153,0.16
166155,0.22
166158,0.11
166164,0.07
166186,0.15
166191,0.08
166196,0.03
166197,0.08
166202,0.1
166215,0.04
166230,0.03
166243,0.16
166244,0.02
166255,0.02
166258,0.09
166263,0.09
166271,0.07
166283,0.12
166286,0.07
166291,0.05
166294,0.06
166303,0.11
166306,0.08
166309,0.04
166316,0.15
166317,0.04
166321,0.19
166331,0.06
166349,0.04
166374,0.07
166387,0.03
166393,0.11
166400,0.08
166420,0.03
166446,0.08
166449,0.05
166452,0.1
166495,0.03
166501,0.04
166514,0.09
166515,0.04
166521,0.04
166525,0.1
166529,0.02
166536,0.14
166542,0.03
166543,0.23
166545,0.03
166550,0.07
166560,0.04
166567,0.04
166570,0.04
166573,0.11
166582,0.26
166583,0.12
166590,0.0
166594,0.08
166618,0.27
166623,0.08
166626,0.07
166641,0.05
166654,0.03
166682,0.24
166685,0.1
166688,0.13
166692,0.04
166701,0.05
166702,0.1
166705,0.03
166713,0.0
166733,0.01
166734,0.05
166738,0.04
166739,0.06
166740,0.03
166755,0.24
166761,0.12
166764,0.18
166773,0.15
166774,0.11
166814,0.05
166819,0.22
166834,0.18
166841,0.12
166848,0.24
166857,0.07
166858,0.08
166873,0.09
166889,0.04
166890,0.03
166891,0.08
166902,0.06
166908,0.11
166916,0.12
166920,0.06
166922,0.05
166926,0.05
166928,0.04
166930,0.09
166931,0.04
166932,0.01
166937,0.01
166941,0.03
166944,0.03
166960,0.16
166972,0.09
166973,0.08
166978,0.02
166984,0.09
166994,0.02
166995,0.01
166996,0.03
167001,0.03
167006,0.07
167007,0.11
167037,0.16
167041,0.05
167051,0.21
167052,0.12
167054,0.01
167057,0.11
167058,0.11
167059,0.06
167060,0.03
167066,0.04
167077,0.07
167078,0.03
167080,0.03
167089,0.1
167090,0.08
167091,0.11
167096,0.07
167105,0.17
167121,0.04
167128,0.12
167131,0.18
167139,0.17
167140,0.1
167149,0.09
167152,0.19
167153,0.1
167163,0.14
167167,0.04
167171,0.06
167178,0.08
167179,0.14
167182,0.11
167187,0.07
167192,0.05
167208,0.03
167212,0.11
167217,0.09
167230,0.11
167236,0.01
167238,0.16
167239,0.1
167257,0.18
167260,0.18
167264,0.08
167271,0.09
167273,0.12
167276,0.19
167283,0.03
167295,0.0
167296,0.15
167299,0.16
167310,0.01
167313,0.09
167323,0.01
167328,0.21
167329,0.06
167333,0.06
167349,0.09
167351,0.23
167359,0.05
167363,0.08
167371,0.02
167384,0.14
167387,0.05
167389,0.03
167393,0.04
167401,0.07
167427,0.07
167428,0.03
167433,0.06
167434,0.06
167437,0.05
167438,0.04
167454,0.06
167475,0.06
167480,0.06
167491,0.07
167494,0.11
167495,0.06
167503,0.04
167521,0.2
167529,0.07
167530,0.07
167550,0.08
167554,0.11
167557,0.12
167562,0.05
167566,0.06
167572,0.18
167573,0.14
167578,0.18
167592,0.13
167597,0.02
167621,0.07
167622,0.07
167631,0.27
167637,0.3
167638,0.07
167645,0.05
167648,0.22
167697,0.17
167698,0.03
167701,0.03
167708,0.07
167714,0.12
167717,0.09
167727,0.08
167737,0.08
167746,0.16
167751,0.16
167753,0.11
167755,0.06
167771,0.09
167805,0.13
167811,0.06
167815,0.05
167829,0.04
167830,0.05
167834,0.08
167841,0.08
167846,0.05
167851,0.27
167871,0.0
167890,0.11
167898,0.07
167901,0.01
167902,0.11
167907,0.17
167911,0.02
167912,0.03
167916,0.07
167917,0.02
167928,0.06
167940,0.02
167947,0.09
167948,0.03
167953,0.03
167957,0.05
167958,0.1
167968,0.07
167970,0.06
167977,0.07
167980,0.05
167993,0.06
167994,0.06
167998,0.0
168000,0.11
168006,0.07
168011,0.08
168012,0.04
168013,0.04
168022,0.03
168026,0.06
168032,0.02
168046,0.05
168054,0.14
168071,0.08
168078,0.12
168092,0.07
168093,0.07
168097,0.05
168105,0.22
168107,0.13
168108,0.15
168115,0.23
168127,0.05
168133,0.32
168135,0.04
168162,0.01
168163,0.04
168165,0.17
168169,0.1
168171,0.09
168174,0.12
168175,0.35
168186,0.02
168202,0.01
168204,0.05
168208,0.04
168229,0.12
168239,0.03
168245,0.06
168276,0.05
168309,0.21
168313,0.12
168322,0.09
168323,0.02
168326,0.17
168331,0.14
168349,0.24
168384,0.03
168398,0.04
168403,0.02
168405,0.1
168416,0.07
168418,0.14
168420,0.14
168422,0.07
168436,0.16
168438,0.13
168443,0.05
168444,0.04
168446,0.04
168454,0.07
168459,0.07
168462,0.17
168472,0.08
168485,0.02
168496,0.14
168503,0.05
168515,0.06
168516,0.12
168520,0.19
168521,0.08
168531,0.04
168542,0.04
168548,0.17
168551,0.06
168575,0.05
168580,0.03
168588,0.14
168593,0.0
168614,0.05
168615,0.01
168622,0.08
168623,0.09
168634,0.03
168645,0.2
168651,0.19
168683,0.03
168691,0.17
168708,0.12
168716,0.1
168718,0.08
168720,0.1
168722,0.16
168731,0.13
168736,0.05
168738,0.18
168747,0.04
168751,0.18
168752,0.04
168753,0.01
168774,0.2
168782,0.01
168788,0.02
168790,0.13
168791,0.13
168793,0.07
168796,0.12
168802,0.16
168803,0.04
168810,0.23
168817,0.03
168820,0.2
168823,0.07
168827,0.1
168828,0.14
168831,0.09
168842,0.14
168845,0.08
168855,0.06
168856,0.13
168861,0.12
168876,0.01
168897,0.19
168899,0.12
168913,0.06
168915,0.09
168916,0.07
168929,0.19
168930,0.02
168933,0.22
168954,0.07
168957,0.11
168959,0.04
168960,0.07
168961,0.17
168968,0.06
168969,0.07
168994,0.11
168995,0.02
169003,0.03
169004,0.32
169008,0.1
169009,0.07
169014,0.09
169030,0.09
169048,0.07
169061,0.16
169070,0.19
169092,0.02
169117,0.1
169118,0.16
169121,0.1
169123,0.03
169124,0.12
169137,0.16
169138,0.07
169143,0.03
169165,0.06
169166,0.14
169167,0.17
169168,0.07
169175,0.02
169184,0.07
169195,0.02
169196,0.02
169197,0.19
169202,0.29
169204,0.05
169212,0.01
169214,0.09
169218,0.21
169239,0.06
169248,0.01
169252,0.04
169254,0.17
169257,0.07
169264,0.13
169267,0.05
169269,0.22
169278,0.07
169297,0.03
169299,0.15
169301,0.08
169306,0.03
169323,0.13
169328,0.15
169330,0.05
169331,0.02
169346,0.12
169348,0.06
169350,0.03
169353,0.08
169355,0.12
169364,0.28
169365,0.06
169367,0.05
169370,0.06
169378,0.1
169385,0.05
169387,0.06
169389,0.16
169395,0.19
169412,0.07
169426,0.2
169427,0.06
169432,0.14
169436,0.15
169453,0.03
169455,0.21
169457,0.03
169458,0.06
169461,0.06
169467,0.03
169470,0.02
169477,0.0
169481,0.09
169483,0.11
169490,0.2
169491,0.02
169495,0.06
169504,0.29
169514,0.11
169517,0.03
169523,0.01
169528,0.12
169534,0.21
169535,0.07
169537,0.03
169541,0.22
169546,0.03
169549,0.01
169554,0.24
169561,0.03
169571,0.04
169580,0.13
169597,0.03
169598,0.06
169625,0.24
169626,0.12
169627,0.12
169628,0.08
169629,0.03
169658,0.13
169659,0.02
169668,0.06
169669,0.12
169673,0.06
169674,0.05
169676,0.16
169677,0.11
169678,0.07
169680,0.1
169695,0.07
169698,0.24
169710,0.17
169719,0.02
169720,0.05
169722,0.09
169735,0.06
169745,0.1
169749,0.08
169754,0.06
169760,0.1
169772,0.07
169773,0.05
169780,0.01
169788,0.0
169793,0.07
169809,0.16
169810,0.08
169824,0.02
169831,0.1
169833,0.12
169836,0.05
169859,0.04
169864,0.41
169872,0.04
169895,0.15
169911,0.01
169914,0.09
169960,0.09
169961,0.18
169964,0.11
169974,0.04
169988,0.08
169989,0.0
169995,0.05
170007,0.07
170026,0.1
170030,0.35
170033,0.21
170041,0.08
170043,0.04
170048,0.02
170050,0.09
170051,0.08
170056,0.11
170072,0.16
170076,0.08
170080,0.18
170101,0.08
170102,0.01
170107,0.28
170115,0.09
170119,0.04
170128,0.11
170129,0.02
170134,0.19
170136,0.09
170139,0.03
170140,0.11
170143,0.22
170148,0.34
170159,0.06
170163,0.06
170164,0.16
170173,0.06
170178,0.12
170179,0.09
170199,0.08
170203,0.08
170207,0.2
170211,0.07
170217,0.13
170224,0.0
170225,0.23
170255,0.12
170258,0.03
170259,0.06
170262,0.06
170278,0.15
170284,0.11
170285,0.11
170292,0.04
170293,0.08
170301,0.08
170302,0.27
170305,0.21
170309,0.05
170310,0.09
170326,0.21
170327,0.02
170328,0.11
170329,0.08
170330,0.1
170331,0.04
170337,0.08
170340,0.12
170341,0.05
170343,0.09
170361,0.11
170366,0.12
170376,0.12
170382,0.21
170396,0.05
170400,0.1
170403,0.04
170409,0.06
170410,0.01
170421,0.08
170425,0.1
170427,0.01
170428,0.08
170435,0.01
170438,0.05
170442,0.13
170446,0.13
170461,0.02
170473,0.27
170477,0.11
170516,0.02
170517,0.16
170522,0.07
170523,0.08
170534,0.08
170535,0.14
170538,0.11
170549,0.05
170556,0.04
170563,0.09
170570,0.06
170580,0.09
170582,0.04
170584,0.12
170585,0.04
170587,0.05
170590,0.09
170598,0.06
170599,0.03
170601,0.09
170612,0.05
170617,0.06
170620,0.11
170629,0.03
170647,0.13
170651,0.03
170654,0.08
170657,0.07
170662,0.06
170707,0.07
170719,0.07
170722,0.04
170723,0.06
170731,0.2
170735,0.05
170750,0.09
170769,0.09
170770,0.11
170776,0.13
170783,0.02
170789,0.08
170800,0.14
170809,0.21
170810,0.18
170811,0.21
170827,0.02
170842,0.02
170854,0.03
170857,0.14
170865,0.09
170867,0.04
170869,0.1
170870,0.12
170878,0.13
170881,0.12
170910,0.05
170913,0.25
170919,0.11
170932,0.04
170939,0.29
170947,0.1
170950,0.05
170953,0.19
170954,0.05
170970,0.04
170972,0.07
170973,0.09
170980,0.03
170981,0.04
170983,0.16
170998,0.14
171001,0.08
171004,0.06
171020,0.12
171023,0.03
171026,0.02
171060,0.2
171061,0.03
171065,0.13
171077,0.07
171081,0.03
171103,0.16
171110,0.04
171114,0.05
171118,0.07
171119,0.08
171120,0.07
171137,0.12
171147,0.12
171153,0.2
171156,0.24
171158,0.04
171163,0.02
171169,0.02
171170,0.14
171172,0.09
171173,0.07
171176,0.06
171181,0.1
171182,0.2
171191,0.03
171193,0.07
171195,0.17
171198,0.02
171205,0.08
171212,0.04
171237,0.08
171241,0.02
171262,0.04
171263,0.04
171266,0.01
171274,0.11
171290,0.04
171291,0.22
171297,0.08
171307,0.08
171311,0.26
171320,0.03
171322,0.05
171328,0.01
171337,0.08
171346,0.04
171348,0.15
171354,0.09
171358,0.07
171359,0.11
171360,0.06
171369,0.09
171379,0.03
171384,0.04
171388,0.07
171390,0.04
171394,0.03
171395,0.07
171399,0.1
171403,0.08
171422,0.01
171423,0.04
171469,0.08
171480,0.05
171487,0.07
171497,0.07
171502,0.27
171503,0.1
171506,0.12
171521,0.02
171530,0.04
171540,0.08
171541,0.05
171544,0.08
171551,0.14
171582,0.15
171587,0.06
171597,0.14
171603,0.08
171610,0.07
171614,0.07
171619,0.07
171621,0.07
171625,0.02
171626,0.08
171638,0.06
171642,0.02
171658,0.0
171674,0.12
171677,0.14
171684,0.07
171685,0.16
171686,0.05
171695,0.05
171702,0.08
171703,0.05
171704,0.05
171705,0.09
171706,0.07
171709,0.02
171712,0.08
171716,0.02
171730,0.1
171748,0.06
171757,0.05
171767,0.1
171768,0.27
171771,0.05
171775,0.09
171778,0.14
171780,0.16
171781,0.0
171785,0.02
171786,0.15
171789,0.09
171802,0.05
171803,0.07
171812,0.05
171862,0.11
171864,0.15
171891,0.32
171892,0.1
171913,0.01
171914,0.23
171922,0.11
171927,0.11
171933,0.07
171934,0.08
171943,0.07
171945,0.13
171960,0.06
171964,0.09
171975,0.12
171994,0.13
171996,0.13
171997,0.05
172000,0.0
172029,0.05
172038,0.06
172039,0.04
172043,0.11
172046,0.01
172048,0.07
172049,0.08
172053,0.1
172054,0.17
172058,0.09
172060,0.04
172061,0.05
172067,0.08
172072,0.08
172073,0.14
172098,0.07
172100,0.08
172101,0.15
172113,0.25
172144,0.07
172147,0.02
172149,0.05
172168,0.08
172169,0.02
172175,0.12
172197,0.07
172200,0.22
172205,0.18
172207,0.04
172210,0.02
172261,0.06
172279,0.1
172294,0.06
172300,0.01
172301,0.14
172310,0.02
172351,0.02
172353,0.07
172358,0.01
172374,0.15
172380,0.13
172384,0.04
172400,0.08
172403,0.12
172408,0.06
172411,0.03
172420,0.07
172426,0.42
172433,0.04
172434,0.1
172442,0.07
172443,0.1
172452,0.28
172454,0.12
172456,0.21
172460,0.1
172470,0.02
172479,0.16
172481,0.09
172483,0.0
172484,0.29
172485,0.08
172486,0.08
172493,0.08
172494,0.11
172497,0.1
172504,0.06
172518,0.2
172523,0.14
172527,0.09
172533,0.13
172536,0.08
172540,0.1
172541,0.11
172543,0.04
172545,0.15
172547,0.07
172551,0.08
172556,0.05
172562,0.03
172570,0.06
172574,0.07
172575,0.08
172599,0.02
172611,0.25
172612,0.01
172616,0.07
172623,0.1
172627,0.08
172635,0.13
172643,0.07
172644,0.03
172652,0.13
172656,0.07
172661,0.12
172664,0.02
172672,0.04
172678,0.03
172680,0.11
172683,0.04
172684,0.15
172690,0.0
172695,0.14
172696,0.04
172701,0.01
172713,0.21
172714,0.02
172731,0.03
172738,0.03
172761,0.04
172767,0.1
172770,0.32
172771,0.03
172799,0.01
172800,0.07
172804,0.2
172805,0.07
172820,0.07
172829,0.06
172831,0.16
172833,0.04
172843,0.01
172853,0.04
172855,0.05
172856,0.12
172857,0.05
172863,0.08
172877,0.06
172881,0.07
172895,0.09
172896,0.01
172910,0.05
172922,0.07
172939,0.11
172942,0.16
172945,0.05
172948,0.03
172949,0.17
172953,0.0
172967,0.21
172993,0.07
172995,0.06
172996,0.31
172997,0.12
172998,0.11
172999,0.05
173004,0.05
173006,0.27
173007,0.03
173013,0.11
173016,0.05
173020,0.1
173030,0.13
173048,0.08
173056,0.02
173066,0.18
173079,0.08
173107,0.08
173109,0.04
173127,0.03
173128,0.09
173130,0.1
173137,0.15
173157,0.03
173160,0.06
173168,0.09
173193,0.03
173197,0.15
173215,0.02
173216,0.17
173227,0.05
173236,0.13
173237,0.1
173247,0.05
173250,0.34
173259,0.06
173277,0.14
173285,0.09
173286,0.07
173299,0.04
173310,0.13
173312,0.12
173313,0.01
173320,0.14
173330,0.18
173333,0.06
173351,0.14
173370,0.26
173372,0.03
173381,0.17
173386,0.06
173387,0.11
173388,0.11
173393,0.06
173394,0.18
173403,0.02
173467,0.06
173469,0.09
173475,0.09
173476,0.03
173477,0.03
173484,0.16
173485,0.03
173488,0.2
173491,0.08
173520,0.01
173522,0.16
173535,0.05
173539,0.08
173549,0.01
173552,0.01
173565,0.22
173586,0.07
173587,0.03
173588,0.03
173595,0.03
173606,0.23
173620,0.11
173623,0.02
173629,0.09
173647,0.12
173649,0.09
173650,0.04
173652,0.01
173654,0.07
173665,0.06
173667,0.31
173685,0.02
173710,0.26
173711,0.07
173713,0.13
173718,0.1
173743,0.04
173744,0.1
173762,0.06
173768,0.05
173769,0.31
173770,0.02
173773,0.04
173779,0.1
173780,0.04
173781,0.2
173783,0.1
173795,0.06
173800,0.25
173812,0.04
173823,0.08
173834,0.16
173874,0.0
173891,0.05
173904,0.09
173909,0.09
173925,0.01
173941,0.09
173942,0.05
173944,0.09
173955,0.09
173959,0.08
174000,0.06
174004,0.04
174006,0.03
174008,0.13
174012,0.04
174017,0.08
174020,0.06
174044,0.05
174051,0.07
174052,0.03
174059,0.08
174060,0.01
174061,0.04
174063,0.08
174068,0.03
174069,0.11
174072,0.08
174074,0.05
174091,0.03
174092,0.1
174098,0.19
174105,0.12
174107,0.02
174110,0.02
174121,0.01
174126,0.11
174153,0.02
174156,0.11
174160,0.02
174173,0.09
174183,0.02
174185,0.01
174188,0.21
174198,0.02
174206,0.04
174207,0.02
174211,0.09
174239,0.16
174260,0.11
174261,0.01
174262,0.15
174264,0.05
174271,0.13
174275,0.32
174277,0.08
174286,0.05
174301,0.06
174312,0.2
174314,0.05
174322,0.12
174323,0.1
174325,0.11
174326,0.04
174327,0.1
174334,0.16
174360,0.07
174362,0.14
174367,0.01
174371,0.06
174372,0.05
174384,0.05
174390,0.06
174391,0.04
174396,0.03
174412,0.03
174423,0.1
174428,0.05
174429,0.14
174438,0.08
174481,0.07
174483,0.07
174484,0.06
174485,0.17
174488,0.12
174497,0.02
174509,0.04
174513,0.08
174514,0.16
174520,0.12
174526,0.09
174532,0.06
174536,0.06
174537,0.02
174538,0.17
174539,0.24
174540,0.03
174549,0.05
174551,0.09
174563,0.15
174574,0.12
174575,0.22
174586,0.03
174590,0.12
174606,0.16
174607,0.1
174609,0.04
174610,0.2
174630,0.14
174631,0.0
174661,0.11
174665,0.02
174666,0.01
174677,0.06
174690,0.08
174700,0.03
174702,0.07
174703,0.01
174713,0.06
174721,0.07
174726,0.05
174729,0.08
174741,0.0
174742,0.11
174754,0.02
174757,0.02
174782,0.47
174795,0.02
174805,0.04
174806,0.07
174809,0.05
174810,0.04
174829,0.02
174830,0.14
174832,0.07
174836,0.18
174839,0.07
174843,0.04
174854,0.13
174861,0.13
174863,0.05
174867,0.08
174871,0.06
174887,0.06
174890,0.11
174897,0.03
174901,0.14
174903,0.06
174912,0.08
174913,0.17
174920,0.21
174922,0.25
174924,0.06
174925,0.02
174928,0.02
174938,0.1
174939,0.05
174943,0.12
174950,0.15
174954,0.03
174955,0.07
174957,0.09
174965,0.02
174966,0.15
174967,0.09
174977,0.09
174983,0.05
174986,0.08
174987,0.09
175012,0.19
175015,0.1
175025,0.15
175027,0.17
175029,0.04
175056,0.25
175075,0.15
175081,0.07
175097,0.16
175128,0.04
175129,0.01
175138,0.08
175169,0.09
175183,0.13
175211,0.02
175212,0.03
175215,0.01
175223,0.06
175225,0.03
175233,0.02
175250,0.09
175253,0.05
175257,0.07
175260,0.03
175261,0.09
175264,0.05
175284,0.13
175288,0.04
175295,0.08
175309,0.07
175310,0.04
175313,0.17
175334,0.16
175337,0.04
175346,0.01
175347,0.03
175349,0.05
175350,0.08
175351,0.07
175367,0.25
175369,0.08
175371,0.1
175372,0.03
175392,0.22
175400,0.01
175402,0.08
175403,0.2
175407,0.12
175408,0.02
175414,0.07
175431,0.05
175435,0.03
175442,0.05
175454,0.07
175456,0.05
175457,0.09
175464,0.09
175465,0.15
175477,0.04
175488,0.05
175495,0.09
175499,0.15
175500,0.22
175515,0.12
175519,0.11
175520,0.07
175531,0.02
175534,0.01
175543,0.2
175566,0.04
175568,0.13
175573,0.05
175574,0.23
175576,0.02
175591,0.07
175593,0.04
175605,0.28
175609,0.06
175617,0.06
175624,0.24
175629,0.1
175633,0.06
175645,0.1
175649,0.0
175650,0.01
175653,0.05
175659,0.1
175660,0.07
175661,0.07
175664,0.03
175665,0.14
175677,0.08
175682,0.14
175684,0.16
175687,0.07
175690,0.08
175706,0.09
175722,0.15
175724,0.11
175730,0.15
175731,0.03
175737,0.26
175743,0.16
175745,0.11
175758,0.1
175768,0.0
175769,0.1
175773,0.05
175775,0.04
175794,0.02
175798,0.06
175809,0.22
175818,0.05
175830,0.04
175835,0.03
175840,0.2
175864,0.05
175875,0.13
175890,0.05
175892,0.0
175914,0.15
175930,0.25
175935,0.04
175955,0.02
175958,0.06
175959,0.06
175960,0.12
175964,0.07
175968,0.02
175986,0.15
175987,0.16
175997,0.05
175998,0.2
176003,0.03
176004,0.14
176021,0.03
176034,0.09
176035,0.14
176043,0.14
176045,0.08
176051,0.03
176052,0.07
176059,0.18
176067,0.08
176073,0.19
176076,0.01
176077,0.01
176085,0.07
176088,0.12
176095,0.11
176118,0.16
176129,0.13
176177,0.04
176183,0.02
176206,0.14
176218,0.09
176240,0.08
176253,0.02
176260,0.17
176275,0.06
176285,0.05
176288,0.04
176289,0.13
176290,0.05
176297,0.14
176300,0.23
176301,0.12
176319,0.06
176322,0.05
176337,0.04
176346,0.08
176347,0.14
176352,0.13
176358,0.05
176359,0.16
176365,0.07
176371,0.06
176403,0.05
176419,0.12
176428,0.05
176429,0.24
176430,0.07
176432,0.21
176437,0.16
176440,0.01
176441,0.18
176450,0.05
176454,0.04
176459,0.08
176460,0.11
176467,0.1
176472,0.33
176482,0.1
176483,0.34
176486,0.03
176487,0.13
176494,0.03
176497,0.02
176500,0.07
176509,0.07
176511,0.06
176512,0.01
176522,0.13
176525,0.03
176526,0.1
176537,0.04
176538,0.08
176572,0.09
176573,0.09
176574,0.11
176579,0.01
176580,0.0
176592,0.23
176601,0.05
176603,0.17
176605,0.1
176606,0.03
176615,0.09
176620,0.03
176634,0.09
176635,0.04
176638,0.02
176639,0.03
176641,0.15
176661,0.07
176668,0.13
176669,0.06
176683,0.17
176688,0.03
176700,0.09
176702,0.03
176705,0.09
176709,0.04
176710,0.09
176720,0.11
176726,0.06
176731,0.1
176732,0.09
176733,0.01
176734,0.03
176736,0.17
176741,0.04
176756,0.04
176785,0.05
176790,0.08
176793,0.06
176820,0.19
176827,0.03
176828,0.03
176839,0.1
176848,0.04
176850,0.04
176853,0.01
176866,0.05
176867,0.08
176875,0.07
176883,0.12
176888,0.06
176890,0.11
176898,0.08
176917,0.05
176925,0.09
176929,0.08
176934,0.09
176938,0.15
176953,0.13
176957,0.12
176970,0.05
176997,0.04
177029,0.08
177030,0.02
177031,0.08
177032,0.07
177047,0.09
177048,0.13
177051,0.08
177055,0.05
177060,0.05
177064,0.14
177065,0.02
177069,0.16
177076,0.06
177085,0.08
177087,0.01
177105,0.11
177126,0.19
177133,0.14
177141,0.13
177146,0.16
177156,0.13
177179,0.02
177187,0.24
177192,0.23
177203,0.09
177228,0.12
177229,0.17
177249,0.05
177250,0.29
177253,0.08
177260,0.07
177262,0.06
177270,0.1
177275,0.08
177284,0.07
177285,0.17
177314,0.14
177319,0.3
177325,0.01
177327,0.06
177339,0.06
177344,0.12
177378,0.08
177384,0.07
177385,0.12
177386,0.02
177387,0.09
177405,0.06
177423,0.1
177424,0.04
177425,0.02
177430,0.24
177435,0.11
177447,0.11
177448,0.02
177449,0.01
177451,0.04
177460,0.2
177479,0.05
177489,0.01
177504,0.01
177505,0.1
177511,0.21
177524,0.03
177526,0.07
177535,0.02
177558,0.09
177562,0.1
177569,0.09
177579,0.01
177580,0.07
177583,0.02
177584,0.09
177585,0.12
177605,0.14
177606,0.03
177618,0.1
177639,0.37
177649,0.0
177656,0.08
177657,0.1
177661,0.16
177665,0.06
177669,0.13
177680,0.24
177688,0.21
177689,0.04
177694,0.02
177696,0.08
177700,0.12
177705,0.07
177710,0.06
177720,0.03
177728,0.04
177729,0.16
177731,0.02
177733,0.12
177749,0.07
177751,0.05
177767,0.11
177776,0.04
177780,0.29
177783,0.03
177785,0.1
177791,0.04
177797,0.03
177798,0.03
177799,0.07
177802,0.04
177803,0.09
177805,0.06
177820,0.02
177824,0.04
177825,0.07
177829,0.03
177839,0.08
177861,0.14
177865,0.17
177867,0.02
177875,0.1
177876,0.19
177878,0.06
177883,0.04
177886,0.01
177891,0.1
177892,0.1
177902,0.07
177904,0.07
177931,0.1
177939,0.04
177944,0.17
177946,0.09
177959,0.08
177977,0.1
177992,0.11
177993,0.12
178005,0.08
178008,0.11
178009,0.07
178012,0.25
178015,0.04
178018,0.04
178037,0.12
178050,0.03
178058,0.17
178060,0.02
178064,0.15
178074,0.07
178077,0.2
178094,0.11
178095,0.11
178096,0.13
178107,0.04
178117,0.06
178146,0.03
178154,0.07
178160,0.11
178164,0.05
178172,0.05
178174,0.22
178182,0.18
178184,0.11
178196,0.06
178223,0.07
178225,0.11
178226,0.06
178240,0.16
178242,0.02
178250,0.13
178268,0.06
178282,0.06
178285,0.19
178288,0.03
178290,0.02
178295,0.03
178312,0.05
178317,0.05
178342,0.13
178343,0.14
178344,0.06
178346,0.02
178353,0.24
178356,0.26
178358,0.0
178359,0.08
178362,0.25
178380,0.03
178387,0.03
178391,0.14
178395,0.23
178408,0.15
178415,0.04
178421,0.04
178424,0.26
178428,0.04
178432,0.08
178433,0.04
178436,0.07
178442,0.08
178453,0.03
178459,0.06
178467,0.14
178472,0.11
178491,0.01
178499,0.03
178504,0.09
178506,0.04
178509,0.07
178517,0.02
178525,0.14
178530,0.08
178531,0.09
178537,0.05
178553,0.07
178557,0.04
178565,0.08
178566,0.05
178579,0.07
178586,0.1
178589,0.06
178592,0.09
178610,0.05
178620,0.11
178621,0.03
178622,0.13
178643,0.01
178665,0.01
178671,0.03
178675,0.03
178692,0.05
178722,0.04
178723,0.05
178726,0.12
178731,0.16
178737,0.12
178739,0.04
178745,0.02
178766,0.09
178771,0.09
178775,0.06
178785,0.05
178789,0.05
178790,0.06
178792,0.04
178804,0.06
178817,0.07
178821,0.11
178825,0.06
178830,0.02
178831,0.16
178832,0.06
178847,0.05
178853,0.07
178856,0.2
178867,0.1
178868,0.09
178881,0.04
178887,0.02
178888,0.17
178908,0.12
178909,0.06
178942,0.08
178943,0.29
178946,0.03
178947,0.34
178950,0.15
178958,0.04
178976,0.08
178986,0.04
178989,0.04
178995,0.13
178996,0.07
179006,0.12
179025,0.06
179034,0.06
179038,0.26
179043,0.03
179050,0.04
179051,0.04
179076,0.21
179077,0.03
179091,0.06
179092,0.01
179111,0.14
179128,0.09
179132,0.1
179137,0.04
179138,0.09
179146,0.1
179148,0.06
179149,0.07
179150,0.05
179155,0.01
179164,0.03
179177,0.04
179178,0.06
179182,0.17
179184,0.04
179186,0.02
179191,0.12
179194,0.07
179201,0.07
179210,0.04
179211,0.09
179212,0.09
179216,0.15
179229,0.05
179235,0.05
179236,0.09
179241,0.13
179244,0.08
179249,0.08
179256,0.19
179260,0.05
179262,0.11
179264,0.07
179268,0.14
179272,0.05
179280,0.07
179287,0.14
179288,0.04
179290,0.08
179295,0.03
179298,0.07
179306,0.04
179307,0.06
179310,0.12
179314,0.03
179317,0.08
179319,0.18
179327,0.02
179336,0.07
179342,0.05
179344,0.33
179347,0.07
179357,0.03
179368,0.05
179413,0.02
179425,0.12
179435,0.08
179447,0.06
179449,0.03
179458,0.0
179460,0.08
179475,0.15
179486,0.11
179493,0.07
179499,0.03
179501,0.04
179508,0.04
179511,0.03
179513,0.07
179519,0.12
179537,0.05
179550,0.04
179559,0.04
179560,0.03
179578,0.08
179583,0.05
179590,0.03
179597,0.06
179599,0.05
179602,0.16
179609,0.03
179621,0.08
179624,0.08
179625,0.07
179630,0.01
179640,0.08
179641,0.01
179644,0.05
179649,0.11
179650,0.2
179652,0.05
179653,0.13
179660,0.06
179662,0.04
179673,0.11
179678,0.08
179679,0.09
179686,0.02
179721,0.02
179733,0.11
179736,0.09
179737,0.08
179748,0.13
179750,0.13
179751,0.04
179752,0.1
179753,0.06
179765,0.01
179768,0.09
179798,0.05
179827,0.02
179837,0.11
179838,0.02
179851,0.13
179868,0.14
179875,0.06
179876,0.06
179882,0.05
179883,0.02
179894,0.01
179905,0.12
179907,0.14
179919,0.02
179926,0.03
179936,0.03
179941,0.05
179945,0.12
179951,0.09
179960,0.06
179967,0.03
179980,0.17
179985,0.25
179997,0.06
180001,0.06
180007,0.1
180011,0.17
180017,0.09
180027,0.08
180033,0.04
180036,0.28
180037,0.17
180041,0.17
180042,0.27
180050,0.26
180059,0.0
180066,0.05
180067,0.07
180085,0.07
180092,0.01
180099,0.09
180101,0.19
180115,0.1
180122,0.13
180126,0.03
180127,0.02
180140,0.11
180141,0.07
180158,0.12
180163,0.25
180178,0.04
180189,0.05
180198,0.15
180201,0.19
180202,0.12
180209,0.2
180239,0.29
180244,0.05
180270,0.01
180271,0.06
180286,0.07
180287,0.07
180291,0.08
180293,0.14
180296,0.11
180297,0.06
180305,0.05
180318,0.08
180319,0.14
180322,0.01
180323,0.02
180331,0.07
180365,0.03
180368,0.14
180369,0.01
180382,0.08
180387,0.05
180388,0.22
180389,0.03
180398,0.07
180399,0.06
180402,0.1
180406,0.06
180407,0.08
180408,0.12
180413,0.06
180416,0.03
180420,0.05
180429,0.25
180430,0.44
180431,0.02
180438,0.04
180441,0.04
180448,0.04
180453,0.0
180478,0.34
180480,0.1
180510,0.04
180524,0.12
180534,0.06
180537,0.33
180545,0.03
180550,0.13
180559,0.04
180583,0.05
180587,0.04
180594,0.16
180597,0.11
180598,0.21
180599,0.25
180601,0.11
180624,0.24
180625,0.33
180634,0.09
180647,0.08
180652,0.05
180656,0.19
180664,0.11
180666,0.16
180674,0.09
180679,0.08
180685,0.22
180692,0.07
180698,0.07
180699,0.08
180700,0.05
180702,0.08
180710,0.03
180736,0.09
180739,0.09
180741,0.09
180743,0.28
180747,0.01
180754,0.11
180755,0.07
180756,0.04
180768,0.06
180773,0.03
180775,0.05
180784,0.09
180787,0.08
180795,0.03
180796,0.05
180799,0.07
180811,0.03
180813,0.08
180827,0.12
180828,0.06
180833,0.15
180834,0.13
180847,0.08
180852,0.09
180853,0.05
180854,0.11
180855,0.14
180856,0.08
180858,0.04
180859,0.24
180867,0.07
180868,0.1
180872,0.05
180873,0.15
180874,0.15
180875,0.07
180878,0.08
180888,0.08
180889,0.04
180891,0.03
180902,0.07
180907,0.22
180913,0.03
180916,0.08
180954,0.09
180962,0.07
180963,0.01
180967,0.15
180971,0.15
180975,0.05
180985,0.07
180991,0.02
181009,0.04
181012,0.01
181015,0.06
181034,0.07
181064,0.13
181071,0.14
181083,0.14
181084,0.0
181085,0.05
181088,0.11
181098,0.22
181110,0.06
181111,0.06
181112,0.04
181114,0.13
181117,0.14
181157,0.01
181160,0.16
181161,0.1
181165,0.08
181179,0.3
181186,0.09
181196,0.05
181197,0.2
181204,0.13
181213,0.14
181214,0.29
181221,0.05
181224,0.1
181226,0.04
181236,0.09
181256,0.28
181257,0.04
181279,0.03
181282,0.08
181285,0.06
181288,0.05
181289,0.17
181290,0.03
181298,0.04
181299,0.09
181307,0.15
181312,0.18
181318,0.02
181322,0.1
181338,0.06
181340,0.04
181342,0.07
181344,0.1
181350,0.02
181373,0.1
181374,0.09
181375,0.07
181379,0.17
181381,0.06
181385,0.12
181388,0.02
181392,0.09
181393,0.07
181425,0.07
181465,0.08
181481,0.17
181484,0.05
181494,0.07
181501,0.03
181507,0.05
181521,0.08
181524,0.05
181538,0.19
181540,0.04
181547,0.21
181551,0.04
181555,0.14
181561,0.13
181564,0.01
181567,0.13
181599,0.04
181602,0.2
181612,0.06
181613,0.15
181615,0.13
181621,0.06
181622,0.1
181629,0.08
181630,0.02
181633,0.05
181635,0.22
181641,0.04
181643,0.28
181644,0.19
181649,0.01
181659,0.04
181660,0.02
181665,0.16
181666,0.2
181672,0.05
181682,0.14
181693,0.13
181697,0.07
181703,0.04
181704,0.08
181720,0.07
181722,0.08
181732,0.09
181733,0.09
181736,0.02
181737,0.04
181747,0.05
181758,0.18
181764,0.06
181770,0.05
181774,0.17
181783,0.13
181788,0.01
181789,0.02
181804,0.11
181809,0.01
181821,0.21
181836,0.01
181863,0.04
181867,0.13
181868,0.07
181871,0.05
181904,0.24
181931,0.06
181932,0.03
181941,0.09
181944,0.17
181958,0.15
181971,0.03
181986,0.04
182002,0.02
182007,0.01
182012,0.01
182022,0.07
182031,0.1
182050,0.06
182053,0.15
182071,0.09
182072,0.08
182073,0.01
182102,0.05
182106,0.02
182116,0.0
182117,0.14
182118,0.01
182124,0.13
182125,0.11
182145,0.1
182150,0.12
182154,0.04
182167,0.04
182179,0.18
182181,0.1
182183,0.06
182218,0.13
182225,0.03
182226,0.1
182266,0.14
182272,0.08
182275,0.1
182295,0.21
182305,0.06
182312,0.09
182313,0.14
182327,0.03
182337,0.07
182340,0.05
182341,0.09
182342,0.06
182345,0.1
182353,0.0
182355,0.07
182371,0.06
182376,0.02
182381,0.08
182382,0.02
182384,0.06
182387,0.07
182412,0.06
182419,0.08
182432,0.13
182438,0.08
182448,0.34
182450,0.17
182465,0.02
182468,0.05
182474,0.03
182483,0.07
182484,0.12
182485,0.02
182486,0.08
182489,0.07
182500,0.17
182501,0.08
182504,0.24
182514,0.06
182524,0.07
182525,0.1
182533,0.07
182536,0.1
182539,0.11
182550,0.05
182553,0.17
182568,0.02
182571,0.02
182573,0.02
182580,0.08
182615,0.08
182618,0.03
182624,0.03
182644,0.02
182686,0.18
182687,0.11
182695,0.13
182718,0.1
182726,0.06
182735,0.04
182742,0.1
182747,0.06
182748,0.08
182752,0.05
182761,0.1
182800,0.06
182802,0.2
182807,0.24
182816,0.07
182818,0.06
182826,0.08
182836,0.06
182840,0.29
182841,0.21
182846,0.14
182862,0.1
182864,0.1
182871,0.21
182878,0.05
182880,0.16
182885,0.0
182893,0.03
182894,0.19
182895,0.07
182901,0.12
182907,0.23
182921,0.06
182952,0.06
182964,0.21
182966,0.19
182980,0.04
182985,0.28
182989,0.14
182994,0.11
183035,0.37
183037,0.18
183042,0.06
183049,0.09
183050,0.02
183051,0.09
183062,0.04
183063,0.11
183064,0.06
183076,0.06
183078,0.22
183086,0.02
183089,0.16
183091,0.14
183097,0.06
183104,0.01
183118,0.12
183119,0.1
183134,0.03
183142,0.12
183157,0.09
183162,0.04
183180,0.1
183193,0.09
183213,0.01
183216,0.15
183223,0.09
183226,0.07
183264,0.03
183273,0.1
183278,0.08
183282,0.09
183283,0.05
183286,0.11
183288,0.06
183299,0.06
183310,0.01
183315,0.12
183332,0.04
183336,0.09
183341,0.09
183342,0.05
183345,0.06
183347,0.01
183360,0.08
183362,0.01
183370,0.03
183379,0.04
183386,0.04
183410,0.08
183417,0.07
183419,0.03
183421,0.1
183425,0.18
183427,0.07
183433,0.15
183434,0.07
183438,0.05
183439,0.04
183440,0.19
183450,0.05
183451,0.14
183453,0.09
183454,0.07
183455,0.11
183457,0.04
183463,0.1
183475,0.02
183478,0.13
183480,0.08
183490,0.04
183494,0.13
183503,0.08
183512,0.12
183517,0.1
183530,0.11
183532,0.04
183533,0.07
183536,0.08
183545,0.08
183549,0.04
183550,0.06
183551,0.08
183555,0.1
183560,0.08
183585,0.03
183591,0.04
183592,0.01
183603,0.23
183610,0.09
183628,0.14
183644,0.05
183646,0.17
183649,0.03
183656,0.11
183658,0.26
183688,0.05
183690,0.02
183691,0.07
183697,0.18
183709,0.1
183711,0.06
183714,0.27
183725,0.1
183736,0.1
183742,0.03
183772,0.14
183776,0.05
183787,0.04
183792,0.21
183793,0.14
183799,0.21
183816,0.07
183818,0.22
183832,0.11
183836,0.01
183839,0.05
183840,0.02
183855,0.03
183857,0.08
183863,0.08
183866,0.04
183876,0.09
183878,0.12
183897,0.05
183902,0.1
183915,0.02
183925,0.24
183936,0.06
183939,0.04
183951,0.02
183956,0.01
183957,0.04
183974,0.02
183982,0.09
183994,0.01
184008,0.08
184013,0.15
184016,0.1
184019,0.07
184024,0.04
184025,0.06
184038,0.01
184045,0.05
184056,0.14
184060,0.05
184071,0.03
184073,0.02
184074,0.03
184077,0.02
184105,0.05
184106,0.13
184133,0.16
184154,0.26
184163,0.06
184165,0.16
184193,0.13
184194,0.18
184195,0.07
184202,0.08
184226,0.3
184230,0.05
184231,0.12
184234,0.1
184238,0.05
184248,0.01
184257,0.02
184268,0.1
184282,0.07
184291,0.05
184294,0.05
184295,0.24
184304,0.07
184309,0.03
184318,0.19
184325,0.09
184329,0.08
184330,0.06
184333,0.13
184337,0.0
184338,0.07
184340,0.02
184341,0.03
184347,0.08
184354,0.04
184355,0.08
184372,0.11
184384,0.07
184385,0.01
184386,0.05
184389,0.19
184401,0.02
184405,0.17
184431,0.23
184450,0.02
184453,0.34
184470,0.04
184471,0.04
184486,0.11
184488,0.0
184489,0.07
184497,0.07
184508,0.04
184509,0.04
184516,0.04
184525,0.08
184526,0.08
184531,0.05
184557,0.02
184576,0.02
184589,0.07
184605,0.04
184613,0.14
184630,0.02
184635,0.05
184636,0.05
184643,0.08
184645,0.04
184653,0.13
184655,0.13
184656,0.07
184660,0.08
184716,0.14
184736,0.06
184758,0.16
184767,0.16
184770,0.07
184773,0.0
184776,0.14
184792,0.09
184812,0.07
184820,0.09
184829,0.05
184831,0.11
184832,0.13
184834,0.03
184847,0.1
184848,0.05
184858,0.07
184866,0.06
184869,0.05
184870,0.05
184873,0.01
184874,0.02
184876,0.09
184879,0.19
184880,0.08
184885,0.04
184896,0.05
184916,0.17
184918,0.14
184919,0.05
184921,0.07
184936,0.13
184944,0.23
184956,0.05
184963,0.09
184964,0.02
184965,0.12
184972,0.11
184977,0.05
184982,0.08
184988,0.27
184992,0.11
184994,0.04
184998,0.16
185017,0.09
185024,0.06
185032,0.08
185037,0.03
185040,0.04
185043,0.11
185048,0.05
185059,0.07
185076,0.15
185083,0.02
185090,0.08
185099,0.05
185101,0.03
185106,0.16
185121,0.09
185125,0.22
185126,0.25
185127,0.17
185153,0.05
185167,0.11
185171,0.08
185178,0.05
185180,0.05
185181,0.05
185183,0.08
185186,0.12
185187,0.12
185188,0.08
185189,0.08
185194,0.1
185207,0.1
185209,0.04
185210,0.06
185212,0.02
185220,0.11
185221,0.13
185230,0.13
185231,0.18
185245,0.04
185249,0.16
185262,0.06
185285,0.06
185286,0.1
185288,0.03
185296,0.04
185298,0.33
185299,0.02
185308,0.07
185311,0.05
185313,0.06
185314,0.13
185332,0.1
185337,0.03
185338,0.06
185339,0.06
185341,0.12
185342,0.07
185344,0.11
185349,0.09
185362,0.05
185363,0.05
185394,0.01
185410,0.1
185418,0.14
185423,0.04
185428,0.11
185442,0.15
185447,0.07
185450,0.04
185454,0.08
185475,0.33
185481,0.27
185483,0.02
185485,0.15
185496,0.04
185504,0.05
185505,0.0
185512,0.04
185515,0.02
185534,0.05
185536,0.11
185538,0.06
185552,0.03
185569,0.1
185576,0.03
185578,0.09
185581,0.11
185584,0.02
185585,0.07
185586,0.18
185592,0.06
185604,0.01
185606,0.04
185607,0.05
185618,0.18
185622,0.16
185628,0.16
185629,0.03
185634,0.08
185637,0.14
185638,0.01
185640,0.13
185641,0.01
185645,0.04
185646,0.13
185647,0.05
185662,0.12
185669,0.03
185675,0.02
185687,0.04
185688,0.04
185689,0.02
185690,0.09
185697,0.04
185710,0.05
185733,0.09
185740,0.1
185806,0.07
185812,0.22
185824,0.05
185825,0.06
185826,0.09
185827,0.23
185828,0.03
185837,0.04
185859,0.09
185861,0.01
185872,0.13
185874,0.01
185891,0.13
185893,0.08
185897,0.08
185900,0.02
185910,0.03
185919,0.0
185932,0.11
185937,0.02
185939,0.04
185965,0.09
185968,0.07
185971,0.03
185978,0.07
185980,0.06
185981,0.05
185982,0.07
185991,0.04
185997,0.01
185998,0.07
186014,0.08
186021,0.07
186025,0.08
186034,0.05
186054,0.09
186061,0.1
186065,0.1
186066,0.13
186070,0.15
186080,0.05
186085,0.03
186094,0.12
186110,0.14
186113,0.0
186116,0.06
186127,0.05
186129,0.05
186135,0.1
186139,0.21
186151,0.09
186153,0.09
186156,0.07
186158,0.05
186159,0.04
186166,0.14
186168,0.12
186169,0.04
186170,0.05
186179,0.08
186188,0.03
186210,0.01
186227,0.06
186229,0.11
186230,0.11
186249,0.03
186254,0.04
186264,0.06
186265,0.07
186273,0.07
186276,0.02
186289,0.11
186296,0.17
186308,0.04
186309,0.07
186310,0.02
186316,0.04
186321,0.05
186333,0.08
186346,0.06
186391,0.07
186398,0.12
186407,0.13
186411,0.09
186415,0.11
186426,0.1
186444,0.01
186448,0.22
186453,0.12
186456,0.02
186460,0.08
186461,0.08
186473,0.08
186489,0.22
186490,0.12
186491,0.06
186492,0.07
186493,0.07
186503,0.14
186505,0.12
186506,0.03
186508,0.04
186524,0.09
186526,0.08
186536,0.04
186539,0.05
186543,0.06
186558,0.16
186568,0.21
186573,0.06
186587,0.03
186599,0.03
186609,0.1
186610,0.02
186612,0.11
186632,0.06
186634,0.15
186649,0.11
186652,0.14
186660,0.08
186668,0.05
186674,0.1
186675,0.07
186679,0.11
186682,0.04
186683,0.01
186695,0.38
186696,0.07
186704,0.09
186709,0.25
186714,0.13
186723,0.03
186726,0.21
186728,0.09
186729,0.01
186731,0.07
186737,0.16
186742,0.01
186743,0.0
186745,0.2
186747,0.03
186750,0.09
186769,0.18
186771,0.21
186787,0.06
186796,0.24
186802,0.21
186811,0.01
186812,0.09
186815,0.13
186840,0.09
186842,0.29
186853,0.16
186859,0.12
186878,0.04
186885,0.11
186890,0.06
186906,0.2
186916,0.05
186927,0.02
186928,0.11
186931,0.17
186934,0.03
186938,0.17
186943,0.15
186944,0.13
186945,0.21
186947,0.06
186952,0.05
186953,0.03
186960,0.09
186962,0.1
186991,0.01
187001,0.23
187017,0.02
187019,0.09
187024,0.05
187035,0.0
187037,0.11
187056,0.04
187057,0.07
187058,0.18
187065,0.09
187066,0.09
187069,0.02
187070,0.03
187074,0.06
187085,0.05
187087,0.03
187100,0.06
187117,0.07
187158,0.1
187159,0.14
187162,0.17
187164,0.04
187167,0.01
187168,0.03
187171,0.08
187184,0.19
187194,0.15
187208,0.06
187211,0.13
187220,0.18
187224,0.1
187242,0.08
187259,0.07
187260,0.04
187267,0.16
187280,0.19
187287,0.05
187291,0.04
187296,0.04
187301,0.08
187315,0.16
187319,0.02
187326,0.15
187328,0.06
187329,0.02
187330,0.07
187335,0.05
187339,0.04
187340,0.19
187353,0.04
187356,0.07
187367,0.14
187383,0.05
187388,0.11
187401,0.03
187415,0.06
187422,0.09
187439,0.19
187440,0.18
187442,0.27
187447,0.08
187448,0.04
187451,0.02
187468,0.02
187475,0.07
187477,0.12
187480,0.04
187498,0.14
187499,0.05
187516,0.04
187524,0.01
187534,0.09
187552,0.06
187577,0.08
187584,0.1
187585,0.03
187603,0.08
187608,0.06
187625,0.02
187637,0.08
187639,0.27
187641,0.04
187652,0.02
187684,0.06
187689,0.08
187698,0.16
187708,0.06
187716,0.11
187717,0.03
187719,0.02
187720,0.25
187743,0.09
187749,0.07
187762,0.11
187763,0.06
187772,0.05
187786,0.11
187787,0.07
187809,0.07
187826,0.14
187828,0.01
187829,0.06
187833,0.06
187847,0.06
187852,0.02
187862,0.02
187867,0.05
187868,0.01
187870,0.08
187871,0.03
187879,0.15
187894,0.06
187895,0.11
187899,0.06
187903,0.16
187915,0.07
187919,0.14
187941,0.04
187942,0.07
187944,0.12
187947,0.06
187949,0.28
187950,0.03
187952,0.07
187964,0.14
187967,0.03
187977,0.02
187983,0.11
187987,0.09
187988,0.04
187990,0.08
187991,0.23
187998,0.12
188014,0.05
188017,0.05
188021,0.17
188032,0.02
188039,0.02
188040,0.03
188044,0.02
188045,0.07
188054,0.16
188069,0.03
188070,0.14
188081,0.08
188092,0.27
188106,0.07
188108,0.09
188117,0.03
188120,0.01
188130,0.07
188133,0.14
188136,0.03
188151,0.04
188153,0.06
188158,0.01
188171,0.09
188175,0.08
188192,0.15
188194,0.03
188198,0.04
188199,0.05
188228,0.12
188232,0.07
188233,0.11
188234,0.01
188245,0.1
188248,0.11
188254,0.04
188261,0.02
188262,0.07
188267,0.02
188276,0.03
188281,0.25
188282,0.04
188295,0.06
188309,0.05
188313,0.16
188324,0.02
188327,0.1
188328,0.03
188329,0.1
188336,0.11
188337,0.08
188350,0.03
188389,0.13
188399,0.01
188413,0.09
188415,0.1
188421,0.02
188438,0.2
188449,0.24
188466,0.03
188470,0.03
188486,0.04
188492,0.06
188507,0.09
188511,0.01
188521,0.11
188540,0.19
188542,0.06
188551,0.27
188557,0.04
188558,0.05
188561,0.05
188563,0.1
188565,0.09
188577,0.09
188586,0.1
188591,0.04
188594,0.18
188614,0.07
188622,0.08
188626,0.03
188632,0.16
188635,0.07
188639,0.01
188645,0.15
188646,0.07
188647,0.08
188653,0.03
188659,0.09
188677,0.23
188694,0.02
188695,0.03
188696,0.06
188707,0.0
188714,0.04
188715,0.07
188722,0.17
188724,0.07
188729,0.01
188734,0.03
188739,0.37
188746,0.07
188747,0.02
188768,0.04
188770,0.08
188772,0.03
188787,0.08
188792,0.1
188793,0.1
188808,0.08
188828,0.09
188848,0.01
188851,0.04
188856,0.15
188862,0.09
188875,0.34
188876,0.19
188878,0.03
188880,0.06
188890,0.02
188900,0.02
188914,0.01
188928,0.09
188936,0.04
188946,0.04
188947,0.06
188948,0.09
188949,0.03
188950,0.19
188980,0.09
188982,0.23
188988,0.13
188990,0.16
188992,0.09
188993,0.04
188994,0.02
188997,0.04
188998,0.14
189009,0.05
189018,0.07
189022,0.05
189034,0.08
189045,0.04
189059,0.08
189062,0.03
189075,0.14
189086,0.07
189087,0.05
189107,0.1
189113,0.12
189144,0.04
189148,0.11
189199,0.13
189201,0.04
189202,0.01
189207,0.18
189213,0.1
189214,0.09
189224,0.02
189230,0.04
189251,0.04
189252,0.04
189255,0.05
189256,0.01
189257,0.02
189260,0.06
189261,0.14
189262,0.04
189263,0.07
189272,0.01
189282,0.03
189284,0.13
189294,0.03
189304,0.14
189314,0.13
189317,0.24
189333,0.08
189337,0.11
189347,0.04
189355,0.08
189357,0.08
189366,0.18
189374,0.07
189379,0.05
189388,0.12
189397,0.01
189418,0.1
189453,0.01
189458,0.01
189460,0.06
189481,0.01
189482,0.02
189483,0.04
189490,0.07
189491,0.02
189492,0.09
189511,0.14
189512,0.02
189518,0.06
189519,0.11
189531,0.03
189541,0.3
189550,0.07
189551,0.14
189559,0.06
189564,0.06
189573,0.09
189585,0.01
189587,0.23
189605,0.08
189612,0.06
189633,0.07
189640,0.02
189641,0.09
189643,0.01
189650,0.07
189652,0.04
189656,0.15
189661,0.2
189663,0.15
189684,0.08
189688,0.03
189711,0.11
189729,0.07
189747,0.13
189761,0.12
189773,0.05
189774,0.01
189779,0.08
189780,0.11
189796,0.03
189799,0.11
189800,0.04
189807,0.18
189808,0.07
189826,0.13
189836,0.06
189843,0.07
189845,0.05
189852,0.18
189853,0.17
189855,0.05
189866,0.11
189886,0.03
189888,0.03
189902,0.06
189907,0.32
189910,0.07
189922,0.02
189924,0.12
189933,0.06
189935,0.06
189939,0.06
189951,0.26
189965,0.03
189966,0.08
189977,0.04
189989,0.03
189990,0.1
190002,0.14
190006,0.23
190008,0.03
190009,0.06
190021,0.06
190058,0.09
190061,0.0
190069,0.05
190072,0.16
190078,0.15
190109,0.15
190112,0.25
190117,0.12
190132,0.05
190133,0.15
190153,0.06
190164,0.02
190167,0.01
190169,0.2
190179,0.16
190184,0.02
190188,0.03
190199,0.04
190200,0.15
190201,0.03
190227,0.1
190229,0.03
190245,0.06
190272,0.16
190274,0.09
190281,0.09
190282,0.17
190290,0.17
190299,0.17
190301,0.08
190304,0.13
190306,0.05
190311,0.16
190341,0.06
190354,0.02
190364,0.04
190368,0.1
190375,0.12
190383,0.08
190384,0.12
190387,0.02
190388,0.14
190392,0.12
190394,0.13
190405,0.14
190406,0.11
190412,0.02
190413,0.2
190431,0.04
190452,0.06
190454,0.07
190461,0.14
190475,0.01
190489,0.18
190507,0.02
190513,0.07
190515,0.23
190516,0.02
190522,0.04
190523,0.15
190526,0.11
190533,0.06
190537,0.06
190542,0.02
190545,0.06
190548,0.05
190555,0.08
190561,0.03
190562,0.02
190566,0.03
190581,0.09
190590,0.04
190591,0.15
190593,0.04
190612,0.0
190617,0.16
190618,0.04
190619,0.09
190643,0.08
190647,0.08
190663,0.01
190664,0.05
190678,0.05
190691,0.04
190697,0.08
190698,0.05
190701,0.25
190702,0.21
190713,0.15
190739,0.14
190744,0.08
190756,0.14
190767,0.16
190777,0.13
190808,0.08
190825,0.13
190830,0.11
190844,0.19
190855,0.12
190860,0.02
190861,0.09
190865,0.03
190884,0.13
190886,0.08
190887,0.12
190893,0.1
190899,0.14
190900,0.12
190901,0.03
190903,0.04
190909,0.08
190911,0.22
190916,0.09
190922,0.02
190926,0.09
190927,0.05
190929,0.09
190931,0.12
190948,0.06
190954,0.01
190957,0.05
190965,0.01
190978,0.13
190986,0.05
190990,0.04
190993,0.1
190998,0.03
190999,0.1
191028,0.08
191033,0.05
191042,0.15
191076,0.0
191114,0.08
191137,0.17
191138,0.05
191140,0.09
191141,0.07
191143,0.1
191145,0.04
191161,0.14
191167,0.08
191192,0.03
191199,0.04
191200,0.01
191205,0.08
191206,0.04
191214,0.06
191217,0.03
191222,0.05
191224,0.02
191232,0.16
191238,0.06
191243,0.04
191247,0.08
191250,0.03
191266,0.02
191278,0.03
191279,0.03
191282,0.18
191287,0.09
191290,0.1
191291,0.1
191296,0.13
191301,0.11
191304,0.01
191305,0.07
191306,0.14
191324,0.12
191359,0.03
191360,0.05
191362,0.02
191371,0.11
191379,0.22
191394,0.02
191413,0.21
191430,0.03
191435,0.05
191449,0.04
191452,0.15
191464,0.13
191465,0.04
191466,0.11
191469,0.08
191490,0.14
191494,0.14
191498,0.26
191506,0.17
191508,0.04
191509,0.04
191515,0.18
191524,0.08
191548,0.05
191562,0.05
191568,0.12
191596,0.11
191609,0.07
191619,0.03
191624,0.09
191628,0.1
191630,0.14
191648,0.15
191649,0.11
191654,0.02
191655,0.03
191659,0.03
191674,0.12
191675,0.12
191680,0.05
191681,0.03
191684,0.08
191686,0.04
191721,0.09
191722,0.09
191726,0.12
191727,0.05
191732,0.03
191735,0.03
191738,0.34
191745,0.14
191746,0.06
191751,0.07
191761,0.16
191772,0.03
191785,0.11
191794,0.04
191799,0.02
191806,0.21
191807,0.03
191809,0.16
191824,0.17
191826,0.03
191834,0.07
191837,0.07
191841,0.08
191845,0.04
191847,0.22
191850,0.06
191869,0.11
191873,0.07
191876,0.17
191878,0.16
191880,0.04
191881,0.05
191883,0.04
191898,0.09
191907,0.03
191910,0.01
191918,0.09
191920,0.07
191923,0.06
191942,0.13
191943,0.09
191951,0.13
191952,0.02
191958,0.05
191963,0.23
191971,0.19
191992,0.09
192000,0.16
192001,0.11
192008,0.13
192018,0.01
192029,0.01
192030,0.0
192031,0.09
192043,0.15
192045,0.02
192052,0.09
192056,0.04
192071,0.09
192082,0.13
192088,0.03
192103,0.04
192105,0.12
192119,0.05
192144,0.01
192151,0.07
192158,0.02
192163,0.05
192172,0.19
192176,0.05
192177,0.04
192212,0.04
192221,0.17
192223,0.11
192224,0.09
192238,0.05
192239,0.05
192252,0.21
192259,0.09
192268,0.01
192274,0.23
192276,0.09
192277,0.02
192289,0.04
192296,0.12
192308,0.09
192309,0.0
192315,0.06
192322,0.16
192324,0.04
192343,0.05
192345,0.06
192367,0.06
192375,0.07
192382,0.14
192389,0.01
192390,0.1
192391,0.15
192423,0.06
192427,0.07
192431,0.12
192433,0.02
192451,0.05
192453,0.1
192455,0.05
192468,0.06
192469,0.01
192474,0.08
192481,0.04
192482,0.09
192483,0.07
192486,0.13
192490,0.14
192491,0.09
192494,0.08
192507,0.05
192508,0.04
192509,0.13
192525,0.11
192526,0.07
192528,0.04
192535,0.02
192545,0.18
192548,0.07
192572,0.25
192594,0.04
192607,0.06
192625,0.09
192626,0.09
192631,0.04
192632,0.09
192636,0.13
192637,0.08
192655,0.04
192657,0.04
192674,0.06
192675,0.04
192680,0.13
192682,0.16
192686,0.09
192698,0.16
192703,0.02
192705,0.03
192717,0.08
192720,0.21
192721,0.11
192722,0.08
192728,0.03
192734,0.01
192739,0.18
192740,0.12
192752,0.02
192761,0.01
192770,0.0
192780,0.06
192782,0.05
192783,0.14
192789,0.31
192796,0.02
192800,0.04
192802,0.07
192811,0.07
192812,0.13
192815,0.07
192838,0.3
192861,0.05
192868,0.03
192872,0.11
192876,0.05
192877,0.1
192897,0.19
192898,0.04
192903,0.1
192904,0.17
192905,0.08
192911,0.27
192920,0.02
192921,0.05
192922,0.1
192942,0.05
192946,0.2
192963,0.11
192978,0.14
192979,0.1
192981,0.15
192991,0.08
192995,0.06
192998,0.21
193019,0.1
193027,0.08
193028,0.11
193032,0.01
193036,0.12
193044,0.05
193046,0.09
193049,0.04
193050,0.04
193054,0.13
193057,0.14
193060,0.22
193075,0.09
193088,0.01
193091,0.1
193112,0.05
193122,0.01
193123,0.08
193128,0.07
193133,0.01
193143,0.05
193150,0.06
193151,0.0
193160,0.16
193180,0.15
193198,0.03
193204,0.05
193207,0.07
193210,0.25
193225,0.03
193232,0.05
193248,0.16
193249,0.13
193262,0.0
193270,0.12
193273,0.02
193275,0.04
193286,0.04
193289,0.28
193290,0.04
193311,0.23
193321,0.02
193322,0.03
193340,0.1
193349,0.05
193368,0.11
193369,0.05
193375,0.06
193385,0.12
193389,0.04
193394,0.09
193396,0.06
193398,0.06
193402,0.09
193409,0.05
193421,0.04
193426,0.02
193430,0.06
193436,0.18
193437,0.05
193440,0.04
193441,0.16
193449,0.03
193462,0.01
193464,0.01
193468,0.02
193474,0.03
193475,0.05
193479,0.16
193484,0.14
193488,0.12
193496,0.02
193507,0.09
193510,0.1
193512,0.01
193514,0.03
193515,0.09
193516,0.07
193520,0.04
193522,0.11
193541,0.06
193545,0.01
193549,0.06
193554,0.14
193558,0.16
193568,0.03
193569,0.16
193579,0.04
193587,0.04
193589,0.14
193613,0.09
193642,0.14
193643,0.05
193647,0.07
193648,0.09
193663,0.09
193664,0.15
193665,0.02
193672,0.05
193675,0.05
193686,0.2
193692,0.04
193706,0.05
193725,0.0
193726,0.05
193727,0.03
193733,0.06
193738,0.16
193739,0.06
193745,0.19
193759,0.06
193767,0.05
193774,0.26
193776,0.05
193777,0.43
193787,0.22
193789,0.05
193793,0.11
193805,0.0
193808,0.11
193816,0.04
193817,0.03
193821,0.13
193831,0.09
193832,0.0
193874,0.1
193879,0.03
193882,0.07
193910,0.02
193915,0.03
193916,0.1
193921,0.13
193924,0.09
193926,0.02
193927,0.06
193949,0.04
193954,0.03
193966,0.15
193970,0.07
193971,0.05
193975,0.07
193980,0.08
193982,0.25
193983,0.03
193987,0.02
193997,0.04
194000,0.15
194013,0.07
194014,0.39
194026,0.06
194039,0.01
194042,0.11
194054,0.05
194057,0.18
194058,0.03
194068,0.09
194071,0.15
194073,0.04
194075,0.04
194093,0.05
194098,0.06
194105,0.03
194106,0.16
194110,0.04
194128,0.07
194137,0.08
194149,0.1
194150,0.03
194155,0.06
194157,0.1
194158,0.09
194164,0.05
194165,0.14
194166,0.02
194170,0.12
194171,0.03
194177,0.04
194187,0.07
194188,0.01
194213,0.11
194229,0.13
194230,0.05
194241,0.02
194243,0.02
194244,0.06
194276,0.0
194279,0.0
194280,0.02
194281,0.23
194291,0.06
194293,0.17
194306,0.06
194307,0.05
194308,0.0
194310,0.12
194314,0.07
194326,0.19
194330,0.13
194338,0.0
194366,0.08
194370,0.02
194371,0.08
194379,0.0
194382,0.12
194383,0.16
194395,0.19
194402,0.1
194406,0.03
194408,0.18
194413,0.02
194414,0.02
194419,0.12
194423,0.21
194424,0.06
194429,0.11
194436,0.03
194468,0.05
194469,0.03
194478,0.1
194480,0.26
194484,0.05
194505,0.1
194514,0.07
194516,0.04
194523,0.18
194526,0.02
194533,0.03
194534,0.04
194536,0.07
194548,0.02
194552,0.1
194558,0.1
194561,0.09
194563,0.04
194569,0.13
194581,0.24
194586,0.04
194590,0.03
194598,0.14
194600,0.07
194603,0.04
194604,0.06
194605,0.05
194607,0.13
194610,0.13
194620,0.06
194627,0.18
194650,0.19
194652,0.01
194659,0.05
194660,0.06
194662,0.04
194665,0.06
194675,0.07
194677,0.04
194679,0.03
194691,0.18
194696,0.05
194713,0.08
194716,0.05
194717,0.05
194725,0.07
194732,0.07
194737,0.13
194738,0.14
194769,0.02
194791,0.02
194802,0.17
194806,0.06
194810,0.05
194812,0.07
194813,0.04
194816,0.07
194827,0.02
194844,0.06
194856,0.08
194860,0.1
194866,0.08
194867,0.05
194877,0.1
194879,0.11
194880,0.01
194881,0.06
194887,0.0
194900,0.16
194906,0.07
194907,0.12
194908,0.17
194914,0.06
194934,0.2
194955,0.08
194956,0.01
194965,0.03
194966,0.09
194980,0.11
194985,0.12
194986,0.03
194995,0.12
194999,0.03
195000,0.05
195010,0.09
195013,0.14
195044,0.05
195048,0.09
195050,0.38
195051,0.12
195055,0.09
195070,0.04
195074,0.29
195075,0.12
195077,0.25
195081,0.04
195088,0.07
195089,0.04
195091,0.11
195096,0.31
195100,0.09
195103,0.19
195116,0.05
195117,0.07
195129,0.09
195151,0.03
195158,0.12
195164,0.03
195176,0.11
195186,0.05
195187,0.18
195198,0.02
195201,0.11
195207,0.04
195214,0.12
195215,0.06
195234,0.02
195235,0.08
195239,0.04
195240,0.05
195253,0.04
195255,0.08
195280,0.01
195291,0.02
195293,0.08
195300,0.05
195306,0.04
195307,0.17
195322,0.1
195326,0.17
195330,0.05
195341,0.1
195343,0.07
195367,0.04
195369,0.05
195371,0.02
195372,0.04
195389,0.07
195415,0.07
195435,0.09
195439,0.11
195440,0.08
195444,0.03
195447,0.04
195450,0.02
195451,0.08
195456,0.05
195457,0.09
195461,0.14
195462,0.19
195463,0.03
195466,0.08
195468,0.04
195469,0.11
195489,0.02
195495,0.07
195496,0.15
195504,0.03
195505,0.07
195506,0.15
195511,0.09
195518,0.08
195519,0.07
195529,0.02
195531,0.07
195546,0.03
195547,0.05
195552,0.05
195577,0.08
195579,0.11
195588,0.02
195597,0.1
195607,0.01
195617,0.07
195626,0.07
195632,0.12
195634,0.23
195635,0.06
195645,0.11
195648,0.07
195674,0.29
195691,0.05
195695,0.23
195703,0.14
195710,0.2
195711,0.09
195727,0.08
195729,0.1
195734,0.11
195739,0.07
195740,0.06
195746,0.28
195750,0.29
195769,0.11
195772,0.12
195785,0.03
195789,0.18
195793,0.07
195801,0.04
195803,0.1
195810,0.13
195818,0.04
195819,0.39
195823,0.15
195828,0.14
195836,0.02
195843,0.08
195858,0.09
195876,0.15
195890,0.12
195891,0.11
195900,0.08
195905,0.07
195910,0.03
195911,0.16
195912,0.02
195917,0.27
195918,0.19
195923,0.27
195937,0.05
195940,0.31
195945,0.05
195946,0.08
195948,0.09
195955,0.04
195957,0.2
195958,0.03
195959,0.21
195970,0.0
195974,0.05
195979,0.12
195990,0.05
196004,0.08
196007,0.3
196012,0.15
196019,0.07
196029,0.24
196034,0.0
196042,0.07
196066,0.32
196067,0.07
196071,0.04
196074,0.08
196075,0.06
196079,0.03
196080,0.25
196082,0.04
196083,0.05
196085,0.18
196115,0.09
196118,0.14
196128,0.1
196149,0.03
196150,0.02
196162,0.03
196194,0.17
196198,0.02
196204,0.07
196206,0.11
196210,0.19
196220,0.17
196221,0.05
196230,0.02
196236,0.15
196242,0.05
196256,0.21
196261,0.22
196274,0.13
196281,0.02
196303,0.04
196305,0.09
196322,0.03
196343,0.01
196346,0.09
196354,0.06
196357,0.02
196359,0.02
196360,0.24
196361,0.08
196364,0.25
196371,0.02
196375,0.04
196377,0.02
196378,0.1
196381,0.03
196384,0.03
196385,0.1
196388,0.18
196394,0.17
196400,0.15
196401,0.18
196404,0.12
196411,0.19
196436,0.04
196443,0.04
196444,0.08
196446,0.06
196475,0.08
196476,0.31
196486,0.09
196489,0.08
196492,0.07
196498,0.05
196500,0.04
196505,0.17
196507,0.13
196510,0.06
196514,0.1
196530,0.02
196544,0.03
196551,0.05
196578,0.03
196585,0.11
196587,0.03
196588,0.06
196594,0.18
196598,0.06
196605,0.03
196618,0.07
196619,0.07
196623,0.13
196624,0.04
196643,0.02
196649,0.06
196650,0.01
196656,0.02
196663,0.38
196667,0.13
196669,0.06
196681,0.18
196717,0.1
196726,0.14
196728,0.08
196729,0.07
196731,0.09
196736,0.08
196738,0.01
196745,0.06
196747,0.02
196748,0.05
196753,0.02
196757,0.06
196760,0.14
196777,0.32
196788,0.09
196799,0.07
196808,0.03
196819,0.06
196825,0.08
196826,0.09
196834,0.04
196841,0.28
196847,0.06
196849,0.1
196851,0.04
196867,0.06
196884,0.15
196889,0.05
196898,0.04
196901,0.04
196917,0.04
196930,0.05
196936,0.09
196956,0.05
196959,0.08
196962,0.07
196963,0.1
196971,0.15
196972,0.05
196977,0.04
196984,0.05
196985,0.25
197010,0.19
197029,0.1
197040,0.11
197058,0.26
197060,0.04
197064,0.3
197075,0.02
197083,0.21
197102,0.09
197103,0.17
197107,0.07
197129,0.11
197135,0.05
197140,0.01
197150,0.14
197152,0.02
197153,0.06
197154,0.06
197156,0.1
197166,0.07
197167,0.04
197177,0.04
197178,0.03
197187,0.04
197191,0.05
197205,0.19
197206,0.15
197219,0.15
197224,0.05
197245,0.16
197246,0.06
197273,0.15
197275,0.03
197278,0.04
197288,0.07
197290,0.09
197294,0.14
197295,0.06
197311,0.04
197314,0.17
197320,0.09
197321,0.19
197324,0.24
197327,0.07
197332,0.08
197333,0.35
197335,0.04
197348,0.0
197362,0.06
197363,0.07
197368,0.04
197378,0.06
197381,0.13
197384,0.06
197386,0.16
197393,0.19
197396,0.03
197400,0.03
197408,0.05
197412,0.07
197413,0.12
197415,0.02
197418,0.27
197427,0.03
197443,0.15
197448,0.1
197449,0.03
197470,0.1
197478,0.2
197482,0.24
197488,0.03
197491,0.06
197495,0.03
197498,0.07
197502,0.06
197507,0.08
197509,0.14
197510,0.14
197512,0.09
197513,0.01
197524,0.1
197525,0.08
197529,0.29
197533,0.02
197534,0.15
197540,0.09
197541,0.11
197559,0.11
197566,0.03
197582,0.03
197585,0.1
197587,0.15
197595,0.05
197598,0.01
197601,0.06
197603,0.08
197607,0.03
197611,0.1
197625,0.14
197631,0.02
197633,0.06
197638,0.14
197640,0.07
197644,0.02
197645,0.06
197646,0.08
197650,0.07
197657,0.06
197664,0.05
197668,0.07
197681,0.07
197682,0.2
197693,0.03
197695,0.11
197699,0.15
197709,0.05
197711,0.05
197715,0.06
197716,0.13
197722,0.17
197728,0.23
197729,0.12
197730,0.14
197744,0.04
197768,0.03
197770,0.01
197775,0.18
197788,0.04
197795,0.07
197806,0.09
197808,0.11
197812,0.19
197813,0.04
197822,0.05
197827,0.03
197828,0.02
197836,0.28
197857,0.06
197862,0.15
197872,0.09
197892,0.01
197903,0.08
197907,0.07
197908,0.04
197916,0.07
197921,0.03
197924,0.03
197930,0.06
197934,0.07
197942,0.06
197945,0.19
197958,0.06
197959,0.04
197967,0.09
197969,0.14
197978,0.16
197999,0.03
198001,0.13
198004,0.03
198007,0.11
198019,0.07
198020,0.07
198024,0.09
198026,0.15
198038,0.09
198044,0.06
198050,0.16
198054,0.23
198055,0.07
198082,0.09
198094,0.1
198095,0.05
198099,0.07
198101,0.07
198102,0.06
198114,0.08
198125,0.13
198127,0.05
198128,0.04
198137,0.06
198141,0.12
198142,0.09
198155,0.16
198179,0.05
198181,0.04
198184,0.05
198185,0.04
198186,0.14
198187,0.08
198193,0.02
198197,0.07
198209,0.03
198221,0.07
198225,0.11
198229,0.23
198237,0.2
198239,0.17
198247,0.07
198253,0.1
198272,0.04
198279,0.0
198282,0.01
198284,0.05
198285,0.02
198287,0.07
198294,0.13
198309,0.03
198312,0.09
198315,0.04
198323,0.02
198331,0.02
198333,0.23
198359,0.04
198370,0.07
198378,0.02
198379,0.03
198381,0.05
198383,0.13
198384,0.07
198385,0.03
198420,0.08
198421,0.18
198425,0.08
198427,0.12
198429,0.01
198437,0.03
198445,0.04
198452,0.06
198454,0.05
198487,0.14
198523,0.12
198528,0.09
198530,0.12
198539,0.03
198540,0.07
198547,0.1
198566,0.06
198568,0.02
198569,0.05
198595,0.04
198600,0.07
198614,0.02
198617,0.06
198619,0.27
198627,0.1
198640,0.06
198655,0.08
198664,0.12
198665,0.02
198666,0.25
198670,0.07
198673,0.22
198680,0.09
198689,0.07
198690,0.17
198702,0.02
198703,0.01
198704,0.24
198714,0.15
198715,0.12
198717,0.05
198718,0.06
198720,0.17
198721,0.08
198730,0.06
198739,0.17
198754,0.03
198761,0.06
198772,0.02
198774,0.09
198775,0.17
198779,0.04
198783,0.06
198790,0.16
198794,0.18
198798,0.12
198799,0.08
198802,0.28
198806,0.07
198847,0.04
198854,0.14
198858,0.08
198859,0.17
198865,0.06
198872,0.02
198874,0.11
198878,0.07
198883,0.12
198884,0.08
198891,0.11
198899,0.08
198907,0.08
198916,0.14
198917,0.19
198934,0.01
198937,0.06
198938,0.03
198941,0.1
198957,0.1
198966,0.05
198984,0.03
198997,0.02
199001,0.25
199003,0.17
199009,0.12
199011,0.03
199013,0.02
199015,0.1
199024,0.06
199026,0.2
199027,0.32
199029,0.17
199030,0.05
199041,0.09
199048,0.05
199057,0.12
199058,0.01
199062,0.02
199067,0.02
199070,0.05
199075,0.05
199076,0.01
199092,0.18
199096,0.06
199104,0.09
199114,0.08
199115,0.01
199117,0.09
199126,0.06
199131,0.09
199141,0.07
199145,0.04
199150,0.16
199151,0.06
199153,0.02
199166,0.07
199167,0.12
199177,0.19
199182,0.06
199183,0.11
199185,0.02
199212,0.09
199213,0.12
199222,0.16
199229,0.03
199230,0.05
199242,0.15
199243,0.03
199246,0.09
199247,0.09
199249,0.04
199262,0.09
199263,0.14
199275,0.07
199276,0.11
199287,0.1
199298,0.07
199304,0.1
199307,0.03
199311,0.05
199316,0.04
199320,0.19
199321,0.16
199325,0.04
199326,0.14
199327,0.14
199334,0.06
199344,0.24
199345,0.04
199352,0.02
199364,0.13
199378,0.2
199379,0.04
199387,0.02
199405,0.1
199418,0.11
199424,0.08
199425,0.06
199432,0.02
199433,0.11
199442,0.2
199446,0.05
199457,0.05
199458,0.08
199477,0.07
199522,0.12
199525,0.13
199533,0.15
199536,0.07
199537,0.02
199550,0.11
199560,0.04
199564,0.2
199575,0.08
199580,0.02
199586,0.01
199597,0.06
199598,0.07
199604,0.04
199608,0.18
199609,0.09
199616,0.03
199625,0.14
199648,0.11
199650,0.0
199655,0.02
199663,0.02
199670,0.04
199673,0.08
199685,0.1
199696,0.17
199703,0.14
199704,0.08
199706,0.05
199727,0.03
199740,0.12
199746,0.09
199764,0.13
199766,0.15
199785,0.05
199786,0.01
199795,0.09
199797,0.09
199803,0.16
199804,0.08
199810,0.03
199815,0.12
199822,0.03
199824,0.07
199828,0.22
199833,0.13
199840,0.11
199844,0.15
199846,0.02
199858,0.06
199862,0.08
199865,0.15
199866,0.16
199869,0.11
199870,0.01
199871,0.02
199878,0.07
199889,0.11
199891,0.04
199898,0.07
199903,0.02
199904,0.04
199924,0.08
199950,0.03
199954,0.04
199956,0.05
199962,0.28
199965,0.15
199971,0.06
199972,0.02
199988,0.26
199995,0.06
199997,0.02
199998,0.04
199999,0.03
200011,0.02
200012,0.01
200016,0.07
200019,0.04
200030,0.09
200031,0.05
200032,0.07
200038,0.12
200043,0.02
200044,0.15
200045,0.06
200053,0.22
200057,0.05
200061,0.04
200064,0.08
200071,0.17
200084,0.09
200085,0.04
200086,0.15
200093,0.16
200095,0.21
200105,0.04
200111,0.02
200116,0.29
200125,0.31
200126,0.11
200157,0.07
200173,0.17
200181,0.03
200185,0.04
200187,0.03
200193,0.12
200200,0.07
200202,0.02
200206,0.14
200207,0.05
200216,0.01
200229,0.15
200234,0.03
200241,0.13
200244,0.04
200258,0.11
200262,0.16
200268,0.26
200277,0.09
200286,0.05
200293,0.15
200299,0.16
200306,0.08
200335,0.05
200358,0.04
200366,0.02
200367,0.0
200370,0.03
200373,0.24
200374,0.11
200383,0.1
200387,0.13
200390,0.16
200391,0.05
200421,0.13
200437,0.2
200442,0.0
200447,0.02
200460,0.0
200463,0.13
200467,0.13
200487,0.1
200488,0.08
200490,0.11
200493,0.14
200494,0.01
200501,0.05
200506,0.09
200516,0.07
200518,0.06
200520,0.14
200523,0.14
200524,0.08
200525,0.14
200534,0.13
200538,0.07
200552,0.02
200556,0.07
200557,0.15
200567,0.04
200568,0.07
200570,0.03
200572,0.08
200576,0.02
200585,0.12
200587,0.15
200588,0.06
200593,0.04
200594,0.0
200595,0.07
200603,0.33
200615,0.05
200624,0.17
200631,0.22
200632,0.05
200636,0.08
200638,0.05
200641,0.06
200650,0.07
200653,0.07
200657,0.17
200668,0.07
200669,0.03
200670,0.09
200676,0.11
200697,0.04
200710,0.14
200720,0.03
200729,0.04
200749,0.12
200753,0.22
200755,0.07
200756,0.17
200757,0.06
200768,0.18
200776,0.01
200799,0.1
200801,0.02
200810,0.12
200823,0.11
200832,0.14
200836,0.16
200838,0.02
200864,0.12
200867,0.03
200869,0.05
200873,0.05
200876,0.05
200881,0.08
200883,0.04
200890,0.03
200895,0.09
200897,0.06
200899,0.04
200900,0.07
200907,0.07
200912,0.04
200926,0.1
200930,0.19
200971,0.02
200974,0.07
200979,0.08
200998,0.1
201008,0.07
201018,0.12
201026,0.05
201043,0.06
201049,0.02
201050,0.14
201061,0.12
201062,0.03
201072,0.02
201076,0.13
201077,0.03
201081,0.15
201084,0.09
201089,0.13
201092,0.05
201109,0.1
201110,0.06
201116,0.05
201122,0.14
201135,0.14
201143,0.06
201153,0.03
201159,0.08
201165,0.02
201187,0.2
201197,0.01
201218,0.05
201219,0.06
201231,0.03
201234,0.02
201243,0.01
201246,0.07
201254,0.1
201256,0.04
201262,0.35
201263,0.05
201272,0.19
201273,0.03
201281,0.06
201290,0.07
201294,0.04
201296,0.02
201320,0.05
201332,0.1
201342,0.09
201343,0.08
201347,0.12
201350,0.08
201351,0.1
201362,0.29
201363,0.09
201368,0.1
201373,0.11
201375,0.01
201378,0.05
201386,0.11
201387,0.02
201390,0.25
201393,0.13
201409,0.03
201442,0.08
201444,0.08
201447,0.17
201451,0.07
201474,0.12
201481,0.04
201491,0.09
201498,0.13
201499,0.1
201501,0.22
201502,0.06
201516,0.11
201517,0.1
201524,0.06
201526,0.28
201528,0.03
201532,0.05
201543,0.1
201544,0.1
201546,0.05
201552,0.1
201554,0.14
201556,0.05
201557,0.08
201559,0.16
201575,0.03
201592,0.13
201593,0.1
201600,0.05
201630,0.09
201631,0.21
201635,0.0
201638,0.08
201642,0.02
201645,0.07
201660,0.05
201663,0.07
201665,0.0
201674,0.03
201675,0.04
201677,0.12
201688,0.09
201698,0.15
201706,0.03
201709,0.03
201710,0.1
201718,0.07
201720,0.17
201727,0.1
201730,0.06
201732,0.07
201733,0.09
201736,0.08
201738,0.03
201744,0.17
201747,0.04
201751,0.17
201766,0.09
201777,0.0
201778,0.05
201785,0.18
201804,0.07
201808,0.1
201813,0.13
201815,0.03
201820,0.04
201825,0.09
201830,0.01
201838,0.04
201839,0.13
201845,0.05
201849,0.03
201850,0.14
201853,0.02
201856,0.06
201873,0.03
201875,0.1
201906,0.02
201907,0.07
201908,0.12
201909,0.05
201911,0.11
201927,0.13
201928,0.08
201937,0.08
201943,0.06
201946,0.06
201948,0.02
201949,0.1
201955,0.07
201962,0.12
201977,0.05
201996,0.08
201997,0.2
202004,0.05
202005,0.02
202006,0.12
202010,0.03
202020,0.14
202029,0.33
202033,0.02
202034,0.08
202040,0.18
202045,0.09
202048,0.05
202055,0.02
202058,0.06
202062,0.06
202073,0.09
202078,0.08
202079,0.09
202080,0.05
202085,0.05
202090,0.04
202092,0.12
202114,0.07
202124,0.05
202133,0.17
202136,0.03
202150,0.01
202156,0.02
202159,0.03
202165,0.06
202167,0.09
202168,0.03
202169,0.1
202170,0.1
202204,0.05
202209,0.07
202216,0.08
202220,0.06
202228,0.05
202229,0.04
202231,0.04
202232,0.05
202234,0.06
202252,0.08
202253,0.13
202272,0.02
202273,0.04
202292,0.02
202300,0.1
202302,0.07
202311,0.04
202316,0.07
202318,0.11
202324,0.05
202343,0.11
202344,0.04
202349,0.01
202351,0.19
202355,0.04
202379,0.17
202407,0.01
202409,0.07
202410,0.01
202422,0.05
202423,0.16
202435,0.14
202437,0.1
202438,0.11
202439,0.19
202441,0.08
202444,0.01
202446,0.16
202450,0.06
202455,0.11
202457,0.03
202461,0.11
202463,0.24
202473,0.05
202478,0.09
202484,0.15
202490,0.01
202491,0.06
202492,0.19
202497,0.08
202508,0.11
202509,0.08
202510,0.06
202511,0.08
202514,0.01
202524,0.02
202527,0.03
202547,0.04
202554,0.0
202557,0.15
202568,0.1
202573,0.1
202587,0.05
202599,0.04
202610,0.08
202613,0.05
202618,0.04
202621,0.02
202645,0.05
202646,0.03
202649,0.06
202653,0.14
202655,0.07
202656,0.1
202659,0.18
202661,0.08
202681,0.06
202688,0.09
202691,0.05
202692,0.02
202697,0.34
202698,0.16
202717,0.12
202720,0.17
202724,0.12
202725,0.11
202734,0.13
202740,0.05
202743,0.04
202746,0.06
202760,0.07
202761,0.02
202765,0.11
202769,0.17
202785,0.05
202793,0.04
202796,0.08
202805,0.02
202816,0.06
202823,0.13
202825,0.05
202829,0.07
202830,0.1
202848,0.1
202861,0.07
202862,0.04
202863,0.15
202879,0.13
202889,0.0
202894,0.18
202895,0.03
202897,0.03
202899,0.05
202900,0.2
202907,0.03
202927,0.13
202945,0.13
202951,0.14
202955,0.05
202960,0.02
202967,0.11
202972,0.0
202982,0.1
202993,0.09
202996,0.09
202998,0.03
203008,0.02
203026,0.23
203038,0.12
203044,0.09
203054,0.04
203070,0.19
203075,0.13
203082,0.04
203089,0.07
203090,0.01
203098,0.15
203108,0.09
203109,0.06
203113,0.09
203123,0.04
203124,0.01
203128,0.05
203129,0.23
203131,0.23
203142,0.06
203154,0.07
203175,0.08
203176,0.14
203183,0.06
203185,0.07
203195,0.01
203201,0.1
203205,0.08
203218,0.06
203241,0.09
203244,0.13
203245,0.03
203253,0.31
203259,0.05
203264,0.25
203276,0.09
203283,0.06
203286,0.02
203288,0.07
203290,0.08
203298,0.08
203300,0.03
203312,0.1
203318,0.06
203331,0.09
203337,0.0
203339,0.05
203344,0.02
203348,0.09
203349,0.06
203350,0.08
203358,0.14
203366,0.1
203371,0.1
203377,0.09
203399,0.03
203402,0.06
203407,0.21
203410,0.01
203421,0.09
203428,0.05
203431,0.15
203433,0.21
203459,0.03
203460,0.12
203462,0.07
203470,0.03
203475,0.2
203476,0.02
203496,0.09
203518,0.12
203547,0.04
203549,0.01
203550,0.05
203552,0.03
203561,0.1
203564,0.16
203567,0.06
203575,0.1
203590,0.06
203591,0.01
203605,0.09
203606,0.01
203640,0.06
203643,0.27
203647,0.16
203648,0.03
203669,0.04
203671,0.04
203692,0.02
203695,0.07
203706,0.02
203713,0.09
203730,0.08
203736,0.05
203745,0.17
203751,0.12
203753,0.03
203755,0.03
203762,0.14
203769,0.04
203774,0.02
203796,0.12
203799,0.03
203806,0.12
203807,0.12
203810,0.04
203816,0.08
203821,0.24
203822,0.06
203850,0.15
203854,0.01
203862,0.1
203868,0.05
203869,0.07
203870,0.06
203876,0.13
203878,0.14
203889,0.03
203897,0.02
203905,0.19
203914,0.13
203915,0.12
203950,0.07
203956,0.03
203957,0.09
203973,0.02
203975,0.07
203980,0.11
203997,0.05
204001,0.17
204008,0.05
204017,0.13
204020,0.13
204021,0.12
204026,0.12
204027,0.01
204043,0.01
204047,0.06
204055,0.03
204059,0.04
204060,0.23
204061,0.03
204073,0.06
204076,0.06
204086,0.06
204088,0.07
204102,0.08
204116,0.06
204117,0.09
204121,0.16
204129,0.08
204139,0.27
204148,0.04
204149,0.07
204175,0.01
204181,0.14
204183,0.06
204187,0.21
204193,0.16
204194,0.07
204195,0.05
204196,0.19
204202,0.1
204206,0.02
204207,0.08
204214,0.05
204222,0.07
204226,0.03
204227,0.13
204228,0.07
204231,0.04
204232,0.11
204235,0.25
204237,0.01
204239,0.03
204242,0.02
204254,0.03
204255,0.07
204259,0.11
204268,0.09
204280,0.0
204282,0.14
204307,0.0
204314,0.11
204318,0.09
204321,0.1
204330,0.01
204335,0.09
204339,0.2
204344,0.06
204350,0.05
204371,0.04
204372,0.08
204374,0.11
204383,0.04
204392,0.1
204403,0.02
204409,0.1
204416,0.13
204417,0.01
204437,0.16
204440,0.03
204445,0.01
204446,0.06
204449,0.09
204468,0.06
204504,0.05
204506,0.05
204536,0.08
204539,0.18
204601,0.03
204614,0.06
204616,0.2
204618,0.1
204623,0.02
204630,0.15
204636,0.0
204639,0.01
204642,0.09
204644,0.06
204648,0.06
204662,0.12
204673,0.05
204674,0.17
204681,0.04
204682,0.03
204683,0.14
204689,0.13
204690,0.12
204707,0.08
204728,0.12
204736,0.21
204740,0.06
204749,0.05
204756,0.04
204771,0.02
204778,0.06
204808,0.04
204822,0.13
204827,0.1
204831,0.03
204836,0.03
204837,0.1
204843,0.01
204846,0.05
204847,0.03
204850,0.16
204852,0.05
204854,0.12
204856,0.14
204857,0.22
204863,0.2
204870,0.04
204885,0.03
204895,0.06
204905,0.08
204911,0.05
204927,0.0
204929,0.09
204941,0.06
204959,0.07
204962,0.15
204965,0.31
204970,0.16
204971,0.04
204972,0.21
205000,0.05
205011,0.06
205013,0.05
205014,0.28
205019,0.07
205043,0.04
205045,0.16
205054,0.01
205066,0.02
205069,0.16
205070,0.05
205071,0.06
205073,0.06
205077,0.08
205078,0.03
205088,0.03
205104,0.16
205107,0.08
205117,0.05
205118,0.0
205128,0.3
205134,0.03
205140,0.03
205141,0.23
205142,0.0
205153,0.23
205158,0.02
205169,0.03
205170,0.06
205183,0.02
205184,0.08
205197,0.04
205199,0.04
205204,0.02
205208,0.01
205209,0.1
205210,0.12
205216,0.1
205219,0.16
205222,0.09
205225,0.06
205235,0.1
205236,0.07
205241,0.08
205244,0.07
205251,0.07
205252,0.14
205258,0.1
205262,0.11
205264,0.04
205274,0.27
205277,0.13
205281,0.04
205306,0.04
205307,0.17
205323,0.06
205336,0.25
205337,0.29
205360,0.1
205363,0.07
205365,0.06
205367,0.13
205368,0.02
205375,0.08
205403,0.07
205411,0.06
205415,0.01
205429,0.07
205434,0.12
205445,0.13
205463,0.02
205471,0.05
205472,0.08
205479,0.14
205480,0.06
205493,0.16
205503,0.09
205508,0.02
205524,0.06
205525,0.06
205526,0.05
205533,0.04
205542,0.05
205545,0.12
205552,0.03
205561,0.12
205563,0.03
205564,0.11
205565,0.05
205566,0.04
205569,0.09
205579,0.06
205585,0.13
205587,0.03
205588,0.04
205591,0.04
205594,0.11
205600,0.07
205608,0.1
205613,0.04
205618,0.13
205619,0.01
205623,0.02
205627,0.15
205628,0.2
205635,0.04
205638,0.02
205640,0.22
205641,0.2
205642,0.21
205643,0.09
205646,0.16
205655,0.11
205672,0.06
205678,0.1
205681,0.03
205682,0.02
205690,0.02
205693,0.03
205695,0.09
205724,0.03
205738,0.03
205741,0.08
205744,0.09
205750,0.07
205751,0.05
205752,0.02
205766,0.09
205773,0.08
205775,0.07
205776,0.01
205789,0.07
205793,0.08
205797,0.01
205798,0.02
205802,0.03
205806,0.02
205807,0.12
205815,0.15
205819,0.09
205821,0.11
205822,0.12
205831,0.03
205832,0.14
205836,0.09
205843,0.16
205862,0.12
205863,0.03
205866,0.25
205873,0.03
205877,0.05
205879,0.06
205880,0.03
205886,0.12
205898,0.07
205903,0.04
205907,0.04
205908,0.06
205909,0.02
205930,0.02
205931,0.03
205932,0.03
205951,0.04
205957,0.27
205960,0.07
205987,0.08
205994,0.27
205995,0.06
206006,0.1
206007,0.03
206013,0.06
206020,0.03
206030,0.07
206035,0.03
206038,0.04
206039,0.05
206061,0.01
206066,0.06
206068,0.09
206071,0.12
206076,0.13
206077,0.04
206091,0.02
206097,0.13
206101,0.09
206145,0.06
206147,0.03
206163,0.07
206171,0.06
206173,0.11
206174,0.12
206197,0.08
206198,0.09
206209,0.09
206211,0.1
206213,0.04
206246,0.24
206252,0.11
206253,0.1
206254,0.06
206257,0.09
206270,0.03
206283,0.03
206290,0.01
206291,0.04
206292,0.19
206307,0.1
206315,0.04
206319,0.14
206324,0.06
206326,0.1
206338,0.07
206339,0.04
206354,0.02
206359,0.06
206374,0.08
206377,0.0
206395,0.24
206403,0.01
206410,0.2
206413,0.02
206414,0.02
206418,0.14
206424,0.05
206427,0.09
206428,0.07
206429,0.04
206430,0.1
206447,0.04
206451,0.12
206465,0.11
206477,0.18
206484,0.03
206497,0.05
206517,0.04
206533,0.04
206542,0.13
206557,0.04
206563,0.08
206564,0.08
206565,0.01
206582,0.11
206593,0.07
206605,0.26
206606,0.09
206621,0.01
206639,0.03
206640,0.06
206641,0.04
206645,0.04
206656,0.07
206666,0.06
206679,0.11
206681,0.06
206684,0.07
206686,0.02
206687,0.07
206697,0.09
206700,0.01
206702,0.1
206703,0.05
206708,0.09
206710,0.1
206721,0.07
206723,0.08
206735,0.1
206739,0.06
206742,0.03
206744,0.19
206747,0.23
206752,0.03
206774,0.11
206776,0.22
206792,0.03
206799,0.08
206805,0.02
206806,0.14
206809,0.11
206812,0.09
206814,0.03
206830,0.03
206831,0.06
206878,0.21
206905,0.01
206908,0.07
206910,0.08
206917,0.04
206920,0.21
206927,0.03
206933,0.04
206945,0.03
206968,0.01
206987,0.05
206989,0.04
207017,0.21
207027,0.04
207029,0.07
207030,0.18
207035,0.11
207040,0.12
207043,0.14
207054,0.08
207055,0.1
207059,0.01
207060,0.0
207062,0.1
207071,0.15
207073,0.22
207079,0.12
207100,0.05
207107,0.06
207129,0.11
207132,0.06
207139,0.08
207148,0.09
207153,0.05
207163,0.12
207164,0.07
207168,0.05
207171,0.01
207173,0.16
207174,0.06
207181,0.1
207182,0.04
207198,0.06
207201,0.07
207213,0.11
207234,0.11
207238,0.08
207256,0.13
207257,0.1
207264,0.12
207268,0.27
207275,0.13
207291,0.05
207296,0.04
207304,0.06
207308,0.08
207314,0.01
207324,0.1
207332,0.04
207333,0.14
207339,0.09
207349,0.07
207351,0.04
207359,0.11
207361,0.05
207365,0.1
207369,0.02
207372,0.09
207377,0.13
207380,0.0
207394,0.01
207412,0.07
207423,0.04
207426,0.05
207427,0.29
207428,0.05
207430,0.18
207437,0.1
207440,0.11
207455,0.01
207456,0.12
207471,0.13
207476,0.03
207483,0.03
207497,0.08
207506,0.03
207515,0.11
207529,0.11
207533,0.07
207534,0.12
207541,0.15
207560,0.05
207561,0.14
207570,0.01
207600,0.0
207630,0.16
207633,0.12
207634,0.01
207635,0.08
207660,0.08
207682,0.08
207684,0.04
207687,0.12
207706,0.07
207708,0.13
207713,0.07
207714,0.01
207718,0.05
207721,0.1
207724,0.08
207727,0.1
207731,0.05
207732,0.03
207734,0.02
207739,0.05
207744,0.08
207787,0.15
207792,0.05
207801,0.12
207811,0.12
207817,0.18
207818,0.04
207819,0.05
207830,0.07
207834,0.04
207841,0.27
207844,0.13
207849,0.11
207856,0.05
207865,0.02
207867,0.06
207873,0.11
207882,0.13
207887,0.02
207888,0.06
207889,0.02
207907,0.02
207921,0.19
207922,0.06
207928,0.11
207930,0.15
207940,0.01
207941,0.06
207956,0.07
207960,0.08
207961,0.14
207968,0.06
207971,0.02
207972,0.04
207975,0.09
207976,0.15
207979,0.1
207997,0.02
207999,0.24
208008,0.15
208027,0.14
208030,0.0
208033,0.26
208035,0.07
208040,0.08
208052,0.2
208067,0.02
208090,0.05
208100,0.09
208102,0.05
208110,0.06
208117,0.09
208119,0.14
208123,0.07
208127,0.38
208136,0.03
208139,0.01
208140,0.1
208144,0.05
208149,0.02
208156,0.1
208166,0.18
208168,0.08
208170,0.26
208172,0.1
208178,0.19
208193,0.03
208195,0.05
208211,0.13
208213,0.01
208229,0.12
208231,0.06
208235,0.11
208238,0.09
208240,0.18
208249,0.02
208262,0.11
208263,0.13
208270,0.02
208288,0.02
208292,0.12
208302,0.0
208303,0.05
208312,0.02
208317,0.02
208322,0.11
208331,0.12
208336,0.06
208337,0.1
208339,0.12
208346,0.12
208353,0.06
208358,0.04
208359,0.1
208360,0.02
208370,0.12
208373,0.04
208390,0.05
208391,0.05
208394,0.09
208396,0.01
208397,0.03
208398,0.23
208400,0.18
208410,0.03
208420,0.04
208421,0.13
208431,0.1
208450,0.04
208451,0.39
208455,0.11
208478,0.06
208479,0.08
208482,0.2
208502,0.16
208516,0.02
208518,0.02
208534,0.1
208550,0.03
208551,0.07
208566,0.13
208567,0.03
208575,0.02
208576,0.02
208588,0.05
208590,0.08
208595,0.01
208619,0.06
208620,0.04
208627,0.26
208629,0.03
208642,0.11
208645,0.02
208661,0.02
208662,0.02
208679,0.03
208681,0.05
208689,0.13
208696,0.08
208701,0.05
208707,0.2
208719,0.01
208720,0.07
208730,0.07
208748,0.04
208753,0.07
208755,0.06
208769,0.08
208775,0.04
208785,0.0
208796,0.13
208806,0.1
208815,0.1
208830,0.12
208833,0.03
208837,0.09
208842,0.05
208860,0.02
208874,0.03
208886,0.17
208897,0.02
208898,0.27
208905,0.13
208907,0.02
208924,0.1
208925,0.04
208933,0.07
208941,0.13
208948,0.01
208960,0.03
208962,0.05
208963,0.04
208965,0.1
208973,0.08
208974,0.04
208986,0.11
208992,0.02
208995,0.11
209001,0.04
209006,0.08
209012,0.05
209022,0.11
209055,0.3
209056,0.12
209057,0.08
209060,0.16
209067,0.04
209071,0.12
209078,0.08
209080,0.07
209094,0.03
209097,0.01
209098,0.11
209101,0.07
209108,0.02
209109,0.07
209111,0.01
209116,0.11
209117,0.29
209121,0.18
209126,0.05
209127,0.04
209141,0.08
209142,0.17
209159,0.05
209164,0.16
209168,0.19
209177,0.07
209197,0.17
209202,0.1
209209,0.05
209211,0.02
209233,0.08
209234,0.02
209253,0.09
209260,0.09
209263,0.14
209268,0.05
209275,0.09
209288,0.15
209298,0.12
209305,0.06
209326,0.13
209340,0.11
209352,0.11
209362,0.08
209367,0.06
209369,0.02
209377,0.08
209387,0.06
209392,0.05
209393,0.05
209420,0.04
209423,0.1
209457,0.08
209458,0.09
209470,0.2
209479,0.18
209483,0.2
209488,0.29
209489,0.02
209497,0.01
209504,0.09
209510,0.14
209513,0.02
209547,0.01
209549,0.04
209556,0.03
209561,0.15
209565,0.03
209591,0.15
209595,0.03
209596,0.17
209608,0.14
209628,0.09
209643,0.12
209645,0.11
209651,0.07
209659,0.13
209660,0.06
209661,0.19
209665,0.11
209682,0.06
209687,0.16
209689,0.07
209699,0.05
209705,0.13
209707,0.02
209713,0.07
209717,0.04
209718,0.07
209723,0.13
209727,0.01
209729,0.02
209739,0.08
209741,0.16
209744,0.21
209748,0.15
209749,0.08
209758,0.02
209761,0.05
209764,0.1
209772,0.05
209773,0.06
209794,0.03
209795,0.16
209814,0.02
209828,0.13
209838,0.09
209839,0.22
209845,0.17
209855,0.02
209862,0.02
209869,0.06
209872,0.09
209879,0.11
209881,0.09
209882,0.13
209893,0.17
209913,0.06
209918,0.07
209920,0.19
209921,0.06
209929,0.07
209943,0.09
209957,0.05
209960,0.08
209962,0.12
209969,0.05
209980,0.06
209986,0.01
209989,0.05
209990,0.06
209991,0.05
210007,0.09
210016,0.04
210018,0.02
210019,0.05
210020,0.04
210036,0.08
210050,0.04
210080,0.01
210084,0.05
210089,0.14
210104,0.0
210129,0.02
210135,0.05
210137,0.11
210140,0.11
210145,0.02
210146,0.11
210147,0.01
210152,0.02
210157,0.03
210158,0.16
210164,0.2
210170,0.01
210171,0.0
210173,0.29
210174,0.09
210176,0.02
210190,0.1
210191,0.14
210195,0.19
210196,0.02
210201,0.03
210211,0.07
210231,0.01
210239,0.16
210241,0.09
210242,0.08
210255,0.03
210278,0.12
210283,0.01
210284,0.11
210304,0.05
210307,0.1
210330,0.04
210332,0.05
210350,0.1
210379,0.04
210385,0.08
210401,0.07
210405,0.06
210413,0.25
210414,0.13
210415,0.11
210419,0.12
210429,0.07
210467,0.23
210481,0.06
210482,0.06
210492,0.03
210502,0.17
210523,0.16
210525,0.1
210529,0.06
210538,0.05
210543,0.1
210549,0.04
210551,0.04
210555,0.25
210558,0.27
210591,0.05
210597,0.16
210599,0.05
210610,0.03
210616,0.07
210618,0.08
210622,0.2
210639,0.14
210645,0.04
210650,0.02
210672,0.02
210676,0.21
210683,0.14
210697,0.22
210701,0.08
210706,0.17
210712,0.17
210717,0.09
210728,0.09
210729,0.07
210730,0.09
210731,0.02
210733,0.11
210735,0.03
210742,0.08
210748,0.0
210749,0.14
210758,0.04
210767,0.16
210769,0.06
210777,0.07
210789,0.03
210791,0.14
210794,0.05
210811,0.05
210814,0.06
210821,0.13
210833,0.02
210835,0.02
210859,0.03
210862,0.05
210870,0.1
210886,0.07
210893,0.02
210901,0.04
210906,0.09
210913,0.15
210953,0.02
210961,0.06
210962,0.17
210966,0.06
210983,0.12
211000,0.06
211025,0.1
211036,0.0
211043,0.09
211062,0.24
211076,0.01
211085,0.08
211096,0.04
211097,0.17
211098,0.16
211103,0.07
211108,0.12
211131,0.12
211135,0.27
211139,0.04
211146,0.12
211150,0.0
211158,0.05
211170,0.18
211177,0.03
211183,0.09
211187,0.02
211191,0.03
211194,0.08
211196,0.14
211203,0.05
211209,0.17
211210,0.08
211211,0.12
211232,0.07
211244,0.16
211263,0.12
211264,0.04
211270,0.13
211278,0.04
211292,0.07
211293,0.09
211295,0.04
211296,0.09
211308,0.09
211310,0.06
211312,0.23
211325,0.12
211326,0.06
211330,0.05
211333,0.02
211341,0.03
211342,0.07
211350,0.09
211355,0.06
211357,0.08
211358,0.13
211362,0.1
211377,0.03
211378,0.2
211379,0.07
211384,0.07
211395,0.13
211398,0.05
211399,0.04
211417,0.09
211419,0.14
211420,0.09
211439,0.19
211442,0.07
211451,0.02
211457,0.0
211469,0.02
211483,0.01
211505,0.08
211508,0.05
211509,0.1
211510,0.13
211526,0.04
211547,0.11
211548,0.11
211550,0.07
211551,0.16
211553,0.17
211562,0.07
211563,0.02
211564,0.09
211565,0.07
211571,0.29
211572,0.25
211577,0.11
211580,0.06
211609,0.1
211625,0.04
211635,0.18
211646,0.07
211660,0.06
211670,0.16
211672,0.06
211688,0.1
211694,0.09
211696,0.05
211711,0.18
211718,0.04
211732,0.03
211735,0.07
211736,0.05
211740,0.11
211741,0.02
211746,0.02
211751,0.1
211754,0.11
211770,0.07
211771,0.05
211787,0.27
211788,0.06
211802,0.04
211804,0.12
211810,0.08
211832,0.05
211839,0.01
211860,0.12
211863,0.18
211866,0.07
211869,0.21
211872,0.03
211894,0.08
211901,0.02
211902,0.14
211903,0.14
211946,0.02
211950,0.16
211959,0.08
211964,0.04
211965,0.12
211979,0.05
211983,0.17
211986,0.03
211987,0.06
211988,0.12
211999,0.05
212002,0.06
212004,0.11
212009,0.09
212015,0.16
212023,0.06
212048,0.02
212055,0.04
212067,0.05
212079,0.07
212080,0.05
212083,0.01
212085,0.07
212088,0.04
212089,0.06
212092,0.04
212097,0.04
212124,0.08
212132,0.02
212136,0.11
212144,0.01
212145,0.07
212167,0.08
212174,0.23
212175,0.08
212187,0.24
212191,0.03
212194,0.11
212238,0.08
212242,0.02
212245,0.11
212258,0.03
212262,0.01
212277,0.01
212283,0.06
212287,0.14
212288,0.14
212289,0.05
212293,0.14
212296,0.18
212300,0.24
212303,0.04
212326,0.05
212327,0.13
212328,0.01
212329,0.02
212339,0.09
212340,0.02
212343,0.03
212360,0.11
212389,0.04
212401,0.06
212407,0.0
212409,0.07
212422,0.02
212424,0.18
212440,0.01
212441,0.22
212443,0.01
212448,0.03
212472,0.13
212478,0.05
212481,0.07
212493,0.11
212508,0.02
212511,0.09
212525,0.03
212531,0.12
212533,0.01
212555,0.07
212592,0.17
212610,0.03
212621,0.17
212629,0.07
212635,0.12
212636,0.03
212637,0.06
212643,0.02
212648,0.1
212654,0.11
212655,0.12
212660,0.06
212661,0.12
212664,0.06
212669,0.06
212670,0.06
212674,0.15
212676,0.18
212690,0.03
212691,0.03
212696,0.04
212710,0.1
212712,0.0
212716,0.05
212718,0.03
212720,0.12
212723,0.04
212730,0.03
212740,0.05
212747,0.11
212763,0.08
212773,0.06
212775,0.02
212776,0.05
212777,0.15
212781,0.19
212782,0.25
212785,0.04
212786,0.09
212795,0.0
212800,0.12
212818,0.12
212834,0.13
212837,0.11
212841,0.07
212842,0.06
212847,0.18
212848,0.09
212851,0.01
212865,0.0
212866,0.03
212874,0.16
212880,0.05
212894,0.05
212897,0.02
212912,0.07
212913,0.06
212916,0.11
212917,0.03
212933,0.09
212935,0.03
212936,0.02
212950,0.28
212957,0.04
212958,0.1
212961,0.1
212962,0.06
212963,0.12
212964,0.17
212968,0.08
212969,0.04
212976,0.03
212978,0.07
212983,0.12
212993,0.14
213004,0.02
213008,0.01
213014,0.06
213018,0.13
213021,0.03
213024,0.04
213045,0.14
213054,0.04
213059,0.15
213076,0.18
213095,0.06
213096,0.04
213100,0.03
213101,0.05
213109,0.11
213111,0.04
213116,0.02
213133,0.18
213140,0.1
213141,0.01
213143,0.26
213150,0.03
213152,0.09
213158,0.07
213159,0.09
213166,0.1
213167,0.2
213170,0.18
213178,0.19
213179,0.05
213189,0.06
213196,0.14
213201,0.06
213203,0.14
213204,0.05
213205,0.12
213206,0.07
213207,0.15
213208,0.09
213212,0.09
213214,0.06
213220,0.06
213240,0.02
213244,0.05
213263,0.29
213264,0.12
213265,0.0
213270,0.09
213283,0.07
213287,0.07
213292,0.02
213295,0.11
213299,0.21
213303,0.05
213307,0.02
213308,0.0
213312,0.15
213313,0.01
213316,0.05
213317,0.1
213338,0.1
213357,0.06
213368,0.2
213374,0.09
213375,0.06
213386,0.16
213390,0.04
213393,0.09
213401,0.11
213423,0.03
213430,0.05
213431,0.09
213447,0.02
213465,0.09
213468,0.11
213473,0.15
213475,0.04
213476,0.09
213482,0.06
213493,0.15
213531,0.12
213534,0.02
213542,0.06
213546,0.07
213569,0.03
213570,0.06
213588,0.03
213591,0.06
213595,0.09
213597,0.08
213598,0.1
213604,0.13
213622,0.07
213623,0.23
213633,0.04
213639,0.0
213641,0.06
213649,0.1
213671,0.01
213675,0.05
213679,0.06
213680,0.03
213684,0.1
213685,0.05
213689,0.07
213691,0.13
213693,0.07
213712,0.03
213717,0.03
213734,0.17
213739,0.21
213765,0.12
213775,0.06
213776,0.14
213804,0.27
213808,0.02
213818,0.23
213821,0.08
213829,0.08
213836,0.08
213838,0.05
213843,0.08
213854,0.08
213859,0.18
213862,0.28
213874,0.08
213878,0.21
213886,0.01
213888,0.08
213892,0.06
213910,0.03
213921,0.12
213926,0.06
213928,0.03
213935,0.09
213949,0.04
213957,0.2
213959,0.04
213967,0.15
213974,0.06
213975,0.03
213983,0.05
213984,0.03
213998,0.07
214004,0.01
214006,0.09
214008,0.02
214014,0.02
214015,0.07
214034,0.05
214059,0.1
214067,0.01
214077,0.09
214078,0.08
214079,0.06
214085,0.06
214088,0.06
214099,0.06
214138,0.05
214141,0.04
214152,0.12
214154,0.05
214155,0.08
214177,0.12
214188,0.02
214192,0.01
214207,0.04
214217,0.03
214219,0.18
214228,0.05
214229,0.1
214233,0.03
214236,0.11
214242,0.02
214249,0.01
214263,0.07
214264,0.04
214265,0.02
214268,0.06
214281,0.06
214282,0.1
214295,0.07
214311,0.08
214315,0.06
214325,0.06
214334,0.05
214336,0.03
214337,0.05
214342,0.27
214344,0.11
214349,0.02
214355,0.01
214356,0.08
214358,0.06
214363,0.09
214364,0.0
214371,0.13
214377,0.19
214379,0.06
214383,0.1
214406,0.05
214407,0.1
214411,0.13
214415,0.15
214418,0.17
214419,0.05
214421,0.05
214430,0.04
214436,0.03
214463,0.13
214472,0.1
214474,0.13
214476,0.13
214478,0.06
214481,0.17
214484,0.06
214488,0.07
214491,0.12
214505,0.11
214507,0.16
214510,0.09
214518,0.15
214523,0.3
214539,0.07
214542,0.05
214544,0.1
214553,0.05
214554,0.02
214561,0.06
214563,0.12
214566,0.01
214581,0.06
214587,0.04
214588,0.14
214589,0.08
214593,0.16
214620,0.14
214630,0.14
214643,0.03
214644,0.15
214647,0.13
214654,0.11
214657,0.1
214658,0.05
214662,0.05
214666,0.06
214680,0.04
214685,0.02
214693,0.04
214701,0.03
214705,0.08
214706,0.04
214719,0.07
214721,0.45
214724,0.01
214741,0.08
214769,0.08
214777,0.09
214780,0.12
214786,0.07
214789,0.14
214797,0.06
214804,0.06
214808,0.12
214810,0.1
214828,0.33
214830,0.04
214835,0.12
214844,0.01
214859,0.33
214861,0.09
214863,0.06
214887,0.03
214898,0.03
214906,0.12
214913,0.01
214915,0.12
214937,0.05
214944,0.09
214948,0.12
214970,0.05
214976,0.11
214999,0.14
215000,0.2
215016,0.06
215024,0.02
215029,0.11
215033,0.3
215037,0.3
215054,0.07
215057,0.07
215064,0.03
215074,0.04
215077,0.02
215082,0.09
215096,0.06
215101,0.04
215103,0.1
215109,0.04
215124,0.06
215142,0.1
215143,0.01
215145,0.04
215157,0.02
215159,0.01
215161,0.04
215166,0.06
215177,0.12
215186,0.1
215194,0.19
215196,0.11
215204,0.11
215211,0.06
215230,0.24
215241,0.03
215256,0.15
215257,0.13
215266,0.12
215267,0.01
215268,0.02
215278,0.16
215280,0.19
215318,0.28
215326,0.02
215331,0.14
215337,0.03
215344,0.05
215346,0.06
215348,0.07
215351,0.04
215358,0.07
215360,0.05
215367,0.05
215369,0.05
215383,0.0
215395,0.11
215407,0.02
215408,0.06
215412,0.1
215433,0.05
215454,0.04
215463,0.1
215488,0.02
215508,0.14
215512,0.02
215516,0.1
215525,0.13
215531,0.06
215534,0.16
215537,0.08
215539,0.01
215548,0.04
215554,0.04
215556,0.01
215559,0.16
215560,0.06
215563,0.0
215564,0.03
215569,0.08
215574,0.28
215586,0.19
215594,0.12
215608,0.07
215614,0.05
215623,0.18
215628,0.11
215637,0.2
215638,0.16
215649,0.02
215651,0.05
215653,0.11
215678,0.03
215708,0.04
215711,0.11
215733,0.2
215739,0.0
215742,0.05
215756,0.06
215772,0.05
215775,0.21
215791,0.07
215796,0.13
215803,0.06
215805,0.02
215807,0.07
215829,0.05
215855,0.04
215856,0.14
215860,0.05
215861,0.03
215877,0.02
215883,0.02
215889,0.19
215897,0.01
215898,0.01
215901,0.05
215908,0.08
215910,0.37
215911,0.02
215923,0.05
215928,0.08
215934,0.09
215936,0.07
215947,0.01
215951,0.02
215958,0.03
215959,0.06
215963,0.09
215968,0.16
215972,0.15
215976,0.1
215978,0.14
215981,0.07
215999,0.06
216001,0.21
216012,0.05
216020,0.09
216035,0.0
216038,0.11
216041,0.08
216049,0.09
216065,0.04
216096,0.16
216110,0.05
216115,0.06
216121,0.12
216122,0.3
216129,0.07
216131,0.11
216138,0.03
216142,0.15
216143,0.03
216150,0.1
216180,0.1
216184,0.05
216189,0.09
216190,0.13
216197,0.09
216218,0.3
216219,0.1
216221,0.09
216231,0.03
216240,0.14
216272,0.01
216281,0.1
216284,0.05
216290,0.09
216297,0.05
216305,0.07
216306,0.11
216317,0.09
216333,0.03
216338,0.07
216339,0.13
216346,0.05
216349,0.12
216350,0.1
216351,0.01
216353,0.03
216355,0.07
216364,0.17
216387,0.07
216392,0.03
216393,0.14
216399,0.01
216416,0.04
216433,0.08
216435,0.04
216442,0.21
216458,0.01
216461,0.17
216468,0.08
216469,0.13
216471,0.05
216473,0.14
216475,0.04
216496,0.06
216510,0.06
216511,0.04
216515,0.05
216516,0.07
216521,0.02
216532,0.02
216548,0.08
216551,0.08
216560,0.02
216562,0.12
216563,0.08
216565,0.02
216582,0.05
216587,0.05
216589,0.04
216597,0.06
216606,0.04
216607,0.02
216608,0.32
216621,0.03
216622,0.01
216627,0.11
216636,0.13
216647,0.02
216655,0.12
216659,0.16
216666,0.27
216676,0.14
216677,0.15
216679,0.11
216681,0.05
216686,0.0
216687,0.14
216694,0.03
216697,0.02
216714,0.07
216719,0.01
216720,0.0
216721,0.03
216723,0.11
216740,0.09
216746,0.03
216747,0.03
216751,0.14
216758,0.06
216768,0.04
216778,0.14
216786,0.16
216801,0.08
216802,0.25
216807,0.02
216808,0.06
216810,0.09
216818,0.05
216823,0.02
216826,0.08
216827,0.02
216828,0.07
216840,0.34
216844,0.07
216845,0.06
216851,0.12
216857,0.04
216858,0.04
216862,0.07
216874,0.08
216880,0.05
216900,0.19
216902,0.05
216903,0.01
216904,0.12
216931,0.06
216936,0.05
216938,0.15
216952,0.13
216954,0.01
216955,0.06
216961,0.05
216981,0.26
216985,0.04
216992,0.14
216995,0.04
216997,0.01
216998,0.05
216999,0.05
217022,0.16
217034,0.06
217038,0.01
217050,0.03
217055,0.01
217064,0.05
217071,0.02
217078,0.12
217083,0.17
217084,0.0
217086,0.18
217096,0.09
217101,0.16
217109,0.11
217118,0.04
217121,0.17
217125,0.07
217130,0.19
217136,0.17
217137,0.07
217143,0.06
217148,0.05
217155,0.06
217162,0.03
217172,0.08
217174,0.11
217175,0.14
217177,0.03
217178,0.19
217192,0.06
217220,0.04
217221,0.06
217223,0.07
217232,0.14
217243,0.04
217248,0.09
217250,0.1
217271,0.05
217283,0.06
217297,0.13
217323,0.06
217326,0.02
217334,0.06
217338,0.04
217341,0.28
217342,0.12
217355,0.03
217362,0.05
217366,0.16
217367,0.06
217371,0.06
217383,0.12
217401,0.1
217404,0.13
217419,0.07
217422,0.15
217423,0.04
217427,0.07
217429,0.06
217430,0.02
217441,0.04
217444,0.03
217465,0.05
217471,0.01
217488,0.12
217493,0.03
217509,0.2
217510,0.04
217511,0.18
217519,0.03
217522,0.14
217562,0.04
217574,0.03
217577,0.0
217579,0.06
217596,0.01
217602,0.01
217612,0.04
217632,0.07
217635,0.07
217636,0.14
217638,0.14
217639,0.17
217651,0.09
217652,0.09
217663,0.25
217669,0.01
217686,0.11
217699,0.04
217700,0.17
217703,0.13
217706,0.08
217714,0.07
217732,0.03
217736,0.12
217749,0.31
217763,0.06
217770,0.07
217771,0.03
217772,0.14
217776,0.05
217777,0.06
217778,0.1
217782,0.05
217790,0.18
217792,0.06
217793,0.07
217795,0.18
217796,0.02
217800,0.03
217804,0.1
217807,0.04
217846,0.13
217847,0.23
217853,0.03
217856,0.04
217864,0.04
217867,0.02
217868,0.19
217885,0.04
217887,0.05
217889,0.07
217900,0.08
217903,0.03
217905,0.1
217909,0.04
217913,0.03
217944,0.04
217946,0.03
217954,0.02
217956,0.06
217957,0.04
217961,0.33
217962,0.0
217976,0.04
217980,0.13
217981,0.06
218006,0.03
218009,0.1
218032,0.25
218049,0.03
218053,0.1
218078,0.02
218080,0.1
218081,0.02
218094,0.11
218098,0.04
218099,0.17
218100,0.12
218113,0.08
218117,0.12
218118,0.03
218119,0.08
218125,0.05
218133,0.04
218153,0.15
218165,0.03
218166,0.07
218177,0.05
218178,0.06
218202,0.06
218203,0.07
218207,0.13
218209,0.05
218236,0.09
218244,0.01
218247,0.11
218250,0.04
218266,0.07
218275,0.16
218276,0.03
218287,0.14
218292,0.08
218298,0.07
218300,0.03
218320,0.04
218321,0.15
218333,0.01
218347,0.01
218353,0.04
218366,0.08
218368,0.06
218369,0.06
218372,0.06
218376,0.11
218378,0.08
218403,0.04
218413,0.18
218418,0.05
218449,0.16
218450,0.07
218458,0.03
218464,0.14
218475,0.1
218476,0.09
218478,0.04
218515,0.05
218517,0.05
218518,0.09
218538,0.05
218539,0.27
218550,0.16
218551,0.01
218565,0.18
218580,0.02
218591,0.14
218598,0.02
218600,0.07
218602,0.09
218607,0.1
218651,0.01
218652,0.06
218656,0.36
218658,0.02
218669,0.14
218670,0.09
218671,0.06
218677,0.06
218680,0.08
218685,0.08
218686,0.13
218692,0.07
218693,0.1
218699,0.29
218709,0.02
218729,0.05
218734,0.05
218742,0.0
218743,0.08
218756,0.05
218772,0.14
218782,0.06
218786,0.08
218788,0.15
218796,0.09
218801,0.07
218812,0.08
218832,0.15
218834,0.07
218846,0.2
218847,0.2
218848,0.02
218853,0.2
218865,0.13
218870,0.04
218873,0.05
218884,0.06
218893,0.07
218898,0.0
218911,0.07
218933,0.12
218934,0.14
218939,0.04
218948,0.02
218957,0.12
218962,0.18
218973,0.06
218975,0.1
219000,0.02
219001,0.06
219006,0.07
219027,0.03
219036,0.08
219043,0.14
219047,0.05
219057,0.01
219059,0.34
219062,0.05
219074,0.01
219085,0.02
219087,0.03
219095,0.06
219114,0.08
219115,0.06
219119,0.09
219140,0.05
219147,0.01
219170,0.05
219171,0.11
219174,0.12
219177,0.04
219180,0.03
219195,0.08
219203,0.05
219207,0.09
219223,0.08
219229,0.14
219236,0.05
219238,0.14
219243,0.15
219245,0.06
219247,0.16
219273,0.03
219278,0.11
219279,0.11
219284,0.07
219319,0.01
219326,0.16
219336,0.13
219344,0.04
219359,0.11
219360,0.01
219364,0.09
219368,0.18
219376,0.14
219382,0.02
219388,0.09
219396,0.13
219398,0.1
219403,0.04
219405,0.04
219406,0.14
219410,0.1
219424,0.06
219446,0.02
219450,0.01
219451,0.1
219464,0.04
219465,0.0
219469,0.1
219472,0.26
219482,0.05
219506,0.02
219507,0.11
219516,0.14
219521,0.07
219564,0.37
219565,0.03
219568,0.04
219570,0.03
219578,0.01
219579,0.15
219588,0.04
219593,0.1
219594,0.08
219601,0.02
219608,0.02
219616,0.05
219620,0.14
219621,0.09
219628,0.06
219632,0.18
219637,0.05
219670,0.05
219688,0.04
219704,0.06
219717,0.13
219723,0.11
219741,0.08
219772,0.09
219774,0.06
219775,0.03
219778,0.05
219787,0.12
219788,0.09
219806,0.05
219811,0.05
219815,0.03
219817,0.06
219835,0.03
219845,0.03
219848,0.02
219864,0.03
219866,0.16
219868,0.05
219870,0.02
219886,0.09
219908,0.07
219910,0.06
219914,0.2
219925,0.08
219935,0.14
219940,0.07
219959,0.13
219962,0.09
219975,0.03
219981,0.15
219998,0.01
219999,0.05
220006,0.06
220010,0.18
220012,0.02
220014,0.09
220018,0.01
220019,0.1
220021,0.08
220058,0.03
220060,0.16
220061,0.06
220063,0.02
220066,0.24
220070,0.12
220071,0.14
220082,0.06
220094,0.05
220107,0.04
220114,0.12
220120,0.04
220126,0.06
220143,0.02
220147,0.14
220157,0.06
220160,0.06
220169,0.09
220177,0.02
220181,0.01
220186,0.03
220189,0.04
220206,0.33
220221,0.08
220227,0.03
220228,0.13
220248,0.06
220277,0.16
220304,0.2
220311,0.05
220315,0.12
220316,0.03
220323,0.01
220325,0.02
220358,0.02
220363,0.03
220369,0.09
220370,0.0
220380,0.08
220386,0.14
220387,0.06
220393,0.02
220394,0.05
220412,0.13
220415,0.06
220416,0.28
220417,0.13
220418,0.02
220422,0.01
220431,0.08
220439,0.2
220456,0.04
220458,0.03
220468,0.14
220474,0.04
220479,0.07
220494,0.0
220501,0.16
220503,0.04
220511,0.01
220514,0.15
220516,0.25
220521,0.1
220530,0.03
220562,0.07
220565,0.02
220582,0.11
220594,0.08
220600,0.22
220614,0.05
220621,0.11
220624,0.1
220629,0.04
220632,0.04
220639,0.09
220655,0.02
220664,0.01
220670,0.03
220686,0.03
220699,0.08
220714,0.08
220729,0.07
220732,0.14
220733,0.04
220735,0.07
220740,0.05
220741,0.05
220747,0.11
220748,0.07
220749,0.09
220755,0.1
220764,0.12
220767,0.13
220772,0.08
220779,0.07
220781,0.04
220790,0.09
220806,0.02
220811,0.06
220816,0.11
220822,0.0
220827,0.11
220828,0.07
220829,0.06
220832,0.05
220833,0.05
220841,0.17
220842,0.08
220856,0.07
220874,0.2
220881,0.05
220882,0.06
220887,0.02
220893,0.02
220909,0.04
220916,0.08
220917,0.2
220918,0.13
220924,0.08
220931,0.05
220932,0.06
220949,0.06
220950,0.17
220956,0.05
220972,0.01
220994,0.0
221004,0.18
221008,0.15
221011,0.08
221030,0.07
221032,0.0
221035,0.04
221058,0.19
221059,0.06
221075,0.11
221079,0.09
221080,0.04
221107,0.03
221116,0.2
221129,0.16
221148,0.03
221158,0.02
221165,0.04
221169,0.13
221171,0.05
221198,0.15
221202,0.11
221205,0.13
221223,0.02
221227,0.08
221228,0.07
221234,0.07
221242,0.05
221252,0.19
221256,0.06
221260,0.08
221261,0.12
221264,0.03
221267,0.06
221272,0.04
221284,0.13
221292,0.13
221311,0.05
221322,0.06
221327,0.07
221339,0.03
221371,0.04
221372,0.08
221404,0.07
221411,0.09
221438,0.09
221451,0.08
221465,0.09
221477,0.14
221483,0.08
221493,0.13
221495,0.01
221498,0.1
221500,0.06
221506,0.07
221513,0.11
221523,0.14
221528,0.01
221529,0.17
221530,0.08
221531,0.1
221549,0.06
221550,0.07
221565,0.15
221570,0.15
221573,0.0
221575,0.05
221576,0.18
221604,0.2
221615,0.07
221626,0.04
221629,0.13
221630,0.06
221636,0.14
221656,0.03
221659,0.11
221663,0.17
221665,0.08
221675,0.12
221676,0.1
221677,0.09
221679,0.09
221707,0.02
221712,0.09
221717,0.11
221725,0.03
221733,0.01
221741,0.03
221747,0.01
221762,0.05
221763,0.07
221770,0.09
221771,0.04
221787,0.07
221793,0.02
221804,0.06
221805,0.02
221825,0.1
221827,0.13
221828,0.11
221829,0.06
221845,0.1
221859,0.08
221860,0.02
221867,0.12
221868,0.09
221870,0.06
221876,0.12
221884,0.11
221895,0.08
221911,0.12
221921,0.08
221931,0.25
221935,0.02
221955,0.09
221959,0.03
221966,0.05
221974,0.14
221981,0.06
222002,0.26
222010,0.02
222012,0.13
222013,0.1
222023,0.12
222034,0.14
222048,0.08
222052,0.25
222059,0.1
222060,0.04
222061,0.04
222067,0.12
222076,0.15
222081,0.15
222120,0.07
222121,0.03
222133,0.06
222149,0.08
222150,0.04
222153,0.05
222154,0.0
222159,0.05
222165,0.04
222167,0.0
222170,0.14
222178,0.15
222179,0.06
222188,0.08
222189,0.02
222195,0.04
222198,0.14
222224,0.08
222234,0.06
222254,0.07
222256,0.14
222264,0.05
222281,0.04
222296,0.36
222303,0.12
222309,0.06
222310,0.02
222313,0.06
222321,0.18
222322,0.06
222328,0.08
222333,0.04
222334,0.07
222338,0.05
222347,0.11
222349,0.04
222351,0.06
222352,0.13
222357,0.02
222362,0.03
222381,0.21
222392,0.03
222401,0.08
222413,0.12
222422,0.09
222423,0.16
222430,0.05
222432,0.03
222452,0.05
222459,0.17
222473,0.03
222475,0.03
222481,0.17
222482,0.11
222489,0.02
222496,0.03
222505,0.07
222516,0.15
222537,0.09
222555,0.1
222566,0.11
222572,0.01
222577,0.11
222618,0.06
222619,0.04
222624,0.04
222625,0.02
222626,0.11
222629,0.08
222634,0.01
222636,0.16
222637,0.03
222641,0.04
222646,0.1
222648,0.13
222659,0.02
222663,0.02
222665,0.04
222671,0.17
222674,0.04
222675,0.1
222707,0.1
222709,0.08
222711,0.15
222717,0.04
222728,0.15
222752,0.08
222753,0.03
222755,0.01
222765,0.07
222768,0.21
222769,0.27
222783,0.15
222799,0.09
222821,0.01
222825,0.14
222837,0.3
222862,0.11
222863,0.09
222869,0.08
222876,0.07
222892,0.05
222898,0.08
222912,0.03
222920,0.05
222926,0.05
222934,0.06
222938,0.04
222945,0.06
222947,0.04
222966,0.12
222971,0.04
222994,0.07
223008,0.12
223019,0.03
223040,0.06
223042,0.16
223049,0.04
223051,0.03
223056,0.04
223058,0.07
223064,0.09
223067,0.02
223073,0.18
223075,0.02
223078,0.04
223079,0.05
223082,0.2
223098,0.21
223112,0.09
223116,0.12
223121,0.06
223128,0.1
223135,0.05
223136,0.04
223144,0.03
223151,0.06
223157,0.07
223181,0.05
223190,0.06
223197,0.06
223205,0.11
223209,0.07
223221,0.28
223235,0.11
223238,0.05
223244,0.05
223258,0.0
223262,0.05
223272,0.17
223288,0.05
223298,0.05
223310,0.15
223320,0.02
223357,0.21
223365,0.08
223369,0.08
223375,0.15
223384,0.0
223393,0.04
223412,0.05
223428,0.03
223440,0.21
223456,0.37
223470,0.05
223471,0.08
223484,0.07
223488,0.17
223489,0.07
223490,0.05
223492,0.07
223496,0.03
223503,0.04
223507,0.04
223518,0.15
223519,0.0
223521,0.04
223524,0.02
223526,0.04
223527,0.21
223529,0.05
223534,0.03
223538,0.16
223547,0.03
223549,0.05
223551,0.16
223552,0.14
223567,0.07
223571,0.31
223582,0.08
223584,0.04
223585,0.11
223586,0.01
223588,0.03
223592,0.08
223594,0.09
223607,0.16
223608,0.05
223609,0.26
223610,0.02
223611,0.08
223635,0.02
223636,0.05
223638,0.1
223649,0.05
223670,0.19
223688,0.07
223698,0.07
223699,0.14
223716,0.18
223718,0.09
223720,0.04
223727,0.07
223729,0.01
223739,0.04
223740,0.03
223741,0.06
223750,0.03
223752,0.02
223764,0.09
223781,0.02
223783,0.13
223794,0.02
223808,0.05
223810,0.15
223814,0.11
223817,0.15
223830,0.07
223839,0.05
223849,0.15
223851,0.13
223854,0.07
223888,0.21
223914,0.03
223923,0.14
223925,0.0
223939,0.06
223949,0.03
223951,0.12
223952,0.05
223967,0.09
223971,0.2
223974,0.02
223978,0.09
223991,0.1
224008,0.07
224016,0.05
224024,0.05
224039,0.09
224040,0.08
224044,0.14
224047,0.1
224055,0.05
224061,0.2
224065,0.03
224079,0.08
224080,0.02
224089,0.07
224094,0.2
224095,0.14
224109,0.04
224111,0.12
224112,0.04
224134,0.2
224135,0.19
224138,0.1
224139,0.04
224158,0.06
224161,0.12
224171,0.2
224182,0.06
224191,0.07
224194,0.04
224195,0.08
224205,0.05
224206,0.22
224211,0.0
224213,0.04
224214,0.08
224236,0.05
224239,0.15
224241,0.1
224251,0.11
224259,0.16
224262,0.14
224263,0.02
224268,0.07
224270,0.1
224282,0.11
224300,0.04
224315,0.08
224319,0.0
224325,0.01
224337,0.08
224339,0.11
224343,0.02
224344,0.14
224347,0.12
224353,0.09
224363,0.07
224370,0.06
224379,0.03
224380,0.03
224393,0.14
224395,0.15
224407,0.07
224408,0.05
224426,0.08
224427,0.07
224428,0.02
224437,0.22
224444,0.05
224445,0.06
224459,0.05
224473,0.26
224488,0.27
224490,0.17
224493,0.17
224494,0.13
224495,0.02
224499,0.01
224524,0.06
224528,0.02
224538,0.27
224553,0.13
224554,0.07
224575,0.06
224586,0.08
224593,0.07
224599,0.11
224614,0.09
224625,0.05
224626,0.02
224627,0.12
224628,0.13
224631,0.01
224651,0.09
224658,0.08
224664,0.09
224668,0.0
224673,0.04
224674,0.05
224683,0.04
224708,0.14
224748,0.17
224756,0.06
224757,0.09
224760,0.04
224771,0.18
224772,0.06
224797,0.05
224823,0.1
224831,0.05
224841,0.09
224843,0.07
224844,0.1
224849,0.06
224855,0.08
224856,0.0
224864,0.08
224871,0.04
224876,0.09
224889,0.11
224896,0.16
224899,0.1
224912,0.06
224916,0.19
224918,0.14
224925,0.04
224929,0.06
224934,0.06
224950,0.09
224953,0.07
224956,0.08
224958,0.01
224960,0.06
224971,0.11
224975,0.03
224978,0.16
224986,0.01
224987,0.13
224990,0.01
225010,0.02
225041,0.04
225044,0.05
225045,0.06
225048,0.12
225053,0.17
225058,0.07
225075,0.06
225085,0.01
225103,0.07
225107,0.04
225114,0.04
225122,0.09
225130,0.11
225131,0.2
225132,0.03
225134,0.05
225136,0.08
225141,0.06
225145,0.04
225146,0.01
225156,0.11
225158,0.1
225165,0.04
225185,0.05
225194,0.04
225195,0.04
225223,0.13
225224,0.18
225231,0.09
225233,0.03
225246,0.13
225281,0.07
225286,0.1
225301,0.16
225302,0.1
225336,0.06
225347,0.04
225351,0.07
225362,0.07
225363,0.03
225364,0.07
225370,0.04
225374,0.06
225375,0.07
225380,0.04
225381,0.08
225382,0.03
225392,0.07
225410,0.14
225425,0.24
225431,0.01
225456,0.07
225460,0.11
225475,0.06
225478,0.03
225483,0.15
225499,0.19
225514,0.39
225517,0.03
225524,0.14
225532,0.0
225545,0.2
225546,0.04
225550,0.04
225580,0.08
225581,0.04
225582,0.05
225585,0.21
225601,0.07
225612,0.06
225621,0.09
225636,0.11
225639,0.24
225650,0.04
225654,0.03
225664,0.02
225665,0.2
225666,0.03
225686,0.1
225689,0.05
225691,0.02
225721,0.03
225733,0.05
225739,0.09
225741,0.13
225766,0.04
225776,0.17
225788,0.03
225792,0.06
225803,0.09
225804,0.03
225805,0.23
225808,0.02
225819,0.05
225826,0.01
225832,0.09
225850,0.12
225851,0.03
225854,0.12
225858,0.09
225875,0.09
225884,0.03
225890,0.0
225906,0.02
225908,0.04
225910,0.15
225920,0.16
225950,0.16
225990,0.03
225991,0.05
226010,0.06
226011,0.07
226018,0.02
226029,0.12
226030,0.12
226041,0.08
226044,0.05
226051,0.05
226054,0.08
226085,0.14
226105,0.04
226116,0.27
226130,0.15
226131,0.11
226170,0.09
226171,0.02
226176,0.15
226177,0.07
226183,0.01
226187,0.07
226188,0.08
226190,0.12
226206,0.01
226213,0.14
226214,0.21
226226,0.06
226244,0.06
226245,0.02
226251,0.05
226258,0.02
226259,0.13
226265,0.07
226291,0.16
226294,0.08
226299,0.03
226300,0.14
226301,0.16
226302,0.04
226308,0.01
226309,0.03
226318,0.04
226319,0.13
226320,0.04
226325,0.13
226334,0.09
226337,0.19
226348,0.15
226353,0.03
226361,0.04
226387,0.04
226395,0.05
226413,0.01
226416,0.02
226427,0.08
226433,0.03
226447,0.12
226487,0.04
226495,0.19
226496,0.06
226499,0.0
226501,0.14
226505,0.08
226506,0.1
226507,0.13
226516,0.03
226523,0.07
226527,0.05
226533,0.07
226537,0.09
226539,0.05
226551,0.19
226556,0.05
226557,0.03
226561,0.12
226565,0.05
226567,0.05
226590,0.06
226599,0.1
226639,0.12
226654,0.18
226664,0.08
226668,0.07
226677,0.06
226682,0.04
226689,0.06
226691,0.01
226698,0.04
226713,0.03
226720,0.06
226734,0.05
226735,0.11
226738,0.02
226742,0.06
226763,0.04
226766,0.16
226772,0.0
226779,0.07
226780,0.11
226787,0.28
226790,0.27
226792,0.05
226797,0.06
226803,0.11
226807,0.09
226827,0.05
226828,0.02
226836,0.05
226837,0.02
226838,0.09
226847,0.08
226881,0.2
226882,0.05
226884,0.08
226917,0.13
226921,0.02
226933,0.18
226938,0.25
226948,0.1
226952,0.08
226954,0.09
226965,0.11
226970,0.06
226977,0.24
226986,0.09
227005,0.03
227009,0.07
227010,0.07
227013,0.02
227019,0.07
227025,0.1
227026,0.12
227027,0.03
227029,0.05
227049,0.06
227053,0.04
227054,0.09
227058,0.07
227074,0.02
227099,0.06
227100,0.03
227109,0.05
227111,0.11
227112,0.04
227125,0.18
227145,0.14
227148,0.16
227151,0.09
227160,0.12
227165,0.09
227200,0.09
227210,0.16
227213,0.1
227235,0.06
227242,0.1
227245,0.17
227246,0.08
227248,0.03
227251,0.09
227252,0.05
227258,0.01
227264,0.03
227270,0.16
227272,0.02
227274,0.03
227281,0.07
227290,0.03
227293,0.1
227299,0.03
227306,0.16
227323,0.07
227325,0.01
227326,0.07
227332,0.07
227336,0.04
227343,0.1
227344,0.02
227345,0.04
227348,0.14
227360,0.02
227376,0.1
227386,0.09
227392,0.12
227393,0.01
227401,0.04
227404,0.15
227413,0.01
227420,0.12
227459,0.1
227460,0.01
227462,0.06
227463,0.09
227481,0.07
227482,0.03
227485,0.14
227486,0.04
227493,0.03
227500,0.06
227501,0.0
227502,0.04
227506,0.15
227523,0.11
227525,0.09
227531,0.03
227532,0.16
227535,0.03
227542,0.05
227545,0.09
227566,0.06
227578,0.1
227585,0.15
227586,0.1
227587,0.04
227590,0.05
227595,0.1
227596,0.05
227597,0.1
227600,0.13
227621,0.08
227637,0.13
227640,0.17
227649,0.15
227653,0.06
227674,0.15
227675,0.06
227680,0.12
227696,0.02
227701,0.3
227707,0.1
227713,0.07
227715,0.12
227728,0.05
227730,0.1
227731,0.03
227732,0.02
227736,0.09
227739,0.09
227740,0.4
227741,0.13
227742,0.28
227745,0.17
227749,0.29
227752,0.01
227756,0.22
227769,0.16
227779,0.09
227783,0.04
227799,0.07
227803,0.01
227818,0.14
227822,0.2
227823,0.07
227824,0.06
227825,0.15
227826,0.07
227833,0.07
227834,0.13
227837,0.11
227839,0.01
227856,0.09
227872,0.04
227876,0.07
227905,0.17
227908,0.14
227909,0.12
227912,0.04
227917,0.08
227931,0.09
227936,0.11
227939,0.05
227941,0.07
227942,0.08
227944,0.02
227945,0.16
227952,0.08
227954,0.04
227968,0.01
227975,0.05
227989,0.14
227992,0.09
227993,0.15
227996,0.04
227997,0.0
227998,0.03
228040,0.04
228044,0.1
228045,0.03
228046,0.01
228051,0.08
228052,0.0
228053,0.09
228059,0.11
228062,0.03
228070,0.04
228074,0.14
228077,0.05
228078,0.15
228097,0.1
228099,0.06
228100,0.03
228102,0.33
228103,0.11
228104,0.12
228107,0.12
228117,0.11
228123,0.04
228125,0.06
228130,0.05
228134,0.05
228141,0.11
228153,0.18
228163,0.14
228164,0.02
228166,0.09
228168,0.17
228169,0.13
228183,0.21
228198,0.06
228199,0.11
228201,0.05
228207,0.15
228209,0.08
228219,0.04
228239,0.04
228248,0.05
228260,0.14
228268,0.14
228280,0.11
228282,0.12
228288,0.02
228289,0.06
228295,0.04
228296,0.13
228297,0.12
228298,0.09
228299,0.04
228301,0.01
228322,0.15
228324,0.06
228332,0.04
228334,0.07
228342,0.18
228351,0.09
228354,0.05
228355,0.0
228362,0.0
228375,0.05
228383,0.07
228389,0.02
228392,0.12
228411,0.05
228414,0.08
228420,0.06
228424,0.05
228426,0.1
228429,0.06
228447,0.23
228455,0.11
228458,0.07
228467,0.2
228472,0.12
228479,0.03
228482,0.14
228488,0.07
228489,0.18
228499,0.03
228501,0.05
228502,0.03
228503,0.22
228509,0.08
228512,0.12
228514,0.04
228519,0.08
228530,0.06
228534,0.12
228536,0.06
228537,0.03
228538,0.11
228539,0.02
228557,0.09
228591,0.03
228592,0.02
228608,0.13
228609,0.05
228636,0.14
228647,0.16
228656,0.12
228657,0.08
228661,0.04
228663,0.03
228671,0.06
228682,0.14
228697,0.02
228698,0.04
228712,0.05
228713,0.09
228729,0.08
228730,0.05
228737,0.14
228744,0.02
228752,0.07
228761,0.23
228763,0.23
228764,0.03
228770,0.11
228774,0.03
228781,0.09
228792,0.03
228794,0.18
228796,0.08
228799,0.15
228808,0.19
228809,0.06
228810,0.02
228813,0.02
228821,0.34
228826,0.02
228830,0.06
228831,0.06
228835,0.11
228854,0.02
228855,0.05
228863,0.05
228869,0.17
228872,0.11
228885,0.12
228888,0.04
228889,0.09
228890,0.09
228891,0.1
228894,0.19
228902,0.2
228907,0.02
228915,0.05
228918,0.14
228919,0.04
228933,0.14
228946,0.03
228947,0.12
228954,0.05
228956,0.11
228958,0.08
228969,0.09
228973,0.02
228978,0.01
228979,0.27
228988,0.03
228995,0.17
229019,0.14
229037,0.06
229041,0.05
229042,0.01
229046,0.05
229048,0.02
229053,0.06
229064,0.21
229073,0.11
229074,0.06
229077,0.15
229095,0.21
229100,0.15
229103,0.05
229104,0.05
229105,0.03
229107,0.06
229115,0.05
229117,0.18
229118,0.08
229124,0.18
229125,0.01
229130,0.13
229157,0.07
229162,0.01
229185,0.27
229195,0.01
229201,0.12
229202,0.02
229219,0.07
229220,0.05
229223,0.19
229224,0.13
229229,0.14
229233,0.07
229255,0.03
229261,0.07
229262,0.09
229271,0.08
229276,0.03
229277,0.02
229278,0.07
229280,0.12
229298,0.07
229301,0.09
229316,0.11
229325,0.05
229329,0.08
229334,0.05
229336,0.06
229337,0.16
229342,0.03
229349,0.07
229357,0.07
229369,0.14
229374,0.07
229402,0.08
229427,0.09
229452,0.14
229455,0.12
229459,0.23
229462,0.03
229482,0.06
229488,0.01
229496,0.06
229507,0.06
229508,0.06
229531,0.1
229576,0.06
229595,0.1
229602,0.24
229609,0.16
229610,0.31
229614,0.16
229615,0.17
229631,0.11
229632,0.07
229638,0.06
229647,0.07
229651,0.07
229659,0.05
229663,0.21
229671,0.04
229672,0.07
229675,0.06
229684,0.03
229687,0.04
229705,0.03
229711,0.01
229713,0.06
229714,0.08
229731,0.11
229738,0.15
229742,0.14
229745,0.07
229746,0.08
229749,0.08
229765,0.1
229767,0.08
229779,0.17
229782,0.02
229802,0.18
229805,0.08
229810,0.42
229816,0.05
229828,0.09
229838,0.13
229850,0.22
229858,0.04
229860,0.05
229877,0.13
229888,0.05
229894,0.0
229898,0.19
229905,0.05
229912,0.25
229913,0.02
229921,0.26
229923,0.02
229930,0.03
229962,0.1
229963,0.13
229977,0.1
229984,0.19
229998,0.1
230012,0.06
230016,0.17
230020,0.07
230024,0.25
230037,0.04
230038,0.03
230040,0.06
230042,0.1
230044,0.07
230050,0.05
230056,0.06
230067,0.02
230076,0.06
230077,0.1
230084,0.17
230098,0.07
230107,0.11
230116,0.02
230119,0.09
230121,0.03
230122,0.04
230135,0.17
230139,0.1
230179,0.03
230180,0.14
230185,0.01
230192,0.14
230203,0.17
230216,0.12
230226,0.13
230260,0.15
230268,0.04
230289,0.23
230296,0.01
230317,0.13
230328,0.19
230329,0.34
230330,0.04
230332,0.01
230338,0.15
230343,0.07
230344,0.06
230349,0.09
230369,0.01
230379,0.16
230391,0.07
230393,0.21
230394,0.04
230402,0.03
230404,0.26
230416,0.07
230417,0.05
230423,0.08
230427,0.09
230448,0.13
230449,0.02
230451,0.03
230453,0.03
230454,0.04
230457,0.04
230458,0.16
230459,0.13
230461,0.03
230464,0.09
230494,0.07
230517,0.06
230520,0.12
230521,0.08
230534,0.08
230553,0.07
230581,0.08
230585,0.05
230590,0.05
230592,0.03
230605,0.02
230610,0.03
230623,0.09
230628,0.08
230629,0.09
230640,0.08
230641,0.05
230642,0.01
230655,0.15
230656,0.04
230662,0.08
230675,0.05
230677,0.05
230688,0.03
230709,0.24
230716,0.01
230742,0.01
230748,0.06
230763,0.08
230779,0.14
230780,0.17
230781,0.23
230783,0.03
230788,0.14
230789,0.02
230792,0.05
230817,0.1
230820,0.06
230827,0.12
230828,0.1
230860,0.06
230864,0.21
230875,0.07
230878,0.02
230880,0.13
230929,0.12
230931,0.12
230934,0.08
230939,0.04
230940,0.01
230941,0.06
230942,0.3
230982,0.06
231028,0.04
231031,0.1
231039,0.08
231048,0.08
231065,0.1
231076,0.04
231079,0.01
231082,0.03
231086,0.06
231107,0.06
231118,0.12
231127,0.05
231134,0.01
231136,0.05
231137,0.07
231156,0.11
231160,0.13
231175,0.09
231177,0.04
231189,0.03
231191,0.1
231194,0.21
231198,0.12
231203,0.12
231211,0.08
231226,0.05
231245,0.08
231257,0.14
231268,0.21
231279,0.06
231290,0.14
231298,0.01
231299,0.05
231301,0.09
231306,0.08
231312,0.09
231314,0.09
231326,0.4
231343,0.12
231353,0.08
231359,0.08
231364,0.12
231387,0.15
231392,0.02
231409,0.17
231423,0.1
231427,0.0
231429,0.29
231433,0.1
231437,0.04
231448,0.03
231454,0.11
231460,0.02
231480,0.04
231496,0.02
231504,0.11
231513,0.06
231516,0.04
231523,0.06
231529,0.05
231532,0.06
231533,0.14
231542,0.14
231546,0.04
231554,0.04
231556,0.15
231561,0.01
231562,0.09
231563,0.03
231568,0.06
231589,0.1
231598,0.1
231616,0.04
231628,0.03
231637,0.12
231641,0.1
231656,0.19
231679,0.17
231682,0.14
231689,0.03
231690,0.1
231713,0.18
231716,0.03
231726,0.04
231734,0.2
231736,0.07
231742,0.05
231754,0.14
231757,0.06
231758,0.04
231761,0.12
231771,0.09
231773,0.09
231782,0.04
231785,0.17
231786,0.05
231789,0.03
231790,0.08
231791,0.08
231804,0.08
231835,0.02
231837,0.01
231840,0.13
231845,0.17
231863,0.25
231867,0.16
231874,0.19
231877,0.11
231887,0.07
231892,0.05
231899,0.05
231912,0.31
231914,0.13
231924,0.13
231927,0.07
231935,0.06
231938,0.2
231940,0.17
231947,0.11
231954,0.07
231955,0.15
231956,0.06
231969,0.09
231982,0.03
231983,0.02
231984,0.04
231987,0.07
232006,0.05
232012,0.05
232022,0.02
232023,0.13
232028,0.05
232034,0.06
232047,0.14
232050,0.07
232054,0.09
232063,0.15
232066,0.12
232081,0.13
232083,0.05
232094,0.11
232103,0.05
232108,0.08
232110,0.04
232122,0.03
232123,0.01
232132,0.04
232148,0.28
232149,0.09
232152,0.13
232157,0.18
232164,0.13
232170,0.19
232172,0.04
232174,0.01
232177,0.1
232227,0.05
232228,0.07
232237,0.03
232256,0.02
232275,0.11
232278,0.06
232279,0.03
232282,0.08
232285,0.08
232288,0.04
232301,0.08
232303,0.01
232309,0.06
232325,0.05
232329,0.05
232331,0.01
232335,0.07
232370,0.1
232371,0.03
232372,0.05
232390,0.18
232391,0.06
232392,0.15
232410,0.08
232423,0.03
232426,0.08
232428,0.15
232450,0.11
232466,0.11
232478,0.11
232493,0.06
232506,0.13
232516,0.12
232518,0.09
232530,0.1
232534,0.02
232535,0.11
232541,0.06
232547,0.04
232552,0.04
232558,0.05
232559,0.06
232560,0.05
232566,0.08
232570,0.01
232575,0.07
232578,0.07
232590,0.07
232615,0.05
232640,0.29
232643,0.03
232664,0.13
232676,0.04
232699,0.14
232702,0.06
232720,0.03
232733,0.07
232736,0.03
232738,0.05
232752,0.05
232758,0.0
232779,0.04
232784,0.17
232790,0.06
232799,0.05
232823,0.03
232824,0.05
232842,0.04
232849,0.05
232853,0.11
232859,0.14
232862,0.04
232864,0.02
232866,0.09
232869,0.04
232871,0.08
232876,0.15
232881,0.09
232898,0.09
232899,0.09
232914,0.11
232917,0.11
232923,0.08
232925,0.04
232942,0.19
232943,0.12
232965,0.03
232968,0.15
232972,0.05
232980,0.16
232999,0.0
233013,0.07
233021,0.26
233022,0.01
233054,0.14
233059,0.17
233065,0.05
233071,0.15
233074,0.05
233093,0.03
233095,0.15
233102,0.02
233104,0.1
233107,0.03
233108,0.07
233109,0.26
233112,0.15
233113,0.05
233122,0.05
233125,0.08
233126,0.11
233170,0.07
233171,0.13
233172,0.17
233175,0.06
233179,0.12
233189,0.16
233223,0.14
233224,0.04
233228,0.04
233247,0.11
233249,0.09
233263,0.11
233271,0.04
233273,0.15
233301,0.0
233305,0.1
233310,0.06
233311,0.07
233312,0.06
233324,0.09
233326,0.15
233327,0.03
233335,0.1
233349,0.03
233352,0.22
233362,0.09
233373,0.08
233390,0.14
233393,0.16
233400,0.03
233401,0.12
233404,0.09
233405,0.04
233406,0.07
233411,0.09
233421,0.05
233423,0.15
233424,0.02
233427,0.3
233429,0.21
233431,0.07
233432,0.07
233438,0.04
233448,0.06
233450,0.03
233451,0.04
233453,0.11
233480,0.05
233482,0.07
233483,0.13
233489,0.31
233490,0.08
233496,0.13
233497,0.07
233508,0.21
233509,0.2
233512,0.08
233517,0.06
233526,0.16
233528,0.07
233544,0.01
233554,0.2
233566,0.17
233572,0.05
233575,0.06
233578,0.03
233582,0.34
233583,0.06
233589,0.08
233594,0.15
233603,0.19
233627,0.03
233632,0.04
233639,0.07
233651,0.18
233652,0.09
233658,0.03
233675,0.04
233677,0.1
233682,0.05
233688,0.08
233689,0.29
233692,0.09
233697,0.17
233704,0.1
233709,0.14
233711,0.08
233721,0.05
233729,0.06
233734,0.03
233744,0.06
233764,0.09
233775,0.12
233783,0.27
233792,0.09
233796,0.05
233797,0.04
233798,0.05
233810,0.09
233818,0.05
233819,0.01
233830,0.02
233831,0.08
233838,0.03
233852,0.15
233854,0.06
233856,0.0
233858,0.02
233883,0.08
233888,0.02
233889,0.08
233892,0.02
233893,0.05
233894,0.07
233895,0.12
233901,0.02
233927,0.1
233928,0.03
233929,0.14
233960,0.07
233965,0.07
233970,0.02
233975,0.09
233981,0.1
233991,0.19
234012,0.02
234016,0.03
234024,0.03
234025,0.02
234027,0.22
234034,0.13
234035,0.03
234048,0.06
234069,0.03
234077,0.04
234086,0.12
234103,0.05
234110,0.1
234115,0.06
234126,0.05
234135,0.14
234136,0.05
234147,0.08
234151,0.04
234159,0.02
234163,0.12
234174,0.06
234186,0.05
234187,0.15
234192,0.05
234198,0.03
234205,0.1
234215,0.05
234220,0.05
234225,0.15
234227,0.02
234228,0.02
234231,0.02
234232,0.25
234236,0.11
234239,0.02
234240,0.11
234242,0.05
234262,0.11
234267,0.23
234283,0.04
234284,0.07
234286,0.04
234291,0.09
234302,0.15
234303,0.11
234308,0.02
234320,0.1
234326,0.07
234336,0.05
234340,0.13
234362,0.02
234365,0.05
234371,0.01
234373,0.03
234395,0.03
234400,0.1
234404,0.12
234412,0.11
234431,0.11
234433,0.23
234440,0.04
234453,0.06
234454,0.08
234460,0.03
234470,0.18
234473,0.02
234502,0.04
234503,0.08
234507,0.31
234529,0.05
234531,0.05
234543,0.07
234550,0.26
234556,0.04
234560,0.02
234567,0.01
234580,0.12
234582,0.12
234594,0.12
234599,0.2
234604,0.03
234605,0.05
234611,0.01
234617,0.06
234648,0.18
234660,0.02
234661,0.11
234663,0.1
234664,0.03
234670,0.01
234671,0.04
234673,0.04
234687,0.09
234688,0.04
234690,0.12
234694,0.02
234695,0.0
234704,0.16
234705,0.04
234710,0.08
234718,0.03
234719,0.1
234732,0.06
234739,0.05
234755,0.17
234760,0.05
234778,0.08
234781,0.11
234786,0.08
234788,0.1
234789,0.0
234802,0.04
234809,0.31
234814,0.16
234823,0.07
234825,0.08
234829,0.06
234838,0.17
234847,0.09
234876,0.05
234908,0.19
234914,0.07
234917,0.04
234935,0.08
234936,0.1
234941,0.05
234942,0.1
234943,0.05
234946,0.05
234947,0.03
234960,0.16
234967,0.08
234980,0.22
234990,0.33
234996,0.02
234999,0.06
235002,0.05
235021,0.1
235025,0.13
235034,0.02
235037,0.06
235046,0.05
235051,0.07
235052,0.1
235054,0.01
235061,0.07
235066,0.08
235076,0.04
235087,0.04
235089,0.17
235091,0.19
235107,0.06
235118,0.04
235123,0.08
235134,0.06
235137,0.11
235146,0.06
235147,0.01
235153,0.04
235166,0.22
235168,0.0
235183,0.04
235187,0.04
235189,0.04
235202,0.05
235214,0.09
235215,0.02
235216,0.21
235219,0.09
235223,0.08
235231,0.06
235240,0.06
235252,0.08
235253,0.02
235254,0.1
235259,0.1
235270,0.01
235275,0.1
235283,0.11
235291,0.03
235306,0.01
235327,0.06
235337,0.24
235342,0.05
235356,0.01
235357,0.04
235372,0.09
235378,0.1
235386,0.08
235401,0.01
235403,0.05
235423,0.01
235424,0.04
235434,0.02
235435,0.04
235438,0.14
235451,0.08
235452,0.08
235454,0.15
235456,0.04
235459,0.0
235460,0.05
235463,0.14
235491,0.07
235492,0.2
235501,0.05
235505,0.08
235512,0.14
235519,0.25
235549,0.15
235592,0.03
235597,0.07
235601,0.03
235602,0.11
235612,0.04
235617,0.1
235622,0.01
235636,0.04
235641,0.06
235644,0.05
235645,0.0
235651,0.04
235664,0.02
235668,0.28
235677,0.07
235692,0.0
235693,0.01
235698,0.09
235722,0.16
235741,0.02
235743,0.23
235752,0.01
235757,0.13
235766,0.03
235768,0.04
235769,0.09
235775,0.04
235778,0.15
235782,0.27
235791,0.11
235792,0.1
235796,0.06
235797,0.09
235799,0.13
235803,0.21
235804,0.23
235809,0.02
235811,0.16
235812,0.01
235827,0.09
235837,0.04
235839,0.0
235850,0.18
235852,0.05
235854,0.06
235860,0.03
235862,0.0
235869,0.08
235877,0.05
235889,0.05
235890,0.18
235891,0.02
235893,0.04
235900,0.03
235901,0.06
235914,0.01
235915,0.11
235924,0.13
235950,0.04
235968,0.08
235977,0.08
235978,0.11
235980,0.05
235990,0.05
235999,0.04
236002,0.04
236022,0.08
236033,0.07
236034,0.15
236037,0.3
236038,0.13
236039,0.1
236040,0.03
236053,0.07
236064,0.08
236068,0.04
236069,0.14
236094,0.07
236107,0.03
236123,0.02
236143,0.02
236214,0.06
236215,0.04
236221,0.18
236229,0.11
236234,0.14
236236,0.07
236237,0.03
236239,0.18
236266,0.35
236271,0.02
236283,0.11
236286,0.02
236287,0.19
236289,0.04
236293,0.01
236302,0.02
236303,0.08
236313,0.09
236324,0.07
236330,0.09
236332,0.09
236345,0.24
236350,0.01
236352,0.04
236359,0.03
236362,0.14
236373,0.06
236378,0.12
236391,0.03
236395,0.26
236412,0.2
236418,0.07
236421,0.04
236451,0.05
236454,0.0
236457,0.03
236463,0.07
236469,0.07
236476,0.02
236485,0.11
236508,0.09
236509,0.04
236525,0.04
236527,0.18
236529,0.11
236555,0.22
236562,0.27
236568,0.16
236569,0.1
236580,0.05
236581,0.04
236583,0.12
236586,0.05
236594,0.12
236631,0.03
236632,0.17
236634,0.1
236638,0.05
236643,0.1
236648,0.06
236655,0.19
236656,0.13
236657,0.04
236663,0.09
236681,0.03
236683,0.07
236691,0.04
236698,0.12
236713,0.05
236727,0.19
236732,0.14
236733,0.04
236735,0.01
236737,0.02
236749,0.07
236750,0.05
236752,0.05
236765,0.06
236766,0.04
236769,0.07
236771,0.14
236774,0.09
236775,0.04
236790,0.09
236793,0.08
236797,0.15
236798,0.03
236809,0.1
236821,0.15
236831,0.07
236836,0.04
236838,0.04
236849,0.02
236852,0.13
236860,0.12
236862,0.04
236865,0.02
236873,0.1
236885,0.02
236891,0.09
236894,0.07
236904,0.26
236905,0.04
236911,0.01
236939,0.05
236948,0.04
236950,0.03
236957,0.02
236965,0.05
236974,0.06
236975,0.02
236981,0.06
236985,0.05
236995,0.12
237023,0.08
237025,0.05
237038,0.04
237058,0.02
237060,0.19
237078,0.12
237079,0.05
237080,0.19
237084,0.11
237086,0.01
237087,0.03
237091,0.07
237092,0.1
237093,0.09
237094,0.04
237103,0.04
237116,0.03
237118,0.07
237126,0.07
237136,0.04
237144,0.06
237149,0.11
237150,0.09
237157,0.1
237158,0.08
237170,0.11
237171,0.05
237193,0.03
237196,0.09
237200,0.03
237248,0.12
237254,0.16
237256,0.03
237257,0.04
237267,0.05
237268,0.05
237269,0.01
237271,0.1
237280,0.08
237301,0.07
237304,0.12
237308,0.07
237311,0.08
237334,0.09
237338,0.21
237344,0.08
237361,0.03
237362,0.05
237368,0.14
237369,0.15
237371,0.1
237373,0.08
237377,0.05
237378,0.07
237383,0.06
237386,0.06
237392,0.08
237399,0.1
237408,0.05
237411,0.06
237414,0.04
237417,0.06
237424,0.2
237439,0.01
237457,0.08
237458,0.07
237459,0.03
237471,0.13
237474,0.05
237475,0.06
237476,0.04
237490,0.04
237491,0.06
237495,0.11
237501,0.08
237512,0.15
237516,0.06
237518,0.11
237528,0.1
237529,0.03
237537,0.2
237543,0.09
237547,0.08
237552,0.06
237563,0.09
237585,0.13
237598,0.12
237606,0.03
237624,0.2
237632,0.01
237635,0.01
237640,0.04
237642,0.07
237647,0.0
237648,0.09
237651,0.2
237657,0.08
237663,0.08
237692,0.06
237701,0.08
237715,0.1
237726,0.11
237728,0.12
237731,0.05
237732,0.13
237746,0.07
237759,0.06
237768,0.04
237772,0.38
237780,0.14
237787,0.11
237792,0.22
237804,0.1
237812,0.04
237815,0.06
237821,0.1
237827,0.04
237845,0.07
237862,0.06
237869,0.06
237872,0.09
237900,0.3
237909,0.03
237917,0.06
237921,0.01
237951,0.06
237952,0.12
237957,0.02
237960,0.06
237963,0.06
237973,0.02
237984,0.0
237990,0.15
237997,0.12
237998,0.13
238025,0.09
238027,0.06
238052,0.01
238053,0.04
238054,0.24
238065,0.06
238066,0.16
238075,0.15
238082,0.02
238087,0.04
238114,0.08
238117,0.11
238127,0.12
238129,0.22
238133,0.02
238135,0.02
238152,0.12
238157,0.06
238163,0.02
238170,0.05
238176,0.04
238180,0.18
238195,0.04
238198,0.07
238199,0.01
238206,0.29
238218,0.12
238219,0.02
238222,0.11
238224,0.01
238230,0.07
238237,0.04
238238,0.05
238247,0.02
238254,0.04
238256,0.04
238257,0.04
238270,0.09
238278,0.05
238279,0.15
238282,0.0
238286,0.08
238293,0.03
238298,0.04
238299,0.07
238306,0.16
238307,0.08
238308,0.03
238322,0.08
238327,0.13
238328,0.25
238330,0.0
238335,0.03
238347,0.06
238355,0.28
238356,0.08
238361,0.02
238367,0.03
238377,0.03
238413,0.01
238419,0.11
238436,0.03
238437,0.1
238443,0.07
238450,0.01
238452,0.03
238453,0.13
238454,0.35
238457,0.03
238467,0.13
238469,0.03
238470,0.01
238474,0.16
238478,0.12
238480,0.14
238492,0.03
238496,0.19
238500,0.03
238508,0.25
238512,0.1
238520,0.05
238540,0.02
238548,0.09
238549,0.01
238550,0.05
238563,0.07
238586,0.06
238607,0.1
238608,0.05
238615,0.07
238623,0.05
238627,0.06
238630,0.19
238635,0.05
238638,0.04
238642,0.05
238646,0.02
238656,0.03
238665,0.04
238674,0.05
238687,0.14
238702,0.1
238703,0.07
238705,0.13
238712,0.1
238716,0.04
238717,0.04
238718,0.06
238747,0.04
238754,0.08
238767,0.06
238793,0.04
238794,0.27
238796,0.13
238806,0.09
238832,0.11
238833,0.04
238840,0.14
238850,0.03
238853,0.11
238855,0.03
238858,0.06
238867,0.35
238868,0.06
238869,0.15
238873,0.03
238879,0.12
238893,0.15
238903,0.05
238904,0.2
238906,0.16
238928,0.11
238933,0.1
238941,0.1
238945,0.02
238947,0.06
238954,0.1
238963,0.09
238986,0.07
239003,0.2
239018,0.04
239019,0.16
239020,0.09
239021,0.14
239031,0.05
239042,0.08
239051,0.04
239056,0.11
239058,0.02
239075,0.08
239078,0.03
239079,0.07
239081,0.01
239082,0.04
239085,0.05
239100,0.01
239104,0.14
239120,0.14
239123,0.09
239140,0.24
239144,0.12
239145,0.14
239146,0.07
239153,0.05
239155,0.03
239161,0.27
239168,0.08
239177,0.19
239180,0.07
239193,0.02
239199,0.03
239206,0.08
239207,0.19
239209,0.09
239221,0.06
239225,0.0
239227,0.03
239237,0.03
239249,0.1
239273,0.21
239282,0.09
239290,0.13
239298,0.02
239302,0.17
239307,0.12
239309,0.11
239314,0.15
239319,0.13
239328,0.1
239334,0.1
239343,0.07
239344,0.02
239356,0.16
239357,0.17
239428,0.04
239429,0.07
239453,0.1
239471,0.14
239479,0.01
239480,0.1
239485,0.03
239489,0.17
239518,0.17
239522,0.09
239525,0.13
239540,0.2
239567,0.04
239573,0.05
239574,0.07
239578,0.12
239587,0.03
239588,0.06
239597,0.11
239603,0.03
239612,0.11
239616,0.25
239617,0.05
239618,0.18
239631,0.1
239639,0.2
239644,0.03
239672,0.04
239680,0.17
239685,0.01
239687,0.02
239715,0.12
239722,0.08
239733,0.01
239746,0.0
239748,0.02
239760,0.19
239765,0.16
239766,0.24
239774,0.08
239775,0.01
239788,0.13
239795,0.1
239796,0.05
239801,0.03
239808,0.04
239816,0.03
239819,0.01
239825,0.08
239832,0.18
239840,0.05
239845,0.02
239853,0.0
239862,0.04
239867,0.11
239873,0.09
239884,0.08
239920,0.06
239924,0.15
239937,0.04
239938,0.03
239948,0.11
239951,0.02
239952,0.07
239996,0.11
239998,0.12
240013,0.1
240027,0.1
240028,0.06
240036,0.15
240041,0.16
240046,0.03
240063,0.03
240076,0.1
240082,0.17
240086,0.07
240087,0.04
240089,0.21
240090,0.05
240093,0.1
240110,0.12
240111,0.12
240113,0.02
240117,0.03
240118,0.11
240120,0.05
240125,0.12
240130,0.05
240131,0.29
240133,0.06
240138,0.16
240149,0.04
240161,0.08
240177,0.27
240188,0.12
240197,0.06
240204,0.22
240215,0.02
240257,0.04
240266,0.09
240284,0.07
240296,0.1
240300,0.04
240312,0.0
240314,0.13
240320,0.11
240321,0.18
240337,0.08
240339,0.07
240341,0.17
240342,0.1
240346,0.05
240348,0.1
240364,0.07
240378,0.07
240382,0.08
240387,0.1
240404,0.0
240409,0.1
240412,0.07
240413,0.12
240414,0.09
240415,0.06
240416,0.15
240427,0.01
240428,0.07
240438,0.11
240447,0.03
240489,0.18
240494,0.07
240495,0.05
240507,0.09
240526,0.08
240530,0.08
240531,0.11
240554,0.07
240559,0.04
240561,0.02
240577,0.07
240578,0.03
240585,0.13
240587,0.06
240594,0.12
240603,0.02
240615,0.04
240629,0.05
240631,0.04
240637,0.05
240646,0.2
240649,0.04
240657,0.01
240664,0.08
240665,0.21
240668,0.04
240670,0.23
240685,0.08
240689,0.04
240702,0.09
240707,0.02
240709,0.15
240712,0.19
240716,0.02
240717,0.06
240725,0.02
240733,0.04
240742,0.32
240744,0.02
240819,0.07
240820,0.01
240826,0.12
240836,0.18
240839,0.08
240847,0.04
240859,0.28
240866,0.17
240868,0.04
240875,0.06
240878,0.03
240888,0.02
240896,0.13
240897,0.17
240898,0.15
240899,0.13
240900,0.06
240901,0.11
240902,0.03
240903,0.17
240904,0.06
240910,0.04
240916,0.03
240921,0.07
240923,0.14
240929,0.12
240930,0.09
240931,0.06
240932,0.1
240938,0.08
240943,0.04
240948,0.01
240954,0.05
240972,0.01
240992,0.04
240993,0.09
240994,0.04
241018,0.02
241026,0.0
241031,0.05
241052,0.07
241060,0.13
241076,0.14
241113,0.08
241116,0.15
241118,0.03
241121,0.04
241130,0.05
241142,0.03
241146,0.1
241159,0.02
241160,0.02
241161,0.12
241163,0.3
241176,0.04
241187,0.02
241188,0.19
241191,0.12
241192,0.15
241198,0.24
241208,0.08
241210,0.11
241226,0.12
241244,0.13
241252,0.09
241254,0.05
241256,0.06
241264,0.12
241266,0.19
241267,0.08
241274,0.06
241279,0.07
241281,0.21
241284,0.05
241293,0.02
241330,0.09
241333,0.03
241344,0.16
241348,0.19
241359,0.05
241362,0.22
241372,0.06
241377,0.09
241381,0.15
241390,0.01
241395,0.02
241397,0.07
241401,0.06
241402,0.15
241415,0.08
241417,0.16
241426,0.14
241432,0.08
241436,0.01
241444,0.04
241447,0.19
241456,0.07
241457,0.02
241464,0.12
241465,0.06
241469,0.01
241479,0.07
241482,0.16
241488,0.1
241489,0.15
241507,0.13
241509,0.03
241511,0.08
241520,0.04
241523,0.03
241536,0.07
241545,0.14
241574,0.05
241577,0.28
241599,0.16
241608,0.12
241627,0.06
241631,0.04
241640,0.11
241642,0.03
241645,0.09
241647,0.01
241649,0.11
241654,0.07
241655,0.02
241657,0.2
241665,0.02
241671,0.01
241678,0.07
241683,0.02
241686,0.02
241699,0.06
241704,0.26
241706,0.13
241709,0.07
241718,0.02
241723,0.11
241729,0.0
241739,0.21
241741,0.06
241752,0.09
241756,0.12
241763,0.03
241779,0.08
241793,0.02
241797,0.06
241804,0.1
241813,0.04
241816,0.09
241817,0.18
241821,0.01
241838,0.15
241839,0.09
241855,0.14
241857,0.02
241887,0.06
241888,0.01
241899,0.25
241903,0.06
241908,0.17
241914,0.13
241919,0.04
241933,0.16
241943,0.01
241947,0.08
241957,0.15
241960,0.06
241961,0.07
241965,0.08
241971,0.07
241982,0.13
241990,0.03
242011,0.06
242022,0.0
242023,0.05
242025,0.22
242035,0.07
242037,0.03
242043,0.04
242067,0.03
242075,0.02
242077,0.05
242088,0.14
242103,0.09
242125,0.03
242134,0.23
242143,0.12
242144,0.13
242148,0.06
242155,0.03
242163,0.05
242171,0.06
242182,0.19
242185,0.04
242188,0.22
242201,0.2
242203,0.01
242204,0.01
242208,0.11
242210,0.05
242217,0.12
242219,0.05
242222,0.14
242224,0.24
242229,0.08
242231,0.24
242236,0.18
242256,0.1
242264,0.03
242269,0.03
242280,0.06
242281,0.05
242285,0.1
242295,0.04
242302,0.18
242314,0.05
242319,0.03
242332,0.1
242338,0.08
242342,0.17
242343,0.09
242345,0.04
242354,0.06
242361,0.14
242365,0.23
242373,0.05
242378,0.03
242383,0.19
242385,0.12
242389,0.04
242397,0.24
242404,0.25
242406,0.18
242410,0.07
242436,0.02
242439,0.12
242440,0.22
242444,0.02
242445,0.1
242455,0.16
242477,0.07
242479,0.19
242484,0.03
242491,0.03
242492,0.03
242497,0.02
242498,0.02
242499,0.18
242500,0.14
242501,0.05
242502,0.06
242516,0.09
242518,0.07
242523,0.14
242525,0.07
242537,0.09
242549,0.05
242550,0.04
242553,0.02
242554,0.03
242561,0.04
242566,0.13
242567,0.15
242587,0.11
242598,0.12
242609,0.15
242611,0.07
242614,0.16
242617,0.26
242622,0.13
242623,0.04
242629,0.05
242633,0.04
242636,0.18
242637,0.18
242642,0.05
242651,0.06
242655,0.05
242667,0.02
242668,0.05
242670,0.07
242681,0.05
242689,0.07
242690,0.21
242692,0.08
242693,0.05
242699,0.09
242706,0.08
242712,0.09
242714,0.17
242715,0.03
242721,0.13
242725,0.04
242728,0.1
242740,0.01
242741,0.01
242762,0.11
242766,0.02
242772,0.04
242779,0.02
242782,0.05
242795,0.17
242796,0.06
242800,0.03
242810,0.04
242816,0.1
242824,0.05
242829,0.33
242833,0.01
242837,0.07
242851,0.11
242857,0.16
242858,0.1
242860,0.04
242874,0.06
242876,0.09
242877,0.02
242879,0.04
242890,0.12
242897,0.08
242898,0.06
242904,0.03
242916,0.11
242920,0.06
242924,0.03
242930,0.01
242936,0.11
242938,0.01
242951,0.07
242952,0.08
242956,0.06
242970,0.23
242972,0.06
242973,0.05
242975,0.01
242979,0.19
242985,0.01
242989,0.02
242994,0.2
242996,0.24
243004,0.08
243013,0.02
243015,0.14
243017,0.02
243022,0.01
243075,0.28
243077,0.05
243089,0.05
243096,0.06
243099,0.02
243109,0.09
243110,0.09
243111,0.06
243112,0.01
243114,0.06
243124,0.21
243128,0.2
243136,0.04
243143,0.07
243148,0.01
243151,0.03
243152,0.12
243163,0.12
243170,0.0
243173,0.01
243184,0.15
243187,0.03
243193,0.14
243206,0.13
243208,0.04
243236,0.07
243237,0.06
243241,0.02
243244,0.03
243251,0.06
243256,0.01
243257,0.04
243263,0.14
243265,0.14
243276,0.15
243283,0.12
243287,0.01
243289,0.17
243291,0.01
243294,0.1
243299,0.14
243301,0.11
243302,0.08
243310,0.11
243313,0.09
243334,0.1
243335,0.04
243345,0.11
243353,0.03
243369,0.04
243371,0.19
243375,0.03
243383,0.17
243387,0.03
243390,0.12
243398,0.07
243399,0.12
243401,0.05
243412,0.0
243430,0.08
243433,0.03
243440,0.04
243445,0.19
243475,0.06
243481,0.05
243501,0.18
243518,0.05
243528,0.1
243544,0.03
243550,0.03
243555,0.02
243558,0.12
243559,0.18
243569,0.23
243580,0.04
243581,0.02
243590,0.08
243611,0.09
243619,0.06
243643,0.06
243659,0.12
243664,0.11
243665,0.25
243679,0.14
243680,0.11
243681,0.03
243689,0.24
243699,0.04
243700,0.12
243703,0.02
243714,0.26
243734,0.11
243741,0.2
243747,0.03
243757,0.12
243764,0.28
243766,0.07
243770,0.07
243774,0.11
243777,0.02
243778,0.03
243783,0.06
243788,0.1
243801,0.09
243802,0.13
243805,0.24
243821,0.03
243828,0.01
243831,0.1
243838,0.25
243850,0.03
243861,0.17
243871,0.17
243873,0.06
243874,0.14
243875,0.06
243891,0.09
243893,0.04
243900,0.04
243907,0.1
243908,0.14
243916,0.14
243921,0.09
243943,0.03
243958,0.16
243963,0.11
243965,0.09
243968,0.05
243978,0.16
243993,0.05
243996,0.14
244004,0.11
244006,0.09
244045,0.09
244046,0.03
244047,0.01
244049,0.03
244051,0.08
244058,0.16
244093,0.03
244100,0.09
244102,0.22
244104,0.07
244108,0.03
244112,0.14
244114,0.13
244134,0.02
244136,0.11
244140,0.04
244151,0.04
244152,0.11
244164,0.13
244168,0.09
244173,0.05
244176,0.03
244179,0.02
244189,0.09
244201,0.09
244205,0.07
244212,0.14
244216,0.09
244226,0.06
244228,0.05
244238,0.09
244246,0.03
244252,0.05
244257,0.04
244266,0.09
244268,0.11
244280,0.02
244290,0.05
244294,0.15
244295,0.14
244296,0.28
244298,0.08
244307,0.16
244321,0.08
244322,0.04
244324,0.05
244335,0.16
244346,0.02
244364,0.11
244372,0.11
244377,0.06
244387,0.26
244388,0.11
244395,0.12
244396,0.06
244403,0.07
244416,0.1
244417,0.03
244420,0.12
244421,0.09
244428,0.15
244429,0.25
244432,0.16
244456,0.08
244460,0.05
244461,0.13
244464,0.01
244470,0.04
244475,0.13
244484,0.11
244487,0.14
244489,0.03
244498,0.13
244526,0.13
244529,0.28
244534,0.07
244536,0.1
244543,0.16
244545,0.13
244555,0.05
244560,0.14
244562,0.14
244570,0.11
244572,0.14
244574,0.17
244605,0.14
244612,0.04
244624,0.04
244631,0.03
244632,0.16
244643,0.03
244652,0.19
244666,0.06
244671,0.04
244672,0.07
244683,0.0
244690,0.06
244696,0.06
244703,0.06
244710,0.07
244713,0.06
244719,0.03
244724,0.13
244736,0.14
244763,0.25
244764,0.31
244765,0.17
244767,0.14
244772,0.19
244786,0.2
244789,0.05
244794,0.08
244799,0.01
244810,0.05
244815,0.03
244830,0.02
244848,0.07
244852,0.01
244866,0.05
244867,0.08
244874,0.03
244887,0.04
244891,0.09
244897,0.21
244898,0.04
244909,0.06
244910,0.18
244913,0.07
244925,0.09
244928,0.08
244932,0.12
244942,0.03
244943,0.17
244949,0.15
244954,0.03
244971,0.06
244973,0.34
244989,0.23
245001,0.11
245012,0.04
245026,0.16
245030,0.08
245036,0.09
245049,0.24
245057,0.08
245062,0.09
245063,0.04
245074,0.02
245076,0.16
245105,0.07
245106,0.06
245121,0.0
245124,0.14
245129,0.03
245133,0.16
245138,0.04
245150,0.11
245156,0.19
245157,0.09
245168,0.08
245170,0.01
245177,0.05
245178,0.02
245182,0.02
245208,0.03
245219,0.11
245221,0.01
245222,0.06
245224,0.01
245225,0.04
245233,0.05
245234,0.14
245244,0.09
245253,0.23
245260,0.03
245272,0.04
245281,0.06
245296,0.14
245297,0.17
245303,0.02
245309,0.07
245313,0.04
245316,0.06
245328,0.07
245344,0.09
245351,0.11
245357,0.15
245367,0.02
245369,0.17
245376,0.13
245381,0.09
245411,0.14
245426,0.07
245428,0.05
245430,0.07
245437,0.21
245443,0.07
245450,0.12
245452,0.05
245468,0.09
245481,0.06
245486,0.0
245496,0.02
245501,0.12
245502,0.07
245503,0.01
245564,0.24
245567,0.05
245568,0.22
245576,0.22
245577,0.04
245578,0.01
245595,0.03
245598,0.06
245604,0.03
245611,0.06
245615,0.17
245617,0.04
245627,0.05
245659,0.07
245661,0.14
245681,0.04
245687,0.18
245697,0.07
245708,0.07
245713,0.02
245717,0.05
245720,0.05
245721,0.14
245724,0.16
245728,0.14
245738,0.08
245746,0.03
245747,0.14
245748,0.17
245766,0.03
245767,0.16
245784,0.03
245792,0.08
245802,0.06
245804,0.01
245815,0.0
245820,0.07
245830,0.06
245834,0.03
245836,0.07
245844,0.12
245853,0.08
245862,0.12
245863,0.05
245882,0.07
245892,0.04
245906,0.11
245913,0.12
245926,0.03
245932,0.01
245933,0.07
245934,0.12
245939,0.13
245948,0.07
245955,0.05
245957,0.04
245967,0.07
245979,0.04
245980,0.13
245989,0.0
245992,0.05
245994,0.09
246006,0.08
246010,0.01
246017,0.1
246041,0.04
246045,0.04
246053,0.11
246057,0.12
246059,0.08
246061,0.06
246079,0.02
246082,0.01
246089,0.05
246091,0.09
246102,0.12
246127,0.2
246134,0.07
246135,0.03
246138,0.27
246143,0.08
246146,0.16
246148,0.02
246152,0.15
246155,0.12
246164,0.09
246171,0.11
246185,0.03
246192,0.15
246200,0.24
246208,0.06
246210,0.15
246213,0.1
246214,0.21
246229,0.08
246242,0.02
246250,0.15
246258,0.03
246267,0.32
246273,0.07
246287,0.02
246289,0.06
246290,0.09
246302,0.02
246303,0.04
246304,0.09
246312,0.05
246319,0.27
246321,0.06
246335,0.09
246337,0.03
246348,0.05
246358,0.05
246362,0.15
246369,0.01
246374,0.09
246382,0.15
246384,0.05
246386,0.27
246390,0.16
246396,0.1
246400,0.12
246401,0.03
246405,0.05
246415,0.1
246416,0.05
246418,0.12
246422,0.0
246423,0.02
246426,0.11
246429,0.08
246432,0.14
246444,0.07
246448,0.09
246455,0.11
246469,0.11
246482,0.01
246488,0.03
246489,0.22
246491,0.1
246502,0.01
246516,0.06
246524,0.12
246525,0.29
246543,0.15
246550,0.06
246554,0.12
246558,0.05
246559,0.22
246560,0.12
246561,0.03
246562,0.02
246564,0.02
246585,0.17
246615,0.06
246618,0.14
246619,0.01
246621,0.15
246624,0.05
246625,0.02
246627,0.11
246628,0.05
246631,0.07
246633,0.08
246654,0.05
246660,0.12
246665,0.16
246669,0.1
246681,0.03
246700,0.14
246705,0.05
246708,0.08
246711,0.04
246724,0.16
246740,0.05
246744,0.06
246745,0.26
246746,0.03
246748,0.02
246752,0.22
246758,0.16
246762,0.01
246765,0.01
246786,0.09
246798,0.02
246807,0.13
246816,0.31
246820,0.11
246833,0.05
246835,0.24
246836,0.11
246845,0.09
246849,0.04
246857,0.2
246861,0.03
246871,0.04
246872,0.17
246877,0.05
246879,0.01
246894,0.19
246896,0.04
246905,0.04
246907,0.21
246928,0.03
246935,0.02
246939,0.09
246947,0.03
246951,0.04
246956,0.04
246972,0.03
246979,0.04
247003,0.04
247005,0.2
247006,0.03
247008,0.06
247014,0.15
247027,0.01
247032,0.12
247036,0.2
247080,0.03
247083,0.02
247086,0.09
247092,0.08
247098,0.04
247103,0.12
247105,0.02
247108,0.06
247118,0.07
247123,0.09
247129,0.09
247139,0.12
247147,0.06
247153,0.13
247157,0.03
247179,0.03
247190,0.13
247213,0.11
247220,0.06
247234,0.03
247260,0.05
247265,0.1
247269,0.15
247272,0.05
247277,0.05
247278,0.15
247280,0.11
247290,0.07
247296,0.08
247314,0.16
247316,0.05
247328,0.05
247332,0.16
247336,0.16
247340,0.15
247342,0.05
247347,0.06
247350,0.09
247351,0.02
247353,0.18
247354,0.09
247360,0.01
247371,0.02
247378,0.06
247394,0.1
247402,0.03
247406,0.07
247409,0.04
247446,0.05
247453,0.04
247455,0.17
247463,0.01
247484,0.05
247485,0.12
247492,0.12
247497,0.1
247510,0.02
247521,0.11
247527,0.09
247534,0.16
247537,0.1
247558,0.03
247559,0.12
247560,0.07
247567,0.09
247572,0.08
247582,0.03
247583,0.05
247594,0.04
247595,0.02
247597,0.03
247598,0.02
247607,0.07
247619,0.15
247632,0.27
247638,0.1
247639,0.08
247646,0.06
247655,0.03
247660,0.06
247672,0.1
247677,0.05
247682,0.05
247685,0.12
247690,0.09
247701,0.0
247708,0.25
247715,0.07
247734,0.04
247758,0.03
247761,0.05
247763,0.06
247766,0.01
247774,0.06
247775,0.15
247779,0.04
247781,0.04
247783,0.14
247785,0.0
247787,0.03
247793,0.03
247798,0.05
247802,0.11
247805,0.03
247814,0.04
247816,0.12
247834,0.05
247836,0.02
247844,0.21
247849,0.21
247852,0.07
247859,0.04
247861,0.15
247867,0.12
247868,0.04
247883,0.11
247890,0.03
247892,0.21
247896,0.02
247897,0.04
247902,0.14
247904,0.06
247909,0.09
247910,0.02
247911,0.08
247929,0.02
247930,0.01
247935,0.02
247942,0.12
247950,0.02
247951,0.01
247972,0.04
247989,0.03
247993,0.09
247995,0.08
248012,0.06
248018,0.06
248019,0.06
248036,0.01
248037,0.05
248039,0.01
248040,0.15
248043,0.1
248054,0.05
248056,0.09
248068,0.16
248075,0.09
248085,0.03
248087,0.04
248089,0.11
248095,0.05
248105,0.03
248109,0.05
248115,0.04
248131,0.14
248135,0.02
248148,0.04
248154,0.18
248156,0.12
248165,0.08
248169,0.05
248173,0.07
248179,0.08
248187,0.06
248204,0.06
248207,0.12
248210,0.19
248212,0.07
248214,0.05
248229,0.02
248236,0.04
248239,0.11
248240,0.17
248246,0.02
248249,0.08
248261,0.08
248267,0.11
248268,0.15
248272,0.05
248276,0.05
248293,0.1
248303,0.11
248307,0.06
248308,0.31
248327,0.08
248330,0.09
248345,0.1
248355,0.07
248364,0.08
248368,0.09
248373,0.13
248375,0.11
248378,0.12
248390,0.07
248394,0.09
248405,0.03
248409,0.14
248411,0.04
248415,0.18
248416,0.03
248419,0.15
248421,0.06
248422,0.07
248424,0.06
248427,0.14
248429,0.4
248435,0.09
248452,0.04
248461,0.06
248467,0.02
248472,0.08
248473,0.01
248476,0.09
248488,0.17
248489,0.21
248505,0.06
248509,0.04
248510,0.07
248512,0.09
248524,0.32
248526,0.1
248528,0.07
248533,0.01
248546,0.03
248568,0.04
248570,0.09
248579,0.05
248583,0.11
248585,0.01
248586,0.04
248596,0.02
248597,0.21
248601,0.08
248605,0.11
248613,0.09
248618,0.03
248622,0.03
248626,0.04
248627,0.01
248628,0.01
248635,0.04
248636,0.08
248644,0.06
248667,0.06
248675,0.03
248677,0.15
248693,0.12
248694,0.16
248699,0.0
248706,0.2
248726,0.12
248728,0.01
248731,0.04
248736,0.37
248738,0.29
248739,0.01
248744,0.08
248745,0.08
248756,0.07
248760,0.08
248767,0.18
248770,0.04
248772,0.1
248773,0.04
248785,0.06
248789,0.02
248791,0.09
248797,0.05
248826,0.0
248853,0.03
248854,0.08
248856,0.09
248861,0.03
248869,0.28
248871,0.09
248877,0.06
248883,0.22
248891,0.01
248892,0.17
248905,0.06
248910,0.08
248914,0.04
248921,0.05
248931,0.09
248934,0.02
248951,0.04
248954,0.1
248961,0.05
248966,0.04
248968,0.12
248977,0.02
248978,0.05
248986,0.12
249000,0.06
249005,0.07
249025,0.05
249040,0.22
249045,0.12
249056,0.08
249057,0.05
249075,0.21
249084,0.1
249089,0.05
249095,0.32
249101,0.05
249113,0.03
249116,0.07
249118,0.13
249137,0.13
249140,0.12
249149,0.05
249151,0.04
249154,0.03
249155,0.07
249171,0.03
249173,0.21
249190,0.08
249191,0.05
249197,0.04
249205,0.15
249212,0.24
249228,0.1
249235,0.14
249266,0.01
249269,0.07
249277,0.06
249298,0.04
249305,0.21
249310,0.07
249313,0.08
249320,0.19
249321,0.0
249332,0.04
249333,0.16
249339,0.08
249343,0.27
249345,0.13
249347,0.13
249348,0.07
249358,0.01
249370,0.23
249382,0.11
249397,0.01
249398,0.1
249400,0.14
249403,0.19
249412,0.22
249421,0.09
249422,0.03
249426,0.07
249445,0.08
249460,0.02
249465,0.01
249467,0.05
249481,0.18
249495,0.08
249496,0.14
249505,0.02
249507,0.09
249523,0.02
249528,0.07
249532,0.11
249534,0.07
249540,0.05
249542,0.09
249557,0.05
249559,0.17
249578,0.07
249581,0.05
249588,0.07
249595,0.11
249603,0.09
249615,0.04
249630,0.1
249636,0.0
249640,0.03
249648,0.05
249657,0.05
249661,0.05
249664,0.0
249668,0.18
249677,0.04
249681,0.1
249687,0.07
249688,0.15
249695,0.28
249703,0.06
249705,0.15
249718,0.27
249719,0.11
249720,0.05
249726,0.02
249728,0.1
249742,0.04
249764,0.15
249768,0.09
249770,0.12
249774,0.06
249779,0.1
249783,0.05
249801,0.35
249808,0.1
249818,0.02
249820,0.22
249832,0.16
249839,0.06
249843,0.21
249845,0.1
249847,0.18
249878,0.12
249883,0.02
249895,0.06
249898,0.13
249906,0.05
249909,0.04
249913,0.09
249920,0.14
249921,0.02
249928,0.27
249941,0.08
249951,0.04
249955,0.07
250020,0.01
250022,0.04
250026,0.12
250038,0.15
250045,0.23
250048,0.14
250049,0.15
250051,0.08
250056,0.15
250073,0.05
250085,0.03
250088,0.17
250091,0.07
250092,0.07
250093,0.08
250095,0.08
250098,0.1
250105,0.11
250114,0.22
250127,0.11
250134,0.15
250137,0.01
250153,0.06
250156,0.13
250176,0.05
250188,0.07
250189,0.17
250211,0.1
250212,0.09
250217,0.06
250226,0.17
250236,0.47
250237,0.09
250246,0.09
250270,0.03
250276,0.14
250299,0.12
250311,0.04
250312,0.21
250319,0.05
250324,0.03
250331,0.03
250340,0.03
250347,0.06
250354,0.14
250358,0.06
250359,0.04
250361,0.26
250363,0.04
250371,0.11
250377,0.15
250381,0.03
250391,0.04
250415,0.0
250416,0.19
250430,0.12
250431,0.05
250438,0.08
250444,0.04
250453,0.14
250458,0.05
250462,0.22
250469,0.03
250473,0.02
250481,0.15
250498,0.19
250502,0.21
250508,0.09
250514,0.04
250521,0.01
250522,0.17
250530,0.01
250531,0.07
250533,0.09
250539,0.1
250541,0.1
250545,0.14
250557,0.16
250576,0.17
250579,0.02
250585,0.33
250586,0.05
250591,0.1
250592,0.03
250596,0.09
250616,0.07
250617,0.08
250632,0.11
250636,0.05
250640,0.1
250657,0.09
250658,0.1
250661,0.05
250684,0.04
250685,0.06
250691,0.12
250692,0.11
250712,0.02
250713,0.07
250719,0.21
250737,0.22
250749,0.09
250772,0.1
250773,0.29
250774,0.01
250781,0.09
250783,0.03
250810,0.07
250814,0.04
250819,0.09
250831,0.07
250855,0.05
250867,0.07
250878,0.03
250887,0.01
250889,0.05
250890,0.05
250900,0.1
250904,0.07
250909,0.08
250913,0.07
250914,0.12
250915,0.14
250918,0.09
250922,0.13
250925,0.09
250939,0.05
250949,0.0
250956,0.08
250961,0.06
250963,0.06
250965,0.05
250968,0.05
250970,0.04
250981,0.05
250990,0.0
251001,0.1
251002,0.02
251011,0.13
251013,0.05
251021,0.05
251022,0.02
251029,0.02
251046,0.14
251047,0.03
251058,0.04
251063,0.03
251064,0.14
251073,0.24
251083,0.08
251085,0.11
251091,0.15
251096,0.12
251105,0.21
251115,0.03
251123,0.0
251133,0.14
251152,0.02
251165,0.15
251180,0.06
251196,0.28
251197,0.15
251214,0.06
251215,0.29
251217,0.13
251219,0.07
251233,0.01
251234,0.08
251245,0.06
251248,0.3
251255,0.06
251267,0.0
251272,0.13
251276,0.09
251288,0.07
251297,0.06
251298,0.18
251300,0.11
251301,0.02
251302,0.05
251303,0.17
251311,0.02
251314,0.17
251322,0.05
251324,0.13
251333,0.08
251336,0.12
251341,0.14
251346,0.06
251370,0.08
251378,0.08
251396,0.04
251401,0.17
251413,0.03
251422,0.07
251423,0.04
251434,0.1
251436,0.05
251443,0.1
251445,0.1
251455,0.05
251465,0.14
251470,0.01
251475,0.28
251488,0.08
251498,0.23
251504,0.06
251506,0.15
251530,0.1
251534,0.09
251538,0.16
251543,0.04
251557,0.13
251558,0.12
251567,0.03
251575,0.16
251579,0.04
251598,0.15
251599,0.11
251606,0.08
251608,0.1
251620,0.09
251624,0.05
251629,0.04
251631,0.02
251654,0.16
251671,0.0
251677,0.07
251682,0.05
251684,0.11
251689,0.14
251700,0.14
251716,0.03
251719,0.06
251727,0.15
251731,0.2
251732,0.01
251737,0.03
251744,0.12
251750,0.08
251754,0.22
251759,0.03
251761,0.26
251762,0.14
251765,0.02
251768,0.1
251770,0.03
251777,0.02
251786,0.05
251795,0.03
251805,0.06
251833,0.05
251839,0.05
251848,0.09
251851,0.06
251893,0.01
251909,0.02
251918,0.04
251920,0.03
251922,0.09
251923,0.16
251926,0.18
251933,0.03
251938,0.06
251948,0.15
251955,0.02
251956,0.07
251957,0.01
251964,0.03
251965,0.08
251966,0.09
251972,0.03
251980,0.05
252003,0.1
252016,0.09
252028,0.07
252032,0.03
252046,0.03
252054,0.05
252060,0.14
252073,0.05
252088,0.05
252092,0.04
252096,0.06
252113,0.08
252115,0.03
252121,0.04
252133,0.15
252135,0.02
252145,0.13
252151,0.03
252167,0.09
252169,0.07
252175,0.2
252189,0.11
252190,0.17
252191,0.12
252198,0.04
252212,0.1
252223,0.01
252224,0.17
252228,0.24
252253,0.03
252257,0.21
252261,0.07
252265,0.06
252272,0.02
252273,0.06
252286,0.27
252312,0.0
252322,0.04
252326,0.09
252332,0.03
252345,0.07
252348,0.06
252354,0.09
252358,0.15
252364,0.1
252366,0.16
252369,0.14
252374,0.08
252382,0.14
252417,0.16
252425,0.18
252426,0.04
252429,0.18
252434,0.2
252447,0.07
252450,0.04
252452,0.17
252460,0.04
252463,0.06
252465,0.09
252492,0.14
252493,0.15
252518,0.18
252522,0.18
252524,0.02
252531,0.06
252533,0.06
252540,0.15
252543,0.05
252544,0.05
252555,0.01
252558,0.14
252562,0.05
252565,0.25
252568,0.01
252569,0.05
252573,0.07
252582,0.06
252596,0.01
252599,0.03
252603,0.04
252606,0.09
252630,0.04
252636,0.04
252651,0.04
252653,0.02
252679,0.1
252682,0.1
252687,0.18
252713,0.06
252715,0.02
252721,0.09
252726,0.07
252746,0.02
252754,0.01
252760,0.06
252762,0.13
252763,0.06
252764,0.14
252768,0.06
252773,0.01
252774,0.08
252782,0.12
252784,0.03
252797,0.05
252798,0.07
252809,0.06
252819,0.06
252840,0.03
252862,0.05
252863,0.12
252865,0.16
252870,0.21
252880,0.1
252881,0.07
252888,0.05
252889,0.07
252894,0.05
252899,0.01
252911,0.06
252918,0.03
252926,0.11
252929,0.05
252932,0.15
252939,0.1
252940,0.06
252970,0.02
252971,0.06
252980,0.06
252981,0.03
252986,0.06
252990,0.04
253004,0.03
253011,0.07
253015,0.03
253022,0.09
253032,0.11
253044,0.19
253056,0.03
253065,0.1
253066,0.09
253067,0.11
253079,0.01
253088,0.06
253098,0.05
253099,0.2
253112,0.23
253113,0.11
253133,0.09
253149,0.03
253151,0.03
253153,0.07
253160,0.07
253164,0.01
253169,0.15
253177,0.02
253183,0.14
253198,0.08
253206,0.21
253214,0.15
253218,0.02
253224,0.02
253227,0.09
253231,0.1
253247,0.06
253251,0.09
253262,0.07
253264,0.06
253265,0.13
253273,0.13
253275,0.1
253278,0.03
253284,0.07
253298,0.1
253313,0.12
253317,0.04
253322,0.08
253326,0.07
253332,0.2
253338,0.01
253339,0.03
253346,0.05
253348,0.19
253350,0.06
253357,0.1
253363,0.22
253365,0.07
253369,0.04
253373,0.2
253378,0.02
253383,0.18
253392,0.05
253395,0.05
253398,0.05
253410,0.13
253419,0.07
253420,0.06
253421,0.25
253441,0.08
253442,0.03
253446,0.09
253447,0.12
253465,0.08
253488,0.1
253492,0.05
253499,0.32
253500,0.11
253501,0.03
253509,0.01
253521,0.03
253534,0.04
253544,0.05
253555,0.14
253557,0.2
253559,0.03
253583,0.16
253587,0.09
253589,0.06
253591,0.04
253596,0.06
253600,0.02
253605,0.0
253620,0.03
253628,0.01
253631,0.26
253634,0.01
253639,0.07
253641,0.16
253661,0.05
253672,0.12
253679,0.05
253683,0.05
253696,0.11
253706,0.0
253708,0.03
253712,0.01
253717,0.07
253720,0.1
253731,0.11
253734,0.13
253743,0.15
253744,0.07
253748,0.1
253754,0.02
253761,0.19
253787,0.1
253788,0.04
253796,0.23
253826,0.1
253829,0.05
253837,0.27
253841,0.1
253843,0.06
253844,0.1
253845,0.08
253849,0.09
253854,0.11
253861,0.04
253863,0.09
253875,0.11
253891,0.08
253894,0.14
253895,0.15
253918,0.23
253930,0.06
253939,0.06
253940,0.07
253945,0.13
253950,0.02
253951,0.02
253964,0.17
253967,0.06
253975,0.29
253986,0.01
253998,0.11
254017,0.18
254025,0.14
254026,0.04
254031,0.07
254035,0.03
254040,0.02
254042,0.02
254047,0.02
254051,0.22
254056,0.08
254060,0.09
254068,0.07
254073,0.14
254088,0.04
254100,0.02
254110,0.16
254115,0.05
254116,0.31
254125,0.05
254130,0.01
254135,0.08
254149,0.1
254161,0.05
254167,0.09
254176,0.14
254205,0.02
254226,0.08
254228,0.14
254238,0.05
254242,0.1
254257,0.29
254261,0.09
254280,0.01
254295,0.06
254316,0.12
254325,0.15
254326,0.25
254327,0.05
254335,0.02
254342,0.13
254347,0.09
254355,0.14
254358,0.05
254359,0.04
254368,0.06
254376,0.11
254382,0.19
254383,0.18
254390,0.11
254392,0.12
254394,0.03
254400,0.04
254406,0.09
254411,0.04
254421,0.05
254435,0.06
254437,0.01
254440,0.01
254460,0.04
254470,0.07
254471,0.1
254472,0.02
254483,0.33
254493,0.02
254513,0.02
254518,0.2
254520,0.16
254534,0.04
254537,0.1
254562,0.06
254567,0.03
254577,0.1
254578,0.08
254580,0.24
254586,0.07
254591,0.1
254593,0.02
254597,0.34
254599,0.01
254613,0.03
254629,0.14
254631,0.11
254633,0.11
254639,0.03
254642,0.08
254650,0.07
254659,0.04
254662,0.07
254671,0.1
254672,0.04
254674,0.08
254676,0.22
254679,0.02
254701,0.02
254722,0.02
254728,0.02
254742,0.05
254748,0.06
254750,0.03
254751,0.09
254753,0.06
254773,0.12
254783,0.03
254805,0.05
254806,0.17
254810,0.07
254817,0.01
254820,0.01
254829,0.1
254835,0.05
254837,0.1
254843,0.12
254850,0.08
254858,0.07
254861,0.06
254884,0.02
254885,0.09
254890,0.04
254910,0.08
254916,0.06
254917,0.1
254920,0.03
254926,0.03
254928,0.05
254930,0.1
254937,0.22
254940,0.06
254953,0.05
254956,0.02
254969,0.04
254982,0.09
254988,0.1
254998,0.07
255013,0.32
255017,0.14
255018,0.05
255029,0.06
255033,0.22
255035,0.14
255061,0.18
255067,0.02
255068,0.05
255070,0.2
255084,0.05
255096,0.17
255106,0.13
255114,0.05
255117,0.02
255135,0.02
255142,0.13
255143,0.14
255146,0.18
255155,0.13
255156,0.07
255158,0.03
255167,0.04
255172,0.1
255199,0.02
255204,0.01
255206,0.05
255210,0.11
255226,0.03
255230,0.04
255253,0.11
255259,0.05
255260,0.02
255278,0.07
255288,0.03
255312,0.08
255317,0.03
255319,0.11
255320,0.1
255322,0.06
255332,0.29
255337,0.08
255344,0.01
255347,0.06
255348,0.06
255351,0.13
255366,0.15
255371,0.01
255372,0.0
255373,0.28
255377,0.05
255378,0.12
255405,0.13
255408,0.06
255425,0.14
255434,0.14
255441,0.04
255442,0.14
255451,0.08
255486,0.05
255490,0.29
255493,0.05
255501,0.04
255503,0.0
255515,0.1
255522,0.09
255526,0.07
255538,0.18
255541,0.02
255546,0.21
255549,0.07
255557,0.0
255564,0.14
255568,0.06
255572,0.07
255581,0.04
255585,0.0
255586,0.11
255596,0.05
255598,0.02
255600,0.16
255619,0.09
255620,0.05
255623,0.02
255631,0.03
255632,0.13
255633,0.17
255646,0.12
255647,0.17
255649,0.03
255659,0.11
255666,0.08
255669,0.11
255674,0.05
255675,0.01
255678,0.1
255682,0.29
255690,0.17
255691,0.03
255694,0.05
255706,0.01
255717,0.02
255720,0.06
255723,0.09
255724,0.17
255729,0.05
255731,0.08
255733,0.03
255734,0.16
255738,0.09
255760,0.02
255766,0.03
255770,0.05
255772,0.02
255775,0.06
255776,0.02
255786,0.0
255795,0.05
255797,0.18
255810,0.05
255813,0.08
255829,0.14
255830,0.02
255832,0.11
255847,0.04
255853,0.15
255876,0.02
255881,0.01
255883,0.02
255891,0.03
255899,0.02
255900,0.07
255906,0.04
255907,0.19
255911,0.06
255921,0.06
255925,0.14
255930,0.11
255941,0.01
255948,0.07
255969,0.13
255973,0.09
255974,0.05
255976,0.11
255977,0.05
255978,0.05
255981,0.06
255988,0.04
255990,0.02
255992,0.11
255998,0.11
256015,0.06
256016,0.07
256036,0.04
256045,0.14
256050,0.07
256066,0.28
256076,0.16
256080,0.02
256083,0.1
256086,0.06
256103,0.04
256108,0.05
256114,0.09
256115,0.05
256139,0.07
256141,0.06
256146,0.03
256150,0.02
256177,0.09
256179,0.05
256194,0.05
256195,0.04
256200,0.16
256204,0.05
256205,0.13
256213,0.13
256222,0.04
256224,0.03
256235,0.2
256264,0.05
256268,0.07
256276,0.2
256277,0.05
256282,0.04
256285,0.01
256293,0.05
256294,0.0
256296,0.1
256297,0.08
256315,0.04
256317,0.14
256334,0.09
256339,0.01
256342,0.2
256345,0.07
256348,0.22
256350,0.1
256351,0.24
256357,0.1
256375,0.16
256377,0.09
256379,0.23
256392,0.03
256398,0.02
256419,0.01
256422,0.03
256424,0.03
256431,0.04
256432,0.09
256438,0.12
256459,0.01
256460,0.12
256506,0.28
256507,0.03
256511,0.06
256513,0.12
256519,0.02
256533,0.02
256539,0.11
256590,0.07
256606,0.22
256614,0.11
256642,0.11
256644,0.01
256653,0.07
256663,0.01
256666,0.04
256669,0.09
256678,0.1
256685,0.1
256705,0.04
256708,0.07
256713,0.02
256715,0.09
256718,0.09
256745,0.05
256752,0.06
256753,0.03
256754,0.08
256763,0.0
256772,0.02
256773,0.13
256774,0.14
256776,0.23
256783,0.09
256790,0.03
256801,0.17
256802,0.26
256803,0.19
256808,0.03
256809,0.04
256810,0.12
256818,0.12
256824,0.0
256825,0.02
256826,0.02
256829,0.1
256834,0.07
256843,0.27
256866,0.16
256875,0.11
256876,0.02
256887,0.07
256888,0.03
256894,0.03
256909,0.03
256918,0.13
256927,0.06
256931,0.05
256933,0.22
256937,0.12
256950,0.15
256955,0.02
256962,0.04
256972,0.02
256985,0.18
256987,0.15
256993,0.04
257000,0.11
257017,0.03
257019,0.04
257020,0.06
257022,0.07
257023,0.1
257025,0.15
257050,0.04
257056,0.06
257060,0.14
257064,0.11
257066,0.09
257071,0.12
257073,0.03
257076,0.01
257084,0.04
257088,0.15
257102,0.13
257118,0.1
257119,0.11
257120,0.06
257131,0.14
257145,0.15
257150,0.07
257154,0.14
257169,0.1
257192,0.09
257200,0.05
257204,0.06
257205,0.12
257213,0.05
257216,0.02
257219,0.06
257232,0.1
257234,0.04
257244,0.1
257251,0.05
257255,0.07
257260,0.04
257263,0.26
257267,0.1
257277,0.09
257293,0.03
257294,0.02
257304,0.01
257307,0.02
257312,0.06
257324,0.15
257325,0.09
257326,0.03
257353,0.04
257354,0.01
257369,0.0
257372,0.06
257375,0.03
257388,0.12
257393,0.12
257395,0.05
257399,0.12
257406,0.2
257409,0.01
257437,0.03
257441,0.02
257442,0.1
257473,0.0
257476,0.05
257477,0.27
257483,0.19
257500,0.06
257506,0.1
257508,0.06
257511,0.11
257514,0.04
257527,0.26
257528,0.16
257545,0.1
257546,0.1
257548,0.05
257551,0.02
257564,0.01
257565,0.04
257567,0.19
257572,0.05
257575,0.11
257577,0.3
257578,0.01
257585,0.02
257589,0.13
257590,0.13
257594,0.06
257596,0.04
257614,0.12
257618,0.07
257624,0.04
257632,0.01
257638,0.04
257644,0.16
257650,0.08
257653,0.08
257660,0.2
257663,0.08
257665,0.07
257677,0.07
257678,0.03
257690,0.17
257700,0.06
257711,0.04
257712,0.25
257715,0.03
257718,0.04
257720,0.09
257740,0.17
257748,0.03
257765,0.07
257768,0.16
257777,0.02
257778,0.05
257785,0.1
257789,0.15
257794,0.13
257796,0.16
257821,0.1
257823,0.19
257832,0.02
257844,0.28
257848,0.18
257854,0.03
257861,0.25
257872,0.13
257875,0.08
257876,0.1
257883,0.06
257888,0.08
257895,0.03
257900,0.05
257906,0.02
257907,0.11
257920,0.09
257921,0.11
257926,0.06
257932,0.03
257940,0.09
257947,0.17
257953,0.11
257958,0.04
257967,0.06
257977,0.02
257986,0.04
258012,0.07
258013,0.06
258031,0.03
258034,0.08
258037,0.22
258051,0.13
258056,0.07
258058,0.06
258066,0.16
258074,0.07
258077,0.06
258090,0.08
258109,0.05
258114,0.09
258124,0.02
258127,0.11
258141,0.04
258148,0.07
258151,0.1
258163,0.07
258166,0.07
258169,0.07
258179,0.08
258190,0.1
258193,0.03
258207,0.4
258220,0.04
258222,0.07
258223,0.06
258225,0.04
258227,0.05
258231,0.07
258233,0.24
258249,0.04
258255,0.05
258259,0.12
258276,0.05
258281,0.28
258302,0.07
258305,0.07
258310,0.07
258334,0.07
258335,0.1
258338,0.02
258345,0.04
258360,0.0
258363,0.05
258381,0.21
258384,0.09
258387,0.05
258400,0.05
258402,0.08
258406,0.08
258408,0.2
258432,0.05
258443,0.02
258461,0.02
258488,0.16
258489,0.04
258508,0.07
258524,0.02
258527,0.01
258545,0.01
258549,0.04
258560,0.09
258565,0.06
258567,0.08
258575,0.09
258590,0.01
258591,0.04
258592,0.01
258603,0.09
258606,0.13
258610,0.12
258627,0.12
258631,0.01
258637,0.06
258638,0.06
258640,0.08
258645,0.03
258651,0.01
258652,0.17
258653,0.07
258662,0.01
258663,0.09
258671,0.07
258679,0.07
258685,0.05
258686,0.24
258697,0.13
258705,0.15
258723,0.23
258724,0.12
258734,0.03
258763,0.08
258764,0.05
258771,0.03
258773,0.05
258782,0.1
258784,0.01
258790,0.06
258811,0.01
258817,0.03
258818,0.11
258832,0.16
258837,0.19
258841,0.19
258842,0.04
258843,0.04
258860,0.05
258875,0.06
258881,0.02
258887,0.02
258889,0.03
258924,0.08
258925,0.18
258948,0.14
258949,0.04
258963,0.2
258964,0.04
258966,0.21
258973,0.04
258974,0.01
258979,0.08
258989,0.15
258997,0.11
259001,0.03
259013,0.14
259018,0.13
259020,0.21
259031,0.08
259044,0.09
259050,0.23
259064,0.01
259078,0.06
259088,0.27
259124,0.05
259125,0.03
259135,0.08
259137,0.04
259146,0.04
259148,0.28
259168,0.12
259178,0.06
259194,0.02
259198,0.03
259204,0.04
259209,0.03
259223,0.05
259228,0.11
259234,0.28
259237,0.08
259246,0.11
259247,0.02
259249,0.08
259264,0.02
259274,0.05
259281,0.09
259283,0.08
259284,0.05
259285,0.11
259286,0.07
259291,0.16
259304,0.02
259309,0.02
259322,0.03
259323,0.22
259331,0.1
259339,0.04
259344,0.1
259350,0.14
259353,0.07
259356,0.05
259365,0.09
259377,0.13
259397,0.02
259403,0.06
259411,0.02
259415,0.05
259420,0.09
259423,0.05
259424,0.07
259431,0.04
259434,0.1
259438,0.09
259439,0.08
259441,0.11
259452,0.01
259460,0.03
259471,0.02
259483,0.06
259494,0.1
259496,0.06
259500,0.18
259512,0.06
259526,0.05
259528,0.02
259548,0.02
259568,0.06
259593,0.15
259603,0.01
259611,0.02
259620,0.05
259621,0.27
259623,0.1
259633,0.14
259648,0.06
259678,0.01
259691,0.05
259693,0.03
259708,0.14
259720,0.04
259734,0.04
259741,0.12
259749,0.03
259750,0.05
259752,0.07
259755,0.05
259759,0.08
259776,0.04
259779,0.09
259790,0.12
259797,0.03
259799,0.05
259804,0.04
259807,0.1
259810,0.02
259811,0.22
259822,0.01
259833,0.01
259838,0.02
259844,0.09
259846,0.11
259848,0.12
259861,0.1
259867,0.06
259876,0.1
259880,0.05
259897,0.07
259908,0.13
259912,0.03
259920,0.05
259922,0.04
259928,0.06
259932,0.01
259946,0.02
259962,0.25
259982,0.05
259985,0.06
259994,0.16
259996,0.18
260000,0.17
260007,0.21
260018,0.07
260021,0.09
260038,0.02
260051,0.11
260052,0.06
260070,0.06
260074,0.02
260080,0.14
260092,0.02
260097,0.02
260101,0.03
260108,0.07
260117,0.12
260129,0.05
260142,0.03
260145,0.03
260146,0.1
260147,0.1
260148,0.11
260153,0.04
260156,0.05
260171,0.01
260202,0.02
260221,0.06
260222,0.09
260226,0.13
260227,0.17
260247,0.04
260251,0.05
260261,0.03
260264,0.0
260266,0.08
260268,0.18
260289,0.04
260301,0.04
260316,0.04
260348,0.0
260359,0.07
260364,0.16
260391,0.09
260422,0.08
260435,0.02
260438,0.05
260446,0.03
260447,0.14
260458,0.09
260461,0.1
260469,0.06
260471,0.14
260482,0.21
260484,0.04
260487,0.17
260489,0.09
260500,0.1
260508,0.03
260509,0.17
260512,0.07
260525,0.01
260530,0.04
260533,0.06
260538,0.15
260541,0.14
260546,0.11
260551,0.04
260556,0.24
260561,0.03
260566,0.09
260572,0.09
260579,0.18
260582,0.12
260583,0.02
260584,0.07
260586,0.07
260589,0.05
260608,0.18
260632,0.13
260634,0.04
260635,0.14
260645,0.09
260659,0.06
260665,0.09
260673,0.04
260675,0.11
260676,0.02
260700,0.23
260721,0.42
260723,0.09
260732,0.05
260738,0.02
260748,0.0
260782,0.11
260806,0.03
260820,0.01
260825,0.07
260830,0.0
260844,0.09
260858,0.09
260860,0.08
260863,0.12
260867,0.07
260875,0.02
260877,0.15
260902,0.16
260910,0.06
260913,0.03
260923,0.02
260926,0.22
260936,0.02
260937,0.12
260948,0.19
260949,0.09
260959,0.09
260962,0.21
260986,0.19
260988,0.02
260992,0.15
260997,0.03
261007,0.1
261031,0.01
261039,0.08
261044,0.04
261055,0.11
261058,0.05
261069,0.09
261079,0.02
261084,0.01
261097,0.2
261101,0.1
261111,0.17
261115,0.04
261116,0.22
261121,0.06
261124,0.15
261126,0.02
261132,0.04
261161,0.05
261162,0.04
261175,0.04
261187,0.1
261191,0.07
261195,0.0
261197,0.13
261204,0.07
261231,0.06
261248,0.01
261263,0.14
261268,0.16
261273,0.1
261274,0.05
261277,0.19
261283,0.08
261293,0.04
261302,0.18
261309,0.06
261318,0.05
261340,0.19
261346,0.12
261355,0.08
261357,0.08
261365,0.03
261366,0.1
261376,0.11
261380,0.06
261385,0.28
261403,0.03
261416,0.19
261424,0.17
261425,0.1
261431,0.04
261433,0.03
261435,0.1
261440,0.02
261450,0.04
261456,0.29
261464,0.14
261465,0.06
261473,0.02
261475,0.1
261476,0.09
261480,0.02
261481,0.03
261495,0.07
261500,0.0
261506,0.02
261544,0.02
261551,0.02
261566,0.2
261573,0.06
261587,0.06
261592,0.07
261594,0.0
261626,0.01
261635,0.09
261649,0.03
261653,0.03
261660,0.19
261668,0.06
261669,0.06
261676,0.02
261688,0.03
261691,0.03
261699,0.06
261704,0.09
261718,0.21
261719,0.03
261735,0.08
261742,0.01
261746,0.26
261749,0.12
261759,0.07
261763,0.07
261772,0.07
261795,0.09
261798,0.03
261804,0.03
261806,0.05
261813,0.18
261814,0.07
261827,0.02
261835,0.07
261839,0.14
261840,0.15
261845,0.03
261846,0.06
261850,0.1
261853,0.05
261870,0.24
261871,0.04
261883,0.13
261885,0.06
261888,0.05
261892,0.02
261895,0.07
261906,0.02
261912,0.13
261918,0.06
261926,0.1
261930,0.05
261947,0.01
261956,0.02
261958,0.03
261960,0.06
261961,0.15
261965,0.09
261967,0.3
261968,0.04
261974,0.09
261980,0.12
261981,0.04
261983,0.06
261992,0.07
261998,0.03
262002,0.06
262006,0.04
262014,0.02
262017,0.14
262021,0.07
262038,0.13
262040,0.02
262043,0.09
262052,0.08
262054,0.08
262056,0.04
262058,0.05
262062,0.2
262065,0.12
262067,0.04
262070,0.08
262078,0.08
262084,0.12
262091,0.32
262092,0.06
262112,0.05
262114,0.05
262132,0.09
262140,0.28
262152,0.22
262159,0.06
262172,0.05
262180,0.07
262181,0.07
262188,0.35
262202,0.08
262206,0.05
262213,0.11
262227,0.07
262239,0.08
262243,0.07
262246,0.04
262251,0.12
262269,0.03
262272,0.03
262276,0.03
262277,0.05
262278,0.13
262281,0.09
262298,0.09
262308,0.01
262316,0.04
262320,0.08
262321,0.14
262337,0.21
262354,0.23
262362,0.1
262364,0.03
262365,0.01
262372,0.12
262373,0.03
262380,0.08
262392,0.07
262399,0.03
262407,0.15
262418,0.19
262429,0.16
262430,0.03
262446,0.04
262455,0.01
262459,0.2
262475,0.02
262478,0.2
262492,0.03
262520,0.04
262535,0.07
262537,0.06
262538,0.2
262541,0.0
262554,0.32
262559,0.08
262561,0.08
262562,0.02
262575,0.25
262576,0.06
262579,0.05
262581,0.11
262590,0.08
262599,0.06
262607,0.04
262608,0.03
262613,0.09
262620,0.02
262621,0.34
262622,0.02
262623,0.19
262629,0.01
262633,0.07
262650,0.05
262655,0.07
262659,0.06
262660,0.16
262663,0.05
262665,0.09
262666,0.08
262679,0.04
262681,0.19
262702,0.09
262705,0.11
262716,0.04
262725,0.05
262732,0.06
262743,0.02
262749,0.07
262752,0.09
262756,0.09
262758,0.15
262772,0.13
262784,0.01
262791,0.05
262793,0.18
262802,0.14
262814,0.22
262817,0.06
262820,0.05
262827,0.03
262832,0.01
262845,0.05
262847,0.06
262859,0.07
262862,0.13
262864,0.15
262865,0.13
262887,0.02
262914,0.12
262939,0.09
262943,0.14
262958,0.18
262963,0.04
262970,0.02
262979,0.11
262986,0.05
263004,0.02
263015,0.04
263016,0.08
263028,0.09
263029,0.17
263031,0.06
263044,0.03
263046,0.1
263056,0.07
263059,0.02
263061,0.19
263077,0.06
263087,0.14
263105,0.03
263116,0.19
263120,0.08
263127,0.31
263137,0.11
263166,0.09
263175,0.17
263184,0.02
263185,0.03
263205,0.06
263208,0.02
263210,0.25
263220,0.09
263224,0.11
263228,0.06
263240,0.06
263243,0.13
263288,0.05
263290,0.23
263306,0.06
263312,0.05
263319,0.01
263326,0.04
263331,0.04
263339,0.05
263347,0.04
263353,0.05
263355,0.2
263368,0.16
263408,0.04
263414,0.11
263421,0.05
263440,0.06
263458,0.05
263460,0.04
263475,0.01
263477,0.09
263479,0.06
263489,0.12
263492,0.14
263493,0.09
263498,0.04
263510,0.1
263513,0.06
263514,0.02
263517,0.07
263518,0.02
263548,0.06
263561,0.1
263564,0.09
263565,0.15
263576,0.02
263580,0.28
263582,0.01
263584,0.02
263593,0.3
263594,0.09
263598,0.01
263602,0.12
263611,0.1
263640,0.12
263642,0.04
263643,0.06
263646,0.04
263658,0.04
263664,0.02
263683,0.07
263703,0.13
263705,0.08
263709,0.08
263715,0.04
263728,0.07
263732,0.06
263735,0.0
263748,0.09
263750,0.02
263751,0.08
263759,0.12
263763,0.03
263765,0.02
263780,0.02
263783,0.05
263786,0.16
263794,0.08
263799,0.03
263802,0.08
263803,0.08
263820,0.1
263846,0.11
263857,0.01
263858,0.05
263860,0.18
263864,0.01
263870,0.04
263879,0.1
263881,0.09
263882,0.07
263895,0.08
263909,0.16
263918,0.09
263940,0.06
263945,0.01
263946,0.1
263947,0.08
263948,0.15
263962,0.09
263972,0.26
263974,0.0
263981,0.08
263984,0.1
263992,0.27
264001,0.08
264007,0.03
264010,0.06
264011,0.18
264015,0.11
264023,0.19
264030,0.04
264033,0.05
264037,0.04
264043,0.04
264044,0.02
264045,0.26
264050,0.04
264055,0.06
264059,0.06
264060,0.18
264062,0.12
264069,0.1
264077,0.12
264078,0.03
264087,0.01
264094,0.16
264095,0.21
264112,0.08
264113,0.18
264131,0.02
264145,0.1
264148,0.06
264157,0.14
264161,0.04
264173,0.22
264188,0.03
264195,0.03
264198,0.09
264199,0.03
264207,0.09
264209,0.02
264226,0.02
264227,0.1
264243,0.06
264246,0.31
264252,0.15
264254,0.06
264259,0.03
264274,0.07
264280,0.36
264285,0.04
264299,0.03
264331,0.03
264334,0.03
264338,0.07
264341,0.11
264344,0.08
264347,0.17
264350,0.06
264360,0.06
264365,0.07
264367,0.07
264378,0.11
264381,0.21
264397,0.05
264401,0.07
264405,0.04
264417,0.04
264422,0.12
264423,0.14
264424,0.1
264436,0.26
264441,0.05
264451,0.03
264453,0.01
264457,0.04
264460,0.04
264464,0.1
264469,0.13
264485,0.02
264491,0.09
264505,0.15
264535,0.16
264538,0.06
264541,0.04
264544,0.05
264545,0.1
264549,0.06
264557,0.1
264563,0.05
264569,0.06
264574,0.05
264587,0.12
264608,0.12
264610,0.22
264621,0.02
264627,0.08
264642,0.19
264644,0.04
264655,0.07
264660,0.09
264667,0.09
264691,0.16
264694,0.17
264695,0.01
264700,0.01
264709,0.01
264712,0.05
264714,0.04
264722,0.06
264728,0.02
264742,0.06
264744,0.08
264748,0.02
264760,0.12
264763,0.08
264771,0.05
264773,0.04
264782,0.25
264786,0.1
264787,0.04
264809,0.08
264811,0.12
264822,0.1
264823,0.15
264831,0.05
264834,0.09
264841,0.01
264848,0.18
264849,0.16
264863,0.25
264867,0.0
264874,0.1
264875,0.06
264877,0.01
264897,0.12
264900,0.13
264906,0.19
264909,0.08
264913,0.03
264922,0.1
264924,0.06
264927,0.13
264935,0.06
264938,0.29
264968,0.08
264975,0.06
264979,0.09
264989,0.03
265001,0.15
265009,0.07
265014,0.16
265016,0.06
265027,0.12
265049,0.06
265061,0.17
265062,0.09
265068,0.03
265072,0.1
265100,0.07
265105,0.08
265106,0.07
265110,0.1
265123,0.07
265126,0.29
265131,0.1
265134,0.1
265144,0.06
265146,0.2
265154,0.02
265164,0.03
265170,0.04
265172,0.03
265173,0.01
265178,0.12
265187,0.25
265191,0.2
265194,0.13
265216,0.02
265228,0.06
265231,0.03
265232,0.02
265233,0.07
265242,0.15
265243,0.03
265246,0.04
265259,0.06
265265,0.13
265266,0.03
265268,0.13
265280,0.03
265287,0.03
265297,0.02
265298,0.11
265300,0.06
265301,0.07
265305,0.18
265307,0.09
265314,0.09
265320,0.03
265331,0.11
265333,0.04
265336,0.1
265337,0.12
265344,0.07
265346,0.09
265371,0.04
265380,0.03
265386,0.03
265389,0.04
265409,0.16
265414,0.05
265415,0.08
265419,0.05
265422,0.04
265457,0.07
265461,0.13
265463,0.22
265468,0.08
265474,0.07
265478,0.02
265480,0.3
265488,0.17
265493,0.12
265510,0.12
265519,0.08
265521,0.12
265529,0.05
265533,0.18
265577,0.02
265591,0.09
265596,0.19
265607,0.13
265618,0.12
265619,0.04
265620,0.06
265628,0.08
265661,0.08
265669,0.07
265680,0.13
265707,0.11
265714,0.07
265716,0.06
265717,0.1
265718,0.06
265723,0.03
265730,0.04
265732,0.02
265744,0.16
265751,0.21
265760,0.18
265777,0.06
265783,0.08
265791,0.04
265792,0.03
265797,0.12
265798,0.02
265806,0.21
265815,0.06
265816,0.08
265821,0.02
265833,0.01
265854,0.09
265856,0.09
265858,0.1
265862,0.21
265863,0.16
265879,0.1
265881,0.08
265894,0.04
265895,0.43
265896,0.07
265898,0.06
265900,0.15
265907,0.03
265910,0.21
265917,0.14
265941,0.07
265955,0.1
265957,0.09
265961,0.03
265966,0.01
265969,0.17
265974,0.08
265976,0.02
265979,0.09
265985,0.02
265988,0.07
265990,0.12
265991,0.13
265993,0.02
265995,0.22
266009,0.08
266010,0.08
266014,0.22
266020,0.08
266022,0.14
266029,0.21
266045,0.03
266057,0.15
266060,0.17
266065,0.07
266071,0.02
266072,0.07
266074,0.01
266076,0.15
266089,0.04
266091,0.07
266097,0.11
266099,0.16
266106,0.12
266117,0.06
266120,0.12
266129,0.06
266132,0.04
266139,0.15
266140,0.08
266141,0.06
266146,0.25
266149,0.03
266159,0.03
266165,0.02
266171,0.23
266173,0.06
266177,0.22
266179,0.08
266186,0.03
266210,0.15
266227,0.05
266266,0.04
266291,0.08
266319,0.08
266321,0.0
266323,0.02
266329,0.05
266331,0.02
266333,0.13
266334,0.05
266338,0.02
266340,0.08
266344,0.08
266354,0.04
266359,0.09
266362,0.07
266364,0.02
266365,0.05
266379,0.07
266380,0.16
266387,0.05
266393,0.2
266396,0.08
266406,0.05
266418,0.17
266424,0.03
266440,0.04
266442,0.02
266444,0.22
266453,0.16
266455,0.06
266461,0.05
266462,0.02
266465,0.1
266466,0.13
266468,0.31
266471,0.08
266479,0.13
266499,0.11
266536,0.09
266543,0.08
266544,0.11
266556,0.1
266561,0.02
266573,0.13
266578,0.05
266590,0.16
266596,0.09
266624,0.13
266629,0.04
266635,0.06
266644,0.08
266650,0.02
266659,0.05
266666,0.12
266668,0.04
266674,0.18
266680,0.13
266686,0.17
266714,0.12
266730,0.07
266734,0.12
266740,0.19
266745,0.01
266749,0.14
266750,0.04
266751,0.12
266752,0.11
266753,0.03
266759,0.22
266763,0.04
266766,0.04
266783,0.03
266805,0.03
266812,0.01
266813,0.15
266816,0.11
266819,0.13
266820,0.34
266833,0.06
266842,0.07
266847,0.08
266848,0.1
266865,0.1
266867,0.09
266874,0.04
266885,0.04
266888,0.05
266890,0.18
266932,0.05
266941,0.21
266942,0.08
266948,0.03
266959,0.02
266977,0.01
266983,0.03
266984,0.15
266999,0.15
267000,0.2
267023,0.25
267031,0.17
267035,0.01
267046,0.09
267050,0.05
267058,0.05
267070,0.05
267079,0.03
267080,0.08
267093,0.09
267094,0.08
267102,0.05
267107,0.02
267108,0.07
267113,0.05
267127,0.04
267136,0.02
267143,0.02
267155,0.11
267180,0.02
267182,0.03
267184,0.05
267192,0.09
267195,0.08
267220,0.07
267228,0.01
267237,0.09
267241,0.05
267242,0.19
267247,0.09
267259,0.12
267260,0.07
267265,0.19
267269,0.18
267272,0.03
267275,0.04
267282,0.25
267284,0.3
267294,0.05
267298,0.05
267304,0.1
267316,0.17
267324,0.13
267327,0.03
267333,0.07
267338,0.05
267341,0.1
267342,0.1
267344,0.07
267345,0.19
267347,0.05
267361,0.23
267374,0.09
267379,0.03
267380,0.02
267382,0.07
267394,0.08
267403,0.12
267405,0.14
267412,0.1
267421,0.18
267437,0.09
267438,0.03
267443,0.05
267446,0.04
267460,0.14
267466,0.21
267469,0.2
267474,0.08
267488,0.07
267490,0.01
267496,0.44
267499,0.13
267501,0.07
267518,0.11
267522,0.29
267524,0.13
267532,0.06
267535,0.18
267547,0.04
267550,0.0
267559,0.18
267581,0.02
267586,0.06
267588,0.12
267592,0.03
267597,0.05
267600,0.01
267608,0.07
267620,0.0
267625,0.11
267628,0.02
267633,0.09
267639,0.09
267649,0.02
267659,0.1
267662,0.08
267671,0.11
267672,0.04
267677,0.03
267679,0.1
267682,0.03
267687,0.07
267689,0.07
267690,0.02
267707,0.2
267709,0.0
267716,0.01
267738,0.07
267744,0.16
267752,0.07
267754,0.15
267755,0.13
267757,0.14
267758,0.05
267767,0.22
267771,0.07
267808,0.17
267815,0.13
267833,0.32
267841,0.04
267843,0.06
267847,0.04
267857,0.08
267869,0.24
267881,0.19
267887,0.01
267890,0.05
267892,0.17
267895,0.11
267899,0.1
267906,0.04
267912,0.11
267917,0.12
267927,0.0
267930,0.02
267934,0.04
267950,0.02
267965,0.09
267966,0.02
267976,0.02
267998,0.04
267999,0.09
268012,0.07
268013,0.19
268014,0.02
268020,0.08
268028,0.13
268032,0.08
268039,0.09
268041,0.07
268046,0.01
268059,0.1
268064,0.05
268066,0.07
268073,0.21
268077,0.06
268085,0.03
268090,0.08
268109,0.24
268139,0.15
268151,0.08
268153,0.04
268155,0.22
268163,0.09
268166,0.0
268185,0.06
268189,0.02
268190,0.03
268192,0.02
268211,0.25
268213,0.02
268214,0.07
268220,0.12
268225,0.03
268227,0.14
268230,0.03
268247,0.2
268250,0.05
268268,0.04
268269,0.09
268271,0.1
268274,0.1
268280,0.15
268291,0.11
268299,0.02
268301,0.1
268306,0.06
268307,0.1
268310,0.03
268317,0.3
268328,0.04
268329,0.04
268337,0.05
268338,0.08
268357,0.06
268363,0.09
268373,0.05
268380,0.06
268386,0.03
268394,0.03
268407,0.09
268411,0.16
268417,0.03
268421,0.12
268422,0.23
268426,0.1
268427,0.08
268439,0.09
268445,0.03
268446,0.05
268459,0.05
268465,0.11
268466,0.03
268495,0.03
268497,0.03
268504,0.09
268508,0.09
268513,0.19
268525,0.07
268545,0.1
268546,0.02
268550,0.02
268568,0.04
268570,0.22
268590,0.03
268591,0.11
268602,0.06
268609,0.06
268616,0.06
268623,0.09
268645,0.18
268652,0.23
268668,0.17
268685,0.01
268707,0.07
268711,0.12
268714,0.04
268736,0.06
268746,0.19
268747,0.02
268749,0.13
268760,0.15
268761,0.02
268764,0.15
268781,0.0
268790,0.05
268799,0.09
268809,0.08
268814,0.13
268817,0.12
268822,0.03
268827,0.06
268828,0.08
268829,0.11
268845,0.18
268853,0.02
268859,0.03
268900,0.03
268911,0.04
268913,0.17
268917,0.22
268930,0.1
268934,0.03
268935,0.21
268938,0.14
268948,0.07
268950,0.12
268958,0.01
268975,0.02
268982,0.04
268983,0.11
268997,0.05
269009,0.06
269012,0.14
269017,0.16
269031,0.09
269038,0.19
269041,0.12
269045,0.05
269050,0.11
269056,0.03
269058,0.02
269060,0.01
269067,0.09
269082,0.13
269098,0.18
269105,0.03
269117,0.19
269123,0.16
269128,0.06
269143,0.09
269149,0.13
269162,0.22
269168,0.05
269172,0.11
269175,0.06
269189,0.05
269194,0.11
269197,0.08
269204,0.11
269211,0.01
269217,0.2
269222,0.05
269227,0.12
269228,0.09
269232,0.12
269250,0.11
269251,0.01
269257,0.17
269262,0.04
269263,0.12
269267,0.04
269275,0.12
269276,0.14
269279,0.01
269293,0.28
269300,0.16
269305,0.05
269309,0.07
269317,0.15
269352,0.18
269377,0.12
269378,0.06
269389,0.12
269392,0.03
269394,0.01
269402,0.25
269408,0.04
269410,0.02
269417,0.01
269421,0.18
269462,0.14
269481,0.05
269488,0.28
269489,0.02
269491,0.07
269495,0.03
269503,0.06
269510,0.13
269515,0.15
269522,0.02
269523,0.03
269536,0.04
269537,0.02
269549,0.05
269571,0.11
269576,0.04
269587,0.2
269595,0.06
269601,0.05
269610,0.26
269618,0.05
269620,0.04
269623,0.01
269637,0.03
269642,0.03
269652,0.13
269655,0.01
269661,0.08
269663,0.1
269665,0.01
269666,0.27
269667,0.01
269673,0.09
269693,0.05
269701,0.01
269702,0.0
269704,0.07
269718,0.07
269727,0.05
269732,0.01
269736,0.13
269738,0.02
269741,0.03
269744,0.04
269749,0.23
269750,0.05
269758,0.07
269775,0.15
269776,0.1
269777,0.13
269789,0.02
269794,0.16
269797,0.11
269807,0.31
269813,0.08
269844,0.04
269848,0.15
269871,0.01
269877,0.07
269878,0.08
269887,0.03
269904,0.15
269913,0.18
269938,0.07
269941,0.15
269953,0.13
269954,0.05
269955,0.04
269958,0.01
269960,0.05
269966,0.09
269975,0.03
269978,0.06
269989,0.1
269993,0.08
269998,0.05
270001,0.07
270020,0.1
270023,0.1
270028,0.08
270048,0.13
270061,0.07
270062,0.2
270096,0.17
270108,0.02
270118,0.06
270120,0.02
270122,0.05
270127,0.13
270131,0.09
270142,0.04
270146,0.04
270148,0.04
270152,0.03
270165,0.02
270170,0.07
270188,0.03
270204,0.08
270235,0.0
270243,0.22
270254,0.16
270265,0.06
270270,0.24
270287,0.05
270295,0.07
270296,0.0
270302,0.01
270304,0.13
270307,0.05
270310,0.08
270317,0.02
270324,0.14
270326,0.05
270337,0.06
270363,0.14
270371,0.03
270373,0.06
270375,0.13
270376,0.08
270379,0.04
270383,0.31
270390,0.04
270393,0.08
270402,0.06
270410,0.02
270411,0.06
270412,0.12
270415,0.05
270417,0.18
270436,0.13
270440,0.02
270449,0.01
270450,0.09
270457,0.15
270460,0.03
270461,0.05
270467,0.01
270473,0.04
270486,0.09
270488,0.14
270513,0.01
270518,0.11
270522,0.05
270526,0.07
270532,0.11
270545,0.12
270548,0.19
270550,0.02
270562,0.1
270564,0.06
270571,0.05
270572,0.15
270574,0.08
270575,0.1
270579,0.05
270612,0.14
270613,0.18
270622,0.03
270636,0.04
270643,0.01
270644,0.02
270645,0.07
270658,0.12
270661,0.04
270665,0.06
270676,0.11
270685,0.04
270695,0.11
270712,0.05
270719,0.06
270740,0.02
270753,0.04
270756,0.09
270759,0.14
270760,0.13
270764,0.12
270767,0.07
270778,0.01
270782,0.12
270794,0.08
270795,0.22
270799,0.14
270807,0.03
270821,0.18
270826,0.14
270829,0.04
270831,0.08
270843,0.12
270844,0.14
270847,0.08
270854,0.05
270856,0.2
270861,0.03
270862,0.1
270864,0.1
270881,0.07
270883,0.03
270885,0.15
270888,0.05
270894,0.04
270906,0.16
270914,0.1
270919,0.08
270935,0.09
270945,0.07
270957,0.05
270966,0.08
270970,0.09
270971,0.09
270976,0.05
270977,0.17
270978,0.04
270979,0.07
270982,0.03
270987,0.15
270989,0.13
270991,0.05
270992,0.06
270993,0.15
270997,0.26
271010,0.19
271025,0.06
271037,0.1
271038,0.02
271054,0.01
271056,0.2
271065,0.12
271070,0.04
271095,0.04
271099,0.02
271102,0.03
271103,0.11
271105,0.18
271106,0.09
271117,0.03
271134,0.11
271135,0.08
271137,0.13
271145,0.1
271149,0.06
271195,0.04
271199,0.07
271200,0.21
271220,0.04
271233,0.12
271234,0.2
271236,0.18
271248,0.01
271250,0.16
271251,0.03
271255,0.11
271261,0.02
271269,0.01
271276,0.07
271296,0.21
271304,0.11
271314,0.03
271318,0.04
271322,0.02
271325,0.08
271354,0.07
271355,0.03
271359,0.04
271361,0.04
271363,0.35
271367,0.12
271368,0.17
271369,0.03
271393,0.21
271409,0.14
271415,0.05
271418,0.13
271429,0.04
271431,0.07
271432,0.15
271442,0.09
271446,0.1
271448,0.07
271450,0.29
271452,0.02
271460,0.15
271461,0.28
271472,0.03
271496,0.08
271515,0.05
271527,0.07
271537,0.1
271544,0.14
271562,0.09
271565,0.1
271566,0.13
271567,0.09
271570,0.26
271576,0.09
271582,0.04
271586,0.17
271593,0.05
271598,0.18
271606,0.04
271607,0.04
271616,0.21
271617,0.03
271624,0.09
271638,0.1
271652,0.06
271657,0.03
271662,0.04
271665,0.05
271667,0.01
271670,0.11
271675,0.04
271679,0.2
271682,0.16
271696,0.13
271699,0.02
271733,0.1
271739,0.03
271746,0.05
271753,0.07
271756,0.21
271762,0.05
271777,0.09
271781,0.07
271785,0.03
271786,0.09
271790,0.03
271801,0.09
271806,0.08
271807,0.1
271810,0.08
271811,0.02
271815,0.15
271847,0.06
271875,0.07
271878,0.1
271880,0.14
271883,0.04
271911,0.11
271912,0.04
271914,0.12
271922,0.12
271933,0.03
271945,0.04
271952,0.03
271954,0.04
271961,0.02
271967,0.04
271969,0.03
271980,0.12
271989,0.03
271991,0.17
272000,0.07
272004,0.08
272010,0.05
272013,0.3
272029,0.08
272030,0.03
272031,0.01
272035,0.06
272040,0.32
272043,0.03
272055,0.1
272068,0.07
272075,0.23
272081,0.06
272090,0.09
272104,0.08
272116,0.07
272121,0.04
272129,0.02
272143,0.09
272146,0.05
272148,0.14
272152,0.17
272167,0.08
272180,0.04
272192,0.03
272201,0.1
272205,0.07
272209,0.11
272211,0.05
272228,0.04
272233,0.17
272235,0.08
272249,0.23
272267,0.09
272270,0.05
272276,0.03
272302,0.14
272303,0.03
272308,0.05
272309,0.06
272311,0.12
272313,0.04
272353,0.05
272366,0.05
272367,0.11
272371,0.07
272381,0.06
272404,0.14
272405,0.18
272418,0.09
272419,0.02
272425,0.09
272438,0.16
272444,0.05
272445,0.08
272462,0.18
272474,0.04
272478,0.09
272479,0.17
272480,0.05
272482,0.04
272511,0.28
272512,0.07
272516,0.02
272517,0.04
272522,0.03
272537,0.06
272555,0.04
272564,0.13
272566,0.08
272573,0.06
272575,0.06
272583,0.02
272593,0.06
272627,0.02
272628,0.08
272630,0.0
272632,0.03
272635,0.34
272636,0.06
272661,0.11
272669,0.02
272672,0.14
272681,0.12
272682,0.08
272691,0.09
272697,0.11
272706,0.07
272708,0.05
272717,0.06
272722,0.03
272723,0.02
272737,0.0
272744,0.08
272752,0.19
272757,0.02
272760,0.04
272763,0.16
272768,0.08
272779,0.0
272781,0.26
272787,0.11
272795,0.06
272799,0.03
272820,0.1
272821,0.04
272829,0.05
272852,0.07
272863,0.16
272878,0.08
272886,0.04
272891,0.11
272903,0.09
272914,0.04
272928,0.13
272937,0.06
272938,0.05
272944,0.09
272965,0.15
272967,0.07
272969,0.12
272983,0.16
272998,0.1
273002,0.12
273005,0.03
273010,0.06
273011,0.06
273017,0.07
273021,0.04
273023,0.11
273027,0.12
273035,0.06
273047,0.25
273053,0.08
273060,0.18
273062,0.04
273074,0.14
273078,0.06
273079,0.09
273087,0.05
273107,0.06
273109,0.05
273112,0.14
273113,0.12
273117,0.12
273121,0.25
273137,0.08
273156,0.05
273157,0.09
273177,0.13
273192,0.04
273193,0.01
273194,0.04
273198,0.12
273199,0.02
273206,0.09
273213,0.08
273235,0.03
273244,0.04
273247,0.09
273248,0.33
273254,0.1
273259,0.04
273270,0.07
273272,0.06
273287,0.07
273289,0.1
273294,0.06
273301,0.06
273304,0.15
273313,0.05
273314,0.08
273333,0.04
273336,0.27
273343,0.1
273353,0.07
273359,0.0
273371,0.06
273402,0.22
273415,0.02
273420,0.47
273424,0.05
273428,0.0
273429,0.06
273443,0.2
273457,0.04
273458,0.04
273467,0.24
273477,0.1
273482,0.05
273495,0.13
273496,0.03
273503,0.02
273507,0.08
273508,0.06
273510,0.04
273524,0.25
273552,0.02
273556,0.0
273566,0.08
273579,0.1
273584,0.16
273595,0.07
273606,0.01
273623,0.06
273625,0.11
273638,0.12
273660,0.04
273664,0.07
273683,0.03
273686,0.04
273687,0.17
273699,0.18
273700,0.17
273719,0.02
273721,0.34
273728,0.16
273764,0.0
273770,0.09
273774,0.09
273792,0.01
273806,0.03
273807,0.07
273818,0.05
273823,0.1
273835,0.24
273856,0.1
273861,0.02
273863,0.06
273864,0.1
273874,0.22
273879,0.03
273892,0.06
273895,0.13
273899,0.01
273900,0.21
273912,0.12
273921,0.01
273941,0.09
273946,0.03
273954,0.14
273956,0.05
273962,0.02
273968,0.06
273985,0.04
274000,0.12
274003,0.02
274004,0.06
274006,0.02
274019,0.18
274022,0.28
274023,0.04
274034,0.0
274043,0.01
274052,0.08
274054,0.27
274058,0.24
274063,0.08
274070,0.03
274072,0.04
274081,0.04
274108,0.08
274118,0.2
274125,0.05
274129,0.04
274140,0.05
274142,0.06
274146,0.09
274147,0.09
274155,0.07
274163,0.06
274165,0.03
274174,0.03
274182,0.23
274186,0.08
274188,0.06
274193,0.1
274198,0.1
274216,0.04
274219,0.01
274225,0.2
274229,0.02
274248,0.05
274268,0.05
274274,0.0
274286,0.0
274289,0.1
274297,0.02
274302,0.04
274326,0.1
274346,0.14
274348,0.13
274349,0.03
274350,0.0
274353,0.02
274359,0.32
274364,0.02
274368,0.07
274373,0.08
274378,0.06
274389,0.06
274390,0.04
274391,0.02
274392,0.04
274396,0.12
274408,0.13
274409,0.09
274424,0.22
274453,0.07
274460,0.06
274465,0.04
274468,0.08
274481,0.11
274482,0.06
274484,0.17
274490,0.15
274509,0.04
274511,0.02
274515,0.09
274521,0.09
274523,0.13
274525,0.08
274539,0.07
274541,0.03
274574,0.29
274585,0.05
274587,0.06
274594,0.11
274600,0.11
274605,0.06
274611,0.08
274619,0.11
274641,0.11
274666,0.13
274688,0.1
274690,0.08
274699,0.17
274703,0.03
274715,0.05
274717,0.04
274760,0.16
274774,0.09
274791,0.13
274801,0.03
274804,0.08
274808,0.19
274813,0.05
274815,0.11
274818,0.06
274820,0.07
274829,0.11
274847,0.16
274865,0.07
274870,0.06
274881,0.19
274890,0.15
274894,0.05
274902,0.05
274905,0.12
274911,0.11
274912,0.1
274914,0.03
274927,0.06
274931,0.05
274944,0.17
274951,0.04
274953,0.11
274954,0.02
274961,0.08
274965,0.1
274972,0.11
274978,0.02
274984,0.08
274993,0.02
274996,0.02
275043,0.01
275048,0.07
275052,0.14
275059,0.04
275060,0.07
275071,0.06
275077,0.08
275078,0.03
275091,0.04
275098,0.18
275111,0.11
275120,0.15
275121,0.18
275125,0.02
275129,0.03
275139,0.01
275150,0.08
275153,0.02
275166,0.13
275185,0.12
275199,0.19
275201,0.04
275203,0.1
275216,0.15
275225,0.35
275226,0.08
275232,0.03
275254,0.05
275256,0.31
275272,0.14
275278,0.02
275280,0.03
275286,0.08
275288,0.03
275299,0.12
275306,0.05
275313,0.01
275314,0.04
275319,0.17
275324,0.07
275330,0.05
275334,0.05
275335,0.19
275337,0.03
275339,0.07
275351,0.03
275352,0.06
275367,0.09
275384,0.09
275392,0.11
275393,0.07
275408,0.06
275411,0.17
275413,0.14
275415,0.02
275416,0.11
275422,0.04
275424,0.1
275438,0.06
275440,0.11
275468,0.06
275469,0.04
275473,0.13
275482,0.12
275488,0.04
275502,0.05
275503,0.03
275511,0.1
275518,0.08
275520,0.08
275524,0.03
275531,0.14
275537,0.03
275558,0.05
275574,0.13
275576,0.06
275583,0.04
275588,0.07
275605,0.27
275612,0.08
275627,0.11
275633,0.01
275646,0.09
275647,0.23
275653,0.29
275661,0.19
275683,0.08
275688,0.03
275691,0.09
275713,0.14
275731,0.03
275735,0.18
275739,0.05
275761,0.12
275762,0.09
275767,0.07
275768,0.13
275769,0.28
275774,0.03
275776,0.12
275783,0.06
275800,0.01
275805,0.22
275836,0.01
275842,0.08
275855,0.15
275860,0.06
275870,0.16
275884,0.13
275897,0.08
275899,0.02
275900,0.05
275906,0.14
275912,0.05
275922,0.24
275929,0.35
275931,0.26
275932,0.02
275936,0.26
275937,0.01
275947,0.2
275949,0.35
275954,0.15
275958,0.06
275966,0.16
275967,0.02
275970,0.21
275989,0.14
275993,0.05
275995,0.06
275998,0.04
276007,0.13
276011,0.04
276029,0.26
276047,0.03
276048,0.02
276050,0.13
276054,0.08
276056,0.05
276057,0.09
276060,0.04
276084,0.03
276089,0.09
276118,0.07
276121,0.14
276122,0.07
276130,0.03
276134,0.19
276135,0.09
276142,0.19
276164,0.01
276195,0.13
276210,0.04
276235,0.11
276238,0.11
276242,0.03
276244,0.23
276247,0.11
276263,0.15
276306,0.15
276309,0.04
276319,0.07
276334,0.08
276338,0.0
276343,0.03
276344,0.05
276345,0.06
276348,0.08
276359,0.05
276363,0.09
276365,0.09
276366,0.14
276373,0.04
276378,0.05
276386,0.06
276405,0.15
276419,0.02
276422,0.1
276430,0.07
276437,0.06
276442,0.15
276444,0.02
276446,0.02
276455,0.17
276470,0.1
276472,0.03
276475,0.27
276479,0.07
276484,0.05
276487,0.11
276488,0.21
276495,0.15
276497,0.17
276508,0.18
276509,0.05
276516,0.04
276521,0.03
276525,0.09
276550,0.09
276560,0.02
276569,0.05
276584,0.08
276603,0.04
276615,0.05
276617,0.02
276622,0.11
276625,0.0
276629,0.05
276642,0.02
276664,0.09
276674,0.02
276675,0.29
276678,0.1
276692,0.04
276693,0.06
276697,0.03
276703,0.08
276705,0.03
276717,0.23
276728,0.06
276744,0.1
276762,0.06
276764,0.02
276781,0.16
276793,0.09
276798,0.07
276800,0.09
276805,0.1
276824,0.07
276826,0.05
276848,0.17
276854,0.15
276862,0.3
276865,0.09
276869,0.11
276880,0.03
276882,0.06
276886,0.08
276889,0.12
276892,0.06
276903,0.05
276906,0.06
276936,0.09
276945,0.05
276956,0.02
276958,0.04
276963,0.04
276966,0.02
276987,0.15
276993,0.12
276994,0.05
277004,0.05
277015,0.07
277021,0.14
277024,0.06
277032,0.12
277054,0.18
277055,0.06
277061,0.07
277065,0.2
277070,0.13
277079,0.08
277088,0.03
277108,0.1
277114,0.04
277121,0.12
277137,0.08
277148,0.07
277158,0.15
277162,0.21
277165,0.23
277167,0.02
277170,0.1
277172,0.04
277177,0.07
277179,0.15
277182,0.06
277185,0.03
277191,0.13
277200,0.16
277211,0.08
277217,0.04
277221,0.03
277226,0.06
277227,0.06
277228,0.14
277229,0.11
277244,0.14
277271,0.05
277274,0.06
277282,0.03
277286,0.04
277288,0.17
277290,0.01
277291,0.05
277296,0.06
277297,0.04
277320,0.06
277327,0.2
277335,0.17
277336,0.06
277338,0.16
277342,0.23
277344,0.04
277345,0.05
277349,0.04
277356,0.08
277370,0.04
277371,0.12
277379,0.07
277386,0.32
277390,0.11
277400,0.13
277401,0.1
277412,0.07
277413,0.11
277415,0.01
277417,0.1
277419,0.21
277422,0.09
277423,0.06
277425,0.04
277432,0.07
277438,0.05
277445,0.03
277447,0.14
277456,0.09
277457,0.13
277474,0.13
277488,0.1
277494,0.06
277501,0.13
277503,0.1
277510,0.07
277516,0.04
277521,0.08
277522,0.06
277530,0.02
277531,0.15
277536,0.11
277548,0.12
277550,0.05
277554,0.06
277555,0.04
277562,0.04
277565,0.15
277566,0.0
277572,0.09
277592,0.17
277593,0.05
277610,0.05
277621,0.01
277654,0.14
277668,0.01
277673,0.07
277675,0.03
277694,0.03
277697,0.04
277699,0.01
277700,0.06
277701,0.03
277708,0.1
277710,0.06
277717,0.07
277725,0.08
277731,0.11
277746,0.26
277753,0.06
277757,0.19
277764,0.03
277772,0.03
277775,0.2
277777,0.02
277787,0.02
277797,0.07
277798,0.14
277802,0.21
277812,0.06
277816,0.07
277820,0.04
277821,0.03
277822,0.12
277838,0.1
277845,0.02
277846,0.0
277854,0.13
277856,0.08
277866,0.09
277874,0.08
277893,0.16
277900,0.16
277964,0.07
277970,0.03
277976,0.06
277983,0.07
277994,0.06
278011,0.0
278025,0.23
278045,0.15
278048,0.21
278066,0.07
278088,0.04
278098,0.07
278101,0.28
278113,0.04
278114,0.04
278128,0.13
278152,0.06
278157,0.07
278168,0.08
278169,0.17
278174,0.02
278176,0.1
278181,0.09
278185,0.08
278225,0.07
278236,0.23
278242,0.14
278244,0.03
278251,0.11
278252,0.06
278272,0.02
278279,0.03
278287,0.19
278288,0.08
278309,0.07
278310,0.07
278316,0.07
278318,0.38
278320,0.04
278344,0.11
278356,0.1
278359,0.16
278361,0.04
278368,0.03
278372,0.04
278384,0.21
278388,0.04
278409,0.2
278414,0.03
278415,0.18
278416,0.11
278422,0.05
278423,0.12
278432,0.08
278436,0.02
278455,0.05
278461,0.16
278469,0.05
278482,0.03
278487,0.06
278493,0.06
278501,0.06
278508,0.18
278511,0.05
278519,0.03
278526,0.07
278530,0.13
278533,0.03
278539,0.11
278545,0.08
278556,0.09
278559,0.02
278587,0.05
278601,0.1
278603,0.05
278604,0.12
278605,0.08
278606,0.02
278613,0.1
278616,0.11
278618,0.11
278632,0.22
278633,0.04
278637,0.06
278645,0.07
278649,0.1
278653,0.2
278662,0.03
278673,0.13
278700,0.08
278703,0.11
278704,0.06
278723,0.11
278725,0.06
278730,0.07
278750,0.09
278765,0.05
278770,0.01
278779,0.05
278787,0.08
278791,0.06
278804,0.11
278807,0.16
278810,0.02
278812,0.08
278815,0.15
278821,0.15
278825,0.09
278832,0.05
278836,0.15
278838,0.14
278840,0.13
278844,0.11
278862,0.03
278863,0.01
278871,0.09
278875,0.03
278892,0.23
278899,0.08
278903,0.05
278909,0.1
278913,0.28
278931,0.03
278932,0.12
278933,0.14
278937,0.13
278952,0.1
278954,0.03
278960,0.07
278967,0.04
278968,0.02
278972,0.13
278976,0.17
278982,0.1
278983,0.03
279001,0.08
279015,0.07
279018,0.17
279035,0.21
279040,0.17
279043,0.11
279046,0.07
279061,0.07
279063,0.03
279065,0.14
279068,0.0
279070,0.09
279074,0.13
279076,0.12
279086,0.02
279095,0.04
279107,0.17
279108,0.22
279109,0.03
279110,0.15
279111,0.06
279129,0.07
279134,0.09
279137,0.07
279142,0.13
279146,0.02
279153,0.03
279157,0.08
279165,0.03
279166,0.05
279172,0.09
279173,0.08
279174,0.1
279179,0.13
279182,0.03
279186,0.11
279187,0.15
279189,0.09
279201,0.15
279202,0.05
279213,0.0
279214,0.02
279217,0.01
279230,0.18
279232,0.11
279233,0.02
279235,0.09
279250,0.05
279252,0.06
279257,0.12
279265,0.06
279266,0.04
279279,0.05
279281,0.04
279282,0.06
279285,0.11
279286,0.05
279297,0.06
279300,0.06
279318,0.02
279324,0.04
279334,0.0
279335,0.05
279336,0.13
279341,0.09
279342,0.21
279353,0.16
279357,0.25
279371,0.19
279376,0.06
279391,0.11
279392,0.01
279402,0.2
279406,0.15
279408,0.08
279434,0.06
279439,0.01
279448,0.05
279450,0.09
279456,0.02
279461,0.07
279466,0.02
279470,0.09
279471,0.06
279493,0.02
279500,0.09
279506,0.04
279512,0.01
279519,0.14
279533,0.0
279549,0.07
279551,0.28
279556,0.05
279557,0.12
279558,0.16
279566,0.15
279592,0.08
279595,0.18
279604,0.09
279608,0.08
279614,0.08
279618,0.12
279622,0.06
279648,0.11
279652,0.03
279653,0.1
279679,0.06
279690,0.17
279691,0.14
279694,0.17
279698,0.06
279702,0.04
279712,0.07
279713,0.13
279715,0.04
279725,0.05
279727,0.1
279733,0.04
279742,0.05
279748,0.02
279754,0.1
279756,0.11
279776,0.09
279778,0.16
279779,0.02
279782,0.19
279793,0.11
279794,0.05
279804,0.27
279810,0.03
279817,0.33
279828,0.01
279830,0.04
279831,0.05
279834,0.12
279835,0.05
279840,0.03
279847,0.06
279852,0.05
279854,0.13
279856,0.08
279859,0.1
279862,0.02
279876,0.08
279878,0.1
279889,0.13
279894,0.07
279897,0.07
279903,0.03
279904,0.05
279906,0.17
279909,0.1
279922,0.19
279925,0.01
279939,0.12
279940,0.07
279942,0.1
279948,0.03
279952,0.01
279960,0.04
279968,0.03
279969,0.07
279977,0.3
279980,0.08
279994,0.1
279997,0.09
279998,0.04
280007,0.19
280009,0.27
280010,0.34
280020,0.03
280021,0.03
280022,0.11
280052,0.03
280058,0.04
280074,0.18
280076,0.03
280085,0.2
280091,0.11
280095,0.03
280107,0.07
280116,0.11
280140,0.19
280144,0.2
280156,0.06
280177,0.0
280191,0.04
280205,0.01
280226,0.09
280230,0.07
280234,0.07
280264,0.03
280274,0.04
280298,0.06
280299,0.12
280300,0.12
280301,0.01
280308,0.03
280317,0.03
280319,0.07
280322,0.04
280342,0.05
280348,0.14
280350,0.09
280353,0.15
280366,0.13
280372,0.04
280374,0.02
280376,0.28
280381,0.09
280384,0.0
280388,0.03
280397,0.18
280401,0.02
280409,0.11
280413,0.03
280422,0.1
280424,0.08
280426,0.14
280429,0.1
280430,0.16
280435,0.07
280444,0.01
280450,0.19
280455,0.26
280459,0.04
280462,0.1
280466,0.25
280470,0.09
280473,0.03
280517,0.11
280524,0.33
280527,0.02
280531,0.05
280548,0.05
280558,0.22
280563,0.02
280598,0.11
280599,0.11
280603,0.13
280607,0.02
280610,0.2
280612,0.14
280625,0.09
280631,0.03
280650,0.16
280653,0.39
280657,0.09
280669,0.02
280675,0.03
280679,0.26
280685,0.02
280691,0.17
280693,0.03
280706,0.04
280714,0.02
280719,0.2
280724,0.13
280725,0.07
280737,0.06
280738,0.09
280744,0.02
280746,0.33
280760,0.19
280772,0.15
280777,0.04
280784,0.09
280785,0.12
280791,0.07
280793,0.02
280794,0.03
280800,0.02
280805,0.07
280806,0.01
280815,0.12
280823,0.04
280831,0.11
280832,0.09
280841,0.04
280845,0.19
280846,0.05
280854,0.13
280857,0.05
280861,0.1
280862,0.14
280867,0.09
280877,0.06
280879,0.05
280890,0.01
280891,0.12
280903,0.35
280916,0.08
280929,0.02
280934,0.13
280941,0.19
280947,0.03
280962,0.04
280963,0.1
280966,0.07
280967,0.03
280971,0.25
281005,0.07
281007,0.23
281008,0.05
281009,0.01
281016,0.06
281024,0.16
281039,0.17
281045,0.02
281054,0.21
281055,0.08
281056,0.06
281068,0.03
281092,0.07
281094,0.01
281118,0.2
281133,0.06
281137,0.01
281164,0.13
281176,0.08
281177,0.07
281184,0.01
281187,0.18
281192,0.04
281195,0.14
281220,0.1
281222,0.13
281227,0.11
281234,0.07
281251,0.03
281278,0.03
281298,0.21
281303,0.18
281306,0.11
281314,0.05
281320,0.05
281322,0.05
281337,0.02
281347,0.26
281357,0.03
281362,0.06
281365,0.08
281366,0.04
281367,0.06
281373,0.05
281376,0.04
281400,0.28
281417,0.04
281420,0.04
281422,0.1
281435,0.05
281439,0.01
281448,0.08
281451,0.08
281453,0.02
281482,0.04
281494,0.16
281514,0.05
281515,0.06
281542,0.1
281556,0.07
281568,0.07
281592,0.02
281593,0.05
281607,0.12
281613,0.01
281618,0.12
281620,0.13
281628,0.17
281629,0.05
281633,0.08
281634,0.06
281642,0.01
281643,0.0
281653,0.13
281661,0.11
281671,0.09
281675,0.11
281684,0.03
281692,0.2
281697,0.05
281730,0.06
281731,0.08
281734,0.08
281737,0.03
281750,0.15
281752,0.05
281764,0.04
281782,0.13
281791,0.13
281793,0.08
281795,0.06
281824,0.09
281831,0.04
281845,0.02
281848,0.06
281854,0.05
281855,0.1
281867,0.03
281873,0.05
281875,0.03
281876,0.21
281881,0.03
281905,0.05
281906,0.14
281907,0.08
281914,0.11
281929,0.04
281936,0.17
281938,0.02
281940,0.02
281941,0.07
281950,0.03
281954,0.02
281955,0.1
281956,0.15
281957,0.04
281968,0.14
281972,0.18
281974,0.04
281987,0.06
281996,0.11
281998,0.04
282002,0.03
282004,0.08
282005,0.03
282020,0.08
282021,0.09
282041,0.08
282045,0.07
282046,0.05
282048,0.07
282056,0.11
282063,0.04
282068,0.11
282072,0.11
282100,0.01
282104,0.08
282105,0.03
282106,0.04
282108,0.09
282114,0.14
282132,0.14
282133,0.03
282136,0.09
282145,0.13
282146,0.11
282150,0.05
282151,0.08
282152,0.07
282157,0.2
282165,0.03
282167,0.02
282178,0.02
282179,0.1
282204,0.09
282208,0.01
282218,0.07
282221,0.23
282223,0.02
282226,0.04
282230,0.05
282232,0.03
282235,0.05
282236,0.09
282239,0.11
282246,0.01
282250,0.29
282259,0.05
282270,0.04
282272,0.02
282282,0.19
282292,0.05
282306,0.06
282311,0.07
282317,0.3
282318,0.06
282331,0.01
282338,0.16
282349,0.03
282350,0.23
282355,0.0
282359,0.21
282382,0.04
282396,0.15
282399,0.09
282408,0.03
282421,0.11
282427,0.1
282437,0.02
282446,0.03
282448,0.02
282453,0.0
282456,0.12
282457,0.07
282465,0.17
282476,0.13
282478,0.12
282482,0.05
282485,0.12
282492,0.05
282498,0.11
282503,0.05
282512,0.12
282521,0.15
282531,0.25
282548,0.09
282582,0.06
282585,0.02
282605,0.08
282618,0.11
282633,0.02
282642,0.08
282645,0.16
282647,0.03
282649,0.03
282654,0.07
282661,0.05
282667,0.09
282668,0.05
282678,0.04
282679,0.2
282687,0.02
282688,0.04
282691,0.05
282702,0.02
282709,0.0
282712,0.03
282715,0.17
282726,0.04
282735,0.13
282737,0.04
282746,0.23
282751,0.0
282754,0.3
282758,0.08
282773,0.25
282787,0.05
282794,0.04
282812,0.03
282822,0.09
282827,0.2
282836,0.01
282841,0.1
282854,0.13
282862,0.09
282873,0.08
282890,0.05
282900,0.21
282906,0.11
282910,0.06
282915,0.07
282929,0.01
282933,0.08
282944,0.12
282945,0.04
282950,0.0
282954,0.09
282960,0.08
282961,0.09
282962,0.04
282965,0.09
282971,0.12
282974,0.13
282975,0.03
282979,0.04
282984,0.08
282990,0.18
282998,0.17
283005,0.15
283013,0.11
283018,0.15
283029,0.21
283032,0.04
283036,0.05
283041,0.15
283046,0.11
283050,0.03
283057,0.12
283065,0.13
283069,0.2
283074,0.01
283076,0.06
283077,0.09
283089,0.03
283090,0.07
283094,0.15
283110,0.05
283118,0.08
283127,0.05
283130,0.06
283139,0.18
283143,0.09
283144,0.24
283146,0.08
283150,0.1
283161,0.19
283177,0.08
283180,0.02
283184,0.07
283191,0.04
283193,0.08
283196,0.22
283199,0.11
283202,0.07
283205,0.03
283213,0.04
283216,0.01
283218,0.1
283220,0.07
283227,0.18
283233,0.02
283248,0.09
283250,0.09
283261,0.03
283264,0.04
283267,0.07
283269,0.01
283271,0.04
283282,0.12
283283,0.01
283290,0.03
283295,0.08
283298,0.09
283303,0.19
283309,0.04
283310,0.11
283314,0.24
283317,0.01
283318,0.04
283323,0.15
283327,0.15
283328,0.23
283336,0.11
283340,0.05
283344,0.07
283345,0.09
283360,0.08
283361,0.01
283383,0.19
283387,0.11
283390,0.03
283412,0.03
283426,0.02
283429,0.06
283433,0.09
283437,0.13
283438,0.02
283461,0.1
283466,0.04
283477,0.03
283479,0.14
283483,0.1
283484,0.07
283486,0.02
283500,0.01
283512,0.16
283515,0.08
283517,0.34
283519,0.07
283523,0.05
283528,0.1
283555,0.07
283565,0.07
283572,0.02
283576,0.02
283586,0.18
283590,0.07
283606,0.04
283615,0.04
283619,0.13
283632,0.24
283635,0.04
283636,0.03
283641,0.09
283642,0.06
283647,0.04
283667,0.09
283683,0.09
283684,0.05
283687,0.08
283691,0.05
283693,0.06
283701,0.06
283702,0.15
283711,0.16
283713,0.28
283726,0.08
283730,0.12
283736,0.06
283737,0.23
283740,0.06
283748,0.07
283750,0.04
283756,0.03
283757,0.03
283774,0.19
283776,0.19
283784,0.11
283790,0.25
283796,0.05
283806,0.08
283816,0.0
283825,0.1
283827,0.07
283835,0.01
283839,0.11
283843,0.04
283874,0.32
283880,0.04
283881,0.1
283882,0.13
283887,0.0
283891,0.17
283893,0.05
283895,0.04
283900,0.1
283906,0.08
283938,0.06
283943,0.1
283953,0.21
283958,0.08
283961,0.0
283972,0.16
283973,0.03
283986,0.05
283990,0.05
283994,0.28
284000,0.02
284002,0.09
284003,0.13
284035,0.14
284049,0.03
284055,0.08
284060,0.06
284061,0.05
284069,0.05
284072,0.1
284075,0.13
284087,0.03
284093,0.05
284095,0.07
284096,0.09
284106,0.01
284109,0.05
284112,0.01
284126,0.2
284152,0.06
284155,0.05
284157,0.04
284159,0.06
284194,0.09
284207,0.09
284211,0.02
284220,0.13
284232,0.16
284239,0.14
284246,0.03
284257,0.09
284259,0.07
284272,0.14
284277,0.06
284279,0.23
284283,0.01
284294,0.02
284298,0.06
284305,0.08
284309,0.02
284311,0.02
284315,0.12
284338,0.27
284340,0.1
284342,0.07
284344,0.08
284348,0.05
284361,0.06
284373,0.04
284380,0.25
284408,0.03
284422,0.08
284423,0.09
284427,0.11
284433,0.13
284442,0.07
284462,0.13
284481,0.24
284487,0.03
284492,0.03
284495,0.07
284499,0.12
284503,0.0
284506,0.07
284507,0.05
284511,0.1
284512,0.07
284513,0.03
284520,0.11
284537,0.01
284557,0.24
284560,0.13
284571,0.07
284573,0.23
284574,0.07
284575,0.0
284576,0.12
284578,0.03
284592,0.04
284606,0.14
284609,0.11
284614,0.0
284627,0.03
284630,0.12
284633,0.01
284647,0.05
284650,0.05
284655,0.2
284661,0.06
284664,0.02
284668,0.08
284682,0.13
284683,0.13
284691,0.01
284692,0.17
284695,0.02
284751,0.29
284785,0.11
284796,0.03
284797,0.0
284799,0.1
284805,0.09
284811,0.08
284844,0.04
284856,0.13
284861,0.06
284864,0.03
284866,0.08
284867,0.06
284871,0.03
284873,0.04
284888,0.31
284895,0.06
284906,0.03
284907,0.16
284908,0.05
284914,0.12
284916,0.06
284920,0.11
284926,0.04
284934,0.04
284937,0.09
284949,0.09
284986,0.03
285002,0.1
285006,0.09
285007,0.08
285008,0.07
285016,0.03
285040,0.02
285041,0.02
285050,0.09
285051,0.02
285059,0.1
285077,0.1
285078,0.17
285097,0.04
285102,0.11
285104,0.02
285117,0.05
285119,0.05
285120,0.0
285122,0.1
285131,0.11
285137,0.07
285139,0.09
285147,0.03
285176,0.01
285177,0.09
285183,0.05
285184,0.08
285200,0.05
285213,0.1
285224,0.11
285232,0.04
285245,0.24
285249,0.08
285253,0.04
285268,0.02
285276,0.0
285282,0.04
285284,0.27
285297,0.1
285304,0.02
285305,0.09
285337,0.08
285346,0.04
285349,0.06
285354,0.11
285359,0.11
285366,0.16
285367,0.1
285368,0.13
285376,0.2
285382,0.01
285385,0.3
285389,0.04
285396,0.02
285398,0.11
285399,0.04
285403,0.05
285405,0.08
285407,0.14
285417,0.21
285419,0.07
285431,0.06
285457,0.07
285462,0.13
285463,0.03
285472,0.17
285476,0.04
285479,0.17
285482,0.13
285486,0.09
285487,0.06
285497,0.01
285498,0.12
285507,0.27
285509,0.09
285514,0.1
285516,0.04
285521,0.1
285525,0.07
285528,0.09
285555,0.08
285559,0.08
285561,0.06
285562,0.19
285565,0.04
285571,0.06
285583,0.06
285588,0.12
285603,0.02
285612,0.11
285628,0.09
285635,0.07
285649,0.06
285651,0.04
285653,0.08
285662,0.11
285665,0.04
285678,0.01
285681,0.03
285694,0.21
285695,0.04
285701,0.07
285721,0.16
285730,0.03
285733,0.04
285743,0.05
285744,0.13
285746,0.09
285778,0.02
285784,0.06
285808,0.04
285810,0.13
285831,0.2
285833,0.05
285841,0.05
285842,0.05
285844,0.03
285847,0.08
285853,0.05
285861,0.16
285863,0.04
285867,0.04
285870,0.22
285879,0.05
285880,0.03
285882,0.01
285893,0.03
285897,0.03
285912,0.07
285914,0.05
285918,0.1
285927,0.06
285931,0.1
285932,0.11
285962,0.04
285975,0.11
285978,0.16
285996,0.14
286000,0.05
286010,0.05
286011,0.11
286018,0.05
286033,0.08
286038,0.16
286042,0.05
286044,0.08
286047,0.07
286050,0.18
286052,0.02
286056,0.11
286058,0.04
286083,0.11
286088,0.18
286094,0.1
286107,0.14
286112,0.19
286124,0.03
286128,0.09
286141,0.11
286146,0.11
286147,0.09
286153,0.04
286163,0.12
286169,0.1
286175,0.08
286185,0.02
286194,0.04
286198,0.06
286201,0.06
286202,0.23
286213,0.1
286218,0.08
286250,0.03
286257,0.1
286264,0.15
286265,0.05
286266,0.08
286287,0.07
286292,0.01
286294,0.04
286295,0.11
286299,0.27
286300,0.13
286302,0.17
286310,0.23
286316,0.06
286332,0.15
286353,0.1
286354,0.07
286357,0.02
286375,0.03
286382,0.1
286389,0.09
286404,0.02
286405,0.23
286411,0.1
286412,0.08
286421,0.19
286423,0.03
286426,0.12
286433,0.03
286438,0.1
286441,0.03
286444,0.05
286447,0.04
286459,0.04
286473,0.01
286484,0.01
286485,0.31
286501,0.07
286502,0.12
286509,0.09
286511,0.17
286516,0.19
286547,0.18
286549,0.09
286553,0.03
286558,0.05
286566,0.08
286572,0.05
286582,0.04
286587,0.03
286590,0.04
286594,0.14
286598,0.05
286602,0.09
286608,0.11
286610,0.01
286627,0.06
286661,0.1
286664,0.15
286668,0.04
286683,0.03
286684,0.01
286689,0.03
286696,0.02
286697,0.01
286703,0.05
286705,0.02
286707,0.17
286708,0.08
286711,0.05
286714,0.07
286734,0.06
286747,0.19
286760,0.08
286763,0.03
286772,0.06
286773,0.05
286791,0.0
286813,0.08
286814,0.1
286817,0.03
286836,0.03
286838,0.07
286844,0.03
286854,0.03
286856,0.09
286859,0.15
286864,0.08
286865,0.12
286868,0.17
286881,0.11
286882,0.05
286888,0.01
286890,0.27
286892,0.04
286895,0.02
286906,0.01
286924,0.06
286930,0.02
286931,0.19
286942,0.01
286955,0.07
286960,0.07
286962,0.02
286966,0.03
286967,0.03
286971,0.04
286983,0.04
286985,0.02
286986,0.18
286987,0.19
286992,0.13
287003,0.04
287004,0.02
287006,0.18
287029,0.02
287036,0.05
287038,0.16
287049,0.12
287050,0.05
287057,0.16
287065,0.04
287066,0.21
287089,0.08
287093,0.26
287096,0.15
287103,0.07
287104,0.03
287109,0.04
287133,0.25
287137,0.01
287141,0.19
287146,0.03
287148,0.01
287177,0.11
287184,0.01
287197,0.05
287204,0.08
287206,0.13
287208,0.15
287225,0.04
287228,0.04
287252,0.27
287260,0.05
287264,0.05
287270,0.06
287271,0.04
287272,0.06
287274,0.09
287280,0.04
287281,0.08
287290,0.08
287298,0.03
287299,0.13
287301,0.02
287314,0.09
287321,0.08
287322,0.04
287329,0.09
287331,0.03
287337,0.14
287349,0.08
287358,0.08
287370,0.26
287371,0.08
287376,0.08
287378,0.04
287386,0.21
287394,0.05
287397,0.05
287419,0.09
287428,0.03
287438,0.03
287439,0.06
287449,0.1
287450,0.07
287460,0.15
287472,0.05
287474,0.06
287483,0.04
287495,0.06
287510,0.02
287512,0.08
287530,0.09
287531,0.05
287543,0.04
287549,0.11
287564,0.1
287574,0.04
287580,0.12
287587,0.11
287594,0.06
287605,0.05
287617,0.08
287621,0.04
287626,0.01
287629,0.03
287632,0.07
287636,0.12
287644,0.09
287648,0.14
287666,0.11
287672,0.02
287701,0.08
287708,0.0
287718,0.17
287724,0.1
287726,0.03
287729,0.06
287732,0.12
287733,0.05
287734,0.25
287750,0.15
287755,0.15
287762,0.22
287764,0.04
287766,0.02
287775,0.01
287781,0.09
287785,0.05
287789,0.0
287792,0.18
287796,0.0
287804,0.13
287822,0.08
287835,0.07
287840,0.07
287850,0.02
287851,0.11
287852,0.1
287858,0.12
287859,0.02
287860,0.16
287861,0.12
287866,0.04
287868,0.04
287873,0.16
287876,0.07
287877,0.01
287878,0.05
287879,0.14
287883,0.06
287888,0.01
287894,0.38
287895,0.09
287912,0.09
287915,0.15
287920,0.02
287922,0.06
287926,0.0
287929,0.02
287931,0.14
287936,0.11
287942,0.07
287946,0.02
287948,0.08
287963,0.08
288003,0.0
288005,0.08
288012,0.13
288013,0.19
288026,0.05
288027,0.07
288031,0.06
288039,0.08
288041,0.13
288045,0.07
288065,0.15
288068,0.05
288079,0.05
288084,0.33
288111,0.11
288129,0.09
288138,0.34
288154,0.11
288167,0.05
288178,0.1
288184,0.06
288193,0.09
288203,0.1
288207,0.19
288223,0.1
288226,0.2
288237,0.02
288257,0.3
288259,0.11
288269,0.08
288273,0.1
288276,0.01
288280,0.02
288283,0.11
288291,0.19
288299,0.11
288305,0.13
288316,0.05
288322,0.06
288333,0.0
288337,0.12
288341,0.05
288345,0.01
288348,0.02
288350,0.08
288353,0.09
288372,0.01
288375,0.17
288395,0.04
288408,0.07
288425,0.08
288430,0.17
288433,0.05
288459,0.13
288462,0.09
288463,0.04
288470,0.08
288472,0.11
288475,0.12
288495,0.3
288517,0.13
288530,0.08
288535,0.11
288539,0.04
288540,0.04
288547,0.26
288553,0.05
288555,0.34
288556,0.07
288562,0.02
288564,0.02
288567,0.23
288576,0.04
288579,0.09
288580,0.05
288589,0.03
288596,0.24
288597,0.14
288599,0.05
288601,0.07
288617,0.02
288621,0.18
288635,0.04
288656,0.04
288666,0.02
288670,0.15
288671,0.06
288673,0.05
288678,0.24
288693,0.14
288699,0.12
288706,0.12
288728,0.07
288739,0.04
288741,0.05
288755,0.06
288763,0.09
288766,0.06
288775,0.08
288780,0.02
288793,0.15
288811,0.01
288821,0.02
288829,0.17
288835,0.02
288836,0.09
288838,0.14
288851,0.03
288853,0.04
288854,0.01
288855,0.04
288876,0.09
288879,0.16
288884,0.12
288886,0.07
288891,0.03
288898,0.15
288911,0.14
288913,0.03
288927,0.1
288928,0.03
288931,0.06
288955,0.0
288961,0.05
288969,0.13
288971,0.09
288973,0.17
288982,0.04
288983,0.06
288986,0.09
288992,0.08
288993,0.08
288996,0.08
289007,0.2
289008,0.09
289014,0.12
289015,0.01
289016,0.06
289017,0.01
289028,0.09
289030,0.14
289040,0.04
289048,0.01
289051,0.1
289055,0.03
289057,0.02
289062,0.08
289063,0.1
289069,0.07
289073,0.06
289074,0.05
289085,0.09
289092,0.03
289097,0.01
289111,0.13
289112,0.29
289116,0.02
289123,0.05
289145,0.33
289146,0.18
289158,0.08
289165,0.07
289166,0.01
289167,0.27
289170,0.27
289193,0.1
289198,0.1
289209,0.13
289211,0.04
289215,0.09
289220,0.05
289232,0.1
289244,0.1
289258,0.03
289271,0.09
289274,0.13
289312,0.13
289321,0.1
289325,0.05
289333,0.03
289340,0.07
289368,0.05
289375,0.03
289380,0.18
289381,0.0
289384,0.24
289403,0.0
289408,0.06
289416,0.09
289463,0.09
289488,0.02
289495,0.13
289498,0.04
289499,0.02
289515,0.04
289531,0.03
289541,0.08
289554,0.09
289565,0.06
289590,0.0
289596,0.05
289601,0.1
289602,0.03
289603,0.02
289608,0.07
289622,0.17
289623,0.11
289625,0.04
289634,0.1
289648,0.09
289650,0.02
289662,0.05
289667,0.19
289674,0.02
289682,0.02
289702,0.03
289706,0.04
289709,0.14
289716,0.19
289725,0.07
289732,0.05
289743,0.12
289762,0.07
289766,0.11
289770,0.13
289775,0.13
289777,0.07
289783,0.09
289797,0.1
289798,0.01
289802,0.1
289812,0.07
289814,0.04
289819,0.05
289828,0.15
289831,0.25
289835,0.09
289844,0.07
289850,0.0
289851,0.17
289865,0.08
289869,0.09
289891,0.15
289907,0.07
289919,0.07
289923,0.09
289924,0.17
289927,0.07
289929,0.16
289951,0.02
289959,0.12
289964,0.05
289965,0.07
289966,0.07
289971,0.16
289988,0.17
289989,0.01
289995,0.18
290005,0.04
290013,0.16
290031,0.22
290036,0.1
290038,0.19
290041,0.17
290056,0.24
290058,0.04
290065,0.06
290069,0.07
290070,0.07
290074,0.22
290076,0.1
290082,0.07
290105,0.02
290111,0.04
290114,0.12
290116,0.05
290117,0.08
290128,0.13
290130,0.03
290139,0.09
290151,0.02
290154,0.08
290158,0.05
290180,0.21
290183,0.07
290190,0.05
290191,0.1
290199,0.01
290200,0.14
290202,0.05
290205,0.25
290206,0.04
290219,0.06
290227,0.03
290232,0.09
290233,0.05
290242,0.08
290246,0.03
290247,0.11
290257,0.15
290259,0.11
290260,0.13
290270,0.07
290273,0.04
290276,0.12
290281,0.17
290296,0.09
290303,0.08
290306,0.03
290331,0.07
290340,0.05
290349,0.08
290355,0.04
290365,0.09
290379,0.09
290389,0.0
290408,0.08
290409,0.11
290433,0.12
290437,0.04
290440,0.06
290448,0.05
290466,0.07
290467,0.04
290479,0.02
290490,0.06
290492,0.06
290503,0.08
290508,0.06
290524,0.08
290526,0.08
290527,0.04
290541,0.1
290557,0.2
290564,0.01
290572,0.05
290576,0.13
290588,0.05
290589,0.04
290595,0.05
290598,0.04
290605,0.14
290609,0.03
290610,0.09
290612,0.1
290634,0.08
290635,0.04
290644,0.23
290672,0.13
290681,0.12
290693,0.05
290695,0.06
290702,0.05
290703,0.03
290711,0.22
290713,0.15
290727,0.09
290730,0.01
290734,0.12
290745,0.18
290746,0.11
290751,0.1
290758,0.04
290766,0.19
290784,0.1
290786,0.01
290813,0.24
290849,0.17
290852,0.06
290881,0.13
290884,0.02
290885,0.08
290889,0.03
290911,0.03
290913,0.18
290923,0.08
290926,0.02
290936,0.09
290941,0.08
290945,0.04
290955,0.06
290961,0.08
290964,0.04
290967,0.11
290970,0.04
290974,0.02
290976,0.04
290978,0.02
290981,0.01
290991,0.03
291005,0.04
291009,0.03
291011,0.12
291012,0.25
291018,0.27
291023,0.02
291028,0.12
291034,0.11
291038,0.28
291039,0.1
291041,0.21
291045,0.06
291048,0.18
291052,0.12
291055,0.02
291082,0.11
291085,0.13
291086,0.03
291094,0.07
291103,0.13
291108,0.05
291110,0.06
291113,0.01
291117,0.06
291124,0.11
291129,0.01
291142,0.12
291155,0.25
291157,0.06
291177,0.02
291178,0.02
291180,0.05
291188,0.19
291198,0.14
291200,0.04
291202,0.08
291207,0.07
291218,0.07
291231,0.1
291232,0.04
291240,0.05
291241,0.12
291245,0.05
291256,0.02
291273,0.13
291274,0.12
291277,0.07
291290,0.3
291303,0.22
291310,0.04
291311,0.11
291319,0.21
291324,0.13
291331,0.09
291334,0.08
291348,0.05
291349,0.24
291359,0.04
291365,0.0
291379,0.17
291396,0.07
291411,0.11
291424,0.1
291425,0.02
291428,0.05
291446,0.06
291449,0.0
291461,0.12
291465,0.05
291480,0.12
291486,0.08
291487,0.0
291491,0.04
291499,0.06
291505,0.18
291512,0.09
291513,0.05
291521,0.04
291523,0.02
291543,0.14
291545,0.03
291546,0.22
291550,0.1
291552,0.08
291561,0.07
291579,0.07
291584,0.34
291586,0.04
291590,0.13
291592,0.29
291593,0.05
291599,0.12
291615,0.03
291617,0.02
291628,0.11
291654,0.13
291658,0.25
291659,0.0
291661,0.15
291671,0.04
291677,0.03
291689,0.06
291693,0.05
291695,0.03
291696,0.13
291697,0.03
291702,0.01
291711,0.02
291713,0.07
291715,0.08
291718,0.08
291733,0.14
291742,0.03
291748,0.01
291765,0.01
291771,0.03
291773,0.12
291788,0.0
291789,0.2
291796,0.08
291800,0.12
291817,0.02
291822,0.11
291840,0.11
291843,0.04
291855,0.08
291858,0.02
291870,0.06
291872,0.07
291874,0.06
291883,0.02
291888,0.03
291894,0.07
291901,0.01
291928,0.09
291930,0.04
291949,0.04
291951,0.09
291953,0.02
291955,0.06
291963,0.22
291969,0.12
291980,0.04
292010,0.01
292022,0.06
292023,0.08
292031,0.06
292034,0.04
292043,0.01
292049,0.08
292055,0.05
292062,0.13
292070,0.07
292072,0.19
292073,0.02
292082,0.1
292096,0.03
292098,0.03
292116,0.07
292118,0.1
292126,0.15
292128,0.01
292137,0.17
292138,0.1
292142,0.15
292149,0.23
292181,0.21
292189,0.06
292191,0.07
292205,0.05
292219,0.06
292227,0.02
292231,0.05
292238,0.1
292246,0.1
292248,0.1
292259,0.04
292261,0.04
292266,0.09
292267,0.02
292272,0.08
292278,0.3
292281,0.05
292286,0.09
292288,0.15
292289,0.02
292304,0.16
292307,0.02
292319,0.06
292320,0.03
292325,0.16
292326,0.14
292331,0.08
292332,0.02
292333,0.03
292334,0.07
292337,0.03
292338,0.12
292342,0.06
292347,0.02
292350,0.0
292355,0.04
292360,0.03
292362,0.02
292363,0.16
292364,0.06
292383,0.24
292397,0.11
292409,0.16
292417,0.07
292426,0.02
292428,0.02
292439,0.27
292443,0.1
292448,0.09
292451,0.02
292452,0.0
292456,0.05
292460,0.04
292463,0.06
292464,0.08
292476,0.17
292480,0.03
292483,0.04
292493,0.05
292501,0.22
292506,0.01
292508,0.0
292513,0.1
292525,0.11
292533,0.07
292540,0.14
292541,0.01
292544,0.07
292549,0.06
292550,0.05
292557,0.18
292558,0.01
292562,0.07
292564,0.07
292583,0.06
292612,0.06
292618,0.02
292623,0.18
292631,0.04
292633,0.1
292641,0.09
292643,0.09
292649,0.07
292650,0.05
292651,0.28
292655,0.02
292659,0.05
292677,0.03
292693,0.04
292697,0.1
292700,0.15
292702,0.03
292710,0.02
292727,0.11
292731,0.14
292732,0.03
292734,0.03
292735,0.02
292737,0.0
292739,0.1
292741,0.02
292767,0.03
292778,0.06
292807,0.18
292813,0.12
292834,0.31
292837,0.05
292839,0.05
292844,0.06
292869,0.01
292874,0.05
292892,0.08
292894,0.09
292916,0.19
292921,0.15
292925,0.04
292929,0.09
292933,0.05
292935,0.17
292938,0.07
292945,0.14
292946,0.11
292953,0.05
292966,0.19
292968,0.11
292983,0.03
292988,0.05
292992,0.04
292997,0.09
293002,0.05
293013,0.02
293030,0.25
293043,0.2
293070,0.26
293093,0.01
293103,0.09
293104,0.01
293117,0.36
293123,0.06
293126,0.14
293128,0.0
293136,0.03
293142,0.04
293146,0.3
293149,0.18
293159,0.1
293169,0.02
293172,0.1
293175,0.05
293176,0.16
293192,0.0
293213,0.08
293218,0.14
293219,0.08
293224,0.09
293225,0.06
293234,0.19
293243,0.1
293249,0.01
293256,0.02
293276,0.24
293283,0.18
293295,0.1
293308,0.13
293309,0.18
293316,0.07
293326,0.11
293330,0.14
293351,0.11
293361,0.05
293366,0.14
293376,0.13
293377,0.11
293382,0.1
293383,0.16
293385,0.07
293402,0.13
293403,0.08
293405,0.04
293412,0.14
293430,0.03
293435,0.04
293438,0.03
293445,0.04
293447,0.26
293451,0.12
293463,0.03
293471,0.02
293482,0.04
293485,0.09
293493,0.28
293496,0.01
293505,0.06
293507,0.1
293508,0.09
293518,0.11
293524,0.05
293527,0.05
293537,0.02
293542,0.1
293556,0.05
293560,0.12
293563,0.3
293565,0.02
293597,0.14
293603,0.05
293607,0.11
293621,0.09
293622,0.11
293623,0.25
293636,0.14
293643,0.07
293659,0.11
293678,0.09
293679,0.11
293681,0.06
293684,0.04
293692,0.06
293696,0.04
293733,0.0
293734,0.05
293745,0.03
293751,0.05
293770,0.1
293778,0.13
293789,0.02
293809,0.06
293815,0.01
293816,0.17
293819,0.14
293822,0.03
293846,0.16
293849,0.02
293850,0.09
293851,0.24
293860,0.03
293863,0.21
293881,0.15
293900,0.07
293907,0.05
293915,0.06
293931,0.07
293935,0.09
293942,0.03
293944,0.23
293967,0.11
293968,0.1
293971,0.06
293972,0.09
293974,0.14
293976,0.06
293985,0.02
293996,0.27
294004,0.02
294007,0.29
294010,0.05
294013,0.15
294016,0.19
294018,0.09
294028,0.15
294041,0.01
294047,0.01
294055,0.03
294062,0.13
294069,0.06
294075,0.18
294091,0.03
294108,0.04
294116,0.11
294125,0.04
294129,0.09
294130,0.09
294134,0.05
294135,0.12
294136,0.09
294141,0.12
294160,0.04
294164,0.14
294184,0.06
294191,0.08
294195,0.07
294199,0.02
294208,0.18
294221,0.02
294225,0.11
294230,0.12
294236,0.21
294256,0.01
294257,0.06
294258,0.12
294282,0.07
294287,0.12
294290,0.08
294300,0.08
294302,0.06
294313,0.05
294314,0.11
294322,0.04
294336,0.08
294339,0.14
294348,0.12
294365,0.25
294373,0.08
294383,0.03
294403,0.06
294406,0.06
294417,0.27
294452,0.26
294463,0.23
294471,0.09
294486,0.04
294501,0.05
294504,0.1
294509,0.04
294511,0.11
294519,0.05
294530,0.13
294532,0.13
294547,0.08
294548,0.01
294554,0.13
294577,0.22
294578,0.07
294580,0.04
294583,0.06
294592,0.07
294595,0.03
294602,0.0
294613,0.17
294617,0.05
294631,0.29
294641,0.04
294653,0.06
294657,0.07
294661,0.11
294665,0.07
294668,0.05
294671,0.1
294682,0.03
294685,0.03
294688,0.03
294690,0.45
294698,0.11
294717,0.06
294724,0.09
294726,0.01
294738,0.1
294744,0.09
294758,0.1
294762,0.03
294776,0.12
294777,0.09
294807,0.13
294816,0.11
294821,0.07
294825,0.12
294834,0.03
294835,0.08
294836,0.12
294840,0.11
294842,0.14
294864,0.0
294874,0.05
294880,0.09
294881,0.01
294897,0.06
294898,0.04
294920,0.08
294923,0.22
294926,0.12
294937,0.12
294941,0.12
294951,0.27
294952,0.01
294953,0.03
294982,0.08
294989,0.05
294995,0.12
295009,0.11
295010,0.13
295013,0.12
295016,0.05
295022,0.05
295024,0.1
295040,0.26
295045,0.05
295047,0.03
295056,0.05
295073,0.12
295080,0.08
295093,0.07
295094,0.2
295095,0.03
295107,0.0
295116,0.12
295140,0.01
295150,0.29
295154,0.17
295155,0.13
295162,0.05
295163,0.03
295168,0.18
295176,0.09
295182,0.05
295183,0.16
295216,0.04
295219,0.06
295239,0.07
295246,0.04
295255,0.02
295257,0.1
295261,0.03
295263,0.05
295265,0.03
295274,0.12
295281,0.08
295286,0.05
295299,0.14
295304,0.04
295306,0.02
295321,0.07
295339,0.08
295342,0.13
295346,0.18
295348,0.11
295354,0.0
295367,0.05
295372,0.02
295373,0.04
295374,0.04
295387,0.07
295389,0.03
295396,0.1
295415,0.03
295418,0.15
295421,0.03
295425,0.03
295431,0.04
295434,0.03
295443,0.14
295453,0.09
295473,0.06
295476,0.05
295477,0.06
295488,0.15
295499,0.1
295504,0.03
295505,0.13
295524,0.07
295529,0.07
295533,0.12
295534,0.05
295549,0.05
295565,0.05
295584,0.07
295585,0.11
295597,0.11
295599,0.11
295604,0.0
295616,0.17
295635,0.05
295637,0.05
295670,0.03
295678,0.03
295701,0.01
295711,0.09
295713,0.05
295734,0.1
295739,0.05
295750,0.06
295773,0.26
295783,0.1
295787,0.02
295790,0.03
295795,0.04
295820,0.01
295821,0.04
295826,0.08
295836,0.06
295837,0.26
295842,0.05
295848,0.04
295850,0.08
295869,0.03
295871,0.05
295873,0.08
295879,0.07
295880,0.13
295892,0.04
295904,0.26
295907,0.06
295908,0.12
295913,0.16
295918,0.13
295921,0.16
295924,0.2
295949,0.05
295953,0.01
295961,0.02
295968,0.05
295971,0.04
295985,0.02
295986,0.07
295987,0.06
295993,0.11
295997,0.14
296005,0.12
296007,0.07
296012,0.06
296022,0.01
296024,0.04
296032,0.04
296034,0.04
296062,0.03
296070,0.01
296074,0.03
296084,0.07
296087,0.12
296088,0.08
296089,0.07
296143,0.07
296172,0.03
296183,0.07
296185,0.06
296194,0.03
296199,0.13
296204,0.1
296206,0.2
296209,0.07
296229,0.16
296239,0.04
296253,0.08
296259,0.16
296264,0.02
296270,0.19
296273,0.07
296284,0.01
296285,0.17
296287,0.03
296288,0.18
296292,0.04
296300,0.15
296301,0.06
296321,0.32
296324,0.14
296335,0.24
296348,0.07
296354,0.05
296369,0.12
296376,0.06
296391,0.01
296393,0.08
296398,0.15
296428,0.15
296432,0.17
296433,0.08
296449,0.04
296450,0.08
296490,0.08
296498,0.1
296499,0.04
296500,0.08
296509,0.12
296514,0.07
296518,0.14
296527,0.02
296532,0.05
296541,0.04
296544,0.12
296546,0.02
296573,0.14
296578,0.05
296589,0.03
296594,0.11
296616,0.19
296623,0.11
296624,0.1
296632,0.08
296633,0.1
296639,0.13
296647,0.04
296656,0.22
296678,0.06
296679,0.1
296695,0.04
296696,0.12
296714,0.04
296721,0.0
296739,0.08
296744,0.31
296747,0.14
296758,0.07
296760,0.0
296766,0.04
296769,0.04
296776,0.04
296780,0.06
296782,0.28
296790,0.2
296795,0.12
296801,0.02
296803,0.14
296806,0.06
296811,0.04
296813,0.0
296818,0.27
296822,0.1
296839,0.12
296848,0.02
296863,0.14
296871,0.04
296872,0.07
296877,0.06
296882,0.16
296885,0.05
296903,0.19
296906,0.02
296912,0.03
296916,0.07
296922,0.01
296926,0.09
296927,0.04
296935,0.07
296939,0.05
296942,0.05
296954,0.11
296968,0.02
296971,0.08
296984,0.03
297004,0.05
297011,0.11
297017,0.05
297019,0.29
297021,0.18
297025,0.05
297033,0.12
297038,0.23
297042,0.42
297065,0.1
297089,0.08
297093,0.08
297098,0.03
297100,0.01
297111,0.02
297115,0.08
297121,0.21
297123,0.22
297129,0.05
297132,0.09
297139,0.07
297147,0.17
297148,0.31
297161,0.23
297167,0.03
297171,0.18
297173,0.01
297179,0.04
297189,0.19
297200,0.02
297201,0.17
297220,0.17
297229,0.13
297234,0.03
297252,0.04
297266,0.19
297269,0.04
297276,0.23
297292,0.02
297300,0.16
297303,0.05
297305,0.16
297307,0.11
297313,0.12
297336,0.04
297340,0.15
297344,0.04
297349,0.01
297358,0.11
297363,0.05
297369,0.02
297372,0.05
297380,0.18
297384,0.07
297385,0.11
297389,0.02
297390,0.1
297415,0.09
297419,0.11
297421,0.2
297424,0.0
297431,0.05
297447,0.09
297456,0.11
297457,0.06
297463,0.09
297464,0.06
297474,0.12
297479,0.04
297480,0.29
297494,0.02
297495,0.06
297507,0.01
297514,0.08
297515,0.02
297516,0.05
297521,0.03
297534,0.0
297553,0.02
297575,0.11
297584,0.07
297586,0.04
297606,0.05
297630,0.01
297636,0.04
297646,0.11
297650,0.02
297651,0.12
297656,0.0
297675,0.08
297681,0.1
297699,0.01
297702,0.03
297712,0.12
297718,0.14
297730,0.09
297731,0.08
297745,0.03
297768,0.2
297771,0.09
297774,0.01
297781,0.12
297786,0.05
297798,0.12
297809,0.06
297822,0.07
297828,0.03
297840,0.01
297852,0.06
297859,0.05
297868,0.08
297883,0.06
297887,0.03
297896,0.03
297898,0.04
297917,0.21
297943,0.01
297954,0.1
297965,0.03
297992,0.02
297993,0.11
298001,0.07
298005,0.13
298010,0.05
298013,0.11
298014,0.1
298015,0.09
298025,0.15
298026,0.03
298032,0.06
298039,0.23
298049,0.16
298051,0.07
298058,0.04
298062,0.02
298070,0.08
298078,0.04
298084,0.28
298108,0.14
298113,0.07
298115,0.12
298126,0.06
298131,0.02
298134,0.04
298135,0.1
298139,0.0
298142,0.04
298152,0.07
298154,0.07
298155,0.04
298161,0.28
298165,0.14
298166,0.34
298171,0.05
298179,0.13
298182,0.04
298187,0.03
298192,0.07
298194,0.05
298213,0.06
298215,0.13
298216,0.0
298217,0.03
298223,0.07
298256,0.03
298275,0.05
298277,0.14
298279,0.07
298285,0.08
298286,0.39
298296,0.06
298309,0.09
298312,0.07
298323,0.02
298330,0.07
298340,0.06
298341,0.08
298349,0.05
298353,0.06
298363,0.12
298367,0.01
298378,0.15
298380,0.08
298392,0.14
298395,0.06
298405,0.08
298426,0.17
298427,0.09
298444,0.09
298450,0.06
298458,0.01
298462,0.13
298463,0.05
298479,0.1
298480,0.09
298487,0.03
298499,0.17
298500,0.03
298506,0.04
298507,0.1
298512,0.05
298515,0.12
298517,0.06
298532,0.25
298533,0.03
298560,0.17
298564,0.04
298567,0.15
298568,0.05
298569,0.09
298570,0.21
298579,0.05
298583,0.02
298591,0.04
298593,0.11
298600,0.05
298609,0.02
298620,0.07
298622,0.07
298628,0.06
298633,0.08
298657,0.08
298669,0.11
298671,0.12
298677,0.06
298692,0.11
298703,0.1
298705,0.05
298711,0.05
298713,0.16
298757,0.13
298766,0.01
298768,0.16
298770,0.09
298776,0.25
298785,0.06
298787,0.05
298792,0.06
298795,0.03
298799,0.02
298806,0.22
298810,0.06
298818,0.04
298822,0.04
298823,0.05
298834,0.0
298837,0.14
298841,0.1
298845,0.02
298852,0.01
298855,0.0
298858,0.08
298860,0.04
298861,0.03
298863,0.0
298866,0.16
298873,0.15
298880,0.11
298889,0.07
298896,0.23
298917,0.1
298929,0.17
298940,0.11
298946,0.24
298949,0.05
298966,0.09
298984,0.08
298994,0.05
299004,0.24
299012,0.09
299022,0.2
299024,0.04
299026,0.06
299035,0.08
299036,0.02
299039,0.05
299061,0.15
299064,0.11
299067,0.13
299074,0.13
299075,0.07
299078,0.07
299109,0.15
299117,0.09
299121,0.01
299127,0.12
299134,0.06
299136,0.15
299137,0.12
299139,0.06
299168,0.03
299176,0.03
299184,0.09
299188,0.05
299191,0.07
299208,0.04
299229,0.01
299238,0.08
299241,0.05
299257,0.1
299260,0.14
299264,0.18
299279,0.16
299308,0.03
299310,0.05
299311,0.06
299317,0.09
299325,0.16
299329,0.03
299334,0.08
299335,0.08
299339,0.09
299351,0.04
299352,0.02
299365,0.13
299393,0.07
299400,0.08
299404,0.05
299406,0.19
299410,0.22
299413,0.05
299434,0.24
299448,0.05
299463,0.07
299464,0.12
299470,0.02
299480,0.04
299488,0.07
299496,0.12
299501,0.22
299504,0.12
299532,0.1
299536,0.06
299550,0.01
299554,0.06
299564,0.07
299577,0.1
299581,0.04
299594,0.13
299632,0.07
299633,0.06
299650,0.14
299678,0.06
299682,0.07
299705,0.06
299719,0.03
299720,0.11
299724,0.11
299730,0.04
299750,0.06
299766,0.11
299774,0.11
299787,0.02
299817,0.08
299818,0.19
299826,0.04
299833,0.03
299845,0.06
299847,0.42
299850,0.11
299866,0.14
299869,0.02
299870,0.12
299874,0.0
299877,0.15
299891,0.12
299898,0.1
299900,0.23
299904,0.01
299912,0.09
299914,0.03
299919,0.03
299931,0.04
299934,0.1
299941,0.2
299946,0.01
299947,0.1
299972,0.12
299973,0.11
299975,0.03
299979,0.07
299981,0.16
299983,0.09
299985,0.11
299986,0.04
300011,0.13
300013,0.02
300028,0.02
300042,0.02
300043,0.1
300058,0.09
300073,0.04
300075,0.08
300087,0.01
300090,0.11
300107,0.06
300115,0.04
300119,0.03
300122,0.3
300125,0.11
300126,0.14
300137,0.29
300139,0.04
300145,0.05
300155,0.05
300169,0.06
300170,0.04
300175,0.03
300177,0.09
300186,0.02
300188,0.06
300194,0.05
300207,0.15
300210,0.12
300217,0.09
300221,0.02
300235,0.04
300238,0.07
300240,0.14
300241,0.03
300249,0.04
300255,0.12
300259,0.0
300272,0.06
300274,0.07
300276,0.13
300284,0.01
300293,0.02
300306,0.01
300310,0.16
300324,0.25
300339,0.03
300346,0.02
300348,0.07
300354,0.01
300356,0.04
300358,0.05
300363,0.05
300366,0.07
300368,0.05
300370,0.1
300385,0.14
300392,0.21
300393,0.02
300403,0.04
300411,0.05
300420,0.01
300421,0.14
300435,0.14
300437,0.07
300440,0.14
300443,0.09
300456,0.15
300458,0.06
300459,0.12
300460,0.04
300462,0.14
300481,0.04
300486,0.2
300488,0.09
300503,0.08
300506,0.05
300517,0.04
300523,0.0
300525,0.01
300526,0.09
300552,0.09
300560,0.01
300570,0.06
300583,0.11
300585,0.11
300587,0.08
300598,0.11
300600,0.07
300608,0.19
300612,0.05
300618,0.01
300621,0.12
300640,0.09
300641,0.06
300651,0.05
300653,0.03
300667,0.09
300678,0.12
300680,0.1
300687,0.05
300702,0.16
300717,0.14
300722,0.02
300723,0.09
300732,0.19
300752,0.15
300761,0.27
300775,0.06
300786,0.19
300787,0.06
300788,0.11
300789,0.08
300794,0.13
300808,0.08
300834,0.01
300842,0.19
300844,0.14
300850,0.05
300851,0.07
300854,0.07
300866,0.09
300867,0.05
300868,0.04
300882,0.04
300883,0.09
300891,0.03
300894,0.05
300901,0.09
300904,0.04
300910,0.13
300914,0.12
300918,0.1
300948,0.22
300954,0.17
300958,0.05
300959,0.02
300970,0.01
300971,0.03
300975,0.13
300981,0.08
300983,0.04
300993,0.32
300996,0.03
301001,0.08
301005,0.04
301010,0.16
301021,0.28
301026,0.06
301029,0.06
301032,0.04
301061,0.21
301073,0.01
301083,0.02
301089,0.09
301093,0.18
301098,0.05
301103,0.1
301105,0.09
301112,0.17
301120,0.02
301122,0.04
301124,0.11
301137,0.11
301169,0.12
301173,0.09
301177,0.08
301179,0.06
301180,0.15
301185,0.05
301195,0.18
301199,0.05
301201,0.14
301206,0.15
301209,0.06
301210,0.06
301216,0.21
301224,0.26
301226,0.07
301227,0.12
301243,0.08
301246,0.02
301248,0.07
301252,0.04
301259,0.13
301260,0.02
301267,0.01
301268,0.08
301274,0.04
301281,0.08
301287,0.03
301288,0.09
301299,0.0
301304,0.06
301325,0.2
301327,0.04
301331,0.11
301332,0.02
301336,0.02
301345,0.18
301348,0.05
301356,0.04
301358,0.08
301360,0.03
301364,0.03
301389,0.05
301415,0.04
301421,0.24
301422,0.04
301424,0.09
301426,0.08
301433,0.04
301459,0.15
301460,0.13
301478,0.05
301483,0.06
301493,0.01
301494,0.07
301503,0.06
301510,0.14
301516,0.0
301530,0.09
301531,0.05
301549,0.01
301550,0.1
301555,0.05
301573,0.14
301588,0.06
301593,0.16
301613,0.1
301625,0.21
301643,0.09
301650,0.09
301651,0.08
301652,0.02
301653,0.1
301665,0.13
301684,0.02
301686,0.16
301694,0.27
301697,0.02
301698,0.09
301717,0.03
301725,0.03
301728,0.08
301734,0.03
301749,0.16
301761,0.2
301766,0.11
301775,0.09
301782,0.11
301784,0.07
301787,0.06
301789,0.13
301790,0.07
301804,0.12
301806,0.07
301817,0.14
301826,0.04
301837,0.11
301842,0.0
301848,0.09
301859,0.12
301860,0.04
301867,0.06
301877,0.0
301883,0.05
301902,0.08
301908,0.08
301916,0.08
301920,0.02
301921,0.02
301931,0.01
301939,0.1
301941,0.04
301943,0.04
301949,0.03
301955,0.12
301963,0.03
301968,0.06
301975,0.08
301988,0.03
302000,0.06
302005,0.03
302007,0.1
302016,0.18
302028,0.08
302038,0.06
302043,0.02
302051,0.04
302056,0.03
302063,0.07
302072,0.03
302074,0.09
302080,0.03
302093,0.05
302096,0.1
302123,0.05
302125,0.04
302128,0.08
302145,0.1
302146,0.08
302160,0.09
302166,0.07
302174,0.11
302175,0.05
302186,0.2
302190,0.05
302202,0.18
302207,0.15
302211,0.06
302215,0.06
302216,0.04
302217,0.06
302225,0.32
302231,0.06
302233,0.03
302259,0.09
302263,0.08
302281,0.03
302285,0.06
302288,0.16
302292,0.27
302303,0.09
302306,0.11
302309,0.04
302332,0.02
302341,0.01
302350,0.18
302352,0.1
302356,0.07
302361,0.1
302364,0.08
302373,0.07
302378,0.04
302385,0.03
302389,0.09
302393,0.2
302403,0.03
302422,0.01
302425,0.08
302431,0.3
302443,0.05
302448,0.01
302449,0.05
302455,0.13
302460,0.02
302462,0.08
302466,0.05
302467,0.03
302470,0.15
302472,0.01
302480,0.06
302481,0.09
302491,0.13
302494,0.02
302503,0.13
302504,0.2
302507,0.06
302527,0.05
302571,0.1
302580,0.14
302583,0.03
302591,0.05
302601,0.03
302613,0.07
302621,0.13
302638,0.05
302639,0.12
302655,0.1
302670,0.16
302673,0.2
302675,0.07
302691,0.1
302701,0.07
302705,0.03
302727,0.02
302750,0.09
302751,0.03
302757,0.13
302758,0.23
302761,0.17
302767,0.07
302787,0.05
302797,0.07
302799,0.14
302800,0.03
302815,0.04
302826,0.25
302827,0.05
302842,0.01
302856,0.02
302877,0.01
302879,0.05
302881,0.09
302882,0.09
302885,0.15
302905,0.03
302911,0.0
302916,0.15
302919,0.09
302947,0.04
302957,0.13
302968,0.05
302978,0.02
302984,0.02
302991,0.04
303007,0.04
303010,0.06
303012,0.23
303013,0.15
303024,0.14
303027,0.0
303034,0.04
303036,0.11
303037,0.01
303050,0.01
303060,0.07
303062,0.13
303066,0.06
303068,0.1
303077,0.35
303080,0.01
303082,0.06
303083,0.03
303085,0.08
303087,0.07
303089,0.08
303103,0.0
303105,0.04
303106,0.18
303120,0.02
303121,0.05
303127,0.01
303130,0.14
303142,0.02
303162,0.11
303169,0.08
303189,0.04
303220,0.02
303222,0.15
303223,0.04
303227,0.02
303262,0.04
303264,0.03
303277,0.01
303288,0.02
303292,0.08
303294,0.15
303301,0.33
303312,0.1
303328,0.04
303330,0.01
303347,0.07
303354,0.11
303356,0.03
303362,0.04
303377,0.1
303386,0.05
303393,0.03
303397,0.06
303403,0.07
303413,0.08
303416,0.11
303428,0.08
303429,0.11
303432,0.06
303446,0.18
303455,0.08
303464,0.06
303465,0.05
303473,0.07
303476,0.19
303479,0.1
303482,0.1
303484,0.1
303492,0.12
303493,0.12
303497,0.1
303498,0.05
303499,0.03
303509,0.04
303513,0.03
303524,0.01
303525,0.23
303540,0.05
303544,0.02
303548,0.15
303551,0.04
303569,0.11
303584,0.04
303592,0.14
303602,0.08
303607,0.11
303619,0.05
303630,0.05
303643,0.24
303644,0.07
303670,0.12
303671,0.11
303678,0.09
303689,0.04
303698,0.14
303702,0.02
303704,0.08
303711,0.04
303727,0.06
303728,0.01
303741,0.23
303752,0.07
303755,0.02
303777,0.03
303790,0.14
303798,0.06
303804,0.22
303812,0.04
303814,0.17
303817,0.24
303818,0.18
303848,0.0
303850,0.06
303854,0.06
303857,0.02
303860,0.01
303870,0.17
303877,0.07
303884,0.15
303893,0.0
303899,0.02
303900,0.1
303902,0.05
303906,0.05
303920,0.21
303937,0.11
303939,0.03
303941,0.01
303962,0.15
303963,0.09
303971,0.02
303978,0.09
303980,0.06
303986,0.13
304018,0.08
304025,0.05
304027,0.02
304028,0.16
304029,0.1
304030,0.04
304035,0.06
304040,0.07
304058,0.11
304083,0.03
304089,0.23
304092,0.08
304093,0.05
304100,0.03
304121,0.09
304142,0.14
304154,0.12
304158,0.15
304164,0.09
304173,0.16
304175,0.1
304182,0.12
304194,0.08
304201,0.09
304202,0.06
304206,0.05
304210,0.05
304226,0.06
304237,0.09
304256,0.19
304257,0.01
304265,0.05
304271,0.18
304274,0.03
304286,0.04
304292,0.07
304299,0.07
304350,0.06
304352,0.02
304355,0.11
304360,0.03
304361,0.12
304363,0.15
304375,0.17
304378,0.03
304382,0.16
304385,0.22
304386,0.14
304387,0.1
304388,0.08
304391,0.14
304398,0.05
304406,0.01
304420,0.06
304431,0.12
304436,0.35
304438,0.02
304440,0.01
304441,0.04
304450,0.06
304451,0.21
304454,0.06
304462,0.18
304466,0.19
304469,0.21
304472,0.04
304475,0.16
304481,0.06
304483,0.09
304485,0.14
304486,0.01
304504,0.14
304505,0.08
304512,0.04
304516,0.12
304517,0.04
304528,0.04
304530,0.1
304536,0.04
304549,0.02
304552,0.15
304554,0.18
304581,0.07
304593,0.06
304596,0.26
304604,0.03
304610,0.21
304614,0.02
304628,0.09
304629,0.07
304637,0.01
304644,0.04
304654,0.06
304664,0.24
304676,0.03
304680,0.07
304687,0.08
304696,0.05
304698,0.18
304700,0.12
304703,0.09
304704,0.07
304710,0.1
304717,0.05
304729,0.2
304732,0.09
304736,0.15
304738,0.0
304756,0.01
304771,0.05
304773,0.11
304776,0.01
304778,0.04
304779,0.08
304780,0.1
304790,0.15
304793,0.02
304805,0.2
304811,0.03
304825,0.1
304828,0.14
304829,0.09
304842,0.12
304851,0.11
304857,0.03
304884,0.1
304891,0.04
304897,0.14
304898,0.12
304905,0.05
304907,0.11
304917,0.03
304931,0.04
304935,0.01
304942,0.07
304954,0.09
304959,0.04
304968,0.06
304971,0.03
304977,0.16
304982,0.06
304985,0.15
304991,0.02
304992,0.11
304997,0.12
305004,0.09
305008,0.03
305019,0.04
305020,0.21
305025,0.05
305037,0.04
305046,0.19
305056,0.04
305062,0.05
305064,0.23
305065,0.06
305076,0.09
305108,0.06
305110,0.08
305115,0.11
305121,0.15
305125,0.03
305141,0.01
305151,0.06
305159,0.02
305162,0.1
305165,0.11
305174,0.1
305178,0.07
305180,0.14
305182,0.06
305183,0.05
305194,0.09
305199,0.24
305210,0.1
305214,0.32
305215,0.03
305218,0.04
305225,0.04
305229,0.01
305231,0.0
305233,0.03
305237,0.02
305260,0.11
305261,0.07
305278,0.04
305286,0.14
305293,0.04
305300,0.04
305301,0.19
305326,0.22
305334,0.08
305340,0.1
305348,0.03
305352,0.04
305359,0.13
305360,0.04
305362,0.05
305383,0.02
305406,0.1
305408,0.13
305412,0.13
305413,0.14
305414,0.2
305417,0.04
305421,0.06
305422,0.04
305447,0.07
305448,0.1
305450,0.05
305452,0.06
305459,0.05
305460,0.06
305474,0.06
305475,0.06
305481,0.14
305494,0.06
305503,0.07
305507,0.03
305508,0.11
305513,0.09
305518,0.09
305523,0.11
305526,0.13
305529,0.03
305532,0.09
305543,0.17
305555,0.03
305562,0.02
305571,0.04
305578,0.18
305579,0.05
305584,0.05
305603,0.12
305620,0.17
305626,0.01
305636,0.06
305640,0.03
305653,0.08
305662,0.08
305663,0.11
305667,0.02
305683,0.1
305698,0.05
305699,0.19
305707,0.06
305717,0.12
305723,0.04
305735,0.02
305738,0.09
305746,0.01
305766,0.04
305773,0.02
305776,0.07
305777,0.02
305809,0.04
305813,0.06
305816,0.06
305820,0.14
305826,0.2
305838,0.17
305839,0.03
305846,0.1
305861,0.12
305863,0.29
305869,0.09
305872,0.02
305876,0.08
305881,0.06
305887,0.08
305894,0.03
305898,0.01
305905,0.08
305908,0.03
305914,0.24
305915,0.01
305922,0.03
305938,0.19
305946,0.06
305956,0.13
305963,0.07
305965,0.05
305988,0.05
305990,0.01
305991,0.07
305994,0.03
305998,0.03
306003,0.03
306012,0.04
306016,0.04
306021,0.09
306025,0.11
306030,0.12
306047,0.17
306051,0.14
306063,0.1
306066,0.12
306069,0.05
306074,0.09
306091,0.1
306094,0.14
306095,0.01
306114,0.06
306116,0.01
306121,0.11
306127,0.13
306128,0.11
306133,0.07
306142,0.01
306144,0.06
306150,0.03
306153,0.04
306156,0.06
306159,0.34
306161,0.04
306173,0.06
306175,0.08
306193,0.07
306194,0.0
306198,0.18
306203,0.13
306209,0.13
306212,0.03
306216,0.11
306233,0.02
306247,0.08
306264,0.04
306267,0.02
306293,0.03
306302,0.34
306305,0.02
306311,0.18
306345,0.02
306357,0.06
306368,0.0
306372,0.32
306378,0.3
306389,0.11
306398,0.1
306414,0.16
306419,0.15
306437,0.05
306438,0.1
306441,0.16
306443,0.17
306450,0.13
306464,0.11
306468,0.18
306469,0.01
306484,0.03
306527,0.12
306538,0.06
306547,0.19
306554,0.1
306557,0.1
306560,0.02
306561,0.06
306565,0.03
306569,0.07
306576,0.02
306587,0.06
306604,0.05
306624,0.05
306625,0.19
306628,0.22
306647,0.08
306651,0.07
306658,0.08
306660,0.31
306664,0.11
306670,0.28
306699,0.03
306701,0.1
306712,0.05
306716,0.1
306727,0.05
306729,0.11
306735,0.02
306739,0.1
306756,0.07
306757,0.07
306767,0.09
306775,0.06
306795,0.05
306799,0.13
306800,0.13
306805,0.06
306812,0.01
306820,0.16
306840,0.2
306845,0.04
306848,0.01
306856,0.06
306862,0.15
306863,0.06
306868,0.23
306873,0.11
306876,0.04
306893,0.13
306896,0.18
306899,0.02
306907,0.16
306908,0.04
306917,0.06
306927,0.14
306930,0.02
306935,0.13
306942,0.08
306951,0.02
306961,0.04
306970,0.3
306972,0.15
306973,0.06
306976,0.02
306978,0.09
306990,0.06
306992,0.22
306995,0.06
307001,0.28
307004,0.36
307005,0.1
307006,0.03
307010,0.04
307011,0.04
307014,0.03
307016,0.09
307022,0.05
307027,0.27
307052,0.12
307061,0.09
307072,0.39
307078,0.05
307111,0.07
307112,0.13
307134,0.13
307143,0.08
307147,0.07
307148,0.05
307162,0.03
307166,0.07
307168,0.02
307174,0.05
307177,0.04
307197,0.09
307198,0.17
307199,0.08
307205,0.09
307207,0.05
307210,0.04
307212,0.03
307223,0.02
307224,0.04
307236,0.18
307241,0.07
307242,0.12
307259,0.06
307271,0.07
307274,0.06
307281,0.16
307288,0.06
307294,0.05
307302,0.01
307308,0.06
307313,0.12
307344,0.26
307350,0.04
307366,0.04
307372,0.06
307373,0.07
307374,0.08
307378,0.03
307384,0.11
307398,0.21
307406,0.06
307416,0.03
307420,0.18
307424,0.03
307427,0.16
307429,0.09
307436,0.05
307456,0.05
307491,0.05
307494,0.06
307496,0.06
307500,0.05
307504,0.08
307509,0.11
307511,0.15
307520,0.02
307527,0.03
307537,0.08
307539,0.05
307558,0.11
307561,0.02
307575,0.08
307577,0.13
307588,0.07
307636,0.07
307639,0.13
307641,0.01
307646,0.05
307653,0.04
307661,0.14
307669,0.15
307674,0.04
307678,0.05
307691,0.04
307697,0.04
307699,0.11
307702,0.04
307708,0.05
307712,0.11
307716,0.04
307729,0.04
307753,0.14
307765,0.28
307781,0.1
307787,0.08
307788,0.05
307798,0.11
307799,0.06
307800,0.11
307801,0.06
307804,0.0
307816,0.02
307820,0.03
307824,0.1
307828,0.03
307832,0.14
307836,0.23
307842,0.15
307851,0.31
307856,0.08
307861,0.06
307879,0.03
307904,0.1
307911,0.06
307912,0.03
307913,0.21
307922,0.01
307924,0.11
307925,0.05
307929,0.02
307933,0.19
307945,0.03
307948,0.05
307961,0.2
307962,0.04
307963,0.07
307971,0.09
307983,0.1
307984,0.08
307988,0.17
307993,0.04
307994,0.15
308007,0.09
308008,0.02
308018,0.07
308023,0.04
308026,0.03
308028,0.03
308030,0.03
308034,0.14
308053,0.06
308065,0.18
308095,0.05
308096,0.04
308100,0.07
308114,0.05
308116,0.14
308120,0.01
308128,0.12
308132,0.08
308134,0.09
308140,0.11
308142,0.1
308164,0.04
308168,0.11
308169,0.12
308171,0.06
308176,0.09
308177,0.05
308179,0.03
308180,0.2
308184,0.02
308188,0.08
308189,0.02
308190,0.03
308200,0.1
308210,0.16
308211,0.14
308218,0.14
308220,0.03
308228,0.02
308231,0.06
308236,0.02
308247,0.09
308251,0.05
308260,0.03
308266,0.07
308267,0.07
308280,0.24
308298,0.04
308301,0.0
308309,0.08
308312,0.18
308325,0.11
308334,0.2
308339,0.02
308346,0.13
308359,0.06
308360,0.07
308380,0.1
308391,0.08
308403,0.1
308408,0.14
308410,0.24
308415,0.06
308420,0.08
308427,0.02
308442,0.03
308447,0.32
308462,0.01
308464,0.08
308465,0.06
308467,0.08
308468,0.0
308476,0.03
308488,0.15
308498,0.0
308504,0.15
308507,0.04
308509,0.06
308521,0.07
308536,0.04
308537,0.03
308543,0.04
308547,0.06
308559,0.12
308565,0.14
308569,0.14
308584,0.0
308591,0.04
308608,0.16
308610,0.1
308613,0.02
308618,0.2
308623,0.06
308632,0.02
308636,0.08
308641,0.05
308643,0.07
308664,0.16
308678,0.03
308679,0.0
308691,0.09
308692,0.06
308701,0.04
308709,0.26
308711,0.13
308719,0.06
308723,0.06
308727,0.09
308732,0.05
308738,0.07
308747,0.03
308749,0.01
308755,0.05
308756,0.16
308761,0.05
308779,0.14
308780,0.14
308784,0.03
308789,0.14
308807,0.02
308818,0.17
308819,0.07
308822,0.23
308827,0.04
308831,0.06
308833,0.04
308842,0.08
308868,0.02
308871,0.09
308881,0.07
308889,0.02
308892,0.03
308900,0.02
308903,0.07
308912,0.08
308916,0.07
308919,0.09
308920,0.08
308921,0.04
308928,0.11
308929,0.16
308934,0.19
308940,0.09
308941,0.05
308946,0.05
308956,0.06
308958,0.02
308963,0.0
308965,0.1
308971,0.09
308977,0.08
308985,0.15
308987,0.05
308995,0.17
309005,0.08
309007,0.18
309015,0.03
309016,0.08
309018,0.06
309019,0.05
309035,0.02
309042,0.13
309044,0.01
309052,0.12
309061,0.03
309064,0.03
309072,0.05
309075,0.04
309083,0.05
309099,0.14
309124,0.01
309125,0.13
309146,0.06
309159,0.05
309161,0.04
309168,0.23
309180,0.05
309185,0.04
309195,0.07
309198,0.07
309200,0.09
309202,0.11
309204,0.07
309213,0.16
309227,0.2
309234,0.05
309241,0.04
309242,0.09
309244,0.09
309246,0.09
309250,0.05
309251,0.21
309274,0.16
309276,0.2
309280,0.13
309298,0.23
309301,0.15
309302,0.05
309326,0.04
309335,0.13
309341,0.02
309343,0.05
309344,0.12
309354,0.02
309362,0.03
309399,0.05
309406,0.07
309409,0.17
309411,0.12
309418,0.28
309421,0.01
309435,0.12
309443,0.09
309455,0.16
309462,0.04
309473,0.11
309476,0.12
309478,0.07
309493,0.03
309502,0.05
309508,0.22
309526,0.13
309536,0.02
309544,0.07
309547,0.09
309555,0.02
309562,0.04
309569,0.09
309574,0.08
309577,0.08
309578,0.09
309579,0.09
309585,0.01
309588,0.02
309603,0.01
309604,0.01
309617,0.16
309620,0.04
309623,0.07
309648,0.19
309665,0.12
309682,0.05
309694,0.05
309702,0.04
309711,0.02
309713,0.09
309729,0.04
309735,0.06
309744,0.07
309749,0.1
309750,0.05
309759,0.12
309761,0.05
309770,0.19
309776,0.06
309777,0.05
309789,0.02
309790,0.03
309800,0.12
309813,0.06
309814,0.19
309815,0.16
309825,0.08
309826,0.12
309829,0.03
309831,0.03
309837,0.05
309846,0.15
309849,0.1
309855,0.04
309860,0.12
309879,0.13
309882,0.26
309887,0.2
309892,0.11
309895,0.11
309902,0.11
309915,0.14
309923,0.05
309941,0.22
309942,0.13
309945,0.08
309950,0.16
309955,0.08
309963,0.03
309964,0.01
309967,0.2
309969,0.1
309971,0.07
309978,0.18
309987,0.16
309990,0.15
309992,0.08
309993,0.05
310010,0.09
310012,0.11
310017,0.05
310018,0.1
310022,0.04
310031,0.04
310033,0.05
310034,0.22
310038,0.12
310044,0.18
310062,0.06
310071,0.01
310075,0.02
310082,0.13
310093,0.15
310101,0.02
310106,0.08
310118,0.09
310123,0.04
310126,0.08
310130,0.02
310141,0.16
310145,0.11
310148,0.04
310150,0.04
310159,0.17
310162,0.02
310163,0.14
310166,0.03
310167,0.03
310170,0.09
310181,0.09
310187,0.02
310191,0.04
310192,0.08
310197,0.11
310200,0.03
310201,0.11
310203,0.04
310204,0.07
310213,0.04
310215,0.11
310218,0.18
310236,0.08
310238,0.02
310241,0.11
310245,0.19
310252,0.09
310259,0.06
310260,0.19
310261,0.11
310262,0.04
310274,0.06
310294,0.21
310296,0.15
310298,0.03
310306,0.02
310307,0.06
310316,0.04
310329,0.06
310338,0.06
310342,0.08
310343,0.15
310360,0.06
310362,0.35
310378,0.06
310379,0.11
310383,0.09
310385,0.02
310387,0.1
310388,0.05
310400,0.07
310408,0.14
310414,0.11
310423,0.01
310424,0.04
310428,0.11
310432,0.14
310456,0.04
310463,0.22
310475,0.13
310476,0.09
310482,0.07
310485,0.04
310490,0.02
310496,0.04
310505,0.11
310519,0.07
310546,0.05
310547,0.09
310553,0.08
310555,0.03
310556,0.27
310568,0.02
310573,0.09
310574,0.03
310577,0.05
310580,0.05
310581,0.07
310583,0.08
310586,0.16
310591,0.07
310598,0.03
310606,0.1
310628,0.0
310634,0.07
310638,0.16
310646,0.0
310648,0.16
310654,0.02
310659,0.11
310663,0.06
310669,0.08
310670,0.09
310674,0.04
310691,0.08
310693,0.06
310702,0.0
310706,0.05
310709,0.1
310711,0.16
310720,0.17
310739,0.16
310742,0.14
310743,0.03
310752,0.09
310753,0.19
310757,0.15
310763,0.03
310764,0.02
310769,0.05
310771,0.21
310775,0.01
310779,0.15
310781,0.17
310784,0.12
310793,0.09
310794,0.03
310816,0.14
310823,0.12
310837,0.19
310856,0.12
310865,0.07
310866,0.15
310872,0.09
310877,0.17
310879,0.09
310883,0.12
310884,0.11
310908,0.04
310928,0.01
310935,0.02
310954,0.07
310964,0.28
310971,0.07
310972,0.12
310983,0.04
310988,0.02
310994,0.03
311003,0.08
311020,0.05
311024,0.11
311037,0.08
311064,0.03
311070,0.01
311086,0.19
311087,0.06
311108,0.0
311110,0.17
311115,0.03
311116,0.23
311117,0.07
311128,0.04
311136,0.08
311146,0.07
311155,0.16
311157,0.05
311159,0.1
311170,0.17
311184,0.09
311199,0.11
311208,0.12
311209,0.04
311220,0.29
311230,0.07
311233,0.04
311241,0.19
311261,0.02
311262,0.0
311268,0.03
311277,0.13
311296,0.15
311298,0.09
311310,0.21
311313,0.28
311316,0.18
311324,0.07
311327,0.06
311331,0.05
311335,0.09
311343,0.1
311346,0.14
311357,0.09
311358,0.05
311365,0.05
311370,0.06
311376,0.1
311380,0.18
311393,0.05
311399,0.05
311404,0.05
311409,0.03
311425,0.12
311436,0.05
311455,0.02
311459,0.16
311475,0.09
311499,0.1
311509,0.0
311518,0.02
311535,0.09
311536,0.06
311540,0.15
311542,0.24
311552,0.27
311562,0.25
311580,0.05
311583,0.09
311588,0.13
311595,0.04
311601,0.03
311605,0.09
311609,0.21
311612,0.1
311621,0.12
311623,0.04
311625,0.01
311636,0.09
311637,0.07
311646,0.05
311648,0.02
311654,0.06
311663,0.13
311676,0.07
311679,0.11
311683,0.13
311685,0.1
311691,0.03
311695,0.07
311700,0.03
311710,0.08
311714,0.05
311716,0.17
311725,0.07
311727,0.17
311728,0.02
311737,0.13
311738,0.06
311743,0.12
311746,0.06
311747,0.08
311761,0.28
311765,0.06
311773,0.05
311776,0.08
311786,0.17
311801,0.03
311820,0.03
311822,0.28
311829,0.04
311835,0.01
311846,0.03
311851,0.05
311854,0.03
311872,0.03
311875,0.07
311888,0.04
311916,0.02
311928,0.06
311931,0.08
311933,0.16
311934,0.03
311948,0.03
311949,0.15
311950,0.12
311952,0.04
311954,0.11
311962,0.07
311965,0.02
311968,0.13
311976,0.17
311977,0.05
311983,0.05
311989,0.05
311996,0.07
311999,0.01
312007,0.27
312022,0.05
312023,0.1
312034,0.05
312042,0.08
312049,0.02
312077,0.06
312088,0.05
312091,0.18
312114,0.03
312115,0.01
312117,0.13
312119,0.2
312126,0.44
312127,0.04
312134,0.1
312164,0.07
312176,0.11
312178,0.04
312184,0.03
312185,0.12
312186,0.02
312191,0.07
312197,0.05
312213,0.28
312223,0.05
312224,0.23
312225,0.06
312226,0.11
312231,0.02
312239,0.11
312251,0.06
312271,0.03
312278,0.06
312281,0.01
312289,0.07
312291,0.04
312301,0.16
312302,0.03
312316,0.07
312324,0.15
312338,0.04
312361,0.03
312363,0.21
312368,0.01
312382,0.04
312384,0.07
312390,0.03
312395,0.1
312396,0.21
312400,0.07
312406,0.15
312412,0.02
312414,0.12
312417,0.13
312425,0.11
312428,0.01
312431,0.1
312437,0.12
312442,0.06
312451,0.09
312460,0.05
312464,0.09
312466,0.09
312470,0.09
312473,0.21
312490,0.15
312493,0.15
312503,0.05
312509,0.1
312520,0.11
312528,0.05
312543,0.05
312544,0.03
312553,0.06
312558,0.09
312565,0.12
312568,0.11
312579,0.07
312581,0.07
312582,0.14
312596,0.1
312597,0.08
312598,0.02
312617,0.17
312627,0.03
312635,0.01
312637,0.1
312639,0.02
312640,0.26
312642,0.16
312651,0.04
312663,0.05
312668,0.04
312685,0.12
312691,0.05
312693,0.1
312710,0.1
312711,0.03
312712,0.04
312720,0.12
312746,0.25
312763,0.09
312770,0.09
312791,0.17
312795,0.07
312796,0.07
312797,0.09
312804,0.01
312812,0.02
312813,0.07
312825,0.11
312827,0.1
312841,0.08
312842,0.3
312845,0.07
312856,0.02
312866,0.05
312870,0.26
312879,0.13
312895,0.14
312901,0.05
312909,0.02
312910,0.05
312916,0.06
312926,0.04
312942,0.25
312946,0.08
312950,0.06
312952,0.11
312963,0.01
312968,0.23
312976,0.06
312980,0.05
312984,0.12
312987,0.14
312994,0.03
312996,0.11
312997,0.08
313019,0.06
313020,0.06
313028,0.09
313041,0.28
313045,0.08
313048,0.08
313052,0.17
313062,0.11
313063,0.13
313066,0.09
313071,0.1
313085,0.04
313099,0.2
313109,0.13
313131,0.02
313139,0.05
313141,0.02
313142,0.21
313145,0.23
313153,0.1
313157,0.01
313161,0.07
313165,0.06
313179,0.07
313208,0.11
313228,0.13
313236,0.07
313243,0.09
313245,0.09
313249,0.01
313275,0.02
313276,0.05
313280,0.14
313284,0.23
313285,0.05
313292,0.04
313297,0.1
313304,0.03
313322,0.1
313323,0.09
313325,0.02
313326,0.04
313334,0.06
313336,0.04
313337,0.14
313339,0.04
313340,0.0
313341,0.22
313343,0.11
313346,0.2
313348,0.33
313359,0.05
313365,0.07
313375,0.17
313381,0.12
313382,0.04
313389,0.05
313390,0.03
313391,0.21
313410,0.15
313416,0.1
313417,0.06
313426,0.1
313429,0.04
313469,0.02
313479,0.1
313485,0.28
313494,0.06
313496,0.12
313501,0.03
313506,0.06
313521,0.05
313524,0.18
313538,0.17
313550,0.07
313557,0.11
313573,0.01
313583,0.06
313592,0.08
313602,0.08
313604,0.17
313606,0.22
313617,0.14
313622,0.03
313625,0.1
313638,0.01
313639,0.03
313645,0.18
313655,0.11
313656,0.24
313663,0.09
313669,0.15
313670,0.01
313676,0.07
313689,0.29
313699,0.11
313711,0.07
313720,0.06
313731,0.25
313736,0.26
313741,0.1
313744,0.09
313749,0.17
313750,0.05
313753,0.19
313763,0.04
313765,0.19
313776,0.02
313778,0.11
313781,0.06
313786,0.27
313787,0.07
313795,0.03
313809,0.03
313810,0.09
313811,0.18
313818,0.31
313825,0.13
313830,0.05
313831,0.07
313834,0.13
313837,0.2
313841,0.03
313859,0.02
313882,0.03
313887,0.36
313900,0.01
313902,0.1
313906,0.02
313930,0.03
313932,0.08
313943,0.16
313944,0.04
313957,0.02
313970,0.14
313980,0.01
313982,0.04
313999,0.14
314000,0.05
314003,0.1
314004,0.08
314005,0.43
314007,0.04
314010,0.14
314011,0.02
314016,0.09
314023,0.09
314024,0.04
314031,0.09
314038,0.18
314041,0.1
314061,0.09
314073,0.0
314091,0.07
314097,0.22
314099,0.03
314107,0.04
314124,0.3
314127,0.11
314131,0.04
314132,0.01
314137,0.17
314139,0.04
314143,0.05
314149,0.01
314153,0.05
314154,0.23
314160,0.0
314167,0.07
314171,0.06
314182,0.05
314190,0.01
314194,0.04
314198,0.02
314211,0.07
314220,0.18
314245,0.06
314247,0.01
314256,0.02
314259,0.03
314267,0.04
314271,0.01
314278,0.22
314282,0.02
314283,0.1
314294,0.14
314298,0.02
314299,0.14
314306,0.08
314307,0.07
314308,0.06
314309,0.11
314317,0.14
314323,0.04
314332,0.04
314334,0.02
314335,0.05
314337,0.03
314343,0.04
314344,0.03
314346,0.04
314351,0.05
314354,0.04
314355,0.05
314359,0.06
314364,0.04
314366,0.02
314367,0.29
314374,0.04
314376,0.04
314387,0.07
314405,0.15
314412,0.03
314418,0.18
314429,0.07
314438,0.25
314442,0.03
314477,0.09
314480,0.04
314486,0.06
314487,0.12
314488,0.08
314490,0.06
314523,0.01
314528,0.17
314535,0.02
314542,0.15
314560,0.05
314585,0.25
314594,0.1
314596,0.06
314601,0.09
314603,0.07
314612,0.09
314615,0.28
314619,0.02
314621,0.24
314627,0.19
314629,0.04
314635,0.34
314639,0.02
314646,0.06
314650,0.31
314661,0.05
314690,0.07
314699,0.02
314705,0.18
314709,0.02
314710,0.01
314711,0.05
314714,0.08
314719,0.04
314722,0.06
314723,0.07
314729,0.07
314732,0.23
314734,0.14
314746,0.08
314761,0.35
314769,0.06
314773,0.1
314774,0.13
314776,0.04
314780,0.05
314785,0.16
314789,0.27
314796,0.2
314810,0.11
314812,0.07
314817,0.01
314822,0.13
314840,0.16
314843,0.03
314853,0.01
314856,0.1
314862,0.07
314864,0.0
314878,0.15
314894,0.06
314906,0.34
314912,0.03
314914,0.03
314933,0.14
314941,0.01
314949,0.08
314950,0.06
314952,0.07
314961,0.16
314970,0.1
314972,0.12
314975,0.17
314985,0.07
314986,0.13
314991,0.18
314995,0.09
314997,0.01
315003,0.04
315035,0.08
315038,0.14
315040,0.02
315046,0.04
315053,0.05
315054,0.1
315060,0.11
315061,0.04
315067,0.29
315076,0.12
315079,0.03
315083,0.06
315084,0.07
315092,0.14
315095,0.12
315112,0.09
315122,0.07
315123,0.0
315125,0.1
315136,0.24
315143,0.16
315145,0.04
315153,0.1
315164,0.19
315169,0.07
315178,0.13
315179,0.07
315189,0.01
315192,0.13
315194,0.07
315198,0.08
315210,0.08
315211,0.04
315221,0.25
315222,0.06
315228,0.11
315231,0.07
315233,0.03
315235,0.06
315240,0.07
315244,0.13
315257,0.11
315261,0.06
315271,0.14
315278,0.19
315282,0.18
315287,0.08
315288,0.1
315291,0.2
315306,0.02
315309,0.03
315312,0.01
315330,0.02
315335,0.1
315337,0.05
315343,0.05
315344,0.29
315366,0.0
315389,0.14
315403,0.04
315414,0.21
315425,0.03
315430,0.04
315432,0.19
315436,0.1
315437,0.07
315445,0.04
315451,0.05
315460,0.01
315462,0.08
315476,0.12
315480,0.07
315489,0.11
315494,0.01
315499,0.03
315503,0.06
315507,0.12
315540,0.01
315541,0.1
315546,0.02
315553,0.1
315569,0.24
315571,0.01
315574,0.04
315580,0.01
315587,0.01
315609,0.04
315610,0.06
315617,0.1
315623,0.08
315629,0.04
315635,0.18
315637,0.06
315641,0.06
315644,0.09
315654,0.23
315662,0.02
315663,0.12
315673,0.07
315677,0.04
315679,0.16
315680,0.16
315681,0.04
315682,0.14
315684,0.06
315693,0.11
315701,0.02
315705,0.17
315706,0.03
315711,0.09
315714,0.1
315725,0.05
315738,0.1
315740,0.02
315749,0.19
315753,0.05
315757,0.05
315778,0.07
315781,0.01
315793,0.08
315813,0.03
315822,0.02
315827,0.09
315831,0.03
315843,0.11
315857,0.12
315864,0.05
315869,0.09
315870,0.05
315878,0.18
315891,0.05
315894,0.08
315895,0.11
315903,0.07
315917,0.02
315920,0.04
315937,0.02
315938,0.14
315947,0.17
315970,0.28
315971,0.03
315974,0.01
315984,0.12
315985,0.19
315988,0.01
315993,0.11
315995,0.19
315997,0.06
316000,0.04
316009,0.05
316011,0.05
316014,0.13
316021,0.04
316022,0.08
316023,0.08
316060,0.02
316063,0.08
316065,0.16
316066,0.05
316077,0.11
316083,0.01
316093,0.19
316100,0.03
316110,0.03
316118,0.07
316135,0.0
316139,0.11
316154,0.16
316156,0.06
316171,0.07
316173,0.05
316186,0.11
316188,0.03
316190,0.14
316195,0.11
316205,0.1
316214,0.06
316216,0.05
316220,0.06
316222,0.06
316224,0.07
316226,0.03
316230,0.05
316248,0.12
316258,0.15
316269,0.11
316270,0.07
316279,0.12
316286,0.07
316295,0.06
316297,0.03
316305,0.04
316312,0.06
316313,0.07
316314,0.12
316320,0.06
316321,0.05
316328,0.07
316329,0.09
316334,0.04
316364,0.03
316372,0.04
316382,0.04
316407,0.05
316411,0.18
316433,0.1
316435,0.08
316441,0.08
316456,0.03
316457,0.07
316462,0.07
316465,0.16
316466,0.08
316468,0.04
316469,0.07
316479,0.06
316481,0.07
316484,0.02
316502,0.03
316517,0.08
316525,0.07
316531,0.01
316546,0.05
316549,0.08
316557,0.01
316561,0.2
316564,0.11
316565,0.06
316594,0.2
316595,0.08
316600,0.05
316625,0.03
316645,0.08
316647,0.13
316659,0.12
316683,0.11
316694,0.04
316697,0.03
316701,0.11
316702,0.02
316703,0.05
316718,0.05
316723,0.08
316748,0.2
316756,0.05
316758,0.03
316763,0.04
316764,0.18
316768,0.09
316769,0.06
316772,0.03
316777,0.19
316781,0.04
316785,0.15
316786,0.1
316815,0.19
316816,0.07
316828,0.08
316831,0.08
316837,0.03
316843,0.11
316849,0.13
316854,0.05
316862,0.03
316867,0.09
316902,0.03
316903,0.0
316906,0.06
316914,0.03
316915,0.11
316923,0.04
316928,0.1
316930,0.06
316932,0.19
316940,0.09
316947,0.07
316948,0.06
316977,0.09
316983,0.14
316987,0.08
317003,0.06
317005,0.06
317035,0.05
317036,0.01
317043,0.06
317048,0.03
317056,0.01
317065,0.05
317079,0.05
317080,0.0
317083,0.06
317087,0.08
317103,0.05
317117,0.28
317119,0.02
317125,0.11
317126,0.14
317134,0.09
317138,0.05
317142,0.07
317150,0.01
317184,0.14
317190,0.08
317196,0.02
317197,0.06
317206,0.04
317210,0.04
317221,0.06
317226,0.2
317227,0.43
317236,0.04
317237,0.14
317241,0.0
317249,0.03
317256,0.05
317282,0.05
317294,0.02
317298,0.13
317300,0.02
317307,0.04
317311,0.03
317318,0.03
317322,0.08
317323,0.1
317332,0.04
317338,0.13
317346,0.03
317347,0.04
317349,0.09
317354,0.17
317369,0.2
317386,0.02
317389,0.05
317410,0.07
317411,0.06
317422,0.06
317434,0.08
317446,0.01
317449,0.12
317455,0.1
317469,0.07
317475,0.04
317476,0.06
317487,0.15
317488,0.02
317499,0.16
317500,0.03
317506,0.06
317515,0.02
317518,0.02
317520,0.15
317546,0.15
317549,0.15
317554,0.01
317565,0.0
317579,0.06
317591,0.03
317592,0.21
317593,0.04
317594,0.0
317601,0.11
317603,0.15
317606,0.19
317608,0.05
317611,0.06
317618,0.07
317628,0.1
317629,0.11
317642,0.13
317644,0.05
317648,0.13
317650,0.02
317665,0.12
317675,0.06
317695,0.08
317696,0.11
317704,0.16
317713,0.04
317730,0.11
317735,0.13
317736,0.05
317738,0.12
317747,0.12
317764,0.08
317765,0.14
317772,0.14
317774,0.04
317786,0.06
317788,0.03
317806,0.06
317809,0.13
317811,0.04
317814,0.05
317815,0.16
317830,0.06
317835,0.06
317843,0.19
317856,0.16
317863,0.11
317876,0.27
317889,0.11
317902,0.1
317910,0.03
317914,0.06
317933,0.06
317936,0.1
317940,0.06
317944,0.05
317952,0.05
317955,0.13
317958,0.03
317965,0.04
317966,0.08
317978,0.06
318000,0.02
318007,0.07
318008,0.11
318012,0.06
318016,0.05
318019,0.15
318020,0.09
318021,0.07
318025,0.07
318036,0.05
318044,0.02
318055,0.07
318056,0.19
318057,0.21
318065,0.1
318075,0.04
318081,0.17
318094,0.02
318096,0.07
318104,0.17
318105,0.03
318109,0.16
318113,0.06
318121,0.09
318122,0.14
318126,0.02
318127,0.05
318131,0.06
318135,0.04
318155,0.03
318156,0.05
318161,0.11
318164,0.1
318169,0.19
318173,0.18
318176,0.2
318177,0.08
318181,0.04
318187,0.1
318193,0.06
318203,0.1
318206,0.02
318214,0.08
318220,0.04
318232,0.13
318250,0.1
318251,0.08
318252,0.06
318254,0.0
318260,0.03
318261,0.02
318263,0.02
318264,0.16
318266,0.01
318267,0.07
318268,0.15
318270,0.05
318274,0.12
318282,0.05
318286,0.07
318292,0.04
318297,0.01
318320,0.01
318337,0.0
318343,0.01
318347,0.13
318351,0.09
318357,0.34
318360,0.05
318384,0.02
318385,0.04
318387,0.09
318390,0.18
318391,0.02
318393,0.05
318406,0.01
318408,0.24
318410,0.23
318424,0.11
318428,0.11
318432,0.06
318433,0.09
318445,0.07
318452,0.21
318467,0.07
318473,0.16
318480,0.1
318486,0.19
318496,0.02
318505,0.16
318511,0.12
318517,0.0
318522,0.11
318527,0.02
318530,0.08
318531,0.05
318533,0.04
318535,0.07
318536,0.01
318548,0.05
318551,0.05
318557,0.23
318576,0.11
318581,0.19
318607,0.09
318609,0.12
318615,0.34
318634,0.09
318640,0.19
318651,0.25
318657,0.07
318669,0.05
318674,0.06
318675,0.01
318686,0.08
318694,0.04
318760,0.1
318762,0.02
318763,0.03
318765,0.09
318766,0.06
318769,0.19
318775,0.04
318782,0.12
318786,0.21
318792,0.08
318801,0.17
318802,0.08
318803,0.03
318805,0.13
318813,0.15
318817,0.11
318821,0.02
318827,0.06
318834,0.16
318835,0.06
318851,0.0
318857,0.07
318862,0.03
318874,0.15
318878,0.05
318897,0.05
318909,0.2
318924,0.13
318927,0.08
318942,0.12
318946,0.03
318957,0.17
318959,0.03
318975,0.03
318982,0.03
318987,0.01
318993,0.03
318995,0.05
318996,0.03
318997,0.16
318999,0.11
319012,0.26
319014,0.03
319018,0.07
319020,0.18
319048,0.13
319052,0.21
319067,0.05
319083,0.05
319088,0.02
319089,0.09
319090,0.31
319096,0.06
319099,0.07
319108,0.11
319116,0.17
319117,0.11
319119,0.02
319126,0.15
319133,0.18
319135,0.13
319137,0.1
319143,0.14
319168,0.11
319170,0.05
319174,0.09
319181,0.02
319192,0.03
319193,0.05
319198,0.08
319211,0.04
319219,0.1
319220,0.06
319226,0.04
319240,0.11
319248,0.06
319257,0.09
319261,0.16
319264,0.04
319268,0.02
319289,0.08
319292,0.12
319295,0.06
319302,0.05
319308,0.18
319310,0.04
319313,0.05
319322,0.0
319329,0.08
319331,0.05
319334,0.1
319346,0.04
319352,0.2
319358,0.18
319363,0.05
319365,0.15
319370,0.03
319371,0.19
319372,0.04
319385,0.05
319387,0.02
319393,0.09
319396,0.11
319406,0.03
319439,0.02
319440,0.09
319441,0.28
319462,0.06
319471,0.04
319475,0.0
319476,0.08
319486,0.08
319487,0.04
319489,0.06
319491,0.09
319494,0.04
319496,0.26
319512,0.02
319519,0.05
319522,0.03
319530,0.11
319540,0.03
319547,0.05
319549,0.09
319559,0.1
319561,0.06
319566,0.05
319569,0.13
319574,0.05
319579,0.05
319580,0.09
319582,0.02
319583,0.1
319585,0.11
319598,0.08
319600,0.06
319602,0.01
319603,0.05
319604,0.04
319608,0.02
319622,0.1
319623,0.1
319625,0.05
319628,0.05
319637,0.05
319639,0.05
319658,0.08
319669,0.03
319677,0.09
319683,0.09
319688,0.03
319697,0.04
319700,0.02
319727,0.17
319747,0.11
319751,0.05
319758,0.03
319759,0.05
319765,0.01
319768,0.04
319774,0.03
319776,0.06
319777,0.04
319785,0.06
319789,0.06
319792,0.06
319799,0.0
319814,0.06
319815,0.06
319822,0.08
319829,0.12
319836,0.13
319837,0.05
319839,0.08
319843,0.06
319860,0.15
319876,0.07
319877,0.02
319887,0.09
319889,0.04
319892,0.04
319893,0.03
319897,0.06
319898,0.03
319911,0.06
319917,0.03
319923,0.07
319927,0.08
319929,0.06
319931,0.19
319948,0.11
319949,0.04
319992,0.05
319999,0.02
320001,0.07
320003,0.04
320004,0.15
320011,0.14
320012,0.04
320021,0.15
320026,0.11
320034,0.04
320041,0.2
320042,0.07
320046,0.03
320056,0.02
320062,0.01
320093,0.2
320094,0.1
320101,0.12
320114,0.13
320126,0.05
320128,0.05
320137,0.05
320149,0.04
320165,0.08
320172,0.02
320173,0.15
320175,0.23
320179,0.05
320181,0.04
320191,0.07
320192,0.06
320195,0.0
320199,0.09
320202,0.06
320203,0.16
320205,0.1
320224,0.19
320227,0.15
320228,0.02
320248,0.2
320252,0.05
320254,0.08
320259,0.05
320267,0.2
320276,0.04
320287,0.17
320291,0.04
320295,0.07
320297,0.12
320305,0.1
320321,0.33
320331,0.08
320336,0.12
320341,0.11
320344,0.09
320356,0.02
320362,0.07
320369,0.01
320379,0.02
320387,0.09
320397,0.02
320412,0.02
320421,0.06
320428,0.31
320429,0.09
320430,0.15
320434,0.02
320453,0.11
320462,0.08
320469,0.04
320475,0.05
320478,0.06
320484,0.0
320494,0.03
320499,0.05
320541,0.14
320550,0.02
320561,0.07
320562,0.1
320564,0.06
320566,0.21
320568,0.05
320593,0.06
320609,0.05
320614,0.04
320621,0.02
320639,0.22
320640,0.09
320656,0.04
320657,0.02
320670,0.02
320672,0.01
320691,0.06
320693,0.03
320698,0.02
320699,0.08
320704,0.03
320709,0.03
320711,0.01
320724,0.06
320737,0.04
320744,0.08
320747,0.05
320750,0.24
320752,0.04
320760,0.18
320765,0.11
320767,0.05
320778,0.29
320784,0.04
320789,0.13
320793,0.04
320795,0.13
320805,0.11
320806,0.16
320823,0.17
320828,0.11
320833,0.18
320843,0.06
320846,0.04
320851,0.1
320852,0.04
320869,0.09
320873,0.17
320890,0.03
320905,0.15
320912,0.21
320914,0.04
320915,0.05
320920,0.02
320924,0.05
320925,0.09
320936,0.09
320937,0.03
320940,0.09
320943,0.04
320954,0.02
320959,0.07
320960,0.05
320966,0.08
320968,0.06
320975,0.05
320978,0.03
320979,0.04
320981,0.07
320987,0.06
320989,0.07
321009,0.26
321021,0.17
321035,0.14
321038,0.06
321039,0.15
321051,0.02
321058,0.07
321066,0.29
321075,0.23
321092,0.04
321098,0.22
321107,0.25
321116,0.18
321118,0.09
321124,0.05
321131,0.03
321134,0.14
321140,0.04
321143,0.11
321145,0.08
321150,0.1
321151,0.05
321153,0.13
321154,0.08
321156,0.04
321160,0.02
321176,0.09
321183,0.02
321187,0.11
321196,0.02
321197,0.05
321204,0.17
321208,0.1
321209,0.05
321223,0.1
321226,0.03
321227,0.03
321236,0.08
321249,0.09
321250,0.08
321253,0.15
321256,0.11
321276,0.09
321298,0.09
321303,0.03
321309,0.02
321313,0.14
321322,0.28
321345,0.08
321350,0.11
321355,0.05
321358,0.11
321370,0.14
321377,0.2
321385,0.15
321398,0.17
321401,0.02
321415,0.06
321416,0.19
321419,0.11
321427,0.11
321433,0.02
321439,0.12
321455,0.06
321463,0.15
321465,0.05
321480,0.01
321486,0.03
321498,0.1
321502,0.17
321510,0.06
321524,0.06
321526,0.22
321528,0.11
321533,0.14
321536,0.17
321548,0.1
321557,0.04
321564,0.06
321567,0.02
321602,0.07
321625,0.13
321627,0.05
321640,0.05
321645,0.01
321648,0.09
321649,0.1
321652,0.13
321659,0.1
321667,0.01
321676,0.04
321696,0.04
321697,0.13
321702,0.05
321704,0.05
321706,0.12
321710,0.01
321722,0.07
321760,0.06
321770,0.08
321779,0.04
321784,0.11
321786,0.07
321792,0.07
321795,0.12
321801,0.07
321804,0.03
321806,0.12
321807,0.09
321808,0.3
321809,0.07
321825,0.04
321828,0.16
321843,0.03
321848,0.07
321854,0.06
321869,0.1
321870,0.16
321887,0.06
321896,0.08
321898,0.14
321908,0.14
321910,0.04
321915,0.06
321919,0.07
321922,0.01
321928,0.14
321929,0.01
321932,0.1
321934,0.17
321936,0.23
321956,0.08
321957,0.14
321965,0.06
321970,0.07
321974,0.02
321980,0.03
321985,0.08
321992,0.06
321999,0.09
322005,0.02
322018,0.1
322020,0.0
322021,0.16
322023,0.09
322024,0.09
322039,0.0
322054,0.08
322061,0.05
322082,0.02
322088,0.1
322093,0.07
322105,0.12
322111,0.09
322113,0.07
322117,0.08
322120,0.06
322123,0.1
322132,0.1
322136,0.17
322141,0.12
322147,0.13
322169,0.04
322170,0.22
322172,0.05
322196,0.01
322198,0.16
322217,0.16
322226,0.17
322227,0.03
322229,0.04
322242,0.06
322244,0.04
322249,0.01
322250,0.19
322253,0.04
322254,0.07
322267,0.03
322269,0.1
322274,0.34
322285,0.25
322309,0.03
322320,0.05
322327,0.07
322331,0.05
322332,0.04
322334,0.11
322339,0.09
322348,0.1
322350,0.27
322354,0.05
322356,0.05
322367,0.14
322369,0.04
322372,0.08
322374,0.15
322383,0.2
322388,0.23
322393,0.07
322395,0.11
322407,0.05
322413,0.05
322416,0.03
322419,0.03
322424,0.14
322432,0.05
322442,0.02
322447,0.05
322448,0.16
322460,0.04
322461,0.27
322468,0.08
322472,0.26
322473,0.14
322488,0.06
322490,0.12
322491,0.04
322497,0.1
322503,0.08
322521,0.15
322525,0.16
322533,0.05
322549,0.08
322561,0.05
322566,0.07
322570,0.19
322574,0.04
322578,0.03
322579,0.07
322586,0.04
322596,0.06
322598,0.09
322603,0.2
322614,0.08
322626,0.03
322630,0.07
322639,0.16
322640,0.04
322642,0.11
322651,0.03
322652,0.17
322656,0.12
322662,0.05
322664,0.04
322681,0.36
322684,0.08
322685,0.08
322711,0.09
322717,0.07
322719,0.06
322730,0.03
322740,0.0
322743,0.1
322749,0.04
322757,0.07
322759,0.09
322760,0.04
322770,0.04
322786,0.08
322797,0.04
322800,0.09
322815,0.02
322831,0.03
322835,0.12
322841,0.12
322845,0.04
322846,0.01
322851,0.11
322852,0.07
322877,0.02
322880,0.1
322893,0.06
322911,0.05
322928,0.19
322934,0.15
322938,0.28
322950,0.12
322959,0.0
322961,0.1
322965,0.18
322966,0.07
322968,0.05
322977,0.08
322979,0.03
322986,0.12
322990,0.06
322998,0.08
323005,0.1
323008,0.04
323014,0.11
323015,0.04
323025,0.1
323030,0.04
323033,0.06
323036,0.04
323043,0.07
323049,0.11
323051,0.2
323053,0.01
323056,0.18
323059,0.14
323076,0.14
323088,0.05
323108,0.36
323112,0.06
323127,0.07
323135,0.05
323137,0.07
323141,0.06
323142,0.13
323147,0.21
323150,0.13
323153,0.14
323156,0.17
323161,0.02
323171,0.06
323173,0.06
323176,0.04
323184,0.07
323189,0.13
323193,0.12
323209,0.15
323218,0.23
323224,0.18
323235,0.11
323236,0.03
323242,0.08
323252,0.01
323253,0.28
323254,0.02
323271,0.07
323276,0.04
323278,0.11
323281,0.02
323285,0.02
323289,0.06
323292,0.07
323297,0.12
323312,0.0
323318,0.02
323319,0.09
323324,0.11
323325,0.15
323328,0.07
323334,0.02
323338,0.11
323340,0.09
323343,0.08
323354,0.04
323373,0.1
323376,0.06
323381,0.14
323382,0.14
323383,0.25
323387,0.08
323394,0.05
323398,0.12
323405,0.11
323407,0.07
323428,0.28
323436,0.15
323451,0.14
323455,0.06
323463,0.0
323466,0.06
323475,0.09
323477,0.02
323481,0.01
323485,0.03
323488,0.04
323493,0.05
323494,0.04
323505,0.07
323506,0.11
323509,0.02
323518,0.05
323530,0.06
323539,0.05
323549,0.04
323557,0.03
323568,0.09
323569,0.05
323571,0.05
323573,0.19
323585,0.09
323588,0.07
323599,0.18
323615,0.01
323617,0.03
323620,0.27
323636,0.07
323665,0.06
323670,0.04
323675,0.06
323688,0.08
323693,0.04
323694,0.07
323696,0.08
323710,0.07
323716,0.16
323718,0.11
323719,0.04
323720,0.1
323722,0.02
323729,0.15
323738,0.04
323740,0.02
323787,0.06
323795,0.08
323801,0.0
323810,0.08
323822,0.05
323825,0.1
323833,0.13
323860,0.0
323871,0.05
323879,0.08
323888,0.03
323891,0.18
323894,0.11
323909,0.06
323911,0.08
323920,0.16
323923,0.03
323930,0.05
323935,0.02
323937,0.15
323938,0.01
323948,0.09
323956,0.09
323962,0.14
323964,0.04
323966,0.01
323970,0.1
323972,0.07
323977,0.02
323985,0.2
323989,0.04
323994,0.04
324010,0.05
324020,0.1
324033,0.1
324052,0.19
324055,0.04
324075,0.03
324087,0.18
324088,0.01
324091,0.04
324104,0.06
324109,0.19
324114,0.06
324118,0.04
324125,0.11
324130,0.21
324146,0.06
324149,0.07
324156,0.05
324170,0.04
324171,0.07
324172,0.05
324178,0.16
324180,0.04
324220,0.17
324222,0.07
324227,0.06
324229,0.1
324230,0.05
324235,0.11
324243,0.07
324247,0.17
324264,0.13
324269,0.06
324270,0.02
324271,0.22
324291,0.13
324293,0.07
324296,0.12
324298,0.16
324302,0.18
324305,0.02
324310,0.0
324325,0.03
324339,0.0
324345,0.12
324347,0.06
324356,0.04
324383,0.08
324387,0.07
324393,0.11
324400,0.02
324401,0.03
324412,0.06
324414,0.05
324415,0.09
324416,0.03
324420,0.15
324437,0.03
324445,0.18
324464,0.08
324472,0.07
324496,0.05
324499,0.05
324512,0.07
324544,0.18
324545,0.04
324552,0.08
324553,0.02
324558,0.26
324559,0.05
324572,0.05
324582,0.07
324595,0.29
324596,0.23
324598,0.09
324614,0.15
324620,0.24
324621,0.03
324624,0.14
324651,0.16
324655,0.25
324669,0.07
324674,0.24
324677,0.07
324681,0.17
324689,0.02
324708,0.0
324714,0.2
324716,0.2
324719,0.03
324731,0.08
324733,0.1
324741,0.13
324745,0.03
324747,0.09
324748,0.02
324764,0.13
324772,0.07
324788,0.1
324795,0.02
324801,0.06
324811,0.02
324816,0.29
324821,0.11
324825,0.06
324840,0.24
324841,0.07
324854,0.05
324866,0.02
324884,0.02
324894,0.09
324895,0.07
324913,0.04
324914,0.11
324944,0.21
324949,0.16
324978,0.01
324983,0.03
324987,0.11
324995,0.02
325000,0.04
325001,0.19
325005,0.05
325017,0.01
325019,0.03
325020,0.07
325021,0.22
325041,0.11
325063,0.25
325066,0.1
325070,0.1
325102,0.15
325117,0.06
325121,0.04
325136,0.18
325153,0.02
325157,0.1
325158,0.05
325163,0.12
325180,0.05
325181,0.07
325185,0.15
325194,0.05
325196,0.17
325206,0.12
325212,0.14
325217,0.21
325218,0.05
325223,0.12
325238,0.23
325254,0.17
325258,0.02
325268,0.03
325269,0.14
325275,0.02
325277,0.09
325282,0.11
325284,0.0
325289,0.12
325291,0.14
325300,0.07
325303,0.07
325306,0.03
325313,0.06
325316,0.04
325318,0.04
325332,0.14
325344,0.13
325354,0.1
325360,0.03
325364,0.1
325375,0.13
325377,0.02
325380,0.03
325390,0.09
325392,0.02
325395,0.14
325411,0.02
325412,0.03
325420,0.16
325424,0.07
325433,0.1
325438,0.03
325439,0.05
325443,0.1
325454,0.12
325464,0.1
325473,0.06
325476,0.03
325495,0.05
325525,0.03
325529,0.03
325552,0.07
325553,0.17
325564,0.03
325565,0.04
325580,0.1
325590,0.27
325591,0.07
325596,0.04
325601,0.03
325602,0.13
325623,0.04
325625,0.13
325641,0.28
325645,0.06
325657,0.04
325680,0.11
325691,0.08
325701,0.04
325710,0.11
325712,0.04
325714,0.12
325716,0.08
325724,0.12
325744,0.07
325751,0.18
325757,0.07
325765,0.09
325767,0.34
325770,0.09
325778,0.05
325784,0.05
325791,0.11
325809,0.18
325814,0.14
325817,0.16
325820,0.26
325822,0.04
325830,0.06
325832,0.21
325840,0.04
325849,0.04
325852,0.06
325859,0.07
325864,0.1
325865,0.12
325879,0.05
325890,0.04
325899,0.05
325908,0.03
325916,0.08
325918,0.02
325919,0.02
325922,0.07
325925,0.02
325934,0.01
325939,0.01
325942,0.02
325948,0.27
325954,0.03
325962,0.05
325966,0.11
325969,0.06
325971,0.04
325972,0.07
325976,0.02
325981,0.01
325992,0.08
326013,0.06
326017,0.07
326019,0.06
326027,0.19
326028,0.05
326033,0.06
326041,0.0
326043,0.1
326049,0.18
326054,0.02
326057,0.18
326074,0.04
326078,0.16
326083,0.07
326084,0.01
326085,0.13
326087,0.07
326088,0.12
326102,0.26
326117,0.0
326145,0.06
326150,0.12
326160,0.13
326166,0.06
326170,0.01
326180,0.04
326182,0.12
326186,0.04
326188,0.22
326190,0.18
326196,0.17
326199,0.09
326201,0.18
326204,0.06
326209,0.11
326211,0.13
326218,0.11
326239,0.04
326259,0.07
326260,0.16
326284,0.11
326289,0.12
326290,0.17
326295,0.06
326299,0.16
326305,0.03
326309,0.09
326323,0.05
326364,0.04
326369,0.01
326385,0.14
326410,0.07
326411,0.07
326418,0.07
326428,0.04
326435,0.08
326437,0.03
326438,0.07
326451,0.04
326464,0.17
326471,0.02
326472,0.3
326475,0.1
326477,0.03
326480,0.03
326486,0.06
326502,0.05
326506,0.13
326513,0.05
326516,0.07
326528,0.03
326530,0.01
326531,0.09
326532,0.0
326538,0.01
326551,0.07
326559,0.09
326576,0.06
326577,0.15
326602,0.11
326606,0.05
326618,0.13
326620,0.05
326624,0.12
326639,0.11
326647,0.19
326652,0.12
326661,0.2
326667,0.08
326670,0.17
326672,0.05
326693,0.12
326704,0.05
326723,0.09
326734,0.04
326738,0.15
326746,0.07
326753,0.07
326754,0.0
326763,0.16
326779,0.06
326785,0.17
326786,0.05
326787,0.14
326789,0.02
326799,0.03
326802,0.06
326804,0.07
326823,0.08
326827,0.03
326833,0.04
326838,0.04
326842,0.07
326856,0.12
326867,0.02
326870,0.03
326871,0.06
326875,0.06
326879,0.09
326884,0.12
326900,0.17
326904,0.02
326905,0.11
326917,0.0
326919,0.06
326921,0.28
326929,0.05
326942,0.08
326944,0.02
326953,0.14
326968,0.04
326985,0.12
326987,0.07
326988,0.05
326994,0.05
327005,0.05
327010,0.06
327017,0.03
327026,0.16
327030,0.05
327031,0.1
327045,0.11
327054,0.0
327078,0.05
327080,0.03
327087,0.31
327137,0.06
327147,0.07
327150,0.03
327153,0.06
327160,0.19
327164,0.04
327169,0.2
327187,0.15
327188,0.05
327189,0.06
327194,0.06
327196,0.18
327202,0.22
327207,0.0
327215,0.01
327216,0.05
327220,0.06
327222,0.06
327230,0.17
327231,0.16
327238,0.17
327247,0.07
327262,0.07
327265,0.08
327267,0.02
327273,0.05
327276,0.02
327280,0.18
327287,0.08
327301,0.16
327307,0.14
327309,0.12
327316,0.04
327327,0.13
327334,0.12
327335,0.19
327338,0.06
327341,0.04
327350,0.16
327355,0.03
327370,0.07
327386,0.1
327391,0.16
327393,0.15
327408,0.04
327415,0.15
327431,0.1
327445,0.06
327449,0.16
327457,0.06
327488,0.02
327489,0.03
327523,0.06
327537,0.09
327550,0.16
327556,0.07
327562,0.03
327567,0.14
327587,0.11
327594,0.11
327602,0.01
327604,0.1
327609,0.07
327618,0.04
327620,0.0
327626,0.16
327628,0.04
327629,0.16
327631,0.14
327633,0.05
327638,0.06
327665,0.05
327689,0.14
327697,0.0
327702,0.04
327704,0.17
327723,0.07
327726,0.01
327732,0.12
327739,0.05
327750,0.07
327751,0.05
327765,0.17
327766,0.02
327771,0.08
327772,0.17
327774,0.12
327784,0.03
327789,0.02
327794,0.03
327799,0.1
327803,0.12
327817,0.04
327819,0.06
327823,0.15
327828,0.34
327834,0.11
327835,0.03
327866,0.24
327871,0.11
327886,0.07
327900,0.13
327901,0.14
327904,0.06
327906,0.12
327908,0.08
327909,0.05
327914,0.19
327917,0.17
327928,0.1
327947,0.03
327949,0.02
327952,0.07
327954,0.08
327962,0.14
327964,0.25
327985,0.05
327996,0.07
327997,0.04
328013,0.02
328017,0.1
328027,0.04
328029,0.24
328042,0.13
328043,0.11
328064,0.1
328072,0.03
328074,0.13
328080,0.04
328086,0.06
328122,0.07
328126,0.06
328127,0.17
328142,0.03
328144,0.02
328150,0.22
328154,0.13
328160,0.02
328171,0.06
328179,0.13
328192,0.03
328195,0.06
328196,0.05
328201,0.03
328203,0.09
328217,0.09
328218,0.03
328228,0.12
328231,0.08
328246,0.08
328252,0.1
328255,0.1
328264,0.01
328281,0.01
328282,0.02
328291,0.13
328303,0.09
328305,0.19
328313,0.06
328336,0.13
328340,0.03
328343,0.01
328368,0.27
328372,0.17
328381,0.05
328383,0.15
328385,0.02
328393,0.07
328395,0.03
328409,0.06
328424,0.05
328427,0.12
328456,0.08
328463,0.17
328489,0.07
328491,0.02
328509,0.07
328516,0.13
328524,0.01
328535,0.02
328536,0.04
328539,0.01
328542,0.35
328545,0.18
328549,0.17
328554,0.04
328558,0.2
328571,0.16
328576,0.11
328578,0.17
328588,0.19
328601,0.04
328604,0.07
328624,0.03
328629,0.06
328632,0.04
328634,0.09
328636,0.03
328637,0.08
328647,0.1
328668,0.03
328669,0.03
328678,0.02
328684,0.05
328694,0.14
328705,0.11
328712,0.08
328720,0.07
328729,0.22
328730,0.07
328733,0.02
328758,0.08
328761,0.05
328764,0.04
328777,0.12
328783,0.05
328813,0.09
328819,0.07
328826,0.03
328829,0.11
328834,0.03
328845,0.01
328856,0.13
328865,0.23
328868,0.22
328878,0.36
328896,0.02
328899,0.04
328909,0.11
328914,0.05
328926,0.16
328934,0.13
328935,0.03
328949,0.16
328954,0.01
328957,0.11
328968,0.14
328974,0.08
328984,0.06
328991,0.06
328997,0.07
329000,0.05
329005,0.04
329007,0.06
329018,0.07
329034,0.08
329051,0.15
329052,0.05
329055,0.14
329062,0.17
329064,0.22
329070,0.18
329075,0.13
329078,0.01
329081,0.07
329086,0.23
329101,0.06
329105,0.14
329113,0.27
329119,0.19
329133,0.07
329135,0.07
329138,0.01
329143,0.12
329157,0.14
329165,0.18
329170,0.07
329176,0.16
329177,0.06
329179,0.05
329196,0.15
329209,0.08
329219,0.04
329241,0.06
329245,0.1
329248,0.1
329249,0.06
329251,0.06
329252,0.06
329256,0.06
329261,0.02
329264,0.31
329297,0.2
329310,0.05
329320,0.08
329328,0.03
329340,0.13
329347,0.07
329351,0.05
329356,0.02
329360,0.35
329364,0.07
329365,0.03
329381,0.05
329383,0.17
329385,0.06
329388,0.14
329390,0.07
329393,0.03
329403,0.13
329409,0.04
329418,0.31
329428,0.05
329433,0.04
329439,0.06
329459,0.06
329463,0.09
329475,0.06
329479,0.06
329494,0.1
329500,0.12
329503,0.03
329512,0.06
329514,0.22
329521,0.06
329526,0.19
329531,0.11
329534,0.08
329545,0.15
329553,0.02
329569,0.06
329571,0.11
329580,0.02
329585,0.11
329588,0.32
329603,0.09
329605,0.01
329611,0.08
329613,0.11
329615,0.04
329618,0.15
329623,0.04
329626,0.06
329678,0.1
329690,0.05
329693,0.09
329698,0.07
329700,0.01
329706,0.04
329709,0.06
329713,0.11
329716,0.08
329717,0.03
329719,0.04
329720,0.03
329737,0.03
329741,0.06
329742,0.04
329749,0.04
329765,0.11
329771,0.03
329775,0.11
329779,0.08
329781,0.01
329788,0.04
329798,0.03
329799,0.04
329810,0.2
329811,0.0
329812,0.01
329819,0.04
329822,0.07
329826,0.05
329843,0.05
329846,0.05
329856,0.13
329871,0.09
329882,0.03
329885,0.04
329893,0.03
329898,0.03
329903,0.08
329916,0.07
329918,0.06
329934,0.02
329942,0.09
329949,0.08
329958,0.28
329965,0.12
329969,0.01
329972,0.03
329981,0.25
329988,0.07
329989,0.09
330004,0.12
330006,0.25
330014,0.15
330025,0.29
330040,0.02
330047,0.19
330070,0.16
330074,0.05
330075,0.01
330085,0.08
330095,0.06
330106,0.1
330119,0.09
330122,0.06
330129,0.02
330145,0.14
330148,0.06
330154,0.07
330156,0.0
330162,0.1
330164,0.03
330187,0.06
330188,0.16
330189,0.06
330192,0.08
330193,0.15
330200,0.14
330205,0.07
330207,0.2
330220,0.02
330228,0.25
330243,0.03
330245,0.06
330270,0.03
330272,0.11
330279,0.05
330288,0.27
330289,0.09
330299,0.11
330308,0.0
330314,0.07
330317,0.1
330322,0.07
330332,0.04
330356,0.13
330358,0.11
330360,0.03
330363,0.06
330364,0.09
330368,0.04
330376,0.03
330378,0.03
330381,0.06
330386,0.1
330387,0.04
330395,0.15
330396,0.03
330406,0.08
330423,0.04
330430,0.05
330467,0.07
330469,0.02
330473,0.04
330479,0.19
330486,0.36
330523,0.12
330524,0.06
330540,0.18
330564,0.08
330565,0.05
330567,0.14
330568,0.08
330602,0.05
330616,0.03
330617,0.05
330625,0.14
330635,0.04
330636,0.22
330639,0.08
330661,0.15
330666,0.02
330670,0.03
330682,0.02
330690,0.06
330708,0.06
330726,0.02
330730,0.05
330765,0.14
330776,0.04
330789,0.02
330791,0.02
330803,0.04
330805,0.04
330807,0.06
330821,0.04
330822,0.04
330836,0.03
330837,0.08
330839,0.06
330840,0.02
330861,0.11
330878,0.12
330881,0.02
330888,0.07
330890,0.12
330903,0.31
330904,0.05
330905,0.01
330907,0.04
330915,0.04
330921,0.12
330922,0.05
330925,0.03
330942,0.13
330945,0.12
330957,0.07
330965,0.1
330973,0.06
330979,0.02
330981,0.04
331005,0.04
331018,0.08
331026,0.04
331032,0.03
331033,0.14
331036,0.03
331037,0.02
331048,0.06
331054,0.02
331058,0.05
331063,0.04
331077,0.09
331079,0.03
331081,0.19
331082,0.02
331090,0.04
331110,0.08
331127,0.18
331141,0.05
331153,0.03
331165,0.05
331171,0.04
331179,0.06
331191,0.17
331193,0.04
331197,0.07
331204,0.07
331207,0.12
331212,0.03
331220,0.11
331242,0.08
331244,0.09
331273,0.04
331281,0.08
331289,0.03
331293,0.09
331294,0.02
331299,0.03
331300,0.04
331302,0.05
331322,0.1
331334,0.1
331347,0.02
331353,0.02
331361,0.06
331370,0.04
331379,0.09
331382,0.11
331388,0.27
331390,0.04
331400,0.18
331411,0.09
331431,0.02
331451,0.07
331455,0.07
331456,0.04
331461,0.02
331468,0.04
331480,0.06
331491,0.03
331505,0.09
331508,0.03
331517,0.13
331519,0.16
331526,0.04
331530,0.02
331533,0.06
331554,0.07
331579,0.05
331590,0.05
331599,0.02
331604,0.14
331605,0.04
331611,0.05
331616,0.15
331620,0.01
331623,0.12
331641,0.11
331645,0.09
331657,0.09
331662,0.01
331678,0.02
331684,0.22
331686,0.21
331691,0.03
331697,0.11
331707,0.12
331709,0.02
331716,0.1
331719,0.07
331729,0.08
331735,0.0
331743,0.09
331761,0.08
331772,0.02
331777,0.02
331794,0.09
331813,0.07
331818,0.17
331834,0.12
331848,0.02
331849,0.04
331868,0.07
331875,0.06
331879,0.08
331886,0.01
331888,0.08
331891,0.09
331903,0.01
331905,0.03
331913,0.09
331914,0.05
331937,0.02
331938,0.04
331939,0.09
331944,0.0
331948,0.08
331968,0.03
331976,0.26
331977,0.16
332007,0.11
332014,0.08
332017,0.01
332027,0.1
332033,0.05
332041,0.05
332042,0.16
332047,0.04
332050,0.11
332056,0.02
332071,0.01
332075,0.21
332076,0.01
332077,0.06
332083,0.02
332093,0.24
332111,0.11
332119,0.05
332121,0.19
332135,0.04
332144,0.1
332147,0.0
332155,0.04
332156,0.07
332164,0.06
332166,0.0
332170,0.17
332180,0.18
332181,0.1
332184,0.09
332192,0.11
332204,0.04
332225,0.03
332234,0.11
332243,0.15
332253,0.06
332261,0.1
332266,0.11
332270,0.1
332285,0.23
332290,0.02
332296,0.09
332298,0.2
332302,0.07
332303,0.05
332317,0.06
332318,0.04
332327,0.11
332337,0.09
332351,0.12
332373,0.01
332377,0.09
332384,0.22
332398,0.07
332404,0.05
332405,0.03
332454,0.05
332456,0.07
332464,0.15
332468,0.05
332476,0.06
332482,0.03
332483,0.02
332508,0.14
332519,0.26
332529,0.23
332537,0.17
332545,0.2
332551,0.12
332552,0.07
332570,0.09
332574,0.13
332579,0.11
332607,0.07
332618,0.13
332626,0.1
332628,0.09
332645,0.05
332652,0.23
332666,0.13
332694,0.05
332697,0.14
332698,0.01
332700,0.13
332708,0.13
332714,0.04
332722,0.08
332724,0.03
332730,0.02
332741,0.01
332746,0.05
332754,0.07
332756,0.16
332759,0.04
332764,0.23
332786,0.03
332790,0.02
332816,0.27
332821,0.01
332827,0.04
332829,0.06
332831,0.02
332833,0.16
332834,0.12
332837,0.01
332846,0.02
332860,0.09
332861,0.02
332865,0.09
332882,0.03
332897,0.17
332901,0.15
332904,0.07
332910,0.28
332911,0.06
332912,0.16
332939,0.05
332940,0.03
332952,0.03
332956,0.02
332957,0.1
332958,0.07
332961,0.07
332967,0.11
332974,0.07
332993,0.02
333007,0.04
333012,0.14
333020,0.09
333021,0.1
333035,0.06
333040,0.19
333061,0.03
333073,0.12
333078,0.04
333085,0.07
333086,0.09
333096,0.16
333100,0.08
333112,0.06
333114,0.05
333120,0.27
333142,0.01
333152,0.04
333159,0.14
333178,0.03
333179,0.06
333187,0.12
333191,0.07
333192,0.08
333199,0.04
333211,0.06
333224,0.12
333237,0.19
333238,0.02
333262,0.05
333268,0.1
333275,0.08
333289,0.26
333292,0.26
333303,0.07
333305,0.06
333312,0.02
333316,0.04
333335,0.07
333354,0.05
333356,0.02
333358,0.05
333376,0.13
333378,0.07
333380,0.02
333381,0.18
333388,0.02
333392,0.05
333406,0.23
333410,0.05
333411,0.04
333412,0.12
333428,0.07
333432,0.01
333435,0.01
333442,0.05
333452,0.06
333455,0.24
333456,0.11
333459,0.12
333464,0.22
333466,0.2
333469,0.1
333475,0.03
333476,0.01
333477,0.21
333487,0.03
333490,0.04
333497,0.21
333499,0.01
333500,0.09
333501,0.07
333503,0.05
333513,0.09
333518,0.17
333544,0.02
333546,0.2
333563,0.17
333566,0.11
333568,0.11
333570,0.12
333573,0.03
333574,0.01
333584,0.09
333589,0.07
333594,0.05
333596,0.02
333597,0.06
333615,0.07
333621,0.05
333622,0.25
333629,0.04
333651,0.07
333653,0.07
333664,0.04
333680,0.03
333687,0.11
333688,0.09
333689,0.29
333693,0.18
333695,0.07
333706,0.03
333709,0.1
333713,0.16
333734,0.05
333745,0.19
333752,0.09
333764,0.05
333780,0.1
333789,0.2
333791,0.02
333795,0.22
333799,0.29
333801,0.13
333802,0.12
333803,0.1
333810,0.03
333837,0.05
333842,0.14
333843,0.03
333845,0.04
333852,0.29
333859,0.02
333885,0.13
333896,0.12
333904,0.17
333908,0.03
333913,0.02
333927,0.06
333930,0.06
333935,0.04
333952,0.05
333953,0.08
333966,0.08
333968,0.06
333988,0.13
334013,0.04
334027,0.16
334030,0.05
334032,0.28
334033,0.03
334042,0.02
334045,0.2
334053,0.05
334055,0.02
334058,0.08
334063,0.18
334070,0.08
334074,0.07
334080,0.21
334086,0.04
334092,0.15
334099,0.14
334101,0.11
334103,0.13
334104,0.21
334109,0.23
334125,0.08
334130,0.16
334138,0.23
334161,0.04
334164,0.09
334169,0.0
334171,0.04
334185,0.13
334186,0.01
334209,0.12
334211,0.15
334230,0.01
334231,0.07
334237,0.12
334241,0.15
334244,0.33
334247,0.02
334250,0.04
334252,0.04
334273,0.04
334282,0.03
334285,0.03
334286,0.14
334292,0.06
334296,0.03
334299,0.11
334300,0.06
334305,0.01
334307,0.17
334311,0.03
334315,0.07
334343,0.07
334344,0.07
334345,0.07
334350,0.11
334353,0.01
334365,0.22
334372,0.05
334374,0.07
334375,0.08
334382,0.12
334387,0.01
334391,0.08
334397,0.02
334407,0.07
334415,0.01
334417,0.02
334419,0.1
334431,0.04
334435,0.31
334446,0.41
334447,0.15
334457,0.09
334459,0.18
334471,0.01
334474,0.07
334481,0.02
334483,0.05
334486,0.14
334490,0.19
334492,0.18
334494,0.05
334512,0.05
334522,0.04
334527,0.08
334534,0.03
334537,0.02
334539,0.09
334552,0.07
334555,0.19
334565,0.12
334580,0.03
334585,0.16
334589,0.1
334594,0.08
334600,0.08
334603,0.04
334613,0.14
334621,0.05
334628,0.06
334631,0.09
334634,0.03
334635,0.08
334659,0.11
334660,0.04
334664,0.09
334671,0.07
334693,0.06
334695,0.08
334703,0.16
334718,0.16
334728,0.41
334732,0.06
334733,0.13
334735,0.06
334748,0.08
334756,0.14
334764,0.08
334766,0.16
334787,0.08
334803,0.03
334806,0.07
334817,0.11
334825,0.09
334831,0.12
334836,0.04
334845,0.04
334857,0.01
334868,0.08
334871,0.05
334873,0.11
334881,0.17
334886,0.02
334898,0.14
334899,0.07
334901,0.03
334916,0.08
334923,0.15
334933,0.08
334938,0.32
334955,0.09
334963,0.31
334974,0.05
334986,0.08
334994,0.09
334995,0.2
335001,0.06
335005,0.08
335009,0.02
335014,0.01
335015,0.0
335017,0.19
335025,0.12
335027,0.1
335055,0.1
335058,0.1
335072,0.03
335073,0.02
335081,0.12
335091,0.03
335096,0.1
335097,0.04
335099,0.09
335113,0.06
335136,0.09
335140,0.07
335141,0.08
335143,0.16
335155,0.08
335170,0.1
335176,0.04
335181,0.11
335183,0.13
335192,0.06
335196,0.22
335198,0.08
335203,0.03
335204,0.22
335218,0.06
335222,0.04
335223,0.26
335229,0.11
335231,0.17
335236,0.15
335253,0.15
335257,0.06
335262,0.03
335263,0.15
335273,0.12
335276,0.18
335278,0.05
335295,0.01
335301,0.02
335303,0.04
335305,0.13
335310,0.19
335313,0.07
335314,0.03
335319,0.03
335321,0.04
335331,0.12
335332,0.03
335333,0.07
335337,0.07
335342,0.06
335347,0.08
335351,0.09
335356,0.05
335366,0.17
335369,0.01
335377,0.12
335388,0.16
335395,0.14
335397,0.05
335411,0.07
335419,0.03
335425,0.09
335427,0.09
335443,0.02
335446,0.01
335448,0.06
335451,0.11
335458,0.07
335459,0.11
335460,0.2
335463,0.04
335471,0.07
335477,0.0
335478,0.08
335484,0.04
335490,0.3
335495,0.12
335506,0.14
335507,0.11
335518,0.03
335533,0.06
335537,0.14
335538,0.04
335549,0.04
335553,0.1
335561,0.09
335564,0.06
335573,0.05
335577,0.11
335579,0.02
335585,0.18
335590,0.06
335594,0.02
335598,0.06
335601,0.04
335608,0.1
335616,0.14
335640,0.07
335645,0.03
335653,0.07
335683,0.08
335692,0.09
335713,0.04
335726,0.08
335727,0.19
335728,0.08
335732,0.09
335736,0.11
335747,0.04
335754,0.03
335755,0.05
335761,0.07
335775,0.09
335778,0.11
335779,0.05
335787,0.05
335805,0.03
335807,0.12
335808,0.08
335815,0.09
335818,0.02
335835,0.07
335849,0.04
335850,0.11
335851,0.17
335852,0.02
335856,0.05
335857,0.06
335863,0.13
335871,0.06
335879,0.04
335885,0.06
335887,0.06
335893,0.26
335906,0.07
335912,0.07
335921,0.07
335944,0.08
335952,0.04
335955,0.04
335956,0.08
335957,0.13
335958,0.15
335962,0.01
335963,0.03
335964,0.06
335971,0.08
335973,0.1
335975,0.23
335981,0.06
335983,0.13
336016,0.05
336038,0.09
336039,0.07
336041,0.11
336061,0.05
336063,0.06
336067,0.02
336071,0.04
336089,0.12
336095,0.07
336096,0.12
336101,0.08
336117,0.03
336118,0.07
336120,0.24
336137,0.0
336155,0.01
336156,0.24
336159,0.04
336178,0.21
336183,0.11
336194,0.03
336195,0.14
336199,0.1
336209,0.04
336213,0.02
336214,0.03
336215,0.03
336220,0.05
336253,0.01
336260,0.14
336263,0.04
336265,0.02
336273,0.03
336277,0.03
336280,0.04
336295,0.16
336308,0.02
336309,0.03
336316,0.07
336319,0.08
336321,0.02
336322,0.22
336323,0.05
336340,0.13
336344,0.03
336352,0.07
336361,0.02
336367,0.08
336382,0.05
336383,0.05
336393,0.07
336407,0.1
336413,0.06
336418,0.16
336426,0.02
336427,0.02
336436,0.11
336443,0.01
336445,0.06
336447,0.07
336451,0.03
336464,0.02
336484,0.03
336491,0.12
336492,0.05
336493,0.09
336494,0.02
336499,0.03
336524,0.1
336527,0.15
336534,0.24
336544,0.05
336553,0.14
336558,0.01
336565,0.09
336569,0.2
336580,0.1
336586,0.0
336592,0.12
336604,0.04
336610,0.08
336623,0.16
336634,0.07
336635,0.04
336641,0.0
336660,0.06
336673,0.03
336686,0.03
336693,0.05
336701,0.02
336704,0.07
336711,0.08
336715,0.14
336717,0.04
336722,0.0
336724,0.03
336741,0.15
336745,0.01
336757,0.28
336764,0.2
336767,0.05
336783,0.03
336786,0.06
336791,0.05
336792,0.2
336813,0.11
336822,0.23
336823,0.2
336832,0.02
336843,0.05
336858,0.04
336870,0.06
336876,0.02
336885,0.03
336887,0.1
336891,0.05
336903,0.03
336916,0.15
336917,0.02
336922,0.03
336925,0.04
336931,0.24
336938,0.1
336950,0.25
336955,0.05
336956,0.1
336959,0.06
336966,0.28
336971,0.1
336978,0.03
336983,0.02
336986,0.05
336996,0.15
337003,0.32
337007,0.09
337029,0.08
337034,0.07
337039,0.07
337057,0.1
337058,0.0
337062,0.01
337080,0.08
337087,0.01
337105,0.01
337108,0.06
337120,0.04
337125,0.19
337142,0.08
337159,0.08
337160,0.03
337168,0.08
337170,0.07
337171,0.16
337178,0.07
337188,0.05
337191,0.05
337200,0.06
337207,0.06
337210,0.08
337218,0.05
337221,0.03
337237,0.03
337241,0.17
337244,0.1
337273,0.08
337294,0.01
337295,0.06
337298,0.02
337310,0.06
337326,0.07
337338,0.32
337343,0.17
337360,0.05
337369,0.09
337375,0.17
337386,0.03
337388,0.2
337405,0.04
337408,0.07
337412,0.02
337416,0.02
337418,0.16
337442,0.15
337449,0.05
337457,0.08
337460,0.04
337474,0.05
337499,0.08
337506,0.06
337512,0.23
337527,0.08
337528,0.08
337530,0.02
337539,0.05
337546,0.01
337551,0.14
337569,0.01
337576,0.02
337582,0.04
337590,0.18
337599,0.02
337600,0.15
337601,0.33
337608,0.02
337614,0.31
337619,0.11
337625,0.19
337629,0.14
337635,0.11
337642,0.04
337663,0.22
337665,0.12
337668,0.04
337700,0.13
337746,0.06
337761,0.02
337779,0.11
337788,0.05
337790,0.08
337793,0.12
337802,0.04
337807,0.03
337821,0.17
337840,0.02
337846,0.16
337848,0.2
337864,0.04
337866,0.06
337868,0.03
337878,0.05
337890,0.18
337896,0.12
337901,0.01
337905,0.09
337914,0.05
337953,0.02
337969,0.03
337984,0.03
337995,0.04
338009,0.02
338018,0.05
338022,0.07
338028,0.08
338029,0.12
338044,0.03
338050,0.18
338052,0.04
338073,0.3
338076,0.02
338084,0.02
338086,0.01
338094,0.02
338097,0.18
338099,0.05
338126,0.02
338127,0.27
338137,0.19
338146,0.02
338161,0.02
338164,0.03
338174,0.0
338179,0.39
338181,0.07
338188,0.0
338189,0.11
338193,0.01
338199,0.02
338202,0.12
338204,0.11
338210,0.04
338229,0.09
338240,0.09
338250,0.02
338253,0.22
338254,0.05
338268,0.06
338290,0.04
338293,0.06
338297,0.04
338301,0.06
338306,0.06
338314,0.04
338318,0.02
338325,0.09
338340,0.19
338341,0.08
338351,0.0
338352,0.14
338368,0.08
338381,0.05
338404,0.04
338409,0.07
338417,0.03
338418,0.04
338426,0.02
338431,0.1
338435,0.01
338463,0.13
338465,0.1
338467,0.03
338479,0.19
338495,0.01
338510,0.06
338526,0.04
338528,0.08
338530,0.05
338539,0.06
338543,0.05
338554,0.04
338557,0.12
338581,0.22
338589,0.05
338595,0.07
338597,0.04
338604,0.06
338607,0.02
338613,0.02
338615,0.07
338628,0.14
338636,0.1
338642,0.01
338669,0.12
338671,0.13
338675,0.07
338676,0.16
338690,0.05
338696,0.11
338702,0.26
338703,0.03
338709,0.06
338719,0.07
338725,0.08
338727,0.03
338732,0.03
338749,0.04
338773,0.02
338774,0.1
338784,0.22
338789,0.12
338792,0.11
338804,0.13
338808,0.09
338822,0.04
338824,0.04
338833,0.08
338836,0.06
338840,0.11
338842,0.08
338843,0.08
338847,0.1
338849,0.21
338857,0.1
338860,0.16
338872,0.07
338874,0.03
338878,0.12
338895,0.17
338896,0.0
338904,0.11
338920,0.11
338931,0.03
338938,0.07
338955,0.0
338962,0.04
338969,0.15
338976,0.04
338994,0.07
339011,0.03
339014,0.08
339017,0.01
339018,0.38
339030,0.05
339038,0.0
339060,0.12
339079,0.15
339082,0.04
339099,0.03
339103,0.13
339105,0.05
339107,0.03
339121,0.19
339148,0.06
339152,0.02
339154,0.06
339170,0.14
339186,0.05
339187,0.12
339193,0.03
339196,0.13
339199,0.02
339203,0.2
339216,0.06
339228,0.06
339232,0.15
339237,0.03
339240,0.15
339242,0.04
339245,0.09
339252,0.03
339256,0.09
339258,0.09
339260,0.03
339263,0.14
339268,0.05
339269,0.2
339286,0.11
339304,0.02
339307,0.05
339317,0.04
339330,0.12
339346,0.21
339380,0.04
339381,0.05
339382,0.19
339391,0.04
339396,0.06
339406,0.08
339407,0.1
339409,0.08
339410,0.0
339425,0.07
339427,0.13
339433,0.05
339443,0.07
339449,0.05
339452,0.04
339453,0.07
339455,0.1
339457,0.13
339477,0.08
339483,0.02
339487,0.06
339490,0.04
339518,0.12
339523,0.12
339529,0.05
339541,0.14
339544,0.13
339546,0.21
339559,0.15
339563,0.1
339573,0.07
339591,0.09
339593,0.07
339599,0.06
339604,0.19
339615,0.03
339621,0.06
339625,0.2
339642,0.12
339647,0.33
339650,0.03
339656,0.09
339659,0.04
339681,0.1
339683,0.05
339684,0.15
339689,0.16
339694,0.01
339699,0.12
339718,0.32
339727,0.13
339735,0.02
339736,0.04
339745,0.09
339755,0.08
339758,0.0
339770,0.01
339772,0.06
339778,0.08
339786,0.14
339787,0.26
339788,0.11
339799,0.12
339814,0.03
339837,0.05
339842,0.13
339845,0.09
339852,0.02
339857,0.23
339864,0.12
339872,0.12
339873,0.04
339874,0.06
339875,0.03
339879,0.19
339884,0.07
339888,0.08
339891,0.13
339905,0.04
339920,0.16
339934,0.15
339938,0.1
339948,0.01
339949,0.07
339953,0.07
339954,0.05
339957,0.05
339958,0.13
339971,0.1
339975,0.1
339978,0.02
339984,0.06
339993,0.11
340009,0.05
340012,0.1
340019,0.04
340031,0.07
340041,0.11
340045,0.07
340046,0.14
340067,0.05
340079,0.04
340081,0.14
340082,0.05
340090,0.03
340091,0.09
340099,0.05
340104,0.09
340109,0.04
340123,0.13
340146,0.01
340162,0.14
340167,0.1
340181,0.06
340194,0.05
340195,0.05
340198,0.21
340202,0.25
340203,0.29
340219,0.08
340221,0.04
340224,0.1
340239,0.03
340248,0.09
340262,0.05
340264,0.11
340277,0.28
340285,0.04
340292,0.14
340356,0.27
340365,0.09
340375,0.12
340377,0.09
340378,0.19
340385,0.19
340387,0.05
340388,0.09
340405,0.1
340407,0.03
340408,0.16
340416,0.01
340420,0.07
340421,0.23
340425,0.1
340430,0.02
340448,0.05
340451,0.1
340456,0.05
340457,0.05
340459,0.07
340460,0.1
340463,0.05
340464,0.11
340486,0.06
340503,0.08
340504,0.05
340505,0.04
340507,0.04
340509,0.09
340511,0.13
340513,0.1
340516,0.27
340529,0.04
340535,0.05
340542,0.23
340545,0.08
340546,0.25
340556,0.17
340567,0.12
340576,0.06
340577,0.03
340586,0.02
340587,0.12
340594,0.09
340610,0.38
340611,0.05
340614,0.14
340625,0.03
340630,0.19
340640,0.07
340667,0.07
340674,0.06
340679,0.05
340683,0.06
340686,0.25
340698,0.08
340708,0.02
340717,0.15
340718,0.04
340720,0.03
340726,0.03
340746,0.11
340747,0.04
340768,0.12
340769,0.03
340772,0.23
340774,0.09
340778,0.04
340806,0.11
340816,0.08
340823,0.0
340826,0.06
340838,0.2
340840,0.09
340842,0.02
340844,0.11
340845,0.03
340853,0.05
340855,0.29
340857,0.06
340858,0.04
340864,0.2
340899,0.05
340901,0.07
340909,0.11
340921,0.09
340925,0.15
340953,0.08
340954,0.06
340961,0.04
340963,0.18
340975,0.15
340977,0.03
340996,0.0
341009,0.08
341013,0.05
341020,0.05
341024,0.07
341031,0.16
341038,0.17
341042,0.11
341050,0.09
341063,0.22
341066,0.03
341067,0.01
341070,0.21
341075,0.05
341089,0.05
341091,0.05
341122,0.1
341132,0.1
341135,0.11
341150,0.14
341168,0.13
341172,0.12
341182,0.02
341183,0.05
341187,0.09
341192,0.18
341194,0.03
341201,0.03
341226,0.07
341228,0.1
341231,0.04
341235,0.03
341237,0.04
341251,0.21
341278,0.04
341284,0.1
341285,0.06
341294,0.04
341296,0.06
341297,0.06
341298,0.02
341302,0.1
341304,0.01
341307,0.05
341314,0.06
341324,0.03
341332,0.3
341342,0.18
341347,0.09
341356,0.01
341358,0.2
341365,0.09
341368,0.08
341372,0.06
341374,0.14
341380,0.07
341381,0.19
341390,0.11
341398,0.14
341401,0.14
341406,0.18
341413,0.08
341419,0.05
341421,0.11
341427,0.02
341429,0.07
341434,0.1
341437,0.01
341444,0.2
341447,0.01
341452,0.09
341458,0.25
341475,0.04
341478,0.06
341495,0.08
341503,0.04
341520,0.02
341525,0.2
341544,0.05
341545,0.04
341548,0.08
341551,0.06
341552,0.03
341562,0.06
341574,0.08
341577,0.06
341585,0.07
341616,0.09
341630,0.07
341631,0.04
341640,0.13
341651,0.04
341653,0.07
341655,0.29
341659,0.02
341696,0.14
341705,0.21
341717,0.03
341720,0.07
341728,0.11
341729,0.03
341737,0.0
341758,0.03
341765,0.07
341780,0.15
341785,0.18
341787,0.12
341790,0.1
341796,0.03
341805,0.09
341811,0.04
341823,0.04
341828,0.39
341841,0.01
341865,0.07
341873,0.11
341891,0.04
341899,0.06
341906,0.04
341917,0.03
341926,0.06
341931,0.09
341934,0.04
341939,0.03
341943,0.08
341962,0.07
341967,0.09
341971,0.14
341990,0.03
341997,0.05
342001,0.05
342010,0.09
342042,0.19
342052,0.12
342084,0.11
342089,0.01
342091,0.03
342099,0.04
342109,0.05
342111,0.05
342119,0.03
342120,0.17
342125,0.02
342127,0.24
342128,0.04
342135,0.04
342136,0.09
342138,0.03
342148,0.08
342153,0.08
342154,0.15
342157,0.02
342163,0.07
342168,0.04
342173,0.21
342182,0.07
342185,0.0
342194,0.07
342198,0.09
342210,0.03
342214,0.04
342220,0.08
342222,0.0
342223,0.13
342230,0.06
342239,0.01
342247,0.09
342248,0.19
342252,0.04
342257,0.15
342271,0.26
342272,0.06
342290,0.06
342295,0.14
342297,0.03
342298,0.13
342301,0.01
342305,0.05
342308,0.05
342314,0.08
342322,0.1
342340,0.18
342350,0.05
342353,0.04
342358,0.07
342377,0.08
342378,0.04
342382,0.26
342390,0.05
342396,0.06
342439,0.12
342442,0.06
342447,0.02
342449,0.05
342450,0.07
342451,0.08
342454,0.11
342455,0.24
342467,0.06
342476,0.18
342481,0.09
342498,0.05
342503,0.03
342510,0.04
342513,0.06
342523,0.0
342527,0.21
342555,0.17
342566,0.04
342584,0.03
342593,0.02
342600,0.01
342611,0.11
342614,0.15
342637,0.11
342639,0.1
342656,0.19
342669,0.04
342684,0.12
342686,0.14
342690,0.22
342693,0.1
342701,0.24
342702,0.16
342703,0.06
342706,0.06
342711,0.08
342730,0.08
342744,0.06
342753,0.15
342769,0.08
342779,0.18
342788,0.06
342792,0.04
342794,0.08
342795,0.08
342799,0.01
342802,0.27
342803,0.18
342812,0.06
342820,0.17
342824,0.02
342835,0.06
342836,0.01
342851,0.08
342860,0.03
342862,0.19
342870,0.05
342873,0.06
342894,0.0
342916,0.01
342950,0.17
342970,0.06
342971,0.13
342980,0.03
342981,0.04
343004,0.1
343044,0.05
343045,0.18
343072,0.03
343078,0.07
343080,0.22
343085,0.04
343126,0.13
343137,0.11
343139,0.05
343144,0.05
343155,0.04
343163,0.08
343165,0.01
343190,0.04
343205,0.01
343221,0.11
343226,0.02
343233,0.03
343236,0.04
343241,0.09
343245,0.15
343256,0.09
343260,0.04
343276,0.12
343298,0.04
343299,0.01
343310,0.24
343312,0.04
343317,0.08
343319,0.05
343324,0.07
343345,0.06
343348,0.09
343354,0.18
343363,0.07
343365,0.2
343376,0.03
343380,0.31
343401,0.01
343412,0.05
343414,0.13
343415,0.1
343418,0.11
343419,0.12
343421,0.04
343423,0.01
343432,0.02
343436,0.05
343440,0.2
343458,0.05
343470,0.14
343471,0.01
343480,0.04
343484,0.13
343492,0.11
343500,0.08
343503,0.07
343522,0.09
343525,0.04
343562,0.13
343577,0.07
343580,0.13
343591,0.01
343594,0.05
343602,0.08
343611,0.05
343615,0.16
343639,0.02
343643,0.09
343645,0.02
343647,0.0
343669,0.01
343683,0.09
343702,0.25
343703,0.06
343704,0.02
343710,0.02
343724,0.12
343730,0.09
343742,0.21
343743,0.06
343745,0.07
343775,0.08
343783,0.1
343794,0.14
343795,0.02
343816,0.05
343820,0.01
343823,0.09
343836,0.01
343845,0.13
343888,0.16
343893,0.12
343898,0.13
343914,0.02
343918,0.09
343920,0.06
343928,0.04
343931,0.12
343968,0.01
343990,0.17
343991,0.08
343996,0.02
344002,0.1
344004,0.06
344008,0.09
344011,0.12
344013,0.11
344014,0.12
344015,0.04
344016,0.06
344019,0.06
344026,0.06
344027,0.04
344029,0.08
344039,0.17
344041,0.28
344042,0.04
344047,0.17
344053,0.18
344055,0.05
344060,0.01
344064,0.03
344067,0.09
344080,0.03
344083,0.08
344088,0.01
344090,0.04
344093,0.04
344099,0.05
344113,0.11
344114,0.09
344119,0.05
344121,0.06
344135,0.05
344138,0.06
344159,0.06
344172,0.06
344176,0.15
344192,0.04
344202,0.06
344219,0.08
344225,0.12
344229,0.23
344240,0.05
344241,0.12
344249,0.03
344252,0.22
344256,0.06
344260,0.08
344264,0.17
344267,0.02
344275,0.12
344283,0.02
344292,0.09
344296,0.1
344297,0.04
344299,0.05
344303,0.02
344313,0.07
344315,0.07
344317,0.07
344323,0.16
344328,0.17
344339,0.03
344343,0.1
344345,0.02
344356,0.09
344358,0.0
344359,0.18
344366,0.24
344370,0.04
344382,0.02
344383,0.09
344386,0.16
344388,0.26
344393,0.05
344395,0.09
344401,0.11
344402,0.21
344404,0.14
344422,0.0
344427,0.05
344433,0.07
344444,0.07
344454,0.08
344460,0.01
344480,0.01
344483,0.09
344488,0.08
344496,0.2
344504,0.21
344516,0.08
344524,0.08
344540,0.14
344542,0.13
344550,0.06
344558,0.01
344561,0.05
344568,0.17
344571,0.19
344621,0.03
344633,0.12
344635,0.12
344660,0.05
344662,0.12
344681,0.01
344683,0.22
344685,0.09
344716,0.2
344726,0.14
344749,0.03
344750,0.2
344752,0.04
344760,0.0
344762,0.17
344768,0.04
344770,0.12
344772,0.09
344778,0.09
344783,0.15
344793,0.05
344814,0.09
344815,0.07
344818,0.0
344819,0.07
344826,0.12
344828,0.18
344835,0.05
344864,0.02
344869,0.05
344875,0.2
344883,0.03
344885,0.05
344887,0.06
344889,0.13
344892,0.18
344895,0.11
344913,0.02
344934,0.03
344939,0.18
344947,0.16
344964,0.07
344969,0.04
344973,0.05
344977,0.08
344978,0.09
344991,0.09
345010,0.12
345011,0.07
345012,0.19
345020,0.07
345021,0.03
345042,0.03
345046,0.01
345070,0.02
345078,0.16
345085,0.04
345087,0.12
345093,0.06
345094,0.17
345097,0.12
345107,0.04
345109,0.24
345117,0.05
345118,0.02
345126,0.19
345142,0.1
345143,0.07
345149,0.05
345150,0.05
345154,0.25
345174,0.03
345184,0.1
345193,0.02
345196,0.05
345202,0.07
345207,0.06
345209,0.28
345211,0.09
345212,0.06
345213,0.06
345218,0.05
345228,0.03
345234,0.11
345251,0.02
345252,0.07
345260,0.02
345269,0.01
345275,0.09
345300,0.04
345305,0.01
345306,0.15
345310,0.08
345315,0.25
345324,0.05
345329,0.05
345359,0.21
345360,0.23
345364,0.06
345385,0.16
345387,0.03
345390,0.05
345402,0.11
345404,0.04
345405,0.03
345416,0.03
345425,0.21
345432,0.05
345437,0.32
345442,0.03
345450,0.07
345458,0.1
345467,0.15
345468,0.28
345470,0.12
345478,0.04
345479,0.09
345482,0.02
345489,0.1
345492,0.1
345499,0.08
345502,0.04
345515,0.03
345538,0.03
345542,0.16
345548,0.03
345550,0.03
345552,0.07
345557,0.02
345560,0.03
345563,0.01
345564,0.22
345580,0.05
345582,0.04
345583,0.02
345604,0.14
345622,0.1
345630,0.06
345634,0.04
345643,0.12
345646,0.06
345685,0.1
345687,0.04
345694,0.03
345717,0.09
345718,0.13
345726,0.09
345733,0.05
345738,0.06
345754,0.07
345761,0.05
345771,0.09
345778,0.01
345780,0.21
345788,0.06
345796,0.15
345800,0.3
345808,0.15
345812,0.07
345821,0.14
345822,0.1
345843,0.23
345853,0.11
345854,0.07
345857,0.01
345858,0.06
345867,0.06
345884,0.12
345892,0.05
345893,0.09
345896,0.06
345902,0.01
345906,0.14
345913,0.01
345916,0.03
345922,0.15
345923,0.26
345924,0.02
345935,0.02
345941,0.04
345948,0.12
345953,0.07
345958,0.06
345962,0.01
345966,0.12
345973,0.1
345976,0.09
345989,0.01
345999,0.02
346003,0.05
346014,0.06
346027,0.07
346036,0.23
346048,0.01
346052,0.11
346057,0.11
346058,0.11
346064,0.17
346076,0.18
346079,0.06
346081,0.06
346091,0.03
346099,0.11
346104,0.05
346111,0.05
346117,0.19
346118,0.07
346126,0.05
346135,0.09
346141,0.07
346150,0.08
346153,0.15
346155,0.02
346164,0.17
346166,0.17
346173,0.18
346179,0.04
346184,0.0
346188,0.04
346201,0.15
346207,0.09
346213,0.09
346219,0.01
346245,0.13
346271,0.15
346273,0.12
346290,0.03
346300,0.15
346314,0.01
346328,0.05
346329,0.11
346338,0.0
346340,0.04
346341,0.04
346347,0.01
346358,0.26
346362,0.06
346373,0.14
346377,0.1
346379,0.47
346384,0.13
346387,0.06
346392,0.06
346396,0.05
346402,0.12
346405,0.15
346407,0.11
346409,0.07
346414,0.13
346423,0.14
346424,0.06
346428,0.04
346443,0.11
346444,0.01
346446,0.05
346449,0.07
346456,0.03
346476,0.06
346477,0.1
346480,0.0
346492,0.13
346526,0.02
346536,0.08
346539,0.07
346543,0.06
346544,0.03
346546,0.07
346591,0.24
346598,0.12
346599,0.02
346618,0.02
346620,0.01
346623,0.04
346631,0.01
346639,0.01
346657,0.1
346661,0.27
346671,0.08
346672,0.11
346694,0.03
346712,0.12
346714,0.06
346723,0.05
346727,0.15
346729,0.06
346747,0.04
346765,0.29
346775,0.09
346784,0.21
346797,0.01
346799,0.12
346802,0.01
346807,0.1
346822,0.02
346828,0.06
346836,0.12
346838,0.08
346841,0.07
346843,0.09
346848,0.04
346850,0.02
346851,0.06
346855,0.07
346856,0.12
346860,0.1
346870,0.08
346881,0.17
346884,0.14
346887,0.02
346890,0.04
346904,0.06
346912,0.12
346914,0.23
346923,0.04
346924,0.05
346926,0.09
346934,0.09
346936,0.01
346951,0.03
346952,0.03
346970,0.04
346982,0.17
346993,0.01
347013,0.06
347018,0.02
347021,0.08
347031,0.12
347033,0.38
347039,0.06
347045,0.06
347046,0.14
347058,0.03
347071,0.2
347078,0.09
347079,0.08
347097,0.05
347101,0.11
347120,0.12
347121,0.06
347133,0.03
347161,0.08
347163,0.06
347173,0.02
347175,0.12
347181,0.01
347193,0.19
347196,0.23
347204,0.09
347205,0.14
347217,0.11
347229,0.04
347255,0.01
347261,0.05
347266,0.09
347283,0.05
347286,0.15
347302,0.02
347304,0.05
347321,0.05
347323,0.01
347331,0.02
347340,0.02
347350,0.1
347374,0.07
347379,0.14
347404,0.18
347415,0.13
347438,0.23
347439,0.02
347443,0.16
347450,0.24
347456,0.03
347458,0.14
347463,0.04
347471,0.04
347476,0.09
347482,0.05
347483,0.03
347492,0.05
347498,0.04
347499,0.12
347501,0.03
347521,0.07
347527,0.05
347531,0.02
347540,0.04
347556,0.05
347575,0.02
347579,0.03
347581,0.02
347583,0.08
347611,0.03
347614,0.13
347621,0.12
347629,0.19
347639,0.09
347642,0.01
347650,0.09
347665,0.04
347674,0.02
347678,0.1
347689,0.1
347690,0.03
347708,0.09
347712,0.24
347722,0.16
347728,0.02
347734,0.08
347736,0.23
347747,0.12
347748,0.04
347753,0.1
347755,0.2
347756,0.08
347757,0.06
347763,0.09
347770,0.11
347771,0.13
347784,0.04
347792,0.08
347793,0.17
347801,0.01
347808,0.14
347821,0.07
347824,0.09
347829,0.12
347841,0.2
347845,0.08
347846,0.21
347853,0.09
347854,0.07
347858,0.05
347859,0.01
347864,0.0
347869,0.03
347876,0.1
347880,0.11
347884,0.05
347888,0.04
347893,0.0
347900,0.06
347902,0.13
347910,0.04
347912,0.02
347915,0.11
347916,0.05
347919,0.03
347923,0.11
347952,0.29
348002,0.29
348003,0.04
348008,0.13
348014,0.07
348027,0.15
348031,0.02
348051,0.07
348060,0.09
348064,0.06
348066,0.08
348069,0.1
348077,0.1
348081,0.03
348087,0.05
348088,0.03
348094,0.22
348100,0.08
348119,0.03
348122,0.06
348141,0.16
348145,0.04
348154,0.01
348158,0.05
348163,0.21
348176,0.27
348177,0.05
348181,0.07
348190,0.13
348195,0.17
348197,0.08
348200,0.01
348209,0.05
348216,0.02
348217,0.12
348223,0.2
348228,0.03
348230,0.03
348249,0.02
348251,0.09
348261,0.11
348264,0.01
348271,0.05
348273,0.11
348280,0.06
348283,0.14
348285,0.07
348306,0.1
348312,0.09
348327,0.02
348328,0.17
348344,0.08
348358,0.1
348361,0.03
348362,0.11
348364,0.09
348370,0.01
348380,0.05
348400,0.05
348420,0.19
348428,0.04
348430,0.02
348445,0.08
348460,0.2
348462,0.03
348465,0.07
348481,0.01
348482,0.04
348485,0.04
348491,0.09
348492,0.2
348522,0.2
348531,0.05
348536,0.07
348546,0.12
348547,0.05
348548,0.09
348551,0.04
348554,0.24
348564,0.02
348571,0.07
348577,0.11
348593,0.15
348595,0.14
348606,0.07
348621,0.04
348630,0.08
348633,0.25
348644,0.11
348646,0.03
348680,0.02
348692,0.07
348698,0.2
348703,0.16
348712,0.13
348726,0.19
348727,0.01
348731,0.08
348733,0.15
348747,0.02
348753,0.04
348756,0.03
348760,0.11
348771,0.06
348785,0.09
348789,0.17
348793,0.02
348797,0.02
348799,0.03
348811,0.05
348812,0.07
348818,0.03
348822,0.05
348833,0.04
348849,0.02
348875,0.03
348878,0.04
348879,0.01
348884,0.2
348887,0.06
348890,0.15
348901,0.02
348911,0.08
348936,0.02
348941,0.06
348949,0.02
348950,0.06
348952,0.01
348954,0.02
348971,0.11
348979,0.11
348985,0.15
348989,0.15
348999,0.04
349006,0.11
349013,0.21
349015,0.02
349024,0.01
349033,0.06
349047,0.04
349060,0.07
349065,0.07
349071,0.3
349081,0.15
349088,0.07
349093,0.04
349101,0.09
349107,0.08
349113,0.03
349123,0.07
349125,0.02
349129,0.11
349131,0.08
349132,0.06
349163,0.03
349168,0.1
349172,0.07
349187,0.05
349192,0.2
349193,0.06
349203,0.08
349227,0.09
349234,0.27
349248,0.07
349249,0.13
349254,0.06
349259,0.18
349265,0.14
349276,0.04
349281,0.07
349283,0.07
349288,0.11
349297,0.02
349299,0.15
349304,0.07
349306,0.0
349310,0.2
349314,0.01
349320,0.14
349326,0.14
349329,0.03
349337,0.04
349357,0.04
349363,0.02
349374,0.06
349375,0.06
349394,0.05
349399,0.08
349404,0.0
349419,0.02
349422,0.16
349425,0.14
349432,0.07
349433,0.28
349436,0.05
349437,0.04
349439,0.13
349484,0.04
349488,0.06
349490,0.06
349538,0.16
349541,0.11
349543,0.08
349552,0.12
349560,0.04
349565,0.19
349570,0.05
349586,0.15
349589,0.13
349592,0.1
349596,0.08
349598,0.05
349601,0.1
349608,0.19
349615,0.18
349645,0.06
349654,0.09
349671,0.06
349679,0.04
349693,0.18
349706,0.17
349707,0.03
349708,0.11
349719,0.05
349727,0.21
349730,0.05
349735,0.06
349744,0.1
349745,0.04
349760,0.15
349765,0.1
349778,0.08
349787,0.09
349802,0.13
349812,0.25
349815,0.01
349847,0.04
349854,0.05
349855,0.15
349872,0.04
349873,0.11
349874,0.03
349886,0.05
349887,0.12
349911,0.06
349916,0.01
349920,0.22
349921,0.03
349929,0.03
349931,0.08
349935,0.04
349939,0.04
349960,0.04
349967,0.08
349969,0.26
349971,0.15
349977,0.04
349979,0.06
349981,0.01
349982,0.15
349992,0.04
349994,0.04
350005,0.04
350006,0.04
350009,0.07
350017,0.03
350021,0.05
350023,0.1
350032,0.14
350033,0.08
350036,0.1
350037,0.06
350048,0.25
350052,0.04
350063,0.03
350077,0.12
350078,0.09
350086,0.14
350087,0.07
350107,0.01
350110,0.07
350114,0.07
350119,0.08
350139,0.03
350154,0.08
350174,0.11
350177,0.06
350190,0.26
350193,0.12
350203,0.0
350206,0.15
350210,0.1
350225,0.03
350242,0.05
350264,0.13
350273,0.1
350277,0.06
350283,0.05
350286,0.04
350288,0.09
350290,0.06
350293,0.04
350310,0.3
350327,0.2
350330,0.07
350334,0.23
350340,0.03
350342,0.13
350344,0.15
350370,0.05
350372,0.22
350376,0.12
350387,0.13
350389,0.13
350395,0.15
350397,0.07
350433,0.07
350436,0.2
350442,0.0
350445,0.04
350446,0.14
350457,0.11
350480,0.09
350481,0.03
350484,0.15
350494,0.04
350511,0.09
350529,0.05
350531,0.08
350535,0.02
350539,0.01
350543,0.07
350544,0.06
350550,0.04
350558,0.1
350569,0.11
350571,0.14
350577,0.07
350582,0.08
350585,0.1
350596,0.0
350598,0.05
350599,0.07
350602,0.08
350612,0.03
350621,0.15
350626,0.08
350628,0.02
350638,0.1
350646,0.16
350652,0.04
350665,0.03
350671,0.1
350677,0.08
350694,0.04
350697,0.15
350699,0.13
350703,0.07
350705,0.23
350708,0.03
350724,0.1
350731,0.01
350740,0.06
350745,0.08
350749,0.05
350754,0.08
350757,0.04
350764,0.02
350766,0.11
350779,0.12
350794,0.17
350805,0.06
350810,0.04
350817,0.04
350825,0.05
350829,0.03
350832,0.05
350841,0.01
350855,0.07
350862,0.01
350867,0.13
350871,0.03
350874,0.12
350891,0.05
350895,0.09
350898,0.09
350899,0.02
350902,0.05
350913,0.07
350916,0.07
350933,0.08
350944,0.02
350954,0.16
350959,0.06
350965,0.02
350969,0.03
350984,0.0
350997,0.07
350999,0.08
351002,0.18
351008,0.06
351014,0.11
351025,0.14
351026,0.02
351046,0.16
351048,0.03
351070,0.09
351073,0.02
351079,0.08
351085,0.05
351091,0.04
351094,0.04
351115,0.04
351117,0.09
351126,0.04
351142,0.03
351151,0.01
351171,0.05
351178,0.07
351186,0.04
351194,0.17
351201,0.08
351223,0.09
351225,0.23
351226,0.07
351227,0.06
351240,0.17
351243,0.02
351244,0.19
351245,0.0
351248,0.08
351252,0.05
351259,0.19
351265,0.08
351291,0.16
351292,0.06
351294,0.07
351298,0.03
351303,0.24
351311,0.05
351326,0.03
351331,0.09
351338,0.1
351339,0.07
351364,0.03
351380,0.07
351383,0.03
351385,0.09
351386,0.1
351389,0.08
351392,0.1
351393,0.04
351407,0.15
351419,0.02
351422,0.07
351423,0.11
351430,0.05
351446,0.01
351454,0.07
351458,0.11
351461,0.08
351489,0.12
351495,0.06
351520,0.13
351526,0.17
351535,0.05
351541,0.06
351567,0.01
351580,0.03
351581,0.35
351584,0.05
351587,0.06
351589,0.03
351593,0.16
351616,0.13
351619,0.04
351625,0.04
351626,0.06
351635,0.06
351641,0.02
351655,0.03
351658,0.12
351669,0.15
351670,0.08
351671,0.05
351680,0.01
351687,0.04
351699,0.03
351722,0.11
351725,0.08
351740,0.11
351747,0.07
351758,0.05
351771,0.02
351780,0.05
351786,0.07
351789,0.07
351796,0.17
351801,0.11
351814,0.01
351817,0.11
351819,0.2
351825,0.11
351830,0.22
351831,0.1
351834,0.06
351836,0.08
351837,0.03
351838,0.04
351839,0.04
351846,0.31
351863,0.08
351864,0.11
351880,0.09
351887,0.14
351891,0.11
351892,0.14
351898,0.09
351907,0.08
351916,0.1
351936,0.08
351937,0.1
351945,0.1
351957,0.09
351958,0.04
351962,0.08
351967,0.08
351970,0.11
351973,0.08
351978,0.03
351984,0.04
351989,0.14
351992,0.04
352015,0.07
352036,0.06
352043,0.02
352049,0.08
352053,0.03
352056,0.05
352058,0.04
352064,0.06
352065,0.01
352075,0.04
352092,0.05
352096,0.05
352097,0.05
352102,0.0
352103,0.05
352117,0.05
352119,0.07
352139,0.11
352145,0.01
352158,0.05
352198,0.1
352199,0.07
352200,0.1
352205,0.08
352241,0.03
352244,0.17
352258,0.14
352260,0.01
352266,0.04
352273,0.02
352283,0.08
352303,0.14
352304,0.11
352351,0.09
352353,0.04
352379,0.06
352389,0.22
352390,0.08
352391,0.05
352403,0.09
352407,0.01
352409,0.33
352421,0.04
352425,0.02
352447,0.09
352450,0.11
352451,0.13
352457,0.06
352468,0.22
352482,0.02
352495,0.02
352501,0.17
352506,0.27
352508,0.05
352522,0.15
352528,0.15
352539,0.06
352540,0.02
352551,0.03
352560,0.04
352561,0.15
352565,0.02
352566,0.08
352584,0.09
352592,0.07
352626,0.12
352650,0.03
352655,0.05
352668,0.32
352670,0.04
352685,0.22
352690,0.03
352692,0.01
352694,0.06
352700,0.03
352701,0.06
352708,0.11
352711,0.21
352734,0.12
352738,0.03
352742,0.06
352745,0.11
352746,0.02
352751,0.05
352762,0.1
352767,0.05
352768,0.07
352785,0.07
352788,0.05
352795,0.08
352814,0.06
352825,0.04
352827,0.07
352828,0.03
352830,0.07
352850,0.1
352890,0.02
352901,0.01
352907,0.05
352909,0.09
352913,0.02
352925,0.05
352927,0.02
352928,0.1
352938,0.12
352942,0.04
352943,0.31
352952,0.05
352958,0.13
352962,0.06
352967,0.12
352972,0.08
352988,0.01
352991,0.08
353002,0.06
353008,0.12
353011,0.04
353014,0.01
353018,0.06
353023,0.0
353029,0.07
353031,0.13
353035,0.21
353037,0.15
353042,0.06
353054,0.07
353078,0.04
353122,0.17
353123,0.13
353140,0.0
353145,0.07
353167,0.09
353177,0.14
353179,0.23
353185,0.02
353194,0.22
353195,0.05
353208,0.07
353210,0.05
353214,0.14
353215,0.18
353240,0.07
353241,0.11
353247,0.02
353259,0.04
353262,0.23
353264,0.09
353278,0.12
353279,0.09
353280,0.1
353287,0.14
353288,0.03
353290,0.11
353299,0.03
353314,0.21
353328,0.09
353340,0.03
353350,0.02
353352,0.01
353364,0.04
353371,0.02
353373,0.12
353374,0.09
353389,0.11
353395,0.07
353419,0.4
353427,0.1
353441,0.04
353454,0.04
353469,0.18
353475,0.2
353481,0.02
353483,0.17
353484,0.07
353488,0.06
353496,0.02
353504,0.07
353505,0.04
353509,0.08
353527,0.11
353574,0.1
353585,0.07
353595,0.07
353598,0.04
353602,0.11
353610,0.19
353618,0.03
353625,0.02
353626,0.18
353631,0.1
353635,0.04
353654,0.02
353682,0.08
353688,0.06
353695,0.07
353711,0.06
353724,0.07
353729,0.03
353732,0.07
353749,0.22
353750,0.05
353752,0.09
353761,0.03
353782,0.03
353784,0.05
353801,0.02
353809,0.2
353812,0.1
353814,0.01
353821,0.04
353832,0.09
353845,0.08
353860,0.07
353863,0.06
353867,0.13
353876,0.1
353905,0.06
353923,0.04
353934,0.03
353943,0.05
353945,0.07
353973,0.06
353995,0.02
354001,0.08
354003,0.16
354011,0.05
354020,0.08
354024,0.16
354027,0.05
354031,0.12
354036,0.05
354037,0.06
354039,0.1
354044,0.03
354058,0.01
354071,0.11
354080,0.06
354084,0.05
354085,0.01
354089,0.01
354099,0.08
354100,0.1
354104,0.04
354106,0.11
354107,0.18
354111,0.03
354114,0.16
354115,0.13
354122,0.21
354130,0.15
354139,0.13
354140,0.17
354145,0.08
354149,0.07
354167,0.06
354173,0.29
354176,0.04
354178,0.01
354182,0.07
354184,0.04
354186,0.11
354192,0.07
354209,0.06
354214,0.06
354218,0.14
354230,0.31
354251,0.06
354257,0.15
354264,0.22
354265,0.08
354267,0.02
354272,0.04
354273,0.12
354285,0.09
354298,0.15
354309,0.08
354312,0.15
354320,0.04
354322,0.1
354327,0.06
354333,0.16
354335,0.15
354344,0.13
354355,0.02
354358,0.05
354365,0.04
354368,0.05
354377,0.02
354386,0.03
354390,0.05
354394,0.05
354398,0.02
354402,0.05
354403,0.11
354406,0.17
354414,0.12
354421,0.02
354430,0.12
354445,0.05
354470,0.05
354479,0.02
354481,0.02
354483,0.21
354497,0.02
354511,0.06
354533,0.04
354549,0.29
354561,0.19
354570,0.06
354571,0.08
354577,0.01
354586,0.11
354598,0.08
354601,0.13
354602,0.04
354603,0.08
354606,0.03
354612,0.06
354613,0.03
354616,0.15
354624,0.05
354625,0.31
354636,0.04
354639,0.15
354640,0.03
354644,0.11
354650,0.05
354666,0.06
354673,0.06
354674,0.07
354677,0.07
354684,0.1
354694,0.13
354698,0.02
354708,0.01
354709,0.1
354720,0.07
354738,0.12
354740,0.13
354757,0.03
354768,0.05
354775,0.13
354776,0.02
354792,0.05
354803,0.08
354809,0.03
354817,0.08
354818,0.0
354830,0.07
354832,0.11
354838,0.05
354839,0.08
354851,0.04
354861,0.13
354865,0.11
354890,0.13
354893,0.12
354898,0.06
354900,0.04
354910,0.19
354913,0.07
354937,0.01
354942,0.05
354953,0.01
354956,0.04
354958,0.04
354960,0.13
354984,0.16
354993,0.05
355017,0.16
355025,0.09
355026,0.01
355041,0.16
355043,0.0
355048,0.08
355057,0.01
355071,0.13
355075,0.09
355081,0.04
355083,0.22
355090,0.06
355105,0.19
355107,0.03
355108,0.08
355109,0.11
355114,0.07
355117,0.06
355127,0.03
355148,0.04
355174,0.19
355180,0.04
355181,0.08
355184,0.07
355201,0.02
355207,0.06
355209,0.04
355217,0.12
355218,0.09
355237,0.12
355239,0.01
355241,0.07
355243,0.2
355250,0.21
355275,0.04
355282,0.04
355284,0.06
355287,0.09
355293,0.14
355296,0.11
355305,0.07
355312,0.04
355320,0.15
355327,0.01
355328,0.01
355333,0.05
355335,0.02
355336,0.06
355337,0.12
355338,0.09
355341,0.01
355355,0.14
355358,0.11
355360,0.14
355372,0.11
355382,0.08
355385,0.02
355393,0.28
355404,0.06
355408,0.12
355417,0.03
355418,0.07
355431,0.08
355434,0.02
355445,0.11
355502,0.06
355503,0.17
355511,0.07
355517,0.14
355519,0.16
355524,0.11
355536,0.05
355549,0.02
355550,0.16
355560,0.08
355569,0.03
355571,0.03
355572,0.06
355575,0.06
355578,0.18
355584,0.09
355588,0.12
355592,0.11
355604,0.02
355638,0.03
355646,0.14
355649,0.09
355656,0.03
355657,0.05
355666,0.09
355681,0.11
355697,0.02
355700,0.07
355701,0.03
355703,0.16
355704,0.12
355708,0.01
355736,0.2
355743,0.13
355769,0.02
355773,0.13
355781,0.1
355785,0.16
355786,0.19
355798,0.01
355817,0.18
355819,0.07
355826,0.09
355842,0.07
355846,0.03
355855,0.04
355870,0.1
355873,0.04
355874,0.24
355876,0.16
355877,0.05
355880,0.07
355920,0.0
355922,0.09
355930,0.03
355935,0.03
355942,0.23
355963,0.06
355971,0.14
355973,0.01
355980,0.09
355981,0.1
355984,0.05
355987,0.18
355996,0.15
355997,0.06
356013,0.12
356016,0.02
356025,0.11
356027,0.06
356035,0.01
356036,0.11
356038,0.1
356041,0.01
356057,0.01
356063,0.19
356077,0.03
356080,0.17
356086,0.02
356102,0.04
356106,0.09
356118,0.07
356140,0.04
356150,0.28
356153,0.05
356159,0.09
356163,0.21
356164,0.02
356168,0.09
356169,0.07
356170,0.07
356199,0.06
356211,0.06
356220,0.14
356246,0.03
356249,0.08
356255,0.16
356258,0.14
356262,0.04
356273,0.02
356279,0.16
356281,0.09
356308,0.2
356324,0.19
356327,0.08
356328,0.01
356331,0.11
356336,0.06
356345,0.08
356382,0.03
356395,0.06
356399,0.2
356400,0.12
356413,0.05
356414,0.13
356418,0.08
356427,0.06
356433,0.05
356439,0.03
356444,0.04
356475,0.03
356480,0.11
356482,0.17
356497,0.04
356512,0.04
356517,0.25
356536,0.01
356539,0.06
356551,0.14
356556,0.11
356558,0.3
356559,0.01
356563,0.06
356578,0.12
356583,0.12
356584,0.21
356592,0.07
356594,0.02
356596,0.04
356597,0.06
356598,0.15
356602,0.12
356609,0.09
356624,0.2
356626,0.07
356627,0.05
356641,0.15
356648,0.12
356649,0.09
356650,0.02
356651,0.02
356659,0.01
356676,0.12
356687,0.25
356689,0.05
356698,0.03
356726,0.1
356732,0.09
356741,0.36
356742,0.05
356746,0.02
356750,0.09
356754,0.09
356760,0.03
356762,0.07
356763,0.05
356777,0.1
356784,0.04
356795,0.15
356801,0.01
356802,0.01
356808,0.06
356813,0.12
356816,0.17
356818,0.13
356825,0.04
356828,0.02
356836,0.03
356854,0.04
356857,0.01
356865,0.02
356873,0.03
356879,0.04
356880,0.01
356885,0.17
356889,0.03
356903,0.04
356905,0.06
356913,0.08
356916,0.02
356939,0.07
356944,0.13
356952,0.09
356958,0.09
356963,0.05
356967,0.01
356970,0.09
356977,0.0
356980,0.07
356981,0.1
356983,0.11
356998,0.28
357005,0.02
357022,0.09
357032,0.03
357033,0.11
357035,0.03
357047,0.06
357054,0.07
357057,0.14
357069,0.02
357096,0.17
357102,0.2
357118,0.02
357124,0.08
357137,0.07
357138,0.25
357149,0.02
357151,0.07
357157,0.1
357158,0.16
357162,0.07
357163,0.07
357171,0.04
357175,0.05
357192,0.02
357200,0.12
357204,0.04
357206,0.08
357215,0.07
357221,0.02
357228,0.02
357247,0.06
357249,0.03
357268,0.06
357270,0.04
357279,0.05
357287,0.01
357293,0.08
357306,0.07
357308,0.26
357321,0.05
357326,0.24
357340,0.04
357342,0.17
357352,0.04
357361,0.06
357368,0.08
357370,0.01
357377,0.04
357382,0.05
357383,0.0
357384,0.05
357398,0.12
357415,0.03
357420,0.15
357439,0.04
357440,0.05
357458,0.02
357464,0.12
357467,0.02
357469,0.18
357472,0.11
357489,0.1
357504,0.23
357522,0.11
357527,0.03
357547,0.12
357550,0.04
357558,0.05
357559,0.09
357562,0.2
357572,0.08
357583,0.16
357585,0.11
357598,0.09
357607,0.03
357613,0.04
357627,0.05
357630,0.05
357631,0.25
357680,0.01
357694,0.08
357698,0.12
357699,0.05
357707,0.1
357732,0.03
357748,0.17
357755,0.12
357767,0.07
357786,0.11
357791,0.02
357799,0.04
357824,0.02
357830,0.06
357832,0.15
357840,0.14
357863,0.15
357865,0.02
357868,0.17
357869,0.02
357878,0.1
357886,0.06
357891,0.04
357897,0.05
357915,0.14
357927,0.12
357947,0.05
357958,0.03
357959,0.04
357976,0.05
357992,0.15
357995,0.07
357996,0.03
358020,0.16
358022,0.17
358023,0.11
358029,0.02
358040,0.04
358059,0.1
358071,0.05
358076,0.04
358095,0.09
358096,0.1
358104,0.03
358110,0.06
358122,0.08
358137,0.09
358147,0.1
358149,0.1
358155,0.11
358161,0.05
358163,0.18
358172,0.08
358178,0.11
358183,0.08
358186,0.07
358189,0.02
358198,0.11
358211,0.12
358219,0.12
358220,0.08
358225,0.15
358231,0.07
358233,0.04
358247,0.08
358258,0.13
358264,0.11
358271,0.26
358273,0.08
358275,0.03
358278,0.14
358287,0.14
358309,0.12
358327,0.13
358342,0.02
358348,0.11
358352,0.0
358373,0.04
358384,0.03
358394,0.06
358405,0.16
358409,0.03
358412,0.15
358424,0.2
358427,0.09
358434,0.08
358444,0.1
358448,0.13
358449,0.04
358458,0.02
358472,0.14
358483,0.07
358490,0.1
358503,0.02
358504,0.07
358505,0.02
358512,0.11
358513,0.15
358528,0.03
358532,0.04
358536,0.08
358538,0.03
358559,0.07
358590,0.12
358601,0.12
358627,0.07
358631,0.08
358632,0.12
358640,0.14
358649,0.11
358650,0.05
358653,0.02
358676,0.07
358679,0.07
358695,0.14
358703,0.09
358705,0.05
358710,0.06
358730,0.02
358731,0.08
358735,0.09
358744,0.18
358748,0.09
358750,0.04
358752,0.01
358764,0.14
358777,0.07
358786,0.15
358789,0.06
358805,0.06
358809,0.05
358810,0.03
358824,0.04
358829,0.14
358838,0.05
358840,0.09
358841,0.18
358854,0.05
358873,0.39
358879,0.05
358884,0.17
358885,0.08
358886,0.02
358892,0.04
358895,0.03
358906,0.06
358910,0.04
358911,0.06
358924,0.16
358929,0.09
358937,0.09
358949,0.11
358955,0.08
358956,0.28
358959,0.07
358960,0.13
358969,0.04
358983,0.03
358990,0.11
358992,0.05
358994,0.04
359004,0.06
359015,0.1
359023,0.06
359030,0.09
359032,0.04
359038,0.04
359044,0.06
359049,0.12
359050,0.03
359064,0.05
359095,0.02
359100,0.22
359105,0.06
359116,0.16
359134,0.1
359136,0.17
359143,0.05
359147,0.01
359175,0.06
359182,0.03
359188,0.03
359196,0.04
359198,0.13
359202,0.04
359212,0.13
359229,0.07
359232,0.08
359247,0.09
359258,0.09
359260,0.12
359261,0.12
359262,0.16
359268,0.11
359285,0.03
359293,0.08
359294,0.06
359297,0.07
359299,0.11
359311,0.01
359319,0.05
359320,0.02
359322,0.08
359353,0.03
359355,0.1
359360,0.14
359367,0.07
359369,0.0
359372,0.06
359377,0.09
359381,0.02
359382,0.14
359387,0.05
359389,0.04
359392,0.14
359437,0.18
359438,0.1
359440,0.05
359442,0.07
359455,0.09
359474,0.13
359475,0.11
359480,0.3
359485,0.15
359493,0.01
359497,0.11
359505,0.02
359506,0.04
359516,0.02
359518,0.03
359523,0.08
359547,0.24
359548,0.08
359556,0.11
359577,0.02
359580,0.27
359588,0.05
359590,0.07
359592,0.08
359599,0.05
359609,0.11
359611,0.06
359619,0.12
359623,0.09
359654,0.04
359666,0.04
359669,0.12
359672,0.03
359673,0.38
359677,0.07
359685,0.05
359690,0.02
359697,0.06
359702,0.08
359707,0.04
359711,0.01
359719,0.1
359722,0.09
359726,0.1
359730,0.14
359731,0.15
359741,0.32
359743,0.19
359748,0.0
359753,0.02
359758,0.33
359773,0.11
359780,0.05
359785,0.06
359800,0.04
359806,0.08
359809,0.09
359822,0.09
359828,0.11
359847,0.09
359855,0.08
359858,0.1
359864,0.04
359884,0.09
359886,0.05
359898,0.25
359908,0.11
359921,0.16
359945,0.1
359958,0.0
359964,0.14
359980,0.06
359992,0.12
359994,0.06
360001,0.06
360004,0.02
360009,0.14
360020,0.05
360049,0.26
360058,0.03
360063,0.07
360064,0.03
360074,0.04
360095,0.14
360098,0.06
360099,0.02
360100,0.07
360103,0.13
360106,0.01
360107,0.07
360124,0.21
360126,0.02
360138,0.07
360140,0.17
360141,0.03
360149,0.15
360152,0.18
360165,0.06
360171,0.06
360176,0.14
360183,0.04
360186,0.03
360189,0.13
360191,0.14
360199,0.18
360204,0.05
360205,0.14
360217,0.2
360225,0.11
360231,0.02
360238,0.06
360248,0.3
360249,0.09
360254,0.12
360256,0.1
360257,0.04
360258,0.04
360277,0.09
360279,0.14
360280,0.15
360281,0.08
360283,0.08
360290,0.09
360312,0.1
360316,0.05
360320,0.05
360324,0.15
360333,0.15
360339,0.06
360347,0.1
360359,0.26
360360,0.2
360367,0.16
360372,0.03
360382,0.14
360386,0.08
360400,0.03
360411,0.11
360412,0.19
360415,0.05
360419,0.22
360421,0.03
360427,0.02
360429,0.19
360438,0.02
360439,0.03
360445,0.12
360454,0.14
360458,0.11
360467,0.03
360469,0.22
360471,0.06
360472,0.03
360475,0.08
360478,0.07
360479,0.02
360480,0.04
360484,0.1
360496,0.02
360504,0.04
360517,0.11
360518,0.1
360526,0.02
360530,0.03
360535,0.11
360538,0.06
360539,0.09
360545,0.03
360569,0.09
360579,0.14
360580,0.04
360611,0.04
360612,0.01
360626,0.05
360628,0.08
360631,0.08
360633,0.07
360640,0.05
360643,0.17
360645,0.01
360663,0.06
360666,0.04
360678,0.04
360683,0.04
360707,0.19
360715,0.06
360723,0.16
360727,0.02
360733,0.15
360746,0.08
360759,0.03
360767,0.06
360769,0.04
360770,0.02
360779,0.07
360791,0.05
360792,0.06
360801,0.1
360812,0.07
360814,0.02
360828,0.06
360830,0.17
360837,0.02
360838,0.14
360844,0.05
360860,0.01
360864,0.1
360871,0.02
360872,0.08
360877,0.16
360880,0.06
360881,0.01
360882,0.07
360884,0.03
360885,0.07
360889,0.22
360893,0.06
360898,0.07
360933,0.19
360941,0.1
360942,0.09
360943,0.01
360960,0.08
360973,0.15
360979,0.09
360987,0.13
360988,0.02
360999,0.15
361001,0.03
361005,0.11
361007,0.12
361024,0.04
361028,0.07
361051,0.09
361072,0.11
361086,0.11
361093,0.19
361098,0.03
361124,0.02
361130,0.05
361132,0.09
361133,0.05
361135,0.1
361148,0.22
361150,0.02
361152,0.04
361154,0.08
361158,0.05
361171,0.12
361175,0.1
361177,0.04
361195,0.04
361200,0.08
361203,0.2
361205,0.06
361214,0.07
361217,0.08
361226,0.06
361232,0.07
361236,0.11
361249,0.04
361251,0.18
361252,0.05
361284,0.06
361289,0.05
361297,0.05
361304,0.15
361311,0.12
361334,0.21
361339,0.07
361340,0.07
361348,0.1
361352,0.01
361354,0.18
361355,0.08
361370,0.08
361390,0.03
361392,0.04
361397,0.16
361402,0.03
361405,0.11
361406,0.02
361426,0.04
361431,0.12
361440,0.03
361451,0.09
361469,0.28
361473,0.07
361497,0.08
361511,0.0
361515,0.0
361525,0.03
361540,0.15
361557,0.1
361560,0.02
361565,0.01
361569,0.02
361570,0.02
361578,0.01
361580,0.12
361585,0.04
361589,0.07
361591,0.07
361599,0.12
361603,0.07
361605,0.06
361606,0.11
361615,0.11
361622,0.06
361627,0.04
361632,0.17
361636,0.11
361637,0.06
361638,0.09
361639,0.01
361651,0.06
361662,0.14
361684,0.02
361693,0.14
361697,0.06
361710,0.04
361713,0.21
361729,0.05
361785,0.04
361796,0.15
361805,0.08
361811,0.11
361812,0.07
361819,0.25
361828,0.01
361833,0.07
361836,0.08
361839,0.02
361855,0.02
361866,0.07
361870,0.05
361873,0.07
361885,0.13
361896,0.06
361913,0.09
361919,0.02
361932,0.15
361933,0.04
361935,0.11
361939,0.03
361946,0.0
361947,0.1
361949,0.14
361951,0.13
361962,0.1
361972,0.04
361975,0.02
361989,0.07
362004,0.05
362012,0.09
362014,0.12
362016,0.08
362028,0.05
362033,0.05
362034,0.18
362038,0.03
362052,0.02
362061,0.06
362063,0.07
362070,0.09
362072,0.07
362075,0.14
362079,0.04
362086,0.06
362091,0.15
362094,0.1
362101,0.01
362112,0.03
362115,0.22
362117,0.06
362121,0.27
362128,0.04
362130,0.04
362135,0.04
362142,0.04
362146,0.1
362149,0.12
362157,0.01
362165,0.03
362166,0.05
362167,0.03
362173,0.08
362187,0.08
362197,0.06
362206,0.1
362207,0.04
362210,0.04
362216,0.09
362219,0.17
362221,0.18
362224,0.07
362228,0.05
362236,0.04
362242,0.04
362251,0.02
362252,0.04
362257,0.1
362284,0.05
362286,0.06
362298,0.11
362300,0.17
362306,0.04
362308,0.16
362315,0.03
362318,0.11
362322,0.05
362332,0.09
362338,0.12
362341,0.16
362347,0.19
362348,0.06
362361,0.18
362365,0.04
362369,0.29
362373,0.02
362376,0.11
362384,0.08
362386,0.06
362387,0.05
362389,0.09
362393,0.11
362412,0.03
362420,0.06
362426,0.05
362432,0.08
362445,0.39
362450,0.03
362452,0.14
362465,0.04
362468,0.12
362474,0.03
362484,0.02
362487,0.07
362512,0.32
362530,0.05
362531,0.06
362552,0.08
362555,0.13
362556,0.06
362563,0.11
362572,0.03
362579,0.04
362580,0.1
362597,0.05
362635,0.09
362637,0.08
362641,0.16
362652,0.08
362657,0.03
362660,0.07
362661,0.05
362671,0.03
362675,0.15
362680,0.05
362682,0.01
362685,0.08
362697,0.03
362700,0.18
362702,0.06
362705,0.11
362707,0.08
362710,0.12
362711,0.21
362718,0.09
362723,0.02
362730,0.05
362742,0.12
362781,0.03
362789,0.2
362790,0.07
362795,0.04
362799,0.1
362800,0.09
362803,0.07
362808,0.11
362814,0.07
362820,0.14
362826,0.05
362831,0.05
362833,0.03
362839,0.13
362852,0.07
362872,0.07
362882,0.17
362885,0.18
362889,0.02
362890,0.09
362891,0.01
362900,0.08
362907,0.09
362908,0.03
362953,0.04
362967,0.15
362982,0.09
363015,0.05
363027,0.03
363035,0.01
363039,0.14
363045,0.03
363048,0.09
363057,0.27
363059,0.14
363063,0.04
363080,0.03
363082,0.28
363090,0.11
363094,0.12
363106,0.05
363114,0.22
363118,0.28
363121,0.07
363128,0.03
363136,0.04
363141,0.03
363142,0.04
363147,0.03
363151,0.09
363153,0.02
363158,0.02
363171,0.06
363174,0.09
363180,0.03
363187,0.03
363191,0.06
363192,0.09
363196,0.03
363199,0.08
363209,0.15
363210,0.12
363212,0.08
363227,0.05
363231,0.16
363232,0.04
363243,0.1
363253,0.07
363285,0.01
363299,0.02
363310,0.09
363311,0.1
363316,0.21
363322,0.16
363329,0.02
363331,0.13
363334,0.02
363339,0.06
363340,0.22
363341,0.11
363343,0.22
363347,0.02
363350,0.07
363377,0.11
363379,0.06
363382,0.06
363386,0.08
363387,0.06
363388,0.02
363391,0.01
363394,0.04
363397,0.05
363405,0.06
363422,0.04
363427,0.1
363455,0.12
363467,0.12
363493,0.14
363508,0.1
363514,0.17
363525,0.14
363530,0.09
363531,0.07
363538,0.14
363539,0.02
363542,0.14
363543,0.09
363551,0.29
363568,0.1
363576,0.15
363580,0.1
363582,0.1
363598,0.06
363601,0.01
363611,0.06
363612,0.01
363618,0.06
363623,0.13
363624,0.19
363642,0.01
363645,0.16
363651,0.17
363657,0.07
363663,0.14
363667,0.03
363687,0.09
363704,0.03
363705,0.09
363717,0.07
363725,0.02
363728,0.02
363733,0.07
363744,0.08
363745,0.06
363756,0.05
363759,0.08
363760,0.08
363762,0.05
363768,0.05
363777,0.11
363782,0.04
363785,0.04
363797,0.05
363815,0.03
363822,0.02
363834,0.07
363842,0.1
363845,0.28
363846,0.05
363849,0.02
363850,0.04
363853,0.06
363859,0.04
363860,0.05
363877,0.02
363881,0.03
363893,0.03
363902,0.21
363903,0.04
363916,0.05
363924,0.08
363940,0.04
363944,0.08
363955,0.18
363960,0.0
363984,0.05
363990,0.06
364009,0.09
364014,0.26
364035,0.07
364043,0.0
364065,0.06
364067,0.07
364068,0.07
364072,0.19
364079,0.08
364094,0.21
364096,0.02
364105,0.05
364109,0.04
364122,0.16
364141,0.09
364146,0.24
364147,0.01
364151,0.17
364152,0.0
364156,0.07
364160,0.1
364171,0.07
364183,0.04
364199,0.01
364206,0.04
364220,0.11
364222,0.05
364224,0.06
364232,0.14
364248,0.06
364251,0.05
364274,0.03
364286,0.05
364289,0.04
364290,0.04
364291,0.05
364292,0.04
364308,0.08
364310,0.13
364311,0.02
364312,0.21
364314,0.15
364337,0.11
364339,0.09
364357,0.41
364359,0.12
364371,0.08
364374,0.12
364378,0.05
364382,0.11
364397,0.01
364401,0.08
364403,0.03
364411,0.12
364413,0.1
364414,0.02
364415,0.07
364418,0.05
364428,0.03
364430,0.02
364436,0.24
364451,0.05
364457,0.1
364461,0.24
364471,0.15
364472,0.06
364481,0.25
364482,0.11
364484,0.28
364492,0.16
364494,0.03
364507,0.07
364508,0.08
364537,0.02
364538,0.06
364539,0.25
364547,0.17
364561,0.12
364586,0.09
364603,0.03
364622,0.07
364660,0.02
364662,0.06
364669,0.11
364698,0.09
364699,0.04
364700,0.02
364702,0.13
364710,0.2
364714,0.06
364731,0.09
364738,0.04
364739,0.06
364743,0.06
364762,0.13
364767,0.09
364775,0.02
364781,0.14
364783,0.03
364796,0.02
364810,0.17
364815,0.17
364823,0.03
364826,0.05
364837,0.06
364839,0.13
364844,0.05
364851,0.16
364853,0.11
364854,0.09
364858,0.04
364872,0.12
364875,0.08
364877,0.13
364878,0.04
364884,0.04
364907,0.09
364911,0.08
364916,0.07
364920,0.03
364927,0.02
364944,0.1
364948,0.08
364950,0.07
364953,0.02
364955,0.05
364959,0.03
364966,0.13
364971,0.09
364979,0.1
364980,0.12
364982,0.18
364984,0.06
364993,0.06
365001,0.01
365030,0.06
365035,0.07
365044,0.0
365046,0.07
365050,0.02
365051,0.15
365054,0.16
365055,0.03
365064,0.12
365069,0.16
365092,0.03
365102,0.03
365109,0.07
365110,0.09
365117,0.02
365120,0.05
365128,0.13
365131,0.16
365136,0.03
365151,0.06
365153,0.11
365154,0.06
365160,0.05
365166,0.04
365171,0.02
365181,0.12
365194,0.17
365210,0.09
365221,0.16
365234,0.05
365252,0.11
365254,0.2
365264,0.07
365276,0.06
365282,0.08
365284,0.08
365290,0.02
365317,0.12
365329,0.19
365353,0.05
365356,0.11
365358,0.09
365374,0.12
365392,0.04
365396,0.04
365408,0.11
365412,0.03
365429,0.01
365431,0.09
365435,0.05
365439,0.1
365473,0.03
365476,0.11
365486,0.08
365497,0.05
365518,0.12
365519,0.05
365520,0.16
365523,0.11
365531,0.08
365532,0.07
365534,0.06
365544,0.1
365552,0.12
365564,0.06
365569,0.09
365570,0.07
365575,0.37
365576,0.13
365585,0.2
365595,0.07
365612,0.08
365613,0.16
365624,0.04
365631,0.07
365634,0.04
365643,0.02
365644,0.07
365663,0.08
365666,0.07
365672,0.07
365676,0.19
365680,0.06
365696,0.11
365699,0.14
365706,0.07
365707,0.03
365711,0.04
365716,0.05
365717,0.09
365718,0.01
365757,0.1
365770,0.0
365776,0.03
365781,0.14
365784,0.08
365787,0.03
365805,0.08
365820,0.01
365831,0.15
365836,0.09
365837,0.1
365859,0.43
365861,0.04
365863,0.07
365872,0.03
365877,0.05
365882,0.12
365893,0.13
365894,0.07
365900,0.09
365910,0.12
365913,0.06
365916,0.08
365923,0.08
365946,0.23
365948,0.11
365951,0.0
365965,0.06
365966,0.1
365975,0.05
365979,0.34
365989,0.13
365991,0.32
365992,0.04
366001,0.13
366010,0.12
366013,0.11
366028,0.13
366036,0.02
366038,0.05
366044,0.0
366048,0.12
366060,0.03
366067,0.11
366071,0.14
366078,0.08
366081,0.04
366082,0.01
366093,0.1
366099,0.06
366103,0.04
366105,0.15
366111,0.14
366112,0.07
366125,0.1
366144,0.08
366147,0.11
366149,0.24
366166,0.06
366168,0.24
366173,0.07
366178,0.07
366180,0.1
366209,0.01
366213,0.12
366214,0.11
366215,0.07
366220,0.07
366226,0.03
366230,0.29
366236,0.17
366245,0.05
366282,0.07
366286,0.04
366295,0.03
366296,0.03
366297,0.11
366300,0.04
366303,0.03
366307,0.2
366314,0.1
366320,0.01
366321,0.05
366327,0.03
366330,0.01
366332,0.08
366334,0.02
366341,0.08
366363,0.1
366367,0.18
366369,0.17
366382,0.02
366394,0.15
366396,0.01
366398,0.2
366406,0.1
366414,0.01
366417,0.05
366419,0.05
366422,0.01
366436,0.05
366442,0.23
366451,0.14
366455,0.04
366458,0.08
366460,0.09
366466,0.06
366473,0.05
366502,0.1
366505,0.28
366526,0.13
366530,0.24
366532,0.03
366539,0.07
366541,0.15
366542,0.11
366553,0.04
366571,0.06
366582,0.01
366583,0.09
366589,0.21
366595,0.11
366606,0.07
366611,0.12
366613,0.1
366615,0.09
366616,0.17
366624,0.17
366632,0.05
366649,0.06
366650,0.07
366657,0.02
366664,0.07
366666,0.11
366674,0.15
366676,0.06
366677,0.06
366688,0.05
366689,0.09
366693,0.05
366696,0.1
366698,0.08
366700,0.08
366703,0.28
366709,0.1
366711,0.02
366725,0.03
366741,0.02
366742,0.01
366747,0.02
366750,0.02
366754,0.11
366762,0.09
366774,0.07
366781,0.04
366784,0.1
366789,0.06
366790,0.12
366797,0.08
366806,0.11
366820,0.03
366845,0.2
366858,0.17
366860,0.05
366874,0.07
366876,0.16
366879,0.09
366884,0.11
366886,0.11
366905,0.11
366908,0.1
366909,0.13
366917,0.04
366921,0.11
366927,0.06
366936,0.11
366952,0.08
366962,0.24
366964,0.1
366965,0.12
366981,0.04
366988,0.02
366992,0.01
366998,0.21
366999,0.08
367017,0.01
367023,0.03
367024,0.09
367025,0.17
367037,0.04
367040,0.12
367043,0.03
367052,0.18
367056,0.06
367064,0.14
367075,0.01
367089,0.11
367098,0.09
367119,0.02
367124,0.08
367134,0.17
367136,0.09
367138,0.05
367153,0.01
367158,0.08
367169,0.07
367179,0.05
367180,0.05
367212,0.04
367216,0.29
367217,0.05
367220,0.04
367224,0.11
367241,0.1
367245,0.19
367256,0.12
367266,0.02
367283,0.03
367290,0.03
367295,0.02
367310,0.07
367315,0.16
367322,0.18
367332,0.06
367338,0.1
367347,0.13
367381,0.08
367383,0.14
367386,0.05
367392,0.0
367399,0.29
367411,0.06
367414,0.03
367436,0.03
367439,0.08
367440,0.16
367465,0.15
367466,0.24
367478,0.11
367479,0.08
367481,0.06
367505,0.07
367515,0.07
367516,0.03
367526,0.14
367527,0.07
367533,0.15
367535,0.07
367545,0.19
367546,0.04
367547,0.04
367555,0.07
367557,0.12
367558,0.14
367573,0.04
367580,0.25
367581,0.05
367582,0.12
367588,0.05
367601,0.05
367617,0.11
367624,0.16
367626,0.07
367632,0.03
367651,0.02
367663,0.06
367674,0.09
367677,0.26
367678,0.04
367691,0.02
367698,0.04
367710,0.12
367712,0.13
367727,0.13
367739,0.11
367740,0.1
367746,0.09
367759,0.03
367770,0.26
367780,0.03
367783,0.15
367787,0.06
367791,0.07
367797,0.06
367799,0.16
367811,0.01
367817,0.02
367827,0.13
367829,0.15
367830,0.12
367837,0.18
367843,0.09
367847,0.11
367849,0.13
367854,0.03
367855,0.04
367862,0.02
367863,0.03
367868,0.06
367873,0.14
367879,0.04
367889,0.14
367890,0.12
367892,0.03
367893,0.04
367895,0.07
367896,0.01
367898,0.01
367903,0.06
367906,0.1
367919,0.04
367927,0.02
367931,0.16
367935,0.16
367945,0.05
367947,0.19
367952,0.1
367958,0.06
367971,0.03
367975,0.19
367983,0.14
367994,0.08
367998,0.1
367999,0.06
368005,0.09
368029,0.08
368034,0.01
368036,0.04
368041,0.03
368064,0.06
368066,0.06
368079,0.14
368082,0.07
368090,0.09
368092,0.07
368097,0.06
368107,0.1
368127,0.05
368129,0.15
368134,0.15
368150,0.08
368166,0.13
368172,0.06
368179,0.0
368185,0.16
368193,0.07
368207,0.09
368251,0.04
368253,0.03
368256,0.12
368257,0.08
368263,0.13
368271,0.11
368273,0.02
368279,0.03
368281,0.24
368282,0.21
368288,0.11
368303,0.06
368315,0.14
368323,0.01
368324,0.02
368326,0.01
368334,0.02
368337,0.03
368351,0.05
368353,0.24
368358,0.1
368389,0.04
368392,0.18
368393,0.04
368415,0.11
368424,0.05
368436,0.01
368448,0.03
368456,0.09
368457,0.05
368465,0.1
368484,0.04
368485,0.2
368487,0.18
368489,0.11
368493,0.06
368509,0.05
368513,0.02
368523,0.09
368530,0.04
368539,0.05
368543,0.19
368544,0.02
368557,0.13
368561,0.01
368577,0.1
368579,0.02
368580,0.1
368583,0.05
368589,0.03
368594,0.06
368598,0.06
368621,0.07
368622,0.16
368627,0.05
368628,0.08
368633,0.15
368638,0.13
368645,0.09
368646,0.19
368652,0.03
368659,0.12
368672,0.19
368679,0.1
368683,0.13
368697,0.01
368702,0.28
368707,0.06
368715,0.25
368740,0.04
368754,0.04
368765,0.1
368770,0.07
368777,0.17
368780,0.06
368782,0.16
368784,0.21
368790,0.08
368792,0.06
368793,0.04
368811,0.03
368816,0.1
368819,0.05
368843,0.01
368853,0.05
368857,0.12
368858,0.1
368887,0.11
368898,0.05
368909,0.11
368919,0.03
368930,0.02
368944,0.05
368949,0.19
368953,0.1
368956,0.09
368959,0.06
368968,0.12
368971,0.05
368974,0.08
368975,0.05
368983,0.01
368991,0.07
368994,0.06
369001,0.1
369004,0.06
369016,0.0
369030,0.01
369047,0.06
369055,0.11
369067,0.03
369068,0.09
369096,0.07
369103,0.06
369105,0.09
369107,0.22
369109,0.09
369130,0.08
369133,0.08
369144,0.13
369150,0.11
369152,0.06
369156,0.04
369180,0.09
369183,0.11
369184,0.21
369186,0.04
369187,0.06
369200,0.01
369201,0.03
369220,0.04
369223,0.01
369233,0.04
369240,0.17
369254,0.04
369264,0.08
369266,0.09
369272,0.09
369283,0.05
369295,0.07
369300,0.02
369302,0.06
369305,0.09
369322,0.02
369334,0.19
369350,0.04
369355,0.1
369361,0.05
369367,0.03
369371,0.03
369373,0.08
369375,0.16
369385,0.01
369394,0.03
369398,0.06
369408,0.04
369413,0.21
369419,0.06
369424,0.08
369439,0.04
369466,0.16
369482,0.03
369494,0.03
369504,0.02
369512,0.09
369528,0.09
369531,0.09
369540,0.09
369547,0.02
369565,0.03
369569,0.04
369581,0.09
369583,0.09
369593,0.07
369601,0.13
369608,0.02
369612,0.28
369615,0.09
369621,0.17
369636,0.04
369648,0.2
369649,0.37
369651,0.02
369659,0.0
369666,0.03
369684,0.04
369686,0.12
369698,0.15
369701,0.07
369712,0.05
369717,0.05
369722,0.09
369732,0.34
369740,0.3
369751,0.06
369755,0.02
369757,0.04
369761,0.12
369767,0.1
369782,0.08
369788,0.05
369790,0.08
369791,0.02
369792,0.12
369803,0.01
369812,0.0
369813,0.21
369827,0.03
369835,0.05
369838,0.07
369839,0.03
369843,0.09
369846,0.05
369860,0.01
369870,0.19
369871,0.4
369872,0.06
369884,0.08
369893,0.08
369901,0.05
369904,0.04
369908,0.21
369910,0.02
369911,0.06
369919,0.04
369920,0.09
369921,0.05
369931,0.28
369935,0.04
369936,0.06
369948,0.14
369953,0.03
369955,0.14
369961,0.08
369964,0.04
369967,0.07
369971,0.21
369983,0.11
369993,0.16
369995,0.17
370012,0.08
370022,0.06
370023,0.08
370027,0.03
370030,0.07
370033,0.13
370037,0.14
370051,0.06
370055,0.07
370077,0.07
370088,0.11
370091,0.07
370114,0.05
370117,0.2
370120,0.24
370122,0.06
370128,0.17
370135,0.08
370144,0.06
370146,0.29
370148,0.03
370150,0.03
370155,0.07
370164,0.03
370179,0.06
370188,0.11
370190,0.04
370199,0.04
370203,0.15
370213,0.04
370216,0.03
370219,0.01
370220,0.21
370224,0.0
370230,0.14
370254,0.12
370255,0.06
370265,0.22
370273,0.05
370288,0.1
370295,0.17
370297,0.1
370319,0.16
370323,0.04
370329,0.07
370330,0.04
370333,0.09
370346,0.11
370354,0.11
370355,0.06
370358,0.2
370362,0.03
370373,0.06
370376,0.0
370379,0.02
370380,0.08
370386,0.03
370392,0.11
370411,0.01
370416,0.04
370432,0.05
370439,0.01
370440,0.05
370445,0.05
370446,0.02
370455,0.18
370473,0.02
370474,0.04
370475,0.05
370482,0.23
370489,0.02
370512,0.0
370518,0.18
370522,0.07
370533,0.0
370538,0.14
370551,0.02
370552,0.11
370556,0.03
370566,0.02
370568,0.05
370573,0.06
370575,0.06
370578,0.11
370582,0.12
370596,0.14
370597,0.02
370599,0.08
370602,0.07
370609,0.06
370632,0.07
370634,0.21
370646,0.09
370666,0.25
370670,0.07
370672,0.01
370675,0.08
370676,0.21
370682,0.0
370685,0.09
370697,0.05
370699,0.06
370701,0.04
370711,0.21
370719,0.05
370728,0.13
370731,0.09
370735,0.07
370749,0.11
370753,0.14
370757,0.01
370763,0.19
370770,0.08
370779,0.06
370794,0.05
370805,0.0
370806,0.09
370808,0.08
370814,0.04
370827,0.26
370833,0.08
370844,0.12
370845,0.03
370850,0.15
370853,0.03
370856,0.08
370858,0.17
370862,0.15
370866,0.23
370874,0.21
370876,0.05
370878,0.12
370881,0.06
370882,0.14
370884,0.11
370887,0.07
370904,0.16
370905,0.04
370913,0.11
370915,0.06
370921,0.07
370922,0.02
370932,0.13
370939,0.1
370953,0.09
370964,0.03
370968,0.04
370969,0.04
370972,0.03
370978,0.02
371000,0.07
371001,0.12
371013,0.04
371053,0.01
371059,0.03
371060,0.09
371065,0.09
371069,0.03
371073,0.12
371084,0.16
371085,0.08
371088,0.1
371099,0.03
371115,0.02
371118,0.28
371127,0.21
371132,0.13
371136,0.05
371139,0.08
371152,0.08
371161,0.02
371162,0.09
371174,0.01
371176,0.07
371182,0.0
371185,0.09
371193,0.1
371197,0.02
371198,0.05
371202,0.03
371207,0.19
371211,0.23
371242,0.03
371243,0.11
371244,0.1
371255,0.13
371258,0.02
371259,0.22
371265,0.03
371274,0.04
371275,0.15
371288,0.07
371291,0.16
371295,0.25
371314,0.07
371322,0.14
371323,0.07
371328,0.1
371332,0.02
371333,0.11
371335,0.03
371342,0.06
371350,0.03
371357,0.14
371365,0.04
371383,0.14
371384,0.03
371385,0.08
371393,0.21
371394,0.1
371397,0.02
371417,0.08
371431,0.05
371433,0.05
371437,0.02
371439,0.31
371445,0.02
371452,0.08
371457,0.02
371469,0.06
371470,0.08
371477,0.05
371500,0.03
371504,0.09
371508,0.05
371514,0.03
371518,0.13
371520,0.16
371521,0.07
371522,0.03
371525,0.04
371530,0.05
371532,0.01
371548,0.12
371561,0.03
371566,0.19
371568,0.07
371571,0.01
371573,0.08
371577,0.25
371587,0.17
371592,0.12
371593,0.16
371595,0.04
371603,0.04
371614,0.03
371616,0.05
371619,0.08
371627,0.29
371641,0.06
371657,0.06
371664,0.04
371693,0.13
371698,0.02
371700,0.02
371707,0.11
371710,0.06
371715,0.11
371722,0.07
371731,0.03
371741,0.03
371744,0.18
371753,0.02
371755,0.02
371760,0.06
371773,0.1
371797,0.04
371807,0.12
371809,0.1
371811,0.02
371815,0.04
371822,0.07
371824,0.11
371828,0.07
371835,0.04
371837,0.03
371840,0.14
371849,0.14
371857,0.02
371860,0.15
371862,0.04
371875,0.07
371896,0.21
371898,0.08
371901,0.21
371903,0.13
371908,0.07
371910,0.05
371944,0.18
371947,0.01
371955,0.07
371963,0.05
371972,0.26
371973,0.05
371978,0.01
371980,0.01
371988,0.1
372020,0.05
372043,0.06
372060,0.06
372070,0.06
372082,0.03
372085,0.09
372090,0.09
372091,0.38
372112,0.03
372115,0.09
372132,0.07
372134,0.28
372136,0.07
372142,0.04
372145,0.04
372146,0.12
372159,0.03
372172,0.01
372179,0.24
372183,0.05
372184,0.04
372192,0.02
372234,0.14
372239,0.12
372244,0.04
372268,0.22
372287,0.07
372289,0.07
372292,0.06
372301,0.04
372315,0.1
372316,0.23
372328,0.2
372337,0.06
372347,0.22
372350,0.15
372381,0.13
372382,0.07
372384,0.09
372393,0.08
372398,0.15
372399,0.08
372400,0.03
372402,0.04
372410,0.1
372415,0.06
372425,0.05
372428,0.08
372430,0.03
372431,0.1
372449,0.01
372452,0.01
372453,0.01
372460,0.18
372463,0.34
372471,0.13
372484,0.08
372486,0.09
372489,0.11
372506,0.12
372513,0.03
372527,0.24
372568,0.17
372596,0.06
372606,0.02
372617,0.03
372618,0.03
372622,0.03
372624,0.15
372633,0.03
372637,0.06
372643,0.09
372644,0.1
372656,0.19
372662,0.05
372664,0.02
372666,0.03
372672,0.08
372674,0.09
372693,0.07
372704,0.07
372719,0.05
372727,0.09
372740,0.06
372745,0.08
372753,0.06
372762,0.04
372764,0.11
372771,0.15
372772,0.11
372789,0.08
372793,0.12
372799,0.02
372806,0.35
372809,0.1
372829,0.13
372848,0.03
372850,0.02
372853,0.1
372854,0.09
372858,0.14
372861,0.06
372863,0.15
372876,0.11
372878,0.05
372893,0.19
372894,0.05
372911,0.08
372912,0.13
372924,0.17
372942,0.04
372946,0.23
372955,0.06
372956,0.09
372957,0.06
372984,0.19
372993,0.1
372995,0.24
372997,0.08
373014,0.09
373018,0.14
373022,0.02
373023,0.01
373029,0.04
373063,0.07
373071,0.17
373075,0.18
373088,0.03
373089,0.05
373098,0.05
373101,0.16
373112,0.07
373114,0.08
373118,0.2
373120,0.21
373121,0.1
373122,0.03
373138,0.13
373145,0.03
373153,0.05
373154,0.25
373155,0.01
373159,0.15
373167,0.11
373190,0.06
373195,0.14
373202,0.05
373205,0.03
373209,0.04
373215,0.12
373222,0.09
373239,0.07
373240,0.11
373247,0.08
373251,0.08
373260,0.04
373284,0.06
373286,0.03
373292,0.05
373297,0.01
373299,0.16
373305,0.12
373307,0.12
373323,0.05
373327,0.07
373328,0.04
373363,0.05
373390,0.04
373396,0.01
373407,0.07
373413,0.09
373437,0.13
373445,0.05
373448,0.03
373458,0.08
373464,0.14
373472,0.22
373474,0.08
373475,0.05
373480,0.07
373484,0.15
373491,0.12
373493,0.11
373504,0.02
373537,0.06
373542,0.06
373545,0.13
373554,0.05
373559,0.27
373560,0.11
373562,0.15
373565,0.12
373573,0.04
373577,0.14
373591,0.15
373592,0.09
373596,0.03
373598,0.05
373600,0.13
373605,0.01
373607,0.03
373616,0.13
373618,0.05
373624,0.03
373630,0.09
373631,0.04
373634,0.1
373646,0.05
373651,0.07
373669,0.17
373682,0.07
373716,0.07
373751,0.2
373756,0.2
373757,0.17
373767,0.06
373778,0.11
373780,0.05
373781,0.09
373796,0.05
373801,0.01
373805,0.09
373811,0.03
373815,0.01
373820,0.15
373833,0.03
373839,0.09
373841,0.03
373871,0.04
373875,0.21
373893,0.05
373894,0.28
373898,0.11
373899,0.3
373908,0.12
373909,0.11
373911,0.07
373918,0.07
373927,0.04
373938,0.12
373943,0.14
373946,0.04
373948,0.18
373953,0.1
373956,0.17
373984,0.0
373985,0.02
373986,0.24
374002,0.06
374014,0.0
374015,0.03
374024,0.05
374029,0.12
374034,0.08
374039,0.0
374042,0.17
374048,0.16
374051,0.07
374054,0.11
374055,0.04
374061,0.08
374075,0.12
374087,0.01
374101,0.08
374103,0.23
374114,0.18
374116,0.11
374119,0.06
374121,0.17
374133,0.05
374134,0.01
374140,0.04
374141,0.05
374145,0.21
374155,0.01
374163,0.23
374169,0.07
374173,0.07
374188,0.1
374199,0.02
374200,0.11
374207,0.04
374225,0.07
374226,0.03
374227,0.2
374249,0.05
374254,0.08
374284,0.01
374293,0.1
374296,0.18
374297,0.03
374298,0.04
374307,0.03
374320,0.14
374322,0.11
374324,0.14
374328,0.09
374334,0.13
374341,0.08
374343,0.19
374346,0.03
374359,0.19
374374,0.07
374381,0.15
374400,0.0
374405,0.15
374409,0.18
374420,0.15
374442,0.1
374443,0.14
374445,0.07
374447,0.19
374452,0.11
374458,0.05
374485,0.02
374487,0.09
374496,0.02
374503,0.06
374518,0.06
374519,0.03
374532,0.01
374534,0.01
374536,0.02
374546,0.04
374559,0.01
374568,0.1
374573,0.04
374582,0.05
374585,0.0
374598,0.1
374606,0.03
374612,0.04
374617,0.07
374619,0.07
374626,0.01
374646,0.04
374653,0.1
374656,0.07
374664,0.02
374666,0.12
374677,0.09
374679,0.07
374682,0.13
374700,0.07
374703,0.09
374705,0.1
374720,0.14
374724,0.13
374731,0.01
374732,0.09
374734,0.11
374759,0.08
374770,0.09
374774,0.06
374777,0.1
374788,0.05
374796,0.17
374799,0.07
374813,0.14
374819,0.01
374826,0.17
374827,0.03
374832,0.15
374837,0.02
374844,0.24
374848,0.16
374853,0.1
374854,0.11
374856,0.06
374864,0.13
374868,0.02
374888,0.01
374891,0.01
374892,0.02
374896,0.08
374909,0.13
374911,0.09
374912,0.03
374913,0.17
374916,0.02
374917,0.06
374923,0.15
374933,0.18
374935,0.07
374940,0.09
374941,0.0
374943,0.09
374951,0.1
374967,0.16
374970,0.15
374990,0.17
374993,0.17
374994,0.11
375015,0.07
375017,0.14
375018,0.06
375021,0.06
375023,0.07
375030,0.08
375038,0.07
375040,0.09
375041,0.1
375052,0.05
375061,0.13
375064,0.05
375076,0.09
375086,0.19
375109,0.02
375118,0.19
375133,0.04
375140,0.12
375156,0.09
375168,0.06
375170,0.16
375182,0.06
375187,0.34
375188,0.1
375197,0.03
375201,0.02
375204,0.09
375216,0.13
375225,0.01
375231,0.04
375234,0.05
375241,0.0
375242,0.2
375244,0.05
375246,0.07
375257,0.04
375290,0.06
375292,0.06
375293,0.07
375295,0.1
375296,0.03
375300,0.1
375322,0.06
375332,0.12
375338,0.12
375342,0.01
375365,0.0
375367,0.05
375384,0.04
375418,0.03
375464,0.12
375477,0.07
375485,0.0
375496,0.0
375534,0.1
375544,0.06
375556,0.1
375588,0.09
375589,0.03
375594,0.17
375629,0.17
375649,0.09
375654,0.12
375696,0.07
375758,0.0
375795,0.35
375843,0.05
375844,0.01
375853,0.14
375878,0.05
375879,0.01
375883,0.05
375887,0.21
375929,0.09
375934,0.02
375936,0.16
375937,0.01
375948,0.07
375951,0.05
375953,0.07
375964,0.12
375969,0.05
375970,0.07
375973,0.27
375976,0.13
375997,0.08
376000,0.07
376011,0.01
376019,0.01
376035,0.09
376036,0.03
376041,0.07
376042,0.04
376045,0.03
376047,0.07
376060,0.02
376061,0.19
376067,0.16
376068,0.08
376070,0.09
376074,0.03
376075,0.04
376076,0.09
376078,0.08
376080,0.04
376081,0.02
376082,0.04
376083,0.15
376084,0.11
376086,0.06
376087,0.0
376088,0.07
376089,0.2
376090,0.1
376091,0.04
376092,0.04
376093,0.09
376094,0.18
376095,0.13
376096,0.41
376097,0.09
376098,0.1
376206,0.0
376209,0.14
376225,0.11
376239,0.07
376247,0.04
376248,0.04
376252,0.07
376257,0.15
376273,0.07
376274,0.03
376275,0.01
376279,0.03
376283,0.11
376284,0.03
376288,0.05
376289,0.09
376292,0.03
376298,0.07
376301,0.03
376311,0.02
376312,0.06
376313,0.12
376316,0.06
376317,0.05
376319,0.05
376320,0.25
376321,0.08
376322,0.08
376325,0.17
376326,0.11
376328,0.11
376329,0.08
376330,0.06
376332,0.06
376334,0.11
376335,0.14
376336,0.06
376337,0.05
376338,0.19
376339,0.04
376340,0.14
376341,0.21
376343,0.07
376344,0.13
376345,0.03
376346,0.21
376347,0.23
376348,0.08
376349,0.14
376350,0.08
376351,0.1
376352,0.01
376353,0.06
376354,0.03
376355,0.01
376356,0.11
376357,0.01
376360,0.05
376445,0.26
376447,0.09
376449,0.19
376470,0.02
376483,0.11
376484,0.03
376486,0.09
376487,0.02
376488,0.06
376491,0.11
376492,0.04
376494,0.23
376495,0.19
376496,0.06
376497,0.23
376498,0.06
376502,0.05
376503,0.17
376504,0.12
376506,0.06
376509,0.12
376515,0.04
376517,0.02
376518,0.2
376519,0.14
376520,0.02
376521,0.05
376522,0.07
376523,0.11
376524,0.03
376527,0.07
376530,0.05
376531,0.17
376532,0.11
376533,0.09
376534,0.08
376535,0.06
376537,0.15
376538,0.04
376539,0.08
376546,0.18
376594,0.05
376595,0.04
376614,0.05
376616,0.08
376617,0.04
376618,0.09
376619,0.07
376620,0.04
376627,0.07
376630,0.01
376631,0.08
376632,0.05
376633,0.03
376635,0.12
376636,0.19
376637,0.09
376639,0.19
376640,0.01
376642,0.07
376643,0.04
376644,0.03
376645,0.02
376646,0.09
376648,0.09
376650,0.01
376651,0.03
376652,0.28
376732,0.04
376733,0.04
376734,0.06
376756,0.09
376804,0.04
376856,0.25
376869,0.02
376893,0.04
377045,0.1
377088,0.09
377137,0.13
377138,0.05
377159,0.04
377176,0.08
377201,0.08
377226,0.18
377335,0.03
377358,0.27
377362,0.08
377363,0.03
377389,0.11
377426,0.15
377427,0.18
377429,0.04
377441,0.04
377449,0.04
377450,0.17
377458,0.15
377472,0.17
377541,0.36
377567,0.12
377573,0.04
377605,0.15
377611,0.12
377622,0.04
377631,0.07
377657,0.05
377681,0.08
377711,0.0
377717,0.22
377720,0.11
377721,0.19
377723,0.09
377727,0.04
377729,0.04
377733,0.05
377735,0.1
377736,0.02
377737,0.09
377738,0.09
377750,0.18
377751,0.12
377753,0.05
377754,0.17
377755,0.1
377756,0.1
377757,0.26
377758,0.08
377759,0.09
377760,0.04
377761,0.12
377762,0.05
377763,0.02
377764,0.09
377765,0.22
377766,0.11
377767,0.02
377768,0.02
377771,0.18
377772,0.02
377773,0.04
377774,0.05
377775,0.07
377776,0.01
377778,0.02
377779,0.06
377780,0.0
377781,0.06
377782,0.04
377783,0.05
377784,0.05
377785,0.03
377786,0.06
377862,0.12
377871,0.03
377930,0.05
377970,0.06
377987,0.09
377988,0.08
377990,0.05
377992,0.17
377995,0.02
378005,0.05
378006,0.02
378011,0.09
378018,0.14
378019,0.05
378023,0.17
378025,0.03
378026,0.08
378027,0.05
378031,0.04
378033,0.03
378034,0.06
378035,0.0
378040,0.14
378041,0.12
378042,0.06
378043,0.09
378044,0.06
378045,0.16
378046,0.01
378047,0.0
378048,0.04
378049,0.02
378051,0.13
378052,0.01
378053,0.07
378054,0.12
378055,0.08
378056,0.09
378057,0.11
378059,0.09
378060,0.06
378061,0.15
378062,0.07
378063,0.07
378065,0.23
378066,0.11
378067,0.09
378068,0.03
378069,0.12
378070,0.08
378096,0.02
378098,0.13
378104,0.04
378105,0.12
378106,0.06
378107,0.13
378108,0.05
378109,0.05
378110,0.05
378111,0.04
378112,0.13
378113,0.09
378114,0.09
378115,0.04
378116,0.12
378117,0.04
378119,0.0
378120,0.12
378121,0.19
378122,0.01
378123,0.15
378124,0.08
378136,0.04
378181,0.04
378184,0.09
378190,0.04
378263,0.08
378300,0.07
378304,0.22
378305,0.07
378311,0.09
378313,0.02
378314,0.11
378317,0.11
378320,0.16
378322,0.05
378325,0.17
378327,0.23
378328,0.13
378329,0.06
378330,0.03
378331,0.08
378334,0.04
378335,0.04
378336,0.04
378339,0.01
378340,0.16
378341,0.12
378342,0.05
378343,0.04
378344,0.01
378345,0.18
378346,0.0
378347,0.27
378348,0.07
378349,0.22
378350,0.12
378351,0.08
378352,0.02
378353,0.02
378354,0.15
378355,0.08
378356,0.18
378427,0.04
378434,0.16
378564,0.05
378671,0.16
378689,0.02
378710,0.26
378755,0.03
378887,0.03
378907,0.18
378924,0.06
378944,0.09
378945,0.17
378991,0.07
379009,0.0
379025,0.16
379046,0.07
379047,0.07
379048,0.15
379052,0.14
379065,0.05
379066,0.15
379076,0.03
379080,0.12
379085,0.25
379086,0.1
379087,0.13
379089,0.03
379094,0.04
379095,0.09
379101,0.07
379102,0.07
379103,0.07
379105,0.11
379108,0.12
379111,0.14
379112,0.06
379113,0.21
379114,0.05
379115,0.05
379116,0.06
379117,0.09
379118,0.05
379119,0.4
379120,0.08
379121,0.04
379123,0.04
379124,0.04
379126,0.13
379127,0.02
379128,0.04
379129,0.09
379131,0.24
379132,0.17
379133,0.11
379134,0.12
379178,0.05
379266,0.01
379268,0.05
379291,0.03
379296,0.07
379301,0.13
379313,0.05
379318,0.11
379319,0.14
379329,0.13
379336,0.23
379348,0.07
379356,0.0
379357,0.11
379363,0.25
379385,0.1
379408,0.07
379432,0.08
379437,0.1
379440,0.01
379456,0.12
379457,0.04
379463,0.18
379464,0.09
379467,0.19
379469,0.08
379470,0.05
379472,0.21
379473,0.05
379474,0.03
379475,0.05
379476,0.16
379481,0.13
379482,0.02
379483,0.04
379484,0.06
379485,0.48
379486,0.04
379487,0.02
379488,0.0
379490,0.08
379491,0.01
379492,0.07
379494,0.05
379495,0.06
379496,0.06
379497,0.04
379500,0.12
379501,0.15
379502,0.1
379503,0.03
379504,0.05
379505,0.1
379506,0.02
379507,0.04
379508,0.1
379509,0.22
379510,0.05
379512,0.01
379513,0.05
379514,0.26
379515,0.14
379516,0.03
379517,0.09
379518,0.05
379520,0.11
379627,0.15
379673,0.13
379674,0.01
379720,0.17
379726,0.06
379730,0.07
379746,0.05
379775,0.1
379776,0.03
379778,0.16
379841,0.05
379921,0.11
379951,0.09
380002,0.17
380003,0.12
380005,0.02
380006,0.08
380010,0.03
380012,0.04
380014,0.21
380015,0.1
380017,0.09
380018,0.13
380019,0.01
380020,0.04
380022,0.05
380023,0.07
380025,0.11
380026,0.11
380028,0.01
380030,0.06
380031,0.08
380032,0.08
380033,0.01
380034,0.09
380035,0.03
380037,0.01
380038,0.22
380039,0.3
380040,0.26
380064,0.03
380065,0.12
380121,0.08
380122,0.1
380130,0.18
380219,0.07
380228,0.19
380229,0.0
380366,0.07
380408,0.04
380414,0.04
380487,0.02
380488,0.04
380489,0.06
380494,0.01
380543,0.03
380553,0.06
380600,0.01
380625,0.05
380635,0.1
380643,0.13
380762,0.04
380773,0.08
380781,0.22
380785,0.13
380787,0.03
380788,0.09
380789,0.05
380797,0.09
380800,0.03
380802,0.05
380805,0.09
380806,0.05
380807,0.26
380811,0.05
380812,0.02
380815,0.06
380816,0.02
380817,0.07
380819,0.1
380823,0.01
380824,0.04
380825,0.13
380826,0.1
380827,0.22
380828,0.06
380830,0.08
380831,0.1
380832,0.06
380833,0.05
380834,0.11
380836,0.13
380837,0.06
380838,0.08
380839,0.02
380840,0.17
380841,0.13
380879,0.07
380901,0.0
380928,0.02
380956,0.03
380979,0.12
381037,0.01
381047,0.11
381074,0.1
381104,0.03
381121,0.21
381130,0.15
381133,0.07
381139,0.04
381141,0.18
381142,0.03
381145,0.02
381152,0.06
381153,0.18
381154,0.16
381156,0.03
381160,0.05
381164,0.14
381168,0.03
381171,0.07
381173,0.14
381174,0.06
381176,0.07
381178,0.21
381179,0.03
381182,0.15
381185,0.02
381187,0.02
381189,0.06
381190,0.02
381191,0.04
381192,0.14
381193,0.06
381194,0.03
381195,0.04
381198,0.04
381199,0.03
381200,0.06
381201,0.21
381202,0.04
381203,0.28
381204,0.2
381205,0.05
381259,0.01
381288,0.11
381289,0.09
381335,0.11
381344,0.04
381367,0.07
381376,0.02
381381,0.11
381397,0.02
381406,0.01
381412,0.05
381421,0.19
381424,0.05
381427,0.2
381428,0.2
381429,0.08
381430,0.11
381434,0.11
381435,0.09
381436,0.03
381437,0.05
381438,0.21
381439,0.09
381444,0.02
381446,0.05
381447,0.22
381449,0.28
381450,0.06
381453,0.13
381454,0.06
381455,0.18
381456,0.24
381457,0.06
381458,0.11
381459,0.07
381460,0.06
381461,0.16
381462,0.16
381463,0.13
381464,0.21
381465,0.04
381466,0.09
381467,0.15
381468,0.11
381469,0.34
381470,0.01
381471,0.19
381472,0.03
381473,0.08
381475,0.03
381476,0.01
381477,0.13
381478,0.07
381479,0.16
381480,0.14
381481,0.02
381482,0.02
381483,0.09
381495,0.06
381545,0.01
381580,0.06
381657,0.21
381674,0.13
381691,0.05
381697,0.04
381704,0.19
381711,0.17
381721,0.16
381728,0.1
381729,0.08
381734,0.04
381735,0.09
381736,0.13
381740,0.17
381742,0.31
381743,0.14
381744,0.02
381747,0.06
381748,0.22
381749,0.0
381750,0.16
381751,0.07
381752,0.07
381753,0.05
381754,0.12
381755,0.07
381756,0.1
381757,0.06
381758,0.1
381759,0.05
381760,0.11
381761,0.14
381762,0.09
381763,0.01
381764,0.18
381765,0.17
381766,0.03
381767,0.05
381768,0.07
381769,0.03
381770,0.03
381772,0.06
381774,0.07
381777,0.09
381861,0.02
381974,0.04
381991,0.01
382024,0.08
382051,0.14
382066,0.04
382067,0.02
382068,0.1
382107,0.07
382108,0.13
382111,0.04
382113,0.02
382114,0.15
382120,0.03
382121,0.06
382122,0.2
382124,0.15
382126,0.04
382131,0.03
382132,0.05
382135,0.08
382136,0.09
382137,0.04
382138,0.09
382140,0.19
382141,0.1
382142,0.05
382143,0.08
382144,0.08
382145,0.09
382146,0.15
382147,0.04
382149,0.09
382150,0.06
382152,0.07
382153,0.03
382164,0.27
382180,0.07
382239,0.18
382275,0.11
382297,0.06
382391,0.1
382392,0.16
382396,0.09
382424,0.05
382471,0.15
382493,0.01
382496,0.07
382504,0.07
382505,0.06
382513,0.02
382517,0.15
382521,0.08
382528,0.0
382530,0.2
382544,0.13
382603,0.24
382604,0.08
382642,0.05
382666,0.05
382699,0.04
382737,0.09
382792,0.14
382796,0.0
382807,0.08
382813,0.16
382817,0.27
382818,0.08
382826,0.08
382845,0.02
382846,0.06
382850,0.2
382851,0.07
382856,0.13
382858,0.02
382859,0.03
382862,0.01
382863,0.03
382865,0.1
382866,0.11
382868,0.13
382870,0.1
382871,0.25
382872,0.05
382873,0.09
382874,0.36
382875,0.02
382876,0.13
382877,0.07
382878,0.12
382879,0.17
382880,0.0
382882,0.05
382883,0.08
382884,0.02
382885,0.07
382886,0.02
382887,0.15
382989,0.05
383009,0.09
383039,0.04
383068,0.04
383072,0.04
383093,0.05
383099,0.22
383167,0.04
383168,0.05
383170,0.09
383171,0.27
383174,0.07
383175,0.0
383176,0.07
383178,0.01
383181,0.08
383182,0.15
383184,0.03
383186,0.06
383187,0.03
383189,0.01
383190,0.03
383191,0.09
383192,0.1
383194,0.03
383195,0.03
383196,0.02
383197,0.12
383198,0.05
383199,0.06
383200,0.05
383201,0.09
383202,0.11
383203,0.02
383204,0.06
383205,0.06
383206,0.05
383207,0.04
383208,0.08
383279,0.13
383335,0.05
383384,0.07
383394,0.01
383400,0.12
383401,0.07
383409,0.05
383410,0.02
383412,0.17
383414,0.05
383419,0.08
383422,0.04
383425,0.05
383426,0.03
383427,0.05
383428,0.08
383429,0.06
383430,0.15
383431,0.07
383433,0.24
383434,0.01
383435,0.09
383436,0.08
383437,0.09
383438,0.18
383439,0.04
383440,0.04
383441,0.09
383442,0.02
383443,0.05
383444,0.07
383445,0.02
383446,0.11
383447,0.11
383448,0.08
383449,0.03
383450,0.22
383451,0.1
383452,0.02
383453,0.05
383454,0.09
383533,0.1
383583,0.05
383608,0.09
383622,0.08
383673,0.25
383804,0.05
383806,0.08
383812,0.08
383814,0.07
383816,0.06
383825,0.07
383827,0.09
383833,0.04
383841,0.06
383842,0.15
383849,0.15
383859,0.1
383883,0.09
383891,0.22
383910,0.02
383925,0.06
383943,0.2
383946,0.16
383959,0.02
383960,0.1
383961,0.07
383962,0.04
383979,0.1
383985,0.02
383990,0.02
383999,0.06
384001,0.18
384003,0.05
384008,0.05
384019,0.16
384020,0.06
384065,0.12
384102,0.17
384154,0.07
384155,0.17
384171,0.08
384177,0.07
384183,0.11
384186,0.03
384198,0.15
384199,0.04
384201,0.15
384203,0.17
384204,0.05
384205,0.11
384207,0.03
384208,0.01
384209,0.11
384210,0.03
384211,0.06
384212,0.12
384215,0.17
384216,0.06
384220,0.05
384221,0.01
384226,0.04
384273,0.02
384287,0.08
384288,0.03
384332,0.22
384365,0.01
384380,0.07
384392,0.05
384412,0.03
384424,0.13
384428,0.04
384429,0.17
384430,0.01
384434,0.11
384480,0.03
384502,0.23
384503,0.07
384504,0.1
384505,0.03
384508,0.03
384519,0.02
384520,0.21
384524,0.03
384528,0.07
384532,0.01
384539,0.09
384542,0.12
384543,0.11
384544,0.03
384546,0.11
384547,0.05
384548,0.12
384549,0.04
384552,0.29
384554,0.02
384556,0.02
384557,0.05
384558,0.05
384559,0.07
384560,0.13
384561,0.18
384562,0.11
384563,0.06
384564,0.08
384565,0.21
384656,0.02
384657,0.03
384672,0.16
384679,0.12
384680,0.06
384689,0.03
384692,0.04
384695,0.1
384710,0.15
384712,0.01
384715,0.02
384735,0.06
384749,0.03
384751,0.1
384753,0.05
384757,0.02
384759,0.02
384761,0.01
384762,0.06
384765,0.18
384775,0.1
384782,0.18
384794,0.01
384798,0.04
384805,0.04
384807,0.04
384812,0.03
384821,0.03
384834,0.05
384847,0.13
384856,0.04
384857,0.08
384858,0.06
384859,0.06
384860,0.16
384861,0.3
384862,0.11
384863,0.05
384864,0.01
384865,0.06
384866,0.25
384867,0.07
384868,0.05
384869,0.08
384870,0.07
384871,0.11
384873,0.11
384874,0.21
384876,0.06
384877,0.02
384878,0.04
384880,0.04
384881,0.09
384882,0.13
384883,0.04
384884,0.16
384885,0.05
384886,0.12
384887,0.04
384969,0.0
385023,0.06
385049,0.06
385081,0.01
385091,0.06
385092,0.1
385093,0.15
385094,0.02
385106,0.24
385107,0.25
385110,0.15
385111,0.13
385113,0.03
385114,0.1
385115,0.17
385117,0.01
385119,0.02
385120,0.09
385121,0.26
385122,0.02
385123,0.0
385125,0.13
385126,0.04
385127,0.04
385128,0.03
385129,0.07
385130,0.08
385131,0.02
385132,0.05
385133,0.1
385134,0.14
385135,0.04
385136,0.07
385137,0.1
385138,0.03
385139,0.28
385140,0.29
385141,0.01
385142,0.06
385143,0.04
385144,0.11
385145,0.08
385146,0.08
385147,0.06
385149,0.17
385151,0.02
385152,0.08
385153,0.05
385197,0.01
385230,0.05
385231,0.12
385252,0.09
385299,0.04
385351,0.06
385376,0.13
385405,0.08
385452,0.04
385479,0.08
385510,0.05
385522,0.15
385524,0.05
385544,0.13
385563,0.06
385566,0.06
385571,0.05
385585,0.02
385586,0.1
385611,0.13
385621,0.04
385623,0.08
385628,0.31
385633,0.01
385634,0.02
385643,0.06
385650,0.09
385656,0.04
385666,0.05
385693,0.12
385705,0.08
385706,0.01
385835,0.02
385847,0.07
385867,0.24
385871,0.16
385872,0.04
385879,0.03
385883,0.06
385884,0.1
385885,0.06
385889,0.05
385893,0.06
385894,0.06
385898,0.05
385899,0.07
385902,0.1
385903,0.03
385904,0.01
385905,0.22
385906,0.09
385907,0.12
385908,0.14
385909,0.08
385910,0.01
385973,0.1
386003,0.25
386013,0.03
386023,0.0
386065,0.01
386072,0.09
386077,0.24
386135,0.07
386141,0.02
386178,0.17
386198,0.09
386200,0.2
386203,0.07
386223,0.05
386225,0.02
386245,0.02
386250,0.03
386253,0.02
386254,0.07
386255,0.06
386262,0.24
386263,0.03
386264,0.07
386267,0.04
386268,0.05
386276,0.13
386279,0.15
386281,0.03
386282,0.13
386283,0.11
386284,0.02
386285,0.05
386286,0.07
386287,0.02
386288,0.19
386289,0.19
386290,0.06
386292,0.06
386293,0.06
386294,0.03
386295,0.29
386296,0.18
386297,0.09
386299,0.03
386300,0.06
386301,0.03
386302,0.06
386303,0.16
386304,0.18
386305,0.11
386307,0.06
386308,0.09
386309,0.08
386310,0.05
386311,0.06
386347,0.11
386350,0.14
386352,0.07
386365,0.09
386378,0.06
386380,0.03
386399,0.1
386458,0.04
386523,0.05
386531,0.17
386545,0.06
386546,0.11
386547,0.01
386549,0.13
386550,0.08
386551,0.06
386552,0.01
386633,0.09
386647,0.03
386665,0.05
386767,0.1
386773,0.03
386774,0.07
386775,0.02
386777,0.0
386785,0.06
386791,0.04
386792,0.08
386795,0.01
386798,0.1
386803,0.04
386805,0.1
386806,0.17
386808,0.04
386811,0.0
386813,0.04
386814,0.07
386817,0.01
386819,0.03
386820,0.12
386821,0.09
386822,0.35
386824,0.11
386825,0.11
386826,0.07
386827,0.14
386828,0.2
386830,0.06
386831,0.09
386832,0.04
386833,0.16
386834,0.12
386835,0.05
386836,0.0
386837,0.05
386838,0.03
386839,0.17
386840,0.02
386841,0.11
386843,0.15
386844,0.05
386845,0.02
386847,0.03
386848,0.05
386849,0.07
386860,0.16
386938,0.0
386940,0.05
386989,0.06
387021,0.06
387193,0.13
387194,0.11
387286,0.06
387291,0.02
387292,0.11
387324,0.03
387325,0.05
387329,0.01
387331,0.05
387333,0.03
387337,0.15
387341,0.11
387342,0.07
387349,0.15
387350,0.02
387351,0.08
387352,0.05
387353,0.06
387355,0.16
387356,0.06
387357,0.06
387358,0.06
387360,0.14
387361,0.01
387362,0.15
387363,0.03
387364,0.07
387365,0.09
387366,0.03
387367,0.06
387368,0.03
387369,0.11
387370,0.01
387371,0.08
387372,0.06
387377,0.12
387378,0.12
387424,0.02
387440,0.05
387447,0.05
387489,0.1
387501,0.07
387526,0.13
387542,0.04
387543,0.17
387544,0.13
387565,0.02
387572,0.07
387577,0.19
387578,0.09
387583,0.04
387584,0.01
387588,0.03
387595,0.1
387596,0.03
387597,0.16
387598,0.05
387662,0.14
387687,0.15
387688,0.03
387689,0.03
387718,0.2
387730,0.06
387753,0.08
387807,0.02
387843,0.03
387848,0.16
387882,0.09
387884,0.11
387892,0.02
387896,0.1
387916,0.22
387920,0.11
387927,0.2
387928,0.07
387929,0.09
387932,0.07
387934,0.08
387937,0.02
387942,0.12
387947,0.09
387948,0.05
387952,0.28
387953,0.12
387954,0.07
387955,0.11
387956,0.15
387957,0.25
387958,0.16
387960,0.07
387961,0.05
387962,0.1
387963,0.24
387964,0.17
387965,0.07
387966,0.03
387967,0.07
387968,0.02
387969,0.01
387970,0.12
387971,0.07
387972,0.02
387973,0.05
388053,0.18
388056,0.02
388057,0.05
388078,0.16
388079,0.07
388127,0.06
388155,0.19
388159,0.07
388169,0.08
388170,0.06
388173,0.01
388174,0.05
388176,0.06
388179,0.08
388182,0.08
388183,0.02
388187,0.12
388189,0.04
388191,0.02
388193,0.09
388194,0.09
388195,0.04
388196,0.08
388198,0.02
388199,0.1
388201,0.1
388202,0.08
388203,0.15
388204,0.07
388206,0.05
388208,0.06
388209,0.06
388210,0.04
388211,0.09
388212,0.09
388213,0.02
388214,0.03
388215,0.09
388216,0.17
388217,0.13
388218,0.06
388219,0.03
388220,0.19
388221,0.04
388222,0.12
388223,0.04
388237,0.12
388238,0.04
388242,0.03
388243,0.1
388248,0.09
388249,0.16
388251,0.04
388253,0.2
388255,0.14
388256,0.11
388258,0.04
388259,0.1
388260,0.09
388262,0.3
388263,0.08
388264,0.07
388265,0.2
388266,0.09
388267,0.15
388269,0.34
388270,0.08
388271,0.0
388272,0.05
388273,0.05
388274,0.18
388275,0.18
388276,0.06
388397,0.1
388428,0.11
388429,0.12
388448,0.06
388449,0.04
388460,0.06
388463,0.1
388465,0.16
388505,0.21
388508,0.08
388511,0.01
388525,0.06
388554,0.04
388561,0.33
388566,0.1
388572,0.03
388574,0.04
388585,0.01
388589,0.04
388590,0.11
388594,0.06
388596,0.05
388616,0.22
388621,0.07
388622,0.08
388627,0.02
388633,0.07
388639,0.04
388647,0.03
388655,0.1
388665,0.11
388667,0.08
388668,0.05
388669,0.16
388679,0.1
388683,0.06
388687,0.02
388688,0.12
388700,0.09
388703,0.1
388704,0.06
388705,0.16
388707,0.05
388712,0.11
388729,0.04
388733,0.02
388748,0.05
388754,0.03
388763,0.14
388777,0.08
388790,0.05
388800,0.18
388801,0.0
388812,0.14
388816,0.2
388835,0.11
388837,0.1
388842,0.01
388847,0.05
388848,0.06
388849,0.08
388850,0.13
388859,0.07
388864,0.05
388865,0.18
388870,0.09
388872,0.03
388873,0.13
388879,0.08
388890,0.18
388898,0.04
388899,0.08
388900,0.09
388913,0.28
388919,0.05
388921,0.11
388929,0.08
388945,0.08
388962,0.08
388963,0.04
388985,0.04
388986,0.1
388992,0.21
388993,0.07
389002,0.05
389006,0.01
389009,0.03
389018,0.22
389048,0.09
389051,0.07
389068,0.05
389069,0.07
389070,0.07
389080,0.04
389085,0.08
389090,0.02
389094,0.14
389097,0.25
389098,0.04
389101,0.09
389104,0.05
389131,0.33
389133,0.13
389134,0.02
389143,0.05
389176,0.21
389181,0.01
389192,0.02
389202,0.06
389222,0.11
389225,0.11
389227,0.12
389239,0.02
389245,0.15
389248,0.05
389258,0.18
389266,0.04
389268,0.07
389277,0.1
389280,0.07
389300,0.01
389319,0.1
389330,0.05
389338,0.04
389356,0.05
389363,0.05
389371,0.05
389377,0.09
389398,0.04
389409,0.05
389415,0.03
389418,0.08
389420,0.05
389426,0.24
389433,0.17
389434,0.03
389440,0.14
389441,0.03
389443,0.3
389448,0.09
389464,0.03
389466,0.08
389471,0.2
389473,0.05
389480,0.07
389481,0.06
389483,0.16
389486,0.0
389490,0.15
389500,0.05
389507,0.17
389509,0.07
389515,0.23
389517,0.03
389523,0.04
389527,0.0
389529,0.36
389532,0.1
389539,0.1
389550,0.06
389551,0.11
389552,0.12
389554,0.2
389563,0.19
389566,0.11
389572,0.03
389573,0.1
389585,0.21
389587,0.03
389589,0.03
389592,0.03
389601,0.31
389603,0.04
389604,0.18
389617,0.03
389618,0.1
389619,0.07
389622,0.15
389623,0.09
389627,0.04
389644,0.19
389667,0.03
389678,0.15
389694,0.02
389700,0.25
389707,0.04
389714,0.04
389717,0.1
389732,0.06
389737,0.07
389741,0.06
389755,0.12
389756,0.09
389763,0.16
389772,0.14
389777,0.0
389778,0.1
389796,0.05
389798,0.05
389805,0.12
389807,0.02
389815,0.08
389818,0.07
389823,0.06
389824,0.04
389831,0.03
389856,0.14
389860,0.04
389862,0.13
389872,0.11
389875,0.06
389878,0.08
389879,0.05
389881,0.1
389895,0.07
389897,0.06
389898,0.03
389924,0.06
389929,0.02
389934,0.14
389947,0.06
389962,0.11
389981,0.01
390003,0.07
390006,0.15
390011,0.01
390041,0.03
390044,0.02
390045,0.03
390047,0.07
390048,0.15
390052,0.13
390056,0.1
390061,0.09
390065,0.04
390070,0.05
390073,0.14
390076,0.01
390087,0.04
390092,0.05
390095,0.04
390099,0.18
390107,0.16
390116,0.02
390130,0.04
390133,0.29
390144,0.07
390155,0.08
390159,0.2
390181,0.01
390183,0.02
390214,0.04
390222,0.14
390230,0.06
390235,0.02
390237,0.15
390242,0.41
390256,0.04
390259,0.24
390261,0.11
390268,0.04
390271,0.02
390274,0.08
390276,0.02
390279,0.06
390283,0.11
390285,0.07
390299,0.07
390316,0.02
390321,0.05
390330,0.12
390343,0.06
390346,0.21
390357,0.06
390359,0.23
390361,0.1
390365,0.03
390366,0.11
390372,0.17
390376,0.06
390378,0.22
390388,0.14
390391,0.04
390400,0.15
390407,0.15
390411,0.11
390419,0.03
390423,0.05
390437,0.02
390445,0.04
390449,0.03
390455,0.04
390465,0.07
390491,0.03
390492,0.09
390494,0.04
390495,0.03
390497,0.01
390504,0.13
390508,0.08
390510,0.11
390512,0.06
390524,0.14
390531,0.03
390558,0.15
390561,0.08
390564,0.03
390569,0.04
390574,0.08
390575,0.06
390587,0.31
390620,0.11
390621,0.06
390633,0.11
390634,0.16
390638,0.09
390639,0.07
390642,0.02
390647,0.25
390648,0.09
390663,0.02
390686,0.02
390688,0.12
390690,0.04
390691,0.11
390696,0.18
390703,0.04
390711,0.1
390722,0.04
390736,0.15
390747,0.23
390752,0.07
390760,0.07
390774,0.03
390777,0.04
390781,0.15
390793,0.04
390838,0.08
390847,0.16
390851,0.12
390854,0.02
390858,0.13
390864,0.02
390871,0.04
390905,0.12
390908,0.18
390910,0.04
390917,0.02
390919,0.02
390920,0.08
390922,0.1
390928,0.07
390929,0.04
390953,0.05
390955,0.04
390959,0.02
390962,0.06
390971,0.24
390972,0.08
390990,0.04
390994,0.13
390997,0.17
391015,0.06
391034,0.05
391038,0.11
391043,0.09
391048,0.05
391049,0.08
391056,0.13
391060,0.02
391072,0.15
391073,0.09
391077,0.05
391086,0.05
391092,0.04
391096,0.07
391118,0.06
391123,0.17
391136,0.08
391137,0.06
391145,0.02
391162,0.0
391164,0.13
391168,0.24
391172,0.05
391184,0.14
391188,0.07
391198,0.15
391207,0.09
391208,0.01
391209,0.13
391230,0.04
391232,0.02
391236,0.04
391237,0.12
391245,0.06
391269,0.06
391274,0.03
391275,0.1
391276,0.1
391279,0.08
391285,0.04
391306,0.06
391310,0.02
391321,0.02
391327,0.01
391341,0.15
391350,0.06
391353,0.03
391354,0.03
391357,0.13
391367,0.3
391371,0.14
391384,0.1
391387,0.07
391388,0.03
391392,0.01
391408,0.02
391433,0.05
391439,0.08
391443,0.11
391445,0.02
391449,0.1
391450,0.08
391461,0.11
391469,0.05
391486,0.07
391487,0.22
391500,0.01
391501,0.05
391505,0.01
391516,0.03
391517,0.06
391522,0.11
391539,0.22
391543,0.21
391546,0.07
391552,0.15
391555,0.02
391564,0.04
391565,0.1
391570,0.01
391586,0.11
391587,0.03
391588,0.04
391590,0.06
391613,0.13
391614,0.14
391617,0.02
391623,0.11
391635,0.02
391653,0.06
391661,0.03
391670,0.08
391682,0.06
391713,0.0
391717,0.12
391726,0.25
391738,0.12
391740,0.02
391741,0.07
391742,0.09
391756,0.01
391765,0.2
391766,0.09
391768,0.03
391771,0.0
391784,0.02
391786,0.24
391791,0.08
391798,0.08
391820,0.2
391831,0.03
391842,0.09
391843,0.04
391853,0.02
391858,0.09
391866,0.3
391867,0.03
391870,0.08
391879,0.1
391903,0.08
391915,0.04
391920,0.01
391929,0.09
391935,0.03
391944,0.03
391945,0.2
391947,0.16
391957,0.07
391960,0.12
391966,0.08
391977,0.04
391983,0.01
391990,0.12
391999,0.08
392010,0.02
392011,0.02
392012,0.03
392013,0.03
392015,0.05
392027,0.09
392029,0.06
392031,0.06
392035,0.02
392042,0.08
392049,0.07
392050,0.07
392062,0.06
392068,0.03
392071,0.03
392079,0.07
392087,0.02
392106,0.16
392111,0.04
392123,0.13
392127,0.26
392132,0.11
392149,0.14
392151,0.06
392175,0.13
392186,0.15
392190,0.12
392196,0.16
392202,0.06
392212,0.2
392221,0.04
392224,0.15
392230,0.09
392232,0.13
392234,0.13
392239,0.12
392240,0.17
392241,0.0
392243,0.18
392250,0.06
392253,0.05
392258,0.06
392260,0.05
392270,0.19
392280,0.13
392283,0.03
392293,0.11
392311,0.02
392316,0.03
392317,0.11
392319,0.07
392328,0.03
392363,0.05
392369,0.1
392371,0.08
392372,0.13
392386,0.03
392389,0.15
392390,0.08
392391,0.19
392398,0.09
392399,0.05
392404,0.17
392405,0.01
392408,0.27
392422,0.07
392423,0.02
392424,0.19
392429,0.1
392430,0.1
392431,0.04
392437,0.06
392450,0.05
392458,0.06
392460,0.09
392469,0.17
392474,0.09
392491,0.19
392495,0.01
392513,0.23
392526,0.06
392527,0.21
392534,0.1
392540,0.09
392554,0.11
392571,0.07
392578,0.12
392583,0.07
392588,0.11
392594,0.12
392604,0.04
392610,0.13
392613,0.11
392619,0.03
392622,0.28
392624,0.03
392629,0.21
392634,0.03
392639,0.06
392649,0.05
392671,0.09
392680,0.15
392682,0.06
392684,0.04
392685,0.2
392686,0.22
392699,0.06
392704,0.03
392709,0.13
392714,0.31
392717,0.12
392727,0.12
392730,0.08
392741,0.04
392754,0.02
392762,0.05
392774,0.07
392775,0.08
392793,0.06
392800,0.07
392809,0.07
392812,0.03
392814,0.08
392820,0.09
392825,0.0
392847,0.02
392849,0.19
392861,0.15
392868,0.13
392880,0.32
392882,0.11
392888,0.15
392905,0.06
392909,0.13
392915,0.06
392925,0.03
392931,0.03
392933,0.08
392935,0.14
392939,0.09
392951,0.06
392960,0.08
392962,0.09
392964,0.03
392970,0.07
392980,0.02
392981,0.03
392985,0.06
392990,0.03
392992,0.15
392998,0.02
392999,0.08
393007,0.05
393009,0.06
393012,0.07
393014,0.08
393015,0.07
393035,0.1
393055,0.11
393056,0.17
393075,0.04
393078,0.06
393094,0.11
393111,0.09
393115,0.03
393117,0.17
393118,0.02
393128,0.04
393129,0.05
393136,0.04
393138,0.05
393139,0.26
393156,0.04
393159,0.2
393168,0.05
393172,0.12
393177,0.09
393189,0.04
393194,0.23
393201,0.04
393202,0.04
393209,0.08
393216,0.26
393218,0.12
393224,0.06
393227,0.11
393232,0.1
393256,0.04
393257,0.05
393258,0.27
393267,0.08
393269,0.04
393275,0.13
393278,0.04
393279,0.19
393312,0.08
393318,0.04
393343,0.06
393351,0.04
393356,0.02
393361,0.17
393370,0.12
393381,0.04
393395,0.09
393405,0.02
393416,0.14
393419,0.03
393430,0.12
393443,0.16
393454,0.16
393478,0.05
393489,0.02
393499,0.08
393503,0.08
393505,0.09
393507,0.06
393526,0.09
393537,0.07
393543,0.07
393555,0.04
393562,0.11
393573,0.15
393587,0.22
393591,0.08
393606,0.03
393621,0.13
393624,0.04
393625,0.15
393628,0.15
393633,0.11
393641,0.08
393642,0.11
393650,0.24
393658,0.19
393669,0.05
393671,0.06
393672,0.12
393680,0.07
393683,0.14
393684,0.04
393691,0.08
393696,0.09
393699,0.12
393708,0.08
393709,0.17
393711,0.1
393720,0.13
393738,0.05
393740,0.01
393762,0.05
393774,0.05
393776,0.03
393778,0.07
393793,0.06
393804,0.07
393818,0.23
393821,0.11
393822,0.09
393833,0.29
393839,0.1
393840,0.15
393843,0.09
393852,0.02
393855,0.04
393860,0.14
393864,0.19
393877,0.16
393882,0.21
393884,0.05
393886,0.06
393892,0.05
393894,0.05
393902,0.05
393909,0.09
393910,0.02
393911,0.06
393934,0.05
393936,0.09
393939,0.15
393940,0.04
393943,0.06
393946,0.21
393950,0.03
393953,0.1
393959,0.23
393974,0.16
393980,0.27
393983,0.04
393985,0.07
393992,0.08
393995,0.12
394008,0.17
394010,0.09
394022,0.05
394062,0.06
394063,0.01
394066,0.02
394069,0.05
394071,0.08
394082,0.05
394087,0.07
394095,0.01
394097,0.13
394106,0.01
394113,0.35
394115,0.14
394125,0.01
394131,0.06
394132,0.1
394141,0.18
394145,0.2
394153,0.29
394159,0.09
394180,0.03
394186,0.06
394200,0.08
394203,0.0
394210,0.1
394214,0.08
394218,0.04
394231,0.18
394240,0.12
394248,0.11
394249,0.06
394254,0.12
394264,0.15
394267,0.06
394269,0.24
394275,0.15
394289,0.02
394295,0.06
394305,0.2
394308,0.08
394317,0.02
394323,0.07
394332,0.04
394336,0.06
394345,0.36
394346,0.07
394347,0.05
394351,0.15
394355,0.15
394360,0.02
394372,0.09
394373,0.09
394374,0.08
394382,0.13
394385,0.08
394409,0.09
394415,0.08
394433,0.05
394445,0.13
394448,0.08
394451,0.07
394467,0.06
394471,0.03
394473,0.1
394474,0.07
394476,0.07
394492,0.11
394502,0.04
394506,0.1
394510,0.08
394515,0.01
394535,0.02
394537,0.28
394539,0.06
394541,0.12
394564,0.09
394567,0.06
394568,0.05
394571,0.24
394576,0.06
394579,0.19
394585,0.08
394588,0.02
394606,0.1
394623,0.01
394632,0.17
394635,0.06
394642,0.03
394653,0.07
394689,0.03
394695,0.05
394699,0.09
394706,0.1
394712,0.16
394721,0.2
394722,0.21
394739,0.05
394742,0.16
394761,0.15
394775,0.08
394777,0.18
394783,0.1
394800,0.06
394803,0.05
394804,0.18
394815,0.03
394835,0.07
394843,0.21
394845,0.15
394847,0.01
394848,0.09
394850,0.08
394857,0.03
394873,0.14
394892,0.08
394898,0.03
394904,0.17
394918,0.14
394920,0.11
394926,0.07
394927,0.05
394940,0.06
394942,0.01
394943,0.07
394959,0.14
394977,0.14
394991,0.12
395014,0.18
395027,0.05
395042,0.15
395062,0.22
395063,0.21
395064,0.11
395076,0.03
395085,0.14
395095,0.03
395100,0.11
395105,0.11
395108,0.06
395110,0.05
395114,0.26
395123,0.1
395131,0.15
395144,0.05
395152,0.28
395159,0.03
395166,0.04
395197,0.08
395210,0.05
395212,0.07
395216,0.08
395218,0.2
395224,0.0
395225,0.13
395233,0.15
395237,0.1
395246,0.13
395248,0.12
395262,0.07
395271,0.01
395275,0.02
395286,0.07
395316,0.1
395318,0.28
395328,0.14
395334,0.04
395337,0.13
395338,0.16
395346,0.08
395365,0.05
395373,0.2
395383,0.31
395387,0.11
395391,0.01
395401,0.13
395432,0.0
395443,0.0
395447,0.04
395448,0.1
395450,0.05
395456,0.05
395459,0.09
395462,0.09
395488,0.12
395492,0.01
395495,0.08
395504,0.16
395507,0.17
395508,0.08
395509,0.04
395513,0.06
395515,0.07
395517,0.17
395520,0.18
395524,0.15
395525,0.02
395533,0.04
395538,0.03
395545,0.08
395553,0.13
395576,0.25
395585,0.05
395590,0.05
395593,0.05
395595,0.12
395603,0.02
395604,0.0
395611,0.14
395612,0.08
395617,0.02
395624,0.03
395653,0.18
395665,0.01
395668,0.03
395672,0.05
395677,0.12
395692,0.01
395693,0.06
395694,0.1
395696,0.15
395699,0.01
395703,0.03
395712,0.07
395731,0.11
395732,0.05
395735,0.09
395736,0.06
395744,0.21
395763,0.03
395771,0.02
395774,0.08
395784,0.02
395790,0.06
395792,0.33
395796,0.03
395808,0.09
395810,0.12
395814,0.21
395831,0.11
395836,0.1
395837,0.1
395852,0.07
395854,0.0
395856,0.08
395857,0.08
395860,0.03
395862,0.04
395875,0.06
395880,0.02
395893,0.19
395900,0.02
395908,0.08
395921,0.28
395922,0.03
395926,0.04
395933,0.05
395936,0.02
395940,0.07
395951,0.1
395964,0.03
395969,0.04
395971,0.06
395973,0.05
395975,0.14
395984,0.22
395993,0.09
396012,0.1
396033,0.07
396035,0.05
396036,0.12
396041,0.09
396048,0.11
396049,0.07
396057,0.03
396060,0.13
396063,0.03
396078,0.09
396085,0.1
396087,0.11
396094,0.05
396104,0.07
396110,0.05
396123,0.13
396139,0.03
396160,0.04
396165,0.14
396169,0.08
396182,0.03
396200,0.16
396201,0.02
396202,0.02
396216,0.22
396227,0.07
396236,0.02
396240,0.07
396249,0.05
396252,0.04
396253,0.13
396276,0.09
396297,0.01
396301,0.06
396310,0.03
396327,0.09
396330,0.04
396331,0.03
396334,0.06
396337,0.11
396343,0.1
396346,0.02
396350,0.12
396368,0.04
396375,0.15
396378,0.15
396380,0.26
396393,0.03
396397,0.1
396403,0.03
396404,0.33
396408,0.01
396414,0.07
396418,0.16
396420,0.03
396426,0.02
396428,0.09
396434,0.18
396435,0.08
396437,0.04
396442,0.1
396444,0.04
396449,0.0
396453,0.16
396464,0.02
396474,0.04
396483,0.04
396496,0.09
396501,0.05
396505,0.03
396506,0.0
396512,0.01
396513,0.09
396518,0.06
396530,0.08
396542,0.14
396549,0.04
396553,0.08
396555,0.23
396557,0.13
396562,0.13
396566,0.02
396588,0.21
396589,0.03
396590,0.14
396597,0.07
396602,0.02
396609,0.26
396614,0.13
396617,0.12
396620,0.07
396625,0.28
396638,0.11
396640,0.17
396646,0.08
396648,0.05
396653,0.15
396663,0.03
396668,0.02
396670,0.03
396678,0.14
396681,0.03
396698,0.05
396699,0.24
396710,0.03
396713,0.15
396729,0.02
396732,0.12
396735,0.18
396752,0.09
396754,0.09
396761,0.01
396769,0.11
396777,0.06
396789,0.2
396790,0.02
396792,0.01
396824,0.09
396829,0.08
396830,0.03
396844,0.12
396849,0.07
396855,0.38
396864,0.17
396865,0.12
396866,0.01
396883,0.0
396889,0.09
396893,0.1
396900,0.08
396904,0.07
396912,0.09
396916,0.03
396922,0.1
396926,0.05
396928,0.07
396931,0.08
396944,0.11
396949,0.05
396952,0.22
396979,0.17
396984,0.06
396986,0.03
396992,0.01
396995,0.39
397014,0.13
397025,0.02
397046,0.24
397047,0.09
397051,0.03
397052,0.08
397058,0.01
397071,0.04
397081,0.06
397084,0.07
397086,0.1
397088,0.04
397090,0.21
397093,0.08
397106,0.06
397109,0.37
397110,0.14
397118,0.08
397119,0.15
397120,0.05
397127,0.13
397128,0.12
397129,0.08
397132,0.02
397138,0.05
397139,0.14
397146,0.22
397148,0.24
397149,0.13
397166,0.04
397167,0.09
397168,0.08
397171,0.04
397178,0.1
397185,0.05
397191,0.06
397195,0.06
397197,0.06
397198,0.08
397211,0.13
397213,0.02
397216,0.03
397219,0.16
397226,0.05
397241,0.12
397249,0.1
397261,0.11
397265,0.01
397281,0.03
397304,0.03
397306,0.02
397325,0.08
397327,0.04
397345,0.31
397360,0.11
397378,0.03
397383,0.04
397384,0.06
397399,0.13
397415,0.05
397433,0.02
397444,0.17
397452,0.16
397458,0.01
397460,0.02
397462,0.02
397464,0.06
397466,0.13
397472,0.06
397474,0.04
397476,0.09
397482,0.18
397492,0.15
397494,0.03
397501,0.14
397507,0.2
397512,0.12
397513,0.1
397517,0.0
397533,0.12
397549,0.19
397560,0.03
397562,0.03
397570,0.17
397575,0.06
397584,0.03
397585,0.02
397593,0.08
397609,0.15
397615,0.08
397630,0.21
397631,0.03
397633,0.09
397641,0.15
397664,0.03
397668,0.03
397674,0.04
397679,0.14
397681,0.1
397694,0.0
397695,0.17
397707,0.11
397713,0.0
397714,0.09
397715,0.04
397724,0.0
397726,0.31
397729,0.06
397739,0.03
397741,0.02
397759,0.1
397761,0.05
397767,0.04
397776,0.22
397782,0.17
397785,0.02
397789,0.01
397793,0.22
397794,0.1
397804,0.01
397815,0.03
397816,0.07
397825,0.12
397857,0.16
397861,0.03
397890,0.19
397891,0.33
397900,0.15
397903,0.03
397911,0.04
397925,0.16
397928,0.11
397954,0.06
397955,0.0
397962,0.08
397971,0.09
397975,0.11
397984,0.14
397989,0.05
397993,0.09
398004,0.06
398032,0.26
398038,0.07
398043,0.06
398046,0.09
398051,0.3
398061,0.04
398082,0.07
398086,0.03
398087,0.07
398088,0.05
398093,0.05
398103,0.04
398106,0.07
398109,0.21
398110,0.02
398113,0.09
398116,0.11
398132,0.02
398135,0.07
398138,0.08
398159,0.1
398163,0.11
398165,0.09
398166,0.14
398173,0.02
398179,0.12
398181,0.06
398189,0.01
398196,0.09
398206,0.19
398208,0.12
398220,0.11
398231,0.08
398234,0.25
398239,0.09
398254,0.01
398260,0.03
398261,0.02
398269,0.16
398274,0.11
398279,0.06
398280,0.04
398292,0.13
398293,0.04
398295,0.14
398329,0.05
398337,0.06
398344,0.07
398347,0.02
398348,0.27
398352,0.11
398355,0.12
398360,0.14
398363,0.11
398368,0.06
398373,0.09
398377,0.02
398384,0.05
398389,0.02
398394,0.26
398397,0.05
398400,0.05
398409,0.03
398429,0.08
398432,0.07
398444,0.18
398446,0.23
398456,0.06
398461,0.05
398473,0.04
398480,0.11
398481,0.15
398485,0.16
398488,0.26
398500,0.12
398520,0.13
398524,0.07
398534,0.03
398554,0.01
398572,0.07
398580,0.1
398586,0.03
398592,0.11
398606,0.1
398619,0.21
398621,0.08
398625,0.08
398645,0.12
398652,0.13
398656,0.02
398661,0.04
398667,0.03
398669,0.04
398676,0.06
398690,0.05
398699,0.08
398715,0.05
398718,0.01
398721,0.02
398729,0.04
398737,0.17
398738,0.02
398752,0.14
398757,0.14
398759,0.03
398764,0.11
398771,0.03
398773,0.08
398775,0.08
398779,0.03
398791,0.14
398807,0.13
398811,0.09
398814,0.06
398817,0.03
398829,0.03
398830,0.01
398838,0.0
398839,0.16
398841,0.02
398850,0.03
398852,0.03
398858,0.08
398859,0.16
398862,0.14
398870,0.15
398875,0.08
398902,0.02
398910,0.07
398919,0.15
398929,0.06
398935,0.25
398940,0.05
398953,0.04
398956,0.03
398963,0.09
398966,0.09
398967,0.09
398968,0.03
398974,0.07
398976,0.03
398982,0.07
398993,0.05
399011,0.13
399016,0.11
399017,0.08
399020,0.08
399047,0.13
399053,0.22
399056,0.04
399061,0.1
399066,0.29
399074,0.11
399086,0.15
399088,0.13
399091,0.07
399092,0.12
399093,0.06
399100,0.02
399124,0.07
399131,0.17
399142,0.03
399149,0.05
399158,0.3
399160,0.06
399167,0.05
399169,0.08
399171,0.02
399174,0.09
399178,0.09
399179,0.22
399184,0.08
399185,0.0
399186,0.11
399191,0.02
399192,0.04
399195,0.23
399212,0.14
399221,0.05
399223,0.2
399230,0.11
399246,0.14
399260,0.04
399261,0.1
399266,0.09
399289,0.07
399293,0.02
399299,0.04
399306,0.04
399321,0.03
399328,0.05
399344,0.03
399352,0.04
399358,0.05
399374,0.1
399382,0.33
399385,0.08
399388,0.06
399399,0.02
399410,0.05
399417,0.0
399423,0.02
399427,0.04
399429,0.07
399435,0.04
399439,0.04
399451,0.08
399454,0.11
399458,0.17
399468,0.08
399477,0.11
399483,0.09
399493,0.06
399494,0.08
399499,0.09
399503,0.03
399510,0.11
399511,0.06
399525,0.11
399528,0.02
399533,0.06
399538,0.14
399551,0.14
399568,0.09
399571,0.04
399585,0.01
399589,0.08
399595,0.01
399598,0.04
399605,0.12
399616,0.14
399617,0.04
399622,0.06
399627,0.16
399635,0.08
399639,0.38
399641,0.05
399643,0.04
399659,0.04
399667,0.07
399683,0.02
399702,0.11
399706,0.3
399720,0.01
399727,0.17
399730,0.19
399734,0.09
399751,0.07
399754,0.08
399759,0.11
399768,0.04
399770,0.12
399781,0.13
399786,0.06
399799,0.03
399811,0.04
399813,0.01
399820,0.07
399832,0.05
399851,0.1
399853,0.13
399855,0.12
399860,0.12
399876,0.24
399877,0.01
399881,0.08
399882,0.03
399903,0.09
399906,0.13
399912,0.12
399915,0.11
399921,0.05
399935,0.11
399936,0.12
399938,0.03
399939,0.16
399940,0.06
399949,0.04
399953,0.06
399959,0.17
399968,0.01
399969,0.06
399972,0.09
399974,0.05
399976,0.04
399979,0.11
399988,0.13
399994,0.23
399996,0.07
399997,0.13
400000,0.03
400004,0.04
400011,0.08
400014,0.27
400015,0.06
400017,0.07
400046,0.07
400063,0.12
400065,0.05
400069,0.03
400075,0.04
400088,0.02
400091,0.04
400105,0.0
400108,0.13
400113,0.03
400119,0.1
400123,0.07
400127,0.0
400136,0.07
400137,0.13
400138,0.18
400158,0.09
400172,0.05
400174,0.09
400224,0.02
400229,0.13
400236,0.16
400240,0.06
400249,0.06
400258,0.11
400268,0.11
400272,0.03
400284,0.08
400292,0.0
400295,0.13
400308,0.13
400314,0.06
400315,0.02
400331,0.28
400332,0.07
400339,0.02
400342,0.06
400361,0.08
400363,0.05
400365,0.12
400374,0.09
400379,0.05
400382,0.03
400416,0.1
400422,0.16
400436,0.09
400460,0.05
400462,0.15
400468,0.05
400482,0.07
400489,0.08
400490,0.19
400501,0.01
400519,0.06
400525,0.24
400526,0.05
400529,0.12
400540,0.05
400543,0.21
400545,0.05
400556,0.16
400572,0.06
400584,0.03
400589,0.11
400593,0.1
400597,0.07
400616,0.06
400642,0.15
400643,0.07
400649,0.04
400672,0.12
400685,0.01
400693,0.14
400695,0.14
400701,0.03
400720,0.03
400741,0.08
400745,0.1
400750,0.1
400779,0.23
400784,0.02
400792,0.05
400800,0.08
400811,0.1
400813,0.25
400820,0.1
400830,0.03
400833,0.01
400834,0.08
400841,0.03
400855,0.17
400856,0.09
400860,0.09
400866,0.04
400869,0.15
400870,0.12
400880,0.03
400882,0.05
400915,0.1
400921,0.13
400923,0.22
400925,0.02
400936,0.06
400943,0.19
400962,0.11
400963,0.06
400967,0.02
400970,0.24
400975,0.03
400981,0.19
400983,0.16
400987,0.05
400988,0.05
400994,0.04
400998,0.25
401002,0.09
401003,0.06
401005,0.04
401007,0.09
401022,0.14
401029,0.24
401035,0.06
401036,0.17
401040,0.04
401045,0.07
401053,0.06
401065,0.06
401067,0.04
401069,0.06
401073,0.09
401074,0.09
401078,0.1
401082,0.1
401086,0.08
401092,0.06
401097,0.05
401098,0.07
401099,0.11
401100,0.11
401107,0.04
401119,0.22
401120,0.01
401137,0.07
401142,0.21
401162,0.04
401163,0.08
401172,0.05
401179,0.15
401182,0.06
401184,0.12
401190,0.04
401207,0.07
401210,0.03
401220,0.03
401225,0.06
401230,0.19
401240,0.08
401246,0.01
401256,0.05
401273,0.05
401274,0.11
401287,0.04
401292,0.06
401305,0.12
401310,0.07
401311,0.06
401321,0.03
401332,0.06
401338,0.02
401345,0.05
401368,0.07
401375,0.42
401378,0.03
401379,0.03
401395,0.06
401403,0.08
401406,0.05
401415,0.05
401424,0.03
401425,0.06
401428,0.17
401430,0.08
401436,0.04
401440,0.04
401443,0.06
401447,0.01
401448,0.02
401450,0.03
401459,0.02
401462,0.01
401470,0.31
401479,0.03
401481,0.02
401486,0.06
401496,0.01
401497,0.15
401502,0.07
401508,0.05
401513,0.16
401517,0.31
401519,0.07
401533,0.18
401536,0.17
401547,0.05
401581,0.08
401582,0.07
401586,0.1
401593,0.2
401603,0.06
401621,0.03
401625,0.15
401635,0.29
401646,0.07
401649,0.01
401660,0.09
401668,0.09
401686,0.03
401706,0.13
401712,0.1
401721,0.05
401725,0.21
401730,0.17
401741,0.04
401743,0.03
401748,0.11
401751,0.02
401770,0.02
401791,0.01
401792,0.08
401808,0.13
401816,0.05
401820,0.08
401821,0.05
401828,0.06
401830,0.11
401832,0.07
401839,0.11
401852,0.01
401868,0.09
401876,0.0
401879,0.2
401882,0.01
401894,0.08
401899,0.16
401901,0.21
401913,0.04
401919,0.07
401920,0.06
401923,0.04
401924,0.22
401932,0.19
401942,0.14
401949,0.08
401950,0.09
401951,0.09
401952,0.07
401971,0.21
401972,0.1
401973,0.06
401974,0.04
401983,0.1
401984,0.05
401988,0.02
401989,0.09
401990,0.04
402024,0.05
402029,0.03
402030,0.14
402041,0.11
402042,0.12
402043,0.02
402052,0.13
402053,0.06
402054,0.02
402057,0.08
402067,0.15
402068,0.02
402069,0.15
402070,0.15
402071,0.07
402073,0.05
402074,0.05
402075,0.15
402076,0.14
402077,0.02
402078,0.22
402079,0.16
402080,0.11
402081,0.04
402082,0.1
402089,0.07
402090,0.11
402091,0.12
402092,0.05
402094,0.07
402095,0.06
402096,0.03
402109,0.11
402151,0.04
402152,0.03
402153,0.05
402155,0.06
402201,0.06
402210,0.17
402212,0.08
402218,0.09
402227,0.15
402234,0.15
402236,0.1
402242,0.08
402243,0.03
402244,0.25
402245,0.02
402250,0.03
402251,0.08
402254,0.32
402255,0.1
402256,0.09
402257,0.2
402258,0.16
402259,0.06
402260,0.12
402261,0.11
402262,0.06
402263,0.05
402264,0.02
402265,0.12
402266,0.17
402267,0.09
402268,0.09
402270,0.07
402271,0.05
402272,0.07
402273,0.05
402274,0.05
402275,0.02
402276,0.05
402277,0.13
402278,0.01
402279,0.16
402280,0.02
402362,0.08
402363,0.04
402364,0.11
402370,0.02
402376,0.02
402381,0.25
402384,0.04
402389,0.06
402414,0.07
402416,0.02
402417,0.01
402420,0.03
402426,0.05
402436,0.27
402444,0.02
402447,0.04
402449,0.03
402454,0.1
402458,0.2
402460,0.06
402466,0.03
402475,0.09
402498,0.19
402502,0.09
402505,0.03
402509,0.08
402513,0.12
402517,0.02
402519,0.19
402522,0.1
402523,0.05
402525,0.05
402528,0.18
402534,0.08
402536,0.09
402542,0.0
402548,0.23
402552,0.14
402559,0.12
402563,0.01
402568,0.05
402573,0.05
402574,0.07
402575,0.06
402577,0.04
402602,0.07
402603,0.12
402604,0.01
402614,0.15
402615,0.09
402616,0.03
402617,0.24
402618,0.2
402619,0.1
402639,0.16
402640,0.06
402641,0.25
402642,0.05
402643,0.03
402644,0.11
402645,0.03
402649,0.05
402650,0.12
402653,0.04
402654,0.02
402655,0.16
402656,0.17
402657,0.09
402658,0.03
402659,0.03
402662,0.04
402696,0.01
402705,0.03
402707,0.14
402708,0.06
402709,0.06
402729,0.14
402730,0.13
402732,0.17
402739,0.12
402740,0.1
402741,0.01
402744,0.26
402745,0.25
402746,0.06
402772,0.18
402773,0.11
402774,0.07
402780,0.11
402781,0.08
402782,0.11
402790,0.08
402803,0.11
402808,0.19
402809,0.03
402810,0.09
402811,0.14
402815,0.08
402820,0.12
402821,0.1
402822,0.09
402824,0.09
402825,0.08
402870,0.04
402875,0.03
402924,0.19
402925,0.04
402926,0.06
402927,0.02
402928,0.04
402929,0.07
402930,0.14
402931,0.04
402932,0.08
402933,0.05
402940,0.04
402953,0.07
402954,0.11
402955,0.13
402956,0.19
402957,0.04
402970,0.03
402973,0.11
402974,0.08
402975,0.04
402976,0.1
402977,0.08
402978,0.05
402979,0.1
402980,0.27
402981,0.13
402982,0.06
402993,0.16
402994,0.03
403099,0.06
403137,0.02
403138,0.06
403165,0.05
403192,0.17
403214,0.06
403223,0.02
403238,0.04
403244,0.14
403246,0.19
403252,0.09
403254,0.08
403255,0.04
403259,0.16
403262,0.09
403277,0.04
403280,0.05
403281,0.06
403287,0.01
403315,0.16
403318,0.11
403319,0.06
403327,0.05
403331,0.07
403342,0.25
403349,0.07
403353,0.09
403364,0.12
403369,0.02
403373,0.18
403376,0.09
403378,0.04
403384,0.24
403385,0.04
403386,0.07
403388,0.03
403396,0.05
403398,0.04
403404,0.09
403410,0.04
403414,0.12
403417,0.06
403422,0.06
403424,0.1
403438,0.13
403451,0.04
403452,0.05
403453,0.06
403454,0.07
403455,0.1
403464,0.1
403465,0.08
403466,0.15
403500,0.05
403501,0.07
403524,0.13
403525,0.24
403526,0.01
403527,0.13
403542,0.16
403543,0.05
403549,0.08
403550,0.02
403551,0.11
403552,0.09
403553,0.02
403554,0.11
403558,0.02
403559,0.01
403560,0.24
403561,0.11
403562,0.15
403564,0.04
403565,0.09
403566,0.05
403600,0.12
403602,0.06
403603,0.02
403662,0.07
403685,0.1
403686,0.0
403687,0.02
403688,0.07
403689,0.33
403690,0.26
403691,0.06
403692,0.07
403696,0.07
403697,0.13
403698,0.04
403699,0.2
403701,0.13
403702,0.1
403703,0.08
403704,0.12
403705,0.0
403712,0.02
403713,0.09
403714,0.28
403715,0.03
403718,0.04
403722,0.13
403723,0.08
403724,0.26
403725,0.0
403726,0.01
403764,0.13
403765,0.1
403766,0.13
403770,0.18
403771,0.07
403772,0.18
403795,0.19
403799,0.07
403800,0.05
403801,0.05
403802,0.13
403803,0.37
403811,0.05
403814,0.04
403815,0.04
403816,0.04
403817,0.0
403818,0.1
403820,0.01
403821,0.06
403822,0.15
403823,0.03
403824,0.06
403825,0.06
403826,0.02
403828,0.12
403834,0.12
403836,0.15
403837,0.15
403838,0.11
403839,0.08
403873,0.05
403876,0.07
403902,0.12
403918,0.01
403922,0.16
403928,0.16
403929,0.08
403931,0.03
403932,0.03
403933,0.04
403935,0.05
403936,0.15
403937,0.06
403938,0.12
403943,0.06
403944,0.04
403945,0.07
403946,0.11
403948,0.07
403951,0.11
403955,0.2
403956,0.1
403957,0.13
403958,0.06
403960,0.26
403961,0.02
403962,0.17
403963,0.08
403964,0.14
403965,0.09
403966,0.14
403967,0.11
403968,0.19
403969,0.14
403970,0.07
403971,0.12
403972,0.23
403973,0.22
403974,0.28
403975,0.03
403976,0.03
403977,0.06
403978,0.12
403979,0.04
403980,0.34
403981,0.03
403982,0.0
404062,0.04
404067,0.07
404070,0.08
404079,0.01
404084,0.05
404108,0.13
404112,0.02
404118,0.09
404121,0.0
404122,0.09
404126,0.16
404140,0.02
404152,0.13
404156,0.28
404158,0.14
404160,0.05
404172,0.03
404174,0.08
404180,0.09
404186,0.06
404190,0.12
404192,0.04
404206,0.06
404207,0.14
404213,0.16
404216,0.1
404220,0.08
404227,0.12
404235,0.03
404247,0.2
404259,0.0
404266,0.03
404267,0.04
404274,0.25
404276,0.05
404277,0.04
404278,0.09
404279,0.09
404280,0.08
404287,0.12
404288,0.18
404289,0.02
404290,0.16
404291,0.01
404293,0.16
404302,0.06
404303,0.03
404304,0.05
404307,0.05
404308,0.04
404309,0.24
404310,0.23
404311,0.14
404312,0.1
404323,0.04
404324,0.01
404325,0.08
404326,0.08
404327,0.18
404328,0.06
404329,0.03
404330,0.04
404331,0.11
404335,0.12
404336,0.09
404337,0.31
404364,0.15
404379,0.11
404380,0.43
404381,0.19
404382,0.08
404385,0.07
404390,0.09
404391,0.01
404392,0.17
404393,0.03
404396,0.05
404400,0.08
404401,0.07
404402,0.05
404403,0.24
404404,0.1
404405,0.21
404406,0.03
404437,0.17
404439,0.22
404461,0.15
404462,0.11
404464,0.04
404468,0.09
404469,0.08
404470,0.08
404471,0.05
404472,0.08
404473,0.06
404474,0.07
404475,0.05
404477,0.08
404478,0.01
404554,0.04
404555,0.08
404556,0.02
404557,0.03
404569,0.18
404571,0.1
404585,0.1
404586,0.03
404592,0.28
404595,0.02
404596,0.1
404597,0.07
404603,0.22
404606,0.05
404607,0.11
404608,0.03
404609,0.07
404620,0.06
404689,0.01
404708,0.08
404734,0.13
404771,0.05
404806,0.02
404818,0.03
404850,0.07
404870,0.13
404923,0.03
404934,0.21
404938,0.04
404954,0.03
404957,0.11
404963,0.07
404964,0.04
404969,0.18
404970,0.03
404979,0.05
404997,0.05
404998,0.04
405009,0.15
405016,0.03
405018,0.0
405035,0.04
405036,0.08
405038,0.13
405047,0.06
405055,0.07
405060,0.07
405066,0.05
405081,0.1
405084,0.27
405089,0.12
405098,0.14
405100,0.12
405114,0.09
405118,0.07
405119,0.1
405120,0.07
405121,0.06
405124,0.08
405125,0.12
405132,0.05
405179,0.06
405193,0.04
405194,0.14
405195,0.06
405206,0.02
405207,0.04
405211,0.04
405215,0.01
405217,0.06
405219,0.14
405220,0.05
405231,0.08
405232,0.09
405291,0.03
405316,0.09
405317,0.05
405318,0.09
405319,0.06
405320,0.02
405325,0.02
405326,0.02
405333,0.03
405334,0.11
405349,0.1
405351,0.09
405353,0.05
405354,0.16
405361,0.07
405362,0.03
405363,0.12
405364,0.25
405365,0.16
405366,0.21
405372,0.17
405397,0.04
405402,0.1
405409,0.08
405410,0.28
405411,0.05
405412,0.05
405435,0.05
405436,0.04
405438,0.11
405442,0.16
405443,0.22
405444,0.07
405445,0.07
405446,0.01
405468,0.02
405489,0.2
405490,0.05
405498,0.0
405509,0.05
405510,0.05
405511,0.08
405512,0.08
405517,0.05
405518,0.04
405523,0.05
405544,0.05
405546,0.04
405552,0.22
405583,0.07
405592,0.1
405599,0.07
405602,0.04
405607,0.04
405613,0.06
405620,0.24
405624,0.12
405625,0.05
405626,0.06
405632,0.08
405633,0.05
405637,0.13
405640,0.09
405642,0.11
405646,0.05
405647,0.04
405650,0.27
405653,0.12
405654,0.05
405660,0.04
405666,0.11
405667,0.1
405668,0.04
405669,0.02
405671,0.08
405672,0.07
405673,0.04
405674,0.1
405675,0.04
405676,0.06
405677,0.01
405679,0.0
405680,0.22
405682,0.05
405683,0.09
405684,0.1
405685,0.14
405687,0.03
405689,0.02
405690,0.0
405691,0.2
405692,0.03
405693,0.08
405695,0.13
405696,0.09
405697,0.03
405698,0.04
405699,0.05
405700,0.2
405701,0.19
405702,0.16
405761,0.14
405765,0.1
405769,0.06
405784,0.18
405811,0.01
405814,0.09
405816,0.08
405818,0.05
405821,0.03
405822,0.03
405838,0.03
405841,0.03
405846,0.08
405855,0.13
405857,0.01
405858,0.16
405860,0.03
405861,0.14
405871,0.02
405879,0.1
405880,0.1
405886,0.07
405901,0.05
405904,0.14
405905,0.02
405906,0.09
405927,0.03
405930,0.14
405944,0.07
405946,0.03
405954,0.19
405963,0.05
405964,0.03
405965,0.05
405966,0.12
405970,0.03
405971,0.04
405992,0.09
405996,0.07
405999,0.07
406002,0.06
406003,0.07
406004,0.05
406005,0.03
406006,0.11
406007,0.13
406008,0.12
406028,0.02
406029,0.03
406043,0.04
406044,0.02
406045,0.15
406046,0.19
406048,0.09
406050,0.06
406051,0.02
406052,0.15
406053,0.16
406077,0.03
406082,0.2
406083,0.17
406084,0.02
406098,0.03
406099,0.03
406100,0.17
406113,0.06
406114,0.04
406115,0.18
406116,0.08
406117,0.02
406127,0.08
406128,0.17
406129,0.07
406132,0.06
406133,0.01
406134,0.03
406135,0.27
406136,0.13
406137,0.12
406138,0.07
406139,0.08
406142,0.1
406143,0.08
406175,0.09
406176,0.06
406177,0.07
406194,0.03
406195,0.01
406208,0.02
406210,0.12
406216,0.1
406217,0.19
406227,0.07
406228,0.05
406253,0.05
406254,0.04
406260,0.08
406267,0.22
406269,0.01
406276,0.11
406277,0.06
406279,0.04
406288,0.05
406297,0.16
406308,0.08
406310,0.18
406320,0.07
406336,0.02
406352,0.02
406365,0.06
406369,0.05
406371,0.12
406401,0.04
406408,0.11
406409,0.02
406475,0.19
406492,0.13
406510,0.1
406519,0.04
406565,0.18
406584,0.11
406596,0.11
406598,0.02
406605,0.1
406609,0.04
406610,0.1
406611,0.02
406654,0.1
406670,0.07
406675,0.09
406681,0.07
406682,0.03
406695,0.01
406697,0.09
406712,0.1
406719,0.01
406725,0.19
406734,0.03
406743,0.16
406778,0.04
406784,0.07
406786,0.06
406791,0.05
406792,0.04
406803,0.07
406812,0.07
406813,0.07
406814,0.01
406841,0.14
406842,0.16
406843,0.03
406848,0.06
406861,0.03
406862,0.18
406863,0.05
406864,0.04
406865,0.14
406871,0.21
406872,0.09
406873,0.02
406893,0.1
406919,0.14
406920,0.09
406921,0.13
406923,0.05
406924,0.07
406925,0.02
406926,0.08
406927,0.12
406936,0.02
406937,0.09
406938,0.07
406939,0.08
406940,0.11
406941,0.02
406952,0.04
406953,0.21
406954,0.14
406962,0.06
406963,0.23
406964,0.08
406965,0.08
406966,0.09
406967,0.01
406968,0.07
406969,0.06
406970,0.08
406971,0.12
406972,0.1
406973,0.07
406974,0.06
406975,0.03
406976,0.04
406977,0.04
406985,0.05
406987,0.07
407025,0.1
407031,0.08
407033,0.2
407039,0.11
407041,0.12
407044,0.09
407046,0.02
407053,0.08
407061,0.06
407069,0.07
407070,0.12
407072,0.09
407073,0.06
407081,0.16
407082,0.06
407088,0.08
407091,0.12
407097,0.03
407104,0.33
407105,0.31
407106,0.09
407121,0.04
407128,0.13
407137,0.07
407144,0.15
407145,0.14
407154,0.09
407162,0.04
407164,0.17
407168,0.27
407203,0.09
407210,0.17
407215,0.02
407218,0.01
407228,0.12
407262,0.04
407274,0.13
407280,0.18
407288,0.02
407298,0.11
407299,0.25
407302,0.11
407303,0.09
407305,0.27
407306,0.16
407307,0.07
407313,0.07
407314,0.05
407315,0.05
407316,0.08
407322,0.2
407323,0.05
407324,0.08
407325,0.02
407329,0.04
407330,0.08
407332,0.06
407333,0.16
407334,0.03
407335,0.14
407336,0.11
407337,0.12
407338,0.05
407339,0.02
407340,0.02
407341,0.15
407342,0.02
407343,0.06
407344,0.11
407345,0.08
407346,0.18
407353,0.08
407364,0.1
407365,0.04
407366,0.02
407370,0.03
407373,0.15
407376,0.1
407386,0.03
407388,0.03
407391,0.07
407393,0.11
407427,0.05
407452,0.05
407454,0.05
407457,0.02
407462,0.02
407463,0.05
407468,0.06
407469,0.08
407478,0.14
407482,0.03
407487,0.11
407489,0.15
407498,0.25
407516,0.2
407519,0.05
407528,0.09
407532,0.13
407534,0.26
407543,0.05
407546,0.25
407550,0.05
407555,0.06
407558,0.04
407587,0.01
407588,0.02
407594,0.18
407596,0.02
407598,0.07
407602,0.13
407605,0.13
407613,0.06
407619,0.19
407625,0.01
407627,0.03
407629,0.09
407631,0.1
407633,0.04
407636,0.11
407645,0.33
407648,0.1
407669,0.05
407674,0.04
407675,0.13
407676,0.08
407677,0.1
407678,0.21
407679,0.06
407680,0.14
407681,0.14
407682,0.04
407684,0.1
407692,0.09
407693,0.12
407694,0.03
407695,0.01
407696,0.05
407697,0.18
407698,0.04
407699,0.09
407702,0.08
407703,0.14
407725,0.09
407726,0.09
407729,0.13
407731,0.0
407745,0.09
407749,0.04
407750,0.04
407751,0.26
407752,0.29
407753,0.09
407754,0.14
407755,0.1
407756,0.06
407765,0.03
407766,0.11
407767,0.04
407768,0.02
407773,0.05
407774,0.04
407778,0.03
407779,0.03
407780,0.22
407781,0.08
407782,0.05
407783,0.12
407784,0.06
407825,0.07
407826,0.04
407828,0.06
407829,0.01
407830,0.17
407831,0.04
407832,0.04
407838,0.04
407839,0.05
407840,0.04
407841,0.05
407842,0.09
407855,0.13
407857,0.06
407881,0.05
407882,0.13
407885,0.06
407915,0.02
407916,0.07
407918,0.22
407919,0.14
407920,0.04
407921,0.01
407922,0.01
407927,0.05
407934,0.05
407941,0.11
407942,0.05
407943,0.07
407944,0.02
407946,0.04
407947,0.06
407952,0.07
407955,0.07
407978,0.1
407986,0.07
408003,0.12
408006,0.04
408008,0.03
408015,0.12
408016,0.1
408028,0.1
408035,0.01
408042,0.06
408044,0.23
408052,0.01
408053,0.12
408056,0.04
408068,0.08
408071,0.08
408074,0.04
408085,0.12
408089,0.0
408091,0.05
408098,0.01
408106,0.08
408108,0.2
408116,0.11
408126,0.06
408130,0.15
408135,0.0
408148,0.07
408168,0.1
408170,0.07
408172,0.11
408176,0.08
408181,0.05
408191,0.04
408194,0.04
408213,0.11
408248,0.01
408249,0.02
408250,0.04
408256,0.21
408261,0.05
408262,0.15
408268,0.33
408269,0.11
408273,0.06
408280,0.11
408286,0.19
408347,0.12
408349,0.04
408350,0.06
408351,0.07
408352,0.05
408355,0.01
408356,0.03
408357,0.06
408384,0.07
408385,0.12
408386,0.18
408387,0.03
408388,0.05
408389,0.12
408390,0.04
408391,0.16
408392,0.05
408393,0.04
408398,0.03
408399,0.07
408400,0.04
408405,0.04
408406,0.02
408437,0.01
408459,0.14
408460,0.15
408463,0.11
408467,0.02
408468,0.13
408471,0.07
408477,0.17
408478,0.06
408479,0.06
408481,0.05
408482,0.02
408483,0.03
408484,0.06
408485,0.17
408486,0.03
408489,0.13
408490,0.04
408504,0.09
408506,0.09
408508,0.04
408514,0.02
408515,0.03
408516,0.11
408517,0.09
408518,0.09
408523,0.07
408524,0.01
408525,0.02
408526,0.04
408531,0.05
408579,0.03
408580,0.1
408581,0.03
408599,0.19
408615,0.16
408616,0.06
408617,0.07
408619,0.02
408622,0.11
408624,0.01
408625,0.01
408626,0.02
408627,0.14
408651,0.03
408658,0.06
408659,0.18
408660,0.04
408661,0.01
408662,0.17
408688,0.02
408689,0.3
408690,0.06
408695,0.08
408696,0.07
408701,0.07
408702,0.12
408705,0.03
408728,0.11
408742,0.06
408759,0.08
408766,0.21
408768,0.11
408774,0.04
408775,0.13
408780,0.04
408790,0.09
408791,0.12
408792,0.03
408794,0.03
408797,0.1
408808,0.07
408830,0.06
408857,0.03
408863,0.15
408874,0.14
408880,0.02
408885,0.04
408890,0.03
408898,0.08
408902,0.02
408903,0.03
408905,0.11
408908,0.05
408911,0.05
408921,0.11
408932,0.04
408933,0.09
408935,0.34
408960,0.08
408968,0.09
408985,0.03
408986,0.06
408990,0.03
408993,0.15
409001,0.06
409003,0.03
409008,0.02
409010,0.05
409015,0.01
409017,0.09
409028,0.04
409034,0.08
409035,0.08
409041,0.07
409054,0.03
409057,0.03
409064,0.09
409065,0.4
409066,0.03
409068,0.05
409076,0.03
409080,0.03
409083,0.14
409084,0.15
409085,0.11
409088,0.04
409105,0.19
409121,0.03
409123,0.26
409133,0.06
409153,0.03
409156,0.05
409157,0.17
409158,0.03
409163,0.1
409167,0.12
409168,0.12
409169,0.03
409172,0.23
409173,0.04
409174,0.01
409175,0.03
409192,0.21
409193,0.22
409197,0.05
409204,0.03
409206,0.05
409208,0.08
409209,0.11
409212,0.16
409213,0.08
409214,0.13
409217,0.02
409218,0.05
409220,0.05
409221,0.04
409227,0.02
409228,0.03
409229,0.1
409230,0.1
409259,0.09
409261,0.06
409269,0.16
409277,0.05
409278,0.05
409285,0.24
409286,0.15
409287,0.08
409293,0.0
409297,0.02
409298,0.02
409299,0.05
409340,0.07
409377,0.14
409383,0.05
409384,0.09
409409,0.07
409412,0.05
409413,0.1
409414,0.14
409415,0.08
409423,0.09
409428,0.08
409429,0.03
409430,0.06
409431,0.01
409432,0.26
409433,0.05
409434,0.09
409442,0.1
409443,0.27
409446,0.04
409463,0.05
409482,0.06
409507,0.15
409508,0.09
409509,0.18
409514,0.15
409535,0.04
409536,0.03
409537,0.04
409538,0.03
409541,0.16
409542,0.05
409543,0.09
409545,0.14
409550,0.02
409551,0.03
409552,0.18
409553,0.21
409558,0.07
409563,0.06
409574,0.09
409607,0.04
409608,0.31
409628,0.03
409632,0.2
409633,0.24
409636,0.11
409676,0.02
409691,0.1
409694,0.15
409707,0.09
409723,0.01
409741,0.03
409743,0.09
409747,0.12
409773,0.13
409777,0.03
409778,0.18
409804,0.14
409805,0.0
409812,0.04
409817,0.05
409836,0.06
409846,0.15
409850,0.16
409852,0.03
409861,0.2
409864,0.19
409871,0.1
409891,0.04
409896,0.02
409917,0.23
409918,0.12
409923,0.08
409941,0.05
409949,0.11
409953,0.02
409958,0.06
409972,0.06
409979,0.13
409983,0.09
409984,0.11
409985,0.0
409986,0.09
409994,0.16
409999,0.11
410019,0.12
410024,0.05
410025,0.01
410039,0.06
410044,0.2
410045,0.15
410046,0.08
410047,0.06
410048,0.05
410065,0.07
410066,0.14
410073,0.03
410087,0.0
410089,0.17
410092,0.06
410093,0.14
410094,0.06
410095,0.05
410096,0.16
410101,0.11
410102,0.14
410103,0.08
410107,0.02
410110,0.08
410111,0.09
410112,0.09
410142,0.04
410143,0.12
410161,0.15
410162,0.07
410165,0.05
410166,0.07
410167,0.16
410184,0.23
410185,0.03
410186,0.01
410187,0.05
410223,0.03
410256,0.32
410257,0.19
410258,0.01
410259,0.06
410269,0.08
410270,0.07
410273,0.07
410274,0.03
410275,0.07
410276,0.11
410277,0.08
410295,0.03
410296,0.11
410297,0.09
410298,0.03
410300,0.03
410301,0.03
410302,0.08
410303,0.1
410304,0.11
410305,0.06
410306,0.17
410307,0.01
410308,0.11
410309,0.09
410316,0.05
410317,0.14
410358,0.05
410359,0.05
410360,0.06
410368,0.16
410369,0.13
410370,0.03
410372,0.03
410373,0.01
410378,0.17
410379,0.07
410380,0.17
410387,0.24
410388,0.3
410389,0.02
410390,0.04
410405,0.03
410411,0.07
410416,0.06
410418,0.08
410424,0.14
410429,0.17
410438,0.06
410442,0.09
410448,0.01
410456,0.07
410464,0.08
410467,0.07
410473,0.07
410476,0.03
410479,0.11
410499,0.17
410526,0.14
410528,0.03
410546,0.19
410564,0.05
410567,0.04
410571,0.14
410572,0.24
410573,0.12
410577,0.07
410581,0.12
410587,0.02
410588,0.07
410595,0.02
410602,0.01
410606,0.16
410616,0.05
410624,0.19
410626,0.08
410637,0.1
410660,0.03
410661,0.06
410663,0.02
410664,0.08
410669,0.07
410675,0.05
410679,0.11
410684,0.04
410689,0.07
410693,0.03
410697,0.01
410698,0.02
410699,0.02
410706,0.05
410710,0.19
410712,0.04
410716,0.12
410725,0.05
410735,0.06
410742,0.06
410745,0.05
410746,0.02
410751,0.04
410753,0.04
410759,0.1
410761,0.19
410770,0.01
410778,0.05
410784,0.03
410786,0.06
410789,0.12
410800,0.14
410811,0.04
410813,0.05
410821,0.14
410822,0.05
410879,0.06
410880,0.08
410900,0.06
410901,0.15
410908,0.06
410909,0.05
410910,0.06
410911,0.12
410912,0.12
410913,0.05
410914,0.18
410915,0.02
410916,0.1
410917,0.05
410918,0.09
410919,0.04
410922,0.18
410923,0.09
410940,0.12
410955,0.09
410956,0.18
410959,0.23
410960,0.13
410961,0.1
410962,0.05
410963,0.31
410964,0.09
410968,0.09
410970,0.0
410971,0.05
410972,0.08
410975,0.07
410994,0.06
410999,0.15
411011,0.11
411012,0.08
411014,0.19
411021,0.0
411022,0.27
411023,0.13
411024,0.14
411025,0.06
411026,0.11
411027,0.12
411028,0.02
411030,0.1
411031,0.06
411032,0.06
411033,0.16
411049,0.07
411050,0.03
411051,0.08
411052,0.1
411073,0.04
411074,0.02
411076,0.03
411080,0.05
411081,0.11
411082,0.06
411093,0.09
411094,0.11
411095,0.07
411099,0.02
411102,0.04
411103,0.16
411112,0.01
411114,0.05
411115,0.05
411116,0.06
411168,0.06
411169,0.36
411170,0.13
411189,0.01
411190,0.11
411195,0.14
411196,0.11
411197,0.04
411205,0.05
411206,0.15
411215,0.1
411216,0.02
411217,0.03
411218,0.1
411222,0.05
411238,0.03
411239,0.07
411240,0.08
411248,0.08
411274,0.06
411275,0.03
411293,0.03
411299,0.15
411300,0.06
411301,0.06
411302,0.08
411305,0.18
411309,0.12
411334,0.06
411343,0.12
411349,0.02
411360,0.05
411363,0.04
411364,0.02
411384,0.12
411402,0.11
411424,0.06
411425,0.07
411430,0.21
411432,0.13
411434,0.11
411447,0.03
411450,0.0
411452,0.12
411463,0.12
411467,0.06
411474,0.09
411478,0.07
411480,0.08
411481,0.08
411502,0.16
411509,0.09
411511,0.13
411515,0.1
411516,0.1
411532,0.08
411565,0.01
411570,0.02
411600,0.14
411608,0.08
411613,0.04
411614,0.03
411620,0.06
411634,0.02
411639,0.03
411645,0.18
411648,0.06
411660,0.01
411668,0.02
411672,0.07
411673,0.06
411674,0.26
411675,0.09
411676,0.01
411677,0.24
411715,0.08
411718,0.03
411719,0.12
411720,0.08
411730,0.17
411731,0.09
411740,0.06
411746,0.16
411748,0.04
411749,0.04
411752,0.02
411753,0.01
411754,0.04
411755,0.04
411767,0.03
411768,0.08
411819,0.2
411826,0.18
411827,0.07
411841,0.08
411842,0.22
411843,0.15
411844,0.08
411845,0.11
411846,0.12
411850,0.2
411852,0.12
411853,0.09
411854,0.05
411855,0.05
411856,0.1
411860,0.11
411883,0.01
411938,0.07
411939,0.16
411940,0.03
411957,0.23
411958,0.15
411959,0.06
411963,0.05
411969,0.02
411970,0.02
411971,0.04
411972,0.06
411973,0.05
411974,0.05
411975,0.04
411977,0.04
411978,0.22
411979,0.26
412004,0.06
412008,0.01
412009,0.17
412010,0.01
412030,0.15
412031,0.08
412032,0.05
412036,0.02
412038,0.03
412047,0.06
412049,0.24
412082,0.04
412092,0.11
412098,0.17
412101,0.1
412108,0.32
412111,0.17
412119,0.04
412128,0.02
412139,0.11
412152,0.15
412154,0.06
412178,0.19
412180,0.04
412193,0.06
412199,0.05
412204,0.11
412206,0.09
412207,0.04
412211,0.03
412220,0.09
412221,0.06
412229,0.09
412234,0.04
412235,0.09
412236,0.09
412251,0.09
412262,0.05
412270,0.26
412280,0.04
412289,0.22
412305,0.03
412310,0.07
412345,0.1
412348,0.03
412361,0.03
412367,0.1
412368,0.07
412370,0.23
412372,0.15
412377,0.07
412380,0.06
412382,0.01
412391,0.05
412393,0.05
412411,0.28
412412,0.09
412415,0.1
412416,0.14
412422,0.14
412428,0.23
412430,0.08
412436,0.07
412447,0.03
412451,0.03
412456,0.09
412470,0.16
412472,0.07
412478,0.01
412487,0.15
412490,0.13
412494,0.08
412516,0.1
412519,0.11
412525,0.18
412527,0.15
412528,0.08
412551,0.14
412552,0.04
412557,0.05
412558,0.07
412559,0.04
412561,0.03
412563,0.04
412564,0.02
412565,0.11
412593,0.05
412598,0.18
412602,0.11
412610,0.05
412611,0.21
412612,0.07
412613,0.13
412621,0.08
412622,0.01
412623,0.13
412624,0.12
412637,0.06
412638,0.22
412639,0.14
412640,0.06
412641,0.08
412642,0.05
412643,0.13
412644,0.07
412651,0.16
412667,0.02
412669,0.1
412686,0.06
412712,0.04
412713,0.15
412714,0.04
412715,0.04
412720,0.13
412728,0.03
412738,0.01
412739,0.03
412740,0.13
412741,0.09
412753,0.04
412754,0.03
412762,0.0
412764,0.05
412765,0.1
412775,0.06
412776,0.04
412777,0.05
412778,0.31
412800,0.0
412801,0.05
412802,0.17
412829,0.1
412854,0.14
412855,0.07
412861,0.05
412862,0.07
412863,0.05
412883,0.07
412884,0.05
412886,0.3
412898,0.09
412899,0.13
412900,0.02
412922,0.12
412941,0.02
412959,0.0
412967,0.18
412980,0.14
412997,0.02
413016,0.12
413017,0.21
413027,0.04
413034,0.09
413038,0.24
413054,0.07
413059,0.09
413065,0.03
413073,0.03
413075,0.34
413081,0.11
413089,0.16
413091,0.12
413094,0.05
413104,0.02
413107,0.07
413110,0.17
413113,0.1
413117,0.06
413124,0.03
413126,0.08
413137,0.07
413145,0.02
413146,0.02
413147,0.08
413150,0.09
413159,0.23
413160,0.14
413172,0.22
413179,0.08
413181,0.03
413185,0.09
413188,0.14
413197,0.06
413208,0.18
413215,0.11
413216,0.08
413219,0.01
413232,0.05
413237,0.11
413243,0.14
413249,0.02
413262,0.02
413263,0.05
413271,0.07
413274,0.09
413280,0.05
413296,0.16
413299,0.12
413303,0.02
413320,0.04
413324,0.13
413325,0.11
413335,0.1
413341,0.17
413342,0.06
413351,0.27
413352,0.05
413359,0.05
413373,0.1
413374,0.06
413375,0.08
413376,0.14
413377,0.11
413383,0.1
413384,0.14
413392,0.07
413393,0.16
413395,0.08
413424,0.05
413425,0.02
413457,0.05
413458,0.06
413459,0.13
413460,0.02
413465,0.06
413466,0.21
413467,0.03
413468,0.09
413475,0.1
413476,0.05
413477,0.19
413478,0.21
413479,0.04
413489,0.21
413491,0.12
413492,0.13
413493,0.02
413494,0.08
413495,0.11
413498,0.1
413499,0.15
413545,0.08
413549,0.1
413550,0.03
413551,0.13
413552,0.17
413553,0.08
413554,0.03
413558,0.18
413559,0.18
413562,0.06
413563,0.03
413564,0.05
413592,0.06
413593,0.02
413594,0.07
413595,0.04
413596,0.2
413597,0.04
413604,0.09
413605,0.13
413606,0.06
413607,0.04
413616,0.18
413617,0.09
413618,0.12
413625,0.1
413626,0.11
413627,0.09
413628,0.06
413629,0.06
413630,0.13
413631,0.19
413632,0.04
413633,0.22
413634,0.08
413635,0.13
413636,0.1
413644,0.0
413645,0.05
413646,0.05
413683,0.11
413685,0.02
413686,0.2
413690,0.05
413691,0.02
413692,0.02
413693,0.05
413694,0.11
413695,0.02
413696,0.07
413702,0.07
413707,0.07
413708,0.25
413709,0.09
413730,0.08
413731,0.09
413732,0.06
413733,0.12
413734,0.07
413736,0.08
413748,0.1
413749,0.21
413751,0.21
413752,0.26
413754,0.01
413755,0.25
413756,0.06
413757,0.07
413758,0.23
413759,0.08
413760,0.05
413764,0.03
413765,0.1
413766,0.09
413767,0.17
413768,0.13
413769,0.1
413770,0.01
413776,0.06
413777,0.05
413778,0.05
413797,0.1
413824,0.04
413828,0.09
413831,0.05
413834,0.07
413841,0.12
413848,0.11
413850,0.09
413851,0.07
413857,0.02
413860,0.02
413867,0.08
413868,0.19
413871,0.06
413878,0.05
413882,0.04
413885,0.03
413886,0.09
413892,0.09
413896,0.25
413897,0.13
413917,0.14
413921,0.0
413934,0.33
413941,0.04
413953,0.01
413958,0.13
413967,0.14
413971,0.05
413975,0.08
413978,0.11
413983,0.12
413984,0.03
413989,0.07
413992,0.03
414001,0.17
414002,0.02
414003,0.1
414007,0.15
414008,0.14
414016,0.24
414022,0.09
414026,0.14
414041,0.06
414042,0.21
414045,0.08
414047,0.15
414050,0.19
414061,0.01
414068,0.06
414076,0.07
414093,0.09
414102,0.03
414109,0.04
414117,0.11
414144,0.1
414149,0.04
414160,0.07
414166,0.31
414171,0.07
414172,0.09
414183,0.03
414186,0.05
414192,0.07
414194,0.06
414203,0.33
414206,0.02
414207,0.03
414229,0.03
414231,0.06
414248,0.05
414251,0.06
414252,0.04
414253,0.27
414254,0.08
414255,0.11
414262,0.07
414265,0.13
414266,0.07
414267,0.02
414269,0.04
414270,0.08
414271,0.07
414272,0.04
414273,0.08
414275,0.06
414323,0.3
414324,0.02
414328,0.01
414329,0.08
414333,0.02
414341,0.05
414357,0.0
414358,0.02
414359,0.04
414362,0.15
414363,0.09
414368,0.07
414372,0.03
414375,0.02
414376,0.04
414382,0.08
414383,0.06
414480,0.05
414481,0.15
414484,0.13
414485,0.05
414486,0.08
414487,0.03
414488,0.19
414489,0.06
414492,0.04
414493,0.16
414497,0.07
414501,0.08
414543,0.17
414544,0.13
414559,0.05
414560,0.08
414561,0.04
414573,0.03
414574,0.17
414575,0.08
414577,0.08
414584,0.22
414585,0.05
414586,0.19
414590,0.07
414591,0.04
414593,0.24
414597,0.13
414598,0.22
414621,0.08
414635,0.17
414639,0.08
414640,0.07
414648,0.1
414656,0.09
414659,0.14
414660,0.06
414663,0.1
414683,0.06
414691,0.1
414700,0.18
414705,0.03
414708,0.04
414711,0.06
414712,0.03
414716,0.08
414720,0.03
414733,0.02
414740,0.07
414748,0.14
414767,0.23
414771,0.12
414779,0.05
414785,0.15
414787,0.02
414793,0.0
414816,0.07
414830,0.09
414831,0.19
414859,0.07
414864,0.0
414867,0.05
414871,0.1
414879,0.07
414892,0.16
414895,0.06
414911,0.14
414915,0.1
414922,0.03
414939,0.06
414945,0.05
414960,0.06
414969,0.03
414973,0.1
414979,0.03
414985,0.05
414992,0.08
414996,0.06
415000,0.02
415001,0.07
415005,0.05
415024,0.1
415038,0.04
415041,0.18
415049,0.12
415055,0.06
415061,0.16
415064,0.08
415069,0.05
415070,0.08
415071,0.02
415072,0.02
415074,0.04
415078,0.14
415079,0.04
415080,0.13
415081,0.21
415082,0.08
415085,0.03
415086,0.07
415089,0.08
415090,0.04
415091,0.01
415092,0.07
415095,0.06
415100,0.21
415101,0.01
415102,0.24
415103,0.1
415104,0.04
415106,0.04
415107,0.04
415108,0.18
415109,0.24
415110,0.09
415111,0.03
415113,0.02
415114,0.06
415115,0.14
415116,0.07
415117,0.05
415118,0.12
415119,0.3
415120,0.03
415121,0.08
415122,0.37
415123,0.1
415124,0.28
415126,0.13
415152,0.03
415205,0.11
415209,0.11
415326,0.04
415409,0.02
415414,0.05
415430,0.09
415466,0.05
415467,0.16
415473,0.09
415474,0.01
415479,0.08
415480,0.11
415486,0.04
415488,0.09
415489,0.05
415490,0.03
415493,0.1
415494,0.07
415497,0.08
415498,0.15
415499,0.07
415505,0.1
415506,0.11
415509,0.09
415511,0.2
415514,0.04
415517,0.06
415519,0.09
415521,0.22
415522,0.01
415523,0.06
415525,0.14
415527,0.09
415529,0.02
415531,0.16
415533,0.16
415534,0.04
415536,0.01
415537,0.08
415539,0.07
415540,0.04
415541,0.16
415542,0.08
415543,0.03
415544,0.03
415545,0.16
415546,0.13
415547,0.07
415548,0.04
415549,0.1
415550,0.06
415652,0.01
415654,0.02
415686,0.14
415687,0.09
415695,0.02
415698,0.13
415701,0.25
415705,0.1
415707,0.02
415709,0.06
415712,0.11
415718,0.05
415724,0.05
415729,0.04
415730,0.18
415731,0.06
415733,0.04
415736,0.05
415737,0.05
415738,0.18
415741,0.0
415742,0.14
415743,0.06
415744,0.05
415745,0.07
415746,0.08
415747,0.16
415749,0.06
415750,0.03
415751,0.09
415752,0.08
415753,0.2
415754,0.06
415755,0.08
415756,0.07
415757,0.08
415850,0.11
415874,0.0
415930,0.17
415962,0.21
415994,0.18
415995,0.04
416088,0.16
416129,0.24
416228,0.04
416229,0.05
416239,0.06
416243,0.07
416245,0.14
416253,0.04
416263,0.04
416264,0.06
416265,0.1
416269,0.2
416272,0.03
416273,0.05
416274,0.16
416275,0.17
416276,0.13
416277,0.04
416278,0.14
416280,0.05
416283,0.11
416287,0.05
416288,0.11
416291,0.1
416292,0.08
416294,0.09
416295,0.17
416296,0.08
416300,0.02
416301,0.1
416302,0.11
416303,0.1
416305,0.11
416306,0.12
416307,0.11
416309,0.04
416310,0.3
416311,0.16
416312,0.16
416313,0.32
416314,0.07
416315,0.11
416316,0.05
416426,0.02
416435,0.06
416444,0.06
416477,0.11
416484,0.05
416488,0.12
416502,0.04
416542,0.07
416582,0.03
416647,0.09
416658,0.02
416659,0.05
416675,0.06
416676,0.24
416696,0.17
416721,0.11
416729,0.01
416743,0.1
416744,0.05
416761,0.14
416793,0.06
416826,0.02
416848,0.02
416850,0.11
416860,0.22
416861,0.24
416862,0.03
416865,0.15
416870,0.14
416871,0.17
416872,0.1
416874,0.17
416877,0.04
416879,0.02
416881,0.1
416882,0.04
416883,0.04
416884,0.02
416885,0.08
416886,0.08
416887,0.06
416888,0.12
416890,0.04
416893,0.1
416894,0.1
416895,0.06
416896,0.11
416897,0.07
416899,0.08
416900,0.02
416901,0.13
416902,0.01
416903,0.02
417043,0.07
417159,0.06
417182,0.01
417183,0.09
417187,0.03
417209,0.07
417226,0.28
417228,0.21
417232,0.01
417234,0.1
417241,0.07
417245,0.04
417246,0.06
417247,0.15
417250,0.17
417251,0.04
417253,0.0
417254,0.03
417255,0.05
417256,0.12
417257,0.09
417258,0.06
417259,0.03
417260,0.27
417261,0.03
417263,0.13
417264,0.11
417265,0.12
417266,0.06
417267,0.02
417268,0.03
417338,0.07
417342,0.19
417349,0.04
417382,0.08
417388,0.04
417389,0.11
417393,0.13
417395,0.1
417397,0.05
417398,0.02
417401,0.1
417403,0.08
417406,0.1
417407,0.16
417408,0.09
417409,0.0
417411,0.1
417412,0.11
417414,0.09
417416,0.15
417417,0.05
417420,0.05
417421,0.06
417422,0.37
417423,0.05
417426,0.06
417427,0.06
417428,0.06
417429,0.08
417430,0.13
417431,0.05
417432,0.05
417433,0.12
417435,0.11
417436,0.03
417438,0.09
417439,0.08
417440,0.05
417441,0.07
417442,0.14
417443,0.15
417444,0.04
417445,0.17
417446,0.2
417447,0.15
417448,0.05
417449,0.18
417450,0.03
417451,0.23
417452,0.11
417453,0.14
417454,0.11
417455,0.15
417456,0.02
417457,0.06
417513,0.01
417544,0.4
417555,0.1
417567,0.04
417612,0.06
417625,0.06
417626,0.01
417627,0.16
417648,0.06
417735,0.08
417736,0.18
417749,0.08
417778,0.04
417863,0.01
417893,0.04
417895,0.1
417903,0.02
417910,0.09
417915,0.15
417925,0.08
417927,0.05
417940,0.17
417949,0.04
417950,0.06
417952,0.02
417956,0.13
417969,0.1
417970,0.0
417974,0.04
417975,0.05
417976,0.05
417980,0.06
417982,0.06
417983,0.04
417987,0.07
417988,0.21
417989,0.05
417990,0.21
417993,0.11
417994,0.08
417995,0.02
417996,0.14
417997,0.03
417998,0.19
417999,0.06
418000,0.11
418001,0.12
418002,0.09
418003,0.11
418004,0.09
418005,0.08
418006,0.04
418009,0.14
418011,0.16
418012,0.05
418013,0.09
418014,0.14
418015,0.16
418029,0.14
418030,0.05
418132,0.13
418217,0.09
418222,0.01
418237,0.1
418272,0.15
418343,0.21
418344,0.02
418345,0.15
418386,0.13
418387,0.05
418402,0.06
418436,0.02
418456,0.11
418458,0.13
418460,0.06
418487,0.03
418514,0.15
418519,0.03
418532,0.07
418539,0.05
418549,0.05
418555,0.12
418556,0.28
418558,0.12
418559,0.04
418562,0.03
418568,0.23
418576,0.03
418578,0.12
418580,0.1
418581,0.07
418582,0.09
418584,0.02
418585,0.03
418587,0.13
418591,0.1
418592,0.04
418593,0.04
418595,0.05
418596,0.23
418597,0.04
418598,0.06
418599,0.05
418600,0.06
418601,0.11
418602,0.27
418603,0.17
418604,0.06
418606,0.15
418607,0.04
418608,0.1
418609,0.06
418610,0.11
418611,0.12
418612,0.11
418613,0.06
418614,0.16
418615,0.01
418616,0.03
418618,0.19
418651,0.04
418652,0.03
418653,0.1
418658,0.06
418692,0.1
418749,0.22
418820,0.11
418843,0.1
418863,0.08
418915,0.04
418938,0.29
418957,0.06
419024,0.17
419061,0.06
419063,0.06
419076,0.11
419093,0.06
419131,0.08
419132,0.04
419138,0.06
419139,0.08
419141,0.08
419142,0.02
419143,0.02
419145,0.04
419149,0.13
419151,0.14
419152,0.02
419153,0.06
419154,0.11
419155,0.08
419156,0.03
419157,0.07
419158,0.41
419159,0.15
419162,0.0
419163,0.09
419165,0.22
419168,0.1
419169,0.05
419170,0.06
419171,0.15
419172,0.1
419173,0.03
419174,0.09
419175,0.04
419176,0.13
419177,0.17
419178,0.24
419270,0.1
419305,0.15
419330,0.03
419485,0.04
419491,0.01
419499,0.08
419513,0.17
419514,0.04
419535,0.04
419538,0.02
419582,0.17
419601,0.02
419611,0.22
419644,0.19
419648,0.09
419649,0.11
419656,0.07
419671,0.07
419677,0.08
419685,0.13
419688,0.08
419689,0.07
419690,0.05
419691,0.06
419698,0.16
419699,0.12
419701,0.22
419703,0.22
419704,0.2
419705,0.11
419746,0.22
419750,0.07
419767,0.02
419775,0.05
419783,0.11
419787,0.18
419788,0.13
419790,0.05
419791,0.04
419792,0.06
419794,0.1
419795,0.19
419797,0.1
419798,0.04
419799,0.05
419804,0.07
419805,0.23
419806,0.05
419808,0.14
419810,0.01
419811,0.02
419812,0.19
419815,0.16
419816,0.07
419817,0.09
419818,0.12
419820,0.04
419821,0.11
419824,0.13
419825,0.06
419826,0.09
419827,0.03
419828,0.01
419829,0.05
419830,0.25
419831,0.03
419832,0.31
419833,0.11
419834,0.08
419835,0.04
419836,0.06
419837,0.06
419838,0.05
419839,0.06
419840,0.03
419841,0.19
419842,0.21
419843,0.16
419913,0.21
419916,0.1
419955,0.03
419956,0.07
419992,0.11
420150,0.04
420160,0.1
420190,0.12
420195,0.09
420204,0.07
420207,0.06
420210,0.12
420214,0.08
420218,0.05
420219,0.06
420220,0.14
420242,0.09
420249,0.02
420254,0.02
420255,0.03
420258,0.06
420260,0.05
420263,0.11
420265,0.05
420271,0.02
420273,0.1
420274,0.03
420275,0.04
420277,0.07
420278,0.14
420279,0.17
420280,0.11
420281,0.04
420283,0.1
420284,0.06
420285,0.04
420286,0.05
420287,0.13
420288,0.02
420290,0.08
420291,0.06
420293,0.11
420294,0.03
420295,0.06
420296,0.03
420297,0.18
420298,0.08
420299,0.1
420300,0.07
420344,0.02
420345,0.16
420347,0.04
420348,0.15
420349,0.1
420350,0.05
420351,0.03
420352,0.05
420353,0.04
420354,0.13
420355,0.12
420356,0.09
420357,0.02
420358,0.09
420359,0.0
420360,0.03
420361,0.05
420362,0.17
420363,0.12
420364,0.18
420365,0.11
420366,0.1
420383,0.03
420436,0.23
420446,0.07
420554,0.1
420565,0.07
420569,0.1
420573,0.06
420574,0.1
420587,0.13
420589,0.15
420593,0.05
420594,0.04
420595,0.1
420598,0.09
420601,0.11
420602,0.15
420603,0.04
420607,0.03
420611,0.04
420613,0.14
420614,0.1
420615,0.07
420616,0.06
420617,0.11
420618,0.06
420619,0.13
420620,0.0
420621,0.11
420622,0.14
420623,0.11
420624,0.01
420625,0.1
420626,0.19
420627,0.12
420628,0.03
420629,0.03
420631,0.04
420633,0.08
420634,0.04
420635,0.05
420636,0.05
420637,0.11
420662,0.05
420727,0.03
420728,0.07
420733,0.25
420787,0.06
420789,0.11
420792,0.22
420797,0.22
420814,0.05
420833,0.24
420839,0.03
420841,0.07
420843,0.05
420844,0.04
420847,0.18
420849,0.09
420851,0.12
420853,0.08
420854,0.1
420855,0.08
420856,0.01
420857,0.09
420858,0.04
420859,0.08
420860,0.31
420861,0.16
420862,0.08
420863,0.07
420864,0.14
420866,0.19
420867,0.03
420868,0.02
420869,0.16
420870,0.0
420871,0.09
420872,0.1
420873,0.07
420874,0.12
420875,0.12
420876,0.08
420878,0.06
420879,0.13
420880,0.03
420881,0.12
420882,0.04
420883,0.09
420884,0.16
420885,0.12
420886,0.03
420887,0.15
420888,0.08
420905,0.1
421015,0.03
421200,0.13
421269,0.07
421272,0.05
421290,0.22
421323,0.15
421342,0.02
421349,0.1
421355,0.04
421356,0.13
421363,0.22
421365,0.19
421381,0.15
421383,0.02
421386,0.27
421394,0.01
421395,0.2
421399,0.11
421431,0.21
421467,0.12
421554,0.09
421557,0.11
421558,0.07
421562,0.07
421614,0.17
421690,0.04
421758,0.33
421776,0.17
421827,0.15
421828,0.06
421829,0.11
421848,0.09
421862,0.07
421863,0.04
421868,0.02
421884,0.1
421921,0.15
421924,0.09
421958,0.11
421961,0.03
421964,0.01
421968,0.11
421974,0.08
421975,0.03
421977,0.1
421978,0.25
421979,0.0
421980,0.13
421982,0.12
421985,0.01
421986,0.08
421987,0.06
421988,0.03
421989,0.06
421990,0.09
421991,0.07
421993,0.09
421994,0.07
421996,0.37
421997,0.01
421998,0.13
421999,0.1
422000,0.14
422001,0.11
422002,0.16
422004,0.12
422005,0.11
422007,0.1
422008,0.12
422010,0.04
422011,0.04
422012,0.06
422014,0.06
422015,0.13
422016,0.16
422017,0.07
422018,0.08
422019,0.05
422039,0.03
422041,0.04
422042,0.04
422043,0.1
422044,0.06
422045,0.04
422047,0.17
422048,0.01
422049,0.09
422050,0.11
422051,0.17
422053,0.1
422054,0.07
422055,0.12
422056,0.09
422057,0.11
422058,0.11
422059,0.05
422060,0.02
422063,0.18
422064,0.12
422065,0.08
422066,0.11
422067,0.05
422068,0.06
422069,0.03
422070,0.06
422071,0.01
422072,0.02
422074,0.06
422152,0.06
422210,0.16
422227,0.22
422308,0.09
422339,0.05
422368,0.04
422391,0.03
422407,0.03
422485,0.03
422491,0.08
422506,0.17
422508,0.11
422512,0.02
422513,0.0
422514,0.05
422518,0.01
422519,0.09
422523,0.03
422524,0.11
422525,0.04
422526,0.03
422527,0.15
422531,0.27
422533,0.05
422534,0.09
422536,0.07
422537,0.05
422538,0.21
422540,0.11
422541,0.26
422543,0.07
422544,0.13
422545,0.07
422546,0.03
422547,0.07
422548,0.13
422549,0.12
422550,0.05
422551,0.04
422552,0.07
422553,0.11
422554,0.08
422555,0.2
422556,0.06
422639,0.02
422667,0.11
422734,0.1
422748,0.12
422749,0.16
422796,0.19
422810,0.06
422839,0.08
422850,0.1
422891,0.13
422940,0.06
422962,0.03
422964,0.11
423009,0.09
423022,0.04
423041,0.13
423046,0.08
423052,0.07
423055,0.08
423061,0.06
423075,0.04
423076,0.08
423077,0.14
423081,0.18
423083,0.14
423087,0.02
423089,0.03
423091,0.07
423098,0.04
423105,0.05
423106,0.12
423107,0.07
423114,0.17
423116,0.03
423120,0.12
423121,0.1
423125,0.06
423132,0.09
423133,0.06
423134,0.26
423135,0.14
423137,0.04
423138,0.02
423139,0.04
423140,0.03
423141,0.13
423143,0.07
423144,0.04
423145,0.06
423146,0.08
423147,0.06
423148,0.1
423149,0.03
423150,0.06
423151,0.06
423152,0.02
423153,0.16
423154,0.05
423155,0.06
423156,0.03
423157,0.04
423158,0.08
423159,0.12
423228,0.12
423237,0.24
423386,0.15
423416,0.3
423417,0.16
423489,0.05
423503,0.21
423522,0.11
423571,0.09
423574,0.0
423580,0.14
423621,0.18
423622,0.21
423624,0.1
423629,0.06
423631,0.15
423648,0.13
423651,0.04
423652,0.14
423658,0.18
423663,0.04
423664,0.03
423665,0.19
423668,0.07
423670,0.04
423671,0.07
423672,0.05
423679,0.02
423681,0.11
423687,0.11
423688,0.08
423690,0.04
423691,0.06
423693,0.09
423696,0.08
423698,0.15
423699,0.2
423700,0.06
423701,0.11
423702,0.02
423703,0.03
423704,0.01
423706,0.1
423707,0.07
423708,0.03
423709,0.14
423710,0.1
423711,0.03
423712,0.22
423713,0.06
423714,0.37
423715,0.02
423717,0.07
423718,0.08
423719,0.08
423720,0.05
423721,0.1
423722,0.07
423723,0.16
423724,0.0
423726,0.11
423730,0.02
423734,0.06
423735,0.05
423736,0.07
423737,0.03
423738,0.07
423739,0.06
423740,0.09
423741,0.05
423742,0.11
423743,0.08
423746,0.06
423747,0.07
423748,0.18
423749,0.07
423750,0.14
423751,0.07
423752,0.04
423753,0.12
423754,0.02
423755,0.01
423756,0.08
423800,0.12
423894,0.01
423938,0.2
423939,0.11
423940,0.03
423947,0.04
423957,0.21
423959,0.16
423966,0.34
423968,0.04
423972,0.04
423978,0.1
423979,0.02
423982,0.24
423983,0.1
423986,0.02
423990,0.05
423993,0.02
423994,0.02
423996,0.02
423998,0.11
423999,0.06
424000,0.04
424001,0.1
424002,0.02
424003,0.16
424004,0.05
424005,0.04
424006,0.09
424007,0.07
424008,0.15
424009,0.05
424010,0.09
424011,0.09
424012,0.03
424013,0.09
424014,0.16
424015,0.08
424016,0.06
424161,0.09
424189,0.22
424192,0.06
424198,0.04
424202,0.01
424203,0.07
424207,0.18
424208,0.07
424211,0.04
424214,0.1
424215,0.04
424216,0.03
424220,0.05
424222,0.14
424223,0.11
424232,0.07
424234,0.01
424235,0.06
424236,0.05
424241,0.01
424244,0.04
424245,0.18
424246,0.04
424248,0.2
424249,0.12
424251,0.05
424252,0.06
424253,0.08
424254,0.08
424255,0.07
424256,0.16
424257,0.03
424258,0.14
424259,0.06
424260,0.03
424261,0.09
424262,0.01
424264,0.05
424265,0.22
424266,0.17
424267,0.07
424268,0.09
424270,0.21
424271,0.14
424272,0.04
424273,0.05
424274,0.09
424275,0.01
424320,0.18
424354,0.08
424359,0.05
424360,0.14
424361,0.35
424362,0.08
424363,0.04
424364,0.13
424365,0.03
424491,0.09
424576,0.09
424639,0.08
424640,0.03
424653,0.08
424672,0.11
424708,0.07
424724,0.05
424725,0.11
424734,0.19
424755,0.07
424758,0.1
424765,0.03
424770,0.15
424773,0.18
424780,0.03
424784,0.07
424791,0.07
424797,0.12
424800,0.03
424807,0.02
424809,0.07
424812,0.08
424813,0.07
424816,0.04
424817,0.04
424820,0.12
424822,0.16
424823,0.07
424825,0.05
424826,0.19
424827,0.03
424828,0.13
424830,0.05
424831,0.05
424832,0.24
424833,0.03
424834,0.11
424835,0.14
424836,0.1
424837,0.24
424838,0.07
424839,0.11
424840,0.04
424841,0.17
424843,0.06
424845,0.18
424846,0.0
424847,0.03
424848,0.06
424849,0.18
424850,0.26
424851,0.06
424852,0.09
424853,0.04
424854,0.18
424856,0.04
424857,0.06
424947,0.13
425037,0.16
425039,0.12
425096,0.06
425107,0.04
425156,0.06
425191,0.06
425192,0.13
425230,0.02
425231,0.1
425237,0.09
425281,0.13
425301,0.09
425306,0.19
425312,0.02
425313,0.03
425317,0.04
425326,0.07
425330,0.05
425336,0.25
425338,0.11
425343,0.1
425345,0.03
425360,0.04
425364,0.09
425368,0.12
425369,0.09
425371,0.12
425372,0.05
425373,0.23
425374,0.08
425376,0.07
425379,0.15
425380,0.03
425381,0.06
425382,0.04
425383,0.02
425384,0.1
425385,0.06
425388,0.19
425389,0.05
425390,0.07
425391,0.12
425392,0.07
425394,0.07
425395,0.15
425396,0.07
425397,0.02
425398,0.02
425399,0.05
425400,0.05
425403,0.07
425404,0.12
425405,0.06
425406,0.14
425407,0.17
425408,0.03
425409,0.09
425411,0.04
425412,0.08
425413,0.28
425414,0.1
425415,0.08
425416,0.09
425418,0.02
425419,0.03
425423,0.09
425424,0.03
425425,0.21
425426,0.12
425429,0.12
425430,0.06
425431,0.04
425432,0.03
425433,0.11
425434,0.03
425435,0.11
425437,0.02
425438,0.02
425439,0.07
425440,0.07
425441,0.1
425442,0.24
425444,0.23
425446,0.07
425447,0.12
425448,0.11
425449,0.07
425450,0.06
425451,0.05
425453,0.12
425454,0.17
425455,0.07
425456,0.18
425457,0.13
425458,0.1
425459,0.15
425460,0.02
425461,0.08
425462,0.06
425511,0.03
425601,0.03
425810,0.06
425824,0.14
425830,0.13
425835,0.11
425838,0.08
425865,0.02
425877,0.1
425904,0.15
425905,0.02
425906,0.04
425909,0.13
425911,0.21
425913,0.06
425923,0.06
425932,0.03
425938,0.01
425939,0.21
425943,0.12
425944,0.05
425945,0.07
425946,0.0
425948,0.09
425950,0.03
425952,0.11
425954,0.17
425955,0.02
425957,0.15
425958,0.15
425959,0.08
425960,0.14
425961,0.19
425962,0.12
425964,0.13
425965,0.03
425966,0.16
425967,0.07
425968,0.04
425969,0.08
425970,0.09
425971,0.18
425972,0.03
425976,0.13
426050,0.04
426051,0.21
426052,0.01
426053,0.05
426124,0.09
426132,0.1
426154,0.08
426192,0.04
426235,0.05
426297,0.16
426387,0.14
426396,0.01
426436,0.03
426437,0.09
426460,0.09
426466,0.03
426469,0.09
426510,0.1
426617,0.15
426630,0.05
426631,0.06
426650,0.08
426688,0.12
426691,0.06
426855,0.08
426873,0.1
426890,0.01
426891,0.12
426895,0.02
426928,0.2
426929,0.02
426955,0.13
426957,0.02
427007,0.08
427009,0.06
427021,0.05
427023,0.07
427032,0.09
427036,0.07
427040,0.04
427041,0.05
427042,0.08
427044,0.02
427048,0.12
427050,0.08
427054,0.02
427057,0.05
427058,0.03
427059,0.2
427060,0.14
427062,0.07
427063,0.17
427064,0.07
427065,0.06
427067,0.21
427069,0.07
427070,0.02
427071,0.19
427072,0.02
427073,0.09
427074,0.01
427075,0.03
427076,0.04
427077,0.15
427078,0.11
427079,0.06
427080,0.04
427081,0.05
427082,0.08
427088,0.05
427109,0.02
427110,0.06
427111,0.07
427114,0.07
427115,0.22
427120,0.05
427121,0.04
427122,0.23
427125,0.03
427126,0.02
427127,0.07
427128,0.03
427129,0.11
427130,0.33
427131,0.03
427132,0.02
427133,0.04
427134,0.01
427135,0.05
427137,0.19
427138,0.05
427139,0.02
427140,0.15
427142,0.06
427143,0.08
427144,0.11
427145,0.04
427146,0.14
427147,0.08
427148,0.06
427149,0.1
427150,0.14
427151,0.03
427152,0.02
427153,0.02
427154,0.35
427155,0.09
427156,0.05
427157,0.05
427158,0.11
427159,0.15
427160,0.04
427161,0.12
427162,0.29
427163,0.09
427164,0.13
427165,0.0
427254,0.06
427263,0.06
427324,0.17
427330,0.23
427379,0.13
427465,0.02
427485,0.13
427489,0.02
427505,0.08
427567,0.12
427575,0.25
427578,0.09
427589,0.29
427612,0.05
427615,0.12
427618,0.09
427620,0.1
427622,0.04
427627,0.08
427628,0.03
427632,0.02
427634,0.01
427635,0.08
427637,0.09
427639,0.22
427640,0.1
427641,0.06
427642,0.31
427643,0.18
427645,0.08
427646,0.14
427647,0.02
427649,0.09
427650,0.04
427652,0.17
427653,0.14
427654,0.05
427655,0.19
427656,0.02
427657,0.14
427658,0.17
427659,0.1
427660,0.12
427661,0.07
427662,0.03
427663,0.05
427664,0.13
427665,0.05
427666,0.01
427667,0.07
427668,0.28
427669,0.1
427671,0.34
427672,0.17
427673,0.06
427676,0.1
427677,0.02
427703,0.09
427738,0.02
427809,0.11
427881,0.05
427949,0.05
427985,0.14
428047,0.13
428054,0.37
428080,0.18
428143,0.22
428162,0.18
428166,0.06
428187,0.07
428188,0.1
428189,0.07
428195,0.05
428196,0.1
428198,0.1
428200,0.06
428201,0.08
428204,0.24
428206,0.11
428207,0.24
428208,0.18
428210,0.03
428211,0.11
428212,0.16
428213,0.1
428215,0.05
428217,0.13
428218,0.05
428219,0.1
428220,0.04
428222,0.11
428223,0.1
428224,0.1
428225,0.06
428227,0.12
428228,0.09
428229,0.3
428230,0.17
428231,0.1
428232,0.07
428233,0.05
428234,0.03
428235,0.22
428236,0.08
428237,0.14
428238,0.1
428240,0.04
428241,0.05
428242,0.08
428243,0.16
428244,0.15
428311,0.09
428312,0.11
428313,0.18
428314,0.05
428409,0.05
428416,0.05
428423,0.16
428424,0.09
428463,0.09
428485,0.12
428517,0.1
428518,0.12
428561,0.03
428565,0.02
428590,0.07
428597,0.12
428614,0.06
428616,0.18
428621,0.05
428626,0.17
428629,0.01
428636,0.26
428647,0.06
428654,0.05
428659,0.05
428686,0.06
428690,0.03
428701,0.07
428708,0.16
428714,0.21
428722,0.07
428729,0.06
428745,0.03
428751,0.1
428757,0.05
428764,0.11
428774,0.07
428778,0.12
428783,0.03
428789,0.1
428797,0.11
428799,0.03
428801,0.39
428804,0.08
428806,0.09
428813,0.05
428816,0.09
428821,0.1
428832,0.18
428839,0.02
428842,0.13
428850,0.07
428859,0.15
428871,0.03
428907,0.19
428913,0.08
428920,0.15
428924,0.06
428928,0.07
428930,0.02
428933,0.08
428938,0.03
428944,0.09
428948,0.06
428963,0.06
428975,0.1
428979,0.06
428982,0.3
428984,0.03
428987,0.03
429015,0.01
429018,0.09
429028,0.01
429035,0.21
429037,0.07
429042,0.02
429055,0.07
429066,0.05
429067,0.14
429069,0.04
429077,0.1
429078,0.18
429083,0.04
429091,0.12
429093,0.08
429094,0.05
429103,0.09
429109,0.18
429121,0.09
429129,0.01
429134,0.08
429138,0.07
429164,0.0
429173,0.15
429182,0.05
429190,0.03
429199,0.05
429219,0.09
429224,0.04
429226,0.2
429230,0.02
429239,0.06
429243,0.07
429256,0.05
429266,0.11
429269,0.06
429294,0.08
429295,0.17
429297,0.12
429299,0.09
429302,0.05
429305,0.18
429308,0.03
429314,0.14
429318,0.12
429348,0.08
429356,0.33
429359,0.15
429372,0.11
429373,0.15
429384,0.09
429385,0.12
429398,0.01
429405,0.05
429407,0.0
429408,0.09
429412,0.1
429414,0.11
429415,0.09
429421,0.08
429422,0.09
429430,0.11
429432,0.05
429440,0.05
429442,0.18
429451,0.3
429459,0.04
429469,0.04
429471,0.03
429482,0.03
429483,0.18
429491,0.13
429493,0.06
429496,0.13
429498,0.05
429501,0.14
429502,0.07
429508,0.02
429509,0.02
429511,0.17
429528,0.01
429531,0.08
429539,0.12
429549,0.21
429555,0.14
429557,0.01
429567,0.16
429570,0.06
429576,0.04
429590,0.01
429591,0.17
429597,0.14
429600,0.15
429602,0.08
429604,0.1
429623,0.06
429625,0.08
429626,0.05
429628,0.01
429634,0.11
429637,0.14
429666,0.06
429667,0.02
429670,0.04
429673,0.05
429678,0.1
429693,0.1
429702,0.02
429708,0.04
429737,0.05
429739,0.05
429740,0.02
429750,0.12
429770,0.09
429774,0.11
429777,0.08
429780,0.05
429809,0.05
429810,0.01
429831,0.05
429835,0.13
429838,0.12
429846,0.1
429851,0.02
429852,0.05
429856,0.03
429857,0.04
429866,0.21
429871,0.15
429873,0.19
429879,0.17
429882,0.02
429885,0.01
429890,0.18
429897,0.04
429933,0.03
429936,0.03
429948,0.13
429952,0.13
429967,0.04
429982,0.01
429989,0.07
430000,0.09
430003,0.04
430011,0.02
430019,0.05
430035,0.05
430042,0.3
430047,0.13
430048,0.1
430059,0.06
430060,0.1
430077,0.14
430080,0.03
430083,0.28
430086,0.07
430090,0.12
430103,0.07
430107,0.14
430114,0.04
430116,0.02
430124,0.06
430129,0.15
430132,0.21
430146,0.07
430155,0.08
430156,0.11
430160,0.05
430168,0.07
430170,0.07
430176,0.08
430177,0.25
430186,0.22
430187,0.12
430195,0.09
430198,0.25
430204,0.15
430210,0.17
430211,0.3
430213,0.01
430216,0.22
430217,0.05
430227,0.04
430253,0.03
430266,0.18
430274,0.05
430280,0.08
430300,0.08
430301,0.03
430309,0.11
430313,0.01
430316,0.09
430319,0.11
430332,0.07
430346,0.07
430357,0.14
430359,0.08
430368,0.02
430376,0.0
430383,0.1
430389,0.01
430393,0.18
430394,0.03
430404,0.16
430405,0.01
430407,0.1
430433,0.1
430445,0.03
430446,0.03
430451,0.09
430452,0.04
430459,0.09
430466,0.11
430467,0.02
430473,0.14
430477,0.13
430483,0.1
430512,0.03
430521,0.05
430524,0.02
430529,0.08
430533,0.01
430536,0.14
430538,0.04
430540,0.18
430548,0.07
430549,0.11
430550,0.05
430566,0.04
430574,0.04
430576,0.11
430582,0.12
430585,0.08
430625,0.06
430627,0.05
430629,0.04
430637,0.1
430639,0.06
430641,0.06
430656,0.01
430659,0.03
430661,0.02
430671,0.03
430672,0.06
430673,0.07
430674,0.04
430676,0.04
430691,0.06
430698,0.05
430699,0.2
430708,0.16
430719,0.05
430726,0.06
430728,0.28
430730,0.07
430731,0.17
430732,0.04
430738,0.09
430770,0.22
430782,0.14
430785,0.1
430786,0.08
430806,0.23
430818,0.24
430819,0.06
430820,0.08
430835,0.02
430836,0.03
430837,0.12
430838,0.0
430839,0.1
430847,0.11
430853,0.13
430856,0.04
430876,0.11
430886,0.05
430887,0.07
430889,0.07
430927,0.03
430931,0.2
430939,0.01
430942,0.04
430949,0.03
430957,0.01
430960,0.08
430961,0.04
430962,0.22
430973,0.07
430975,0.04
430976,0.04
430981,0.17
430992,0.07
431007,0.13
431010,0.04
431013,0.05
431023,0.04
431027,0.08
431044,0.12
431056,0.08
431058,0.03
431065,0.0
431077,0.11
431080,0.25
431082,0.04
431088,0.16
431095,0.24
431100,0.09
431106,0.09
431107,0.17
431110,0.05
431114,0.14
431138,0.06
431144,0.11
431162,0.04
431170,0.2
431171,0.01
431176,0.02
431203,0.11
431211,0.03
431212,0.06
431215,0.09
431238,0.34
431241,0.08
431244,0.08
431254,0.07
431263,0.04
431278,0.06
431285,0.24
431286,0.03
431298,0.04
431305,0.03
431315,0.17
431323,0.04
431325,0.06
431334,0.02
431358,0.19
431372,0.06
431373,0.03
431374,0.19
431377,0.05
431386,0.1
431388,0.17
431395,0.02
431396,0.06
431413,0.05
431416,0.06
431418,0.22
431431,0.16
431444,0.14
431449,0.12
431467,0.01
431469,0.08
431479,0.06
431480,0.07
431481,0.06
431488,0.05
431492,0.26
431496,0.08
431497,0.05
431508,0.12
431511,0.1
431517,0.01
431520,0.1
431538,0.14
431540,0.02
431543,0.25
431545,0.02
431560,0.08
431561,0.08
431584,0.33
431591,0.21
431593,0.12
431625,0.07
431630,0.12
431633,0.05
431635,0.09
431649,0.03
431650,0.14
431651,0.04
431652,0.02
431667,0.13
431668,0.21
431672,0.05
431675,0.21
431680,0.27
431682,0.03
431683,0.04
431693,0.06
431697,0.04
431726,0.18
431731,0.1
431732,0.12
431744,0.0
431750,0.03
431755,0.05
431756,0.05
431757,0.11
431765,0.13
431766,0.08
431768,0.18
431770,0.02
431773,0.04
431775,0.09
431777,0.19
431778,0.23
431801,0.06
431807,0.01
431810,0.04
431815,0.19
431816,0.04
431823,0.08
431831,0.1
431837,0.1
431841,0.13
431845,0.0
431854,0.06
431857,0.05
431865,0.04
431866,0.12
431867,0.03
431869,0.05
431889,0.11
431899,0.02
431903,0.15
431909,0.02
431914,0.06
431916,0.08
431918,0.23
431931,0.05
431940,0.03
431948,0.08
431962,0.09
431965,0.03
431974,0.0
431976,0.04
431987,0.1
431988,0.07
431995,0.15
431999,0.08
432003,0.06
432005,0.12
432009,0.15
432011,0.04
432022,0.11
432028,0.12
432030,0.03
432037,0.05
432065,0.03
432070,0.04
432075,0.08
432078,0.06
432080,0.03
432085,0.02
432092,0.08
432111,0.09
432112,0.0
432115,0.0
432117,0.12
432118,0.18
432129,0.17
432132,0.16
432133,0.11
432145,0.05
432146,0.02
432148,0.1
432156,0.05
432167,0.04
432169,0.04
432188,0.03
432192,0.39
432221,0.12
432226,0.07
432231,0.04
432247,0.04
432252,0.09
432254,0.07
432263,0.02
432265,0.02
432271,0.13
432280,0.06
432282,0.05
432284,0.1
432291,0.2
432296,0.08
432298,0.08
432301,0.05
432309,0.12
432312,0.06
432320,0.02
432324,0.02
432330,0.13
432339,0.03
432356,0.02
432357,0.03
432362,0.06
432365,0.03
432366,0.09
432370,0.07
432377,0.2
432384,0.03
432391,0.11
432405,0.04
432406,0.13
432414,0.19
432415,0.06
432417,0.02
432419,0.02
432424,0.07
432425,0.03
432432,0.15
432438,0.1
432441,0.05
432444,0.28
432446,0.33
432452,0.16
432454,0.14
432473,0.14
432482,0.14
432489,0.06
432492,0.23
432495,0.0
432501,0.1
432507,0.08
432509,0.31
432510,0.1
432522,0.03
432525,0.09
432526,0.05
432527,0.15
432532,0.0
432535,0.01
432544,0.03
432547,0.09
432551,0.1
432553,0.03
432555,0.04
432560,0.08
432569,0.15
432577,0.09
432585,0.02
432590,0.05
432591,0.07
432594,0.06
432607,0.02
432608,0.2
432609,0.09
432612,0.23
432613,0.07
432616,0.04
432618,0.23
432622,0.13
432626,0.03
432639,0.05
432640,0.02
432642,0.14
432648,0.05
432653,0.11
432661,0.11
432668,0.03
432682,0.12
432686,0.1
432693,0.01
432695,0.17
432696,0.18
432698,0.07
432699,0.02
432702,0.03
432707,0.1
432712,0.0
432719,0.05
432724,0.04
432728,0.1
432737,0.19
432745,0.13
432746,0.11
432749,0.23
432752,0.03
432758,0.01
432769,0.16
432770,0.07
432771,0.09
432788,0.01
432804,0.03
432807,0.28
432830,0.12
432831,0.09
432842,0.16
432849,0.25
432876,0.23
432886,0.08
432888,0.06
432897,0.01
432918,0.02
432919,0.1
432920,0.06
432921,0.01
432930,0.02
432932,0.03
432943,0.16
432944,0.07
432951,0.07
432952,0.07
432965,0.16
432969,0.1
432981,0.05
432985,0.02
432986,0.07
432988,0.19
432991,0.14
432992,0.09
433002,0.0
433018,0.1
433019,0.03
433021,0.07
433024,0.06
433031,0.01
433035,0.09
433047,0.22
433050,0.07
433051,0.0
433055,0.05
433058,0.11
433069,0.06
433079,0.15
433098,0.06
433099,0.07
433104,0.1
433112,0.02
433117,0.03
433119,0.06
433130,0.05
433132,0.16
433158,0.31
433159,0.03
433162,0.02
433166,0.19
433169,0.05
433173,0.08
433174,0.05
433183,0.3
433184,0.05
433198,0.02
433205,0.17
433221,0.1
433271,0.2
433274,0.09
433276,0.17
433281,0.08
433283,0.07
433296,0.11
433300,0.09
433304,0.09
433308,0.13
433312,0.03
433313,0.17
433319,0.05
433332,0.12
433342,0.03
433343,0.05
433344,0.07
433345,0.05
433347,0.06
433350,0.06
433355,0.21
433356,0.12
433359,0.02
433361,0.12
433363,0.09
433370,0.01
433371,0.05
433374,0.09
433384,0.13
433390,0.03
433392,0.04
433396,0.07
433403,0.14
433405,0.04
433408,0.36
433410,0.22
433411,0.0
433424,0.11
433431,0.04
433432,0.17
433440,0.11
433441,0.15
433451,0.12
433452,0.06
433459,0.07
433463,0.03
433464,0.08
433470,0.09
433480,0.11
433482,0.14
433485,0.12
433494,0.27
433495,0.08
433496,0.03
433505,0.05
433509,0.05
433515,0.04
433518,0.03
433519,0.16
433527,0.1
433532,0.09
433535,0.01
433539,0.15
433561,0.06
433564,0.28
433566,0.11
433574,0.07
433575,0.02
433584,0.26
433591,0.17
433596,0.17
433598,0.13
433602,0.05
433606,0.05
433611,0.04
433617,0.08
433620,0.12
433628,0.06
433631,0.04
433651,0.07
433653,0.08
433657,0.06
433661,0.07
433662,0.09
433663,0.11
433668,0.13
433670,0.25
433680,0.1
433686,0.14
433709,0.03
433725,0.04
433731,0.1
433735,0.14
433745,0.06
433748,0.03
433754,0.19
433762,0.05
433766,0.02
433767,0.03
433779,0.22
433783,0.05
433785,0.12
433789,0.03
433794,0.13
433799,0.04
433800,0.02
433804,0.1
433816,0.1
433820,0.07
433829,0.03
433837,0.01
433840,0.01
433842,0.04
433849,0.08
433853,0.05
433862,0.04
433872,0.07
433882,0.02
433892,0.06
433896,0.02
433906,0.03
433913,0.07
433914,0.05
433957,0.06
433958,0.14
433965,0.17
433976,0.12
433984,0.07
433995,0.08
433996,0.04
434006,0.11
434007,0.04
434009,0.05
434019,0.12
434024,0.09
434026,0.16
434027,0.03
434034,0.12
434036,0.06
434037,0.12
434046,0.04
434050,0.01
434051,0.04
434052,0.13
434055,0.03
434061,0.18
434064,0.04
434108,0.12
434109,0.06
434121,0.12
434122,0.12
434140,0.01
434151,0.03
434156,0.04
434157,0.02
434160,0.19
434164,0.07
434167,0.03
434169,0.15
434173,0.0
434176,0.1
434177,0.06
434179,0.09
434180,0.04
434183,0.13
434192,0.01
434205,0.1
434209,0.09
434212,0.09
434214,0.1
434216,0.07
434222,0.11
434223,0.02
434224,0.13
434259,0.1
434261,0.02
434263,0.01
434264,0.07
434282,0.03
434283,0.07
434293,0.07
434317,0.16
434322,0.06
434326,0.13
434327,0.01
434328,0.11
434336,0.01
434340,0.04
434342,0.13
434350,0.15
434355,0.15
434375,0.03
434387,0.06
434390,0.1
434391,0.04
434408,0.0
434410,0.08
434423,0.07
434439,0.13
434442,0.04
434445,0.14
434448,0.12
434460,0.12
434465,0.05
434467,0.17
434468,0.11
434501,0.06
434504,0.16
434505,0.19
434507,0.09
434514,0.05
434535,0.11
434538,0.35
434542,0.15
434545,0.07
434554,0.18
434556,0.1
434568,0.13
434569,0.13
434571,0.24
434574,0.09
434579,0.04
434599,0.12
434604,0.09
434606,0.02
434607,0.07
434608,0.03
434610,0.09
434615,0.22
434616,0.32
434619,0.06
434658,0.18
434669,0.03
434675,0.02
434678,0.02
434680,0.08
434690,0.19
434698,0.08
434702,0.18
434704,0.0
434722,0.02
434727,0.1
434730,0.06
434735,0.04
434739,0.23
434765,0.04
434767,0.27
434784,0.11
434787,0.12
434788,0.1
434789,0.01
434790,0.06
434791,0.11
434802,0.06
434806,0.1
434807,0.17
434808,0.22
434815,0.14
434816,0.15
434817,0.15
434818,0.1
434830,0.22
434918,0.06
434920,0.05
434921,0.05
434922,0.2
434937,0.05
434948,0.11
434949,0.17
434952,0.05
434954,0.04
434957,0.13
434968,0.02
434974,0.08
434982,0.1
434986,0.09
434993,0.03
434995,0.21
435005,0.04
435013,0.12
435027,0.02
435034,0.38
435056,0.29
435060,0.03
435062,0.11
435068,0.06
435069,0.11
435071,0.1
435079,0.02
435086,0.19
435092,0.11
435099,0.08
435100,0.07
435108,0.07
435118,0.11
435120,0.07
435129,0.09
435132,0.13
435138,0.08
435139,0.21
435142,0.17
435147,0.13
435148,0.11
435151,0.07
435153,0.04
435154,0.1
435164,0.24
435173,0.05
435174,0.07
435179,0.03
435199,0.04
435202,0.03
435203,0.1
435214,0.22
435217,0.05
435222,0.09
435229,0.38
435239,0.02
435248,0.13
435259,0.12
435260,0.06
435263,0.12
435264,0.04
435267,0.06
435274,0.2
435286,0.05
435296,0.03
435308,0.06
435328,0.12
435333,0.06
435363,0.06
435366,0.0
435375,0.08
435378,0.21
435400,0.09
435408,0.21
435409,0.11
435415,0.04
435419,0.22
435422,0.06
435428,0.21
435432,0.11
435434,0.09
435435,0.18
435440,0.06
435455,0.02
435464,0.06
435470,0.03
435475,0.19
435478,0.05
435480,0.19
435482,0.1
435490,0.06
435507,0.14
435509,0.07
435510,0.05
435519,0.03
435527,0.2
435533,0.08
435534,0.19
435535,0.11
435536,0.03
435540,0.09
435551,0.07
435562,0.35
435564,0.14
435585,0.07
435590,0.03
435609,0.01
435610,0.02
435611,0.05
435623,0.14
435681,0.05
435682,0.06
435683,0.04
435704,0.07
435711,0.08
435713,0.14
435714,0.04
435716,0.06
435717,0.22
435718,0.09
435719,0.01
435741,0.12
435765,0.04
435766,0.1
435767,0.08
435773,0.2
435802,0.15
435806,0.05
435807,0.14
435809,0.06
435811,0.28
435816,0.03
435823,0.05
435835,0.09
435848,0.09
435849,0.28
435858,0.07
435870,0.06
435874,0.03
435890,0.18
435892,0.04
435911,0.1
435915,0.08
435924,0.05
435937,0.03
435943,0.16
435958,0.05
435962,0.02
435965,0.21
435968,0.19
435997,0.1
435998,0.27
435999,0.03
436009,0.07
436021,0.06
436022,0.01
436026,0.24
436032,0.04
436037,0.11
436049,0.09
436058,0.07
436059,0.04
436062,0.2
436068,0.07
436079,0.06
436082,0.05
436083,0.14
436093,0.13
436098,0.03
436113,0.08
436127,0.25
436148,0.07
436152,0.13
436159,0.02
436165,0.05
436170,0.1
436174,0.07
436176,0.06
436183,0.01
436194,0.05
436196,0.01
436204,0.05
436207,0.18
436210,0.11
436219,0.22
436227,0.04
436230,0.07
436233,0.01
436235,0.21
436250,0.08
436260,0.14
436285,0.15
436291,0.11
436304,0.03
436307,0.14
436308,0.16
436311,0.06
436314,0.06
436322,0.06
436323,0.26
436339,0.03
436350,0.02
436358,0.09
436359,0.07
436363,0.06
436365,0.03
436369,0.06
436377,0.11
436378,0.1
436387,0.08
436394,0.23
436397,0.07
436399,0.13
436401,0.04
436404,0.15
436421,0.05
436422,0.17
436426,0.05
436430,0.12
436464,0.11
436471,0.04
436476,0.05
436478,0.05
436486,0.02
436497,0.09
436508,0.07
436509,0.03
436510,0.15
436511,0.29
436528,0.05
436531,0.03
436534,0.19
436535,0.06
436536,0.04
436537,0.04
436560,0.08
436562,0.13
436563,0.14
436564,0.06
436598,0.03
436599,0.04
436600,0.04
436637,0.02
436674,0.04
436706,0.07
436721,0.16
436722,0.14
436735,0.05
436747,0.18
436748,0.04
436750,0.11
436757,0.11
436767,0.12
436771,0.02
436781,0.14
436786,0.05
436799,0.02
436807,0.12
436812,0.06
436821,0.13
436835,0.03
436836,0.14
436846,0.14
436874,0.05
436880,0.25
436882,0.13
436885,0.03
436893,0.06
436894,0.03
436896,0.05
436902,0.11
436918,0.06
436921,0.14
436935,0.07
436955,0.06
436961,0.05
436963,0.08
436964,0.13
436970,0.04
436975,0.02
437005,0.1
437014,0.07
437020,0.05
437043,0.09
437045,0.06
437070,0.06
437078,0.09
437095,0.09
437097,0.03
437123,0.04
437127,0.05
437128,0.08
437130,0.08
437147,0.22
437156,0.04
437157,0.08
437160,0.11
437161,0.02
437169,0.07
437189,0.2
437196,0.15
437198,0.05
437200,0.1
437206,0.13
437211,0.03
437215,0.09
437218,0.07
437226,0.07
437229,0.2
437235,0.06
437244,0.06
437245,0.08
437246,0.21
437264,0.04
437266,0.03
437268,0.1
437269,0.05
437273,0.04
437275,0.19
437276,0.09
437302,0.03
437304,0.05
437305,0.1
437306,0.08
437334,0.07
437335,0.14
437336,0.05
437338,0.09
437343,0.5
437356,0.06
437357,0.09
437358,0.08
437359,0.06
437360,0.16
437393,0.03
437397,0.17
437403,0.19
437409,0.01
437426,0.11
437430,0.19
437446,0.22
437459,0.08
437461,0.08
437462,0.1
437463,0.03
437475,0.11
437478,0.06
437480,0.06
437482,0.06
437486,0.01
437491,0.18
437492,0.11
437493,0.16
437496,0.2
437510,0.0
437515,0.05
437516,0.13
437519,0.08
437522,0.16
437524,0.05
437532,0.08
437538,0.06
437546,0.17
437551,0.19
437553,0.22
437556,0.08
437573,0.31
437575,0.05
437584,0.17
437591,0.17
437592,0.02
437595,0.06
437602,0.1
437610,0.05
437611,0.08
437621,0.19
437622,0.24
437624,0.05
437630,0.0
437631,0.2
437636,0.08
437666,0.04
437672,0.1
437676,0.12
437687,0.12
437689,0.16
437706,0.17
437712,0.23
437735,0.0
437757,0.08
437763,0.1
437790,0.01
437791,0.04
437795,0.05
437803,0.04
437810,0.06
437811,0.06
437813,0.03
437820,0.05
437823,0.07
437832,0.04
437841,0.06
437852,0.11
437858,0.05
437862,0.11
437892,0.02
437896,0.05
437903,0.25
437905,0.05
437911,0.22
437913,0.02
437918,0.02
437922,0.08
437933,0.17
437936,0.07
437945,0.14
437966,0.07
437967,0.16
437972,0.09
437977,0.11
437984,0.19
437996,0.01
437997,0.09
437999,0.07
438001,0.06
438004,0.05
438007,0.09
438029,0.04
438031,0.06
438034,0.07
438038,0.25
438054,0.16
438058,0.05
438064,0.11
438065,0.08
438074,0.06
438084,0.07
438088,0.08
438089,0.05
438090,0.12
438117,0.04
438118,0.05
438151,0.09
438152,0.06
438153,0.2
438154,0.03
438167,0.08
438187,0.13
438192,0.16
438195,0.06
438196,0.12
438220,0.08
438223,0.12
438229,0.1
438256,0.06
438258,0.11
438260,0.1
438264,0.01
438273,0.06
438306,0.2
438307,0.12
438308,0.05
438309,0.02
438310,0.1
438341,0.22
438348,0.09
438349,0.07
438364,0.0
438368,0.05
438380,0.21
438382,0.1
438402,0.09
438404,0.12
438408,0.18
438410,0.17
438429,0.05
438434,0.13
438435,0.06
438437,0.15
438438,0.12
438444,0.11
438471,0.04
438506,0.14
438521,0.07
438524,0.19
438525,0.14
438534,0.01
438541,0.02
438546,0.04
438547,0.09
438564,0.01
438568,0.03
438570,0.0
438578,0.08
438582,0.08
438587,0.04
438604,0.05
438620,0.02
438621,0.03
438624,0.02
438634,0.19
438644,0.09
438645,0.07
438651,0.15
438659,0.09
438660,0.06
438662,0.06
438668,0.06
438673,0.1
438677,0.06
438683,0.19
438687,0.08
438700,0.06
438713,0.08
438714,0.08
438715,0.01
438717,0.05
438721,0.18
438738,0.09
438749,0.05
438750,0.13
438756,0.05
438771,0.05
438777,0.03
438781,0.06
438783,0.07
438786,0.2
438792,0.03
438802,0.06
438808,0.05
438814,0.05
438829,0.18
438846,0.08
438851,0.14
438856,0.44
438858,0.25
438861,0.05
438862,0.1
438876,0.12
438880,0.01
438891,0.11
438896,0.19
438898,0.09
438904,0.13
438908,0.04
438921,0.07
438923,0.12
438929,0.04
438942,0.06
438950,0.12
438979,0.16
438994,0.18
438995,0.06
438996,0.02
439002,0.23
439013,0.03
439015,0.18
439017,0.08
439029,0.08
439047,0.17
439048,0.07
439049,0.15
439050,0.0
439061,0.13
439065,0.17
439069,0.07
439070,0.17
439071,0.13
439072,0.15
439073,0.07
439076,0.01
439077,0.11
439078,0.15
439089,0.05
439095,0.06
439113,0.03
439122,0.03
439127,0.01
439153,0.05
439154,0.19
439157,0.04
439197,0.08
439205,0.05
439207,0.19
439209,0.07
439213,0.02
439218,0.05
439222,0.02
439229,0.14
439233,0.05
439235,0.05
439236,0.06
439239,0.11
439248,0.02
439255,0.1
439265,0.11
439266,0.08
439268,0.05
439270,0.07
439276,0.13
439285,0.02
439294,0.03
439296,0.05
439299,0.15
439310,0.14
439319,0.03
439320,0.06
439325,0.06
439327,0.0
439328,0.04
439334,0.06
439335,0.09
439339,0.21
439343,0.03
439353,0.06
439356,0.15
439374,0.03
439391,0.09
439400,0.03
439405,0.26
439413,0.04
439448,0.02
439451,0.03
439455,0.08
439468,0.1
439472,0.0
439473,0.03
439477,0.02
439483,0.06
439484,0.05
439501,0.15
439505,0.0
439512,0.12
439515,0.07
439525,0.11
439535,0.07
439539,0.03
439548,0.3
439549,0.05
439550,0.1
439551,0.05
439558,0.01
439562,0.04
439566,0.05
439571,0.07
439587,0.03
439591,0.09
439595,0.14
439611,0.09
439614,0.14
439618,0.15
439620,0.15
439626,0.09
439633,0.05
439657,0.05
439660,0.09
439661,0.12
439666,0.08
439673,0.03
439675,0.13
439705,0.1
439707,0.09
439720,0.03
439727,0.06
439733,0.05
439736,0.02
439737,0.06
439746,0.05
439755,0.12
439763,0.07
439765,0.09
439766,0.04
439768,0.09
439774,0.06
439779,0.01
439781,0.21
439784,0.12
439808,0.1
439816,0.02
439818,0.01
439820,0.03
439824,0.02
439830,0.13
439839,0.06
439841,0.2
439845,0.04
439874,0.01
439875,0.04
439879,0.13
439882,0.05
439883,0.06
439900,0.04
439901,0.1
439906,0.07
439909,0.11
439911,0.19
439914,0.04
439936,0.09
439937,0.08
439945,0.07
439950,0.08
439955,0.05
439956,0.05
439971,0.18
439977,0.11
439984,0.26
439985,0.02
439990,0.06
439994,0.05
440003,0.05
440030,0.06
440042,0.1
440048,0.07
440054,0.05
440073,0.24
440074,0.08
440080,0.04
440082,0.04
440085,0.04
440088,0.13
440091,0.01
440100,0.05
440103,0.06
440113,0.24
440119,0.02
440127,0.0
440130,0.03
440131,0.03
440135,0.15
440139,0.08
440147,0.18
440156,0.1
440158,0.09
440162,0.05
440163,0.15
440176,0.11
440181,0.01
440191,0.04
440192,0.01
440215,0.03
440219,0.13
440222,0.08
440238,0.06
440239,0.0
440244,0.14
440245,0.05
440252,0.09
440266,0.04
440267,0.09
440281,0.13
440283,0.1
440292,0.07
440307,0.03
440309,0.1
440313,0.13
440315,0.16
440320,0.08
440332,0.08
440336,0.03
440338,0.08
440342,0.07
440350,0.08
440352,0.03
440356,0.0
440359,0.05
440384,0.08
440395,0.1
440396,0.02
440397,0.11
440401,0.04
440408,0.14
440411,0.11
440425,0.04
440439,0.04
440451,0.23
440460,0.17
440463,0.14
440473,0.07
440479,0.05
440497,0.09
440506,0.02
440509,0.06
440518,0.08
440528,0.07
440536,0.16
440543,0.12
440561,0.05
440562,0.06
440566,0.26
440572,0.16
440574,0.15
440585,0.1
440592,0.01
440601,0.23
440606,0.12
440632,0.05
440643,0.06
440653,0.04
440669,0.01
440682,0.08
440691,0.08
440701,0.03
440706,0.13
440708,0.07
440714,0.3
440721,0.21
440723,0.21
440750,0.05
440759,0.24
440773,0.07
440792,0.15
440793,0.05
440798,0.31
440804,0.08
440819,0.09
440827,0.18
440851,0.05
440861,0.04
440862,0.07
440868,0.04
440874,0.01
440877,0.11
440883,0.06
440884,0.16
440886,0.01
440900,0.24
440902,0.02
440904,0.08
440910,0.07
440913,0.15
440915,0.15
440923,0.07
440924,0.07
440927,0.04
440936,0.07
440968,0.13
440973,0.08
440975,0.04
440979,0.13
440986,0.08
440987,0.08
440995,0.06
440998,0.15
441000,0.04
441004,0.06
441007,0.19
441014,0.18
441026,0.07
441032,0.21
441042,0.08
441051,0.26
441060,0.04
441061,0.07
441081,0.17
441082,0.07
441085,0.08
441087,0.03
441089,0.03
441091,0.09
441095,0.14
441114,0.06
441128,0.15
441138,0.1
441154,0.05
441156,0.09
441157,0.2
441175,0.05
441183,0.06
441189,0.03
441207,0.02
441209,0.15
441217,0.11
441228,0.11
441229,0.05
441239,0.03
441244,0.03
441256,0.05
441275,0.09
441278,0.09
441284,0.06
441288,0.06
441293,0.21
441294,0.27
441297,0.26
441298,0.01
441304,0.02
441316,0.05
441318,0.02
441351,0.05
441354,0.16
441363,0.1
441373,0.16
441375,0.06
441382,0.04
441385,0.0
441388,0.03
441392,0.26
441402,0.18
441413,0.16
441417,0.31
441427,0.05
441437,0.09
441453,0.21
441458,0.08
441459,0.06
441463,0.05
441466,0.07
441475,0.05
441479,0.06
441497,0.02
441501,0.02
441509,0.08
441513,0.1
441546,0.19
441547,0.06
441563,0.23
441565,0.04
441567,0.03
441576,0.12
441577,0.06
441578,0.07
441597,0.05
441607,0.06
441609,0.11
441611,0.04
441613,0.07
441622,0.02
441637,0.08
441638,0.08
441652,0.04
441660,0.15
441667,0.15
441671,0.07
441672,0.04
441675,0.12
441679,0.03
441700,0.04
441701,0.06
441711,0.01
441725,0.01
441732,0.03
441741,0.04
441743,0.02
441761,0.02
441763,0.05
441766,0.05
441778,0.17
441780,0.09
441782,0.06
441785,0.05
441796,0.05
441808,0.16
441809,0.16
441811,0.04
441825,0.04
441828,0.02
441835,0.12
441860,0.08
441865,0.04
441871,0.05
441874,0.06
441876,0.05
441885,0.04
441896,0.15
441908,0.03
441913,0.03
441921,0.12
441926,0.06
441936,0.11
441941,0.09
441947,0.01
441957,0.27
441961,0.11
441969,0.03
441979,0.25
441986,0.14
441987,0.01
441996,0.19
441997,0.02
441998,0.14
442001,0.03
442002,0.09
442003,0.11
442010,0.02
442013,0.02
442015,0.17
442026,0.02
442030,0.05
442032,0.2
442033,0.28
442039,0.16
442049,0.06
442054,0.04
442060,0.04
442065,0.09
442067,0.13
442074,0.01
442076,0.16
442080,0.13
442085,0.12
442093,0.06
442100,0.05
442123,0.14
442124,0.14
442128,0.11
442149,0.17
442151,0.13
442157,0.15
442158,0.08
442159,0.1
442161,0.05
442179,0.07
442187,0.09
442190,0.15
442195,0.04
442199,0.06
442233,0.03
442234,0.19
442235,0.07
442250,0.02
442256,0.09
442258,0.11
442264,0.17
442280,0.04
442288,0.02
442290,0.08
442293,0.11
442299,0.15
442303,0.14
442306,0.08
442308,0.06
442312,0.09
442315,0.01
442320,0.11
442321,0.18
442328,0.21
442331,0.14
442359,0.02
442361,0.02
442366,0.12
442368,0.11
442372,0.07
442378,0.08
442392,0.1
442393,0.06
442399,0.06
442401,0.12
442404,0.04
442405,0.15
442438,0.11
442442,0.13
442451,0.11
442452,0.05
442458,0.03
442461,0.14
442464,0.05
442468,0.06
442479,0.19
442484,0.04
442504,0.11
442505,0.05
442513,0.08
442520,0.01
442527,0.11
442539,0.02
442540,0.09
442541,0.04
442555,0.02
442577,0.07
442586,0.08
442588,0.05
442613,0.16
442616,0.12
442622,0.06
442626,0.03
442627,0.17
442641,0.06
442647,0.06
442653,0.17
442656,0.08
442662,0.06
442672,0.1
442682,0.04
442684,0.07
442685,0.02
442698,0.14
442709,0.11
442716,0.07
442718,0.06
442723,0.21
442724,0.06
442737,0.03
442742,0.19
442743,0.04
442746,0.08
442766,0.09
442767,0.07
442769,0.12
442792,0.04
442797,0.07
442799,0.05
442804,0.06
442807,0.12
442816,0.12
442819,0.09
442826,0.12
442831,0.16
442846,0.04
442854,0.09
442861,0.09
442862,0.03
442870,0.13
442875,0.06
442890,0.01
442891,0.17
442896,0.11
442897,0.16
442902,0.05
442903,0.13
442905,0.05
442915,0.14
442937,0.11
442947,0.23
442949,0.11
442954,0.21
442972,0.11
443012,0.04
443018,0.22
443029,0.02
443031,0.07
443033,0.07
443035,0.08
443039,0.04
443040,0.12
443051,0.16
443062,0.05
443069,0.11
443080,0.12
443081,0.1
443090,0.13
443092,0.02
443106,0.05
443119,0.14
443134,0.08
443161,0.02
443170,0.09
443177,0.12
443189,0.04
443193,0.02
443199,0.09
443212,0.24
443226,0.2
443230,0.12
443239,0.18
443241,0.13
443244,0.04
443249,0.11
443253,0.04
443262,0.04
443264,0.2
443266,0.07
443274,0.09
443283,0.07
443295,0.04
443304,0.11
443313,0.03
443317,0.02
443324,0.05
443339,0.04
443344,0.25
443345,0.04
443352,0.03
443355,0.09
443356,0.2
443360,0.12
443364,0.26
443368,0.08
443375,0.18
443380,0.11
443391,0.19
443392,0.03
443397,0.02
443403,0.08
443406,0.25
443420,0.14
443431,0.05
443441,0.04
443456,0.2
443457,0.13
443459,0.06
443460,0.08
443471,0.05
443474,0.03
443486,0.12
443487,0.02
443490,0.06
443492,0.21
443495,0.06
443505,0.02
443512,0.04
443555,0.06
443576,0.06
443582,0.01
443583,0.06
443585,0.09
443588,0.02
443592,0.09
443596,0.05
443597,0.07
443606,0.03
443607,0.03
443608,0.11
443611,0.11
443612,0.1
443618,0.26
443623,0.05
443632,0.08
443633,0.18
443634,0.05
443637,0.03
443638,0.17
443669,0.06
443672,0.05
443685,0.02
443686,0.07
443694,0.07
443695,0.19
443697,0.24
443700,0.07
443734,0.19
443738,0.03
443742,0.04
443759,0.07
443760,0.12
443770,0.04
443776,0.04
443788,0.04
443791,0.08
443792,0.04
443803,0.12
443808,0.12
443832,0.11
443842,0.07
443847,0.0
443853,0.07
443854,0.26
443868,0.02
443873,0.08
443879,0.04
443883,0.08
443891,0.09
443908,0.05
443910,0.23
443918,0.05
443927,0.04
443935,0.1
443965,0.32
443974,0.04
443984,0.0
443986,0.15
443991,0.02
443996,0.04
444008,0.06
444014,0.07
444015,0.06
444016,0.04
444018,0.07
444053,0.15
444058,0.1
444065,0.08
444069,0.05
444082,0.1
444087,0.01
444089,0.08
444093,0.08
444104,0.03
444113,0.01
444118,0.14
444122,0.03
444123,0.12
444128,0.1
444136,0.04
444152,0.12
444155,0.13
444182,0.03
444183,0.04
444185,0.04
444213,0.12
444229,0.12
444231,0.08
444234,0.03
444240,0.08
444249,0.11
444265,0.17
444268,0.06
444271,0.04
444278,0.01
444279,0.07
444283,0.22
444285,0.01
444291,0.16
444297,0.03
444313,0.09
444318,0.07
444322,0.1
444333,0.12
444334,0.07
444359,0.16
444367,0.04
444369,0.16
444370,0.12
444376,0.08
444384,0.06
444387,0.18
444406,0.04
444409,0.15
444412,0.04
444418,0.27
444420,0.18
444424,0.0
444429,0.02
444432,0.03
444434,0.09
444440,0.04
444444,0.1
444450,0.04
444456,0.07
444457,0.07
444461,0.25
444504,0.1
444515,0.04
444516,0.05
444517,0.1
444519,0.14
444540,0.01
444573,0.05
444581,0.03
444582,0.04
444602,0.21
444605,0.04
444611,0.1
444614,0.05
444622,0.08
444624,0.19
444625,0.13
444639,0.04
444658,0.09
444673,0.12
444696,0.02
444719,0.02
444729,0.23
444737,0.07
444743,0.12
444758,0.05
444764,0.05
444780,0.01
444789,0.19
444795,0.15
444811,0.05
444814,0.02
444825,0.03
444831,0.04
444832,0.05
444835,0.12
444840,0.06
444841,0.05
444842,0.14
444846,0.03
444849,0.11
444867,0.06
444876,0.1
444893,0.09
444896,0.16
444897,0.05
444907,0.05
444908,0.05
444932,0.08
444933,0.04
444936,0.12
444941,0.19
444942,0.07
444950,0.06
444956,0.05
444965,0.11
444966,0.1
444970,0.01
444971,0.14
444978,0.01
444982,0.1
444984,0.01
444986,0.04
445001,0.04
445016,0.06
445027,0.14
445029,0.09
445032,0.09
445037,0.09
445043,0.1
445044,0.17
445047,0.1
445052,0.07
445073,0.11
445075,0.04
445076,0.1
445092,0.11
445095,0.08
445106,0.03
445110,0.07
445123,0.06
445124,0.02
445141,0.07
445151,0.13
445160,0.09
445161,0.05
445164,0.16
445165,0.1
445169,0.02
445175,0.22
445178,0.08
445182,0.03
445183,0.01
445192,0.03
445193,0.16
445200,0.01
445202,0.04
445203,0.05
445207,0.08
445245,0.08
445256,0.04
445282,0.11
445294,0.15
445300,0.22
445316,0.1
445331,0.06
445332,0.02
445343,0.09
445345,0.09
445346,0.06
445354,0.16
445355,0.17
445356,0.1
445366,0.24
445369,0.13
445390,0.04
445392,0.11
445398,0.06
445401,0.05
445417,0.03
445427,0.05
445465,0.1
445469,0.07
445472,0.02
445475,0.05
445483,0.07
445484,0.06
445493,0.15
445496,0.08
445504,0.05
445505,0.1
445507,0.02
445531,0.27
445536,0.07
445544,0.06
445559,0.03
445580,0.07
445589,0.08
445591,0.04
445595,0.1
445601,0.05
445612,0.11
445639,0.11
445656,0.16
445666,0.05
445682,0.3
445686,0.07
445700,0.14
445713,0.04
445716,0.06
445725,0.05
445728,0.05
445731,0.02
445742,0.09
445743,0.32
445755,0.09
445766,0.09
445781,0.24
445798,0.05
445799,0.07
445801,0.2
445810,0.09
445813,0.07
445822,0.05
445824,0.09
445826,0.04
445828,0.06
445829,0.09
445838,0.08
445840,0.03
445845,0.05
445847,0.03
445849,0.03
445852,0.08
445853,0.1
445856,0.13
445863,0.06
445864,0.1
445871,0.1
445907,0.15
445908,0.01
445917,0.1
445919,0.11
445925,0.07
445930,0.06
445938,0.14
445943,0.07
445946,0.04
445948,0.14
445970,0.04
445972,0.06
445974,0.35
445976,0.04
445979,0.07
445993,0.04
446001,0.08
446004,0.04
446025,0.04
446026,0.15
446046,0.06
446048,0.09
446055,0.09
446064,0.18
446068,0.09
446078,0.02
446094,0.11
446096,0.2
446120,0.1
446131,0.1
446139,0.13
446157,0.07
446179,0.08
446180,0.1
446186,0.13
446189,0.32
446200,0.12
446208,0.23
446210,0.06
446214,0.03
446226,0.12
446229,0.01
446237,0.08
446247,0.05
446256,0.03
446273,0.1
446286,0.07
446296,0.02
446302,0.05
446310,0.07
446315,0.07
446319,0.17
446320,0.06
446322,0.03
446356,0.1
446374,0.07
446375,0.07
446406,0.09
446407,0.01
446426,0.07
446428,0.1
446431,0.1
446433,0.0
446437,0.23
446441,0.12
446452,0.08
446464,0.15
446466,0.16
446468,0.13
446469,0.14
446472,0.29
446476,0.11
446478,0.03
446485,0.06
446499,0.04
446503,0.1
446504,0.03
446509,0.08
446512,0.21
446525,0.09
446534,0.04
446535,0.11
446543,0.21
446546,0.02
446550,0.2
446555,0.14
446560,0.11
446564,0.08
446572,0.02
446593,0.18
446616,0.13
446617,0.03
446625,0.05
446626,0.17
446631,0.15
446643,0.09
446647,0.06
446652,0.05
446655,0.17
446657,0.14
446663,0.07
446665,0.23
446676,0.05
446684,0.12
446694,0.03
446699,0.01
446702,0.08
446713,0.16
446720,0.18
446724,0.17
446728,0.19
446730,0.08
446738,0.01
446742,0.1
446743,0.01
446744,0.11
446750,0.06
446759,0.07
446760,0.13
446772,0.02
446786,0.04
446799,0.03
446800,0.2
446803,0.15
446812,0.1
446813,0.15
446815,0.08
446816,0.08
446832,0.09
446845,0.1
446846,0.01
446847,0.06
446850,0.03
446851,0.22
446855,0.03
446856,0.05
446867,0.09
446877,0.19
446880,0.07
446885,0.0
446892,0.06
446905,0.09
446909,0.23
446924,0.08
446935,0.01
446944,0.05
446945,0.02
446949,0.03
446952,0.04
446957,0.1
446961,0.1
446979,0.04
446980,0.15
446987,0.09
446991,0.0
447001,0.06
447013,0.11
447014,0.06
447023,0.08
447062,0.07
447072,0.07
447082,0.09
447084,0.01
447087,0.06
447092,0.08
447106,0.07
447107,0.03
447112,0.05
447147,0.04
447160,0.16
447176,0.03
447184,0.02
447188,0.01
447190,0.11
447191,0.07
447198,0.14
447199,0.04
447200,0.16
447202,0.05
447209,0.16
447210,0.06
447228,0.16
447230,0.04
447235,0.08
447246,0.1
447248,0.15
447263,0.11
447265,0.01
447272,0.04
447285,0.06
447293,0.22
447305,0.05
447312,0.09
447326,0.01
447327,0.1
447361,0.06
447367,0.29
447381,0.09
447387,0.14
447390,0.23
447391,0.2
447416,0.11
447419,0.08
447420,0.04
447422,0.08
447425,0.09
447444,0.1
447458,0.05
447460,0.04
447467,0.07
447479,0.11
447482,0.09
447496,0.05
447504,0.01
447507,0.05
447519,0.05
447522,0.02
447528,0.07
447529,0.12
447532,0.07
447540,0.11
447543,0.16
447546,0.03
447554,0.09
447571,0.07
447575,0.02
447591,0.06
447599,0.16
447600,0.01
447601,0.05
447606,0.15
447607,0.1
447618,0.1
447621,0.03
447633,0.07
447638,0.05
447642,0.04
447644,0.07
447654,0.21
447670,0.11
447671,0.03
447672,0.12
447674,0.11
447676,0.1
447692,0.35
447696,0.05
447698,0.03
447704,0.05
447705,0.07
447708,0.05
447709,0.19
447715,0.14
447727,0.03
447736,0.07
447742,0.06
447743,0.05
447745,0.11
447748,0.27
447751,0.18
447752,0.04
447796,0.07
447810,0.03
447812,0.13
447814,0.36
447815,0.08
447816,0.14
447817,0.23
447835,0.06
447842,0.13
447844,0.05
447862,0.25
447865,0.08
447868,0.1
447873,0.05
447876,0.01
447881,0.12
447882,0.21
447883,0.11
447904,0.04
447907,0.12
447915,0.18
447931,0.06
447945,0.06
447947,0.09
447958,0.05
447967,0.04
447968,0.14
447972,0.16
447975,0.04
447976,0.05
447978,0.02
447983,0.08
447993,0.1
447998,0.08
448001,0.09
448005,0.18
448007,0.06
448011,0.12
448012,0.03
448016,0.06
448030,0.02
448039,0.19
448040,0.05
448045,0.08
448046,0.18
448051,0.06
448084,0.14
448091,0.12
448100,0.12
448125,0.11
448143,0.06
448146,0.03
448150,0.13
448160,0.15
448163,0.02
448165,0.18
448182,0.06
448185,0.07
448188,0.03
448189,0.1
448209,0.21
448210,0.05
448218,0.04
448224,0.21
448241,0.03
448243,0.1
448244,0.03
448245,0.17
448254,0.13
448278,0.13
448279,0.06
448282,0.05
448284,0.03
448285,0.35
448301,0.11
448302,0.28
448305,0.05
448317,0.08
448330,0.19
448335,0.03
448338,0.08
448340,0.04
448341,0.03
448347,0.23
448350,0.11
448353,0.03
448361,0.13
448370,0.14
448380,0.22
448400,0.11
448411,0.12
448412,0.15
448417,0.12
448420,0.08
448422,0.03
448424,0.03
448447,0.14
448459,0.05
448464,0.07
448470,0.06
448490,0.05
448494,0.13
448500,0.31
448515,0.04
448522,0.14
448526,0.04
448536,0.29
448548,0.02
448566,0.08
448573,0.02
448584,0.07
448585,0.02
448597,0.03
448599,0.13
448601,0.03
448604,0.07
448606,0.08
448610,0.06
448642,0.12
448660,0.03
448669,0.05
448674,0.07
448675,0.12
448678,0.13
448690,0.04
448693,0.03
448695,0.09
448700,0.05
448703,0.03
448704,0.13
448707,0.05
448720,0.25
448727,0.15
448728,0.12
448734,0.19
448746,0.01
448755,0.02
448760,0.14
448770,0.12
448778,0.16
448788,0.11
448790,0.08
448801,0.08
448805,0.12
448806,0.05
448812,0.05
448817,0.18
448834,0.04
448837,0.27
448838,0.06
448853,0.22
448856,0.08
448868,0.09
448876,0.01
448909,0.29
448917,0.06
448919,0.15
448922,0.17
448931,0.01
448935,0.04
448937,0.11
448940,0.05
448948,0.13
448958,0.09
448967,0.08
448968,0.08
448973,0.21
448993,0.02
449000,0.23
449011,0.24
449015,0.11
449030,0.1
449035,0.0
449040,0.03
449045,0.01
449060,0.04
449081,0.07
449082,0.05
449087,0.22
449095,0.04
449105,0.08
449110,0.13
449117,0.11
449126,0.05
449134,0.03
449141,0.1
449148,0.11
449155,0.05
449158,0.29
449160,0.04
449178,0.13
449180,0.08
449183,0.05
449186,0.06
449193,0.03
449196,0.04
449203,0.04
449213,0.14
449214,0.03
449215,0.03
449216,0.18
449224,0.05
449227,0.1
449230,0.01
449233,0.15
449253,0.06
449254,0.13
449264,0.34
449289,0.16
449302,0.06
449308,0.15
449314,0.08
449322,0.04
449323,0.1
449364,0.09
449368,0.05
449391,0.03
449403,0.1
449408,0.09
449409,0.05
449412,0.02
449424,0.13
449427,0.03
449462,0.08
449465,0.08
449469,0.03
449475,0.06
449476,0.22
449483,0.08
449484,0.09
449487,0.08
449492,0.08
449499,0.17
449502,0.03
449506,0.03
449508,0.06
449514,0.01
449517,0.14
449534,0.11
449540,0.05
449543,0.06
449545,0.08
449548,0.09
449555,0.07
449556,0.13
449558,0.06
449566,0.05
449574,0.15
449576,0.07
449578,0.02
449581,0.02
449586,0.06
449591,0.1
449594,0.19
449599,0.08
449606,0.09
449615,0.06
449616,0.06
449625,0.05
449633,0.06
449636,0.12
449637,0.21
449642,0.08
449683,0.1
449684,0.0
449711,0.01
449713,0.03
449716,0.14
449741,0.09
449745,0.1
449747,0.09
449756,0.03
449759,0.03
449760,0.11
449768,0.03
449773,0.13
449775,0.02
449780,0.03
449788,0.02
449792,0.03
449802,0.1
449812,0.16
449815,0.08
449818,0.14
449820,0.1
449821,0.06
449822,0.15
449831,0.06
449837,0.07
449855,0.25
449857,0.08
449865,0.07
449866,0.09
449871,0.07
449873,0.09
449874,0.06
449877,0.01
449881,0.06
449889,0.01
449893,0.02
449894,0.12
449897,0.09
449900,0.02
449910,0.02
449924,0.13
449928,0.17
449932,0.43
449942,0.04
449947,0.21
449955,0.1
449972,0.08
449984,0.25
450004,0.03
450027,0.14
450029,0.02
450035,0.12
450038,0.05
450042,0.28
450044,0.09
450060,0.02
450065,0.11
450076,0.07
450081,0.19
450083,0.11
450096,0.15
450102,0.02
450107,0.22
450109,0.13
450110,0.06
450111,0.08
450114,0.11
450117,0.1
450118,0.07
450124,0.15
450141,0.16
450145,0.04
450148,0.1
450169,0.02
450172,0.14
450173,0.02
450180,0.13
450182,0.02
450190,0.05
450200,0.13
450216,0.07
450221,0.03
450227,0.3
450229,0.08
450233,0.07
450244,0.1
450251,0.31
450260,0.06
450266,0.21
450267,0.09
450272,0.09
450280,0.09
450287,0.0
450290,0.06
450291,0.28
450303,0.02
450310,0.07
450311,0.13
450358,0.03
450373,0.09
450376,0.1
450383,0.04
450395,0.08
450398,0.27
450412,0.2
450415,0.08
450420,0.07
450421,0.17
450427,0.05
450428,0.13
450429,0.06
450433,0.08
450443,0.07
450453,0.09
450454,0.07
450458,0.1
450464,0.12
450469,0.21
450475,0.1
450478,0.27
450498,0.08
450501,0.24
450503,0.11
450513,0.2
450523,0.08
450530,0.25
450537,0.13
450543,0.04
450554,0.08
450555,0.05
450558,0.07
450568,0.04
450569,0.07
450580,0.07
450581,0.05
450588,0.04
450589,0.05
450602,0.07
450603,0.0
450621,0.1
450626,0.4
450640,0.04
450641,0.15
450644,0.12
450658,0.22
450672,0.2
450685,0.06
450687,0.21
450689,0.18
450690,0.06
450693,0.07
450699,0.06
450706,0.09
450708,0.16
450710,0.06
450716,0.06
450722,0.06
450752,0.13
450759,0.09
450763,0.17
450767,0.08
450768,0.12
450772,0.06
450778,0.13
450781,0.08
450788,0.03
450792,0.13
450817,0.04
450820,0.04
450835,0.15
450848,0.2
450853,0.26
450865,0.06
450878,0.06
450883,0.04
450885,0.1
450896,0.05
450897,0.06
450898,0.15
450904,0.09
450908,0.07
450917,0.03
450921,0.05
450923,0.14
450926,0.25
450929,0.06
450937,0.09
450963,0.14
450971,0.18
450973,0.14
450978,0.19
450982,0.09
450995,0.09
450997,0.04
451033,0.04
451035,0.01
451037,0.11
451039,0.03
451063,0.04
451079,0.06
451081,0.04
451083,0.09
451100,0.09
451101,0.02
451104,0.03
451109,0.05
451119,0.05
451124,0.07
451126,0.09
451146,0.1
451155,0.03
451156,0.08
451160,0.12
451163,0.12
451168,0.04
451175,0.04
451184,0.04
451189,0.1
451206,0.05
451208,0.05
451225,0.06
451226,0.06
451228,0.22
451230,0.17
451235,0.05
451239,0.06
451242,0.04
451247,0.11
451248,0.01
451255,0.04
451261,0.02
451270,0.18
451277,0.08
451278,0.24
451282,0.17
451283,0.07
451302,0.12
451310,0.08
451315,0.11
451328,0.03
451330,0.05
451331,0.3
451338,0.09
451342,0.13
451347,0.03
451350,0.17
451351,0.02
451354,0.03
451358,0.04
451370,0.01
451379,0.22
451383,0.09
451390,0.2
451391,0.06
451392,0.21
451412,0.15
451422,0.05
451429,0.01
451432,0.08
451437,0.11
451442,0.1
451455,0.12
451457,0.07
451464,0.01
451472,0.1
451474,0.13
451488,0.15
451512,0.02
451516,0.12
451519,0.31
451528,0.09
451531,0.13
451551,0.12
451564,0.05
451570,0.09
451571,0.1
451575,0.15
451576,0.11
451582,0.19
451586,0.05
451587,0.15
451594,0.12
451596,0.16
451600,0.06
451615,0.02
451616,0.08
451646,0.19
451648,0.14
451650,0.06
451651,0.13
451662,0.1
451675,0.02
451680,0.03
451682,0.05
451688,0.06
451691,0.07
451698,0.11
451703,0.05
451709,0.06
451714,0.16
451716,0.12
451719,0.17
451724,0.2
451726,0.07
451733,0.06
451743,0.13
451747,0.05
451756,0.04
451761,0.13
451762,0.19
451768,0.03
451785,0.03
451805,0.02
451811,0.25
451817,0.09
451823,0.12
451831,0.05
451840,0.13
451845,0.04
451852,0.17
451855,0.09
451856,0.06
451871,0.07
451873,0.1
451897,0.2
451907,0.09
451908,0.18
451919,0.07
451932,0.09
451934,0.04
451935,0.06
451936,0.17
451938,0.07
451954,0.05
451958,0.15
451976,0.15
451977,0.03
451983,0.17
452000,0.05
452023,0.08
452024,0.04
452028,0.07
452039,0.04
452043,0.02
452047,0.03
452067,0.16
452069,0.06
452071,0.03
452096,0.15
452101,0.16
452107,0.13
452108,0.03
452109,0.13
452123,0.03
452127,0.08
452131,0.13
452133,0.03
452136,0.19
452137,0.14
452142,0.12
452147,0.14
452158,0.04
452172,0.1
452190,0.09
452191,0.08
452192,0.04
452195,0.15
452209,0.14
452237,0.09
452239,0.03
452242,0.1
452246,0.06
452249,0.15
452263,0.13
452267,0.06
452273,0.1
452274,0.12
452291,0.13
452310,0.14
452319,0.12
452325,0.09
452328,0.09
452330,0.19
452332,0.09
452337,0.06
452353,0.15
452356,0.18
452368,0.03
452379,0.21
452380,0.34
452396,0.1
452398,0.15
452401,0.05
452408,0.05
452409,0.18
452414,0.09
452418,0.15
452422,0.16
452430,0.12
452432,0.05
452451,0.13
452455,0.13
452495,0.08
452497,0.14
452511,0.11
452514,0.02
452522,0.2
452529,0.04
452530,0.2
452542,0.06
452545,0.09
452558,0.06
452592,0.11
452604,0.03
452616,0.05
452619,0.03
452620,0.09
452630,0.13
452644,0.12
452658,0.05
452663,0.06
452668,0.07
452672,0.14
452679,0.03
452685,0.06
452690,0.19
452701,0.11
452702,0.16
452708,0.2
452714,0.08
452718,0.08
452731,0.04
452733,0.24
452741,0.14
452748,0.12
452750,0.05
452753,0.07
452759,0.06
452767,0.13
452768,0.35
452788,0.03
452802,0.02
452807,0.1
452819,0.08
452820,0.06
452821,0.11
452840,0.16
452851,0.07
452861,0.06
452865,0.05
452871,0.11
452882,0.15
452903,0.1
452906,0.27
452907,0.16
452914,0.06
452929,0.09
452931,0.24
452932,0.09
452948,0.09
452950,0.05
452963,0.11
452974,0.06
452982,0.26
452984,0.2
452994,0.03
452995,0.08
452998,0.09
453003,0.13
453021,0.06
453040,0.14
453042,0.13
453052,0.08
453056,0.04
453066,0.06
453067,0.02
453072,0.04
453085,0.1
453093,0.05
453094,0.05
453100,0.04
453101,0.05
453107,0.07
453110,0.1
453111,0.25
453113,0.05
453114,0.03
453124,0.07
453129,0.07
453142,0.16
453145,0.09
453152,0.06
453159,0.14
453168,0.03
453196,0.03
453212,0.04
453214,0.14
453215,0.04
453220,0.03
453230,0.19
453233,0.14
453235,0.08
453244,0.1
453248,0.2
453262,0.03
453268,0.13
453283,0.07
453284,0.04
453287,0.1
453299,0.09
453314,0.07
453322,0.04
453349,0.33
453354,0.1
453356,0.14
453359,0.06
453366,0.07
453367,0.19
453372,0.03
453378,0.26
453390,0.09
453397,0.2
453403,0.08
453406,0.23
453412,0.08
453415,0.27
453428,0.22
453431,0.07
453442,0.09
453449,0.14
453465,0.07
453473,0.27
453476,0.02
453479,0.09
453480,0.02
453481,0.03
453493,0.05
453494,0.09
453507,0.15
453509,0.09
453514,0.11
453524,0.09
453534,0.05
453538,0.09
453544,0.16
453549,0.07
453550,0.2
453551,0.03
453556,0.04
453560,0.27
453566,0.14
453569,0.17
453579,0.05
453582,0.0
453586,0.15
453618,0.06
453620,0.1
453655,0.14
453659,0.04
453668,0.07
453681,0.02
453686,0.09
453687,0.1
453704,0.02
453707,0.07
453708,0.02
453709,0.14
453715,0.04
453721,0.07
453725,0.08
453727,0.03
453747,0.19
453753,0.12
453755,0.04
453761,0.1
453763,0.05
453766,0.04
453774,0.01
453781,0.21
453790,0.06
453797,0.31
453808,0.19
453814,0.2
453836,0.08
453837,0.03
453843,0.05
453844,0.04
453871,0.02
453881,0.08
453892,0.25
453893,0.09
453894,0.09
453895,0.07
453903,0.14
453906,0.15
453918,0.08
453924,0.14
453930,0.11
453940,0.13
453944,0.13
453947,0.17
453949,0.13
453952,0.1
453959,0.04
453971,0.12
453986,0.19
453988,0.05
453989,0.17
453999,0.15
454007,0.2
454021,0.07
454023,0.18
454036,0.05
454046,0.06
454052,0.08
454066,0.11
454070,0.19
454071,0.08
454075,0.16
454080,0.04
454085,0.1
454097,0.1
454103,0.11
454105,0.06
454108,0.08
454109,0.11
454137,0.19
454150,0.02
454155,0.02
454164,0.07
454165,0.06
454170,0.2
454173,0.04
454181,0.07
454183,0.13
454188,0.21
454192,0.02
454198,0.2
454200,0.08
454209,0.09
454211,0.27
454212,0.04
454218,0.27
454220,0.03
454231,0.04
454242,0.04
454245,0.03
454261,0.09
454269,0.05
454271,0.06
454287,0.13
454293,0.17
454296,0.12
454304,0.17
454313,0.1
454315,0.11
454321,0.03
454333,0.16
454334,0.07
454345,0.04
454347,0.08
454361,0.07
454380,0.11
454382,0.11
454386,0.11
454390,0.09
454396,0.14
454398,0.38
454403,0.05
454405,0.05
454406,0.09
454412,0.12
454418,0.06
454436,0.16
454443,0.11
454449,0.16
454457,0.15
454466,0.03
454471,0.23
454476,0.28
454489,0.25
454493,0.15
454495,0.03
454497,0.04
454522,0.05
454554,0.11
454557,0.04
454560,0.03
454561,0.06
454563,0.06
454565,0.01
454566,0.1
454578,0.11
454605,0.1
454608,0.08
454612,0.03
454618,0.13
454622,0.07
454631,0.16
454638,0.07
454639,0.21
454640,0.22
454653,0.16
454663,0.09
454664,0.16
454674,0.22
454678,0.24
454680,0.05
454687,0.1
454690,0.07
454698,0.19
454700,0.07
454707,0.01
454714,0.04
454722,0.15
454723,0.07
454739,0.12
454745,0.05
454763,0.08
454765,0.05
454774,0.04
454778,0.07
454780,0.14
454781,0.21
454789,0.04
454801,0.07
454802,0.15
454835,0.12
454837,0.13
454841,0.04
454872,0.16
454878,0.1
454884,0.07
454891,0.23
454897,0.04
454908,0.14
454912,0.12
454922,0.02
454929,0.02
454935,0.07
454946,0.17
454959,0.1
454970,0.06
454991,0.07
455002,0.27
455005,0.19
455016,0.34
455021,0.09
455022,0.09
455024,0.11
455044,0.25
455050,0.06
455055,0.17
455056,0.2
455067,0.03
455069,0.06
455082,0.09
455087,0.04
455088,0.14
455112,0.04
455126,0.06
455132,0.1
455135,0.16
455148,0.03
455156,0.09
455161,0.14
455162,0.12
455164,0.21
455171,0.08
455174,0.04
455175,0.1
455184,0.18
455188,0.09
455200,0.21
455209,0.08
455212,0.19
455217,0.14
455222,0.09
455223,0.12
455228,0.05
455243,0.17
455246,0.03
455255,0.15
455262,0.09
455268,0.09
455277,0.23
455281,0.22
455296,0.11
455297,0.01
455322,0.04
455326,0.31
455327,0.26
455328,0.06
455368,0.05
455374,0.1
455377,0.03
455378,0.06
455379,0.14
455395,0.08
455424,0.21
455425,0.06
455429,0.02
455434,0.14
455436,0.12
455438,0.08
455439,0.17
455440,0.03
455441,0.12
455481,0.03
455482,0.07
455483,0.12
455484,0.23
455489,0.07
455490,0.03
455513,0.24
455515,0.11
455536,0.09
455537,0.17
455538,0.13
455539,0.12
455567,0.23
455583,0.11
455607,0.05
455636,0.15
455638,0.07
455640,0.28
455644,0.08
455645,0.01
455648,0.05
455650,0.18
455658,0.09
455694,0.11
455695,0.07
455696,0.05
455703,0.14
455742,0.06
455748,0.17
455749,0.09
455750,0.22
455751,0.07
455752,0.08
455787,0.13
455798,0.15
455802,0.17
455803,0.15
455804,0.1
455805,0.09
455829,0.02
455840,0.06
455849,0.04
455850,0.11
455852,0.17
455854,0.22
455863,0.08
455897,0.13
455902,0.03
455907,0.03
455908,0.05
455909,0.11
455940,0.11
455955,0.12
455958,0.12
455959,0.18
455960,0.11
455961,0.17
455962,0.17
455963,0.07
455965,0.1
456007,0.21
456008,0.09
456009,0.05
456010,0.12
456011,0.07
456013,0.24
456028,0.22
456058,0.12
456111,0.18
456114,0.17
456115,0.15
456116,0.04
456119,0.03
456120,0.06
456122,0.13
456123,0.06
456166,0.15
456167,0.1
456168,0.16
456169,0.05
456170,0.04
456189,0.09
456202,0.3
456221,0.09
456222,0.09
456223,0.07
456224,0.06
456250,0.3
